Episode,Desafios_sin_equipo,Estudiantes_fuera_preferencias,Estudiantes_primera_prioridad,Promedio_carreras_por_equipo,Satisfaccion_promedio,STD_tamano_equipos,Tamano_promedio_equipo
2,19,58,4,1.7894736842105263,0.078125,0.4823763889427201,3.3684210526315788
3,18,57,1,1.75,0.052083333333333336,0.39999999999999997,3.2
4,18,58,1,1.75,0.05208333333333333,0.39999999999999997,3.2
5,18,57,1,1.75,0.057291666666666664,0.39999999999999997,3.2
6,18,59,2,1.75,0.05208333333333333,0.39999999999999997,3.2
7,18,62,0,1.75,0.013020833333333332,0.39999999999999997,3.2
8,17,57,1,1.7142857142857142,0.057291666666666664,0.21295885499997994,3.0476190476190474
9,18,63,1,1.75,0.015625,0.39999999999999997,3.2
10,19,61,2,1.7894736842105263,0.036458333333333336,0.48237638894272,3.3684210526315788
11,18,60,1,1.75,0.033854166666666664,0.39999999999999997,3.2
12,18,60,3,1.75,0.05208333333333333,0.39999999999999997,3.2
13,18,60,2,1.75,0.04427083333333333,0.39999999999999997,3.2
14,19,60,1,1.7894736842105263,0.033854166666666664,0.4823763889427201,3.3684210526315788
15,18,63,1,1.75,0.015625,0.39999999999999997,3.2
16,18,59,1,1.75,0.0390625,0.39999999999999997,3.2
17,17,61,2,1.7142857142857142,0.0390625,0.21295885499997994,3.0476190476190474
18,19,59,2,1.7894736842105263,0.052083333333333336,0.4823763889427201,3.3684210526315788
19,18,57,2,1.75,0.0703125,0.39999999999999997,3.2
20,17,58,4,1.7142857142857142,0.078125,0.21295885499997996,3.0476190476190474
21,18,57,4,1.75,0.078125,0.39999999999999997,3.2
22,17,60,0,1.6666666666666667,0.026041666666666664,0.21295885499997994,3.0476190476190474
23,18,58,2,1.75,0.05729166666666666,0.39999999999999997,3.2
24,18,56,4,1.75,0.08854166666666666,0.39999999999999997,3.2
25,17,60,4,1.6666666666666667,0.0625,0.21295885499997994,3.0476190476190474
26,17,59,3,1.7142857142857142,0.057291666666666664,0.21295885499997994,3.0476190476190474
27,19,61,2,1.7894736842105263,0.0390625,0.48237638894272,3.3684210526315788
28,17,58,3,1.7142857142857142,0.06510416666666667,0.21295885499997994,3.0476190476190474
29,18,60,0,1.75,0.026041666666666664,0.39999999999999997,3.2
30,18,57,3,1.75,0.0703125,0.39999999999999997,3.2
31,18,60,2,1.75,0.041666666666666664,0.39999999999999997,3.2
32,17,59,3,1.7142857142857142,0.057291666666666664,0.21295885499997994,3.0476190476190474
33,18,59,0,1.75,0.03645833333333333,0.39999999999999997,3.2
34,18,63,1,1.75,0.015625,0.39999999999999997,3.2
35,18,59,2,1.75,0.0546875,0.39999999999999997,3.2
36,17,62,0,1.7142857142857142,0.015625,0.21295885499997994,3.0476190476190474
37,19,57,0,1.7894736842105263,0.046875,0.48237638894272,3.3684210526315788
38,17,58,2,1.7142857142857142,0.05989583333333333,0.21295885499997994,3.0476190476190474
39,17,58,4,1.7142857142857142,0.07552083333333333,0.21295885499997994,3.0476190476190474
40,18,60,1,1.75,0.033854166666666664,0.39999999999999997,3.2
41,18,60,0,1.75,0.026041666666666664,0.39999999999999997,3.2
42,19,60,1,1.7894736842105263,0.03645833333333333,0.48237638894272,3.3684210526315788
43,17,59,2,1.7142857142857142,0.049479166666666664,0.21295885499997994,3.0476190476190474
44,18,54,2,1.7,0.07671957671957672,0.47696960070847283,3.15
45,17,57,1,1.6666666666666667,0.05989583333333333,0.21295885499997994,3.0476190476190474
46,18,59,2,1.75,0.049479166666666664,0.39999999999999997,3.2
47,18,59,2,1.75,0.049479166666666664,0.39999999999999997,3.2
48,17,56,2,1.7142857142857142,0.06770833333333333,0.21295885499997994,3.0476190476190474
49,17,57,2,1.7142857142857142,0.06510416666666667,0.21295885499997994,3.0476190476190474
50,17,58,2,1.7142857142857142,0.05468749999999999,0.21295885499997994,3.0476190476190474
51,18,56,2,1.75,0.06770833333333333,0.39999999999999997,3.2
52,18,61,1,1.75,0.028645833333333332,0.39999999999999997,3.2
53,18,59,2,1.75,0.0546875,0.39999999999999997,3.2
54,17,60,2,1.7142857142857142,0.041666666666666664,0.21295885499997994,3.0476190476190474
55,17,60,2,1.7142857142857142,0.04427083333333333,0.21295885499997994,3.0476190476190474
56,18,61,1,1.7,0.028645833333333332,0.39999999999999997,3.2
57,18,61,1,1.75,0.03125,0.39999999999999997,3.2
58,18,56,3,1.75,0.08072916666666666,0.39999999999999997,3.2
59,18,58,2,1.75,0.05989583333333333,0.39999999999999997,3.2
60,19,54,3,1.7894736842105263,0.08854166666666666,0.4823763889427201,3.3684210526315788
61,20,59,4,1.8333333333333333,0.0703125,0.49690399499995325,3.5555555555555554
62,18,59,3,1.75,0.05989583333333333,0.39999999999999997,3.2
63,19,54,6,1.7894736842105263,0.11718749999999999,0.4823763889427201,3.3684210526315788
64,17,58,5,1.7142857142857142,0.08333333333333333,0.21295885499997994,3.0476190476190474
65,18,57,3,1.75,0.07291666666666667,0.39999999999999997,3.2
66,17,57,6,1.7142857142857142,0.09895833333333333,0.21295885499997994,3.0476190476190474
67,17,56,3,1.7142857142857142,0.07291666666666666,0.21295885499997994,3.0476190476190474
68,19,60,1,1.7894736842105263,0.03645833333333333,0.4823763889427201,3.3684210526315788
69,18,60,3,1.75,0.052083333333333336,0.39999999999999997,3.2
70,17,58,1,1.7142857142857142,0.049479166666666664,0.21295885499997994,3.0476190476190474
71,18,59,4,1.75,0.0703125,0.39999999999999997,3.2
72,18,55,5,1.75,0.10416666666666666,0.39999999999999997,3.2
73,19,55,4,1.7894736842105263,0.09895833333333333,0.4823763889427201,3.3684210526315788
74,18,55,3,1.75,0.09375,0.39999999999999997,3.2
75,18,59,3,1.75,0.057291666666666664,0.39999999999999997,3.2
76,18,60,2,1.75,0.044270833333333336,0.39999999999999997,3.2
77,18,60,2,1.75,0.046875,0.39999999999999997,3.2
78,18,62,1,1.75,0.0234375,0.39999999999999997,3.2
79,17,58,1,1.7142857142857142,0.0546875,0.21295885499997994,3.0476190476190474
80,17,59,2,1.7142857142857142,0.0546875,0.21295885499997994,3.0476190476190474
81,18,56,5,1.75,0.09895833333333333,0.39999999999999997,3.2
82,18,58,2,1.75,0.05989583333333333,0.39999999999999997,3.2
83,19,61,1,1.7894736842105263,0.026041666666666664,0.4823763889427201,3.3684210526315788
84,17,57,2,1.7142857142857142,0.05989583333333333,0.21295885499997994,3.0476190476190474
85,18,59,1,1.75,0.03645833333333333,0.39999999999999997,3.2
86,17,58,4,1.7142857142857142,0.07552083333333333,0.21295885499997994,3.0476190476190474
87,19,59,1,1.7894736842105263,0.041666666666666664,0.48237638894272,3.3684210526315788
88,17,59,2,1.7142857142857142,0.05208333333333333,0.21295885499997994,3.0476190476190474
89,19,60,3,1.7894736842105263,0.052083333333333336,0.4823763889427201,3.3684210526315788
90,18,55,2,1.75,0.07552083333333333,0.39999999999999997,3.2
91,20,58,2,1.8333333333333333,0.059895833333333336,0.49690399499995325,3.5555555555555554
92,19,56,3,1.7894736842105263,0.078125,0.4823763889427201,3.3684210526315788
93,18,59,2,1.75,0.05208333333333333,0.39999999999999997,3.2
94,18,59,4,1.75,0.06770833333333333,0.39999999999999997,3.2
95,18,58,5,1.75,0.0859375,0.39999999999999997,3.2
96,18,55,3,1.75,0.09114583333333333,0.39999999999999997,3.2
97,17,57,3,1.7142857142857142,0.0703125,0.21295885499997994,3.0476190476190474
98,18,55,4,1.75,0.09635416666666666,0.39999999999999997,3.2
99,18,58,3,1.75,0.0703125,0.39999999999999997,3.2
100,18,56,3,1.75,0.08072916666666666,0.39999999999999997,3.2
101,17,59,0,1.7142857142857142,0.02864583333333333,0.21295885499997994,3.0476190476190474
102,17,55,4,1.7142857142857142,0.09895833333333334,0.21295885499997994,3.0476190476190474
103,18,57,2,1.75,0.06510416666666666,0.39999999999999997,3.2
104,18,58,3,1.7,0.06084656084656084,0.47696960070847283,3.15
105,17,55,4,1.7142857142857142,0.09375,0.21295885499997994,3.0476190476190474
106,19,60,1,1.7894736842105263,0.03645833333333333,0.4823763889427201,3.3684210526315788
107,17,52,4,1.7142857142857142,0.11197916666666666,0.21295885499997994,3.0476190476190474
108,17,59,0,1.7142857142857142,0.033854166666666664,0.21295885499997994,3.0476190476190474
109,17,60,1,1.7142857142857142,0.033854166666666664,0.21295885499997994,3.0476190476190474
110,17,61,1,1.7142857142857142,0.028645833333333332,0.21295885499997994,3.0476190476190474
111,17,57,1,1.7142857142857142,0.057291666666666664,0.21295885499997994,3.0476190476190474
112,18,58,3,1.75,0.06510416666666666,0.39999999999999997,3.2
113,18,55,2,1.75,0.07291666666666666,0.39999999999999997,3.2
114,18,59,0,1.75,0.033854166666666664,0.39999999999999997,3.2
115,18,58,1,1.75,0.04427083333333333,0.39999999999999997,3.2
116,18,55,3,1.75,0.08854166666666666,0.39999999999999997,3.2
117,19,56,4,1.7894736842105263,0.08854166666666667,0.48237638894272,3.3684210526315788
118,17,58,2,1.7142857142857142,0.0546875,0.21295885499997994,3.0476190476190474
119,18,52,4,1.75,0.11718749999999999,0.39999999999999997,3.2
120,19,56,5,1.7894736842105263,0.09375,0.4823763889427201,3.3684210526315788
121,18,55,4,1.75,0.09635416666666666,0.39999999999999997,3.2
122,19,58,2,1.7894736842105263,0.05729166666666666,0.4823763889427201,3.3684210526315788
123,19,57,2,1.7894736842105263,0.06249999999999999,0.4823763889427201,3.3684210526315788
124,17,47,5,1.7142857142857142,0.15364583333333331,0.21295885499997994,3.0476190476190474
125,19,55,4,1.7894736842105263,0.09114583333333333,0.4823763889427201,3.3684210526315788
126,18,60,0,1.75,0.03125,0.39999999999999997,3.2
127,17,56,5,1.7142857142857142,0.09635416666666666,0.21295885499997994,3.0476190476190474
128,18,60,0,1.75,0.026041666666666664,0.39999999999999997,3.2
129,17,52,2,1.7142857142857142,0.09374999999999999,0.21295885499997994,3.0476190476190474
130,18,53,6,1.75,0.125,0.39999999999999997,3.2
131,17,59,3,1.7142857142857142,0.059895833333333336,0.21295885499997994,3.0476190476190474
132,18,54,5,1.75,0.1171875,0.39999999999999997,3.2
133,17,51,4,1.7142857142857142,0.12239583333333333,0.21295885499997994,3.0476190476190474
134,18,59,3,1.75,0.0625,0.39999999999999997,3.2
135,18,59,4,1.75,0.0703125,0.39999999999999997,3.2
136,17,49,6,1.7142857142857142,0.15364583333333331,0.21295885499997994,3.0476190476190474
137,18,53,7,1.75,0.13541666666666669,0.39999999999999997,3.2
138,18,55,6,1.75,0.11458333333333333,0.39999999999999997,3.2
139,17,55,4,1.7142857142857142,0.09895833333333333,0.21295885499997994,3.0476190476190474
140,17,59,1,1.7142857142857142,0.046875,0.21295885499997994,3.0476190476190474
141,17,57,1,1.7142857142857142,0.057291666666666664,0.21295885499997994,3.0476190476190474
142,17,59,1,1.7142857142857142,0.041666666666666664,0.21295885499997996,3.0476190476190474
143,18,53,4,1.75,0.109375,0.39999999999999997,3.2
144,18,53,5,1.75,0.11458333333333331,0.39999999999999997,3.2
145,17,55,2,1.7142857142857142,0.07291666666666666,0.21295885499997994,3.0476190476190474
146,19,51,8,1.7894736842105263,0.15625,0.4823763889427201,3.3684210526315788
147,17,60,2,1.6666666666666667,0.046875,0.21295885499997994,3.0476190476190474
148,18,50,5,1.75,0.1328125,0.39999999999999997,3.2
149,17,51,6,1.7142857142857142,0.140625,0.21295885499997994,3.0476190476190474
150,17,57,4,1.7142857142857142,0.08072916666666666,0.21295885499997994,3.0476190476190474
151,18,52,4,1.75,0.12239583333333333,0.39999999999999997,3.2
152,18,58,4,1.7,0.078125,0.39999999999999997,3.2
153,18,54,3,1.75,0.09374999999999999,0.39999999999999997,3.2
154,19,52,5,1.7894736842105263,0.12760416666666666,0.48237638894272,3.3684210526315788
155,19,57,4,1.7894736842105263,0.078125,0.48237638894272,3.3684210526315788
156,17,55,2,1.6666666666666667,0.07936507936507936,0.3086066999241838,3.0
157,17,50,3,1.7142857142857142,0.1171875,0.21295885499997994,3.0476190476190474
158,18,57,4,1.75,0.08333333333333333,0.39999999999999997,3.2
159,19,59,4,1.7894736842105263,0.0703125,0.4823763889427201,3.3684210526315788
160,18,56,5,1.75,0.1015625,0.39999999999999997,3.2
161,19,61,1,1.7894736842105263,0.026041666666666664,0.4823763889427201,3.3684210526315788
162,19,53,7,1.7894736842105263,0.13802083333333331,0.4823763889427201,3.3684210526315788
163,18,57,2,1.75,0.06249999999999999,0.39999999999999997,3.2
164,17,49,6,1.7142857142857142,0.15364583333333331,0.21295885499997994,3.0476190476190474
165,19,50,5,1.7894736842105263,0.14322916666666666,0.4823763889427201,3.3684210526315788
166,19,57,3,1.7894736842105263,0.07291666666666666,0.4823763889427201,3.3684210526315788
167,17,51,7,1.7142857142857142,0.1484375,0.21295885499997994,3.0476190476190474
168,17,50,4,1.7142857142857142,0.12760416666666666,0.21295885499997994,3.0476190476190474
169,19,53,6,1.7894736842105263,0.12239583333333331,0.4823763889427201,3.3684210526315788
170,17,50,6,1.7142857142857142,0.14322916666666666,0.21295885499997994,3.0476190476190474
171,19,50,6,1.7894736842105263,0.1484375,0.4823763889427201,3.3684210526315788
172,18,54,4,1.75,0.109375,0.39999999999999997,3.2
173,18,56,2,1.75,0.07291666666666666,0.39999999999999997,3.2
174,19,53,4,1.7894736842105263,0.1015625,0.48237638894272,3.3684210526315788
175,17,59,2,1.7142857142857142,0.049479166666666664,0.21295885499997994,3.0476190476190474
176,19,61,3,1.7894736842105263,0.046875,0.4823763889427201,3.3684210526315788
177,18,54,6,1.75,0.11979166666666667,0.39999999999999997,3.2
178,18,54,3,1.75,0.09374999999999999,0.39999999999999997,3.2
179,18,55,5,1.75,0.10416666666666667,0.39999999999999997,3.2
180,17,57,4,1.7142857142857142,0.08333333333333333,0.21295885499997994,3.0476190476190474
181,17,52,4,1.7142857142857142,0.11197916666666666,0.21295885499997994,3.0476190476190474
182,17,57,1,1.7142857142857142,0.05989583333333333,0.21295885499997994,3.0476190476190474
183,17,52,9,1.7142857142857142,0.15625,0.21295885499997994,3.0476190476190474
184,19,53,4,1.7894736842105263,0.109375,0.48237638894272,3.3684210526315788
185,18,52,5,1.75,0.1328125,0.39999999999999997,3.2
186,18,56,6,1.75,0.109375,0.39999999999999997,3.2
187,19,58,3,1.7894736842105263,0.06770833333333333,0.48237638894272,3.3684210526315788
188,17,52,4,1.7142857142857142,0.1171875,0.21295885499997994,3.0476190476190474
189,18,50,9,1.75,0.17708333333333331,0.39999999999999997,3.2
190,17,55,5,1.7142857142857142,0.10416666666666666,0.21295885499997994,3.0476190476190474
191,18,55,4,1.75,0.09635416666666666,0.39999999999999997,3.2
192,18,54,7,1.75,0.12760416666666666,0.39999999999999997,3.2
193,19,54,8,1.736842105263158,0.140625,0.48237638894272,3.3684210526315788
194,18,53,2,1.75,0.08854166666666666,0.39999999999999997,3.2
195,19,53,5,1.7894736842105263,0.125,0.4823763889427201,3.3684210526315788
196,19,56,4,1.7894736842105263,0.09114583333333333,0.4823763889427201,3.3684210526315788
197,19,55,4,1.7894736842105263,0.09374999999999999,0.4823763889427201,3.3684210526315788
198,18,54,5,1.75,0.11197916666666666,0.39999999999999997,3.2
199,18,55,7,1.75,0.12239583333333333,0.39999999999999997,3.2
200,17,50,8,1.7142857142857142,0.16145833333333334,0.21295885499997994,3.0476190476190474
201,18,57,4,1.75,0.08072916666666666,0.39999999999999997,3.2
202,19,52,4,1.7894736842105263,0.125,0.48237638894272,3.3684210526315788
203,18,53,4,1.75,0.10677083333333333,0.39999999999999997,3.2
204,17,56,4,1.6666666666666667,0.0859375,0.21295885499997994,3.0476190476190474
205,17,50,8,1.7142857142857142,0.16145833333333331,0.21295885499997994,3.0476190476190474
206,20,54,5,1.8333333333333333,0.11197916666666666,0.49690399499995325,3.5555555555555554
207,19,48,7,1.7894736842105263,0.171875,0.4823763889427201,3.3684210526315788
208,18,54,6,1.75,0.1171875,0.39999999999999997,3.2
209,19,50,8,1.7894736842105263,0.16927083333333331,0.4823763889427201,3.3684210526315788
210,19,53,6,1.7894736842105263,0.12760416666666666,0.4823763889427201,3.3684210526315788
211,18,53,7,1.75,0.13541666666666666,0.39999999999999997,3.2
212,19,50,6,1.7894736842105263,0.14583333333333331,0.4823763889427201,3.3684210526315788
213,18,55,3,1.75,0.08333333333333333,0.39999999999999997,3.2
214,17,49,5,1.7142857142857142,0.1484375,0.21295885499997994,3.0476190476190474
215,17,53,5,1.7142857142857142,0.11979166666666666,0.21295885499997994,3.0476190476190474
216,18,51,8,1.75,0.16145833333333331,0.39999999999999997,3.2
217,18,51,8,1.75,0.15885416666666666,0.39999999999999997,3.2
218,18,49,9,1.75,0.1796875,0.39999999999999997,3.2
219,18,51,5,1.7,0.12698412698412698,0.47696960070847283,3.15
220,17,48,9,1.6666666666666667,0.18518518518518517,0.3086066999241838,3.0
221,19,52,8,1.7894736842105263,0.15364583333333334,0.4823763889427201,3.3684210526315788
222,19,52,6,1.7894736842105263,0.13802083333333331,0.4823763889427201,3.3684210526315788
223,17,52,5,1.7142857142857142,0.12760416666666666,0.21295885499997994,3.0476190476190474
224,18,56,4,1.75,0.09375,0.39999999999999997,3.2
225,19,52,6,1.736842105263158,0.13541666666666666,0.4823763889427201,3.3684210526315788
226,19,49,6,1.7894736842105263,0.1484375,0.4823763889427201,3.3684210526315788
227,17,46,10,1.6666666666666667,0.21164021164021163,0.3086066999241838,3.0
228,18,51,7,1.75,0.1484375,0.39999999999999997,3.2
229,17,49,11,1.7142857142857142,0.19791666666666669,0.21295885499997994,3.0476190476190474
230,17,49,9,1.7142857142857142,0.18489583333333331,0.21295885499997994,3.0476190476190474
231,17,50,6,1.7142857142857142,0.15104166666666669,0.21295885499997994,3.0476190476190474
232,18,52,6,1.75,0.13541666666666666,0.39999999999999997,3.2
233,18,51,10,1.75,0.17708333333333331,0.39999999999999997,3.2
234,19,46,10,1.7894736842105263,0.21875,0.4823763889427201,3.3684210526315788
235,18,50,7,1.75,0.15625,0.39999999999999997,3.2
236,19,51,9,1.7894736842105263,0.16666666666666666,0.4823763889427201,3.3684210526315788
237,18,45,10,1.75,0.21354166666666666,0.39999999999999997,3.2
238,18,51,8,1.75,0.16145833333333331,0.39999999999999997,3.2
239,17,55,4,1.7142857142857142,0.09895833333333334,0.21295885499997994,3.0476190476190474
240,18,48,11,1.7,0.203125,0.39999999999999997,3.2
241,17,48,6,1.7142857142857142,0.16145833333333331,0.21295885499997994,3.0476190476190474
242,17,51,5,1.7142857142857142,0.13541666666666666,0.21295885499997994,3.0476190476190474
243,18,53,5,1.75,0.1171875,0.39999999999999997,3.2
244,19,50,9,1.7894736842105263,0.17447916666666663,0.4823763889427201,3.3684210526315788
245,18,49,7,1.75,0.16666666666666666,0.39999999999999997,3.2
246,19,54,7,1.7894736842105263,0.1328125,0.4823763889427201,3.3684210526315788
247,20,50,9,1.8333333333333333,0.171875,0.49690399499995325,3.5555555555555554
248,19,49,8,1.7894736842105263,0.16666666666666663,0.4823763889427201,3.3684210526315788
249,19,49,6,1.7894736842105263,0.15885416666666666,0.4823763889427201,3.3684210526315788
250,18,52,7,1.75,0.140625,0.39999999999999997,3.2
251,18,51,9,1.75,0.1640625,0.39999999999999997,3.2
252,18,49,10,1.75,0.19010416666666666,0.39999999999999997,3.2
253,18,48,12,1.75,0.21354166666666666,0.39999999999999997,3.2
254,19,50,8,1.7894736842105263,0.16145833333333331,0.4823763889427201,3.3684210526315788
255,19,49,6,1.7894736842105263,0.15625,0.4823763889427201,3.3684210526315788
256,19,51,6,1.7894736842105263,0.14583333333333331,0.48237638894272,3.3684210526315788
257,18,53,5,1.7,0.12239583333333333,0.39999999999999997,3.2
258,18,50,9,1.75,0.1796875,0.39999999999999997,3.2
259,19,52,7,1.736842105263158,0.140625,0.4823763889427201,3.3684210526315788
260,18,48,9,1.75,0.1875,0.39999999999999997,3.2
261,18,52,6,1.75,0.1328125,0.39999999999999997,3.2
262,19,49,7,1.7894736842105263,0.16927083333333331,0.4823763889427201,3.3684210526315788
263,17,46,11,1.7142857142857142,0.21875,0.21295885499997994,3.0476190476190474
264,19,41,13,1.7894736842105263,0.2760416666666667,0.4823763889427201,3.3684210526315788
265,17,49,9,1.7142857142857142,0.17708333333333331,0.21295885499997994,3.0476190476190474
266,19,49,7,1.7894736842105263,0.16927083333333331,0.48237638894272,3.3684210526315788
267,18,47,13,1.75,0.23177083333333331,0.39999999999999997,3.2
268,17,50,11,1.6666666666666667,0.19047619047619047,0.3086066999241838,3.0
269,17,49,10,1.7142857142857142,0.19270833333333331,0.21295885499997994,3.0476190476190474
270,19,51,11,1.7894736842105263,0.1875,0.48237638894272,3.3684210526315788
271,18,46,13,1.7,0.23809523809523808,0.47696960070847283,3.15
272,17,48,8,1.7142857142857142,0.1796875,0.21295885499997994,3.0476190476190474
273,17,48,12,1.7142857142857142,0.21614583333333334,0.21295885499997994,3.0476190476190474
274,17,45,11,1.7142857142857142,0.23177083333333331,0.21295885499997994,3.0476190476190474
275,17,48,8,1.7142857142857142,0.18489583333333331,0.21295885499997994,3.0476190476190474
276,18,49,10,1.75,0.19010416666666669,0.39999999999999997,3.2
277,19,49,13,1.7894736842105263,0.21875,0.4823763889427201,3.3684210526315788
278,17,47,10,1.7142857142857142,0.20052083333333331,0.21295885499997994,3.0476190476190474
279,18,45,13,1.75,0.24479166666666666,0.39999999999999997,3.2
280,17,49,12,1.7142857142857142,0.20833333333333334,0.21295885499997994,3.0476190476190474
281,17,45,11,1.7142857142857142,0.2265625,0.21295885499997994,3.0476190476190474
282,17,46,10,1.7142857142857142,0.20572916666666663,0.21295885499997994,3.0476190476190474
283,18,51,10,1.75,0.1796875,0.39999999999999997,3.2
284,18,47,10,1.75,0.203125,0.39999999999999997,3.2
285,18,49,10,1.75,0.19010416666666663,0.39999999999999997,3.2
286,18,41,13,1.75,0.27604166666666663,0.39999999999999997,3.2
287,18,43,14,1.75,0.26302083333333337,0.39999999999999997,3.2
288,19,49,8,1.7894736842105263,0.171875,0.4823763889427201,3.3684210526315788
289,18,46,15,1.75,0.2578125,0.39999999999999997,3.2
290,18,43,15,1.75,0.28125,0.39999999999999997,3.2
291,18,50,6,1.75,0.14583333333333331,0.39999999999999997,3.2
292,17,44,12,1.7142857142857142,0.24218749999999997,0.21295885499997994,3.0476190476190474
293,19,51,8,1.7894736842105263,0.15885416666666666,0.4823763889427201,3.3684210526315788
294,19,43,11,1.7894736842105263,0.23437499999999997,0.4823763889427201,3.3684210526315788
295,19,42,17,1.7894736842105263,0.29947916666666663,0.4823763889427201,3.3684210526315788
296,19,45,15,1.7894736842105263,0.265625,0.4823763889427201,3.3684210526315788
297,18,44,13,1.75,0.25,0.39999999999999997,3.2
298,17,46,14,1.7142857142857142,0.24739583333333331,0.21295885499997994,3.0476190476190474
299,18,49,10,1.75,0.1953125,0.39999999999999997,3.2
300,18,44,13,1.7,0.2578125,0.39999999999999997,3.2
301,18,51,7,1.75,0.15364583333333331,0.39999999999999997,3.2
302,18,46,15,1.75,0.2578125,0.39999999999999997,3.2
303,17,52,8,1.7142857142857142,0.15104166666666669,0.21295885499997994,3.0476190476190474
304,19,45,14,1.7894736842105263,0.2552083333333333,0.4823763889427201,3.3684210526315788
305,17,42,13,1.7142857142857142,0.26822916666666663,0.21295885499997994,3.0476190476190474
306,18,46,12,1.75,0.22916666666666669,0.39999999999999997,3.2
307,19,43,14,1.7894736842105263,0.265625,0.4823763889427201,3.3684210526315788
308,18,41,15,1.75,0.2864583333333333,0.39999999999999997,3.2
309,17,48,13,1.7142857142857142,0.22395833333333331,0.21295885499997994,3.0476190476190474
310,18,45,14,1.75,0.2578125,0.39999999999999997,3.2
311,18,40,11,1.7,0.2619047619047619,0.47696960070847283,3.15
312,18,43,13,1.75,0.2578125,0.39999999999999997,3.2
313,18,49,12,1.75,0.20833333333333331,0.39999999999999997,3.2
314,19,42,17,1.7894736842105263,0.29947916666666663,0.48237638894272,3.3684210526315788
315,18,45,16,1.7,0.2734375,0.39999999999999997,3.2
316,19,48,12,1.7894736842105263,0.21354166666666666,0.4823763889427201,3.3684210526315788
317,18,45,13,1.75,0.2421875,0.39999999999999997,3.2
318,17,50,11,1.7142857142857142,0.19270833333333331,0.21295885499997994,3.0476190476190474
319,19,49,12,1.7894736842105263,0.20833333333333334,0.4823763889427201,3.3684210526315788
320,18,49,12,1.75,0.2109375,0.39999999999999997,3.2
321,18,43,14,1.75,0.27083333333333337,0.39999999999999997,3.2
322,17,43,13,1.7142857142857142,0.26041666666666663,0.21295885499997994,3.0476190476190474
323,19,42,15,1.7894736842105263,0.28125,0.4823763889427201,3.3684210526315788
324,18,43,14,1.75,0.2708333333333333,0.39999999999999997,3.2
325,17,48,11,1.7142857142857142,0.20833333333333334,0.21295885499997994,3.0476190476190474
326,17,45,15,1.7142857142857142,0.26302083333333337,0.21295885499997994,3.0476190476190474
327,17,39,16,1.7142857142857142,0.3098958333333333,0.21295885499997994,3.0476190476190474
328,19,43,10,1.736842105263158,0.23015873015873012,0.5668594533825794,3.3157894736842106
329,18,45,14,1.75,0.2552083333333333,0.39999999999999997,3.2
330,19,43,14,1.7894736842105263,0.2734375,0.48237638894272,3.3684210526315788
331,18,42,17,1.75,0.2994791666666667,0.39999999999999997,3.2
332,19,44,13,1.7894736842105263,0.2552083333333333,0.4823763889427201,3.3684210526315788
333,17,45,11,1.7142857142857142,0.22916666666666663,0.21295885499997994,3.0476190476190474
334,19,42,14,1.7894736842105263,0.2760416666666667,0.4823763889427201,3.3684210526315788
335,19,40,15,1.7894736842105263,0.29947916666666663,0.48237638894272,3.3684210526315788
336,18,44,12,1.75,0.24739583333333331,0.39999999999999997,3.2
337,19,41,13,1.7894736842105263,0.27604166666666663,0.4823763889427201,3.3684210526315788
338,18,41,15,1.75,0.2890625,0.39999999999999997,3.2
339,18,42,13,1.75,0.26822916666666663,0.39999999999999997,3.2
340,20,41,14,1.8333333333333333,0.28385416666666663,0.49690399499995325,3.5555555555555554
341,18,48,13,1.75,0.22395833333333331,0.39999999999999997,3.2
342,18,46,13,1.75,0.2421875,0.39999999999999997,3.2
343,18,43,15,1.75,0.27864583333333337,0.39999999999999997,3.2
344,18,44,16,1.75,0.27864583333333337,0.39999999999999997,3.2
345,19,43,15,1.7894736842105263,0.27604166666666663,0.4823763889427201,3.3684210526315788
346,17,43,14,1.7142857142857142,0.2682291666666667,0.21295885499997994,3.0476190476190474
347,19,40,18,1.7894736842105263,0.32552083333333337,0.4823763889427201,3.3684210526315788
348,18,43,17,1.75,0.296875,0.39999999999999997,3.2
349,19,40,17,1.7894736842105263,0.3151041666666667,0.4823763889427201,3.3684210526315788
350,18,39,18,1.75,0.33333333333333337,0.39999999999999997,3.2
351,18,44,15,1.75,0.265625,0.39999999999999997,3.2
352,17,44,13,1.7142857142857142,0.2552083333333333,0.21295885499997994,3.0476190476190474
353,18,41,15,1.75,0.2942708333333333,0.39999999999999997,3.2
354,18,45,14,1.75,0.2578125,0.39999999999999997,3.2
355,17,42,15,1.6666666666666667,0.2777777777777778,0.3086066999241838,3.0
356,18,44,14,1.75,0.2630208333333333,0.39999999999999997,3.2
357,18,40,16,1.65,0.30208333333333337,0.39999999999999997,3.2
358,17,42,14,1.7142857142857142,0.26822916666666663,0.21295885499997994,3.0476190476190474
359,18,42,16,1.75,0.2942708333333333,0.39999999999999997,3.2
360,18,39,14,1.75,0.29427083333333337,0.39999999999999997,3.2
361,18,44,16,1.75,0.27864583333333337,0.39999999999999997,3.2
362,20,38,17,1.8333333333333333,0.3307291666666667,0.49690399499995325,3.5555555555555554
363,19,41,14,1.7894736842105263,0.28125,0.4823763889427201,3.3684210526315788
364,17,42,15,1.7142857142857142,0.28385416666666663,0.21295885499997994,3.0476190476190474
365,18,45,13,1.75,0.24739583333333331,0.39999999999999997,3.2
366,18,42,14,1.75,0.2734375,0.39999999999999997,3.2
367,18,43,13,1.75,0.26041666666666663,0.39999999999999997,3.2
368,18,40,17,1.75,0.3151041666666667,0.39999999999999997,3.2
369,19,44,14,1.7894736842105263,0.2604166666666667,0.4823763889427201,3.3684210526315788
370,18,39,19,1.75,0.34375,0.39999999999999997,3.2
371,18,42,14,1.75,0.2734375,0.39999999999999997,3.2
372,19,43,14,1.7894736842105263,0.2708333333333333,0.4823763889427201,3.3684210526315788
373,19,40,18,1.7894736842105263,0.32552083333333337,0.4823763889427201,3.3684210526315788
374,18,45,15,1.75,0.2630208333333333,0.39999999999999997,3.2
375,18,39,16,1.75,0.3125,0.39999999999999997,3.2
376,19,40,18,1.7894736842105263,0.328125,0.4823763889427201,3.3684210526315788
377,19,43,17,1.7894736842105263,0.2942708333333333,0.4823763889427201,3.3684210526315788
378,17,38,16,1.7142857142857142,0.3177083333333333,0.21295885499997994,3.0476190476190474
379,18,42,17,1.75,0.3020833333333333,0.39999999999999997,3.2
380,19,42,17,1.7894736842105263,0.3046875,0.4823763889427201,3.3684210526315788
381,19,40,17,1.7894736842105263,0.3125,0.48237638894272,3.3684210526315788
382,19,41,18,1.7894736842105263,0.3203125,0.48237638894272,3.3684210526315788
383,18,39,21,1.75,0.3567708333333333,0.39999999999999997,3.2
384,19,44,15,1.7894736842105263,0.2708333333333333,0.48237638894272,3.3684210526315788
385,18,43,16,1.75,0.2890625,0.39999999999999997,3.2
386,18,39,18,1.75,0.328125,0.39999999999999997,3.2
387,18,38,19,1.75,0.3489583333333333,0.39999999999999997,3.2
388,18,39,16,1.75,0.31770833333333337,0.39999999999999997,3.2
389,18,38,17,1.75,0.33333333333333337,0.39999999999999997,3.2
390,19,39,15,1.7894736842105263,0.3046875,0.4823763889427201,3.3684210526315788
391,19,39,19,1.7894736842105263,0.34114583333333337,0.4823763889427201,3.3684210526315788
392,18,42,17,1.75,0.30208333333333337,0.39999999999999997,3.2
393,18,42,19,1.75,0.3177083333333333,0.39999999999999997,3.2
394,18,38,20,1.75,0.35416666666666663,0.39999999999999997,3.2
395,18,37,20,1.75,0.3619791666666667,0.39999999999999997,3.2
396,18,40,18,1.75,0.3255208333333333,0.39999999999999997,3.2
397,18,40,20,1.75,0.34375,0.39999999999999997,3.2
398,19,44,17,1.7894736842105263,0.2864583333333333,0.4823763889427201,3.3684210526315788
399,18,41,17,1.75,0.3072916666666667,0.39999999999999997,3.2
400,17,42,15,1.7142857142857142,0.2838541666666667,0.21295885499997994,3.0476190476190474
401,18,37,22,1.75,0.38020833333333337,0.39999999999999997,3.2
402,18,38,17,1.7,0.3333333333333333,0.47696960070847283,3.15
403,18,42,16,1.75,0.296875,0.39999999999999997,3.2
404,19,44,16,1.7894736842105263,0.2786458333333333,0.4823763889427201,3.3684210526315788
405,18,42,15,1.75,0.28385416666666663,0.39999999999999997,3.2
406,19,40,18,1.7894736842105263,0.328125,0.4823763889427201,3.3684210526315788
407,18,41,17,1.75,0.3098958333333333,0.39999999999999997,3.2
408,18,41,18,1.75,0.3177083333333333,0.39999999999999997,3.2
409,19,39,20,1.7894736842105263,0.3515625,0.4823763889427201,3.3684210526315788
410,18,42,16,1.7,0.29100529100529104,0.47696960070847283,3.15
411,20,40,16,1.8333333333333333,0.3098958333333333,0.49690399499995325,3.5555555555555554
412,17,41,15,1.7142857142857142,0.296875,0.21295885499997994,3.0476190476190474
413,19,43,17,1.7894736842105263,0.296875,0.48237638894272,3.3684210526315788
414,19,39,19,1.7894736842105263,0.33854166666666663,0.4823763889427201,3.3684210526315788
415,18,38,20,1.75,0.35677083333333337,0.39999999999999997,3.2
416,19,43,15,1.7894736842105263,0.28125,0.4823763889427201,3.3684210526315788
417,18,37,18,1.7,0.34895833333333337,0.39999999999999997,3.2
418,19,42,18,1.736842105263158,0.30952380952380953,0.5668594533825794,3.3157894736842106
419,19,44,16,1.7894736842105263,0.2760416666666667,0.4823763889427201,3.3684210526315788
420,18,42,17,1.75,0.3046875,0.39999999999999997,3.2
421,19,39,19,1.7894736842105263,0.34114583333333337,0.4823763889427201,3.3684210526315788
422,17,37,19,1.7142857142857142,0.359375,0.21295885499997994,3.0476190476190474
423,18,40,15,1.7,0.29629629629629634,0.47696960070847283,3.15
424,19,41,17,1.7894736842105263,0.3098958333333333,0.4823763889427201,3.3684210526315788
425,19,44,17,1.7894736842105263,0.2864583333333333,0.48237638894272,3.3684210526315788
426,18,42,16,1.75,0.29427083333333337,0.39999999999999997,3.2
427,19,38,21,1.7894736842105263,0.3671875,0.4823763889427201,3.3684210526315788
428,19,39,18,1.7894736842105263,0.33072916666666663,0.4823763889427201,3.3684210526315788
429,18,38,15,1.75,0.31770833333333337,0.39999999999999997,3.2
430,18,41,17,1.7,0.30952380952380953,0.47696960070847283,3.15
431,17,39,16,1.7142857142857142,0.31770833333333337,0.21295885499997994,3.0476190476190474
432,18,40,18,1.7,0.328125,0.39999999999999997,3.2
433,18,40,20,1.75,0.34114583333333337,0.39999999999999997,3.2
434,17,36,22,1.7142857142857142,0.3880208333333333,0.21295885499997994,3.0476190476190474
435,17,42,17,1.7142857142857142,0.3020833333333333,0.21295885499997994,3.0476190476190474
436,18,39,20,1.75,0.3515625,0.39999999999999997,3.2
437,19,41,17,1.736842105263158,0.30729166666666663,0.4823763889427201,3.3684210526315788
438,17,43,14,1.7142857142857142,0.27083333333333337,0.21295885499997994,3.0476190476190474
439,18,42,17,1.75,0.2994791666666667,0.39999999999999997,3.2
440,19,41,17,1.7894736842105263,0.3072916666666667,0.48237638894272,3.3684210526315788
441,20,42,19,1.8333333333333333,0.31770833333333337,0.49690399499995325,3.5555555555555554
442,19,39,16,1.736842105263158,0.3148148148148148,0.5668594533825794,3.3157894736842106
443,19,42,17,1.7894736842105263,0.3020833333333333,0.4823763889427201,3.3684210526315788
444,17,35,20,1.7142857142857142,0.37760416666666663,0.21295885499997994,3.0476190476190474
445,17,45,16,1.7142857142857142,0.27083333333333337,0.21295885499997994,3.0476190476190474
446,17,40,20,1.7142857142857142,0.34375,0.21295885499997994,3.0476190476190474
447,17,32,24,1.7142857142857142,0.4322916666666667,0.21295885499997994,3.0476190476190474
448,19,35,22,1.7894736842105263,0.390625,0.4823763889427201,3.3684210526315788
449,18,38,18,1.75,0.33333333333333337,0.39999999999999997,3.2
450,19,41,19,1.7894736842105263,0.328125,0.4823763889427201,3.3684210526315788
451,18,39,19,1.75,0.34114583333333337,0.39999999999999997,3.2
452,18,35,20,1.75,0.375,0.39999999999999997,3.2
453,19,37,20,1.7894736842105263,0.3671875,0.4823763889427201,3.3684210526315788
454,18,36,22,1.75,0.38802083333333337,0.39999999999999997,3.2
455,18,36,17,1.75,0.33854166666666663,0.39999999999999997,3.2
456,17,39,19,1.6666666666666667,0.3386243386243386,0.3086066999241838,3.0
457,19,40,20,1.7894736842105263,0.34375,0.4823763889427201,3.3684210526315788
458,17,38,20,1.7142857142857142,0.3515625,0.21295885499997994,3.0476190476190474
459,17,42,17,1.7142857142857142,0.3046875,0.21295885499997994,3.0476190476190474
460,20,40,17,1.7777777777777777,0.31770833333333337,0.49690399499995325,3.5555555555555554
461,17,40,20,1.7142857142857142,0.34114583333333337,0.21295885499997994,3.0476190476190474
462,19,41,17,1.736842105263158,0.30729166666666663,0.4823763889427201,3.3684210526315788
463,18,41,19,1.75,0.3255208333333333,0.39999999999999997,3.2
464,17,37,21,1.7142857142857142,0.375,0.21295885499997994,3.0476190476190474
465,18,39,19,1.75,0.3385416666666667,0.39999999999999997,3.2
466,19,40,17,1.7894736842105263,0.3203125,0.4823763889427201,3.3684210526315788
467,18,37,20,1.75,0.3645833333333333,0.39999999999999997,3.2
468,19,36,22,1.7894736842105263,0.390625,0.4823763889427201,3.3684210526315788
469,18,36,24,1.75,0.40625,0.39999999999999997,3.2
470,19,40,20,1.7894736842105263,0.34375,0.4823763889427201,3.3684210526315788
471,19,37,22,1.7894736842105263,0.3828125,0.4823763889427201,3.3684210526315788
472,19,41,19,1.7894736842105263,0.328125,0.4823763889427201,3.3684210526315788
473,18,36,18,1.75,0.35416666666666663,0.39999999999999997,3.2
474,18,37,22,1.7,0.3828125,0.39999999999999997,3.2
475,19,38,20,1.7894736842105263,0.359375,0.48237638894272,3.3684210526315788
476,19,39,20,1.7894736842105263,0.3489583333333333,0.4823763889427201,3.3684210526315788
477,18,41,18,1.7,0.3203125,0.39999999999999997,3.2
478,17,43,16,1.7142857142857142,0.2864583333333333,0.21295885499997994,3.0476190476190474
479,18,39,21,1.75,0.3567708333333333,0.39999999999999997,3.2
480,18,36,21,1.75,0.3828125,0.39999999999999997,3.2
481,19,43,18,1.7894736842105263,0.3046875,0.4823763889427201,3.3684210526315788
482,17,38,18,1.6666666666666667,0.3412698412698413,0.3086066999241838,3.0
483,19,41,18,1.736842105263158,0.31481481481481477,0.5668594533825794,3.3157894736842106
484,19,41,20,1.736842105263158,0.3359375,0.4823763889427201,3.3684210526315788
485,19,41,19,1.736842105263158,0.328125,0.48237638894272,3.3684210526315788
486,18,37,23,1.75,0.390625,0.39999999999999997,3.2
487,18,38,19,1.75,0.34375,0.39999999999999997,3.2
488,18,40,19,1.75,0.3359375,0.39999999999999997,3.2
489,17,37,19,1.7142857142857142,0.3567708333333333,0.21295885499997994,3.0476190476190474
490,18,37,22,1.75,0.3828125,0.39999999999999997,3.2
491,19,36,23,1.6842105263157894,0.39417989417989424,0.5668594533825794,3.3157894736842106
492,18,38,21,1.75,0.3671875,0.39999999999999997,3.2
493,17,36,18,1.6666666666666667,0.35185185185185186,0.3086066999241838,3.0
494,18,38,19,1.75,0.34895833333333337,0.39999999999999997,3.2
495,17,38,21,1.7142857142857142,0.3671875,0.21295885499997994,3.0476190476190474
496,18,35,21,1.75,0.3828125,0.39999999999999997,3.2
497,19,39,20,1.7894736842105263,0.3515625,0.4823763889427201,3.3684210526315788
498,19,36,24,1.736842105263158,0.40625,0.4823763889427201,3.3684210526315788
499,19,38,19,1.7894736842105263,0.3463541666666667,0.4823763889427201,3.3684210526315788
500,19,38,18,1.736842105263158,0.33854166666666663,0.4823763889427201,3.3684210526315788
501,18,39,21,1.75,0.359375,0.39999999999999997,3.2
502,17,38,21,1.7142857142857142,0.3671875,0.21295885499997994,3.0476190476190474
503,19,39,19,1.7894736842105263,0.34114583333333337,0.4823763889427201,3.3684210526315788
504,19,41,19,1.736842105263158,0.3255208333333333,0.4823763889427201,3.3684210526315788
505,18,36,21,1.7,0.38095238095238093,0.47696960070847283,3.15
506,19,44,16,1.736842105263158,0.27864583333333337,0.4823763889427201,3.3684210526315788
507,19,39,20,1.736842105263158,0.3465608465608466,0.5668594533825794,3.3157894736842106
508,18,40,21,1.7,0.3515625,0.39999999999999997,3.2
509,18,41,20,1.7,0.3359375,0.39999999999999997,3.2
510,18,39,19,1.75,0.34375,0.39999999999999997,3.2
511,19,40,19,1.7894736842105263,0.3359375,0.4823763889427201,3.3684210526315788
512,18,37,21,1.75,0.3723958333333333,0.39999999999999997,3.2
513,19,39,20,1.7894736842105263,0.3515625,0.4823763889427201,3.3684210526315788
514,18,32,26,1.75,0.4479166666666667,0.39999999999999997,3.2
515,17,36,23,1.7142857142857142,0.3984375,0.21295885499997994,3.0476190476190474
516,19,36,24,1.7894736842105263,0.4036458333333333,0.4823763889427201,3.3684210526315788
517,19,33,24,1.7894736842105263,0.4270833333333333,0.4823763889427201,3.3684210526315788
518,18,40,21,1.7,0.3515625,0.39999999999999997,3.2
519,19,38,21,1.7894736842105263,0.36458333333333337,0.4823763889427201,3.3684210526315788
520,20,40,18,1.8333333333333333,0.32552083333333337,0.49690399499995325,3.5555555555555554
521,18,38,20,1.75,0.35416666666666663,0.39999999999999997,3.2
522,18,39,20,1.75,0.34895833333333337,0.39999999999999997,3.2
523,18,39,18,1.75,0.3359375,0.39999999999999997,3.2
524,18,37,23,1.7,0.3888888888888889,0.47696960070847283,3.15
525,18,37,23,1.75,0.390625,0.39999999999999997,3.2
526,17,39,21,1.7142857142857142,0.35677083333333337,0.21295885499997994,3.0476190476190474
527,18,39,20,1.75,0.3489583333333333,0.39999999999999997,3.2
528,18,38,20,1.75,0.35677083333333337,0.39999999999999997,3.2
529,18,34,21,1.75,0.3958333333333333,0.39999999999999997,3.2
530,19,36,24,1.7894736842105263,0.40625,0.4823763889427201,3.3684210526315788
531,18,38,22,1.75,0.3723958333333333,0.39999999999999997,3.2
532,18,39,21,1.75,0.359375,0.39999999999999997,3.2
533,19,38,20,1.736842105263158,0.35416666666666663,0.4823763889427201,3.3684210526315788
534,18,38,21,1.75,0.3671875,0.39999999999999997,3.2
535,18,37,21,1.75,0.37239583333333337,0.39999999999999997,3.2
536,19,35,22,1.7894736842105263,0.39322916666666663,0.4823763889427201,3.3684210526315788
537,18,38,21,1.75,0.36458333333333337,0.39999999999999997,3.2
538,17,39,19,1.7142857142857142,0.3411458333333333,0.21295885499997994,3.0476190476190474
539,18,36,22,1.7,0.3862433862433863,0.47696960070847283,3.15
540,17,40,20,1.7142857142857142,0.34375,0.21295885499997994,3.0476190476190474
541,18,36,24,1.75,0.40625,0.39999999999999997,3.2
542,18,37,21,1.75,0.375,0.39999999999999997,3.2
543,17,34,22,1.7142857142857142,0.40364583333333337,0.21295885499997994,3.0476190476190474
544,19,36,22,1.7894736842105263,0.38802083333333337,0.48237638894272,3.3684210526315788
545,19,40,19,1.7894736842105263,0.3333333333333333,0.48237638894272,3.3684210526315788
546,18,38,22,1.7,0.375,0.39999999999999997,3.2
547,19,36,23,1.7894736842105263,0.3984375,0.48237638894272,3.3684210526315788
548,18,39,21,1.75,0.359375,0.39999999999999997,3.2
549,19,39,17,1.736842105263158,0.31770833333333337,0.4823763889427201,3.3684210526315788
550,17,33,25,1.7142857142857142,0.4348958333333333,0.21295885499997994,3.0476190476190474
551,20,37,22,1.8333333333333333,0.3828125,0.49690399499995325,3.5555555555555554
552,18,35,23,1.75,0.4010416666666667,0.39999999999999997,3.2
553,18,39,22,1.75,0.3671875,0.39999999999999997,3.2
554,18,39,21,1.75,0.359375,0.39999999999999997,3.2
555,18,37,20,1.7,0.359375,0.39999999999999997,3.2
556,18,34,23,1.75,0.4114583333333333,0.39999999999999997,3.2
557,18,42,17,1.7,0.30208333333333337,0.39999999999999997,3.2
558,19,34,25,1.7894736842105263,0.4296875,0.48237638894272,3.3684210526315788
559,19,39,21,1.736842105263158,0.359375,0.4823763889427201,3.3684210526315788
560,19,31,28,1.7894736842105263,0.4765625,0.4823763889427201,3.3684210526315788
561,18,36,19,1.75,0.3619791666666667,0.39999999999999997,3.2
562,18,42,17,1.7,0.30208333333333337,0.39999999999999997,3.2
563,19,37,23,1.7894736842105263,0.390625,0.4823763889427201,3.3684210526315788
564,17,36,22,1.7142857142857142,0.3880208333333333,0.21295885499997994,3.0476190476190474
565,18,36,24,1.75,0.40625,0.39999999999999997,3.2
566,18,37,23,1.75,0.390625,0.39999999999999997,3.2
567,18,38,21,1.75,0.3671875,0.39999999999999997,3.2
568,18,38,19,1.7,0.3465608465608466,0.47696960070847283,3.15
569,18,35,24,1.75,0.4140625,0.39999999999999997,3.2
570,20,36,24,1.8333333333333333,0.40364583333333337,0.49690399499995325,3.5555555555555554
571,18,35,25,1.75,0.421875,0.39999999999999997,3.2
572,19,36,24,1.7894736842105263,0.40625,0.4823763889427201,3.3684210526315788
573,18,41,21,1.7,0.34375,0.39999999999999997,3.2
574,18,34,21,1.75,0.38802083333333337,0.39999999999999997,3.2
575,19,37,22,1.7894736842105263,0.3828125,0.4823763889427201,3.3684210526315788
576,18,37,24,1.75,0.3984375,0.39999999999999997,3.2
577,19,38,21,1.7894736842105263,0.36458333333333337,0.48237638894272,3.3684210526315788
578,19,33,25,1.7894736842105263,0.4322916666666667,0.4823763889427201,3.3684210526315788
579,19,38,20,1.7894736842105263,0.35677083333333337,0.4823763889427201,3.3684210526315788
580,17,35,24,1.7142857142857142,0.4140625,0.21295885499997994,3.0476190476190474
581,17,35,25,1.7142857142857142,0.421875,0.21295885499997994,3.0476190476190474
582,17,36,22,1.7142857142857142,0.3854166666666667,0.21295885499997994,3.0476190476190474
583,18,36,23,1.7,0.3968253968253968,0.47696960070847283,3.15
584,18,38,20,1.75,0.35677083333333337,0.39999999999999997,3.2
585,18,34,24,1.75,0.4192708333333333,0.39999999999999997,3.2
586,18,36,22,1.7,0.3888888888888889,0.47696960070847283,3.15
587,19,36,23,1.7894736842105263,0.3958333333333333,0.4823763889427201,3.3684210526315788
588,18,38,22,1.75,0.375,0.39999999999999997,3.2
589,18,34,24,1.7,0.417989417989418,0.47696960070847283,3.15
590,17,34,25,1.7142857142857142,0.42708333333333337,0.21295885499997994,3.0476190476190474
591,18,33,27,1.75,0.453125,0.39999999999999997,3.2
592,19,37,22,1.7894736842105263,0.3828125,0.4823763889427201,3.3684210526315788
593,18,33,25,1.75,0.43489583333333337,0.39999999999999997,3.2
594,17,35,25,1.7142857142857142,0.421875,0.21295885499997994,3.0476190476190474
595,20,37,24,1.8333333333333333,0.3984375,0.49690399499995325,3.5555555555555554
596,18,34,23,1.75,0.4088541666666667,0.39999999999999997,3.2
597,19,37,22,1.7894736842105263,0.38020833333333337,0.4823763889427201,3.3684210526315788
598,19,39,21,1.7894736842105263,0.35677083333333337,0.48237638894272,3.3684210526315788
599,17,37,22,1.7142857142857142,0.3828125,0.21295885499997994,3.0476190476190474
600,17,32,24,1.7142857142857142,0.4348958333333333,0.21295885499997994,3.0476190476190474
601,19,36,23,1.7894736842105263,0.3984375,0.4823763889427201,3.3684210526315788
602,18,37,19,1.75,0.35677083333333337,0.39999999999999997,3.2
603,19,34,21,1.736842105263158,0.3915343915343915,0.5668594533825794,3.3157894736842106
604,18,35,25,1.75,0.421875,0.39999999999999997,3.2
605,18,31,27,1.75,0.46875,0.39999999999999997,3.2
606,18,35,23,1.75,0.4036458333333333,0.39999999999999997,3.2
607,18,37,23,1.75,0.390625,0.39999999999999997,3.2
608,17,40,21,1.7142857142857142,0.3515625,0.21295885499997994,3.0476190476190474
609,17,33,26,1.7142857142857142,0.4453125,0.21295885499997994,3.0476190476190474
610,19,38,22,1.7894736842105263,0.3723958333333333,0.4823763889427201,3.3684210526315788
611,18,35,24,1.75,0.4088541666666667,0.39999999999999997,3.2
612,18,32,25,1.75,0.44270833333333337,0.39999999999999997,3.2
613,18,33,26,1.75,0.4453125,0.39999999999999997,3.2
614,19,38,23,1.7894736842105263,0.3828125,0.48237638894272,3.3684210526315788
615,19,39,18,1.736842105263158,0.3333333333333333,0.48237638894272,3.3684210526315788
616,18,36,24,1.75,0.40625,0.39999999999999997,3.2
617,18,34,25,1.75,0.42708333333333337,0.39999999999999997,3.2
618,18,34,25,1.75,0.42708333333333337,0.39999999999999997,3.2
619,17,36,22,1.7142857142857142,0.3880208333333333,0.21295885499997994,3.0476190476190474
620,19,35,24,1.7894736842105263,0.4140625,0.48237638894272,3.3684210526315788
621,17,36,24,1.7142857142857142,0.40625,0.21295885499997994,3.0476190476190474
622,19,37,20,1.7894736842105263,0.3645833333333333,0.48237638894272,3.3684210526315788
623,19,37,24,1.736842105263158,0.39583333333333337,0.4823763889427201,3.3684210526315788
624,18,34,26,1.75,0.4375,0.39999999999999997,3.2
625,18,36,24,1.75,0.40625,0.39999999999999997,3.2
626,18,34,25,1.75,0.4296875,0.39999999999999997,3.2
627,19,37,23,1.7894736842105263,0.3880208333333333,0.48237638894272,3.3684210526315788
628,17,33,26,1.7142857142857142,0.44270833333333337,0.21295885499997994,3.0476190476190474
629,18,38,20,1.75,0.359375,0.39999999999999997,3.2
630,20,36,24,1.8333333333333333,0.40625,0.49690399499995325,3.5555555555555554
631,18,33,26,1.75,0.4453125,0.39999999999999997,3.2
632,18,34,24,1.75,0.41927083333333337,0.39999999999999997,3.2
633,19,35,25,1.7894736842105263,0.421875,0.48237638894272,3.3684210526315788
634,19,35,22,1.7894736842105263,0.39322916666666663,0.48237638894272,3.3684210526315788
635,17,36,25,1.7142857142857142,0.4140625,0.21295885499997994,3.0476190476190474
636,19,40,20,1.736842105263158,0.34114583333333337,0.4823763889427201,3.3684210526315788
637,20,36,23,1.8333333333333333,0.3984375,0.49690399499995325,3.5555555555555554
638,19,38,21,1.7894736842105263,0.3671875,0.48237638894272,3.3684210526315788
639,18,34,24,1.75,0.4166666666666667,0.39999999999999997,3.2
640,19,34,26,1.736842105263158,0.4365079365079365,0.5668594533825794,3.3157894736842106
641,18,33,27,1.75,0.45052083333333337,0.39999999999999997,3.2
642,18,38,22,1.7,0.373015873015873,0.47696960070847283,3.15
643,17,36,22,1.7142857142857142,0.390625,0.21295885499997994,3.0476190476190474
644,18,36,23,1.75,0.3984375,0.39999999999999997,3.2
645,19,36,23,1.7894736842105263,0.3984375,0.4823763889427201,3.3684210526315788
646,18,36,23,1.75,0.39583333333333337,0.39999999999999997,3.2
647,18,39,19,1.7,0.3412698412698413,0.47696960070847283,3.15
648,18,36,25,1.75,0.4140625,0.39999999999999997,3.2
649,19,31,26,1.7894736842105263,0.4609375,0.4823763889427201,3.3684210526315788
650,18,33,26,1.75,0.44270833333333337,0.39999999999999997,3.2
651,18,35,24,1.75,0.41145833333333337,0.39999999999999997,3.2
652,17,32,24,1.7142857142857142,0.4375,0.21295885499997994,3.0476190476190474
653,18,33,25,1.75,0.4375,0.39999999999999997,3.2
654,18,34,23,1.75,0.41145833333333337,0.39999999999999997,3.2
655,17,35,23,1.7142857142857142,0.4010416666666667,0.21295885499997994,3.0476190476190474
656,18,35,25,1.75,0.4192708333333333,0.39999999999999997,3.2
657,17,33,26,1.7142857142857142,0.44270833333333337,0.21295885499997994,3.0476190476190474
658,18,35,24,1.75,0.4114583333333333,0.39999999999999997,3.2
659,17,33,27,1.7142857142857142,0.453125,0.21295885499997994,3.0476190476190474
660,19,36,23,1.7894736842105263,0.3984375,0.4823763889427201,3.3684210526315788
661,19,30,28,1.7894736842105263,0.47916666666666663,0.4823763889427201,3.3684210526315788
662,19,36,23,1.7894736842105263,0.3958333333333333,0.4823763889427201,3.3684210526315788
663,18,35,23,1.7,0.40211640211640215,0.47696960070847283,3.15
664,18,38,21,1.75,0.3671875,0.39999999999999997,3.2
665,18,33,26,1.75,0.44270833333333337,0.39999999999999997,3.2
666,17,31,27,1.6666666666666667,0.46296296296296297,0.3086066999241838,3.0
667,18,33,26,1.7,0.44179894179894186,0.47696960070847283,3.15
668,18,32,26,1.75,0.4453125,0.39999999999999997,3.2
669,18,33,23,1.75,0.4140625,0.39999999999999997,3.2
670,18,36,22,1.75,0.3880208333333333,0.39999999999999997,3.2
671,18,35,24,1.75,0.4114583333333333,0.39999999999999997,3.2
672,18,34,26,1.75,0.43489583333333337,0.39999999999999997,3.2
673,18,33,27,1.75,0.453125,0.39999999999999997,3.2
674,18,38,21,1.75,0.3671875,0.39999999999999997,3.2
675,18,33,27,1.75,0.453125,0.39999999999999997,3.2
676,17,34,26,1.7142857142857142,0.4375,0.21295885499997994,3.0476190476190474
677,19,34,27,1.7894736842105263,0.4453125,0.4823763889427201,3.3684210526315788
678,20,34,24,1.8333333333333333,0.41927083333333337,0.49690399499995325,3.5555555555555554
679,19,34,25,1.7894736842105263,0.4296875,0.4823763889427201,3.3684210526315788
680,18,34,25,1.75,0.42708333333333337,0.39999999999999997,3.2
681,18,31,28,1.75,0.47395833333333337,0.39999999999999997,3.2
682,18,36,24,1.75,0.40625,0.39999999999999997,3.2
683,18,33,27,1.75,0.453125,0.39999999999999997,3.2
684,19,31,26,1.7894736842105263,0.4609375,0.48237638894272,3.3684210526315788
685,19,34,26,1.7894736842105263,0.4348958333333333,0.4823763889427201,3.3684210526315788
686,18,33,24,1.75,0.4270833333333333,0.39999999999999997,3.2
687,18,33,27,1.75,0.453125,0.39999999999999997,3.2
688,18,35,23,1.75,0.40104166666666663,0.39999999999999997,3.2
689,17,34,27,1.7142857142857142,0.4453125,0.21295885499997994,3.0476190476190474
690,18,36,24,1.75,0.40625,0.39999999999999997,3.2
691,17,34,25,1.7142857142857142,0.4296875,0.21295885499997994,3.0476190476190474
692,18,33,27,1.75,0.453125,0.39999999999999997,3.2
693,18,34,25,1.75,0.4296875,0.39999999999999997,3.2
694,18,35,23,1.75,0.40364583333333337,0.39999999999999997,3.2
695,19,31,26,1.7894736842105263,0.4583333333333333,0.48237638894272,3.3684210526315788
696,18,40,20,1.75,0.34375,0.39999999999999997,3.2
697,19,35,26,1.7894736842105263,0.4296875,0.48237638894272,3.3684210526315788
698,17,36,24,1.7142857142857142,0.40364583333333337,0.21295885499997994,3.0476190476190474
699,18,32,28,1.75,0.46875,0.39999999999999997,3.2
700,18,33,26,1.7,0.4444444444444444,0.47696960070847283,3.15
701,17,35,26,1.7142857142857142,0.4296875,0.21295885499997994,3.0476190476190474
702,17,32,27,1.7142857142857142,0.4609375,0.21295885499997994,3.0476190476190474
703,18,32,27,1.75,0.4609375,0.39999999999999997,3.2
704,20,33,25,1.8333333333333333,0.4375,0.49690399499995325,3.5555555555555554
705,19,36,23,1.7894736842105263,0.3984375,0.48237638894272,3.3684210526315788
706,18,33,26,1.75,0.4453125,0.39999999999999997,3.2
707,18,33,26,1.75,0.44270833333333337,0.39999999999999997,3.2
708,18,32,27,1.75,0.45833333333333337,0.39999999999999997,3.2
709,19,35,23,1.7894736842105263,0.40625,0.4823763889427201,3.3684210526315788
710,17,35,25,1.7142857142857142,0.421875,0.21295885499997994,3.0476190476190474
711,18,30,27,1.7,0.47089947089947093,0.47696960070847283,3.15
712,18,31,27,1.75,0.46875,0.39999999999999997,3.2
713,18,33,26,1.75,0.44270833333333337,0.39999999999999997,3.2
714,19,31,28,1.7894736842105263,0.4765625,0.4823763889427201,3.3684210526315788
715,19,31,27,1.7894736842105263,0.4661458333333333,0.4823763889427201,3.3684210526315788
716,18,35,25,1.75,0.421875,0.39999999999999997,3.2
717,19,37,22,1.7894736842105263,0.3828125,0.4823763889427201,3.3684210526315788
718,18,38,23,1.75,0.3828125,0.39999999999999997,3.2
719,18,33,27,1.75,0.453125,0.39999999999999997,3.2
720,18,32,26,1.75,0.453125,0.39999999999999997,3.2
721,18,34,26,1.75,0.4375,0.39999999999999997,3.2
722,18,34,26,1.75,0.4375,0.39999999999999997,3.2
723,18,30,29,1.75,0.4921875,0.39999999999999997,3.2
724,18,28,29,1.75,0.5052083333333334,0.39999999999999997,3.2
725,18,33,26,1.75,0.4453125,0.39999999999999997,3.2
726,18,32,27,1.75,0.4609375,0.39999999999999997,3.2
727,18,29,28,1.75,0.48958333333333337,0.39999999999999997,3.2
728,18,34,25,1.75,0.42447916666666663,0.39999999999999997,3.2
729,17,30,29,1.7142857142857142,0.4921875,0.21295885499997994,3.0476190476190474
730,18,33,25,1.75,0.4375,0.39999999999999997,3.2
731,17,32,24,1.6666666666666667,0.43121693121693117,0.3086066999241838,3.0
732,18,33,25,1.75,0.4322916666666667,0.39999999999999997,3.2
733,17,32,28,1.7142857142857142,0.46875,0.21295885499997994,3.0476190476190474
734,19,33,25,1.7894736842105263,0.4348958333333333,0.48237638894272,3.3684210526315788
735,18,31,26,1.75,0.45833333333333337,0.39999999999999997,3.2
736,18,37,22,1.75,0.37760416666666663,0.39999999999999997,3.2
737,18,33,27,1.75,0.453125,0.39999999999999997,3.2
738,18,30,27,1.75,0.47395833333333337,0.39999999999999997,3.2
739,19,34,27,1.7894736842105263,0.4453125,0.48237638894272,3.3684210526315788
740,19,32,27,1.7894736842105263,0.45833333333333337,0.4823763889427201,3.3684210526315788
741,19,31,27,1.7894736842105263,0.46614583333333337,0.4823763889427201,3.3684210526315788
742,17,33,25,1.7142857142857142,0.43489583333333337,0.21295885499997994,3.0476190476190474
743,18,36,24,1.75,0.40625,0.39999999999999997,3.2
744,18,32,27,1.75,0.45833333333333337,0.39999999999999997,3.2
745,18,32,28,1.75,0.46875,0.39999999999999997,3.2
746,18,33,27,1.75,0.453125,0.39999999999999997,3.2
747,18,31,28,1.75,0.47395833333333337,0.39999999999999997,3.2
748,17,31,26,1.7142857142857142,0.45833333333333337,0.21295885499997994,3.0476190476190474
749,19,29,30,1.7894736842105263,0.5052083333333334,0.48237638894272,3.3684210526315788
750,19,31,26,1.736842105263158,0.45767195767195773,0.5668594533825794,3.3157894736842106
751,18,34,26,1.75,0.4375,0.39999999999999997,3.2
752,17,34,27,1.6666666666666667,0.4444444444444444,0.3086066999241838,3.0
753,18,33,27,1.75,0.453125,0.39999999999999997,3.2
754,19,29,29,1.7894736842105263,0.49739583333333337,0.4823763889427201,3.3684210526315788
755,18,33,28,1.75,0.4609375,0.39999999999999997,3.2
756,18,30,27,1.75,0.4739583333333333,0.39999999999999997,3.2
757,17,32,26,1.7142857142857142,0.45052083333333337,0.21295885499997994,3.0476190476190474
758,18,30,28,1.75,0.48177083333333337,0.39999999999999997,3.2
759,17,32,25,1.7142857142857142,0.4401041666666667,0.21295885499997994,3.0476190476190474
760,19,31,28,1.7894736842105263,0.47395833333333337,0.48237638894272,3.3684210526315788
761,17,31,27,1.7142857142857142,0.4661458333333333,0.21295885499997994,3.0476190476190474
762,19,30,30,1.7894736842105263,0.5,0.48237638894272,3.3684210526315788
763,18,35,23,1.75,0.4036458333333333,0.39999999999999997,3.2
764,17,30,27,1.7142857142857142,0.46875,0.21295885499997994,3.0476190476190474
765,18,32,28,1.75,0.46875,0.39999999999999997,3.2
766,17,31,27,1.7142857142857142,0.46875,0.21295885499997994,3.0476190476190474
767,18,30,28,1.75,0.484375,0.39999999999999997,3.2
768,19,30,29,1.7894736842105263,0.4921875,0.48237638894272,3.3684210526315788
769,18,31,27,1.75,0.46875,0.39999999999999997,3.2
770,18,33,27,1.75,0.453125,0.39999999999999997,3.2
771,19,29,27,1.7894736842105263,0.48177083333333337,0.4823763889427201,3.3684210526315788
772,17,27,28,1.7142857142857142,0.5026041666666666,0.21295885499997994,3.0476190476190474
773,18,29,29,1.75,0.5,0.39999999999999997,3.2
774,19,34,25,1.7894736842105263,0.4296875,0.4823763889427201,3.3684210526315788
775,18,35,25,1.75,0.421875,0.39999999999999997,3.2
776,20,34,23,1.8333333333333333,0.4088541666666667,0.49690399499995325,3.5555555555555554
777,19,34,27,1.7894736842105263,0.4453125,0.48237638894272,3.3684210526315788
778,18,33,25,1.75,0.4375,0.39999999999999997,3.2
779,18,32,27,1.75,0.4609375,0.39999999999999997,3.2
780,18,33,27,1.75,0.45052083333333337,0.39999999999999997,3.2
781,17,34,24,1.7142857142857142,0.421875,0.21295885499997994,3.0476190476190474
782,18,32,28,1.75,0.46875,0.39999999999999997,3.2
783,18,31,28,1.75,0.47395833333333337,0.39999999999999997,3.2
784,19,33,26,1.7894736842105263,0.4453125,0.4823763889427201,3.3684210526315788
785,18,31,28,1.75,0.47395833333333337,0.39999999999999997,3.2
786,19,32,27,1.7894736842105263,0.45833333333333337,0.48237638894272,3.3684210526315788
787,18,30,29,1.75,0.4921875,0.39999999999999997,3.2
788,17,30,28,1.7142857142857142,0.4817708333333333,0.21295885499997994,3.0476190476190474
789,18,32,27,1.75,0.4583333333333333,0.39999999999999997,3.2
790,19,33,26,1.7894736842105263,0.4453125,0.4823763889427201,3.3684210526315788
791,18,32,27,1.75,0.45833333333333337,0.39999999999999997,3.2
792,18,30,28,1.75,0.48177083333333337,0.39999999999999997,3.2
793,19,30,29,1.7894736842105263,0.4921875,0.48237638894272,3.3684210526315788
794,18,33,28,1.75,0.4609375,0.39999999999999997,3.2
795,17,31,28,1.7142857142857142,0.4713541666666667,0.21295885499997994,3.0476190476190474
796,17,33,28,1.7142857142857142,0.4609375,0.21295885499997994,3.0476190476190474
797,18,30,28,1.75,0.4791666666666667,0.39999999999999997,3.2
798,17,32,26,1.7142857142857142,0.453125,0.21295885499997994,3.0476190476190474
799,17,29,28,1.7142857142857142,0.4869791666666667,0.21295885499997994,3.0476190476190474
800,19,31,27,1.7894736842105263,0.46614583333333337,0.48237638894272,3.3684210526315788
801,19,30,29,1.7894736842105263,0.48958333333333337,0.4823763889427201,3.3684210526315788
802,17,29,27,1.7142857142857142,0.4765625,0.21295885499997994,3.0476190476190474
803,19,30,28,1.7894736842105263,0.48177083333333337,0.4823763889427201,3.3684210526315788
804,18,28,27,1.7,0.48677248677248675,0.47696960070847283,3.15
805,19,33,27,1.7894736842105263,0.453125,0.48237638894272,3.3684210526315788
806,18,32,25,1.75,0.44270833333333337,0.39999999999999997,3.2
807,17,30,29,1.7142857142857142,0.4921875,0.21295885499997994,3.0476190476190474
808,18,31,27,1.75,0.4635416666666667,0.39999999999999997,3.2
809,17,31,28,1.7142857142857142,0.4765625,0.21295885499997994,3.0476190476190474
810,19,28,27,1.7894736842105263,0.484375,0.4823763889427201,3.3684210526315788
811,18,32,28,1.75,0.46875,0.39999999999999997,3.2
812,19,32,28,1.736842105263158,0.4661458333333333,0.48237638894272,3.3684210526315788
813,19,36,23,1.7894736842105263,0.3984375,0.4823763889427201,3.3684210526315788
814,19,29,29,1.7894736842105263,0.49739583333333337,0.48237638894272,3.3684210526315788
815,17,30,27,1.7142857142857142,0.47395833333333337,0.21295885499997994,3.0476190476190474
816,18,27,29,1.7,0.5132275132275133,0.47696960070847283,3.15
817,18,31,28,1.75,0.4765625,0.39999999999999997,3.2
818,17,31,28,1.7142857142857142,0.4739583333333333,0.21295885499997994,3.0476190476190474
819,18,33,27,1.75,0.453125,0.39999999999999997,3.2
820,18,33,27,1.75,0.4505208333333333,0.39999999999999997,3.2
821,18,34,27,1.75,0.4453125,0.39999999999999997,3.2
822,18,28,29,1.75,0.5052083333333334,0.39999999999999997,3.2
823,18,33,26,1.75,0.44270833333333337,0.39999999999999997,3.2
824,17,27,30,1.7142857142857142,0.5182291666666666,0.21295885499997994,3.0476190476190474
825,19,34,25,1.7894736842105263,0.4296875,0.4823763889427201,3.3684210526315788
826,19,29,27,1.736842105263158,0.48148148148148145,0.5668594533825794,3.3157894736842106
827,17,34,23,1.7142857142857142,0.4114583333333333,0.21295885499997994,3.0476190476190474
828,18,33,27,1.75,0.453125,0.39999999999999997,3.2
829,19,31,28,1.7894736842105263,0.47395833333333337,0.48237638894272,3.3684210526315788
830,18,30,27,1.75,0.4739583333333333,0.39999999999999997,3.2
831,18,32,27,1.75,0.45833333333333337,0.39999999999999997,3.2
832,17,32,26,1.6666666666666667,0.44973544973544977,0.3086066999241838,3.0
833,19,33,27,1.7894736842105263,0.453125,0.48237638894272,3.3684210526315788
834,17,34,26,1.7142857142857142,0.4375,0.21295885499997994,3.0476190476190474
835,18,32,26,1.75,0.4505208333333333,0.39999999999999997,3.2
836,19,29,27,1.7894736842105263,0.48177083333333337,0.48237638894272,3.3684210526315788
837,17,31,28,1.7142857142857142,0.47395833333333337,0.21295885499997994,3.0476190476190474
838,18,32,26,1.75,0.44791666666666663,0.39999999999999997,3.2
839,17,30,28,1.7142857142857142,0.484375,0.21295885499997994,3.0476190476190474
840,17,31,29,1.7142857142857142,0.4817708333333333,0.21295885499997994,3.0476190476190474
841,18,32,28,1.75,0.46875,0.39999999999999997,3.2
842,19,32,28,1.7894736842105263,0.46875,0.48237638894272,3.3684210526315788
843,18,30,28,1.75,0.4817708333333333,0.39999999999999997,3.2
844,19,30,28,1.7894736842105263,0.4817708333333333,0.48237638894272,3.3684210526315788
845,18,32,28,1.75,0.46875,0.39999999999999997,3.2
846,19,33,27,1.7894736842105263,0.453125,0.4823763889427201,3.3684210526315788
847,18,31,28,1.75,0.4765625,0.39999999999999997,3.2
848,18,31,29,1.75,0.484375,0.39999999999999997,3.2
849,18,28,28,1.7,0.4947089947089947,0.47696960070847283,3.15
850,18,30,28,1.75,0.48177083333333337,0.39999999999999997,3.2
851,17,31,28,1.7142857142857142,0.4765625,0.21295885499997994,3.0476190476190474
852,18,30,28,1.75,0.48177083333333337,0.39999999999999997,3.2
853,18,32,28,1.75,0.46875,0.39999999999999997,3.2
854,18,30,27,1.75,0.47135416666666663,0.39999999999999997,3.2
855,18,32,27,1.75,0.45833333333333337,0.39999999999999997,3.2
856,18,30,28,1.75,0.4791666666666667,0.39999999999999997,3.2
857,18,31,28,1.75,0.47395833333333337,0.39999999999999997,3.2
858,18,30,27,1.75,0.4765625,0.39999999999999997,3.2
859,18,31,28,1.75,0.47395833333333337,0.39999999999999997,3.2
860,18,27,29,1.75,0.5130208333333334,0.39999999999999997,3.2
861,18,30,29,1.75,0.4921875,0.39999999999999997,3.2
862,18,30,28,1.75,0.4817708333333333,0.39999999999999997,3.2
863,18,32,27,1.75,0.4609375,0.39999999999999997,3.2
864,18,29,30,1.75,0.5078125,0.39999999999999997,3.2
865,19,34,26,1.7894736842105263,0.4375,0.4823763889427201,3.3684210526315788
866,18,37,22,1.75,0.3828125,0.39999999999999997,3.2
867,17,33,27,1.7142857142857142,0.453125,0.21295885499997994,3.0476190476190474
868,18,31,28,1.75,0.4765625,0.39999999999999997,3.2
869,18,31,27,1.75,0.46614583333333337,0.39999999999999997,3.2
870,19,32,27,1.7894736842105263,0.4609375,0.48237638894272,3.3684210526315788
871,19,32,28,1.7894736842105263,0.46875,0.4823763889427201,3.3684210526315788
872,18,30,28,1.75,0.484375,0.39999999999999997,3.2
873,17,30,29,1.7142857142857142,0.48958333333333337,0.21295885499997994,3.0476190476190474
874,17,28,29,1.7142857142857142,0.5026041666666667,0.21295885499997994,3.0476190476190474
875,17,30,27,1.7142857142857142,0.4739583333333333,0.21295885499997994,3.0476190476190474
876,18,30,28,1.75,0.48177083333333337,0.39999999999999997,3.2
877,17,32,27,1.7142857142857142,0.45833333333333337,0.21295885499997994,3.0476190476190474
878,19,33,25,1.7894736842105263,0.4375,0.4823763889427201,3.3684210526315788
879,18,28,28,1.7,0.4947089947089947,0.47696960070847283,3.15
880,18,29,28,1.75,0.4869791666666667,0.39999999999999997,3.2
881,18,33,25,1.75,0.43489583333333337,0.39999999999999997,3.2
882,17,29,29,1.7142857142857142,0.5,0.21295885499997994,3.0476190476190474
883,18,30,27,1.75,0.4713541666666667,0.39999999999999997,3.2
884,18,30,29,1.75,0.4921875,0.39999999999999997,3.2
885,18,28,28,1.7,0.4947089947089947,0.47696960070847283,3.15
886,19,30,29,1.7894736842105263,0.48958333333333337,0.4823763889427201,3.3684210526315788
887,18,31,28,1.75,0.47395833333333337,0.39999999999999997,3.2
888,18,30,28,1.75,0.48177083333333337,0.39999999999999997,3.2
889,18,29,29,1.75,0.5,0.39999999999999997,3.2
890,17,29,29,1.7142857142857142,0.4973958333333333,0.21295885499997994,3.0476190476190474
891,17,32,25,1.7142857142857142,0.44010416666666663,0.21295885499997994,3.0476190476190474
892,18,34,25,1.75,0.42708333333333337,0.39999999999999997,3.2
893,19,30,28,1.7894736842105263,0.48177083333333337,0.4823763889427201,3.3684210526315788
894,19,31,28,1.7894736842105263,0.47395833333333337,0.4823763889427201,3.3684210526315788
895,18,31,28,1.75,0.47395833333333337,0.39999999999999997,3.2
896,18,30,28,1.75,0.484375,0.39999999999999997,3.2
897,19,34,24,1.7894736842105263,0.4192708333333333,0.4823763889427201,3.3684210526315788
898,18,30,28,1.75,0.484375,0.39999999999999997,3.2
899,18,30,26,1.75,0.4635416666666667,0.39999999999999997,3.2
900,19,33,27,1.7894736842105263,0.453125,0.48237638894272,3.3684210526315788
901,19,31,26,1.7894736842105263,0.4557291666666667,0.4823763889427201,3.3684210526315788
902,18,28,29,1.75,0.5026041666666667,0.39999999999999997,3.2
903,17,29,27,1.7142857142857142,0.4791666666666667,0.21295885499997994,3.0476190476190474
904,18,30,28,1.75,0.47916666666666663,0.39999999999999997,3.2
905,17,32,26,1.7142857142857142,0.453125,0.21295885499997994,3.0476190476190474
906,18,33,27,1.75,0.453125,0.39999999999999997,3.2
907,19,29,29,1.7894736842105263,0.4973958333333333,0.48237638894272,3.3684210526315788
908,18,28,29,1.75,0.5052083333333334,0.39999999999999997,3.2
909,18,27,29,1.75,0.5052083333333333,0.39999999999999997,3.2
910,19,33,25,1.7894736842105263,0.4348958333333333,0.4823763889427201,3.3684210526315788
911,18,28,28,1.7,0.4973544973544974,0.47696960070847283,3.15
912,18,30,29,1.75,0.48958333333333337,0.39999999999999997,3.2
913,17,29,29,1.6666666666666667,0.4973544973544974,0.3086066999241838,3.0
914,18,31,27,1.7,0.46825396825396826,0.47696960070847283,3.15
915,18,31,28,1.75,0.47395833333333337,0.39999999999999997,3.2
916,18,29,28,1.75,0.4869791666666667,0.39999999999999997,3.2
917,17,31,28,1.7142857142857142,0.4765625,0.21295885499997994,3.0476190476190474
918,18,31,27,1.75,0.46614583333333337,0.39999999999999997,3.2
919,19,29,27,1.736842105263158,0.48412698412698413,0.5668594533825794,3.3157894736842106
920,19,32,27,1.7894736842105263,0.4609375,0.48237638894272,3.3684210526315788
921,18,31,24,1.7,0.4365079365079365,0.47696960070847283,3.15
922,19,34,25,1.7894736842105263,0.4270833333333333,0.48237638894272,3.3684210526315788
923,17,27,29,1.7142857142857142,0.5104166666666666,0.21295885499997994,3.0476190476190474
924,18,31,26,1.75,0.4583333333333333,0.39999999999999997,3.2
925,18,29,27,1.7,0.4814814814814815,0.47696960070847283,3.15
926,17,29,30,1.7142857142857142,0.5052083333333334,0.21295885499997994,3.0476190476190474
927,18,32,27,1.75,0.45833333333333337,0.39999999999999997,3.2
928,19,32,26,1.7894736842105263,0.4479166666666667,0.4823763889427201,3.3684210526315788
929,19,29,28,1.7894736842105263,0.48958333333333337,0.4823763889427201,3.3684210526315788
930,17,31,28,1.7142857142857142,0.47395833333333337,0.21295885499997994,3.0476190476190474
931,17,30,29,1.7142857142857142,0.48958333333333337,0.21295885499997994,3.0476190476190474
932,18,32,24,1.75,0.4322916666666667,0.39999999999999997,3.2
933,17,32,27,1.7142857142857142,0.45833333333333337,0.21295885499997994,3.0476190476190474
934,17,30,28,1.7142857142857142,0.4791666666666667,0.21295885499997994,3.0476190476190474
935,18,29,28,1.75,0.48697916666666663,0.39999999999999997,3.2
936,17,29,29,1.7142857142857142,0.4973958333333333,0.21295885499997994,3.0476190476190474
937,18,30,27,1.75,0.4713541666666667,0.39999999999999997,3.2
938,18,27,28,1.75,0.5052083333333334,0.39999999999999997,3.2
939,17,30,29,1.7142857142857142,0.4921875,0.21295885499997994,3.0476190476190474
940,18,34,26,1.75,0.4375,0.39999999999999997,3.2
941,18,30,27,1.75,0.47395833333333337,0.39999999999999997,3.2
942,17,32,28,1.7142857142857142,0.46875,0.21295885499997994,3.0476190476190474
943,18,32,27,1.75,0.45833333333333337,0.39999999999999997,3.2
944,18,40,19,1.75,0.3359375,0.39999999999999997,3.2
945,18,30,28,1.75,0.48177083333333337,0.39999999999999997,3.2
946,18,31,28,1.75,0.47395833333333337,0.39999999999999997,3.2
947,18,30,28,1.75,0.484375,0.39999999999999997,3.2
948,18,30,29,1.75,0.48958333333333337,0.39999999999999997,3.2
949,17,31,24,1.7142857142857142,0.4401041666666667,0.21295885499997994,3.0476190476190474
950,17,33,23,1.6666666666666667,0.417989417989418,0.3086066999241838,3.0
951,18,33,27,1.75,0.453125,0.39999999999999997,3.2
952,18,30,27,1.75,0.4713541666666667,0.39999999999999997,3.2
953,18,35,24,1.75,0.41145833333333337,0.39999999999999997,3.2
954,17,29,27,1.7142857142857142,0.4765625,0.21295885499997994,3.0476190476190474
955,18,31,27,1.75,0.46614583333333337,0.39999999999999997,3.2
956,17,32,25,1.7142857142857142,0.4427083333333333,0.21295885499997996,3.0476190476190474
957,18,29,29,1.75,0.5,0.39999999999999997,3.2
958,18,32,26,1.75,0.4505208333333333,0.39999999999999997,3.2
959,18,28,29,1.75,0.5078125,0.39999999999999997,3.2
960,19,28,29,1.7894736842105263,0.5052083333333334,0.4823763889427201,3.3684210526315788
961,18,31,28,1.75,0.4765625,0.39999999999999997,3.2
962,18,30,27,1.75,0.47395833333333337,0.39999999999999997,3.2
963,18,29,28,1.75,0.4869791666666667,0.39999999999999997,3.2
964,18,30,28,1.75,0.484375,0.39999999999999997,3.2
965,18,31,28,1.75,0.47395833333333337,0.39999999999999997,3.2
966,17,33,24,1.7142857142857142,0.42447916666666663,0.21295885499997994,3.0476190476190474
967,18,33,27,1.75,0.453125,0.39999999999999997,3.2
968,17,33,27,1.7142857142857142,0.4505208333333333,0.21295885499997994,3.0476190476190474
969,18,35,23,1.75,0.4010416666666667,0.39999999999999997,3.2
970,17,33,26,1.7142857142857142,0.44270833333333337,0.21295885499997994,3.0476190476190474
971,19,34,23,1.7894736842105263,0.41145833333333337,0.4823763889427201,3.3684210526315788
972,20,39,18,1.8333333333333333,0.3359375,0.49690399499995325,3.5555555555555554
973,18,33,26,1.75,0.44270833333333337,0.39999999999999997,3.2
974,17,33,24,1.7142857142857142,0.4244791666666667,0.21295885499997994,3.0476190476190474
975,18,30,28,1.75,0.4791666666666667,0.39999999999999997,3.2
976,18,39,21,1.75,0.359375,0.39999999999999997,3.2
977,18,28,29,1.75,0.5026041666666667,0.39999999999999997,3.2
978,18,33,24,1.75,0.4244791666666667,0.39999999999999997,3.2
979,18,30,28,1.75,0.48177083333333337,0.39999999999999997,3.2
980,18,32,26,1.75,0.4505208333333333,0.39999999999999997,3.2
981,18,29,29,1.75,0.49739583333333337,0.39999999999999997,3.2
982,18,34,22,1.75,0.4010416666666667,0.39999999999999997,3.2
983,18,29,29,1.75,0.49739583333333337,0.39999999999999997,3.2
984,19,32,27,1.7894736842105263,0.45833333333333337,0.4823763889427201,3.3684210526315788
985,17,30,28,1.7142857142857142,0.484375,0.21295885499997994,3.0476190476190474
986,18,28,29,1.75,0.5052083333333334,0.39999999999999997,3.2
987,18,29,30,1.75,0.5052083333333334,0.39999999999999997,3.2
988,18,32,25,1.75,0.44270833333333337,0.39999999999999997,3.2
989,18,29,28,1.75,0.4869791666666667,0.39999999999999997,3.2
990,19,30,29,1.7894736842105263,0.48958333333333337,0.4823763889427201,3.3684210526315788
991,18,29,28,1.75,0.48958333333333337,0.39999999999999997,3.2
992,18,33,27,1.75,0.453125,0.39999999999999997,3.2
993,18,31,28,1.75,0.4765625,0.39999999999999997,3.2
994,17,28,28,1.7142857142857142,0.49479166666666663,0.21295885499997994,3.0476190476190474
995,19,31,28,1.7894736842105263,0.47395833333333337,0.4823763889427201,3.3684210526315788
996,18,33,28,1.75,0.4609375,0.39999999999999997,3.2
997,19,33,25,1.7894736842105263,0.4348958333333333,0.48237638894272,3.3684210526315788
998,17,28,29,1.7142857142857142,0.5078125,0.21295885499997994,3.0476190476190474
999,18,27,28,1.75,0.5,0.39999999999999997,3.2
1000,19,36,22,1.736842105263158,0.3862433862433863,0.5668594533825794,3.3157894736842106
1001,18,31,27,1.75,0.46614583333333337,0.39999999999999997,3.2
1002,19,34,25,1.7894736842105263,0.4296875,0.4823763889427201,3.3684210526315788
1003,19,32,28,1.7894736842105263,0.46875,0.48237638894272,3.3684210526315788
1004,17,29,28,1.7142857142857142,0.4869791666666667,0.21295885499997994,3.0476190476190474
1005,18,31,24,1.75,0.44270833333333337,0.39999999999999997,3.2
1006,18,33,27,1.75,0.453125,0.39999999999999997,3.2
1007,18,29,29,1.75,0.49739583333333337,0.39999999999999997,3.2
1008,19,30,28,1.7894736842105263,0.484375,0.4823763889427201,3.3684210526315788
1009,18,29,29,1.75,0.5,0.39999999999999997,3.2
1010,18,29,27,1.75,0.48177083333333337,0.39999999999999997,3.2
1011,19,32,28,1.7894736842105263,0.46875,0.4823763889427201,3.3684210526315788
1012,18,31,28,1.75,0.47395833333333337,0.39999999999999997,3.2
1013,18,31,27,1.75,0.46614583333333337,0.39999999999999997,3.2
1014,17,30,28,1.7142857142857142,0.48177083333333337,0.21295885499997994,3.0476190476190474
1015,18,32,27,1.75,0.45833333333333337,0.39999999999999997,3.2
1016,17,31,26,1.7142857142857142,0.4583333333333333,0.21295885499997994,3.0476190476190474
1017,17,29,27,1.7142857142857142,0.48177083333333337,0.21295885499997994,3.0476190476190474
1018,18,30,25,1.75,0.4557291666666667,0.39999999999999997,3.2
1019,18,29,26,1.75,0.4713541666666667,0.39999999999999997,3.2
1020,18,27,30,1.75,0.5208333333333334,0.39999999999999997,3.2
1021,18,30,28,1.75,0.48177083333333337,0.39999999999999997,3.2
1022,18,30,28,1.75,0.484375,0.39999999999999997,3.2
1023,18,32,27,1.75,0.4609375,0.39999999999999997,3.2
1024,18,30,29,1.75,0.48958333333333337,0.39999999999999997,3.2
1025,17,29,28,1.7142857142857142,0.48958333333333337,0.21295885499997994,3.0476190476190474
1026,17,31,27,1.7142857142857142,0.46614583333333337,0.21295885499997994,3.0476190476190474
1027,18,29,28,1.75,0.4869791666666667,0.39999999999999997,3.2
1028,17,31,28,1.7142857142857142,0.4765625,0.21295885499997994,3.0476190476190474
1029,18,30,28,1.75,0.484375,0.39999999999999997,3.2
1030,18,30,29,1.75,0.48958333333333337,0.39999999999999997,3.2
1031,17,25,30,1.7142857142857142,0.5338541666666667,0.21295885499997994,3.0476190476190474
1032,18,30,28,1.75,0.484375,0.39999999999999997,3.2
1033,18,30,27,1.75,0.4765625,0.39999999999999997,3.2
1034,18,31,28,1.75,0.4765625,0.39999999999999997,3.2
1035,18,30,29,1.75,0.48958333333333337,0.39999999999999997,3.2
1036,18,28,29,1.75,0.5052083333333334,0.39999999999999997,3.2
1037,18,30,26,1.75,0.46354166666666663,0.39999999999999997,3.2
1038,18,27,29,1.75,0.5104166666666666,0.39999999999999997,3.2
1039,17,29,28,1.7142857142857142,0.4869791666666667,0.21295885499997994,3.0476190476190474
1040,19,29,29,1.7894736842105263,0.49739583333333337,0.4823763889427201,3.3684210526315788
1041,17,29,28,1.7142857142857142,0.4869791666666667,0.21295885499997994,3.0476190476190474
1042,17,26,28,1.7142857142857142,0.5104166666666666,0.21295885499997994,3.0476190476190474
1043,17,28,29,1.7142857142857142,0.5026041666666667,0.21295885499997994,3.0476190476190474
1044,18,34,26,1.75,0.4375,0.39999999999999997,3.2
1045,18,31,27,1.75,0.46875,0.39999999999999997,3.2
1046,19,29,30,1.7894736842105263,0.5078125,0.4823763889427201,3.3684210526315788
1047,17,30,27,1.7142857142857142,0.47395833333333337,0.21295885499997994,3.0476190476190474
1048,18,29,28,1.75,0.48697916666666663,0.39999999999999997,3.2
1049,18,27,29,1.75,0.5130208333333334,0.39999999999999997,3.2
1050,17,30,28,1.7142857142857142,0.4791666666666667,0.21295885499997994,3.0476190476190474
1051,18,30,27,1.75,0.47395833333333337,0.39999999999999997,3.2
1052,18,30,28,1.75,0.484375,0.39999999999999997,3.2
1053,18,29,28,1.75,0.48958333333333337,0.39999999999999997,3.2
1054,19,29,28,1.7894736842105263,0.4921875,0.48237638894272,3.3684210526315788
1055,18,28,29,1.75,0.5052083333333334,0.39999999999999997,3.2
1056,18,28,28,1.7,0.4947089947089947,0.47696960070847283,3.15
1057,17,30,26,1.7142857142857142,0.46614583333333337,0.21295885499997994,3.0476190476190474
1058,18,27,29,1.7,0.5079365079365079,0.47696960070847283,3.15
1059,17,29,28,1.7142857142857142,0.48958333333333337,0.21295885499997994,3.0476190476190474
1060,18,29,28,1.75,0.48958333333333337,0.39999999999999997,3.2
1061,18,34,24,1.75,0.41666666666666663,0.39999999999999997,3.2
1062,18,26,29,1.75,0.5182291666666666,0.39999999999999997,3.2
1063,17,31,27,1.7142857142857142,0.46354166666666663,0.21295885499997994,3.0476190476190474
1064,18,30,27,1.75,0.47395833333333337,0.39999999999999997,3.2
1065,17,32,27,1.7142857142857142,0.4609375,0.21295885499997994,3.0476190476190474
1066,18,28,29,1.75,0.5052083333333334,0.39999999999999997,3.2
1067,18,32,26,1.75,0.44791666666666663,0.39999999999999997,3.2
1068,18,26,30,1.75,0.5286458333333334,0.39999999999999997,3.2
1069,18,28,28,1.75,0.49739583333333337,0.39999999999999997,3.2
1070,18,28,28,1.75,0.49739583333333337,0.39999999999999997,3.2
1071,19,28,28,1.7894736842105263,0.49739583333333337,0.48237638894272,3.3684210526315788
1072,18,27,29,1.75,0.5104166666666667,0.39999999999999997,3.2
1073,18,28,28,1.75,0.49739583333333337,0.39999999999999997,3.2
1074,19,26,29,1.7894736842105263,0.515625,0.48237638894272,3.3684210526315788
1075,17,29,27,1.7142857142857142,0.4791666666666667,0.21295885499997994,3.0476190476190474
1076,17,27,29,1.7142857142857142,0.5130208333333334,0.21295885499997994,3.0476190476190474
1077,18,29,28,1.75,0.48958333333333337,0.39999999999999997,3.2
1078,19,31,27,1.7894736842105263,0.46875,0.4823763889427201,3.3684210526315788
1079,17,28,28,1.7142857142857142,0.4947916666666667,0.21295885499997994,3.0476190476190474
1080,17,26,29,1.7142857142857142,0.5182291666666667,0.21295885499997994,3.0476190476190474
1081,17,27,26,1.6666666666666667,0.48148148148148145,0.3086066999241838,3.0
1082,18,30,27,1.75,0.4739583333333333,0.39999999999999997,3.2
1083,18,29,28,1.75,0.48958333333333337,0.39999999999999997,3.2
1084,18,34,26,1.75,0.43489583333333337,0.39999999999999997,3.2
1085,18,27,30,1.75,0.5208333333333334,0.39999999999999997,3.2
1086,18,29,28,1.75,0.48958333333333337,0.39999999999999997,3.2
1087,18,27,30,1.75,0.5208333333333334,0.39999999999999997,3.2
1088,17,29,28,1.7142857142857142,0.48958333333333337,0.21295885499997994,3.0476190476190474
1089,18,29,28,1.75,0.48697916666666663,0.39999999999999997,3.2
1090,17,38,21,1.7142857142857142,0.36458333333333337,0.21295885499997994,3.0476190476190474
1091,18,29,28,1.75,0.4869791666666667,0.39999999999999997,3.2
1092,18,29,28,1.75,0.48958333333333337,0.39999999999999997,3.2
1093,18,27,27,1.7,0.4973544973544974,0.47696960070847283,3.15
1094,18,30,28,1.75,0.48177083333333337,0.39999999999999997,3.2
1095,18,28,28,1.75,0.49739583333333337,0.39999999999999997,3.2
1096,19,28,27,1.736842105263158,0.4867724867724868,0.5668594533825794,3.3157894736842106
1097,19,28,29,1.7894736842105263,0.5026041666666667,0.48237638894272,3.3684210526315788
1098,17,30,28,1.7142857142857142,0.48177083333333337,0.21295885499997994,3.0476190476190474
1099,18,28,28,1.75,0.4973958333333333,0.39999999999999997,3.2
1100,17,31,27,1.7142857142857142,0.46875,0.21295885499997994,3.0476190476190474
1101,18,28,27,1.7,0.4867724867724868,0.47696960070847283,3.15
1102,19,29,28,1.7894736842105263,0.4921875,0.48237638894272,3.3684210526315788
1103,19,28,29,1.7894736842105263,0.5026041666666666,0.4823763889427201,3.3684210526315788
1104,18,28,28,1.75,0.4947916666666667,0.39999999999999997,3.2
1105,17,27,29,1.7142857142857142,0.5130208333333334,0.21295885499997994,3.0476190476190474
1106,18,23,29,1.7,0.5396825396825398,0.47696960070847283,3.15
1107,17,26,29,1.7142857142857142,0.5182291666666666,0.21295885499997994,3.0476190476190474
1108,19,31,27,1.7894736842105263,0.46875,0.4823763889427201,3.3684210526315788
1109,18,32,27,1.75,0.45833333333333337,0.39999999999999997,3.2
1110,17,24,30,1.6666666666666667,0.5423280423280424,0.3086066999241838,3.0
1111,18,27,29,1.75,0.515625,0.39999999999999997,3.2
1112,18,27,29,1.75,0.5130208333333334,0.39999999999999997,3.2
1113,18,26,30,1.75,0.5260416666666666,0.39999999999999997,3.2
1114,18,28,29,1.75,0.5078125,0.39999999999999997,3.2
1115,18,31,26,1.75,0.45833333333333337,0.39999999999999997,3.2
1116,18,25,29,1.75,0.5234375,0.39999999999999997,3.2
1117,18,28,28,1.75,0.49739583333333337,0.39999999999999997,3.2
1118,19,30,27,1.7894736842105263,0.47395833333333337,0.4823763889427201,3.3684210526315788
1119,17,26,30,1.7142857142857142,0.5260416666666666,0.21295885499997994,3.0476190476190474
1120,19,29,28,1.7894736842105263,0.48958333333333337,0.4823763889427201,3.3684210526315788
1121,18,32,25,1.75,0.4453125,0.39999999999999997,3.2
1122,18,25,31,1.75,0.5416666666666667,0.39999999999999997,3.2
1123,18,28,28,1.75,0.49739583333333337,0.39999999999999997,3.2
1124,19,29,28,1.7894736842105263,0.48958333333333337,0.4823763889427201,3.3684210526315788
1125,18,27,29,1.75,0.5130208333333334,0.39999999999999997,3.2
1126,17,29,25,1.7142857142857142,0.4635416666666667,0.21295885499997994,3.0476190476190474
1127,18,28,27,1.75,0.48958333333333337,0.39999999999999997,3.2
1128,18,34,25,1.75,0.42708333333333337,0.39999999999999997,3.2
1129,17,26,30,1.7142857142857142,0.5234375,0.21295885499997994,3.0476190476190474
1130,18,29,25,1.7,0.46296296296296297,0.47696960070847283,3.15
1131,18,29,28,1.75,0.48958333333333337,0.39999999999999997,3.2
1132,18,28,27,1.75,0.4869791666666667,0.39999999999999997,3.2
1133,17,30,27,1.7142857142857142,0.47395833333333337,0.21295885499997994,3.0476190476190474
1134,18,28,28,1.75,0.49739583333333337,0.39999999999999997,3.2
1135,18,26,28,1.75,0.5078125,0.39999999999999997,3.2
1136,18,29,28,1.75,0.48958333333333337,0.39999999999999997,3.2
1137,18,27,29,1.75,0.5130208333333334,0.39999999999999997,3.2
1138,18,24,30,1.75,0.5390625,0.39999999999999997,3.2
1139,18,29,27,1.75,0.48177083333333337,0.39999999999999997,3.2
1140,17,29,27,1.7142857142857142,0.48177083333333337,0.21295885499997994,3.0476190476190474
1141,18,29,30,1.75,0.5052083333333334,0.39999999999999997,3.2
1142,17,24,30,1.7142857142857142,0.5390625,0.21295885499997994,3.0476190476190474
1143,17,27,28,1.7142857142857142,0.5026041666666666,0.21295885499997994,3.0476190476190474
1144,18,28,28,1.75,0.4947916666666667,0.39999999999999997,3.2
1145,18,30,27,1.75,0.47395833333333337,0.39999999999999997,3.2
1146,18,29,26,1.75,0.46875000000000006,0.39999999999999997,3.2
1147,18,29,28,1.75,0.48958333333333337,0.39999999999999997,3.2
1148,17,28,28,1.7142857142857142,0.5,0.21295885499997994,3.0476190476190474
1149,17,30,28,1.7142857142857142,0.4791666666666667,0.21295885499997994,3.0476190476190474
1150,18,28,30,1.75,0.5130208333333334,0.39999999999999997,3.2
1151,17,29,28,1.7142857142857142,0.4895833333333333,0.21295885499997994,3.0476190476190474
1152,18,29,28,1.75,0.48958333333333337,0.39999999999999997,3.2
1153,18,29,28,1.75,0.48958333333333337,0.39999999999999997,3.2
1154,18,28,29,1.75,0.5052083333333334,0.39999999999999997,3.2
1155,18,28,28,1.75,0.49739583333333337,0.39999999999999997,3.2
1156,17,28,28,1.7142857142857142,0.4947916666666667,0.21295885499997994,3.0476190476190474
1157,18,25,30,1.75,0.5338541666666666,0.39999999999999997,3.2
1158,17,25,31,1.7142857142857142,0.5442708333333334,0.21295885499997994,3.0476190476190474
1159,18,29,29,1.75,0.49739583333333337,0.39999999999999997,3.2
1160,18,29,27,1.75,0.48177083333333337,0.39999999999999997,3.2
1161,18,26,31,1.75,0.5364583333333334,0.39999999999999997,3.2
1162,18,30,27,1.75,0.46875,0.39999999999999997,3.2
1163,17,31,27,1.7142857142857142,0.46354166666666663,0.21295885499997994,3.0476190476190474
1164,17,28,28,1.7142857142857142,0.49479166666666663,0.21295885499997994,3.0476190476190474
1165,19,27,28,1.7894736842105263,0.5052083333333334,0.48237638894272,3.3684210526315788
1166,18,27,29,1.75,0.5130208333333334,0.39999999999999997,3.2
1167,17,28,29,1.7142857142857142,0.5052083333333334,0.21295885499997994,3.0476190476190474
1168,18,27,30,1.75,0.5208333333333334,0.39999999999999997,3.2
1169,18,28,29,1.75,0.5052083333333334,0.39999999999999997,3.2
1170,18,28,29,1.75,0.5052083333333334,0.39999999999999997,3.2
1171,17,29,29,1.7142857142857142,0.5,0.21295885499997994,3.0476190476190474
1172,18,32,26,1.75,0.45052083333333337,0.39999999999999997,3.2
1173,17,28,28,1.7142857142857142,0.49739583333333337,0.21295885499997994,3.0476190476190474
1174,17,32,25,1.7142857142857142,0.4453125,0.21295885499997994,3.0476190476190474
1175,18,25,31,1.75,0.5416666666666667,0.39999999999999997,3.2
1176,17,30,24,1.7142857142857142,0.4453125,0.21295885499997994,3.0476190476190474
1177,17,26,29,1.7142857142857142,0.515625,0.21295885499997994,3.0476190476190474
1178,19,29,28,1.7894736842105263,0.48958333333333337,0.4823763889427201,3.3684210526315788
1179,18,29,28,1.75,0.4921875,0.39999999999999997,3.2
1180,17,26,29,1.7142857142857142,0.5182291666666667,0.21295885499997994,3.0476190476190474
1181,17,26,30,1.7142857142857142,0.5286458333333334,0.21295885499997994,3.0476190476190474
1182,19,29,28,1.7894736842105263,0.48958333333333337,0.48237638894272,3.3684210526315788
1183,18,28,27,1.75,0.4895833333333333,0.39999999999999997,3.2
1184,19,29,27,1.7894736842105263,0.48177083333333337,0.48237638894272,3.3684210526315788
1185,18,23,31,1.75,0.5546875,0.39999999999999997,3.2
1186,18,30,25,1.75,0.4557291666666667,0.39999999999999997,3.2
1187,18,25,30,1.75,0.5338541666666666,0.39999999999999997,3.2
1188,17,24,30,1.7142857142857142,0.5390625,0.21295885499997994,3.0476190476190474
1189,18,28,29,1.75,0.5052083333333334,0.39999999999999997,3.2
1190,18,28,28,1.75,0.49739583333333337,0.39999999999999997,3.2
1191,18,26,28,1.75,0.5104166666666667,0.39999999999999997,3.2
1192,19,28,29,1.7894736842105263,0.5052083333333333,0.48237638894272,3.3684210526315788
1193,18,28,29,1.75,0.5052083333333334,0.39999999999999997,3.2
1194,19,29,28,1.7894736842105263,0.48958333333333337,0.48237638894272,3.3684210526315788
1195,17,27,29,1.7142857142857142,0.5130208333333334,0.21295885499997994,3.0476190476190474
1196,18,29,27,1.75,0.48177083333333337,0.39999999999999997,3.2
1197,17,27,30,1.7142857142857142,0.5182291666666667,0.21295885499997994,3.0476190476190474
1198,18,26,30,1.75,0.5286458333333334,0.39999999999999997,3.2
1199,17,28,28,1.7142857142857142,0.49739583333333337,0.21295885499997994,3.0476190476190474
1200,18,29,27,1.75,0.48177083333333337,0.39999999999999997,3.2
1201,18,29,27,1.75,0.48177083333333337,0.39999999999999997,3.2
1202,17,25,31,1.7142857142857142,0.5416666666666666,0.21295885499997994,3.0476190476190474
1203,18,27,28,1.75,0.5052083333333334,0.39999999999999997,3.2
1204,17,27,29,1.7142857142857142,0.5104166666666667,0.21295885499997994,3.0476190476190474
1205,18,28,28,1.75,0.49739583333333337,0.39999999999999997,3.2
1206,18,29,27,1.75,0.48177083333333337,0.39999999999999997,3.2
1207,18,26,30,1.75,0.5286458333333334,0.39999999999999997,3.2
1208,17,29,29,1.7142857142857142,0.49479166666666663,0.21295885499997994,3.0476190476190474
1209,18,26,29,1.75,0.5208333333333334,0.39999999999999997,3.2
1210,17,26,29,1.7142857142857142,0.5208333333333334,0.21295885499997994,3.0476190476190474
1211,18,29,28,1.75,0.4895833333333333,0.39999999999999997,3.2
1212,17,27,29,1.7142857142857142,0.5130208333333334,0.21295885499997994,3.0476190476190474
1213,18,28,29,1.75,0.5052083333333334,0.39999999999999997,3.2
1214,17,28,28,1.7142857142857142,0.49739583333333337,0.21295885499997994,3.0476190476190474
1215,18,25,30,1.75,0.5364583333333334,0.39999999999999997,3.2
1216,18,29,29,1.75,0.49739583333333337,0.39999999999999997,3.2
1217,18,31,28,1.75,0.47395833333333337,0.39999999999999997,3.2
1218,17,27,27,1.7142857142857142,0.4921875,0.21295885499997994,3.0476190476190474
1219,19,25,28,1.7894736842105263,0.515625,0.4823763889427201,3.3684210526315788
1220,18,29,30,1.75,0.5052083333333334,0.39999999999999997,3.2
1221,18,26,29,1.75,0.5208333333333334,0.39999999999999997,3.2
1222,18,28,27,1.75,0.48697916666666663,0.39999999999999997,3.2
1223,17,31,23,1.7142857142857142,0.43229166666666674,0.21295885499997994,3.0476190476190474
1224,18,28,29,1.75,0.5052083333333334,0.39999999999999997,3.2
1225,18,27,30,1.75,0.5208333333333334,0.39999999999999997,3.2
1226,18,28,28,1.7,0.4973544973544974,0.47696960070847283,3.15
1227,18,26,29,1.75,0.5130208333333333,0.39999999999999997,3.2
1228,18,29,27,1.75,0.48177083333333337,0.39999999999999997,3.2
1229,18,29,28,1.75,0.48958333333333337,0.39999999999999997,3.2
1230,18,28,30,1.75,0.5130208333333334,0.39999999999999997,3.2
1231,18,28,28,1.75,0.4947916666666667,0.39999999999999997,3.2
1232,17,31,26,1.7142857142857142,0.45833333333333337,0.21295885499997994,3.0476190476190474
1233,17,23,30,1.7142857142857142,0.546875,0.21295885499997994,3.0476190476190474
1234,18,28,27,1.75,0.48958333333333337,0.39999999999999997,3.2
1235,18,28,28,1.75,0.4947916666666667,0.39999999999999997,3.2
1236,18,26,30,1.75,0.5260416666666667,0.39999999999999997,3.2
1237,17,29,28,1.7142857142857142,0.4921875,0.21295885499997994,3.0476190476190474
1238,17,30,27,1.7142857142857142,0.47395833333333337,0.21295885499997994,3.0476190476190474
1239,19,28,29,1.7894736842105263,0.5052083333333334,0.4823763889427201,3.3684210526315788
1240,18,30,27,1.75,0.47395833333333337,0.39999999999999997,3.2
1241,19,28,29,1.7894736842105263,0.5052083333333334,0.48237638894272,3.3684210526315788
1242,18,26,29,1.7,0.5185185185185186,0.47696960070847283,3.15
1243,17,25,30,1.7142857142857142,0.5338541666666667,0.21295885499997994,3.0476190476190474
1244,18,27,29,1.75,0.5130208333333334,0.39999999999999997,3.2
1245,18,34,23,1.75,0.4140625,0.39999999999999997,3.2
1246,18,29,29,1.75,0.49739583333333337,0.39999999999999997,3.2
1247,18,26,31,1.75,0.5364583333333334,0.39999999999999997,3.2
1248,19,26,30,1.7894736842105263,0.5260416666666666,0.4823763889427201,3.3684210526315788
1249,18,27,29,1.75,0.5130208333333334,0.39999999999999997,3.2
1250,17,26,29,1.7142857142857142,0.5182291666666667,0.21295885499997994,3.0476190476190474
1251,18,27,29,1.75,0.5104166666666666,0.39999999999999997,3.2
1252,17,33,25,1.7142857142857142,0.4375,0.21295885499997994,3.0476190476190474
1253,17,27,28,1.7142857142857142,0.5,0.21295885499997994,3.0476190476190474
1254,18,25,29,1.75,0.5260416666666667,0.39999999999999997,3.2
1255,17,26,28,1.7142857142857142,0.5078125,0.21295885499997994,3.0476190476190474
1256,19,28,30,1.7894736842105263,0.5130208333333334,0.48237638894272,3.3684210526315788
1257,18,29,28,1.75,0.48958333333333337,0.39999999999999997,3.2
1258,17,31,27,1.6666666666666667,0.4656084656084656,0.3086066999241838,3.0
1259,18,27,31,1.75,0.5286458333333334,0.39999999999999997,3.2
1260,18,28,29,1.75,0.5052083333333334,0.39999999999999997,3.2
1261,17,26,29,1.7142857142857142,0.5182291666666667,0.21295885499997994,3.0476190476190474
1262,18,28,30,1.75,0.5130208333333333,0.39999999999999997,3.2
1263,17,32,27,1.7142857142857142,0.45833333333333337,0.21295885499997994,3.0476190476190474
1264,17,29,28,1.7142857142857142,0.4895833333333333,0.21295885499997994,3.0476190476190474
1265,18,26,31,1.75,0.5338541666666666,0.39999999999999997,3.2
1266,18,26,28,1.75,0.5078125,0.39999999999999997,3.2
1267,18,27,29,1.75,0.5104166666666667,0.39999999999999997,3.2
1268,17,24,30,1.7142857142857142,0.5364583333333333,0.21295885499997994,3.0476190476190474
1269,19,26,29,1.736842105263158,0.5185185185185186,0.5668594533825794,3.3157894736842106
1270,17,27,28,1.7142857142857142,0.5026041666666667,0.21295885499997994,3.0476190476190474
1271,18,27,29,1.75,0.5130208333333334,0.39999999999999997,3.2
1272,17,26,29,1.7142857142857142,0.515625,0.21295885499997994,3.0476190476190474
1273,18,25,30,1.75,0.5338541666666667,0.39999999999999997,3.2
1274,18,31,27,1.75,0.46614583333333337,0.39999999999999997,3.2
1275,17,29,27,1.7142857142857142,0.4817708333333333,0.21295885499997994,3.0476190476190474
1276,17,27,29,1.7142857142857142,0.5130208333333334,0.21295885499997994,3.0476190476190474
1277,18,30,27,1.75,0.4713541666666667,0.39999999999999997,3.2
1278,18,27,27,1.75,0.4947916666666667,0.39999999999999997,3.2
1279,19,26,29,1.7894736842105263,0.5182291666666667,0.48237638894272,3.3684210526315788
1280,18,33,25,1.75,0.4348958333333333,0.39999999999999997,3.2
1281,18,30,27,1.75,0.4765625,0.39999999999999997,3.2
1282,18,26,29,1.75,0.5208333333333334,0.39999999999999997,3.2
1283,17,25,29,1.7142857142857142,0.5260416666666667,0.21295885499997994,3.0476190476190474
1284,19,28,28,1.7894736842105263,0.49739583333333337,0.4823763889427201,3.3684210526315788
1285,17,28,29,1.7142857142857142,0.5052083333333334,0.21295885499997994,3.0476190476190474
1286,18,30,29,1.75,0.48958333333333337,0.39999999999999997,3.2
1287,19,27,28,1.7894736842105263,0.5026041666666667,0.4823763889427201,3.3684210526315788
1288,18,37,21,1.75,0.37239583333333337,0.39999999999999997,3.2
1289,18,28,28,1.75,0.49739583333333337,0.39999999999999997,3.2
1290,17,35,24,1.7142857142857142,0.4140625,0.21295885499997994,3.0476190476190474
1291,17,28,28,1.7142857142857142,0.4947916666666667,0.21295885499997994,3.0476190476190474
1292,18,28,28,1.75,0.49479166666666663,0.39999999999999997,3.2
1293,18,27,28,1.75,0.5052083333333334,0.39999999999999997,3.2
1294,19,27,29,1.7894736842105263,0.5104166666666667,0.48237638894272,3.3684210526315788
1295,19,28,29,1.7894736842105263,0.5052083333333334,0.48237638894272,3.3684210526315788
1296,18,29,27,1.75,0.48177083333333337,0.39999999999999997,3.2
1297,18,27,28,1.75,0.5026041666666667,0.39999999999999997,3.2
1298,17,29,26,1.7142857142857142,0.47395833333333337,0.21295885499997994,3.0476190476190474
1299,17,30,27,1.7142857142857142,0.4739583333333333,0.21295885499997994,3.0476190476190474
1300,18,28,28,1.75,0.49739583333333337,0.39999999999999997,3.2
1301,18,25,30,1.75,0.5364583333333334,0.39999999999999997,3.2
1302,17,26,29,1.7142857142857142,0.5182291666666667,0.21295885499997994,3.0476190476190474
1303,17,26,30,1.7142857142857142,0.5260416666666667,0.21295885499997994,3.0476190476190474
1304,19,26,30,1.7894736842105263,0.5260416666666667,0.48237638894272,3.3684210526315788
1305,17,27,29,1.7142857142857142,0.5130208333333334,0.21295885499997994,3.0476190476190474
1306,17,32,26,1.7142857142857142,0.453125,0.21295885499997994,3.0476190476190474
1307,19,28,29,1.7894736842105263,0.5052083333333334,0.48237638894272,3.3684210526315788
1308,18,28,30,1.7,0.5158730158730159,0.47696960070847283,3.15
1309,18,31,28,1.75,0.47395833333333337,0.39999999999999997,3.2
1310,17,25,28,1.7142857142857142,0.515625,0.21295885499997994,3.0476190476190474
1311,19,30,29,1.7894736842105263,0.48958333333333337,0.4823763889427201,3.3684210526315788
1312,17,26,29,1.7142857142857142,0.515625,0.21295885499997994,3.0476190476190474
1313,18,34,24,1.75,0.41666666666666663,0.39999999999999997,3.2
1314,19,27,30,1.7894736842105263,0.5208333333333334,0.48237638894272,3.3684210526315788
1315,18,29,26,1.7,0.47089947089947093,0.47696960070847283,3.15
1316,17,28,27,1.7142857142857142,0.4869791666666667,0.21295885499997994,3.0476190476190474
1317,17,30,27,1.7142857142857142,0.47395833333333337,0.21295885499997994,3.0476190476190474
1318,19,27,29,1.7894736842105263,0.5130208333333334,0.48237638894272,3.3684210526315788
1319,17,27,29,1.7142857142857142,0.5130208333333334,0.21295885499997994,3.0476190476190474
1320,18,25,30,1.7,0.5343915343915344,0.47696960070847283,3.15
1321,17,25,30,1.7142857142857142,0.5338541666666666,0.21295885499997994,3.0476190476190474
1322,17,28,27,1.7142857142857142,0.48697916666666663,0.21295885499997994,3.0476190476190474
1323,18,28,28,1.75,0.49739583333333337,0.39999999999999997,3.2
1324,17,25,29,1.7142857142857142,0.5234375,0.21295885499997994,3.0476190476190474
1325,17,25,30,1.7142857142857142,0.5338541666666667,0.21295885499997994,3.0476190476190474
1326,18,29,27,1.75,0.4791666666666667,0.39999999999999997,3.2
1327,17,27,29,1.7142857142857142,0.5130208333333334,0.21295885499997994,3.0476190476190474
1328,17,26,29,1.7142857142857142,0.5182291666666667,0.21295885499997994,3.0476190476190474
1329,18,28,27,1.75,0.484375,0.39999999999999997,3.2
1330,19,27,29,1.7894736842105263,0.5130208333333334,0.4823763889427201,3.3684210526315788
1331,17,26,28,1.7142857142857142,0.5130208333333334,0.21295885499997994,3.0476190476190474
1332,18,27,29,1.75,0.5130208333333334,0.39999999999999997,3.2
1333,18,31,28,1.75,0.47395833333333337,0.39999999999999997,3.2
1334,18,27,30,1.75,0.5208333333333334,0.39999999999999997,3.2
1335,17,31,27,1.7142857142857142,0.46614583333333337,0.21295885499997994,3.0476190476190474
1336,17,28,28,1.7142857142857142,0.49739583333333337,0.21295885499997994,3.0476190476190474
1337,18,29,28,1.75,0.48697916666666663,0.39999999999999997,3.2
1338,18,28,28,1.75,0.4947916666666667,0.39999999999999997,3.2
1339,18,26,30,1.75,0.5260416666666667,0.39999999999999997,3.2
1340,17,27,27,1.7142857142857142,0.4947916666666667,0.21295885499997994,3.0476190476190474
1341,17,24,30,1.7142857142857142,0.5390625,0.21295885499997994,3.0476190476190474
1342,18,28,29,1.75,0.5052083333333334,0.39999999999999997,3.2
1343,17,28,28,1.7142857142857142,0.4947916666666667,0.21295885499997994,3.0476190476190474
1344,18,29,28,1.75,0.4895833333333333,0.39999999999999997,3.2
1345,17,24,30,1.7142857142857142,0.5416666666666667,0.21295885499997994,3.0476190476190474
1346,18,25,30,1.75,0.5338541666666666,0.39999999999999997,3.2
1347,19,28,29,1.7894736842105263,0.5052083333333334,0.48237638894272,3.3684210526315788
1348,19,28,29,1.7894736842105263,0.5052083333333334,0.4823763889427201,3.3684210526315788
1349,17,25,30,1.7142857142857142,0.5338541666666667,0.21295885499997994,3.0476190476190474
1350,17,25,30,1.7142857142857142,0.5338541666666666,0.21295885499997994,3.0476190476190474
1351,18,25,29,1.75,0.5260416666666666,0.39999999999999997,3.2
1352,18,26,29,1.75,0.5208333333333334,0.39999999999999997,3.2
1353,17,28,28,1.7142857142857142,0.4947916666666667,0.21295885499997994,3.0476190476190474
1354,17,26,29,1.7142857142857142,0.5208333333333334,0.21295885499997994,3.0476190476190474
1355,18,31,27,1.7,0.46825396825396826,0.47696960070847283,3.15
1356,17,26,28,1.7142857142857142,0.5078125,0.21295885499997994,3.0476190476190474
1357,18,28,28,1.7,0.4947089947089947,0.47696960070847283,3.15
1358,18,29,26,1.75,0.4713541666666667,0.39999999999999997,3.2
1359,18,27,29,1.75,0.5104166666666667,0.39999999999999997,3.2
1360,18,28,28,1.75,0.49739583333333337,0.39999999999999997,3.2
1361,18,27,30,1.75,0.5208333333333334,0.39999999999999997,3.2
1362,17,26,28,1.7142857142857142,0.5104166666666666,0.21295885499997994,3.0476190476190474
1363,18,28,29,1.75,0.5,0.39999999999999997,3.2
1364,17,27,28,1.7142857142857142,0.5026041666666667,0.21295885499997994,3.0476190476190474
1365,18,29,28,1.75,0.48958333333333337,0.39999999999999997,3.2
1366,18,25,30,1.75,0.5364583333333334,0.39999999999999997,3.2
1367,18,27,29,1.75,0.5104166666666667,0.39999999999999997,3.2
1368,19,34,25,1.7894736842105263,0.42708333333333337,0.48237638894272,3.3684210526315788
1369,18,26,30,1.75,0.5260416666666667,0.39999999999999997,3.2
1370,18,25,30,1.7,0.5317460317460319,0.47696960070847283,3.15
1371,18,27,29,1.75,0.5130208333333334,0.39999999999999997,3.2
1372,17,26,28,1.6666666666666667,0.5132275132275133,0.3086066999241838,3.0
1373,17,32,24,1.7142857142857142,0.4322916666666667,0.21295885499997994,3.0476190476190474
1374,18,23,31,1.75,0.5546875,0.39999999999999997,3.2
1375,18,36,23,1.75,0.39583333333333337,0.39999999999999997,3.2
1376,18,27,28,1.75,0.5052083333333334,0.39999999999999997,3.2
1377,17,26,30,1.7142857142857142,0.5260416666666667,0.21295885499997994,3.0476190476190474
1378,19,27,28,1.736842105263158,0.5052910052910053,0.5668594533825794,3.3157894736842106
1379,17,24,30,1.7142857142857142,0.5416666666666667,0.21295885499997994,3.0476190476190474
1380,18,28,28,1.75,0.49479166666666663,0.39999999999999997,3.2
1381,18,25,30,1.75,0.5364583333333334,0.39999999999999997,3.2
1382,17,26,28,1.7142857142857142,0.5078125,0.21295885499997994,3.0476190476190474
1383,18,27,29,1.75,0.5130208333333334,0.39999999999999997,3.2
1384,17,25,31,1.7142857142857142,0.5442708333333334,0.21295885499997994,3.0476190476190474
1385,17,25,29,1.7142857142857142,0.5260416666666667,0.21295885499997994,3.0476190476190474
1386,18,27,29,1.75,0.5130208333333334,0.39999999999999997,3.2
1387,17,25,29,1.7142857142857142,0.5260416666666666,0.21295885499997994,3.0476190476190474
1388,18,27,30,1.75,0.5182291666666667,0.39999999999999997,3.2
1389,18,29,28,1.75,0.48958333333333337,0.39999999999999997,3.2
1390,17,28,28,1.7142857142857142,0.4947916666666667,0.21295885499997994,3.0476190476190474
1391,18,27,30,1.75,0.5182291666666667,0.39999999999999997,3.2
1392,19,29,29,1.7894736842105263,0.49739583333333337,0.48237638894272,3.3684210526315788
1393,17,34,24,1.7142857142857142,0.41927083333333337,0.21295885499997994,3.0476190476190474
1394,19,26,30,1.7894736842105263,0.5286458333333334,0.4823763889427201,3.3684210526315788
1395,19,26,29,1.7894736842105263,0.5208333333333334,0.4823763889427201,3.3684210526315788
1396,17,27,28,1.7142857142857142,0.5026041666666667,0.21295885499997994,3.0476190476190474
1397,18,30,27,1.75,0.47395833333333337,0.39999999999999997,3.2
1398,19,30,27,1.7894736842105263,0.47395833333333337,0.48237638894272,3.3684210526315788
1399,18,28,29,1.75,0.5052083333333334,0.39999999999999997,3.2
1400,18,26,29,1.75,0.5208333333333334,0.39999999999999997,3.2
1401,19,25,28,1.736842105263158,0.5211640211640212,0.5668594533825794,3.3157894736842106
1402,18,27,28,1.75,0.5052083333333334,0.39999999999999997,3.2
1403,17,27,29,1.7142857142857142,0.5130208333333334,0.21295885499997994,3.0476190476190474
1404,18,28,29,1.75,0.5052083333333334,0.39999999999999997,3.2
1405,17,29,28,1.7142857142857142,0.4921875,0.21295885499997994,3.0476190476190474
1406,18,27,29,1.75,0.5130208333333334,0.39999999999999997,3.2
1407,18,29,29,1.75,0.49739583333333337,0.39999999999999997,3.2
1408,19,29,28,1.7894736842105263,0.4869791666666667,0.48237638894272,3.3684210526315788
1409,18,23,30,1.7,0.5476190476190478,0.47696960070847283,3.15
1410,18,27,28,1.75,0.5052083333333334,0.39999999999999997,3.2
1411,17,29,28,1.7142857142857142,0.4921875,0.21295885499997994,3.0476190476190474
1412,18,27,29,1.75,0.5130208333333334,0.39999999999999997,3.2
1413,17,27,29,1.7142857142857142,0.5130208333333334,0.21295885499997994,3.0476190476190474
1414,19,32,27,1.7894736842105263,0.45833333333333337,0.48237638894272,3.3684210526315788
1415,18,25,30,1.75,0.5364583333333334,0.39999999999999997,3.2
1416,19,27,30,1.7894736842105263,0.5208333333333334,0.48237638894272,3.3684210526315788
1417,17,28,27,1.7142857142857142,0.48697916666666663,0.21295885499997994,3.0476190476190474
1418,18,28,30,1.75,0.5130208333333334,0.39999999999999997,3.2
1419,17,26,29,1.7142857142857142,0.5208333333333334,0.21295885499997994,3.0476190476190474
1420,17,24,30,1.7142857142857142,0.5390625,0.21295885499997994,3.0476190476190474
1421,17,24,29,1.7142857142857142,0.5338541666666667,0.21295885499997994,3.0476190476190474
1422,17,26,29,1.7142857142857142,0.5182291666666666,0.21295885499997994,3.0476190476190474
1423,18,24,30,1.75,0.5416666666666667,0.39999999999999997,3.2
1424,18,26,30,1.75,0.5286458333333334,0.39999999999999997,3.2
1425,17,25,29,1.7142857142857142,0.5260416666666667,0.21295885499997994,3.0476190476190474
1426,18,30,28,1.75,0.4817708333333333,0.39999999999999997,3.2
1427,18,28,29,1.75,0.5078125,0.39999999999999997,3.2
1428,18,28,29,1.75,0.5052083333333334,0.39999999999999997,3.2
1429,17,27,29,1.7142857142857142,0.5130208333333334,0.21295885499997994,3.0476190476190474
1430,18,25,30,1.75,0.5364583333333334,0.39999999999999997,3.2
1431,17,25,31,1.7142857142857142,0.5442708333333334,0.21295885499997994,3.0476190476190474
1432,18,25,29,1.75,0.5286458333333334,0.39999999999999997,3.2
1433,18,28,29,1.75,0.5052083333333334,0.39999999999999997,3.2
1434,18,26,30,1.75,0.5286458333333334,0.39999999999999997,3.2
1435,18,29,27,1.75,0.48177083333333337,0.39999999999999997,3.2
1436,17,26,30,1.7142857142857142,0.5286458333333334,0.21295885499997994,3.0476190476190474
1437,18,30,28,1.75,0.48177083333333337,0.39999999999999997,3.2
1438,17,26,29,1.7142857142857142,0.5208333333333334,0.21295885499997994,3.0476190476190474
1439,18,33,24,1.75,0.42708333333333337,0.39999999999999997,3.2
1440,18,30,26,1.75,0.46354166666666663,0.39999999999999997,3.2
1441,18,26,29,1.75,0.5182291666666666,0.39999999999999997,3.2
1442,18,26,28,1.75,0.5130208333333334,0.39999999999999997,3.2
1443,18,24,30,1.75,0.5390625,0.39999999999999997,3.2
1444,17,25,29,1.7142857142857142,0.5260416666666667,0.21295885499997994,3.0476190476190474
1445,18,29,27,1.75,0.48177083333333337,0.39999999999999997,3.2
1446,18,26,29,1.75,0.5208333333333334,0.39999999999999997,3.2
1447,18,26,29,1.75,0.5182291666666667,0.39999999999999997,3.2
1448,18,23,31,1.75,0.5546875,0.39999999999999997,3.2
1449,18,26,29,1.75,0.5208333333333334,0.39999999999999997,3.2
1450,18,29,27,1.75,0.48177083333333337,0.39999999999999997,3.2
1451,17,27,29,1.7142857142857142,0.5104166666666666,0.21295885499997994,3.0476190476190474
1452,18,28,30,1.75,0.5130208333333334,0.39999999999999997,3.2
1453,18,29,28,1.75,0.48958333333333337,0.39999999999999997,3.2
1454,19,27,30,1.7894736842105263,0.5208333333333334,0.48237638894272,3.3684210526315788
1455,18,23,31,1.75,0.5572916666666667,0.39999999999999997,3.2
1456,18,26,29,1.75,0.5208333333333334,0.39999999999999997,3.2
1457,17,26,28,1.7142857142857142,0.5104166666666666,0.21295885499997994,3.0476190476190474
1458,17,26,29,1.7142857142857142,0.5208333333333334,0.21295885499997994,3.0476190476190474
1459,18,25,29,1.75,0.5234375,0.39999999999999997,3.2
1460,18,28,29,1.75,0.5052083333333334,0.39999999999999997,3.2
1461,18,27,29,1.75,0.5130208333333334,0.39999999999999997,3.2
1462,17,24,29,1.7142857142857142,0.53125,0.21295885499997994,3.0476190476190474
1463,17,24,30,1.7142857142857142,0.5390625,0.21295885499997994,3.0476190476190474
1464,19,32,26,1.7894736842105263,0.45052083333333337,0.4823763889427201,3.3684210526315788
1465,18,26,28,1.75,0.5078125,0.39999999999999997,3.2
1466,18,29,27,1.75,0.4791666666666667,0.39999999999999997,3.2
1467,18,27,29,1.75,0.5130208333333334,0.39999999999999997,3.2
1468,17,27,29,1.7142857142857142,0.5130208333333334,0.21295885499997994,3.0476190476190474
1469,19,27,28,1.7894736842105263,0.5052083333333334,0.4823763889427201,3.3684210526315788
1470,18,26,31,1.75,0.5338541666666666,0.39999999999999997,3.2
1471,18,26,29,1.75,0.5208333333333334,0.39999999999999997,3.2
1472,17,35,20,1.7142857142857142,0.3776041666666667,0.21295885499997994,3.0476190476190474
1473,17,24,28,1.6666666666666667,0.5264550264550265,0.3086066999241838,3.0
1474,18,28,28,1.75,0.49739583333333337,0.39999999999999997,3.2
1475,18,23,30,1.75,0.5494791666666667,0.39999999999999997,3.2
1476,18,29,29,1.75,0.49739583333333337,0.39999999999999997,3.2
1477,18,28,28,1.75,0.49739583333333337,0.39999999999999997,3.2
1478,18,28,28,1.75,0.49739583333333337,0.39999999999999997,3.2
1479,18,25,29,1.75,0.5260416666666667,0.39999999999999997,3.2
1480,18,27,28,1.75,0.5052083333333334,0.39999999999999997,3.2
1481,18,26,28,1.75,0.5104166666666667,0.39999999999999997,3.2
1482,18,27,29,1.75,0.5130208333333334,0.39999999999999997,3.2
1483,18,26,29,1.75,0.5182291666666666,0.39999999999999997,3.2
1484,18,24,30,1.75,0.5390625,0.39999999999999997,3.2
1485,18,24,30,1.75,0.5416666666666667,0.39999999999999997,3.2
1486,18,25,30,1.75,0.5364583333333334,0.39999999999999997,3.2
1487,18,27,29,1.75,0.5130208333333334,0.39999999999999997,3.2
1488,17,27,28,1.7142857142857142,0.5052083333333334,0.21295885499997994,3.0476190476190474
1489,19,28,28,1.7894736842105263,0.49739583333333337,0.4823763889427201,3.3684210526315788
1490,17,25,29,1.7142857142857142,0.5234375,0.21295885499997994,3.0476190476190474
1491,18,29,27,1.75,0.48177083333333337,0.39999999999999997,3.2
1492,18,25,29,1.75,0.5286458333333334,0.39999999999999997,3.2
1493,17,32,26,1.7142857142857142,0.453125,0.21295885499997994,3.0476190476190474
1494,18,29,28,1.75,0.48958333333333337,0.39999999999999997,3.2
1495,18,25,30,1.75,0.5338541666666667,0.39999999999999997,3.2
1496,18,24,30,1.75,0.5442708333333334,0.39999999999999997,3.2
1497,18,25,30,1.75,0.5364583333333334,0.39999999999999997,3.2
1498,18,24,30,1.75,0.5416666666666667,0.39999999999999997,3.2
1499,18,25,29,1.75,0.5260416666666667,0.39999999999999997,3.2
1500,19,28,29,1.7894736842105263,0.5078125,0.4823763889427201,3.3684210526315788
1501,18,28,29,1.75,0.5052083333333334,0.39999999999999997,3.2
1502,17,25,30,1.7142857142857142,0.5364583333333334,0.21295885499997994,3.0476190476190474
1503,18,25,30,1.75,0.5364583333333334,0.39999999999999997,3.2
1504,18,28,28,1.75,0.49739583333333337,0.39999999999999997,3.2
1505,18,27,29,1.75,0.5130208333333334,0.39999999999999997,3.2
1506,17,25,29,1.7142857142857142,0.5260416666666667,0.21295885499997994,3.0476190476190474
1507,17,34,24,1.7142857142857142,0.41927083333333337,0.21295885499997994,3.0476190476190474
1508,18,26,29,1.75,0.5208333333333334,0.39999999999999997,3.2
1509,18,28,28,1.75,0.49739583333333337,0.39999999999999997,3.2
1510,19,28,28,1.7894736842105263,0.49739583333333337,0.48237638894272,3.3684210526315788
1511,18,26,29,1.75,0.5208333333333334,0.39999999999999997,3.2
1512,18,24,30,1.75,0.5416666666666666,0.39999999999999997,3.2
1513,18,27,28,1.75,0.5052083333333334,0.39999999999999997,3.2
1514,17,29,29,1.7142857142857142,0.5,0.21295885499997994,3.0476190476190474
1515,17,27,29,1.7142857142857142,0.5130208333333334,0.21295885499997994,3.0476190476190474
1516,18,24,30,1.75,0.5390625,0.39999999999999997,3.2
1517,18,31,29,1.75,0.4817708333333333,0.39999999999999997,3.2
1518,18,25,29,1.75,0.5260416666666667,0.39999999999999997,3.2
1519,18,24,31,1.75,0.5494791666666667,0.39999999999999997,3.2
1520,17,27,29,1.7142857142857142,0.5130208333333334,0.21295885499997994,3.0476190476190474
1521,18,23,30,1.75,0.546875,0.39999999999999997,3.2
1522,18,27,29,1.75,0.5104166666666667,0.39999999999999997,3.2
1523,17,27,30,1.7142857142857142,0.5208333333333334,0.21295885499997994,3.0476190476190474
1524,18,25,30,1.75,0.53125,0.39999999999999997,3.2
1525,18,24,31,1.75,0.5494791666666666,0.39999999999999997,3.2
1526,18,25,30,1.75,0.5338541666666667,0.39999999999999997,3.2
1527,17,26,29,1.7142857142857142,0.5208333333333334,0.21295885499997994,3.0476190476190474
1528,18,26,28,1.75,0.5130208333333334,0.39999999999999997,3.2
1529,18,26,31,1.75,0.5364583333333334,0.39999999999999997,3.2
1530,18,24,31,1.75,0.5520833333333334,0.39999999999999997,3.2
1531,18,32,27,1.75,0.45833333333333337,0.39999999999999997,3.2
1532,18,24,30,1.75,0.5416666666666667,0.39999999999999997,3.2
1533,17,23,30,1.7142857142857142,0.5494791666666667,0.21295885499997994,3.0476190476190474
1534,17,26,30,1.7142857142857142,0.5286458333333334,0.21295885499997994,3.0476190476190474
1535,17,29,26,1.7142857142857142,0.4739583333333333,0.21295885499997994,3.0476190476190474
1536,18,29,27,1.75,0.48177083333333337,0.39999999999999997,3.2
1537,18,25,30,1.75,0.53125,0.39999999999999997,3.2
1538,17,28,27,1.7142857142857142,0.48958333333333337,0.21295885499997994,3.0476190476190474
1539,18,24,29,1.75,0.5338541666666666,0.39999999999999997,3.2
1540,19,27,29,1.7894736842105263,0.5130208333333334,0.4823763889427201,3.3684210526315788
1541,18,27,29,1.75,0.5130208333333334,0.39999999999999997,3.2
1542,18,26,29,1.75,0.5208333333333334,0.39999999999999997,3.2
1543,17,25,30,1.7142857142857142,0.5364583333333334,0.21295885499997994,3.0476190476190474
1544,18,29,28,1.75,0.48958333333333337,0.39999999999999997,3.2
1545,18,24,30,1.75,0.5416666666666666,0.39999999999999997,3.2
1546,17,26,28,1.6666666666666667,0.5158730158730159,0.3086066999241838,3.0
1547,17,25,30,1.7142857142857142,0.5364583333333334,0.21295885499997994,3.0476190476190474
1548,18,28,28,1.75,0.4921875,0.39999999999999997,3.2
1549,17,26,28,1.7142857142857142,0.5130208333333334,0.21295885499997994,3.0476190476190474
1550,18,24,29,1.75,0.53125,0.39999999999999997,3.2
1551,18,25,28,1.75,0.5208333333333334,0.39999999999999997,3.2
1552,19,27,29,1.7894736842105263,0.5130208333333334,0.48237638894272,3.3684210526315788
1553,18,24,30,1.75,0.5390625,0.39999999999999997,3.2
1554,18,27,30,1.75,0.5208333333333334,0.39999999999999997,3.2
1555,18,24,31,1.75,0.5494791666666666,0.39999999999999997,3.2
1556,18,23,31,1.75,0.5546875,0.39999999999999997,3.2
1557,17,28,27,1.7142857142857142,0.4817708333333333,0.21295885499997994,3.0476190476190474
1558,17,26,31,1.7142857142857142,0.5364583333333334,0.21295885499997994,3.0476190476190474
1559,17,37,21,1.7142857142857142,0.37239583333333337,0.21295885499997994,3.0476190476190474
1560,18,24,30,1.75,0.5416666666666667,0.39999999999999997,3.2
1561,18,25,29,1.75,0.5286458333333334,0.39999999999999997,3.2
1562,17,23,30,1.7142857142857142,0.546875,0.21295885499997994,3.0476190476190474
1563,19,27,29,1.7894736842105263,0.5130208333333334,0.48237638894272,3.3684210526315788
1564,17,33,25,1.7142857142857142,0.4375,0.21295885499997994,3.0476190476190474
1565,18,27,29,1.75,0.5130208333333334,0.39999999999999997,3.2
1566,18,24,29,1.75,0.5364583333333334,0.39999999999999997,3.2
1567,18,25,29,1.75,0.5260416666666667,0.39999999999999997,3.2
1568,18,27,28,1.75,0.5052083333333334,0.39999999999999997,3.2
1569,18,28,28,1.75,0.49739583333333337,0.39999999999999997,3.2
1570,18,28,29,1.75,0.5052083333333334,0.39999999999999997,3.2
1571,18,29,28,1.75,0.48958333333333337,0.39999999999999997,3.2
1572,18,26,28,1.75,0.5130208333333334,0.39999999999999997,3.2
1573,18,26,29,1.75,0.5208333333333334,0.39999999999999997,3.2
1574,18,25,29,1.75,0.5260416666666666,0.39999999999999997,3.2
1575,18,27,27,1.75,0.4921875,0.39999999999999997,3.2
1576,18,25,30,1.75,0.5364583333333334,0.39999999999999997,3.2
1577,18,26,28,1.75,0.5130208333333334,0.39999999999999997,3.2
1578,18,25,30,1.75,0.5364583333333334,0.39999999999999997,3.2
1579,19,27,28,1.7894736842105263,0.5052083333333334,0.4823763889427201,3.3684210526315788
1580,18,25,29,1.75,0.5286458333333334,0.39999999999999997,3.2
1581,18,25,30,1.75,0.5364583333333334,0.39999999999999997,3.2
1582,18,26,30,1.75,0.5260416666666666,0.39999999999999997,3.2
1583,18,26,30,1.75,0.5286458333333334,0.39999999999999997,3.2
1584,19,27,30,1.7894736842105263,0.5208333333333334,0.48237638894272,3.3684210526315788
1585,18,28,28,1.75,0.49739583333333337,0.39999999999999997,3.2
1586,18,27,29,1.75,0.5130208333333334,0.39999999999999997,3.2
1587,18,27,29,1.75,0.5130208333333334,0.39999999999999997,3.2
1588,17,27,29,1.7142857142857142,0.5130208333333334,0.21295885499997994,3.0476190476190474
1589,18,27,28,1.75,0.5052083333333334,0.39999999999999997,3.2
1590,17,24,30,1.7142857142857142,0.5390625,0.21295885499997994,3.0476190476190474
1591,18,29,28,1.75,0.48958333333333337,0.39999999999999997,3.2
1592,18,25,29,1.75,0.5260416666666666,0.39999999999999997,3.2
1593,18,27,30,1.75,0.5208333333333334,0.39999999999999997,3.2
1594,18,25,29,1.75,0.5260416666666667,0.39999999999999997,3.2
1595,18,26,30,1.75,0.5286458333333334,0.39999999999999997,3.2
1596,17,24,30,1.7142857142857142,0.5442708333333334,0.21295885499997994,3.0476190476190474
1597,17,25,30,1.7142857142857142,0.5364583333333334,0.21295885499997994,3.0476190476190474
1598,17,25,29,1.7142857142857142,0.5260416666666667,0.21295885499997994,3.0476190476190474
1599,18,26,29,1.75,0.5208333333333334,0.39999999999999997,3.2
1600,18,27,29,1.75,0.5130208333333334,0.39999999999999997,3.2
1601,18,25,29,1.75,0.5286458333333334,0.39999999999999997,3.2
1602,18,29,27,1.75,0.48177083333333337,0.39999999999999997,3.2
1603,18,26,29,1.75,0.5182291666666666,0.39999999999999997,3.2
1604,17,24,29,1.7142857142857142,0.5286458333333333,0.21295885499997994,3.0476190476190474
1605,18,33,26,1.75,0.4453125,0.39999999999999997,3.2
1606,17,25,29,1.7142857142857142,0.5260416666666667,0.21295885499997994,3.0476190476190474
1607,19,27,29,1.7894736842105263,0.5130208333333334,0.48237638894272,3.3684210526315788
1608,19,33,27,1.7894736842105263,0.45052083333333337,0.4823763889427201,3.3684210526315788
1609,18,25,29,1.75,0.5286458333333334,0.39999999999999997,3.2
1610,18,27,29,1.75,0.5130208333333334,0.39999999999999997,3.2
1611,18,30,27,1.75,0.47395833333333337,0.39999999999999997,3.2
1612,18,26,27,1.75,0.5052083333333334,0.39999999999999997,3.2
1613,19,26,29,1.7894736842105263,0.5208333333333334,0.4823763889427201,3.3684210526315788
1614,17,25,30,1.7142857142857142,0.5364583333333334,0.21295885499997994,3.0476190476190474
1615,18,24,30,1.75,0.5390625,0.39999999999999997,3.2
1616,19,26,29,1.7894736842105263,0.5208333333333334,0.4823763889427201,3.3684210526315788
1617,18,26,29,1.7,0.5211640211640212,0.47696960070847283,3.15
1618,17,31,24,1.7142857142857142,0.44270833333333337,0.21295885499997994,3.0476190476190474
1619,18,24,29,1.75,0.53125,0.39999999999999997,3.2
1620,17,27,29,1.7142857142857142,0.5130208333333334,0.21295885499997994,3.0476190476190474
1621,18,26,29,1.75,0.5208333333333334,0.39999999999999997,3.2
1622,18,24,30,1.75,0.5442708333333334,0.39999999999999997,3.2
1623,17,27,29,1.7142857142857142,0.5130208333333334,0.21295885499997994,3.0476190476190474
1624,18,26,29,1.75,0.5208333333333334,0.39999999999999997,3.2
1625,18,25,30,1.75,0.5364583333333334,0.39999999999999997,3.2
1626,19,29,27,1.7894736842105263,0.48177083333333337,0.48237638894272,3.3684210526315788
1627,18,25,29,1.7,0.5264550264550265,0.47696960070847283,3.15
1628,17,25,29,1.7142857142857142,0.5260416666666667,0.21295885499997994,3.0476190476190474
1629,18,23,31,1.75,0.5546875,0.39999999999999997,3.2
1630,18,27,30,1.75,0.5208333333333334,0.39999999999999997,3.2
1631,18,36,24,1.75,0.40625,0.39999999999999997,3.2
1632,18,27,30,1.75,0.5208333333333334,0.39999999999999997,3.2
1633,17,29,28,1.7142857142857142,0.4921875,0.21295885499997994,3.0476190476190474
1634,17,26,28,1.7142857142857142,0.5130208333333334,0.21295885499997994,3.0476190476190474
1635,18,24,30,1.75,0.5416666666666667,0.39999999999999997,3.2
1636,18,28,29,1.75,0.5052083333333334,0.39999999999999997,3.2
1637,17,26,29,1.7142857142857142,0.5234375,0.21295885499997994,3.0476190476190474
1638,18,27,28,1.75,0.5026041666666667,0.39999999999999997,3.2
1639,19,30,27,1.7894736842105263,0.47395833333333337,0.48237638894272,3.3684210526315788
1640,17,28,28,1.7142857142857142,0.49479166666666663,0.21295885499997994,3.0476190476190474
1641,18,25,31,1.75,0.5416666666666666,0.39999999999999997,3.2
1642,17,25,31,1.7142857142857142,0.5442708333333334,0.21295885499997994,3.0476190476190474
1643,18,25,30,1.7,0.5370370370370371,0.47696960070847283,3.15
1644,18,24,30,1.75,0.5416666666666667,0.39999999999999997,3.2
1645,18,24,30,1.75,0.5416666666666667,0.39999999999999997,3.2
1646,17,28,29,1.7142857142857142,0.5026041666666667,0.21295885499997994,3.0476190476190474
1647,18,23,31,1.75,0.5572916666666667,0.39999999999999997,3.2
1648,18,27,29,1.75,0.5130208333333334,0.39999999999999997,3.2
1649,18,22,31,1.75,0.5625,0.39999999999999997,3.2
1650,17,26,31,1.7142857142857142,0.5338541666666666,0.21295885499997994,3.0476190476190474
1651,18,30,29,1.75,0.4895833333333333,0.39999999999999997,3.2
1652,17,26,29,1.7142857142857142,0.5208333333333334,0.21295885499997994,3.0476190476190474
1653,18,28,29,1.75,0.5052083333333334,0.39999999999999997,3.2
1654,18,27,29,1.75,0.5130208333333334,0.39999999999999997,3.2
1655,18,25,29,1.75,0.5286458333333334,0.39999999999999997,3.2
1656,17,38,21,1.7142857142857142,0.3671875,0.21295885499997994,3.0476190476190474
1657,17,28,28,1.7142857142857142,0.49739583333333337,0.21295885499997994,3.0476190476190474
1658,17,26,28,1.7142857142857142,0.5104166666666666,0.21295885499997994,3.0476190476190474
1659,18,26,29,1.75,0.5208333333333334,0.39999999999999997,3.2
1660,17,31,26,1.7142857142857142,0.45833333333333337,0.21295885499997994,3.0476190476190474
1661,18,23,31,1.75,0.5572916666666666,0.39999999999999997,3.2
1662,17,24,31,1.7142857142857142,0.5520833333333334,0.21295885499997994,3.0476190476190474
1663,17,26,28,1.6666666666666667,0.5132275132275133,0.3086066999241838,3.0
1664,18,27,29,1.75,0.5130208333333334,0.39999999999999997,3.2
1665,18,24,28,1.7,0.5291005291005292,0.47696960070847283,3.15
1666,19,26,30,1.7894736842105263,0.5286458333333334,0.48237638894272,3.3684210526315788
1667,17,23,30,1.7142857142857142,0.5494791666666666,0.21295885499997994,3.0476190476190474
1668,18,27,30,1.75,0.5208333333333334,0.39999999999999997,3.2
1669,18,26,29,1.75,0.5208333333333334,0.39999999999999997,3.2
1670,18,22,31,1.75,0.5625,0.39999999999999997,3.2
1671,18,25,30,1.75,0.5338541666666667,0.39999999999999997,3.2
1672,18,25,30,1.75,0.5338541666666666,0.39999999999999997,3.2
1673,17,27,29,1.7142857142857142,0.5130208333333334,0.21295885499997994,3.0476190476190474
1674,18,24,30,1.75,0.5442708333333334,0.39999999999999997,3.2
1675,18,27,30,1.75,0.5208333333333334,0.39999999999999997,3.2
1676,18,27,29,1.75,0.5130208333333334,0.39999999999999997,3.2
1677,18,24,29,1.75,0.5338541666666666,0.39999999999999997,3.2
1678,18,24,30,1.75,0.5442708333333334,0.39999999999999997,3.2
1679,18,22,31,1.75,0.5625,0.39999999999999997,3.2
1680,17,24,31,1.7142857142857142,0.5520833333333334,0.21295885499997994,3.0476190476190474
1681,18,23,31,1.75,0.5572916666666667,0.39999999999999997,3.2
1682,17,22,30,1.7142857142857142,0.5520833333333334,0.21295885499997994,3.0476190476190474
1683,17,23,30,1.7142857142857142,0.5494791666666666,0.21295885499997994,3.0476190476190474
1684,17,23,30,1.7142857142857142,0.546875,0.21295885499997994,3.0476190476190474
1685,19,26,30,1.7894736842105263,0.5286458333333334,0.48237638894272,3.3684210526315788
1686,18,25,30,1.75,0.5364583333333334,0.39999999999999997,3.2
1687,18,27,27,1.75,0.4947916666666667,0.39999999999999997,3.2
1688,18,32,24,1.7,0.4322916666666667,0.39999999999999997,3.2
1689,18,25,29,1.75,0.5286458333333334,0.39999999999999997,3.2
1690,18,27,29,1.75,0.5130208333333334,0.39999999999999997,3.2
1691,19,26,29,1.7894736842105263,0.5208333333333334,0.48237638894272,3.3684210526315788
1692,18,24,31,1.75,0.5494791666666667,0.39999999999999997,3.2
1693,18,28,26,1.75,0.4765625,0.39999999999999997,3.2
1694,18,25,29,1.75,0.5286458333333334,0.39999999999999997,3.2
1695,19,26,29,1.7894736842105263,0.5208333333333334,0.48237638894272,3.3684210526315788
1696,18,25,30,1.75,0.5364583333333334,0.39999999999999997,3.2
1697,17,29,26,1.6666666666666667,0.47619047619047616,0.3086066999241838,3.0
1698,17,25,29,1.7142857142857142,0.5260416666666667,0.21295885499997994,3.0476190476190474
1699,18,23,31,1.75,0.5546875,0.39999999999999997,3.2
1700,18,22,31,1.75,0.5625,0.39999999999999997,3.2
1701,17,33,26,1.7142857142857142,0.4453125,0.21295885499997994,3.0476190476190474
1702,17,26,29,1.7142857142857142,0.5208333333333334,0.21295885499997994,3.0476190476190474
1703,18,28,29,1.75,0.5052083333333334,0.39999999999999997,3.2
1704,18,26,30,1.75,0.5260416666666666,0.39999999999999997,3.2
1705,18,26,29,1.7,0.5211640211640212,0.47696960070847283,3.15
1706,19,25,29,1.7894736842105263,0.5260416666666667,0.4823763889427201,3.3684210526315788
1707,18,22,31,1.75,0.5625,0.39999999999999997,3.2
1708,17,32,27,1.7142857142857142,0.4609375,0.21295885499997994,3.0476190476190474
1709,18,30,27,1.75,0.47395833333333337,0.39999999999999997,3.2
1710,19,27,29,1.7894736842105263,0.5130208333333334,0.48237638894272,3.3684210526315788
1711,18,25,29,1.75,0.5260416666666666,0.39999999999999997,3.2
1712,18,24,31,1.75,0.5520833333333334,0.39999999999999997,3.2
1713,17,28,28,1.7142857142857142,0.49739583333333337,0.21295885499997994,3.0476190476190474
1714,18,26,29,1.75,0.5208333333333334,0.39999999999999997,3.2
1715,19,27,29,1.7894736842105263,0.5130208333333334,0.4823763889427201,3.3684210526315788
1716,18,25,29,1.75,0.5286458333333334,0.39999999999999997,3.2
1717,18,23,31,1.75,0.5572916666666667,0.39999999999999997,3.2
1718,17,27,28,1.7142857142857142,0.5052083333333334,0.21295885499997994,3.0476190476190474
1719,17,26,29,1.7142857142857142,0.5208333333333334,0.21295885499997994,3.0476190476190474
1720,17,25,28,1.7142857142857142,0.5182291666666667,0.21295885499997994,3.0476190476190474
1721,17,31,28,1.7142857142857142,0.4765625,0.21295885499997994,3.0476190476190474
1722,18,25,30,1.75,0.5338541666666667,0.39999999999999997,3.2
1723,18,25,29,1.75,0.5286458333333334,0.39999999999999997,3.2
1724,19,26,29,1.7894736842105263,0.5208333333333334,0.4823763889427201,3.3684210526315788
1725,18,25,30,1.75,0.5364583333333334,0.39999999999999997,3.2
1726,18,25,30,1.75,0.5338541666666667,0.39999999999999997,3.2
1727,18,23,31,1.75,0.5572916666666667,0.39999999999999997,3.2
1728,18,24,29,1.75,0.5338541666666667,0.39999999999999997,3.2
1729,17,25,28,1.7142857142857142,0.515625,0.21295885499997994,3.0476190476190474
1730,18,27,29,1.75,0.5130208333333334,0.39999999999999997,3.2
1731,17,32,25,1.7142857142857142,0.44270833333333337,0.21295885499997994,3.0476190476190474
1732,18,27,28,1.75,0.5026041666666666,0.39999999999999997,3.2
1733,17,25,30,1.7142857142857142,0.5364583333333334,0.21295885499997994,3.0476190476190474
1734,18,22,31,1.75,0.5625,0.39999999999999997,3.2
1735,17,24,29,1.7142857142857142,0.53125,0.21295885499997994,3.0476190476190474
1736,18,24,29,1.75,0.5338541666666667,0.39999999999999997,3.2
1737,18,25,30,1.75,0.5364583333333334,0.39999999999999997,3.2
1738,19,26,29,1.7894736842105263,0.5208333333333334,0.4823763889427201,3.3684210526315788
1739,18,25,30,1.75,0.5338541666666667,0.39999999999999997,3.2
1740,18,23,31,1.75,0.5546875,0.39999999999999997,3.2
1741,17,24,30,1.7142857142857142,0.5442708333333334,0.21295885499997994,3.0476190476190474
1742,19,24,30,1.7894736842105263,0.5416666666666667,0.4823763889427201,3.3684210526315788
1743,18,27,28,1.75,0.5052083333333334,0.39999999999999997,3.2
1744,17,25,29,1.7142857142857142,0.5260416666666666,0.21295885499997994,3.0476190476190474
1745,17,23,29,1.6666666666666667,0.5396825396825398,0.3086066999241838,3.0
1746,17,26,29,1.7142857142857142,0.5208333333333334,0.21295885499997994,3.0476190476190474
1747,18,26,30,1.75,0.5286458333333334,0.39999999999999997,3.2
1748,18,22,31,1.75,0.5625,0.39999999999999997,3.2
1749,18,27,29,1.75,0.5130208333333334,0.39999999999999997,3.2
1750,19,28,27,1.7894736842105263,0.48958333333333337,0.48237638894272,3.3684210526315788
1751,18,25,30,1.75,0.5338541666666666,0.39999999999999997,3.2
1752,18,24,30,1.75,0.5416666666666667,0.39999999999999997,3.2
1753,18,26,29,1.75,0.5182291666666667,0.39999999999999997,3.2
1754,18,22,30,1.75,0.5546875,0.39999999999999997,3.2
1755,18,28,28,1.75,0.49739583333333337,0.39999999999999997,3.2
1756,18,23,31,1.75,0.5572916666666667,0.39999999999999997,3.2
1757,18,24,29,1.75,0.5364583333333334,0.39999999999999997,3.2
1758,17,26,29,1.7142857142857142,0.5208333333333334,0.21295885499997994,3.0476190476190474
1759,18,32,24,1.7,0.4375,0.39999999999999997,3.2
1760,19,32,25,1.7894736842105263,0.44010416666666663,0.4823763889427201,3.3684210526315788
1761,17,23,30,1.7142857142857142,0.5494791666666667,0.21295885499997994,3.0476190476190474
1762,18,23,29,1.7,0.5396825396825398,0.47696960070847283,3.15
1763,18,23,31,1.75,0.5546875,0.39999999999999997,3.2
1764,18,26,30,1.75,0.5286458333333334,0.39999999999999997,3.2
1765,19,27,30,1.7894736842105263,0.5208333333333334,0.48237638894272,3.3684210526315788
1766,18,26,29,1.75,0.5208333333333334,0.39999999999999997,3.2
1767,18,22,31,1.75,0.5625,0.39999999999999997,3.2
1768,18,23,31,1.75,0.5572916666666667,0.39999999999999997,3.2
1769,18,23,30,1.75,0.546875,0.39999999999999997,3.2
1770,18,23,31,1.75,0.5572916666666666,0.39999999999999997,3.2
1771,18,25,30,1.75,0.5364583333333334,0.39999999999999997,3.2
1772,17,27,29,1.7142857142857142,0.5130208333333334,0.21295885499997994,3.0476190476190474
1773,17,31,27,1.7142857142857142,0.46614583333333337,0.21295885499997994,3.0476190476190474
1774,18,23,31,1.75,0.5572916666666666,0.39999999999999997,3.2
1775,17,27,28,1.7142857142857142,0.5052083333333334,0.21295885499997994,3.0476190476190474
1776,17,26,29,1.7142857142857142,0.5208333333333334,0.21295885499997994,3.0476190476190474
1777,17,28,26,1.6666666666666667,0.47883597883597884,0.3086066999241838,3.0
1778,18,22,30,1.75,0.5546875,0.39999999999999997,3.2
1779,18,27,29,1.75,0.5104166666666667,0.39999999999999997,3.2
1780,19,29,26,1.7894736842105263,0.47395833333333337,0.48237638894272,3.3684210526315788
1781,18,30,27,1.75,0.47395833333333337,0.39999999999999997,3.2
1782,18,23,31,1.75,0.5546875,0.39999999999999997,3.2
1783,19,27,28,1.7894736842105263,0.5052083333333334,0.4823763889427201,3.3684210526315788
1784,17,23,30,1.7142857142857142,0.546875,0.21295885499997994,3.0476190476190474
1785,19,26,30,1.7894736842105263,0.5286458333333334,0.4823763889427201,3.3684210526315788
1786,18,27,28,1.75,0.5052083333333334,0.39999999999999997,3.2
1787,18,23,31,1.75,0.5572916666666666,0.39999999999999997,3.2
1788,18,30,27,1.75,0.47395833333333337,0.39999999999999997,3.2
1789,18,24,30,1.75,0.5442708333333334,0.39999999999999997,3.2
1790,17,28,28,1.7142857142857142,0.49739583333333337,0.21295885499997994,3.0476190476190474
1791,18,22,31,1.75,0.5625,0.39999999999999997,3.2
1792,18,28,27,1.75,0.48697916666666663,0.39999999999999997,3.2
1793,18,25,31,1.75,0.5442708333333334,0.39999999999999997,3.2
1794,17,27,29,1.7142857142857142,0.5130208333333334,0.21295885499997994,3.0476190476190474
1795,18,28,29,1.75,0.5026041666666667,0.39999999999999997,3.2
1796,18,22,31,1.75,0.5625,0.39999999999999997,3.2
1797,17,26,29,1.7142857142857142,0.5208333333333334,0.21295885499997994,3.0476190476190474
1798,17,27,27,1.6666666666666667,0.4973544973544974,0.3086066999241838,3.0
1799,18,25,30,1.75,0.5338541666666666,0.39999999999999997,3.2
1800,18,28,28,1.75,0.49739583333333337,0.39999999999999997,3.2
1801,18,26,29,1.75,0.5208333333333334,0.39999999999999997,3.2
1802,19,33,27,1.7894736842105263,0.453125,0.48237638894272,3.3684210526315788
1803,17,31,25,1.7142857142857142,0.4479166666666667,0.21295885499997994,3.0476190476190474
1804,18,25,30,1.75,0.5338541666666666,0.39999999999999997,3.2
1805,18,28,28,1.75,0.49739583333333337,0.39999999999999997,3.2
1806,17,24,30,1.7142857142857142,0.5442708333333334,0.21295885499997994,3.0476190476190474
1807,19,28,28,1.7894736842105263,0.49739583333333337,0.4823763889427201,3.3684210526315788
1808,18,24,30,1.75,0.5390625,0.39999999999999997,3.2
1809,18,25,29,1.75,0.5286458333333334,0.39999999999999997,3.2
1810,17,25,30,1.7142857142857142,0.5364583333333334,0.21295885499997994,3.0476190476190474
1811,18,23,31,1.75,0.5572916666666667,0.39999999999999997,3.2
1812,17,28,28,1.7142857142857142,0.49739583333333337,0.21295885499997994,3.0476190476190474
1813,18,23,30,1.75,0.546875,0.39999999999999997,3.2
1814,18,23,30,1.75,0.5442708333333333,0.39999999999999997,3.2
1815,18,25,30,1.75,0.5364583333333334,0.39999999999999997,3.2
1816,18,24,30,1.75,0.5416666666666667,0.39999999999999997,3.2
1817,18,25,29,1.75,0.5286458333333334,0.39999999999999997,3.2
1818,18,33,27,1.75,0.453125,0.39999999999999997,3.2
1819,17,24,29,1.7142857142857142,0.53125,0.21295885499997994,3.0476190476190474
1820,18,24,30,1.75,0.5390625,0.39999999999999997,3.2
1821,19,27,29,1.7894736842105263,0.5130208333333334,0.4823763889427201,3.3684210526315788
1822,17,26,29,1.7142857142857142,0.5208333333333334,0.21295885499997994,3.0476190476190474
1823,18,27,30,1.75,0.5208333333333334,0.39999999999999997,3.2
1824,17,27,29,1.7142857142857142,0.5130208333333334,0.21295885499997994,3.0476190476190474
1825,18,24,30,1.75,0.5390625,0.39999999999999997,3.2
1826,17,24,30,1.7142857142857142,0.5416666666666666,0.21295885499997994,3.0476190476190474
1827,18,23,30,1.75,0.546875,0.39999999999999997,3.2
1828,17,23,30,1.7142857142857142,0.5494791666666666,0.21295885499997994,3.0476190476190474
1829,18,29,28,1.75,0.4921875,0.39999999999999997,3.2
1830,17,27,29,1.7142857142857142,0.5130208333333334,0.21295885499997994,3.0476190476190474
1831,18,25,30,1.75,0.5364583333333334,0.39999999999999997,3.2
1832,17,23,30,1.7142857142857142,0.546875,0.21295885499997994,3.0476190476190474
1833,18,26,29,1.75,0.5208333333333334,0.39999999999999997,3.2
1834,17,25,30,1.7142857142857142,0.5338541666666667,0.21295885499997994,3.0476190476190474
1835,18,33,25,1.75,0.4375,0.39999999999999997,3.2
1836,18,23,31,1.75,0.5546875,0.39999999999999997,3.2
1837,17,24,31,1.7142857142857142,0.5494791666666666,0.21295885499997994,3.0476190476190474
1838,18,22,31,1.75,0.5625,0.39999999999999997,3.2
1839,18,24,30,1.75,0.5416666666666667,0.39999999999999997,3.2
1840,18,27,28,1.75,0.5,0.39999999999999997,3.2
1841,18,22,31,1.75,0.5625,0.39999999999999997,3.2
1842,18,22,31,1.75,0.5625,0.39999999999999997,3.2
1843,18,23,31,1.75,0.5546875,0.39999999999999997,3.2
1844,17,26,29,1.7142857142857142,0.5208333333333334,0.21295885499997994,3.0476190476190474
1845,19,25,30,1.7894736842105263,0.5364583333333334,0.4823763889427201,3.3684210526315788
1846,18,23,30,1.75,0.546875,0.39999999999999997,3.2
1847,17,27,26,1.7142857142857142,0.484375,0.21295885499997994,3.0476190476190474
1848,19,29,28,1.7894736842105263,0.4869791666666667,0.48237638894272,3.3684210526315788
1849,17,24,30,1.7142857142857142,0.5442708333333334,0.21295885499997994,3.0476190476190474
1850,18,23,31,1.75,0.5572916666666666,0.39999999999999997,3.2
1851,17,24,30,1.7142857142857142,0.5442708333333334,0.21295885499997994,3.0476190476190474
1852,18,27,29,1.75,0.5130208333333334,0.39999999999999997,3.2
1853,18,24,29,1.7,0.5370370370370371,0.47696960070847283,3.15
1854,18,26,30,1.75,0.5286458333333334,0.39999999999999997,3.2
1855,18,28,27,1.75,0.4869791666666667,0.39999999999999997,3.2
1856,17,25,30,1.7142857142857142,0.5364583333333334,0.21295885499997994,3.0476190476190474
1857,17,25,29,1.7142857142857142,0.5260416666666667,0.21295885499997994,3.0476190476190474
1858,18,25,30,1.75,0.5364583333333334,0.39999999999999997,3.2
1859,18,24,30,1.75,0.5442708333333334,0.39999999999999997,3.2
1860,19,25,30,1.7894736842105263,0.5364583333333334,0.4823763889427201,3.3684210526315788
1861,18,26,29,1.75,0.5208333333333334,0.39999999999999997,3.2
1862,19,26,30,1.7894736842105263,0.5286458333333334,0.48237638894272,3.3684210526315788
1863,18,25,30,1.75,0.5364583333333334,0.39999999999999997,3.2
1864,17,24,31,1.7142857142857142,0.5494791666666667,0.21295885499997994,3.0476190476190474
1865,18,24,29,1.75,0.5364583333333334,0.39999999999999997,3.2
1866,18,24,30,1.75,0.5442708333333334,0.39999999999999997,3.2
1867,18,24,31,1.75,0.5520833333333334,0.39999999999999997,3.2
1868,17,24,30,1.7142857142857142,0.5442708333333334,0.21295885499997994,3.0476190476190474
1869,18,27,29,1.75,0.5130208333333334,0.39999999999999997,3.2
1870,17,28,28,1.7142857142857142,0.49739583333333337,0.21295885499997994,3.0476190476190474
1871,18,23,30,1.75,0.546875,0.39999999999999997,3.2
1872,18,24,30,1.75,0.5416666666666667,0.39999999999999997,3.2
1873,19,25,29,1.7894736842105263,0.5260416666666667,0.48237638894272,3.3684210526315788
1874,17,22,29,1.6666666666666667,0.5476190476190478,0.3086066999241838,3.0
1875,17,25,29,1.7142857142857142,0.5286458333333334,0.21295885499997994,3.0476190476190474
1876,18,23,31,1.75,0.5546875,0.39999999999999997,3.2
1877,17,24,30,1.7142857142857142,0.5442708333333334,0.21295885499997994,3.0476190476190474
1878,17,24,30,1.7142857142857142,0.5416666666666667,0.21295885499997994,3.0476190476190474
1879,17,22,30,1.6666666666666667,0.5582010582010583,0.3086066999241838,3.0
1880,18,24,29,1.75,0.5338541666666667,0.39999999999999997,3.2
1881,17,31,27,1.7142857142857142,0.46614583333333337,0.21295885499997994,3.0476190476190474
1883,18,23,30,1.75,0.5494791666666667,0.39999999999999997,3.2
1884,18,23,30,1.75,0.5494791666666667,0.39999999999999997,3.2
1885,18,23,30,1.75,0.5494791666666667,0.39999999999999997,3.2
1886,18,23,30,1.75,0.5494791666666667,0.39999999999999997,3.2
1887,18,23,30,1.75,0.5494791666666667,0.39999999999999997,3.2
1888,18,23,30,1.75,0.5494791666666667,0.39999999999999997,3.2
1889,18,23,30,1.75,0.5494791666666667,0.39999999999999997,3.2
1890,18,23,30,1.75,0.5494791666666667,0.39999999999999997,3.2
1891,18,23,30,1.75,0.5494791666666667,0.39999999999999997,3.2
1892,18,23,30,1.75,0.5494791666666667,0.39999999999999997,3.2
