Episode,Desafios_sin_equipo,Estudiantes_fuera_preferencias,Estudiantes_primera_prioridad,Promedio_carreras_por_equipo,Satisfaccion_promedio,STD_tamano_equipos,Tamano_promedio_equipo
2,19,63,1,1.7894736842105263,0.015625,0.48237638894272,3.3684210526315788
3,19,59,1,1.736842105263158,0.04427083333333333,0.4823763889427201,3.3684210526315788
4,18,60,1,1.75,0.033854166666666664,0.39999999999999997,3.2
5,17,61,1,1.7142857142857142,0.028645833333333332,0.21295885499997994,3.0476190476190474
6,18,56,4,1.75,0.09114583333333334,0.39999999999999997,3.2
7,17,61,0,1.7142857142857142,0.018229166666666664,0.21295885499997994,3.0476190476190474
8,19,58,0,1.7894736842105263,0.0390625,0.4823763889427201,3.3684210526315788
9,19,60,3,1.7894736842105263,0.05208333333333333,0.4823763889427201,3.3684210526315788
10,18,60,1,1.75,0.03645833333333333,0.39999999999999997,3.2
11,17,56,4,1.7142857142857142,0.09114583333333333,0.21295885499997994,3.0476190476190474
12,19,58,3,1.7894736842105263,0.06510416666666666,0.4823763889427201,3.3684210526315788
13,17,62,0,1.7142857142857142,0.013020833333333332,0.21295885499997994,3.0476190476190474
14,18,57,3,1.75,0.06770833333333333,0.39999999999999997,3.2
15,18,56,1,1.75,0.06510416666666666,0.39999999999999997,3.2
16,17,57,2,1.7142857142857142,0.06770833333333333,0.21295885499997994,3.0476190476190474
17,19,62,1,1.7894736842105263,0.0234375,0.4823763889427201,3.3684210526315788
18,18,57,3,1.75,0.07291666666666666,0.39999999999999997,3.2
19,18,59,1,1.75,0.04427083333333333,0.39999999999999997,3.2
20,18,59,2,1.75,0.052083333333333336,0.39999999999999997,3.2
21,18,61,1,1.75,0.026041666666666664,0.39999999999999997,3.2
22,18,58,1,1.75,0.046875,0.39999999999999997,3.2
23,17,58,2,1.7142857142857142,0.05989583333333333,0.21295885499997994,3.0476190476190474
24,18,58,2,1.7,0.05468749999999999,0.39999999999999997,3.2
25,18,58,2,1.75,0.057291666666666664,0.39999999999999997,3.2
26,18,59,1,1.75,0.0390625,0.39999999999999997,3.2
27,17,57,1,1.7142857142857142,0.05208333333333333,0.21295885499997994,3.0476190476190474
28,17,61,1,1.6666666666666667,0.026041666666666664,0.21295885499997994,3.0476190476190474
29,19,57,1,1.7894736842105263,0.05208333333333333,0.4823763889427201,3.3684210526315788
30,18,61,1,1.75,0.03125,0.39999999999999997,3.2
31,19,59,1,1.7894736842105263,0.03645833333333333,0.4823763889427201,3.3684210526315788
32,18,61,0,1.75,0.018229166666666664,0.39999999999999997,3.2
33,17,58,2,1.7142857142857142,0.05208333333333333,0.21295885499997994,3.0476190476190474
34,18,61,1,1.75,0.026041666666666664,0.39999999999999997,3.2
35,18,60,0,1.75,0.023437499999999997,0.39999999999999997,3.2
36,18,58,2,1.75,0.05989583333333333,0.39999999999999997,3.2
37,18,61,0,1.75,0.018229166666666664,0.39999999999999997,3.2
38,19,56,4,1.7894736842105263,0.09375,0.4823763889427201,3.3684210526315788
39,17,58,3,1.7142857142857142,0.06510416666666666,0.21295885499997994,3.0476190476190474
40,17,58,2,1.7142857142857142,0.057291666666666664,0.21295885499997994,3.0476190476190474
41,17,57,2,1.7142857142857142,0.06510416666666666,0.21295885499997994,3.0476190476190474
42,18,55,4,1.75,0.09895833333333333,0.39999999999999997,3.2
43,17,60,1,1.7142857142857142,0.033854166666666664,0.21295885499997994,3.0476190476190474
44,19,60,2,1.7894736842105263,0.04427083333333333,0.4823763889427201,3.3684210526315788
45,17,60,1,1.7142857142857142,0.03645833333333333,0.21295885499997994,3.0476190476190474
46,19,62,1,1.7894736842105263,0.020833333333333332,0.4823763889427201,3.3684210526315788
47,18,55,5,1.75,0.109375,0.39999999999999997,3.2
48,19,58,3,1.7894736842105263,0.06770833333333333,0.48237638894272,3.3684210526315788
49,19,60,0,1.7894736842105263,0.028645833333333332,0.4823763889427201,3.3684210526315788
50,18,58,0,1.75,0.0390625,0.39999999999999997,3.2
51,18,58,4,1.75,0.078125,0.39999999999999997,3.2
52,18,58,3,1.75,0.06510416666666666,0.39999999999999997,3.2
53,18,62,1,1.75,0.020833333333333332,0.39999999999999997,3.2
54,17,57,3,1.7142857142857142,0.0703125,0.21295885499997994,3.0476190476190474
55,18,59,2,1.7,0.049479166666666664,0.39999999999999997,3.2
56,17,61,1,1.7142857142857142,0.028645833333333332,0.21295885499997994,3.0476190476190474
57,20,58,2,1.8333333333333333,0.05989583333333333,0.49690399499995325,3.5555555555555554
58,18,56,1,1.75,0.05989583333333333,0.39999999999999997,3.2
59,18,59,2,1.75,0.046875,0.39999999999999997,3.2
60,18,60,2,1.75,0.04427083333333333,0.39999999999999997,3.2
61,18,54,3,1.75,0.09375,0.39999999999999997,3.2
62,18,57,1,1.75,0.05989583333333333,0.39999999999999997,3.2
63,18,60,1,1.75,0.033854166666666664,0.39999999999999997,3.2
64,17,60,2,1.7142857142857142,0.046875,0.21295885499997994,3.0476190476190474
65,20,59,3,1.8333333333333333,0.05989583333333333,0.49690399499995325,3.5555555555555554
66,17,56,5,1.7142857142857142,0.09635416666666666,0.21295885499997994,3.0476190476190474
67,18,60,1,1.75,0.0390625,0.39999999999999997,3.2
68,17,56,5,1.7142857142857142,0.09895833333333333,0.21295885499997994,3.0476190476190474
69,18,56,2,1.75,0.07291666666666666,0.39999999999999997,3.2
70,17,54,3,1.7142857142857142,0.09114583333333333,0.21295885499997994,3.0476190476190474
71,17,56,2,1.7142857142857142,0.0703125,0.21295885499997994,3.0476190476190474
72,17,60,2,1.7142857142857142,0.046875,0.21295885499997994,3.0476190476190474
73,18,59,1,1.75,0.041666666666666664,0.39999999999999997,3.2
74,18,59,4,1.75,0.0703125,0.39999999999999997,3.2
75,17,61,1,1.6666666666666667,0.028645833333333332,0.21295885499997994,3.0476190476190474
76,17,59,3,1.7142857142857142,0.05989583333333333,0.21295885499997994,3.0476190476190474
77,18,54,5,1.75,0.109375,0.39999999999999997,3.2
78,18,58,3,1.75,0.06770833333333334,0.39999999999999997,3.2
79,19,56,3,1.7894736842105263,0.08072916666666667,0.4823763889427201,3.3684210526315788
80,17,57,3,1.7142857142857142,0.07291666666666666,0.21295885499997994,3.0476190476190474
81,17,62,2,1.7142857142857142,0.03125,0.21295885499997994,3.0476190476190474
82,18,61,3,1.75,0.046875,0.39999999999999997,3.2
83,18,57,2,1.75,0.0625,0.39999999999999997,3.2
84,17,55,2,1.7142857142857142,0.078125,0.21295885499997994,3.0476190476190474
85,17,62,1,1.7142857142857142,0.0234375,0.21295885499997994,3.0476190476190474
86,18,60,1,1.75,0.03645833333333333,0.39999999999999997,3.2
87,17,58,2,1.7142857142857142,0.057291666666666664,0.21295885499997994,3.0476190476190474
88,18,58,4,1.75,0.07552083333333333,0.39999999999999997,3.2
89,19,61,1,1.7894736842105263,0.03125,0.4823763889427201,3.3684210526315788
90,18,62,1,1.75,0.020833333333333332,0.39999999999999997,3.2
91,18,62,0,1.75,0.013020833333333332,0.39999999999999997,3.2
92,18,56,2,1.75,0.07552083333333333,0.39999999999999997,3.2
93,19,56,3,1.7894736842105263,0.078125,0.4823763889427201,3.3684210526315788
94,18,54,5,1.7,0.11197916666666666,0.39999999999999997,3.2
95,17,59,2,1.7142857142857142,0.0546875,0.21295885499997994,3.0476190476190474
96,19,59,3,1.7894736842105263,0.0625,0.4823763889427201,3.3684210526315788
97,18,55,4,1.75,0.09895833333333333,0.39999999999999997,3.2
98,17,56,1,1.7142857142857142,0.05989583333333333,0.21295885499997994,3.0476190476190474
99,19,56,3,1.7894736842105263,0.08072916666666666,0.4823763889427201,3.3684210526315788
100,18,57,2,1.7,0.06510416666666666,0.39999999999999997,3.2
101,18,57,3,1.75,0.07552083333333333,0.39999999999999997,3.2
102,18,57,3,1.75,0.07291666666666666,0.39999999999999997,3.2
103,19,59,0,1.7894736842105263,0.03645833333333333,0.4823763889427201,3.3684210526315788
104,17,59,4,1.7142857142857142,0.06770833333333334,0.21295885499997994,3.0476190476190474
105,18,56,4,1.75,0.09114583333333334,0.39999999999999997,3.2
106,19,56,3,1.736842105263158,0.078125,0.48237638894272,3.3684210526315788
107,18,58,1,1.75,0.05208333333333333,0.39999999999999997,3.2
108,17,56,5,1.6666666666666667,0.09259259259259259,0.3086066999241838,3.0
109,19,55,4,1.7894736842105263,0.09635416666666666,0.48237638894272,3.3684210526315788
110,19,54,5,1.7894736842105263,0.11458333333333334,0.48237638894272,3.3684210526315788
111,18,57,3,1.75,0.078125,0.39999999999999997,3.2
112,17,58,2,1.7142857142857142,0.0546875,0.21295885499997994,3.0476190476190474
113,18,61,2,1.75,0.0390625,0.39999999999999997,3.2
114,18,55,3,1.75,0.0859375,0.39999999999999997,3.2
115,17,59,2,1.7142857142857142,0.0546875,0.21295885499997994,3.0476190476190474
116,17,57,4,1.7142857142857142,0.08333333333333333,0.21295885499997994,3.0476190476190474
117,18,58,1,1.75,0.049479166666666664,0.39999999999999997,3.2
118,18,55,4,1.75,0.09895833333333333,0.39999999999999997,3.2
119,17,58,3,1.7142857142857142,0.06770833333333333,0.21295885499997994,3.0476190476190474
120,18,57,2,1.75,0.06510416666666667,0.39999999999999997,3.2
121,19,55,2,1.7894736842105263,0.07552083333333333,0.4823763889427201,3.3684210526315788
122,19,57,1,1.7894736842105263,0.05729166666666666,0.4823763889427201,3.3684210526315788
123,19,56,2,1.7894736842105263,0.078125,0.4823763889427201,3.3684210526315788
124,17,60,4,1.7142857142857142,0.0625,0.21295885499997994,3.0476190476190474
125,19,55,3,1.736842105263158,0.0859375,0.4823763889427201,3.3684210526315788
126,18,54,5,1.75,0.11458333333333333,0.39999999999999997,3.2
127,19,51,4,1.7894736842105263,0.12239583333333333,0.4823763889427201,3.3684210526315788
128,17,58,3,1.7142857142857142,0.06770833333333334,0.21295885499997994,3.0476190476190474
129,17,56,2,1.7142857142857142,0.078125,0.21295885499997994,3.0476190476190474
130,17,55,2,1.7142857142857142,0.078125,0.21295885499997994,3.0476190476190474
131,18,57,3,1.75,0.07291666666666666,0.39999999999999997,3.2
132,17,59,1,1.7142857142857142,0.0390625,0.21295885499997994,3.0476190476190474
133,18,54,6,1.7,0.11979166666666666,0.39999999999999997,3.2
134,18,52,6,1.75,0.13541666666666669,0.39999999999999997,3.2
135,17,53,6,1.7142857142857142,0.13020833333333334,0.21295885499997994,3.0476190476190474
136,18,52,6,1.75,0.13802083333333331,0.39999999999999997,3.2
137,19,59,1,1.7894736842105263,0.041666666666666664,0.48237638894272,3.3684210526315788
138,18,52,4,1.75,0.10677083333333334,0.39999999999999997,3.2
139,18,58,3,1.75,0.06770833333333333,0.39999999999999997,3.2
140,17,60,0,1.7142857142857142,0.026041666666666664,0.21295885499997994,3.0476190476190474
141,17,52,5,1.7142857142857142,0.125,0.21295885499997994,3.0476190476190474
142,17,60,0,1.7142857142857142,0.028645833333333332,0.21295885499997994,3.0476190476190474
143,18,58,3,1.75,0.06510416666666666,0.39999999999999997,3.2
144,18,55,2,1.75,0.08072916666666666,0.39999999999999997,3.2
145,17,50,6,1.7142857142857142,0.15104166666666666,0.21295885499997994,3.0476190476190474
146,18,57,2,1.75,0.06510416666666666,0.39999999999999997,3.2
147,18,58,3,1.75,0.06770833333333333,0.39999999999999997,3.2
148,20,55,5,1.8333333333333333,0.109375,0.49690399499995325,3.5555555555555554
149,18,53,3,1.75,0.10416666666666666,0.39999999999999997,3.2
150,17,60,3,1.7142857142857142,0.0546875,0.21295885499997994,3.0476190476190474
151,18,57,3,1.75,0.07291666666666666,0.39999999999999997,3.2
152,18,55,4,1.75,0.09375,0.39999999999999997,3.2
153,19,53,6,1.6842105263157894,0.13020833333333331,0.4823763889427201,3.3684210526315788
154,18,53,6,1.75,0.12239583333333334,0.39999999999999997,3.2
155,17,59,2,1.6666666666666667,0.05208333333333333,0.21295885499997994,3.0476190476190474
156,17,60,4,1.7142857142857142,0.0625,0.21295885499997994,3.0476190476190474
157,17,52,6,1.7142857142857142,0.13802083333333334,0.21295885499997994,3.0476190476190474
158,18,54,7,1.75,0.12760416666666669,0.39999999999999997,3.2
159,19,58,1,1.7894736842105263,0.04427083333333333,0.4823763889427201,3.3684210526315788
160,17,54,3,1.7142857142857142,0.09375,0.21295885499997994,3.0476190476190474
161,17,56,4,1.7142857142857142,0.08854166666666666,0.21295885499997994,3.0476190476190474
162,17,52,5,1.7142857142857142,0.12499999999999999,0.21295885499997994,3.0476190476190474
163,18,59,1,1.75,0.0390625,0.39999999999999997,3.2
164,19,52,7,1.7894736842105263,0.14583333333333331,0.4823763889427201,3.3684210526315788
165,18,56,5,1.75,0.09895833333333333,0.39999999999999997,3.2
166,17,53,5,1.7142857142857142,0.12239583333333333,0.21295885499997994,3.0476190476190474
167,18,53,7,1.75,0.13802083333333331,0.39999999999999997,3.2
168,17,53,5,1.7142857142857142,0.11979166666666666,0.21295885499997994,3.0476190476190474
169,19,55,3,1.736842105263158,0.082010582010582,0.5668594533825794,3.3157894736842106
170,18,60,2,1.75,0.046875,0.39999999999999997,3.2
171,18,58,2,1.75,0.057291666666666664,0.39999999999999997,3.2
172,17,55,3,1.7142857142857142,0.09114583333333333,0.21295885499997994,3.0476190476190474
173,18,53,8,1.75,0.140625,0.39999999999999997,3.2
174,19,53,4,1.7894736842105263,0.11197916666666666,0.48237638894272,3.3684210526315788
175,18,53,7,1.75,0.13541666666666666,0.39999999999999997,3.2
176,19,53,2,1.736842105263158,0.08994708994708994,0.5668594533825794,3.3157894736842106
177,18,56,5,1.75,0.09895833333333333,0.39999999999999997,3.2
178,18,59,3,1.75,0.05989583333333333,0.39999999999999997,3.2
179,18,55,3,1.75,0.0859375,0.39999999999999997,3.2
180,18,57,5,1.75,0.09114583333333333,0.39999999999999997,3.2
181,18,54,5,1.75,0.10677083333333333,0.39999999999999997,3.2
182,17,55,3,1.7142857142857142,0.0859375,0.21295885499997994,3.0476190476190474
183,19,52,5,1.7894736842105263,0.12239583333333333,0.48237638894272,3.3684210526315788
184,18,56,4,1.75,0.08593749999999999,0.39999999999999997,3.2
185,18,54,5,1.75,0.11197916666666666,0.39999999999999997,3.2
186,18,53,4,1.7,0.10317460317460317,0.47696960070847283,3.15
187,17,56,6,1.7142857142857142,0.10677083333333333,0.21295885499997994,3.0476190476190474
188,18,49,7,1.75,0.16666666666666669,0.39999999999999997,3.2
189,19,54,6,1.7894736842105263,0.125,0.4823763889427201,3.3684210526315788
190,18,51,6,1.75,0.14322916666666666,0.39999999999999997,3.2
191,19,54,3,1.7894736842105263,0.09114583333333331,0.4823763889427201,3.3684210526315788
192,19,49,9,1.7894736842105263,0.1796875,0.4823763889427201,3.3684210526315788
193,19,55,2,1.7894736842105263,0.08333333333333333,0.4823763889427201,3.3684210526315788
194,17,54,4,1.7142857142857142,0.10677083333333333,0.21295885499997994,3.0476190476190474
195,19,57,6,1.7894736842105263,0.1015625,0.4823763889427201,3.3684210526315788
196,19,55,5,1.7894736842105263,0.10677083333333334,0.4823763889427201,3.3684210526315788
197,18,52,5,1.75,0.125,0.39999999999999997,3.2
198,17,50,8,1.7142857142857142,0.1640625,0.21295885499997994,3.0476190476190474
199,18,58,3,1.75,0.06770833333333333,0.39999999999999997,3.2
200,18,58,3,1.75,0.06770833333333333,0.39999999999999997,3.2
201,18,56,3,1.75,0.0859375,0.39999999999999997,3.2
202,18,49,7,1.75,0.16666666666666666,0.39999999999999997,3.2
203,18,56,5,1.75,0.1015625,0.39999999999999997,3.2
204,18,53,6,1.75,0.13020833333333331,0.39999999999999997,3.2
205,17,45,7,1.7142857142857142,0.1953125,0.21295885499997994,3.0476190476190474
206,17,51,9,1.7142857142857142,0.16666666666666666,0.21295885499997994,3.0476190476190474
207,19,56,5,1.7894736842105263,0.09895833333333333,0.4823763889427201,3.3684210526315788
208,17,51,6,1.7142857142857142,0.1484375,0.21295885499997994,3.0476190476190474
209,18,51,6,1.75,0.140625,0.39999999999999997,3.2
210,17,50,6,1.6666666666666667,0.1484375,0.21295885499997994,3.0476190476190474
211,17,52,4,1.7142857142857142,0.1171875,0.21295885499997994,3.0476190476190474
212,18,52,9,1.75,0.16145833333333331,0.39999999999999997,3.2
213,19,55,4,1.7894736842105263,0.09895833333333333,0.48237638894272,3.3684210526315788
214,18,48,7,1.75,0.171875,0.39999999999999997,3.2
215,18,50,6,1.75,0.14322916666666666,0.39999999999999997,3.2
216,17,49,9,1.7142857142857142,0.18229166666666666,0.21295885499997994,3.0476190476190474
217,18,51,6,1.75,0.14322916666666666,0.39999999999999997,3.2
218,18,48,4,1.75,0.1484375,0.39999999999999997,3.2
219,19,49,9,1.7894736842105263,0.1796875,0.4823763889427201,3.3684210526315788
220,18,54,4,1.75,0.10416666666666666,0.39999999999999997,3.2
221,18,53,1,1.75,0.08072916666666667,0.39999999999999997,3.2
222,20,47,8,1.8333333333333333,0.1875,0.49690399499995325,3.5555555555555554
223,19,47,10,1.7894736842105263,0.20052083333333334,0.4823763889427201,3.3684210526315788
224,18,56,4,1.75,0.09114583333333333,0.39999999999999997,3.2
225,18,50,8,1.75,0.16927083333333331,0.39999999999999997,3.2
226,17,50,9,1.7142857142857142,0.17708333333333331,0.21295885499997994,3.0476190476190474
227,18,53,6,1.7,0.12760416666666666,0.39999999999999997,3.2
228,17,48,6,1.7142857142857142,0.16145833333333331,0.21295885499997994,3.0476190476190474
229,18,46,10,1.75,0.21354166666666666,0.39999999999999997,3.2
230,18,54,7,1.75,0.13020833333333331,0.39999999999999997,3.2
231,17,47,12,1.7142857142857142,0.22135416666666666,0.21295885499997994,3.0476190476190474
232,18,57,5,1.75,0.09375,0.39999999999999997,3.2
233,17,51,8,1.7142857142857142,0.15885416666666666,0.21295885499997994,3.0476190476190474
234,19,52,7,1.7894736842105263,0.14322916666666666,0.48237638894272,3.3684210526315788
235,18,47,13,1.75,0.23177083333333331,0.39999999999999997,3.2
236,18,47,9,1.7,0.1931216931216931,0.47696960070847283,3.15
237,18,51,6,1.75,0.14583333333333331,0.39999999999999997,3.2
238,18,55,4,1.75,0.09635416666666666,0.39999999999999997,3.2
239,17,54,6,1.6666666666666667,0.11979166666666669,0.21295885499997994,3.0476190476190474
240,17,54,7,1.7142857142857142,0.1328125,0.21295885499997994,3.0476190476190474
241,18,51,5,1.75,0.13802083333333334,0.39999999999999997,3.2
242,19,43,11,1.736842105263158,0.23544973544973544,0.5668594533825794,3.3157894736842106
243,18,50,9,1.75,0.17708333333333331,0.39999999999999997,3.2
244,18,50,7,1.75,0.15364583333333331,0.39999999999999997,3.2
245,18,47,8,1.75,0.18489583333333331,0.39999999999999997,3.2
246,18,52,5,1.75,0.12760416666666666,0.39999999999999997,3.2
247,17,50,8,1.7142857142857142,0.16666666666666666,0.21295885499997994,3.0476190476190474
248,18,51,5,1.75,0.13802083333333331,0.39999999999999997,3.2
249,19,49,10,1.7894736842105263,0.19010416666666666,0.4823763889427201,3.3684210526315788
250,17,50,8,1.7142857142857142,0.16927083333333331,0.21295885499997994,3.0476190476190474
251,18,46,8,1.75,0.19010416666666666,0.39999999999999997,3.2
252,19,56,5,1.7894736842105263,0.09635416666666666,0.4823763889427201,3.3684210526315788
253,18,46,10,1.75,0.21354166666666666,0.39999999999999997,3.2
254,18,47,11,1.75,0.20833333333333331,0.39999999999999997,3.2
255,19,47,14,1.7894736842105263,0.23697916666666666,0.4823763889427201,3.3684210526315788
256,19,53,5,1.7894736842105263,0.1171875,0.48237638894272,3.3684210526315788
257,17,46,11,1.6666666666666667,0.22135416666666666,0.21295885499997994,3.0476190476190474
258,18,49,7,1.75,0.16666666666666666,0.39999999999999997,3.2
259,19,48,7,1.7894736842105263,0.17187500000000003,0.4823763889427201,3.3684210526315788
260,19,44,11,1.7894736842105263,0.23697916666666666,0.4823763889427201,3.3684210526315788
261,18,45,8,1.75,0.19791666666666666,0.39999999999999997,3.2
262,19,45,11,1.7894736842105263,0.2265625,0.4823763889427201,3.3684210526315788
263,18,48,6,1.75,0.1640625,0.39999999999999997,3.2
264,18,48,11,1.75,0.20572916666666666,0.39999999999999997,3.2
265,19,45,13,1.7894736842105263,0.24479166666666666,0.4823763889427201,3.3684210526315788
266,20,53,9,1.8333333333333333,0.15364583333333331,0.49690399499995325,3.5555555555555554
267,19,38,13,1.7894736842105263,0.28385416666666663,0.4823763889427201,3.3684210526315788
268,18,47,7,1.75,0.18229166666666669,0.39999999999999997,3.2
269,19,53,7,1.7894736842105263,0.13802083333333331,0.48237638894272,3.3684210526315788
270,19,43,11,1.736842105263158,0.23809523809523808,0.5668594533825794,3.3157894736842106
271,17,46,10,1.7142857142857142,0.2109375,0.21295885499997994,3.0476190476190474
272,17,47,11,1.7142857142857142,0.21354166666666669,0.21295885499997994,3.0476190476190474
273,17,50,9,1.7142857142857142,0.17447916666666666,0.21295885499997994,3.0476190476190474
274,17,44,12,1.7142857142857142,0.25,0.21295885499997994,3.0476190476190474
275,17,48,8,1.7142857142857142,0.18229166666666666,0.21295885499997994,3.0476190476190474
276,18,48,10,1.75,0.1953125,0.39999999999999997,3.2
277,18,49,10,1.75,0.1875,0.39999999999999997,3.2
278,18,51,7,1.75,0.15625,0.39999999999999997,3.2
279,19,41,12,1.7894736842105263,0.2578125,0.48237638894272,3.3684210526315788
280,20,44,11,1.8333333333333333,0.2421875,0.49690399499995325,3.5555555555555554
281,18,39,15,1.75,0.296875,0.39999999999999997,3.2
282,19,46,11,1.7894736842105263,0.21875,0.48237638894272,3.3684210526315788
283,18,46,10,1.75,0.2109375,0.39999999999999997,3.2
284,18,46,13,1.75,0.2421875,0.39999999999999997,3.2
285,17,48,9,1.7142857142857142,0.19010416666666666,0.21295885499997994,3.0476190476190474
286,18,52,8,1.75,0.1484375,0.39999999999999997,3.2
287,17,45,13,1.7142857142857142,0.24479166666666663,0.21295885499997994,3.0476190476190474
288,18,46,13,1.75,0.2421875,0.39999999999999997,3.2
289,18,51,10,1.75,0.17708333333333331,0.39999999999999997,3.2
290,20,46,10,1.8333333333333333,0.21354166666666666,0.49690399499995325,3.5555555555555554
291,17,51,10,1.7142857142857142,0.17447916666666666,0.21295885499997994,3.0476190476190474
292,17,45,11,1.6666666666666667,0.22916666666666663,0.21295885499997994,3.0476190476190474
293,18,47,10,1.75,0.20572916666666669,0.39999999999999997,3.2
294,18,45,12,1.75,0.23177083333333331,0.39999999999999997,3.2
295,17,47,11,1.6666666666666667,0.21164021164021163,0.3086066999241838,3.0
296,19,44,14,1.7894736842105263,0.26302083333333337,0.4823763889427201,3.3684210526315788
297,18,42,13,1.75,0.2708333333333333,0.39999999999999997,3.2
298,18,47,15,1.75,0.24739583333333331,0.39999999999999997,3.2
299,18,48,13,1.75,0.22135416666666669,0.39999999999999997,3.2
300,19,44,13,1.736842105263158,0.2552083333333333,0.4823763889427201,3.3684210526315788
301,17,49,11,1.6666666666666667,0.19791666666666666,0.21295885499997994,3.0476190476190474
302,18,49,13,1.75,0.21614583333333331,0.39999999999999997,3.2
303,18,47,12,1.75,0.22395833333333331,0.39999999999999997,3.2
304,19,45,12,1.7894736842105263,0.23958333333333331,0.4823763889427201,3.3684210526315788
305,19,41,16,1.736842105263158,0.29427083333333337,0.4823763889427201,3.3684210526315788
306,18,45,13,1.75,0.2421875,0.39999999999999997,3.2
307,17,42,15,1.7142857142857142,0.28125,0.21295885499997994,3.0476190476190474
308,18,39,15,1.75,0.3020833333333333,0.39999999999999997,3.2
309,19,45,12,1.7894736842105263,0.23958333333333331,0.4823763889427201,3.3684210526315788
310,17,44,14,1.6666666666666667,0.25396825396825395,0.3086066999241838,3.0
311,18,46,12,1.75,0.23177083333333331,0.39999999999999997,3.2
312,18,45,13,1.7,0.23809523809523808,0.47696960070847283,3.15
313,18,42,16,1.75,0.2890625,0.39999999999999997,3.2
314,19,45,13,1.7894736842105263,0.2421875,0.4823763889427201,3.3684210526315788
315,18,44,14,1.75,0.2630208333333333,0.39999999999999997,3.2
316,18,47,12,1.75,0.22135416666666663,0.39999999999999997,3.2
317,18,40,12,1.75,0.27604166666666663,0.39999999999999997,3.2
318,19,43,12,1.7894736842105263,0.2526041666666667,0.4823763889427201,3.3684210526315788
319,20,43,12,1.8333333333333333,0.25260416666666663,0.49690399499995325,3.5555555555555554
320,19,41,15,1.7894736842105263,0.2942708333333333,0.4823763889427201,3.3684210526315788
321,18,45,13,1.75,0.25,0.39999999999999997,3.2
322,17,44,15,1.7142857142857142,0.2708333333333333,0.21295885499997994,3.0476190476190474
323,18,44,11,1.75,0.234375,0.39999999999999997,3.2
324,17,43,12,1.7142857142857142,0.25260416666666663,0.21295885499997994,3.0476190476190474
325,19,51,9,1.7894736842105263,0.16666666666666666,0.4823763889427201,3.3684210526315788
326,19,43,15,1.736842105263158,0.2724867724867725,0.5668594533825794,3.3157894736842106
327,18,42,16,1.75,0.29427083333333337,0.39999999999999997,3.2
328,19,44,13,1.7894736842105263,0.2526041666666667,0.4823763889427201,3.3684210526315788
329,19,41,13,1.7894736842105263,0.2786458333333333,0.4823763889427201,3.3684210526315788
330,18,44,15,1.75,0.2708333333333333,0.39999999999999997,3.2
331,17,42,16,1.7142857142857142,0.296875,0.21295885499997994,3.0476190476190474
332,18,45,13,1.75,0.24479166666666669,0.39999999999999997,3.2
333,18,43,16,1.75,0.28385416666666663,0.39999999999999997,3.2
334,20,42,14,1.8333333333333333,0.27864583333333337,0.49690399499995325,3.5555555555555554
335,19,42,14,1.7894736842105263,0.27604166666666663,0.4823763889427201,3.3684210526315788
336,18,45,13,1.75,0.24479166666666669,0.39999999999999997,3.2
337,18,44,13,1.75,0.25260416666666663,0.39999999999999997,3.2
338,19,38,16,1.7894736842105263,0.32291666666666663,0.4823763889427201,3.3684210526315788
339,19,45,12,1.7894736842105263,0.234375,0.4823763889427201,3.3684210526315788
340,18,47,14,1.75,0.23958333333333334,0.39999999999999997,3.2
341,18,43,17,1.75,0.296875,0.39999999999999997,3.2
342,20,45,11,1.8333333333333333,0.22916666666666663,0.49690399499995325,3.5555555555555554
343,20,45,13,1.8333333333333333,0.2421875,0.49690399499995325,3.5555555555555554
344,18,42,14,1.75,0.2760416666666667,0.39999999999999997,3.2
345,18,44,12,1.75,0.25,0.39999999999999997,3.2
346,19,41,14,1.7894736842105263,0.2838541666666667,0.48237638894272,3.3684210526315788
347,17,44,12,1.7142857142857142,0.24479166666666669,0.21295885499997994,3.0476190476190474
348,18,41,18,1.75,0.31770833333333337,0.39999999999999997,3.2
349,20,44,12,1.8333333333333333,0.24479166666666666,0.49690399499995325,3.5555555555555554
350,18,41,13,1.75,0.2786458333333333,0.39999999999999997,3.2
351,18,49,13,1.75,0.21354166666666666,0.39999999999999997,3.2
352,18,45,16,1.75,0.2734375,0.39999999999999997,3.2
353,17,45,12,1.7142857142857142,0.23177083333333334,0.21295885499997994,3.0476190476190474
354,18,43,13,1.7,0.2604166666666667,0.39999999999999997,3.2
355,18,44,13,1.75,0.24739583333333331,0.39999999999999997,3.2
356,19,40,14,1.7894736842105263,0.2890625,0.4823763889427201,3.3684210526315788
357,18,49,10,1.75,0.1953125,0.39999999999999997,3.2
358,18,39,19,1.75,0.3333333333333333,0.39999999999999997,3.2
359,19,46,14,1.7894736842105263,0.25,0.4823763889427201,3.3684210526315788
360,18,42,13,1.75,0.2734375,0.39999999999999997,3.2
361,18,37,21,1.7,0.3703703703703704,0.47696960070847283,3.15
362,18,47,12,1.75,0.22135416666666669,0.39999999999999997,3.2
363,19,39,16,1.7894736842105263,0.3203125,0.4823763889427201,3.3684210526315788
364,19,42,16,1.7894736842105263,0.2916666666666667,0.4823763889427201,3.3684210526315788
365,19,44,15,1.7894736842105263,0.2734375,0.4823763889427201,3.3684210526315788
366,17,43,13,1.7142857142857142,0.2604166666666667,0.21295885499997994,3.0476190476190474
367,18,42,15,1.75,0.28645833333333337,0.39999999999999997,3.2
368,18,41,15,1.7,0.291005291005291,0.47696960070847283,3.15
369,19,45,14,1.7894736842105263,0.2552083333333333,0.4823763889427201,3.3684210526315788
370,17,45,13,1.7142857142857142,0.24739583333333331,0.21295885499997994,3.0476190476190474
371,18,41,16,1.75,0.2994791666666667,0.39999999999999997,3.2
372,19,43,15,1.7894736842105263,0.2786458333333333,0.4823763889427201,3.3684210526315788
373,18,36,18,1.75,0.3541666666666667,0.39999999999999997,3.2
374,17,44,13,1.7142857142857142,0.25260416666666663,0.21295885499997994,3.0476190476190474
375,18,40,18,1.75,0.3203125,0.39999999999999997,3.2
376,20,41,14,1.8333333333333333,0.28125,0.49690399499995325,3.5555555555555554
377,18,40,15,1.7,0.2989417989417989,0.47696960070847283,3.15
378,17,40,16,1.7142857142857142,0.3046875,0.21295885499997994,3.0476190476190474
379,18,44,14,1.75,0.2578125,0.39999999999999997,3.2
380,19,42,17,1.736842105263158,0.29947916666666663,0.4823763889427201,3.3684210526315788
381,18,44,16,1.75,0.27864583333333337,0.39999999999999997,3.2
382,18,51,8,1.75,0.16145833333333334,0.39999999999999997,3.2
383,18,40,19,1.7,0.3333333333333333,0.47696960070847283,3.15
384,17,46,14,1.7142857142857142,0.25,0.21295885499997994,3.0476190476190474
385,19,41,17,1.736842105263158,0.3042328042328042,0.5668594533825794,3.3157894736842106
386,18,40,18,1.75,0.328125,0.39999999999999997,3.2
387,18,36,24,1.75,0.4010416666666667,0.39999999999999997,3.2
388,18,38,17,1.75,0.32552083333333337,0.39999999999999997,3.2
389,18,43,16,1.75,0.2890625,0.39999999999999997,3.2
390,17,39,20,1.7142857142857142,0.34895833333333337,0.21295885499997994,3.0476190476190474
391,18,38,16,1.75,0.3255208333333333,0.39999999999999997,3.2
392,19,40,18,1.7894736842105263,0.31510416666666663,0.4823763889427201,3.3684210526315788
393,17,42,15,1.7142857142857142,0.28385416666666663,0.21295885499997994,3.0476190476190474
394,19,42,14,1.7894736842105263,0.27604166666666663,0.4823763889427201,3.3684210526315788
395,19,40,18,1.7894736842105263,0.3229166666666667,0.4823763889427201,3.3684210526315788
396,18,41,14,1.75,0.27864583333333337,0.39999999999999997,3.2
397,19,39,17,1.736842105263158,0.3227513227513228,0.5668594533825794,3.3157894736842106
398,19,41,17,1.7894736842105263,0.30729166666666663,0.4823763889427201,3.3684210526315788
399,17,41,17,1.7142857142857142,0.3046875,0.21295885499997994,3.0476190476190474
400,18,41,16,1.75,0.3046875,0.39999999999999997,3.2
401,18,44,15,1.7,0.2708333333333333,0.39999999999999997,3.2
402,18,41,18,1.75,0.31770833333333337,0.39999999999999997,3.2
403,18,43,17,1.75,0.29166666666666663,0.39999999999999997,3.2
404,18,38,21,1.75,0.3671875,0.39999999999999997,3.2
405,18,41,16,1.75,0.29947916666666663,0.39999999999999997,3.2
406,18,40,18,1.7,0.3227513227513228,0.47696960070847283,3.15
407,18,40,18,1.75,0.32552083333333337,0.39999999999999997,3.2
408,18,45,12,1.75,0.234375,0.39999999999999997,3.2
409,18,42,17,1.75,0.2994791666666667,0.39999999999999997,3.2
410,18,39,19,1.75,0.34375,0.39999999999999997,3.2
411,17,41,19,1.6666666666666667,0.328125,0.21295885499997994,3.0476190476190474
412,18,37,19,1.7,0.35185185185185186,0.47696960070847283,3.15
413,19,43,14,1.7894736842105263,0.2708333333333333,0.4823763889427201,3.3684210526315788
414,19,44,19,1.7894736842105263,0.3046875,0.4823763889427201,3.3684210526315788
415,18,40,17,1.75,0.31770833333333337,0.39999999999999997,3.2
416,19,40,16,1.7894736842105263,0.3046875,0.4823763889427201,3.3684210526315788
417,18,40,16,1.75,0.30729166666666663,0.39999999999999997,3.2
418,18,36,17,1.7,0.3439153439153439,0.47696960070847283,3.15
419,17,38,20,1.7142857142857142,0.359375,0.21295885499997994,3.0476190476190474
420,17,40,17,1.7142857142857142,0.3151041666666667,0.21295885499997994,3.0476190476190474
421,17,41,14,1.7142857142857142,0.28125,0.21295885499997994,3.0476190476190474
422,19,35,19,1.7894736842105263,0.3645833333333333,0.4823763889427201,3.3684210526315788
423,18,39,16,1.75,0.3125,0.39999999999999997,3.2
424,19,40,18,1.7894736842105263,0.3255208333333333,0.4823763889427201,3.3684210526315788
425,18,38,16,1.75,0.3177083333333333,0.39999999999999997,3.2
426,18,41,17,1.75,0.3072916666666667,0.39999999999999997,3.2
427,18,42,16,1.75,0.29427083333333337,0.39999999999999997,3.2
428,19,38,18,1.7894736842105263,0.3359375,0.4823763889427201,3.3684210526315788
429,17,38,20,1.7142857142857142,0.35677083333333337,0.21295885499997994,3.0476190476190474
430,18,46,14,1.75,0.24739583333333331,0.39999999999999997,3.2
431,17,35,19,1.6666666666666667,0.3677248677248677,0.3086066999241838,3.0
432,18,38,17,1.75,0.33333333333333337,0.39999999999999997,3.2
433,19,41,18,1.7894736842105263,0.3151041666666667,0.4823763889427201,3.3684210526315788
434,17,38,20,1.7142857142857142,0.3567708333333333,0.21295885499997994,3.0476190476190474
435,17,35,18,1.6666666666666667,0.35978835978835977,0.3086066999241838,3.0
436,18,40,16,1.75,0.30729166666666663,0.39999999999999997,3.2
437,17,38,17,1.7142857142857142,0.3307291666666667,0.21295885499997994,3.0476190476190474
438,18,39,18,1.75,0.33072916666666663,0.39999999999999997,3.2
439,19,38,18,1.7894736842105263,0.3359375,0.4823763889427201,3.3684210526315788
440,18,36,21,1.75,0.375,0.39999999999999997,3.2
441,18,43,12,1.75,0.25520833333333337,0.39999999999999997,3.2
442,18,35,20,1.75,0.3776041666666667,0.39999999999999997,3.2
443,17,39,18,1.7142857142857142,0.33072916666666663,0.21295885499997994,3.0476190476190474
444,17,39,17,1.7142857142857142,0.32552083333333337,0.21295885499997994,3.0476190476190474
445,19,38,19,1.7894736842105263,0.34635416666666663,0.48237638894272,3.3684210526315788
446,19,40,20,1.7894736842105263,0.3411458333333333,0.4823763889427201,3.3684210526315788
447,18,40,19,1.7,0.3333333333333333,0.39999999999999997,3.2
448,18,35,20,1.75,0.38020833333333337,0.39999999999999997,3.2
449,17,37,19,1.6666666666666667,0.3515625,0.21295885499997994,3.0476190476190474
450,19,37,19,1.7894736842105263,0.3515625,0.4823763889427201,3.3684210526315788
451,18,36,19,1.75,0.36197916666666663,0.39999999999999997,3.2
452,18,39,20,1.75,0.34375,0.39999999999999997,3.2
453,17,39,17,1.7142857142857142,0.3203125,0.21295885499997994,3.0476190476190474
454,18,37,19,1.75,0.3515625,0.39999999999999997,3.2
455,17,35,18,1.7142857142857142,0.36197916666666663,0.21295885499997994,3.0476190476190474
456,18,41,19,1.75,0.3255208333333333,0.39999999999999997,3.2
457,19,38,18,1.736842105263158,0.33597883597883593,0.5668594533825794,3.3157894736842106
458,18,33,22,1.75,0.40625,0.39999999999999997,3.2
459,17,39,19,1.7142857142857142,0.34114583333333337,0.21295885499997994,3.0476190476190474
460,19,41,18,1.7894736842105263,0.31770833333333337,0.4823763889427201,3.3684210526315788
461,19,39,19,1.7894736842105263,0.34114583333333337,0.4823763889427201,3.3684210526315788
462,19,35,21,1.7894736842105263,0.38541666666666663,0.48237638894272,3.3684210526315788
463,17,36,18,1.7142857142857142,0.35416666666666663,0.21295885499997994,3.0476190476190474
464,17,35,20,1.7142857142857142,0.37239583333333337,0.21295885499997994,3.0476190476190474
465,17,42,18,1.7142857142857142,0.3098958333333333,0.21295885499997994,3.0476190476190474
466,18,38,18,1.75,0.34375,0.39999999999999997,3.2
467,18,38,21,1.75,0.3671875,0.39999999999999997,3.2
468,19,45,13,1.7894736842105263,0.25,0.4823763889427201,3.3684210526315788
469,17,36,20,1.6666666666666667,0.37037037037037035,0.3086066999241838,3.0
470,18,36,20,1.75,0.36979166666666663,0.39999999999999997,3.2
471,18,33,23,1.75,0.4192708333333333,0.39999999999999997,3.2
472,18,36,18,1.75,0.3567708333333333,0.39999999999999997,3.2
473,19,35,22,1.7894736842105263,0.3932291666666667,0.4823763889427201,3.3684210526315788
474,18,39,14,1.75,0.296875,0.39999999999999997,3.2
475,18,38,19,1.75,0.34635416666666663,0.39999999999999997,3.2
476,18,37,22,1.75,0.3828125,0.39999999999999997,3.2
477,19,42,16,1.7894736842105263,0.29166666666666663,0.4823763889427201,3.3684210526315788
478,19,39,17,1.7894736842105263,0.32291666666666663,0.4823763889427201,3.3684210526315788
479,18,34,21,1.75,0.39583333333333337,0.39999999999999997,3.2
480,18,40,19,1.75,0.3359375,0.39999999999999997,3.2
481,19,42,17,1.7894736842105263,0.3046875,0.4823763889427201,3.3684210526315788
482,19,35,19,1.7894736842105263,0.3671875,0.4823763889427201,3.3684210526315788
483,19,37,20,1.7894736842105263,0.3619791666666667,0.4823763889427201,3.3684210526315788
484,19,34,24,1.7894736842105263,0.41666666666666663,0.4823763889427201,3.3684210526315788
485,18,35,22,1.75,0.3958333333333333,0.39999999999999997,3.2
486,18,35,21,1.75,0.38541666666666663,0.39999999999999997,3.2
487,18,39,17,1.75,0.32291666666666663,0.39999999999999997,3.2
488,18,37,23,1.75,0.38802083333333337,0.39999999999999997,3.2
489,17,34,20,1.7142857142857142,0.38541666666666663,0.21295885499997994,3.0476190476190474
490,18,38,20,1.75,0.3515625,0.39999999999999997,3.2
491,19,37,21,1.7894736842105263,0.36979166666666663,0.48237638894272,3.3684210526315788
492,18,32,21,1.75,0.40885416666666663,0.39999999999999997,3.2
493,19,38,18,1.7894736842105263,0.3359375,0.4823763889427201,3.3684210526315788
494,18,32,23,1.75,0.421875,0.39999999999999997,3.2
495,18,40,20,1.75,0.3411458333333333,0.39999999999999997,3.2
496,18,38,18,1.75,0.33854166666666663,0.39999999999999997,3.2
497,17,37,19,1.7142857142857142,0.35416666666666663,0.21295885499997994,3.0476190476190474
498,18,38,22,1.75,0.375,0.39999999999999997,3.2
499,18,35,21,1.75,0.38541666666666663,0.39999999999999997,3.2
500,17,40,20,1.7142857142857142,0.3411458333333333,0.21295885499997994,3.0476190476190474
501,18,36,20,1.75,0.3723958333333333,0.39999999999999997,3.2
502,17,36,20,1.7142857142857142,0.36979166666666663,0.21295885499997994,3.0476190476190474
503,18,32,22,1.75,0.4140625,0.39999999999999997,3.2
504,19,37,13,1.7894736842105263,0.3020833333333333,0.4823763889427201,3.3684210526315788
505,17,36,20,1.7142857142857142,0.3671875,0.21295885499997994,3.0476190476190474
506,19,37,20,1.736842105263158,0.35978835978835977,0.5668594533825794,3.3157894736842106
507,18,38,19,1.75,0.34375,0.39999999999999997,3.2
508,18,36,20,1.75,0.36979166666666663,0.39999999999999997,3.2
509,18,38,21,1.75,0.3645833333333333,0.39999999999999997,3.2
510,18,38,20,1.75,0.35416666666666663,0.39999999999999997,3.2
511,18,37,24,1.75,0.3958333333333333,0.39999999999999997,3.2
512,18,42,16,1.75,0.29166666666666663,0.39999999999999997,3.2
513,18,40,18,1.75,0.3203125,0.39999999999999997,3.2
514,17,36,22,1.7142857142857142,0.38541666666666663,0.21295885499997994,3.0476190476190474
515,18,34,20,1.7,0.3828125,0.39999999999999997,3.2
516,18,38,21,1.75,0.3645833333333333,0.39999999999999997,3.2
517,17,37,20,1.7142857142857142,0.36197916666666663,0.21295885499997994,3.0476190476190474
518,19,35,21,1.7894736842105263,0.38020833333333337,0.48237638894272,3.3684210526315788
519,18,38,21,1.75,0.3671875,0.39999999999999997,3.2
520,18,30,20,1.75,0.40625,0.39999999999999997,3.2
521,18,40,15,1.75,0.296875,0.39999999999999997,3.2
522,17,34,19,1.7142857142857142,0.3802083333333333,0.21295885499997996,3.0476190476190474
523,19,33,20,1.7894736842105263,0.38802083333333326,0.4823763889427201,3.3684210526315788
524,18,33,21,1.75,0.40104166666666663,0.39999999999999997,3.2
525,19,34,19,1.7894736842105263,0.375,0.48237638894272,3.3684210526315788
526,18,39,20,1.75,0.3489583333333333,0.39999999999999997,3.2
527,18,37,20,1.75,0.36458333333333337,0.39999999999999997,3.2
528,18,36,23,1.75,0.3958333333333333,0.39999999999999997,3.2
529,18,40,17,1.75,0.31770833333333337,0.39999999999999997,3.2
530,18,35,20,1.75,0.37239583333333337,0.39999999999999997,3.2
531,18,31,24,1.75,0.4375,0.39999999999999997,3.2
532,19,33,22,1.736842105263158,0.4047619047619047,0.5668594533825794,3.3157894736842106
533,19,34,24,1.7894736842105263,0.4192708333333333,0.4823763889427201,3.3684210526315788
534,17,33,22,1.7142857142857142,0.40625,0.21295885499997994,3.0476190476190474
535,17,35,20,1.7142857142857142,0.375,0.21295885499997994,3.0476190476190474
536,18,34,20,1.7,0.3862433862433862,0.47696960070847283,3.15
537,18,32,22,1.75,0.4140625,0.39999999999999997,3.2
538,19,36,22,1.7894736842105263,0.38541666666666663,0.48237638894272,3.3684210526315788
539,18,32,21,1.75,0.4088541666666667,0.39999999999999997,3.2
540,18,36,21,1.7,0.3783068783068783,0.47696960070847283,3.15
541,18,35,23,1.75,0.40104166666666663,0.39999999999999997,3.2
542,19,35,21,1.7894736842105263,0.3880208333333333,0.4823763889427201,3.3684210526315788
543,18,37,19,1.75,0.35416666666666663,0.39999999999999997,3.2
544,18,37,19,1.75,0.35416666666666663,0.39999999999999997,3.2
545,18,37,22,1.75,0.37760416666666663,0.39999999999999997,3.2
546,17,34,20,1.7142857142857142,0.3776041666666667,0.21295885499997994,3.0476190476190474
547,18,32,24,1.75,0.4296875,0.39999999999999997,3.2
548,18,35,20,1.75,0.3723958333333333,0.39999999999999997,3.2
549,19,39,17,1.7894736842105263,0.32291666666666663,0.48237638894272,3.3684210526315788
550,18,32,20,1.7,0.3915343915343915,0.47696960070847283,3.15
551,18,34,18,1.7,0.36507936507936506,0.47696960070847283,3.15
552,19,36,22,1.7894736842105263,0.38541666666666663,0.4823763889427201,3.3684210526315788
553,17,34,22,1.6666666666666667,0.40211640211640215,0.3086066999241838,3.0
554,19,36,21,1.7894736842105263,0.37760416666666663,0.4823763889427201,3.3684210526315788
555,18,40,20,1.75,0.3411458333333333,0.39999999999999997,3.2
556,19,36,21,1.7894736842105263,0.3802083333333333,0.48237638894272,3.3684210526315788
557,18,36,22,1.75,0.390625,0.39999999999999997,3.2
558,18,34,21,1.7,0.390625,0.39999999999999997,3.2
559,19,36,20,1.7894736842105263,0.3645833333333333,0.4823763889427201,3.3684210526315788
560,19,36,20,1.7894736842105263,0.36979166666666663,0.4823763889427201,3.3684210526315788
561,18,39,21,1.75,0.359375,0.39999999999999997,3.2
562,17,27,24,1.6666666666666667,0.4682539682539682,0.3086066999241838,3.0
563,17,33,21,1.7142857142857142,0.3984375,0.21295885499997994,3.0476190476190474
564,17,33,20,1.7142857142857142,0.39583333333333337,0.21295885499997994,3.0476190476190474
565,20,34,23,1.8333333333333333,0.4140625,0.49690399499995325,3.5555555555555554
566,18,39,17,1.75,0.3255208333333333,0.39999999999999997,3.2
567,18,38,18,1.75,0.3359375,0.39999999999999997,3.2
568,19,34,22,1.7894736842105263,0.3984375,0.48237638894272,3.3684210526315788
569,18,35,21,1.75,0.38541666666666663,0.39999999999999997,3.2
570,19,39,18,1.7894736842105263,0.33072916666666663,0.4823763889427201,3.3684210526315788
571,19,35,20,1.736842105263158,0.3783068783068783,0.5668594533825794,3.3157894736842106
572,18,31,22,1.75,0.421875,0.39999999999999997,3.2
573,18,34,23,1.75,0.40885416666666663,0.39999999999999997,3.2
574,17,33,22,1.7142857142857142,0.40625,0.21295885499997994,3.0476190476190474
575,19,35,20,1.7894736842105263,0.375,0.4823763889427201,3.3684210526315788
576,18,37,19,1.75,0.3541666666666667,0.39999999999999997,3.2
577,17,32,23,1.7142857142857142,0.4192708333333333,0.21295885499997994,3.0476190476190474
578,20,31,22,1.7777777777777777,0.42447916666666663,0.49690399499995325,3.5555555555555554
579,19,35,21,1.7894736842105263,0.38541666666666663,0.4823763889427201,3.3684210526315788
580,18,32,22,1.75,0.4140625,0.39999999999999997,3.2
581,17,32,18,1.7142857142857142,0.37760416666666663,0.21295885499997994,3.0476190476190474
582,18,33,20,1.75,0.38541666666666663,0.39999999999999997,3.2
583,17,35,19,1.7142857142857142,0.3671875,0.21295885499997994,3.0476190476190474
584,19,32,22,1.7894736842105263,0.4114583333333333,0.4823763889427201,3.3684210526315788
585,18,37,21,1.75,0.3671875,0.39999999999999997,3.2
586,18,34,21,1.75,0.3958333333333333,0.39999999999999997,3.2
587,19,34,22,1.7894736842105263,0.4036458333333333,0.4823763889427201,3.3684210526315788
588,19,35,22,1.736842105263158,0.3941798941798942,0.5668594533825794,3.3157894736842106
589,18,36,18,1.7,0.3492063492063492,0.47696960070847283,3.15
590,17,34,21,1.7142857142857142,0.3932291666666667,0.21295885499997994,3.0476190476190474
591,19,33,23,1.736842105263158,0.4126984126984126,0.5668594533825794,3.3157894736842106
592,18,38,18,1.75,0.33333333333333337,0.39999999999999997,3.2
593,18,30,23,1.75,0.4348958333333333,0.39999999999999997,3.2
594,18,37,21,1.75,0.36979166666666663,0.39999999999999997,3.2
595,17,28,22,1.7142857142857142,0.43489583333333337,0.21295885499997994,3.0476190476190474
596,18,32,22,1.7,0.4153439153439153,0.47696960070847283,3.15
597,18,33,20,1.7,0.3915343915343915,0.47696960070847283,3.15
598,17,31,22,1.6666666666666667,0.42063492063492064,0.3086066999241838,3.0
599,17,39,22,1.7142857142857142,0.3671875,0.21295885499997994,3.0476190476190474
600,17,31,23,1.7142857142857142,0.42708333333333337,0.21295885499997994,3.0476190476190474
601,18,36,21,1.75,0.3802083333333333,0.39999999999999997,3.2
602,18,34,22,1.75,0.40104166666666663,0.39999999999999997,3.2
603,18,34,20,1.75,0.3828125,0.39999999999999997,3.2
604,18,34,20,1.75,0.38281249999999994,0.39999999999999997,3.2
605,18,29,24,1.75,0.4505208333333333,0.39999999999999997,3.2
606,19,36,22,1.7894736842105263,0.38541666666666663,0.4823763889427201,3.3684210526315788
607,18,34,20,1.7,0.38359788359788355,0.47696960070847283,3.15
608,17,36,18,1.7142857142857142,0.35416666666666663,0.21295885499997994,3.0476190476190474
609,17,32,22,1.7142857142857142,0.41666666666666663,0.21295885499997994,3.0476190476190474
610,17,31,24,1.7142857142857142,0.4375,0.21295885499997994,3.0476190476190474
611,19,34,21,1.7894736842105263,0.3880208333333333,0.4823763889427201,3.3684210526315788
612,19,32,21,1.7894736842105263,0.40885416666666663,0.48237638894272,3.3684210526315788
613,18,38,20,1.75,0.3567708333333333,0.39999999999999997,3.2
614,19,31,24,1.7894736842105263,0.4375,0.4823763889427201,3.3684210526315788
615,17,30,23,1.7142857142857142,0.4348958333333333,0.21295885499997994,3.0476190476190474
616,19,39,16,1.7894736842105263,0.3098958333333333,0.4823763889427201,3.3684210526315788
617,19,34,20,1.7894736842105263,0.38541666666666663,0.4823763889427201,3.3684210526315788
618,18,30,21,1.75,0.41666666666666663,0.39999999999999997,3.2
619,19,33,20,1.7894736842105263,0.38541666666666663,0.4823763889427201,3.3684210526315788
620,18,34,21,1.75,0.39322916666666663,0.39999999999999997,3.2
621,17,34,22,1.7142857142857142,0.3984375,0.21295885499997994,3.0476190476190474
622,19,35,23,1.7894736842105263,0.4010416666666667,0.4823763889427201,3.3684210526315788
623,17,29,25,1.7142857142857142,0.46354166666666663,0.21295885499997994,3.0476190476190474
624,19,36,21,1.7894736842105263,0.38020833333333337,0.4823763889427201,3.3684210526315788
625,19,32,22,1.7894736842105263,0.4140625,0.48237638894272,3.3684210526315788
626,19,33,21,1.7894736842105263,0.4036458333333333,0.4823763889427201,3.3684210526315788
627,18,31,22,1.75,0.41927083333333337,0.39999999999999997,3.2
628,18,28,22,1.75,0.4427083333333333,0.39999999999999997,3.2
629,18,37,20,1.75,0.359375,0.39999999999999997,3.2
630,17,31,24,1.7142857142857142,0.4348958333333333,0.21295885499997994,3.0476190476190474
631,18,31,25,1.75,0.4505208333333333,0.39999999999999997,3.2
632,18,34,22,1.75,0.4010416666666667,0.39999999999999997,3.2
633,18,34,22,1.75,0.4036458333333333,0.39999999999999997,3.2
634,18,31,26,1.75,0.4609375,0.39999999999999997,3.2
635,18,30,23,1.75,0.43229166666666663,0.39999999999999997,3.2
636,17,32,23,1.7142857142857142,0.4192708333333333,0.21295885499997994,3.0476190476190474
637,19,35,21,1.7894736842105263,0.38802083333333337,0.4823763889427201,3.3684210526315788
638,18,30,23,1.75,0.4375,0.39999999999999997,3.2
639,17,33,21,1.7142857142857142,0.3984375,0.21295885499997994,3.0476190476190474
640,17,35,19,1.7142857142857142,0.3645833333333333,0.21295885499997994,3.0476190476190474
641,18,35,20,1.75,0.37760416666666663,0.39999999999999997,3.2
642,18,35,22,1.75,0.3958333333333333,0.39999999999999997,3.2
643,18,35,23,1.75,0.40104166666666663,0.39999999999999997,3.2
644,17,35,23,1.6666666666666667,0.4021164021164021,0.3086066999241838,3.0
645,18,34,23,1.75,0.40885416666666663,0.39999999999999997,3.2
646,18,34,19,1.75,0.36979166666666663,0.39999999999999997,3.2
647,19,34,22,1.7894736842105263,0.4036458333333333,0.4823763889427201,3.3684210526315788
648,17,35,21,1.7142857142857142,0.38541666666666663,0.21295885499997994,3.0476190476190474
649,19,36,22,1.7894736842105263,0.3880208333333333,0.48237638894272,3.3684210526315788
650,17,34,22,1.7142857142857142,0.40104166666666663,0.21295885499997994,3.0476190476190474
651,18,35,20,1.75,0.3723958333333333,0.39999999999999997,3.2
652,18,37,19,1.75,0.35416666666666663,0.39999999999999997,3.2
653,18,29,24,1.75,0.45052083333333326,0.39999999999999997,3.2
654,17,32,23,1.7142857142857142,0.42447916666666663,0.21295885499997994,3.0476190476190474
655,18,34,22,1.75,0.3984375,0.39999999999999997,3.2
656,19,36,19,1.7894736842105263,0.3645833333333333,0.4823763889427201,3.3684210526315788
657,18,32,24,1.75,0.4296875,0.39999999999999997,3.2
658,18,29,23,1.7,0.4417989417989418,0.47696960070847283,3.15
659,19,35,20,1.7894736842105263,0.375,0.4823763889427201,3.3684210526315788
660,17,34,20,1.7142857142857142,0.3828125,0.21295885499997994,3.0476190476190474
661,17,30,25,1.7142857142857142,0.45572916666666663,0.21295885499997994,3.0476190476190474
662,18,27,23,1.75,0.4609375,0.39999999999999997,3.2
663,18,27,23,1.7,0.4523809523809524,0.47696960070847283,3.15
664,17,31,22,1.7142857142857142,0.41927083333333337,0.21295885499997994,3.0476190476190474
665,17,32,23,1.7142857142857142,0.41927083333333337,0.21295885499997994,3.0476190476190474
666,17,32,22,1.7142857142857142,0.4140625,0.21295885499997994,3.0476190476190474
667,17,38,19,1.7142857142857142,0.3489583333333333,0.21295885499997994,3.0476190476190474
668,19,33,21,1.7894736842105263,0.3984375,0.4823763889427201,3.3684210526315788
669,17,34,23,1.7142857142857142,0.4114583333333333,0.21295885499997994,3.0476190476190474
670,18,30,21,1.75,0.421875,0.39999999999999997,3.2
671,18,30,21,1.75,0.4140625,0.39999999999999997,3.2
672,18,34,20,1.75,0.3880208333333333,0.39999999999999997,3.2
673,18,30,23,1.7,0.4338624338624338,0.47696960070847283,3.15
674,18,29,22,1.7,0.43650793650793646,0.47696960070847283,3.15
675,17,32,24,1.7142857142857142,0.4348958333333333,0.21295885499997994,3.0476190476190474
676,17,33,22,1.7142857142857142,0.4036458333333333,0.21295885499997994,3.0476190476190474
677,19,31,22,1.7894736842105263,0.421875,0.4823763889427201,3.3684210526315788
678,17,27,25,1.6666666666666667,0.47619047619047616,0.3086066999241838,3.0
679,18,35,22,1.75,0.3958333333333333,0.39999999999999997,3.2
680,18,36,20,1.75,0.3671875,0.39999999999999997,3.2
681,18,33,22,1.75,0.40625,0.39999999999999997,3.2
682,18,36,22,1.75,0.38541666666666663,0.39999999999999997,3.2
683,19,33,24,1.7894736842105263,0.42708333333333337,0.4823763889427201,3.3684210526315788
684,18,35,23,1.75,0.4036458333333333,0.39999999999999997,3.2
685,18,33,23,1.75,0.4192708333333333,0.39999999999999997,3.2
686,19,32,23,1.7894736842105263,0.421875,0.4823763889427201,3.3684210526315788
687,18,34,22,1.75,0.3984375,0.39999999999999997,3.2
688,17,32,23,1.6666666666666667,0.42328042328042326,0.3086066999241838,3.0
689,18,31,23,1.75,0.4296875,0.39999999999999997,3.2
690,18,30,23,1.7,0.43386243386243384,0.47696960070847283,3.15
691,18,32,23,1.7,0.42328042328042326,0.47696960070847283,3.15
692,18,31,21,1.75,0.40885416666666663,0.39999999999999997,3.2
693,19,39,17,1.7894736842105263,0.3203125,0.4823763889427201,3.3684210526315788
694,18,32,22,1.75,0.4140625,0.39999999999999997,3.2
695,17,28,24,1.7142857142857142,0.45833333333333337,0.21295885499997994,3.0476190476190474
696,17,29,25,1.7142857142857142,0.4661458333333333,0.21295885499997994,3.0476190476190474
697,18,31,22,1.75,0.4192708333333333,0.39999999999999997,3.2
698,18,30,24,1.75,0.44791666666666663,0.39999999999999997,3.2
699,18,33,23,1.75,0.4192708333333333,0.39999999999999997,3.2
700,17,30,22,1.7142857142857142,0.4296875,0.21295885499997994,3.0476190476190474
701,18,30,25,1.7,0.4576719576719577,0.47696960070847283,3.15
702,18,28,23,1.75,0.45052083333333337,0.39999999999999997,3.2
703,18,35,23,1.75,0.4036458333333333,0.39999999999999997,3.2
704,18,31,25,1.75,0.4505208333333333,0.39999999999999997,3.2
705,18,32,23,1.75,0.42187499999999994,0.39999999999999997,3.2
706,17,32,22,1.7142857142857142,0.41145833333333337,0.21295885499997994,3.0476190476190474
707,18,27,23,1.7,0.4576719576719576,0.47696960070847283,3.15
708,18,33,24,1.75,0.4270833333333333,0.39999999999999997,3.2
709,18,26,21,1.75,0.45052083333333337,0.39999999999999997,3.2
710,17,31,25,1.7142857142857142,0.4453125,0.21295885499997994,3.0476190476190474
711,18,35,21,1.75,0.3880208333333333,0.39999999999999997,3.2
712,17,34,23,1.7142857142857142,0.40625,0.21295885499997994,3.0476190476190474
713,17,33,23,1.7142857142857142,0.4166666666666667,0.21295885499997994,3.0476190476190474
714,18,29,21,1.75,0.4296875,0.39999999999999997,3.2
715,18,36,21,1.75,0.3802083333333333,0.39999999999999997,3.2
716,18,33,22,1.75,0.41145833333333337,0.39999999999999997,3.2
717,17,33,23,1.7142857142857142,0.41666666666666663,0.21295885499997994,3.0476190476190474
718,18,30,21,1.75,0.4192708333333333,0.39999999999999997,3.2
719,17,32,22,1.7142857142857142,0.4140625,0.21295885499997994,3.0476190476190474
720,18,32,21,1.75,0.40885416666666663,0.39999999999999997,3.2
721,19,29,23,1.7894736842105263,0.44270833333333337,0.48237638894272,3.3684210526315788
722,18,30,24,1.75,0.4427083333333333,0.39999999999999997,3.2
723,18,35,22,1.75,0.3958333333333333,0.39999999999999997,3.2
724,18,25,24,1.75,0.4765625,0.39999999999999997,3.2
725,18,26,25,1.75,0.47916666666666663,0.39999999999999997,3.2
726,18,30,23,1.75,0.4375,0.39999999999999997,3.2
727,19,32,23,1.7894736842105263,0.421875,0.48237638894272,3.3684210526315788
728,18,29,24,1.75,0.4583333333333333,0.39999999999999997,3.2
729,17,31,24,1.6666666666666667,0.4417989417989418,0.3086066999241838,3.0
730,17,28,23,1.7142857142857142,0.4505208333333333,0.21295885499997994,3.0476190476190474
731,17,31,23,1.7142857142857142,0.42447916666666663,0.21295885499997994,3.0476190476190474
732,17,29,25,1.7142857142857142,0.4583333333333333,0.21295885499997994,3.0476190476190474
733,18,27,23,1.75,0.4609375,0.39999999999999997,3.2
734,18,33,23,1.75,0.4140625,0.39999999999999997,3.2
735,19,32,21,1.7894736842105263,0.40625,0.4823763889427201,3.3684210526315788
736,18,29,25,1.75,0.4609375,0.39999999999999997,3.2
737,17,27,24,1.7142857142857142,0.46614583333333326,0.21295885499997994,3.0476190476190474
738,19,33,22,1.7894736842105263,0.40625,0.4823763889427201,3.3684210526315788
739,18,30,23,1.75,0.4375,0.39999999999999997,3.2
740,18,33,23,1.75,0.41666666666666663,0.39999999999999997,3.2
741,18,31,24,1.75,0.4375,0.39999999999999997,3.2
742,18,34,21,1.75,0.390625,0.39999999999999997,3.2
743,18,32,22,1.75,0.41927083333333337,0.39999999999999997,3.2
744,17,35,22,1.7142857142857142,0.3958333333333333,0.21295885499997994,3.0476190476190474
745,17,29,23,1.7142857142857142,0.44791666666666663,0.21295885499997994,3.0476190476190474
746,18,31,23,1.75,0.4296875,0.39999999999999997,3.2
747,17,34,23,1.7142857142857142,0.4114583333333333,0.21295885499997994,3.0476190476190474
748,17,29,24,1.7142857142857142,0.44791666666666663,0.21295885499997994,3.0476190476190474
749,17,28,27,1.7142857142857142,0.48697916666666663,0.21295885499997994,3.0476190476190474
750,18,31,24,1.75,0.44010416666666663,0.39999999999999997,3.2
751,18,33,22,1.75,0.4114583333333333,0.39999999999999997,3.2
752,17,36,22,1.7142857142857142,0.390625,0.21295885499997994,3.0476190476190474
753,17,31,24,1.7142857142857142,0.4375,0.21295885499997994,3.0476190476190474
754,17,28,23,1.6666666666666667,0.455026455026455,0.3086066999241838,3.0
755,17,33,23,1.7142857142857142,0.41666666666666663,0.21295885499997994,3.0476190476190474
756,17,33,22,1.7142857142857142,0.40885416666666663,0.21295885499997994,3.0476190476190474
757,19,36,20,1.736842105263158,0.36243386243386244,0.5668594533825794,3.3157894736842106
758,18,31,24,1.75,0.44010416666666663,0.39999999999999997,3.2
759,17,32,26,1.7142857142857142,0.44791666666666663,0.21295885499997994,3.0476190476190474
760,17,31,21,1.6666666666666667,0.4126984126984126,0.3086066999241838,3.0
761,18,30,23,1.75,0.4348958333333333,0.39999999999999997,3.2
762,17,28,24,1.6666666666666667,0.46031746031746024,0.3086066999241838,3.0
763,19,36,18,1.7894736842105263,0.3567708333333333,0.4823763889427201,3.3684210526315788
764,18,31,22,1.75,0.421875,0.39999999999999997,3.2
765,18,31,24,1.75,0.4427083333333333,0.39999999999999997,3.2
766,17,28,23,1.6666666666666667,0.45238095238095233,0.3086066999241838,3.0
767,18,34,18,1.75,0.3671875,0.39999999999999997,3.2
768,17,32,21,1.7142857142857142,0.40364583333333337,0.21295885499997994,3.0476190476190474
769,17,27,25,1.7142857142857142,0.47656249999999994,0.21295885499997994,3.0476190476190474
770,18,33,21,1.75,0.3984375,0.39999999999999997,3.2
771,17,26,23,1.6666666666666667,0.4576719576719576,0.3086066999241838,3.0
772,18,34,21,1.75,0.3984375,0.39999999999999997,3.2
773,17,34,19,1.7142857142857142,0.375,0.21295885499997994,3.0476190476190474
774,19,38,17,1.736842105263158,0.328125,0.4823763889427201,3.3684210526315788
775,18,28,23,1.75,0.453125,0.39999999999999997,3.2
776,18,28,23,1.75,0.4505208333333333,0.39999999999999997,3.2
777,17,31,22,1.7142857142857142,0.421875,0.21295885499997994,3.0476190476190474
778,17,35,23,1.7142857142857142,0.4036458333333333,0.21295885499997994,3.0476190476190474
779,18,30,23,1.75,0.4348958333333333,0.39999999999999997,3.2
780,18,34,21,1.75,0.39322916666666663,0.39999999999999997,3.2
781,18,30,25,1.75,0.453125,0.39999999999999997,3.2
782,19,28,25,1.7894736842105263,0.46875,0.4823763889427201,3.3684210526315788
783,19,29,23,1.7894736842105263,0.4453125,0.48237638894272,3.3684210526315788
784,19,31,25,1.736842105263158,0.4497354497354497,0.5668594533825794,3.3157894736842106
785,18,29,25,1.75,0.4583333333333333,0.39999999999999997,3.2
786,18,32,23,1.75,0.421875,0.39999999999999997,3.2
787,18,33,21,1.7,0.3994708994708994,0.47696960070847283,3.15
788,18,30,23,1.75,0.44010416666666663,0.39999999999999997,3.2
789,19,32,23,1.7894736842105263,0.4166666666666667,0.4823763889427201,3.3684210526315788
790,17,26,26,1.7142857142857142,0.4895833333333333,0.21295885499997994,3.0476190476190474
791,18,35,22,1.75,0.3958333333333333,0.39999999999999997,3.2
792,18,34,22,1.75,0.3984375,0.39999999999999997,3.2
793,18,28,25,1.7,0.4682539682539682,0.47696960070847283,3.15
794,17,26,26,1.7142857142857142,0.49479166666666663,0.21295885499997994,3.0476190476190474
795,19,33,23,1.7894736842105263,0.4192708333333333,0.4823763889427201,3.3684210526315788
796,19,33,23,1.7894736842105263,0.4166666666666667,0.4823763889427201,3.3684210526315788
797,17,32,23,1.7142857142857142,0.42447916666666663,0.21295885499997994,3.0476190476190474
798,19,26,25,1.7894736842105263,0.48697916666666663,0.4823763889427201,3.3684210526315788
799,17,29,26,1.7142857142857142,0.46875,0.21295885499997994,3.0476190476190474
800,17,27,24,1.7142857142857142,0.4635416666666667,0.21295885499997994,3.0476190476190474
801,18,34,22,1.75,0.40104166666666663,0.39999999999999997,3.2
802,18,31,23,1.75,0.43229166666666663,0.39999999999999997,3.2
803,18,34,23,1.75,0.4114583333333333,0.39999999999999997,3.2
804,17,29,25,1.7142857142857142,0.46354166666666663,0.21295885499997994,3.0476190476190474
805,19,30,24,1.7894736842105263,0.44791666666666663,0.4823763889427201,3.3684210526315788
806,17,30,24,1.7142857142857142,0.44791666666666663,0.21295885499997994,3.0476190476190474
807,17,30,23,1.7142857142857142,0.4375,0.21295885499997994,3.0476190476190474
808,18,31,24,1.75,0.4375,0.39999999999999997,3.2
809,18,26,23,1.75,0.4635416666666667,0.39999999999999997,3.2
810,18,31,23,1.75,0.4270833333333333,0.39999999999999997,3.2
811,17,27,24,1.7142857142857142,0.47135416666666663,0.21295885499997994,3.0476190476190474
812,18,30,23,1.75,0.4375,0.39999999999999997,3.2
813,17,28,25,1.7142857142857142,0.46614583333333337,0.21295885499997994,3.0476190476190474
814,18,29,25,1.75,0.46354166666666663,0.39999999999999997,3.2
815,17,26,25,1.6666666666666667,0.4841269841269841,0.3086066999241838,3.0
816,18,32,22,1.75,0.4166666666666667,0.39999999999999997,3.2
817,19,28,24,1.7894736842105263,0.4583333333333333,0.48237638894272,3.3684210526315788
818,18,29,25,1.75,0.46093749999999994,0.39999999999999997,3.2
819,17,30,23,1.7142857142857142,0.4375,0.21295885499997994,3.0476190476190474
820,19,30,23,1.7894736842105263,0.4375,0.4823763889427201,3.3684210526315788
821,18,31,23,1.75,0.43229166666666663,0.39999999999999997,3.2
822,18,27,24,1.75,0.47135416666666663,0.39999999999999997,3.2
823,19,32,24,1.7894736842105263,0.4322916666666667,0.4823763889427201,3.3684210526315788
824,19,35,23,1.7894736842105263,0.40104166666666663,0.4823763889427201,3.3684210526315788
825,18,30,25,1.75,0.45572916666666663,0.39999999999999997,3.2
826,19,28,25,1.7894736842105263,0.4713541666666667,0.48237638894272,3.3684210526315788
827,18,27,24,1.75,0.46614583333333326,0.39999999999999997,3.2
828,18,31,23,1.75,0.4270833333333333,0.39999999999999997,3.2
829,18,27,24,1.75,0.46875,0.39999999999999997,3.2
830,17,32,23,1.7142857142857142,0.42447916666666663,0.21295885499997994,3.0476190476190474
831,18,25,25,1.75,0.4895833333333333,0.39999999999999997,3.2
832,18,30,23,1.75,0.4375,0.39999999999999997,3.2
833,17,27,23,1.7142857142857142,0.4609375,0.21295885499997994,3.0476190476190474
834,19,32,25,1.7894736842105263,0.4427083333333333,0.4823763889427201,3.3684210526315788
835,18,28,27,1.75,0.48437499999999994,0.39999999999999997,3.2
836,18,33,21,1.75,0.3932291666666667,0.39999999999999997,3.2
837,18,30,24,1.7,0.44708994708994704,0.47696960070847283,3.15
838,19,31,21,1.7894736842105263,0.41145833333333337,0.4823763889427201,3.3684210526315788
839,18,27,26,1.75,0.484375,0.39999999999999997,3.2
840,18,28,23,1.7,0.44973544973544965,0.47696960070847283,3.15
841,18,31,23,1.75,0.43229166666666663,0.39999999999999997,3.2
842,17,35,21,1.7142857142857142,0.38541666666666663,0.21295885499997994,3.0476190476190474
843,17,33,19,1.7142857142857142,0.3828125,0.21295885499997994,3.0476190476190474
844,17,27,23,1.7142857142857142,0.45572916666666663,0.21295885499997994,3.0476190476190474
845,18,27,25,1.75,0.4765625,0.39999999999999997,3.2
846,19,31,22,1.7894736842105263,0.421875,0.4823763889427201,3.3684210526315788
847,18,28,26,1.75,0.4765625,0.39999999999999997,3.2
848,18,32,24,1.75,0.43229166666666663,0.39999999999999997,3.2
849,17,30,23,1.7142857142857142,0.4348958333333333,0.21295885499997994,3.0476190476190474
850,19,31,22,1.7894736842105263,0.421875,0.4823763889427201,3.3684210526315788
851,19,28,26,1.736842105263158,0.47619047619047616,0.5668594533825794,3.3157894736842106
852,18,32,23,1.75,0.42447916666666663,0.39999999999999997,3.2
853,17,30,23,1.7142857142857142,0.44010416666666663,0.21295885499997994,3.0476190476190474
854,18,26,26,1.75,0.48958333333333326,0.39999999999999997,3.2
855,18,32,23,1.75,0.421875,0.39999999999999997,3.2
856,18,30,24,1.75,0.44791666666666663,0.39999999999999997,3.2
857,17,29,23,1.7142857142857142,0.4453125,0.21295885499997994,3.0476190476190474
858,18,24,25,1.75,0.49479166666666663,0.39999999999999997,3.2
859,18,26,26,1.75,0.4869791666666667,0.39999999999999997,3.2
860,17,26,24,1.7142857142857142,0.4765625,0.21295885499997994,3.0476190476190474
861,18,31,24,1.75,0.44010416666666663,0.39999999999999997,3.2
862,19,39,19,1.7894736842105263,0.34375,0.4823763889427201,3.3684210526315788
863,18,29,25,1.75,0.4661458333333333,0.39999999999999997,3.2
864,19,24,27,1.7894736842105263,0.515625,0.4823763889427201,3.3684210526315788
865,19,31,24,1.736842105263158,0.43915343915343913,0.5668594533825794,3.3157894736842106
866,17,33,23,1.7142857142857142,0.4166666666666667,0.21295885499997994,3.0476190476190474
867,18,29,24,1.75,0.45312499999999994,0.39999999999999997,3.2
868,18,30,23,1.75,0.4375,0.39999999999999997,3.2
869,18,26,26,1.75,0.4895833333333333,0.39999999999999997,3.2
870,17,30,25,1.7142857142857142,0.453125,0.21295885499997994,3.0476190476190474
871,17,28,24,1.7142857142857142,0.4583333333333333,0.21295885499997994,3.0476190476190474
872,18,24,27,1.75,0.515625,0.39999999999999997,3.2
873,18,32,24,1.75,0.43229166666666663,0.39999999999999997,3.2
874,19,31,24,1.7894736842105263,0.4375,0.4823763889427201,3.3684210526315788
875,18,25,26,1.75,0.4973958333333333,0.39999999999999997,3.2
876,18,28,24,1.75,0.4609375,0.39999999999999997,3.2
877,18,30,26,1.75,0.4609375,0.39999999999999997,3.2
878,19,34,24,1.7894736842105263,0.4192708333333333,0.48237638894272,3.3684210526315788
879,18,27,25,1.75,0.4739583333333333,0.39999999999999997,3.2
880,18,30,23,1.75,0.4427083333333333,0.39999999999999997,3.2
881,18,25,25,1.75,0.4895833333333333,0.39999999999999997,3.2
882,18,26,24,1.75,0.47395833333333326,0.39999999999999997,3.2
883,18,31,24,1.75,0.4401041666666667,0.39999999999999997,3.2
884,19,34,21,1.7894736842105263,0.39322916666666663,0.48237638894272,3.3684210526315788
885,19,35,19,1.7894736842105263,0.36979166666666663,0.4823763889427201,3.3684210526315788
886,19,28,24,1.7894736842105263,0.4661458333333333,0.48237638894272,3.3684210526315788
887,19,30,21,1.7894736842105263,0.41927083333333337,0.48237638894272,3.3684210526315788
888,19,28,23,1.7894736842105263,0.453125,0.48237638894272,3.3684210526315788
889,18,27,25,1.75,0.47135416666666663,0.39999999999999997,3.2
890,17,29,21,1.6666666666666667,0.42592592592592593,0.3086066999241838,3.0
891,17,30,22,1.7142857142857142,0.42708333333333337,0.21295885499997994,3.0476190476190474
892,18,29,25,1.75,0.46354166666666663,0.39999999999999997,3.2
893,18,31,23,1.7,0.43121693121693117,0.47696960070847283,3.15
894,19,27,23,1.7894736842105263,0.4609375,0.4823763889427201,3.3684210526315788
895,18,29,26,1.75,0.46874999999999994,0.39999999999999997,3.2
896,17,39,21,1.7142857142857142,0.359375,0.21295885499997994,3.0476190476190474
897,18,25,24,1.7,0.4814814814814814,0.47696960070847283,3.15
898,18,25,24,1.75,0.47916666666666663,0.39999999999999997,3.2
899,19,24,28,1.7894736842105263,0.5234375,0.4823763889427201,3.3684210526315788
900,18,32,23,1.75,0.4270833333333333,0.39999999999999997,3.2
901,17,29,27,1.7142857142857142,0.47916666666666663,0.21295885499997994,3.0476190476190474
902,18,26,27,1.75,0.49999999999999994,0.39999999999999997,3.2
903,17,27,25,1.7142857142857142,0.47656249999999994,0.21295885499997994,3.0476190476190474
904,17,30,23,1.7142857142857142,0.43489583333333337,0.21295885499997994,3.0476190476190474
905,19,31,23,1.7894736842105263,0.4296875,0.4823763889427201,3.3684210526315788
906,18,33,23,1.75,0.41666666666666663,0.39999999999999997,3.2
907,17,29,24,1.7142857142857142,0.4505208333333333,0.21295885499997994,3.0476190476190474
908,17,24,26,1.6666666666666667,0.5026455026455026,0.3086066999241838,3.0
909,18,24,28,1.75,0.5208333333333334,0.39999999999999997,3.2
910,18,26,26,1.75,0.49479166666666663,0.39999999999999997,3.2
911,18,33,23,1.75,0.4192708333333333,0.39999999999999997,3.2
912,19,30,25,1.7894736842105263,0.4557291666666667,0.4823763889427201,3.3684210526315788
913,18,33,22,1.75,0.40885416666666663,0.39999999999999997,3.2
914,17,26,24,1.7142857142857142,0.47395833333333337,0.21295885499997994,3.0476190476190474
915,18,24,25,1.75,0.4921875,0.39999999999999997,3.2
916,17,28,25,1.7142857142857142,0.46875,0.21295885499997994,3.0476190476190474
917,17,27,25,1.7142857142857142,0.4765625,0.21295885499997994,3.0476190476190474
918,17,29,25,1.7142857142857142,0.4583333333333333,0.21295885499997994,3.0476190476190474
919,19,24,22,1.736842105263158,0.4708994708994709,0.5668594533825794,3.3157894736842106
920,18,30,23,1.75,0.4453125,0.39999999999999997,3.2
921,18,26,24,1.75,0.47395833333333337,0.39999999999999997,3.2
922,17,34,23,1.7142857142857142,0.4114583333333333,0.21295885499997994,3.0476190476190474
923,18,29,24,1.75,0.453125,0.39999999999999997,3.2
924,17,28,26,1.7142857142857142,0.47656249999999994,0.21295885499997994,3.0476190476190474
925,19,26,24,1.7894736842105263,0.47135416666666663,0.48237638894272,3.3684210526315788
926,18,28,24,1.75,0.46093749999999994,0.39999999999999997,3.2
927,18,29,25,1.75,0.46093749999999994,0.39999999999999997,3.2
928,17,27,26,1.7142857142857142,0.4817708333333333,0.21295885499997994,3.0476190476190474
929,18,27,25,1.75,0.47656249999999994,0.39999999999999997,3.2
930,18,25,24,1.75,0.48437499999999994,0.39999999999999997,3.2
931,18,29,24,1.75,0.45572916666666663,0.39999999999999997,3.2
932,18,25,25,1.75,0.48958333333333326,0.39999999999999997,3.2
933,18,31,24,1.75,0.44010416666666663,0.39999999999999997,3.2
934,18,25,25,1.75,0.48958333333333326,0.39999999999999997,3.2
935,18,28,26,1.75,0.4765625,0.39999999999999997,3.2
936,18,28,25,1.75,0.47135416666666663,0.39999999999999997,3.2
937,18,26,27,1.75,0.49999999999999994,0.39999999999999997,3.2
938,18,24,25,1.75,0.4973958333333333,0.39999999999999997,3.2
939,18,26,25,1.75,0.48437499999999994,0.39999999999999997,3.2
940,19,30,23,1.7894736842105263,0.43749999999999994,0.4823763889427201,3.3684210526315788
941,18,29,26,1.75,0.46614583333333337,0.39999999999999997,3.2
942,18,23,28,1.75,0.53125,0.39999999999999997,3.2
943,17,25,25,1.6666666666666667,0.4894179894179895,0.3086066999241838,3.0
944,18,24,26,1.75,0.5104166666666666,0.39999999999999997,3.2
945,18,25,25,1.75,0.49218749999999994,0.39999999999999997,3.2
946,19,29,24,1.7894736842105263,0.453125,0.48237638894272,3.3684210526315788
947,18,29,24,1.75,0.453125,0.39999999999999997,3.2
948,18,24,27,1.75,0.5130208333333333,0.39999999999999997,3.2
949,18,25,25,1.75,0.48697916666666663,0.39999999999999997,3.2
950,19,28,22,1.7894736842105263,0.4427083333333333,0.4823763889427201,3.3684210526315788
951,18,28,24,1.75,0.4583333333333333,0.39999999999999997,3.2
952,18,32,23,1.75,0.42447916666666663,0.39999999999999997,3.2
953,17,26,26,1.7142857142857142,0.4895833333333333,0.21295885499997994,3.0476190476190474
954,18,32,24,1.75,0.43229166666666663,0.39999999999999997,3.2
955,17,26,26,1.7142857142857142,0.49218749999999994,0.21295885499997994,3.0476190476190474
956,18,26,24,1.75,0.4765625,0.39999999999999997,3.2
957,19,25,27,1.7894736842105263,0.5078125,0.4823763889427201,3.3684210526315788
958,18,23,26,1.75,0.5078125,0.39999999999999997,3.2
959,18,27,25,1.75,0.4765625,0.39999999999999997,3.2
960,19,29,24,1.7894736842105263,0.453125,0.4823763889427201,3.3684210526315788
961,18,27,25,1.75,0.4765625,0.39999999999999997,3.2
962,17,30,23,1.7142857142857142,0.4375,0.21295885499997994,3.0476190476190474
963,18,29,25,1.75,0.4583333333333333,0.39999999999999997,3.2
964,18,28,24,1.75,0.46354166666666663,0.39999999999999997,3.2
965,18,26,26,1.75,0.48958333333333337,0.39999999999999997,3.2
966,17,26,26,1.7142857142857142,0.4921875,0.21295885499997994,3.0476190476190474
967,18,25,27,1.75,0.5078125,0.39999999999999997,3.2
968,17,27,25,1.7142857142857142,0.4739583333333333,0.21295885499997994,3.0476190476190474
969,18,29,24,1.75,0.453125,0.39999999999999997,3.2
970,17,25,27,1.7142857142857142,0.5104166666666666,0.21295885499997994,3.0476190476190474
971,18,24,26,1.75,0.5052083333333333,0.39999999999999997,3.2
972,19,26,25,1.7894736842105263,0.48437499999999994,0.48237638894272,3.3684210526315788
973,18,27,25,1.75,0.47395833333333337,0.39999999999999997,3.2
974,19,25,25,1.7894736842105263,0.49218749999999994,0.4823763889427201,3.3684210526315788
975,17,23,27,1.7142857142857142,0.5208333333333333,0.21295885499997994,3.0476190476190474
976,18,24,26,1.75,0.5052083333333334,0.39999999999999997,3.2
977,17,27,26,1.7142857142857142,0.484375,0.21295885499997994,3.0476190476190474
978,18,28,25,1.75,0.46875,0.39999999999999997,3.2
979,18,25,26,1.75,0.49479166666666663,0.39999999999999997,3.2
980,18,24,26,1.75,0.5052083333333333,0.39999999999999997,3.2
981,18,22,27,1.75,0.5286458333333333,0.39999999999999997,3.2
982,18,25,26,1.75,0.49999999999999994,0.39999999999999997,3.2
983,17,30,25,1.7142857142857142,0.45312499999999994,0.21295885499997994,3.0476190476190474
984,18,26,27,1.75,0.49999999999999994,0.39999999999999997,3.2
985,18,29,24,1.75,0.453125,0.39999999999999997,3.2
986,19,25,27,1.7894736842105263,0.5078125,0.4823763889427201,3.3684210526315788
987,19,28,25,1.7894736842105263,0.47135416666666663,0.4823763889427201,3.3684210526315788
988,18,27,25,1.75,0.47395833333333337,0.39999999999999997,3.2
989,18,28,25,1.75,0.47135416666666663,0.39999999999999997,3.2
990,18,27,25,1.75,0.4739583333333333,0.39999999999999997,3.2
991,17,26,24,1.7142857142857142,0.47135416666666663,0.21295885499997994,3.0476190476190474
992,18,32,23,1.75,0.42447916666666663,0.39999999999999997,3.2
993,17,23,27,1.7142857142857142,0.5182291666666667,0.21295885499997994,3.0476190476190474
994,17,27,26,1.6666666666666667,0.48412698412698413,0.3086066999241838,3.0
995,18,28,26,1.75,0.4765625,0.39999999999999997,3.2
996,18,29,25,1.75,0.46093749999999994,0.39999999999999997,3.2
997,18,28,25,1.75,0.47135416666666663,0.39999999999999997,3.2
998,18,22,29,1.75,0.546875,0.39999999999999997,3.2
999,18,27,26,1.75,0.484375,0.39999999999999997,3.2
1000,18,26,24,1.75,0.47135416666666663,0.39999999999999997,3.2
1001,19,30,22,1.7894736842105263,0.4296875,0.4823763889427201,3.3684210526315788
1002,18,34,20,1.75,0.3880208333333333,0.39999999999999997,3.2
1003,17,25,25,1.7142857142857142,0.49479166666666663,0.21295885499997994,3.0476190476190474
1004,18,24,27,1.75,0.5130208333333334,0.39999999999999997,3.2
1005,17,24,26,1.7142857142857142,0.5052083333333333,0.21295885499997994,3.0476190476190474
1006,18,24,25,1.75,0.4921875,0.39999999999999997,3.2
1007,18,24,26,1.75,0.5052083333333333,0.39999999999999997,3.2
1008,19,29,27,1.7894736842105263,0.4817708333333333,0.4823763889427201,3.3684210526315788
1009,18,28,25,1.75,0.47135416666666663,0.39999999999999997,3.2
1010,18,26,27,1.75,0.5026041666666666,0.39999999999999997,3.2
1011,18,29,25,1.75,0.4661458333333333,0.39999999999999997,3.2
1012,18,23,28,1.75,0.5286458333333333,0.39999999999999997,3.2
1013,19,26,26,1.7894736842105263,0.49218749999999994,0.4823763889427201,3.3684210526315788
1014,17,23,28,1.6666666666666667,0.5291005291005292,0.3086066999241838,3.0
1015,17,26,26,1.7142857142857142,0.49479166666666663,0.21295885499997994,3.0476190476190474
1016,18,27,23,1.75,0.4557291666666667,0.39999999999999997,3.2
1017,19,26,25,1.7894736842105263,0.47916666666666663,0.4823763889427201,3.3684210526315788
1018,19,26,26,1.7894736842105263,0.48958333333333326,0.4823763889427201,3.3684210526315788
1019,17,34,21,1.7142857142857142,0.39322916666666663,0.21295885499997994,3.0476190476190474
1020,19,28,25,1.7894736842105263,0.46875,0.4823763889427201,3.3684210526315788
1021,18,23,26,1.75,0.5130208333333334,0.39999999999999997,3.2
1022,17,29,24,1.7142857142857142,0.453125,0.21295885499997994,3.0476190476190474
1023,19,24,26,1.7894736842105263,0.5078125,0.4823763889427201,3.3684210526315788
1024,17,30,23,1.6666666666666667,0.43386243386243384,0.3086066999241838,3.0
1025,17,22,26,1.6666666666666667,0.5185185185185186,0.3086066999241838,3.0
1026,19,24,27,1.7894736842105263,0.5182291666666666,0.4823763889427201,3.3684210526315788
1027,18,23,26,1.75,0.5130208333333333,0.39999999999999997,3.2
1028,18,24,27,1.75,0.515625,0.39999999999999997,3.2
1029,18,22,27,1.75,0.5260416666666666,0.39999999999999997,3.2
1030,19,22,26,1.7894736842105263,0.5182291666666666,0.48237638894272,3.3684210526315788
1031,19,23,27,1.7894736842105263,0.5208333333333333,0.4823763889427201,3.3684210526315788
1032,19,32,23,1.7894736842105263,0.421875,0.48237638894272,3.3684210526315788
1033,17,27,23,1.7142857142857142,0.46354166666666663,0.21295885499997994,3.0476190476190474
1034,17,25,26,1.7142857142857142,0.49739583333333337,0.21295885499997994,3.0476190476190474
1035,18,25,27,1.75,0.5078125,0.39999999999999997,3.2
1036,17,24,26,1.6666666666666667,0.5052910052910052,0.3086066999241838,3.0
1037,18,28,26,1.75,0.4765625,0.39999999999999997,3.2
1038,18,27,26,1.75,0.484375,0.39999999999999997,3.2
1039,17,27,24,1.7142857142857142,0.46875,0.21295885499997994,3.0476190476190474
1040,18,23,27,1.75,0.5234375,0.39999999999999997,3.2
1041,18,24,26,1.75,0.5078125,0.39999999999999997,3.2
1042,17,23,26,1.6666666666666667,0.5132275132275133,0.3086066999241838,3.0
1043,18,25,26,1.75,0.49999999999999994,0.39999999999999997,3.2
1044,18,27,24,1.75,0.46614583333333326,0.39999999999999997,3.2
1045,18,24,25,1.75,0.49739583333333326,0.39999999999999997,3.2
1046,18,23,27,1.75,0.5208333333333333,0.39999999999999997,3.2
1047,18,25,27,1.75,0.5104166666666666,0.39999999999999997,3.2
1048,18,22,27,1.7,0.5291005291005292,0.47696960070847283,3.15
1049,18,24,26,1.75,0.5026041666666666,0.39999999999999997,3.2
1050,18,25,26,1.75,0.5,0.39999999999999997,3.2
1051,19,27,22,1.7894736842105263,0.45052083333333337,0.4823763889427201,3.3684210526315788
1052,18,28,23,1.75,0.453125,0.39999999999999997,3.2
1053,18,25,24,1.75,0.47916666666666663,0.39999999999999997,3.2
1054,18,26,25,1.75,0.48177083333333337,0.39999999999999997,3.2
1055,17,27,25,1.7142857142857142,0.47656249999999994,0.21295885499997994,3.0476190476190474
1056,18,24,28,1.75,0.5260416666666666,0.39999999999999997,3.2
1057,19,25,27,1.7894736842105263,0.5104166666666666,0.48237638894272,3.3684210526315788
1058,19,26,26,1.7894736842105263,0.4921875,0.4823763889427201,3.3684210526315788
1059,18,24,27,1.75,0.5130208333333333,0.39999999999999997,3.2
1060,18,22,27,1.75,0.5260416666666666,0.39999999999999997,3.2
1061,18,25,25,1.7,0.48677248677248675,0.47696960070847283,3.15
1062,19,24,25,1.7894736842105263,0.4973958333333333,0.48237638894272,3.3684210526315788
1063,18,23,27,1.7,0.5185185185185185,0.47696960070847283,3.15
1064,19,25,26,1.7894736842105263,0.49999999999999994,0.4823763889427201,3.3684210526315788
1065,18,22,26,1.7,0.5211640211640212,0.47696960070847283,3.15
1066,18,27,24,1.75,0.4609375,0.39999999999999997,3.2
1067,19,25,26,1.7894736842105263,0.49999999999999994,0.4823763889427201,3.3684210526315788
1068,18,31,21,1.75,0.41145833333333337,0.39999999999999997,3.2
1069,18,25,26,1.75,0.49739583333333337,0.39999999999999997,3.2
1070,18,26,25,1.75,0.48437499999999994,0.39999999999999997,3.2
1071,19,28,24,1.7894736842105263,0.4661458333333333,0.4823763889427201,3.3684210526315788
1072,18,24,27,1.75,0.5130208333333334,0.39999999999999997,3.2
1073,19,29,23,1.7894736842105263,0.44531249999999994,0.4823763889427201,3.3684210526315788
1074,18,22,27,1.75,0.5260416666666666,0.39999999999999997,3.2
1075,19,26,27,1.7894736842105263,0.5052083333333333,0.4823763889427201,3.3684210526315788
1076,17,25,26,1.7142857142857142,0.5,0.21295885499997994,3.0476190476190474
1077,19,25,27,1.7894736842105263,0.5052083333333333,0.4823763889427201,3.3684210526315788
1078,19,23,27,1.7894736842105263,0.5234375,0.4823763889427201,3.3684210526315788
1079,17,31,23,1.7142857142857142,0.4296875,0.21295885499997994,3.0476190476190474
1080,19,24,28,1.7894736842105263,0.5234375,0.48237638894272,3.3684210526315788
1081,17,26,24,1.6666666666666667,0.4761904761904761,0.3086066999241838,3.0
1082,19,25,27,1.7894736842105263,0.5104166666666666,0.4823763889427201,3.3684210526315788
1083,18,26,26,1.75,0.4895833333333333,0.39999999999999997,3.2
1084,17,25,26,1.7142857142857142,0.4973958333333333,0.21295885499997994,3.0476190476190474
1085,19,28,26,1.7894736842105263,0.47916666666666663,0.4823763889427201,3.3684210526315788
1086,19,20,27,1.7894736842105263,0.5442708333333333,0.4823763889427201,3.3684210526315788
1087,18,26,27,1.75,0.5026041666666666,0.39999999999999997,3.2
1088,19,22,28,1.7894736842105263,0.5390625,0.4823763889427201,3.3684210526315788
1089,18,24,27,1.75,0.5182291666666666,0.39999999999999997,3.2
1090,19,30,25,1.7894736842105263,0.4609375,0.48237638894272,3.3684210526315788
1091,18,26,26,1.75,0.4973958333333333,0.39999999999999997,3.2
1092,18,24,26,1.75,0.5052083333333333,0.39999999999999997,3.2
1093,18,29,26,1.75,0.47135416666666663,0.39999999999999997,3.2
1094,18,26,25,1.75,0.48437499999999994,0.39999999999999997,3.2
1095,19,36,19,1.736842105263158,0.359375,0.4823763889427201,3.3684210526315788
1096,19,25,26,1.7894736842105263,0.5026041666666666,0.4823763889427201,3.3684210526315788
1097,18,27,25,1.75,0.4791666666666667,0.39999999999999997,3.2
1098,18,22,27,1.75,0.5286458333333333,0.39999999999999997,3.2
1099,18,26,26,1.75,0.48958333333333337,0.39999999999999997,3.2
1100,19,25,26,1.7894736842105263,0.5,0.48237638894272,3.3684210526315788
1101,18,30,26,1.75,0.4661458333333333,0.39999999999999997,3.2
1102,18,24,25,1.75,0.49739583333333326,0.39999999999999997,3.2
1103,19,20,30,1.7894736842105263,0.5703125,0.4823763889427201,3.3684210526315788
1104,19,25,27,1.7894736842105263,0.5104166666666666,0.4823763889427201,3.3684210526315788
1105,18,23,28,1.75,0.5286458333333333,0.39999999999999997,3.2
1106,18,24,27,1.75,0.5182291666666666,0.39999999999999997,3.2
1107,19,25,26,1.7894736842105263,0.49999999999999994,0.4823763889427201,3.3684210526315788
1108,17,23,26,1.6666666666666667,0.5132275132275133,0.3086066999241838,3.0
1109,17,24,25,1.7142857142857142,0.4973958333333333,0.21295885499997994,3.0476190476190474
1110,18,22,28,1.75,0.5364583333333333,0.39999999999999997,3.2
1111,18,20,29,1.75,0.5625,0.39999999999999997,3.2
1112,19,20,29,1.7894736842105263,0.5572916666666666,0.48237638894272,3.3684210526315788
1113,18,22,27,1.75,0.53125,0.39999999999999997,3.2
1114,19,24,27,1.7894736842105263,0.5130208333333333,0.48237638894272,3.3684210526315788
1115,19,22,27,1.7894736842105263,0.5260416666666666,0.4823763889427201,3.3684210526315788
1116,18,27,24,1.75,0.46875,0.39999999999999997,3.2
1117,18,25,26,1.75,0.5026041666666666,0.39999999999999997,3.2
1118,18,22,28,1.75,0.5364583333333333,0.39999999999999997,3.2
1119,19,24,25,1.7894736842105263,0.5026041666666666,0.48237638894272,3.3684210526315788
1120,18,23,26,1.75,0.5130208333333333,0.39999999999999997,3.2
1121,19,29,23,1.7894736842105263,0.44270833333333337,0.48237638894272,3.3684210526315788
1122,19,23,29,1.7894736842105263,0.5416666666666666,0.4823763889427201,3.3684210526315788
1123,18,23,29,1.75,0.5416666666666666,0.39999999999999997,3.2
1124,18,22,27,1.75,0.53125,0.39999999999999997,3.2
1125,18,20,28,1.75,0.5520833333333333,0.39999999999999997,3.2
1126,19,36,17,1.7894736842105263,0.3411458333333333,0.4823763889427201,3.3684210526315788
1127,19,24,27,1.7894736842105263,0.515625,0.4823763889427201,3.3684210526315788
1128,18,21,28,1.7,0.5476190476190477,0.47696960070847283,3.15
1129,19,29,25,1.7894736842105263,0.4661458333333333,0.4823763889427201,3.3684210526315788
1130,18,25,27,1.75,0.5078125,0.39999999999999997,3.2
1131,19,26,24,1.7894736842105263,0.47395833333333337,0.4823763889427201,3.3684210526315788
1132,19,24,28,1.7894736842105263,0.5260416666666666,0.48237638894272,3.3684210526315788
1133,19,20,30,1.7894736842105263,0.5703125,0.4823763889427201,3.3684210526315788
1134,18,26,25,1.75,0.4817708333333333,0.39999999999999997,3.2
1135,18,24,26,1.75,0.5026041666666666,0.39999999999999997,3.2
1136,18,26,26,1.75,0.4921875,0.39999999999999997,3.2
1137,18,26,26,1.75,0.4921875,0.39999999999999997,3.2
1138,19,28,25,1.7894736842105263,0.46875,0.4823763889427201,3.3684210526315788
1139,18,24,26,1.75,0.5052083333333333,0.39999999999999997,3.2
1140,19,22,25,1.7894736842105263,0.5104166666666666,0.48237638894272,3.3684210526315788
1141,18,24,28,1.75,0.5260416666666666,0.39999999999999997,3.2
1142,18,21,27,1.7,0.5317460317460319,0.47696960070847283,3.15
1143,17,24,26,1.7142857142857142,0.5052083333333333,0.21295885499997994,3.0476190476190474
1144,18,22,28,1.75,0.5390625,0.39999999999999997,3.2
1145,19,21,28,1.7894736842105263,0.5442708333333333,0.48237638894272,3.3684210526315788
1146,18,26,26,1.75,0.4921875,0.39999999999999997,3.2
1147,18,26,25,1.75,0.48177083333333326,0.39999999999999997,3.2
1148,18,24,27,1.75,0.5182291666666666,0.39999999999999997,3.2
1149,18,25,27,1.75,0.5078125,0.39999999999999997,3.2
1150,18,19,29,1.7,0.5687830687830688,0.47696960070847283,3.15
1151,18,26,24,1.75,0.4739583333333333,0.39999999999999997,3.2
1152,17,22,28,1.7142857142857142,0.5390625,0.21295885499997994,3.0476190476190474
1153,18,20,28,1.75,0.5520833333333333,0.39999999999999997,3.2
1154,18,25,26,1.7,0.49999999999999994,0.47696960070847283,3.15
1155,18,23,28,1.75,0.5338541666666666,0.39999999999999997,3.2
1156,18,24,27,1.75,0.5182291666666666,0.39999999999999997,3.2
1157,19,29,23,1.7894736842105263,0.4505208333333333,0.4823763889427201,3.3684210526315788
1158,18,31,25,1.75,0.453125,0.39999999999999997,3.2
1159,19,21,30,1.7894736842105263,0.5625,0.4823763889427201,3.3684210526315788
1160,18,23,27,1.75,0.5182291666666666,0.39999999999999997,3.2
1161,18,26,27,1.75,0.5052083333333333,0.39999999999999997,3.2
1162,19,24,26,1.7894736842105263,0.5078125,0.48237638894272,3.3684210526315788
1163,18,23,26,1.75,0.5130208333333333,0.39999999999999997,3.2
1164,18,21,28,1.75,0.5442708333333333,0.39999999999999997,3.2
1165,19,23,27,1.7894736842105263,0.5182291666666666,0.4823763889427201,3.3684210526315788
1166,18,27,22,1.7,0.4523809523809524,0.47696960070847283,3.15
1167,18,26,26,1.75,0.49479166666666663,0.39999999999999997,3.2
1168,19,27,27,1.7894736842105263,0.4973958333333333,0.4823763889427201,3.3684210526315788
1169,18,22,29,1.75,0.546875,0.39999999999999997,3.2
1170,18,24,26,1.75,0.5078125,0.39999999999999997,3.2
1171,19,23,28,1.7894736842105263,0.53125,0.48237638894272,3.3684210526315788
1172,19,26,24,1.7894736842105263,0.4765625,0.4823763889427201,3.3684210526315788
1173,18,25,26,1.7,0.5052910052910052,0.47696960070847283,3.15
1174,18,24,28,1.75,0.5234375,0.39999999999999997,3.2
1175,19,24,27,1.7894736842105263,0.515625,0.4823763889427201,3.3684210526315788
1176,19,24,27,1.7894736842105263,0.5182291666666666,0.48237638894272,3.3684210526315788
1177,18,25,27,1.75,0.5130208333333333,0.39999999999999997,3.2
1178,18,25,26,1.75,0.5026041666666667,0.39999999999999997,3.2
1179,19,24,28,1.7894736842105263,0.5260416666666666,0.48237638894272,3.3684210526315788
1180,19,28,26,1.7894736842105263,0.4817708333333333,0.48237638894272,3.3684210526315788
1181,18,24,25,1.75,0.49999999999999994,0.39999999999999997,3.2
1182,19,19,30,1.7894736842105263,0.578125,0.4823763889427201,3.3684210526315788
1183,18,22,26,1.75,0.5182291666666666,0.39999999999999997,3.2
1184,18,32,21,1.75,0.40885416666666663,0.39999999999999997,3.2
1185,18,27,27,1.75,0.49479166666666663,0.39999999999999997,3.2
1186,19,23,29,1.7894736842105263,0.5416666666666666,0.4823763889427201,3.3684210526315788
1187,18,28,26,1.75,0.4817708333333333,0.39999999999999997,3.2
1188,19,23,26,1.7894736842105263,0.5130208333333333,0.4823763889427201,3.3684210526315788
1189,18,30,26,1.75,0.4661458333333333,0.39999999999999997,3.2
1190,19,21,29,1.7894736842105263,0.5546875,0.4823763889427201,3.3684210526315788
1191,19,21,27,1.7894736842105263,0.5364583333333333,0.4823763889427201,3.3684210526315788
1192,19,22,28,1.7894736842105263,0.5364583333333333,0.4823763889427201,3.3684210526315788
1193,19,23,28,1.7894736842105263,0.5286458333333333,0.4823763889427201,3.3684210526315788
1194,18,19,28,1.7,0.5582010582010581,0.47696960070847283,3.15
1195,19,26,26,1.7894736842105263,0.49479166666666663,0.4823763889427201,3.3684210526315788
1196,19,22,29,1.7894736842105263,0.546875,0.48237638894272,3.3684210526315788
1197,18,25,25,1.75,0.48697916666666663,0.39999999999999997,3.2
1198,19,23,28,1.7894736842105263,0.53125,0.48237638894272,3.3684210526315788
1199,17,23,27,1.7142857142857142,0.5208333333333333,0.21295885499997994,3.0476190476190474
1200,18,24,27,1.75,0.5130208333333333,0.39999999999999997,3.2
1201,19,20,29,1.736842105263158,0.5608465608465609,0.5668594533825794,3.3157894736842106
1202,19,21,28,1.7894736842105263,0.5442708333333333,0.48237638894272,3.3684210526315788
1203,17,24,25,1.6666666666666667,0.5026455026455027,0.3086066999241838,3.0
1204,18,23,27,1.75,0.5208333333333333,0.39999999999999997,3.2
1205,18,20,27,1.75,0.5416666666666666,0.39999999999999997,3.2
1206,19,22,28,1.7894736842105263,0.5390625,0.4823763889427201,3.3684210526315788
1207,19,26,24,1.7894736842105263,0.4739583333333333,0.48237638894272,3.3684210526315788
1208,19,21,29,1.7894736842105263,0.5520833333333333,0.4823763889427201,3.3684210526315788
1209,18,23,27,1.75,0.5234375,0.39999999999999997,3.2
1210,18,25,23,1.75,0.4765625,0.39999999999999997,3.2
1211,18,22,29,1.75,0.546875,0.39999999999999997,3.2
1212,19,22,28,1.7894736842105263,0.5390625,0.48237638894272,3.3684210526315788
1213,18,21,28,1.75,0.5442708333333333,0.39999999999999997,3.2
1214,19,23,28,1.7894736842105263,0.5338541666666666,0.4823763889427201,3.3684210526315788
1215,19,22,27,1.7894736842105263,0.5286458333333333,0.4823763889427201,3.3684210526315788
1216,19,24,26,1.7894736842105263,0.5052083333333333,0.4823763889427201,3.3684210526315788
1217,18,23,27,1.75,0.5234375,0.39999999999999997,3.2
1218,18,25,26,1.75,0.49739583333333326,0.39999999999999997,3.2
1219,18,25,26,1.75,0.4973958333333333,0.39999999999999997,3.2
1220,17,26,24,1.7142857142857142,0.47916666666666663,0.21295885499997994,3.0476190476190474
1221,19,24,27,1.7894736842105263,0.5130208333333333,0.4823763889427201,3.3684210526315788
1222,18,22,28,1.75,0.5364583333333333,0.39999999999999997,3.2
1223,18,18,27,1.7,0.5582010582010583,0.47696960070847283,3.15
1224,18,22,28,1.75,0.5390625,0.39999999999999997,3.2
1225,18,23,27,1.75,0.5208333333333333,0.39999999999999997,3.2
1226,19,25,26,1.7894736842105263,0.5026041666666666,0.4823763889427201,3.3684210526315788
1227,19,24,27,1.7894736842105263,0.515625,0.4823763889427201,3.3684210526315788
1228,18,26,25,1.75,0.48437499999999994,0.39999999999999997,3.2
1229,19,20,29,1.7894736842105263,0.5572916666666667,0.48237638894272,3.3684210526315788
1230,19,22,29,1.7894736842105263,0.546875,0.4823763889427201,3.3684210526315788
1231,19,20,29,1.7894736842105263,0.5598958333333333,0.48237638894272,3.3684210526315788
1232,19,29,24,1.7894736842105263,0.453125,0.4823763889427201,3.3684210526315788
1233,19,23,28,1.7894736842105263,0.53125,0.4823763889427201,3.3684210526315788
1234,18,24,27,1.75,0.5130208333333333,0.39999999999999997,3.2
1235,18,24,27,1.75,0.5182291666666666,0.39999999999999997,3.2
1236,18,23,27,1.75,0.5208333333333333,0.39999999999999997,3.2
1237,19,20,30,1.7894736842105263,0.5677083333333333,0.4823763889427201,3.3684210526315788
1238,18,24,27,1.75,0.515625,0.39999999999999997,3.2
1239,18,17,30,1.7,0.5925925925925927,0.47696960070847283,3.15
1240,18,23,28,1.75,0.53125,0.39999999999999997,3.2
1241,18,22,27,1.75,0.5286458333333333,0.39999999999999997,3.2
1242,18,21,27,1.75,0.5364583333333333,0.39999999999999997,3.2
1243,19,21,29,1.7894736842105263,0.5546875,0.4823763889427201,3.3684210526315788
1244,19,22,28,1.7894736842105263,0.5390625,0.48237638894272,3.3684210526315788
1245,18,23,28,1.75,0.5286458333333333,0.39999999999999997,3.2
1246,18,21,28,1.75,0.546875,0.39999999999999997,3.2
1247,19,21,30,1.7894736842105263,0.5625,0.4823763889427201,3.3684210526315788
1248,19,22,29,1.7894736842105263,0.546875,0.4823763889427201,3.3684210526315788
1249,19,22,27,1.7894736842105263,0.5286458333333333,0.48237638894272,3.3684210526315788
1250,18,18,29,1.7,0.5740740740740742,0.47696960070847283,3.15
1251,19,21,29,1.7894736842105263,0.5546875,0.48237638894272,3.3684210526315788
1252,18,21,28,1.75,0.5442708333333333,0.39999999999999997,3.2
1253,19,24,26,1.7894736842105263,0.5078125,0.48237638894272,3.3684210526315788
1254,19,22,27,1.7894736842105263,0.5260416666666666,0.48237638894272,3.3684210526315788
1255,19,22,28,1.7894736842105263,0.5390625,0.4823763889427201,3.3684210526315788
1256,18,23,27,1.75,0.5208333333333333,0.39999999999999997,3.2
1257,19,25,26,1.7894736842105263,0.4973958333333333,0.4823763889427201,3.3684210526315788
1258,18,26,24,1.75,0.47135416666666663,0.39999999999999997,3.2
1259,19,20,28,1.7894736842105263,0.5494791666666666,0.48237638894272,3.3684210526315788
1260,18,20,29,1.75,0.5625,0.39999999999999997,3.2
1261,19,22,27,1.7894736842105263,0.53125,0.4823763889427201,3.3684210526315788
1262,18,20,28,1.75,0.5520833333333333,0.39999999999999997,3.2
1263,18,22,29,1.75,0.546875,0.39999999999999997,3.2
1264,17,29,24,1.6666666666666667,0.4576719576719577,0.3086066999241838,3.0
1265,18,21,30,1.75,0.5625,0.39999999999999997,3.2
1266,18,21,29,1.75,0.5546875,0.39999999999999997,3.2
1267,19,20,27,1.7894736842105263,0.5442708333333333,0.4823763889427201,3.3684210526315788
1268,19,22,29,1.7894736842105263,0.5494791666666666,0.4823763889427201,3.3684210526315788
1269,19,21,28,1.7894736842105263,0.5442708333333333,0.4823763889427201,3.3684210526315788
1270,19,20,29,1.7894736842105263,0.5598958333333333,0.4823763889427201,3.3684210526315788
1271,19,21,27,1.7894736842105263,0.5390625,0.4823763889427201,3.3684210526315788
1272,18,25,25,1.75,0.49479166666666663,0.39999999999999997,3.2
1273,19,21,29,1.7894736842105263,0.5546875,0.48237638894272,3.3684210526315788
1274,19,20,28,1.7894736842105263,0.5520833333333333,0.48237638894272,3.3684210526315788
1275,17,23,26,1.7142857142857142,0.5104166666666666,0.21295885499997994,3.0476190476190474
1276,20,26,25,1.8333333333333333,0.484375,0.49690399499995325,3.5555555555555554
1277,19,27,24,1.7894736842105263,0.46875,0.48237638894272,3.3684210526315788
1278,19,29,24,1.7894736842105263,0.45572916666666663,0.4823763889427201,3.3684210526315788
1279,18,29,22,1.75,0.4375,0.39999999999999997,3.2
1280,18,21,27,1.75,0.5364583333333333,0.39999999999999997,3.2
1281,18,22,28,1.75,0.5390625,0.39999999999999997,3.2
1282,19,23,29,1.7894736842105263,0.5416666666666666,0.4823763889427201,3.3684210526315788
1283,18,22,27,1.75,0.5286458333333333,0.39999999999999997,3.2
1284,18,19,30,1.75,0.578125,0.39999999999999997,3.2
1285,18,29,25,1.75,0.46354166666666663,0.39999999999999997,3.2
1286,19,21,27,1.7894736842105263,0.5338541666666666,0.4823763889427201,3.3684210526315788
1287,19,22,28,1.7894736842105263,0.5390625,0.4823763889427201,3.3684210526315788
1288,19,22,29,1.7894736842105263,0.546875,0.4823763889427201,3.3684210526315788
1289,17,35,16,1.7142857142857142,0.34635416666666663,0.21295885499997994,3.0476190476190474
1290,19,20,30,1.7894736842105263,0.5703125,0.4823763889427201,3.3684210526315788
1291,19,20,30,1.7894736842105263,0.5703125,0.48237638894272,3.3684210526315788
1292,18,22,27,1.75,0.5286458333333333,0.39999999999999997,3.2
1293,18,23,27,1.75,0.5208333333333333,0.39999999999999997,3.2
1294,19,23,28,1.7894736842105263,0.53125,0.4823763889427201,3.3684210526315788
1295,19,21,30,1.7894736842105263,0.5625,0.4823763889427201,3.3684210526315788
1296,18,21,29,1.75,0.5546875,0.39999999999999997,3.2
1297,18,23,29,1.75,0.5390625,0.39999999999999997,3.2
1298,17,27,24,1.7142857142857142,0.47135416666666663,0.21295885499997994,3.0476190476190474
1299,18,23,27,1.75,0.5234375,0.39999999999999997,3.2
1300,18,23,26,1.75,0.5130208333333333,0.39999999999999997,3.2
1301,18,21,29,1.75,0.5546875,0.39999999999999997,3.2
1302,18,20,27,1.75,0.5416666666666666,0.39999999999999997,3.2
1303,19,22,28,1.7894736842105263,0.5364583333333333,0.48237638894272,3.3684210526315788
1304,18,22,28,1.75,0.5364583333333333,0.39999999999999997,3.2
1305,18,22,26,1.7,0.5211640211640212,0.47696960070847283,3.15
1306,19,25,27,1.7894736842105263,0.5104166666666666,0.48237638894272,3.3684210526315788
1307,18,23,28,1.75,0.53125,0.39999999999999997,3.2
1308,19,22,27,1.7894736842105263,0.5286458333333333,0.48237638894272,3.3684210526315788
1309,19,26,24,1.7894736842105263,0.4765625,0.4823763889427201,3.3684210526315788
1310,19,22,28,1.7894736842105263,0.5390625,0.48237638894272,3.3684210526315788
1311,19,23,25,1.7894736842105263,0.5104166666666666,0.4823763889427201,3.3684210526315788
1312,19,27,23,1.7894736842105263,0.4583333333333333,0.48237638894272,3.3684210526315788
1313,18,26,27,1.75,0.5052083333333333,0.39999999999999997,3.2
1314,18,22,29,1.75,0.5494791666666666,0.39999999999999997,3.2
1315,19,20,29,1.7894736842105263,0.5572916666666666,0.4823763889427201,3.3684210526315788
1316,18,23,28,1.75,0.53125,0.39999999999999997,3.2
1317,18,23,26,1.75,0.5104166666666666,0.39999999999999997,3.2
1318,18,23,28,1.75,0.53125,0.39999999999999997,3.2
1319,19,22,29,1.7894736842105263,0.546875,0.4823763889427201,3.3684210526315788
1320,18,23,28,1.75,0.53125,0.39999999999999997,3.2
1321,19,21,27,1.7894736842105263,0.5364583333333333,0.48237638894272,3.3684210526315788
1322,18,23,27,1.75,0.5234375,0.39999999999999997,3.2
1323,19,22,29,1.7894736842105263,0.546875,0.48237638894272,3.3684210526315788
1324,18,21,29,1.75,0.5546875,0.39999999999999997,3.2
1325,19,19,28,1.7894736842105263,0.5572916666666666,0.4823763889427201,3.3684210526315788
1326,18,21,28,1.75,0.5442708333333333,0.39999999999999997,3.2
1327,18,21,29,1.75,0.5546875,0.39999999999999997,3.2
1328,19,22,29,1.7894736842105263,0.546875,0.4823763889427201,3.3684210526315788
1329,18,20,28,1.75,0.546875,0.39999999999999997,3.2
1330,19,21,28,1.7894736842105263,0.5442708333333333,0.4823763889427201,3.3684210526315788
1331,19,19,30,1.7894736842105263,0.5755208333333333,0.4823763889427201,3.3684210526315788
1332,19,23,28,1.7894736842105263,0.53125,0.48237638894272,3.3684210526315788
1333,18,25,26,1.75,0.5,0.39999999999999997,3.2
1334,18,22,29,1.75,0.546875,0.39999999999999997,3.2
1335,18,20,28,1.75,0.5520833333333333,0.39999999999999997,3.2
1336,18,21,28,1.75,0.5494791666666666,0.39999999999999997,3.2
1337,18,23,26,1.75,0.515625,0.39999999999999997,3.2
1338,18,18,28,1.7,0.566137566137566,0.47696960070847283,3.15
1339,18,21,29,1.75,0.5546875,0.39999999999999997,3.2
1340,18,21,28,1.75,0.546875,0.39999999999999997,3.2
1341,19,18,30,1.7894736842105263,0.5859375,0.4823763889427201,3.3684210526315788
1342,19,22,29,1.7894736842105263,0.546875,0.48237638894272,3.3684210526315788
1343,18,21,27,1.75,0.5364583333333333,0.39999999999999997,3.2
1344,18,27,26,1.75,0.4895833333333333,0.39999999999999997,3.2
1345,19,20,29,1.7894736842105263,0.5625,0.4823763889427201,3.3684210526315788
1346,17,23,27,1.7142857142857142,0.5208333333333333,0.21295885499997994,3.0476190476190474
1347,19,23,27,1.7894736842105263,0.5260416666666666,0.48237638894272,3.3684210526315788
1348,18,19,29,1.75,0.5703125,0.39999999999999997,3.2
1349,19,23,27,1.7894736842105263,0.5234375,0.48237638894272,3.3684210526315788
1350,18,21,29,1.75,0.5546875,0.39999999999999997,3.2
1351,18,22,29,1.75,0.546875,0.39999999999999997,3.2
1352,19,21,29,1.7894736842105263,0.5546875,0.48237638894272,3.3684210526315788
1353,18,28,21,1.75,0.43229166666666663,0.39999999999999997,3.2
1354,18,20,27,1.75,0.5416666666666666,0.39999999999999997,3.2
1355,18,21,28,1.75,0.546875,0.39999999999999997,3.2
1356,18,22,28,1.75,0.5390625,0.39999999999999997,3.2
1357,19,23,27,1.7894736842105263,0.5234375,0.4823763889427201,3.3684210526315788
1358,19,21,30,1.7894736842105263,0.5625,0.4823763889427201,3.3684210526315788
1359,18,25,28,1.75,0.5182291666666666,0.39999999999999997,3.2
1360,19,20,29,1.7894736842105263,0.5598958333333333,0.4823763889427201,3.3684210526315788
1361,19,20,30,1.7894736842105263,0.5677083333333333,0.4823763889427201,3.3684210526315788
1362,19,21,28,1.7894736842105263,0.5442708333333333,0.4823763889427201,3.3684210526315788
1363,18,21,27,1.75,0.5364583333333333,0.39999999999999997,3.2
1364,19,17,30,1.7894736842105263,0.5911458333333333,0.4823763889427201,3.3684210526315788
1365,19,23,28,1.7894736842105263,0.5286458333333333,0.48237638894272,3.3684210526315788
1366,18,21,29,1.75,0.5520833333333333,0.39999999999999997,3.2
1367,18,22,29,1.75,0.546875,0.39999999999999997,3.2
1368,19,23,28,1.7894736842105263,0.53125,0.4823763889427201,3.3684210526315788
1369,19,18,30,1.7894736842105263,0.5833333333333333,0.4823763889427201,3.3684210526315788
1370,18,20,29,1.75,0.5625,0.39999999999999997,3.2
1371,18,26,23,1.75,0.46875,0.39999999999999997,3.2
1372,18,21,28,1.75,0.5442708333333333,0.39999999999999997,3.2
1373,19,19,29,1.736842105263158,0.5661375661375662,0.5668594533825794,3.3157894736842106
1374,19,20,30,1.7894736842105263,0.5703125,0.4823763889427201,3.3684210526315788
1375,19,25,28,1.7894736842105263,0.5182291666666666,0.4823763889427201,3.3684210526315788
1376,19,21,29,1.7894736842105263,0.5546875,0.4823763889427201,3.3684210526315788
1377,18,21,28,1.75,0.5442708333333333,0.39999999999999997,3.2
1378,19,21,29,1.7894736842105263,0.5546875,0.4823763889427201,3.3684210526315788
1379,19,18,30,1.736842105263158,0.5846560846560847,0.5668594533825794,3.3157894736842106
1380,19,26,27,1.7894736842105263,0.5052083333333333,0.4823763889427201,3.3684210526315788
1381,18,22,27,1.75,0.5286458333333333,0.39999999999999997,3.2
1382,19,23,27,1.7894736842105263,0.5208333333333333,0.48237638894272,3.3684210526315788
1383,19,20,29,1.7894736842105263,0.5625,0.4823763889427201,3.3684210526315788
1384,18,20,28,1.75,0.5520833333333333,0.39999999999999997,3.2
1385,19,21,29,1.7894736842105263,0.5546875,0.4823763889427201,3.3684210526315788
1386,18,21,29,1.75,0.5546875,0.39999999999999997,3.2
1387,19,21,29,1.7894736842105263,0.5520833333333333,0.4823763889427201,3.3684210526315788
1388,19,30,23,1.7894736842105263,0.44010416666666663,0.48237638894272,3.3684210526315788
1389,19,23,28,1.7894736842105263,0.53125,0.48237638894272,3.3684210526315788
1390,18,20,29,1.75,0.5625,0.39999999999999997,3.2
1391,18,22,27,1.75,0.5286458333333333,0.39999999999999997,3.2
1392,19,20,29,1.7894736842105263,0.5598958333333333,0.4823763889427201,3.3684210526315788
1393,19,21,29,1.7894736842105263,0.5520833333333333,0.4823763889427201,3.3684210526315788
1394,18,20,28,1.75,0.546875,0.39999999999999997,3.2
1395,18,22,28,1.75,0.5364583333333333,0.39999999999999997,3.2
1396,18,22,29,1.75,0.546875,0.39999999999999997,3.2
1397,19,21,30,1.7894736842105263,0.5625,0.4823763889427201,3.3684210526315788
1398,18,21,29,1.75,0.5546875,0.39999999999999997,3.2
1399,19,20,28,1.7894736842105263,0.5494791666666666,0.4823763889427201,3.3684210526315788
1400,18,22,27,1.75,0.5286458333333333,0.39999999999999997,3.2
1401,19,22,28,1.7894736842105263,0.5364583333333333,0.4823763889427201,3.3684210526315788
1402,19,23,28,1.7894736842105263,0.53125,0.48237638894272,3.3684210526315788
1403,19,22,29,1.7894736842105263,0.5494791666666666,0.4823763889427201,3.3684210526315788
1404,19,19,29,1.7894736842105263,0.5677083333333333,0.48237638894272,3.3684210526315788
1405,19,19,30,1.7894736842105263,0.578125,0.4823763889427201,3.3684210526315788
1406,18,19,29,1.75,0.5677083333333333,0.39999999999999997,3.2
1407,19,23,28,1.7894736842105263,0.53125,0.4823763889427201,3.3684210526315788
1408,18,23,28,1.75,0.53125,0.39999999999999997,3.2
1409,18,23,26,1.7,0.5158730158730159,0.47696960070847283,3.15
1410,19,21,27,1.7894736842105263,0.5338541666666666,0.4823763889427201,3.3684210526315788
1411,18,24,26,1.75,0.5052083333333333,0.39999999999999997,3.2
1412,18,21,29,1.75,0.5572916666666666,0.39999999999999997,3.2
1413,18,22,29,1.75,0.546875,0.39999999999999997,3.2
1414,19,21,30,1.7894736842105263,0.5625,0.4823763889427201,3.3684210526315788
1415,19,21,28,1.7894736842105263,0.546875,0.48237638894272,3.3684210526315788
1416,19,21,29,1.7894736842105263,0.5546875,0.4823763889427201,3.3684210526315788
1417,19,20,29,1.7894736842105263,0.5598958333333333,0.4823763889427201,3.3684210526315788
1418,19,19,30,1.7894736842105263,0.578125,0.48237638894272,3.3684210526315788
1419,19,20,29,1.7894736842105263,0.5598958333333333,0.4823763889427201,3.3684210526315788
1420,18,22,28,1.75,0.5390625,0.39999999999999997,3.2
1421,19,20,29,1.7894736842105263,0.5625,0.4823763889427201,3.3684210526315788
1422,19,22,29,1.7894736842105263,0.546875,0.4823763889427201,3.3684210526315788
1423,18,20,29,1.75,0.5625,0.39999999999999997,3.2
1424,18,21,29,1.75,0.5546875,0.39999999999999997,3.2
1425,19,20,28,1.7894736842105263,0.5520833333333333,0.48237638894272,3.3684210526315788
1426,19,21,28,1.7894736842105263,0.5442708333333333,0.48237638894272,3.3684210526315788
1427,18,20,29,1.75,0.5625,0.39999999999999997,3.2
1428,19,20,30,1.7894736842105263,0.5703125,0.4823763889427201,3.3684210526315788
1429,19,20,30,1.7894736842105263,0.5703125,0.4823763889427201,3.3684210526315788
1430,19,21,29,1.7894736842105263,0.5572916666666666,0.4823763889427201,3.3684210526315788
1431,18,25,26,1.75,0.5,0.39999999999999997,3.2
1432,18,21,29,1.75,0.5546875,0.39999999999999997,3.2
1433,19,18,30,1.7894736842105263,0.5833333333333333,0.4823763889427201,3.3684210526315788
1434,18,28,26,1.75,0.4765625,0.39999999999999997,3.2
1435,18,21,28,1.75,0.5442708333333333,0.39999999999999997,3.2
1436,19,22,28,1.7894736842105263,0.5390625,0.4823763889427201,3.3684210526315788
1437,19,21,30,1.7894736842105263,0.5625,0.4823763889427201,3.3684210526315788
1438,19,19,29,1.7894736842105263,0.5677083333333333,0.48237638894272,3.3684210526315788
1439,19,21,29,1.7894736842105263,0.5546875,0.4823763889427201,3.3684210526315788
1440,18,29,25,1.75,0.4661458333333333,0.39999999999999997,3.2
1441,18,29,26,1.75,0.4739583333333333,0.39999999999999997,3.2
1442,19,21,30,1.7894736842105263,0.5625,0.48237638894272,3.3684210526315788
1443,18,21,29,1.75,0.5546875,0.39999999999999997,3.2
1444,18,20,27,1.75,0.5416666666666666,0.39999999999999997,3.2
1445,18,22,29,1.75,0.5520833333333333,0.39999999999999997,3.2
1446,19,21,28,1.7894736842105263,0.546875,0.4823763889427201,3.3684210526315788
1447,19,22,28,1.7894736842105263,0.5364583333333333,0.4823763889427201,3.3684210526315788
1448,19,19,29,1.7894736842105263,0.5677083333333333,0.4823763889427201,3.3684210526315788
1449,18,22,28,1.75,0.5390625,0.39999999999999997,3.2
1450,18,26,24,1.75,0.47395833333333326,0.39999999999999997,3.2
1451,19,21,30,1.7894736842105263,0.5625,0.48237638894272,3.3684210526315788
1452,19,26,26,1.7894736842105263,0.4973958333333333,0.4823763889427201,3.3684210526315788
1453,18,20,29,1.75,0.5625,0.39999999999999997,3.2
1454,19,19,30,1.7894736842105263,0.5755208333333333,0.4823763889427201,3.3684210526315788
1455,19,20,29,1.7894736842105263,0.5625,0.48237638894272,3.3684210526315788
1456,19,20,30,1.7894736842105263,0.5703125,0.4823763889427201,3.3684210526315788
1457,18,18,30,1.7,0.5846560846560847,0.47696960070847283,3.15
1458,18,19,30,1.75,0.5755208333333333,0.39999999999999997,3.2
1459,18,25,27,1.75,0.5052083333333333,0.39999999999999997,3.2
1460,19,18,30,1.7894736842105263,0.5833333333333333,0.4823763889427201,3.3684210526315788
1461,19,20,30,1.7894736842105263,0.5703125,0.48237638894272,3.3684210526315788
1462,19,21,29,1.7894736842105263,0.5520833333333333,0.4823763889427201,3.3684210526315788
1463,19,20,29,1.7894736842105263,0.5598958333333333,0.48237638894272,3.3684210526315788
1464,18,20,29,1.75,0.5625,0.39999999999999997,3.2
1465,19,24,27,1.7894736842105263,0.515625,0.48237638894272,3.3684210526315788
1466,19,20,28,1.7894736842105263,0.5494791666666666,0.48237638894272,3.3684210526315788
1467,18,19,30,1.75,0.578125,0.39999999999999997,3.2
1468,18,21,28,1.75,0.5442708333333333,0.39999999999999997,3.2
1469,19,23,28,1.7894736842105263,0.53125,0.4823763889427201,3.3684210526315788
1470,19,18,30,1.7894736842105263,0.5859375,0.48237638894272,3.3684210526315788
1471,19,18,30,1.7894736842105263,0.5833333333333333,0.48237638894272,3.3684210526315788
1472,18,21,29,1.75,0.5546875,0.39999999999999997,3.2
1473,19,22,28,1.7894736842105263,0.5390625,0.4823763889427201,3.3684210526315788
1474,19,20,30,1.7894736842105263,0.5703125,0.4823763889427201,3.3684210526315788
1475,18,24,27,1.75,0.515625,0.39999999999999997,3.2
1476,18,20,28,1.75,0.5520833333333333,0.39999999999999997,3.2
1477,19,19,29,1.7894736842105263,0.5651041666666666,0.4823763889427201,3.3684210526315788
1478,18,20,29,1.75,0.5625,0.39999999999999997,3.2
1479,19,21,29,1.7894736842105263,0.5546875,0.48237638894272,3.3684210526315788
1480,19,20,29,1.7894736842105263,0.5625,0.4823763889427201,3.3684210526315788
1481,19,18,30,1.7894736842105263,0.5833333333333333,0.4823763889427201,3.3684210526315788
1482,18,21,29,1.75,0.5546875,0.39999999999999997,3.2
1483,19,20,30,1.7894736842105263,0.5703125,0.48237638894272,3.3684210526315788
1484,18,22,27,1.75,0.5286458333333333,0.39999999999999997,3.2
1485,19,20,29,1.7894736842105263,0.5598958333333333,0.4823763889427201,3.3684210526315788
1486,19,19,30,1.7894736842105263,0.578125,0.48237638894272,3.3684210526315788
1487,19,21,29,1.7894736842105263,0.5546875,0.4823763889427201,3.3684210526315788
1488,18,20,29,1.75,0.5598958333333333,0.39999999999999997,3.2
1489,19,21,29,1.7894736842105263,0.5546875,0.4823763889427201,3.3684210526315788
1490,19,20,30,1.7894736842105263,0.5703125,0.4823763889427201,3.3684210526315788
1491,19,21,29,1.7894736842105263,0.5546875,0.48237638894272,3.3684210526315788
1492,18,28,25,1.75,0.4739583333333333,0.39999999999999997,3.2
1493,18,21,29,1.75,0.5546875,0.39999999999999997,3.2
1494,19,22,28,1.7894736842105263,0.5364583333333333,0.4823763889427201,3.3684210526315788
1495,18,21,27,1.75,0.5338541666666666,0.39999999999999997,3.2
1496,18,34,22,1.75,0.4036458333333333,0.39999999999999997,3.2
1497,19,20,30,1.7894736842105263,0.5703125,0.4823763889427201,3.3684210526315788
1498,19,19,29,1.7894736842105263,0.5677083333333333,0.4823763889427201,3.3684210526315788
1499,19,22,27,1.7894736842105263,0.5260416666666666,0.4823763889427201,3.3684210526315788
1500,18,27,26,1.75,0.48697916666666663,0.39999999999999997,3.2
1501,18,23,27,1.75,0.5260416666666666,0.39999999999999997,3.2
1502,17,28,24,1.6666666666666667,0.4656084656084656,0.3086066999241838,3.0
1503,19,22,28,1.7894736842105263,0.5364583333333333,0.4823763889427201,3.3684210526315788
1504,19,18,30,1.7894736842105263,0.5833333333333333,0.4823763889427201,3.3684210526315788
1505,19,21,29,1.7894736842105263,0.5520833333333333,0.48237638894272,3.3684210526315788
1506,19,20,29,1.7894736842105263,0.5598958333333333,0.48237638894272,3.3684210526315788
1507,18,21,27,1.75,0.5338541666666666,0.39999999999999997,3.2
1508,19,21,29,1.7894736842105263,0.5546875,0.4823763889427201,3.3684210526315788
1509,19,22,29,1.7894736842105263,0.546875,0.48237638894272,3.3684210526315788
1510,19,22,29,1.7894736842105263,0.546875,0.4823763889427201,3.3684210526315788
1511,19,19,30,1.7894736842105263,0.578125,0.4823763889427201,3.3684210526315788
1512,18,28,23,1.75,0.45572916666666663,0.39999999999999997,3.2
1513,19,20,30,1.7894736842105263,0.5729166666666666,0.48237638894272,3.3684210526315788
1514,19,24,27,1.7894736842105263,0.5130208333333333,0.48237638894272,3.3684210526315788
1515,19,19,30,1.7894736842105263,0.578125,0.4823763889427201,3.3684210526315788
1516,19,21,27,1.7894736842105263,0.5364583333333333,0.4823763889427201,3.3684210526315788
1517,19,19,30,1.7894736842105263,0.578125,0.4823763889427201,3.3684210526315788
1518,19,20,30,1.7894736842105263,0.5703125,0.4823763889427201,3.3684210526315788
1519,19,20,28,1.7894736842105263,0.5520833333333333,0.4823763889427201,3.3684210526315788
1520,19,19,30,1.7894736842105263,0.578125,0.4823763889427201,3.3684210526315788
1521,19,19,30,1.7894736842105263,0.578125,0.4823763889427201,3.3684210526315788
1522,19,21,28,1.7894736842105263,0.546875,0.48237638894272,3.3684210526315788
1523,19,19,30,1.7894736842105263,0.578125,0.4823763889427201,3.3684210526315788
1524,19,20,29,1.7894736842105263,0.5625,0.48237638894272,3.3684210526315788
1525,19,19,30,1.7894736842105263,0.578125,0.4823763889427201,3.3684210526315788
1526,19,21,30,1.7894736842105263,0.5625,0.4823763889427201,3.3684210526315788
1527,19,20,30,1.7894736842105263,0.5703125,0.4823763889427201,3.3684210526315788
1528,18,22,27,1.75,0.53125,0.39999999999999997,3.2
1529,19,24,27,1.7894736842105263,0.515625,0.48237638894272,3.3684210526315788
1530,18,20,29,1.75,0.5598958333333333,0.39999999999999997,3.2
1531,19,21,29,1.7894736842105263,0.5520833333333333,0.4823763889427201,3.3684210526315788
1532,19,20,30,1.7894736842105263,0.5703125,0.4823763889427201,3.3684210526315788
1533,17,26,26,1.7142857142857142,0.49479166666666663,0.21295885499997994,3.0476190476190474
1534,19,22,29,1.7894736842105263,0.5520833333333333,0.48237638894272,3.3684210526315788
1535,19,20,29,1.7894736842105263,0.5598958333333333,0.4823763889427201,3.3684210526315788
1536,18,26,25,1.75,0.48697916666666663,0.39999999999999997,3.2
1537,18,24,27,1.75,0.5208333333333333,0.39999999999999997,3.2
1538,19,20,29,1.7894736842105263,0.5598958333333333,0.4823763889427201,3.3684210526315788
1539,18,19,30,1.75,0.578125,0.39999999999999997,3.2
1540,19,19,29,1.7894736842105263,0.5677083333333333,0.48237638894272,3.3684210526315788
1541,18,19,30,1.75,0.578125,0.39999999999999997,3.2
1542,19,19,30,1.7894736842105263,0.578125,0.4823763889427201,3.3684210526315788
1543,19,19,30,1.7894736842105263,0.5755208333333333,0.4823763889427201,3.3684210526315788
1544,18,23,28,1.75,0.53125,0.39999999999999997,3.2
1545,19,22,28,1.7894736842105263,0.5390625,0.4823763889427201,3.3684210526315788
1546,19,20,29,1.7894736842105263,0.5625,0.4823763889427201,3.3684210526315788
1547,18,18,31,1.75,0.59375,0.39999999999999997,3.2
1548,19,26,26,1.7894736842105263,0.49479166666666663,0.48237638894272,3.3684210526315788
1549,19,21,28,1.7894736842105263,0.546875,0.4823763889427201,3.3684210526315788
1550,19,26,27,1.7894736842105263,0.5026041666666666,0.4823763889427201,3.3684210526315788
1551,19,21,29,1.7894736842105263,0.5572916666666666,0.48237638894272,3.3684210526315788
1552,19,22,29,1.7894736842105263,0.5494791666666666,0.48237638894272,3.3684210526315788
1553,18,20,30,1.75,0.5677083333333333,0.39999999999999997,3.2
1554,19,17,30,1.7894736842105263,0.5911458333333333,0.4823763889427201,3.3684210526315788
1555,19,19,30,1.7894736842105263,0.578125,0.4823763889427201,3.3684210526315788
1556,19,20,29,1.7894736842105263,0.5625,0.4823763889427201,3.3684210526315788
1557,19,22,28,1.7894736842105263,0.5364583333333333,0.48237638894272,3.3684210526315788
1558,18,19,30,1.75,0.5755208333333333,0.39999999999999997,3.2
1559,19,19,30,1.7894736842105263,0.5755208333333333,0.4823763889427201,3.3684210526315788
1560,18,21,28,1.75,0.546875,0.39999999999999997,3.2
1561,17,25,24,1.7142857142857142,0.47916666666666663,0.21295885499997994,3.0476190476190474
1562,19,24,27,1.7894736842105263,0.5130208333333333,0.4823763889427201,3.3684210526315788
1563,19,19,28,1.7894736842105263,0.5572916666666666,0.4823763889427201,3.3684210526315788
1564,19,19,30,1.7894736842105263,0.578125,0.4823763889427201,3.3684210526315788
1565,19,25,26,1.7894736842105263,0.5026041666666666,0.4823763889427201,3.3684210526315788
1566,19,20,29,1.7894736842105263,0.5598958333333333,0.4823763889427201,3.3684210526315788
1567,19,22,28,1.7894736842105263,0.5364583333333333,0.4823763889427201,3.3684210526315788
1568,18,21,29,1.75,0.5546875,0.39999999999999997,3.2
1569,18,21,28,1.75,0.546875,0.39999999999999997,3.2
1570,19,22,27,1.7894736842105263,0.5260416666666666,0.4823763889427201,3.3684210526315788
1571,18,24,26,1.75,0.5052083333333333,0.39999999999999997,3.2
1572,17,28,26,1.7142857142857142,0.47916666666666663,0.21295885499997994,3.0476190476190474
1573,19,21,27,1.7894736842105263,0.5338541666666666,0.4823763889427201,3.3684210526315788
1574,19,20,30,1.7894736842105263,0.5703125,0.4823763889427201,3.3684210526315788
1575,19,19,30,1.736842105263158,0.5793650793650794,0.5668594533825794,3.3157894736842106
1576,19,20,29,1.7894736842105263,0.5625,0.48237638894272,3.3684210526315788
1577,19,20,30,1.7894736842105263,0.5703125,0.4823763889427201,3.3684210526315788
1578,18,22,28,1.75,0.5416666666666666,0.39999999999999997,3.2
1579,18,27,23,1.75,0.45572916666666663,0.39999999999999997,3.2
1580,19,21,30,1.7894736842105263,0.5625,0.4823763889427201,3.3684210526315788
1581,19,21,30,1.7894736842105263,0.5625,0.4823763889427201,3.3684210526315788
1582,19,18,30,1.7894736842105263,0.5833333333333333,0.4823763889427201,3.3684210526315788
1583,19,21,30,1.7894736842105263,0.5625,0.4823763889427201,3.3684210526315788
1584,19,20,29,1.7894736842105263,0.5598958333333333,0.48237638894272,3.3684210526315788
1585,18,21,27,1.75,0.5364583333333333,0.39999999999999997,3.2
1586,18,18,30,1.75,0.5833333333333333,0.39999999999999997,3.2
1587,18,27,25,1.75,0.4739583333333333,0.39999999999999997,3.2
1588,19,19,30,1.7894736842105263,0.5755208333333333,0.4823763889427201,3.3684210526315788
1589,20,30,22,1.8333333333333333,0.42447916666666663,0.49690399499995325,3.5555555555555554
1590,19,19,29,1.7894736842105263,0.5677083333333333,0.48237638894272,3.3684210526315788
1591,18,24,26,1.75,0.5052083333333333,0.39999999999999997,3.2
1592,19,22,28,1.7894736842105263,0.5364583333333333,0.4823763889427201,3.3684210526315788
1593,18,22,28,1.75,0.5390625,0.39999999999999997,3.2
1594,19,19,30,1.7894736842105263,0.578125,0.4823763889427201,3.3684210526315788
1595,19,28,25,1.7894736842105263,0.47135416666666663,0.4823763889427201,3.3684210526315788
1596,19,20,29,1.7894736842105263,0.5625,0.4823763889427201,3.3684210526315788
1597,19,19,30,1.7894736842105263,0.578125,0.4823763889427201,3.3684210526315788
1598,19,19,30,1.7894736842105263,0.578125,0.48237638894272,3.3684210526315788
1599,18,16,30,1.7,0.5978835978835979,0.47696960070847283,3.15
1600,19,19,30,1.7894736842105263,0.5807291666666666,0.4823763889427201,3.3684210526315788
1601,18,20,30,1.7,0.5714285714285714,0.47696960070847283,3.15
1602,19,19,30,1.7894736842105263,0.578125,0.4823763889427201,3.3684210526315788
1603,18,19,30,1.75,0.578125,0.39999999999999997,3.2
1604,17,23,28,1.7142857142857142,0.53125,0.21295885499997994,3.0476190476190474
1605,19,20,30,1.7894736842105263,0.5703125,0.4823763889427201,3.3684210526315788
1606,18,21,28,1.75,0.5442708333333333,0.39999999999999997,3.2
1607,18,19,29,1.75,0.5677083333333333,0.39999999999999997,3.2
1608,18,29,25,1.75,0.46875,0.39999999999999997,3.2
1609,19,21,30,1.7894736842105263,0.5625,0.4823763889427201,3.3684210526315788
1610,19,20,30,1.7894736842105263,0.5703125,0.48237638894272,3.3684210526315788
1611,19,19,30,1.7894736842105263,0.5755208333333333,0.4823763889427201,3.3684210526315788
1612,19,20,30,1.7894736842105263,0.5703125,0.4823763889427201,3.3684210526315788
1613,19,19,30,1.7894736842105263,0.578125,0.48237638894272,3.3684210526315788
1614,18,21,28,1.75,0.546875,0.39999999999999997,3.2
1615,18,21,29,1.75,0.5546875,0.39999999999999997,3.2
1616,19,20,30,1.7894736842105263,0.5703125,0.48237638894272,3.3684210526315788
1617,19,20,30,1.7894736842105263,0.5703125,0.4823763889427201,3.3684210526315788
1618,18,17,30,1.7,0.58994708994709,0.47696960070847283,3.15
1619,19,20,30,1.7894736842105263,0.5703125,0.4823763889427201,3.3684210526315788
1620,18,19,29,1.75,0.5703125,0.39999999999999997,3.2
1621,19,27,24,1.7894736842105263,0.46875,0.4823763889427201,3.3684210526315788
1622,19,22,29,1.7894736842105263,0.546875,0.48237638894272,3.3684210526315788
1623,18,21,29,1.75,0.5546875,0.39999999999999997,3.2
1624,19,20,30,1.7894736842105263,0.5703125,0.4823763889427201,3.3684210526315788
1625,18,26,25,1.7,0.48677248677248675,0.47696960070847283,3.15
1626,19,20,29,1.7894736842105263,0.5625,0.4823763889427201,3.3684210526315788
1627,18,19,30,1.75,0.578125,0.39999999999999997,3.2
1628,19,20,28,1.7894736842105263,0.5520833333333333,0.48237638894272,3.3684210526315788
1629,19,20,29,1.7894736842105263,0.5625,0.4823763889427201,3.3684210526315788
1630,19,19,30,1.7894736842105263,0.578125,0.4823763889427201,3.3684210526315788
1631,18,18,30,1.75,0.5833333333333333,0.39999999999999997,3.2
1632,19,27,26,1.7894736842105263,0.484375,0.4823763889427201,3.3684210526315788
1633,18,22,29,1.75,0.546875,0.39999999999999997,3.2
1634,19,19,30,1.7894736842105263,0.578125,0.4823763889427201,3.3684210526315788
1635,19,19,30,1.7894736842105263,0.578125,0.4823763889427201,3.3684210526315788
1636,19,22,27,1.7894736842105263,0.5286458333333333,0.48237638894272,3.3684210526315788
1637,18,33,23,1.75,0.41927083333333337,0.39999999999999997,3.2
1638,19,20,29,1.7894736842105263,0.5625,0.48237638894272,3.3684210526315788
1639,19,20,28,1.7894736842105263,0.5520833333333333,0.4823763889427201,3.3684210526315788
1640,19,21,30,1.7894736842105263,0.5625,0.4823763889427201,3.3684210526315788
1641,19,21,28,1.7894736842105263,0.5442708333333333,0.4823763889427201,3.3684210526315788
1642,18,19,30,1.75,0.5755208333333333,0.39999999999999997,3.2
1643,19,23,28,1.7894736842105263,0.53125,0.48237638894272,3.3684210526315788
1644,20,26,27,1.8333333333333333,0.5052083333333333,0.49690399499995325,3.5555555555555554
1645,19,21,29,1.7894736842105263,0.5572916666666666,0.4823763889427201,3.3684210526315788
1646,19,24,26,1.7894736842105263,0.5078125,0.48237638894272,3.3684210526315788
1647,19,28,23,1.7894736842105263,0.4505208333333333,0.48237638894272,3.3684210526315788
1648,19,20,30,1.7894736842105263,0.5729166666666666,0.4823763889427201,3.3684210526315788
1649,19,19,30,1.7894736842105263,0.578125,0.4823763889427201,3.3684210526315788
1650,18,18,30,1.75,0.5833333333333333,0.39999999999999997,3.2
1651,18,21,29,1.75,0.5546875,0.39999999999999997,3.2
1652,19,21,29,1.7894736842105263,0.5520833333333333,0.4823763889427201,3.3684210526315788
1653,19,22,28,1.7894736842105263,0.5364583333333333,0.4823763889427201,3.3684210526315788
1654,19,20,29,1.7894736842105263,0.5625,0.48237638894272,3.3684210526315788
1655,19,21,30,1.7894736842105263,0.5625,0.4823763889427201,3.3684210526315788
1656,18,20,29,1.75,0.5625,0.39999999999999997,3.2
1657,19,19,30,1.7894736842105263,0.578125,0.4823763889427201,3.3684210526315788
1658,19,20,30,1.7894736842105263,0.5703125,0.4823763889427201,3.3684210526315788
1659,19,20,29,1.7894736842105263,0.5625,0.4823763889427201,3.3684210526315788
1660,19,21,27,1.7894736842105263,0.5364583333333333,0.4823763889427201,3.3684210526315788
1661,18,21,28,1.75,0.546875,0.39999999999999997,3.2
1662,19,22,28,1.7894736842105263,0.5364583333333333,0.48237638894272,3.3684210526315788
1663,18,20,29,1.75,0.5598958333333333,0.39999999999999997,3.2
1664,18,20,30,1.75,0.5703125,0.39999999999999997,3.2
1665,18,16,30,1.7,0.5978835978835979,0.47696960070847283,3.15
1666,19,21,28,1.7894736842105263,0.5442708333333333,0.48237638894272,3.3684210526315788
1667,19,20,29,1.7894736842105263,0.5625,0.4823763889427201,3.3684210526315788
1668,17,23,28,1.7142857142857142,0.53125,0.21295885499997994,3.0476190476190474
1669,19,19,30,1.7894736842105263,0.578125,0.4823763889427201,3.3684210526315788
1670,19,19,30,1.7894736842105263,0.578125,0.4823763889427201,3.3684210526315788
1671,18,18,30,1.75,0.5833333333333333,0.39999999999999997,3.2
1672,19,25,26,1.7894736842105263,0.5,0.4823763889427201,3.3684210526315788
1673,19,21,29,1.7894736842105263,0.5546875,0.48237638894272,3.3684210526315788
1674,18,19,30,1.75,0.578125,0.39999999999999997,3.2
1675,19,19,29,1.7894736842105263,0.5677083333333333,0.48237638894272,3.3684210526315788
1676,19,20,30,1.7894736842105263,0.5703125,0.4823763889427201,3.3684210526315788
1677,19,19,30,1.7894736842105263,0.578125,0.4823763889427201,3.3684210526315788
1678,19,16,30,1.736842105263158,0.6005291005291006,0.5668594533825794,3.3157894736842106
1679,18,19,28,1.7,0.5582010582010581,0.47696960070847283,3.15
1680,19,16,30,1.736842105263158,0.6005291005291006,0.5668594533825794,3.3157894736842106
1681,19,19,30,1.7894736842105263,0.578125,0.4823763889427201,3.3684210526315788
1682,18,20,29,1.75,0.5625,0.39999999999999997,3.2
1683,19,20,28,1.7894736842105263,0.5520833333333333,0.4823763889427201,3.3684210526315788
1684,19,21,29,1.7894736842105263,0.5546875,0.4823763889427201,3.3684210526315788
1685,19,18,30,1.7894736842105263,0.5833333333333333,0.4823763889427201,3.3684210526315788
1686,18,21,29,1.75,0.5520833333333333,0.39999999999999997,3.2
1687,18,21,30,1.75,0.5625,0.39999999999999997,3.2
1688,19,36,19,1.736842105263158,0.36197916666666663,0.4823763889427201,3.3684210526315788
1689,19,19,30,1.7894736842105263,0.5755208333333333,0.4823763889427201,3.3684210526315788
1690,19,21,28,1.7894736842105263,0.5442708333333333,0.4823763889427201,3.3684210526315788
1691,17,27,24,1.7142857142857142,0.4739583333333333,0.21295885499997994,3.0476190476190474
1692,18,19,30,1.75,0.5755208333333333,0.39999999999999997,3.2
1693,19,20,29,1.7894736842105263,0.5598958333333333,0.4823763889427201,3.3684210526315788
1694,18,18,30,1.75,0.5833333333333333,0.39999999999999997,3.2
1695,18,20,29,1.75,0.5598958333333333,0.39999999999999997,3.2
1696,19,20,28,1.7894736842105263,0.5520833333333333,0.4823763889427201,3.3684210526315788
1697,19,18,30,1.7894736842105263,0.5859375,0.4823763889427201,3.3684210526315788
1698,19,19,30,1.7894736842105263,0.578125,0.4823763889427201,3.3684210526315788
1699,17,29,23,1.7142857142857142,0.4453125,0.21295885499997994,3.0476190476190474
1700,18,21,28,1.75,0.546875,0.39999999999999997,3.2
1701,19,21,28,1.7894736842105263,0.546875,0.4823763889427201,3.3684210526315788
1702,18,22,28,1.7,0.5396825396825397,0.47696960070847283,3.15
1703,18,21,28,1.75,0.5442708333333333,0.39999999999999997,3.2
1704,18,19,30,1.75,0.578125,0.39999999999999997,3.2
1705,19,21,30,1.7894736842105263,0.5625,0.4823763889427201,3.3684210526315788
1706,18,21,29,1.75,0.5546875,0.39999999999999997,3.2
1707,19,21,30,1.7894736842105263,0.5625,0.4823763889427201,3.3684210526315788
1708,18,25,24,1.75,0.47916666666666663,0.39999999999999997,3.2
1709,19,22,28,1.7894736842105263,0.5364583333333333,0.48237638894272,3.3684210526315788
1710,17,21,27,1.6666666666666667,0.537037037037037,0.3086066999241838,3.0
1711,19,22,28,1.7894736842105263,0.5364583333333333,0.4823763889427201,3.3684210526315788
1712,18,19,30,1.75,0.578125,0.39999999999999997,3.2
1713,19,21,29,1.7894736842105263,0.5546875,0.4823763889427201,3.3684210526315788
1714,18,20,30,1.75,0.5677083333333333,0.39999999999999997,3.2
1715,19,20,30,1.7894736842105263,0.5703125,0.4823763889427201,3.3684210526315788
1716,19,20,29,1.7894736842105263,0.5625,0.4823763889427201,3.3684210526315788
1717,18,20,29,1.75,0.5625,0.39999999999999997,3.2
1718,19,19,30,1.7894736842105263,0.578125,0.4823763889427201,3.3684210526315788
1719,19,20,30,1.7894736842105263,0.5703125,0.48237638894272,3.3684210526315788
1720,18,22,28,1.75,0.5364583333333333,0.39999999999999997,3.2
1721,19,18,30,1.7894736842105263,0.5833333333333333,0.4823763889427201,3.3684210526315788
1722,19,21,30,1.7894736842105263,0.5677083333333333,0.48237638894272,3.3684210526315788
1723,19,18,30,1.7894736842105263,0.5833333333333333,0.48237638894272,3.3684210526315788
1724,19,19,30,1.7894736842105263,0.578125,0.4823763889427201,3.3684210526315788
1725,18,26,24,1.75,0.4765625,0.39999999999999997,3.2
1726,18,18,30,1.75,0.5833333333333333,0.39999999999999997,3.2
1727,18,22,28,1.75,0.5390625,0.39999999999999997,3.2
1728,19,22,27,1.7894736842105263,0.53125,0.4823763889427201,3.3684210526315788
1729,19,19,30,1.7894736842105263,0.578125,0.4823763889427201,3.3684210526315788
1730,19,22,28,1.7894736842105263,0.5390625,0.4823763889427201,3.3684210526315788
1731,18,21,28,1.75,0.546875,0.39999999999999997,3.2
1732,19,19,30,1.7894736842105263,0.578125,0.4823763889427201,3.3684210526315788
1733,19,19,29,1.7894736842105263,0.5677083333333333,0.48237638894272,3.3684210526315788
1734,17,28,25,1.7142857142857142,0.46874999999999994,0.21295885499997994,3.0476190476190474
1735,18,20,28,1.75,0.5520833333333333,0.39999999999999997,3.2
1736,18,22,29,1.75,0.546875,0.39999999999999997,3.2
1737,18,20,29,1.75,0.5625,0.39999999999999997,3.2
1738,19,26,26,1.7894736842105263,0.4973958333333333,0.48237638894272,3.3684210526315788
1739,19,22,29,1.7894736842105263,0.5494791666666666,0.4823763889427201,3.3684210526315788
1740,19,22,29,1.7894736842105263,0.546875,0.4823763889427201,3.3684210526315788
1741,19,20,30,1.7894736842105263,0.5703125,0.48237638894272,3.3684210526315788
1742,19,20,29,1.7894736842105263,0.5625,0.4823763889427201,3.3684210526315788
1743,18,18,30,1.75,0.5833333333333333,0.39999999999999997,3.2
1744,19,19,29,1.7894736842105263,0.5677083333333333,0.48237638894272,3.3684210526315788
1745,19,20,30,1.7894736842105263,0.5703125,0.4823763889427201,3.3684210526315788
1746,18,21,29,1.75,0.5546875,0.39999999999999997,3.2
1747,19,20,29,1.7894736842105263,0.5598958333333333,0.4823763889427201,3.3684210526315788
1748,19,20,30,1.7894736842105263,0.5703125,0.4823763889427201,3.3684210526315788
1749,19,19,28,1.7894736842105263,0.5598958333333333,0.4823763889427201,3.3684210526315788
1750,19,19,30,1.7894736842105263,0.578125,0.4823763889427201,3.3684210526315788
1751,17,23,26,1.6666666666666667,0.5158730158730159,0.3086066999241838,3.0
1752,18,21,28,1.75,0.546875,0.39999999999999997,3.2
1753,19,16,30,1.736842105263158,0.6005291005291006,0.5668594533825794,3.3157894736842106
1754,18,18,30,1.7,0.5846560846560847,0.47696960070847283,3.15
1755,18,21,25,1.75,0.5182291666666666,0.39999999999999997,3.2
1756,19,20,30,1.7894736842105263,0.5703125,0.4823763889427201,3.3684210526315788
1757,19,18,30,1.7894736842105263,0.5859375,0.4823763889427201,3.3684210526315788
1758,18,20,30,1.75,0.5729166666666666,0.39999999999999997,3.2
1759,18,18,30,1.75,0.5833333333333333,0.39999999999999997,3.2
1760,19,18,30,1.7894736842105263,0.5833333333333333,0.4823763889427201,3.3684210526315788
1761,18,22,29,1.75,0.546875,0.39999999999999997,3.2
1762,19,20,29,1.7894736842105263,0.5625,0.48237638894272,3.3684210526315788
1763,19,18,30,1.7894736842105263,0.5833333333333333,0.4823763889427201,3.3684210526315788
1764,17,22,28,1.7142857142857142,0.5390625,0.21295885499997994,3.0476190476190474
1765,19,18,30,1.7894736842105263,0.5833333333333333,0.4823763889427201,3.3684210526315788
1766,19,18,28,1.736842105263158,0.5634920634920635,0.5668594533825794,3.3157894736842106
1767,19,18,30,1.7894736842105263,0.5833333333333333,0.4823763889427201,3.3684210526315788
1768,19,21,30,1.7894736842105263,0.5625,0.4823763889427201,3.3684210526315788
1769,19,20,30,1.7894736842105263,0.5703125,0.4823763889427201,3.3684210526315788
1770,18,18,30,1.75,0.5833333333333333,0.39999999999999997,3.2
1771,18,21,29,1.75,0.5546875,0.39999999999999997,3.2
1772,19,19,29,1.7894736842105263,0.5677083333333333,0.4823763889427201,3.3684210526315788
1773,18,19,29,1.75,0.5677083333333333,0.39999999999999997,3.2
1774,19,19,30,1.7894736842105263,0.578125,0.4823763889427201,3.3684210526315788
1775,19,20,29,1.7894736842105263,0.5625,0.48237638894272,3.3684210526315788
1776,19,18,30,1.7894736842105263,0.5833333333333333,0.4823763889427201,3.3684210526315788
1777,19,19,29,1.7894736842105263,0.5677083333333333,0.4823763889427201,3.3684210526315788
1778,19,19,30,1.7894736842105263,0.578125,0.4823763889427201,3.3684210526315788
1779,19,16,30,1.736842105263158,0.6005291005291006,0.5668594533825794,3.3157894736842106
1780,18,20,30,1.75,0.5677083333333333,0.39999999999999997,3.2
1781,19,22,30,1.7894736842105263,0.5572916666666666,0.4823763889427201,3.3684210526315788
1782,18,19,29,1.75,0.5677083333333333,0.39999999999999997,3.2
1783,19,21,28,1.7894736842105263,0.5442708333333333,0.4823763889427201,3.3684210526315788
1784,18,22,28,1.75,0.5364583333333333,0.39999999999999997,3.2
1785,19,16,30,1.736842105263158,0.6005291005291006,0.5668594533825794,3.3157894736842106
1786,18,20,28,1.75,0.5520833333333333,0.39999999999999997,3.2
1787,19,19,29,1.7894736842105263,0.5703125,0.4823763889427201,3.3684210526315788
1788,19,19,30,1.7894736842105263,0.578125,0.48237638894272,3.3684210526315788
1789,19,21,30,1.7894736842105263,0.5625,0.4823763889427201,3.3684210526315788
1790,19,20,29,1.7894736842105263,0.5598958333333333,0.4823763889427201,3.3684210526315788
1791,19,20,29,1.7894736842105263,0.5625,0.4823763889427201,3.3684210526315788
1792,18,23,25,1.75,0.5078125,0.39999999999999997,3.2
1793,19,19,30,1.7894736842105263,0.578125,0.4823763889427201,3.3684210526315788
1794,19,18,30,1.7894736842105263,0.5833333333333333,0.48237638894272,3.3684210526315788
1795,18,19,29,1.75,0.5677083333333333,0.39999999999999997,3.2
1796,18,23,25,1.75,0.5078125,0.39999999999999997,3.2
1797,19,20,29,1.7894736842105263,0.5625,0.48237638894272,3.3684210526315788
1798,18,28,25,1.75,0.4739583333333333,0.39999999999999997,3.2
1799,18,20,29,1.75,0.5625,0.39999999999999997,3.2
1800,19,19,30,1.7894736842105263,0.578125,0.4823763889427201,3.3684210526315788
1801,18,29,26,1.75,0.4739583333333333,0.39999999999999997,3.2
1802,19,24,27,1.7894736842105263,0.5182291666666666,0.4823763889427201,3.3684210526315788
1803,18,19,29,1.75,0.5703125,0.39999999999999997,3.2
1804,18,23,26,1.75,0.5182291666666666,0.39999999999999997,3.2
1805,18,20,29,1.75,0.5625,0.39999999999999997,3.2
1806,19,19,30,1.7894736842105263,0.578125,0.48237638894272,3.3684210526315788
1807,19,20,29,1.7894736842105263,0.5598958333333333,0.4823763889427201,3.3684210526315788
1808,19,19,30,1.7894736842105263,0.578125,0.4823763889427201,3.3684210526315788
1809,18,19,29,1.75,0.5677083333333333,0.39999999999999997,3.2
1810,19,29,23,1.7894736842105263,0.4453125,0.48237638894272,3.3684210526315788
1811,18,28,24,1.75,0.46354166666666663,0.39999999999999997,3.2
1812,18,19,29,1.75,0.5703125,0.39999999999999997,3.2
1813,19,19,30,1.7894736842105263,0.578125,0.4823763889427201,3.3684210526315788
1814,18,28,24,1.75,0.46354166666666663,0.39999999999999997,3.2
1815,19,19,29,1.7894736842105263,0.5703125,0.4823763889427201,3.3684210526315788
1816,19,20,30,1.7894736842105263,0.5703125,0.4823763889427201,3.3684210526315788
1817,18,18,30,1.75,0.5833333333333333,0.39999999999999997,3.2
1818,19,19,29,1.7894736842105263,0.5677083333333333,0.4823763889427201,3.3684210526315788
1819,18,27,26,1.75,0.48697916666666663,0.39999999999999997,3.2
1820,19,19,30,1.7894736842105263,0.578125,0.48237638894272,3.3684210526315788
1821,18,16,30,1.7,0.5978835978835979,0.47696960070847283,3.15
1822,18,19,28,1.75,0.5598958333333333,0.39999999999999997,3.2
1823,19,19,30,1.7894736842105263,0.578125,0.4823763889427201,3.3684210526315788
1824,19,19,30,1.7894736842105263,0.578125,0.4823763889427201,3.3684210526315788
1825,18,17,29,1.7,0.5846560846560847,0.47696960070847283,3.15
1826,19,19,30,1.7894736842105263,0.5755208333333333,0.4823763889427201,3.3684210526315788
1827,18,20,28,1.75,0.5520833333333333,0.39999999999999997,3.2
1828,17,25,26,1.7142857142857142,0.5026041666666666,0.21295885499997994,3.0476190476190474
1829,18,21,29,1.75,0.5546875,0.39999999999999997,3.2
1830,19,21,28,1.7894736842105263,0.546875,0.48237638894272,3.3684210526315788
1831,18,18,30,1.75,0.5833333333333333,0.39999999999999997,3.2
1832,18,24,27,1.75,0.5182291666666666,0.39999999999999997,3.2
1833,18,20,29,1.75,0.5625,0.39999999999999997,3.2
1834,19,19,29,1.7894736842105263,0.5677083333333333,0.4823763889427201,3.3684210526315788
1835,18,18,30,1.75,0.5833333333333333,0.39999999999999997,3.2
1836,18,20,30,1.75,0.5651041666666666,0.39999999999999997,3.2
1837,19,20,29,1.7894736842105263,0.5625,0.4823763889427201,3.3684210526315788
1838,19,16,29,1.736842105263158,0.5925925925925927,0.5668594533825794,3.3157894736842106
1839,18,16,30,1.7,0.5978835978835979,0.47696960070847283,3.15
1840,17,23,26,1.7142857142857142,0.515625,0.21295885499997994,3.0476190476190474
1841,19,26,25,1.7894736842105263,0.4895833333333333,0.4823763889427201,3.3684210526315788
1842,18,18,30,1.75,0.5833333333333333,0.39999999999999997,3.2
1843,19,16,30,1.736842105263158,0.6005291005291006,0.5668594533825794,3.3157894736842106
1844,19,20,29,1.7894736842105263,0.5625,0.48237638894272,3.3684210526315788
1845,18,29,24,1.75,0.45572916666666663,0.39999999999999997,3.2
1846,18,18,30,1.75,0.5859375,0.39999999999999997,3.2
1847,18,22,27,1.75,0.5286458333333333,0.39999999999999997,3.2
1848,19,19,30,1.7894736842105263,0.578125,0.4823763889427201,3.3684210526315788
1849,19,18,30,1.7894736842105263,0.5859375,0.4823763889427201,3.3684210526315788
1850,19,19,30,1.7894736842105263,0.578125,0.4823763889427201,3.3684210526315788
1851,18,21,28,1.75,0.546875,0.39999999999999997,3.2
1852,19,19,29,1.7894736842105263,0.5677083333333333,0.4823763889427201,3.3684210526315788
1853,18,23,28,1.75,0.5286458333333333,0.39999999999999997,3.2
1854,18,20,29,1.75,0.5625,0.39999999999999997,3.2
1855,18,18,30,1.75,0.5833333333333333,0.39999999999999997,3.2
1856,19,21,30,1.7894736842105263,0.5625,0.4823763889427201,3.3684210526315788
1857,18,21,28,1.75,0.546875,0.39999999999999997,3.2
1858,17,29,24,1.7142857142857142,0.453125,0.21295885499997994,3.0476190476190474
1859,17,25,26,1.7142857142857142,0.49999999999999994,0.21295885499997994,3.0476190476190474
1860,18,18,30,1.75,0.5833333333333333,0.39999999999999997,3.2
1861,19,19,30,1.7894736842105263,0.578125,0.4823763889427201,3.3684210526315788
1862,18,21,27,1.7,0.5343915343915343,0.47696960070847283,3.15
1863,18,18,30,1.75,0.5833333333333333,0.39999999999999997,3.2
1864,18,18,30,1.75,0.5833333333333333,0.39999999999999997,3.2
1865,19,19,30,1.7894736842105263,0.578125,0.4823763889427201,3.3684210526315788
1866,18,22,28,1.75,0.5364583333333333,0.39999999999999997,3.2
1867,18,21,28,1.75,0.5442708333333333,0.39999999999999997,3.2
1868,18,19,29,1.75,0.5677083333333333,0.39999999999999997,3.2
1869,18,21,27,1.75,0.5338541666666666,0.39999999999999997,3.2
1870,18,25,26,1.75,0.5026041666666666,0.39999999999999997,3.2
1871,18,26,24,1.75,0.4739583333333333,0.39999999999999997,3.2
1872,18,20,30,1.75,0.5677083333333333,0.39999999999999997,3.2
1873,18,18,30,1.75,0.5833333333333333,0.39999999999999997,3.2
1874,18,19,29,1.75,0.5677083333333333,0.39999999999999997,3.2
1875,19,16,30,1.736842105263158,0.6005291005291006,0.5668594533825794,3.3157894736842106
1876,18,18,30,1.75,0.5833333333333333,0.39999999999999997,3.2
1877,18,20,28,1.75,0.5520833333333333,0.39999999999999997,3.2
1878,18,30,24,1.75,0.4505208333333333,0.39999999999999997,3.2
1879,18,26,27,1.75,0.5052083333333333,0.39999999999999997,3.2
1880,18,19,29,1.75,0.5677083333333333,0.39999999999999997,3.2
1881,18,18,30,1.75,0.5859375,0.39999999999999997,3.2
1882,18,19,28,1.75,0.5598958333333333,0.39999999999999997,3.2
1883,19,19,30,1.7894736842105263,0.5755208333333333,0.4823763889427201,3.3684210526315788
1884,19,19,30,1.7894736842105263,0.578125,0.4823763889427201,3.3684210526315788
1885,18,22,29,1.75,0.5494791666666666,0.39999999999999997,3.2
1886,19,26,26,1.7894736842105263,0.4973958333333333,0.4823763889427201,3.3684210526315788
1887,18,19,29,1.75,0.5677083333333333,0.39999999999999997,3.2
1888,18,18,30,1.75,0.5833333333333333,0.39999999999999997,3.2
1889,19,20,29,1.7894736842105263,0.5625,0.48237638894272,3.3684210526315788
1890,18,20,29,1.75,0.5625,0.39999999999999997,3.2
1891,18,18,30,1.75,0.5833333333333333,0.39999999999999997,3.2
1893,19,15,30,1.736842105263158,0.6058201058201059,0.5668594533825794,3.3157894736842106
1894,19,15,30,1.736842105263158,0.6058201058201059,0.5668594533825794,3.3157894736842106
1895,19,15,30,1.736842105263158,0.6058201058201059,0.5668594533825794,3.3157894736842106
1896,19,15,30,1.736842105263158,0.6058201058201059,0.5668594533825794,3.3157894736842106
1897,19,15,30,1.736842105263158,0.6058201058201059,0.5668594533825794,3.3157894736842106
1898,19,15,30,1.736842105263158,0.6058201058201059,0.5668594533825794,3.3157894736842106
1899,19,15,30,1.736842105263158,0.6058201058201059,0.5668594533825794,3.3157894736842106
1900,19,15,30,1.736842105263158,0.6058201058201059,0.5668594533825794,3.3157894736842106
1901,19,15,30,1.736842105263158,0.6058201058201059,0.5668594533825794,3.3157894736842106
1902,19,15,30,1.736842105263158,0.6058201058201059,0.5668594533825794,3.3157894736842106
