Episode,Desafios_sin_equipo,Estudiantes_fuera_preferencias,Estudiantes_primera_prioridad,Promedio_carreras_por_equipo,Satisfaccion_promedio,STD_tamano_equipos,Tamano_promedio_equipo
2,17,58,3,1.7142857142857142,0.06510416666666666,0.21295885499997994,3.0476190476190474
3,18,57,4,1.75,0.08072916666666666,0.39999999999999997,3.2
4,17,59,1,1.7142857142857142,0.044270833333333336,0.21295885499997994,3.0476190476190474
5,18,60,2,1.75,0.04427083333333333,0.39999999999999997,3.2
6,17,61,0,1.7142857142857142,0.015625,0.21295885499997994,3.0476190476190474
7,18,58,2,1.75,0.057291666666666664,0.39999999999999997,3.2
8,17,59,0,1.7142857142857142,0.033854166666666664,0.21295885499997994,3.0476190476190474
9,18,60,0,1.75,0.026041666666666664,0.39999999999999997,3.2
10,18,59,3,1.75,0.057291666666666664,0.39999999999999997,3.2
11,18,62,0,1.75,0.015625,0.39999999999999997,3.2
12,18,58,0,1.75,0.0390625,0.39999999999999997,3.2
13,19,57,3,1.7894736842105263,0.07291666666666666,0.4823763889427201,3.3684210526315788
14,18,59,1,1.75,0.03645833333333333,0.39999999999999997,3.2
15,17,62,1,1.7142857142857142,0.020833333333333332,0.21295885499997994,3.0476190476190474
16,17,61,2,1.7142857142857142,0.03645833333333333,0.21295885499997994,3.0476190476190474
17,19,61,1,1.736842105263158,0.028645833333333332,0.48237638894272,3.3684210526315788
18,18,56,3,1.7,0.07142857142857142,0.47696960070847283,3.15
19,18,58,1,1.75,0.046875,0.39999999999999997,3.2
20,18,59,4,1.75,0.0703125,0.39999999999999997,3.2
21,17,57,0,1.7142857142857142,0.046875,0.21295885499997994,3.0476190476190474
22,18,61,1,1.75,0.03125,0.39999999999999997,3.2
23,17,58,1,1.619047619047619,0.046875,0.21295885499997994,3.0476190476190474
24,20,61,1,1.8333333333333333,0.028645833333333332,0.49690399499995325,3.5555555555555554
25,18,60,2,1.75,0.04427083333333333,0.39999999999999997,3.2
26,18,60,0,1.75,0.0234375,0.39999999999999997,3.2
27,18,55,4,1.75,0.09374999999999999,0.39999999999999997,3.2
28,19,60,2,1.7894736842105263,0.04427083333333333,0.48237638894272,3.3684210526315788
29,18,58,4,1.75,0.078125,0.39999999999999997,3.2
30,19,60,1,1.7894736842105263,0.0390625,0.4823763889427201,3.3684210526315788
31,18,59,0,1.75,0.03645833333333333,0.39999999999999997,3.2
32,18,60,0,1.7,0.026041666666666664,0.39999999999999997,3.2
33,17,59,2,1.7142857142857142,0.0546875,0.21295885499997994,3.0476190476190474
34,18,61,0,1.75,0.018229166666666664,0.39999999999999997,3.2
35,18,61,1,1.75,0.03125,0.39999999999999997,3.2
36,19,60,1,1.7894736842105263,0.033854166666666664,0.4823763889427201,3.3684210526315788
37,18,61,2,1.75,0.0390625,0.39999999999999997,3.2
38,18,56,5,1.75,0.09635416666666666,0.39999999999999997,3.2
39,18,59,0,1.75,0.03645833333333333,0.39999999999999997,3.2
40,17,58,1,1.7142857142857142,0.044270833333333336,0.21295885499997994,3.0476190476190474
41,19,61,1,1.7894736842105263,0.028645833333333332,0.4823763889427201,3.3684210526315788
42,18,56,3,1.75,0.08333333333333333,0.39999999999999997,3.2
43,17,63,0,1.7142857142857142,0.005208333333333333,0.21295885499997994,3.0476190476190474
44,18,61,1,1.75,0.028645833333333332,0.39999999999999997,3.2
45,19,60,1,1.7894736842105263,0.033854166666666664,0.4823763889427201,3.3684210526315788
46,18,56,5,1.75,0.09895833333333334,0.39999999999999997,3.2
47,18,60,1,1.75,0.03645833333333333,0.39999999999999997,3.2
48,19,61,3,1.7894736842105263,0.046875,0.4823763889427201,3.3684210526315788
49,17,57,1,1.7142857142857142,0.0546875,0.21295885499997994,3.0476190476190474
50,18,61,0,1.75,0.020833333333333332,0.39999999999999997,3.2
51,18,60,3,1.75,0.052083333333333336,0.39999999999999997,3.2
52,17,60,3,1.7142857142857142,0.052083333333333336,0.21295885499997994,3.0476190476190474
53,18,60,2,1.75,0.04166666666666667,0.39999999999999997,3.2
54,18,60,0,1.7,0.026041666666666664,0.39999999999999997,3.2
55,17,61,1,1.7142857142857142,0.028645833333333332,0.21295885499997994,3.0476190476190474
56,17,56,4,1.7142857142857142,0.08593749999999999,0.21295885499997994,3.0476190476190474
57,18,59,4,1.75,0.0703125,0.39999999999999997,3.2
58,18,60,1,1.75,0.03645833333333333,0.39999999999999997,3.2
59,18,60,2,1.75,0.044270833333333336,0.39999999999999997,3.2
60,18,56,4,1.75,0.09375,0.39999999999999997,3.2
61,17,58,3,1.7142857142857142,0.06510416666666666,0.21295885499997994,3.0476190476190474
62,18,57,3,1.75,0.0703125,0.39999999999999997,3.2
63,19,61,1,1.7894736842105263,0.028645833333333332,0.4823763889427201,3.3684210526315788
64,18,64,0,1.75,0.0,0.39999999999999997,3.2
65,17,62,1,1.7142857142857142,0.0234375,0.21295885499997994,3.0476190476190474
66,18,62,0,1.75,0.010416666666666666,0.39999999999999997,3.2
67,18,60,1,1.75,0.03645833333333333,0.39999999999999997,3.2
68,18,59,2,1.75,0.0546875,0.39999999999999997,3.2
69,18,56,1,1.75,0.05989583333333333,0.39999999999999997,3.2
70,18,57,4,1.75,0.08072916666666667,0.39999999999999997,3.2
71,18,58,4,1.75,0.078125,0.39999999999999997,3.2
72,18,58,2,1.75,0.057291666666666664,0.39999999999999997,3.2
73,18,58,3,1.75,0.06770833333333333,0.39999999999999997,3.2
74,18,58,4,1.75,0.07552083333333334,0.39999999999999997,3.2
75,17,58,2,1.7142857142857142,0.057291666666666664,0.21295885499997994,3.0476190476190474
76,19,52,5,1.7894736842105263,0.11979166666666666,0.4823763889427201,3.3684210526315788
77,19,60,2,1.7894736842105263,0.04427083333333333,0.4823763889427201,3.3684210526315788
78,17,60,2,1.7142857142857142,0.041666666666666664,0.21295885499997994,3.0476190476190474
79,18,60,1,1.75,0.033854166666666664,0.39999999999999997,3.2
80,18,60,1,1.75,0.033854166666666664,0.39999999999999997,3.2
81,18,57,3,1.75,0.078125,0.39999999999999997,3.2
82,17,56,1,1.7142857142857142,0.06510416666666666,0.21295885499997994,3.0476190476190474
83,18,61,2,1.75,0.03645833333333333,0.39999999999999997,3.2
84,17,59,3,1.7142857142857142,0.059895833333333336,0.21295885499997994,3.0476190476190474
85,18,61,0,1.75,0.0234375,0.39999999999999997,3.2
86,19,59,1,1.7894736842105263,0.041666666666666664,0.4823763889427201,3.3684210526315788
87,17,57,3,1.7142857142857142,0.07552083333333333,0.21295885499997994,3.0476190476190474
88,19,60,4,1.7894736842105263,0.0625,0.4823763889427201,3.3684210526315788
89,18,56,2,1.75,0.07552083333333333,0.39999999999999997,3.2
90,18,58,1,1.75,0.049479166666666664,0.39999999999999997,3.2
91,19,58,4,1.7894736842105263,0.07552083333333333,0.4823763889427201,3.3684210526315788
92,17,59,1,1.7142857142857142,0.041666666666666664,0.21295885499997994,3.0476190476190474
93,18,58,1,1.75,0.046875,0.39999999999999997,3.2
94,17,59,0,1.7142857142857142,0.031249999999999997,0.21295885499997994,3.0476190476190474
95,17,58,1,1.6666666666666667,0.04947916666666666,0.21295885499997994,3.0476190476190474
96,19,59,2,1.7894736842105263,0.052083333333333336,0.48237638894272,3.3684210526315788
97,17,57,1,1.7142857142857142,0.0625,0.21295885499997994,3.0476190476190474
98,18,56,1,1.75,0.05989583333333333,0.39999999999999997,3.2
99,17,60,1,1.7142857142857142,0.033854166666666664,0.21295885499997994,3.0476190476190474
100,19,57,3,1.7894736842105263,0.07291666666666666,0.4823763889427201,3.3684210526315788
101,17,59,4,1.7142857142857142,0.0703125,0.21295885499997996,3.0476190476190474
102,18,61,2,1.75,0.0390625,0.39999999999999997,3.2
103,17,58,2,1.7142857142857142,0.05468749999999999,0.21295885499997994,3.0476190476190474
104,17,59,1,1.7142857142857142,0.0390625,0.21295885499997994,3.0476190476190474
105,18,55,2,1.75,0.07552083333333333,0.39999999999999997,3.2
106,17,54,4,1.7142857142857142,0.09895833333333331,0.21295885499997994,3.0476190476190474
107,18,60,0,1.7,0.028645833333333332,0.39999999999999997,3.2
108,17,59,1,1.7142857142857142,0.04427083333333333,0.21295885499997994,3.0476190476190474
109,19,59,0,1.7894736842105263,0.03125,0.4823763889427201,3.3684210526315788
110,18,56,4,1.75,0.0859375,0.39999999999999997,3.2
111,18,55,6,1.75,0.11458333333333333,0.39999999999999997,3.2
112,19,57,0,1.736842105263158,0.04427083333333333,0.4823763889427201,3.3684210526315788
113,17,61,2,1.7142857142857142,0.0390625,0.21295885499997994,3.0476190476190474
114,19,58,1,1.736842105263158,0.044270833333333336,0.4823763889427201,3.3684210526315788
115,18,60,1,1.75,0.033854166666666664,0.39999999999999997,3.2
116,20,55,2,1.8333333333333333,0.078125,0.49690399499995325,3.5555555555555554
117,19,56,3,1.7894736842105263,0.07552083333333333,0.4823763889427201,3.3684210526315788
118,20,59,2,1.8333333333333333,0.05208333333333333,0.49690399499995325,3.5555555555555554
119,19,57,2,1.7894736842105263,0.05729166666666667,0.4823763889427201,3.3684210526315788
120,18,57,2,1.75,0.05989583333333333,0.39999999999999997,3.2
121,19,53,4,1.7894736842105263,0.109375,0.4823763889427201,3.3684210526315788
122,19,59,1,1.7894736842105263,0.046875,0.4823763889427201,3.3684210526315788
123,18,59,2,1.75,0.04947916666666667,0.39999999999999997,3.2
124,17,62,2,1.7142857142857142,0.03125,0.21295885499997994,3.0476190476190474
125,18,58,1,1.75,0.046875,0.39999999999999997,3.2
126,17,60,4,1.7142857142857142,0.0625,0.21295885499997994,3.0476190476190474
127,17,58,2,1.7142857142857142,0.05989583333333333,0.21295885499997994,3.0476190476190474
128,17,59,3,1.7142857142857142,0.05989583333333333,0.21295885499997994,3.0476190476190474
129,18,58,2,1.75,0.05729166666666666,0.39999999999999997,3.2
130,19,57,1,1.7894736842105263,0.057291666666666664,0.4823763889427201,3.3684210526315788
131,19,58,2,1.7894736842105263,0.0625,0.4823763889427201,3.3684210526315788
132,17,58,3,1.7142857142857142,0.06770833333333333,0.21295885499997994,3.0476190476190474
133,17,53,3,1.7142857142857142,0.09895833333333331,0.21295885499997994,3.0476190476190474
134,18,59,1,1.75,0.041666666666666664,0.39999999999999997,3.2
135,19,58,3,1.7894736842105263,0.06510416666666667,0.4823763889427201,3.3684210526315788
136,18,56,5,1.75,0.09375,0.39999999999999997,3.2
137,18,57,2,1.75,0.06770833333333333,0.39999999999999997,3.2
138,19,57,0,1.7894736842105263,0.046875,0.4823763889427201,3.3684210526315788
139,18,59,3,1.75,0.05989583333333333,0.39999999999999997,3.2
140,17,59,1,1.7142857142857142,0.0390625,0.21295885499997994,3.0476190476190474
141,18,58,1,1.75,0.04427083333333333,0.39999999999999997,3.2
142,19,57,3,1.7894736842105263,0.07291666666666666,0.4823763889427201,3.3684210526315788
143,19,55,2,1.7894736842105263,0.08072916666666666,0.4823763889427201,3.3684210526315788
144,17,58,3,1.7142857142857142,0.06770833333333334,0.21295885499997994,3.0476190476190474
145,19,58,1,1.7894736842105263,0.046875,0.4823763889427201,3.3684210526315788
146,17,55,5,1.7142857142857142,0.09895833333333333,0.21295885499997994,3.0476190476190474
147,17,62,0,1.7142857142857142,0.013020833333333332,0.21295885499997994,3.0476190476190474
148,18,58,1,1.75,0.049479166666666664,0.39999999999999997,3.2
149,18,53,2,1.75,0.09375,0.39999999999999997,3.2
150,19,54,3,1.7894736842105263,0.09635416666666666,0.48237638894272,3.3684210526315788
151,18,59,3,1.75,0.0625,0.39999999999999997,3.2
152,18,59,2,1.7,0.052083333333333336,0.39999999999999997,3.2
153,18,55,1,1.7,0.06613756613756613,0.47696960070847283,3.15
154,18,58,4,1.75,0.07552083333333333,0.39999999999999997,3.2
155,19,53,4,1.7894736842105263,0.10416666666666666,0.4823763889427201,3.3684210526315788
156,18,60,2,1.75,0.04427083333333333,0.39999999999999997,3.2
157,18,59,1,1.7,0.03703703703703704,0.47696960070847283,3.15
158,18,57,2,1.75,0.06510416666666666,0.39999999999999997,3.2
159,17,59,1,1.7142857142857142,0.041666666666666664,0.21295885499997994,3.0476190476190474
160,18,53,6,1.65,0.12433862433862433,0.47696960070847283,3.15
161,19,54,3,1.7894736842105263,0.09895833333333333,0.4823763889427201,3.3684210526315788
162,18,56,1,1.75,0.06510416666666666,0.39999999999999997,3.2
163,18,53,5,1.75,0.1171875,0.39999999999999997,3.2
164,18,57,3,1.75,0.0703125,0.39999999999999997,3.2
165,18,55,3,1.75,0.08854166666666666,0.39999999999999997,3.2
166,18,56,1,1.75,0.0625,0.39999999999999997,3.2
167,19,53,3,1.7894736842105263,0.10156249999999999,0.4823763889427201,3.3684210526315788
168,19,58,2,1.736842105263158,0.05989583333333333,0.4823763889427201,3.3684210526315788
169,19,55,3,1.7894736842105263,0.08854166666666666,0.4823763889427201,3.3684210526315788
170,18,54,4,1.75,0.10416666666666666,0.39999999999999997,3.2
171,18,58,2,1.75,0.057291666666666664,0.39999999999999997,3.2
172,19,58,2,1.7894736842105263,0.057291666666666664,0.4823763889427201,3.3684210526315788
173,19,49,6,1.7894736842105263,0.15364583333333334,0.4823763889427201,3.3684210526315788
174,19,53,5,1.7894736842105263,0.11979166666666667,0.4823763889427201,3.3684210526315788
175,18,56,3,1.75,0.08072916666666666,0.39999999999999997,3.2
176,17,58,1,1.7142857142857142,0.0546875,0.21295885499997994,3.0476190476190474
177,20,53,4,1.8333333333333333,0.11458333333333333,0.49690399499995325,3.5555555555555554
178,19,49,1,1.7894736842105263,0.10416666666666666,0.4823763889427201,3.3684210526315788
179,19,56,3,1.7894736842105263,0.078125,0.4823763889427201,3.3684210526315788
180,19,60,2,1.7894736842105263,0.04427083333333333,0.4823763889427201,3.3684210526315788
181,20,57,2,1.8333333333333333,0.06770833333333333,0.49690399499995325,3.5555555555555554
182,17,56,2,1.7142857142857142,0.0703125,0.21295885499997994,3.0476190476190474
183,18,53,6,1.75,0.1328125,0.39999999999999997,3.2
184,18,54,3,1.75,0.09114583333333334,0.39999999999999997,3.2
185,17,58,1,1.7142857142857142,0.04427083333333333,0.21295885499997994,3.0476190476190474
186,18,58,4,1.75,0.07552083333333333,0.39999999999999997,3.2
187,19,54,4,1.7894736842105263,0.10416666666666666,0.48237638894272,3.3684210526315788
188,18,55,4,1.75,0.09635416666666666,0.39999999999999997,3.2
189,18,58,3,1.75,0.06510416666666666,0.39999999999999997,3.2
190,18,58,3,1.75,0.06770833333333333,0.39999999999999997,3.2
191,18,59,3,1.75,0.059895833333333336,0.39999999999999997,3.2
192,18,58,1,1.75,0.049479166666666664,0.39999999999999997,3.2
193,17,54,3,1.7142857142857142,0.09375,0.21295885499997994,3.0476190476190474
194,19,55,4,1.7894736842105263,0.09635416666666666,0.4823763889427201,3.3684210526315788
195,19,57,3,1.7894736842105263,0.07291666666666666,0.4823763889427201,3.3684210526315788
196,20,52,5,1.8333333333333333,0.13020833333333331,0.49690399499995325,3.5555555555555554
197,18,58,4,1.75,0.078125,0.39999999999999997,3.2
198,18,57,3,1.75,0.0703125,0.39999999999999997,3.2
199,18,56,3,1.75,0.078125,0.39999999999999997,3.2
200,20,56,3,1.7777777777777777,0.08333333333333333,0.49690399499995325,3.5555555555555554
201,19,52,2,1.7894736842105263,0.09375,0.4823763889427201,3.3684210526315788
202,19,51,1,1.7894736842105263,0.09635416666666666,0.4823763889427201,3.3684210526315788
203,17,54,5,1.619047619047619,0.10846560846560847,0.3086066999241838,3.0
204,20,52,6,1.8333333333333333,0.1328125,0.49690399499995325,3.5555555555555554
205,19,56,4,1.7894736842105263,0.08854166666666666,0.4823763889427201,3.3684210526315788
206,19,55,4,1.7894736842105263,0.09635416666666666,0.48237638894272,3.3684210526315788
207,18,57,0,1.75,0.049479166666666664,0.39999999999999997,3.2
208,20,59,2,1.7777777777777777,0.046875,0.49690399499995325,3.5555555555555554
209,20,54,3,1.7777777777777777,0.09375,0.49690399499995325,3.5555555555555554
210,18,57,2,1.75,0.06510416666666666,0.39999999999999997,3.2
211,19,54,3,1.7894736842105263,0.09635416666666666,0.4823763889427201,3.3684210526315788
212,19,52,5,1.7894736842105263,0.1328125,0.4823763889427201,3.3684210526315788
213,18,53,5,1.75,0.12239583333333334,0.39999999999999997,3.2
214,18,62,0,1.75,0.015625,0.39999999999999997,3.2
215,20,56,3,1.8333333333333333,0.08072916666666666,0.49690399499995325,3.5555555555555554
216,20,53,6,1.8333333333333333,0.1328125,0.49690399499995325,3.5555555555555554
217,19,58,2,1.7894736842105263,0.057291666666666664,0.4823763889427201,3.3684210526315788
218,18,53,4,1.75,0.10937499999999999,0.39999999999999997,3.2
219,20,55,4,1.8333333333333333,0.09374999999999999,0.49690399499995325,3.5555555555555554
220,19,52,6,1.736842105263158,0.1328125,0.4823763889427201,3.3684210526315788
221,18,53,5,1.7,0.1171875,0.39999999999999997,3.2
222,19,53,8,1.7894736842105263,0.14583333333333334,0.4823763889427201,3.3684210526315788
223,18,52,4,1.75,0.11458333333333331,0.39999999999999997,3.2
224,18,59,2,1.75,0.049479166666666664,0.39999999999999997,3.2
225,18,55,6,1.75,0.11197916666666666,0.39999999999999997,3.2
226,18,57,2,1.75,0.06770833333333333,0.39999999999999997,3.2
227,19,55,6,1.7894736842105263,0.1171875,0.4823763889427201,3.3684210526315788
228,19,54,6,1.736842105263158,0.12239583333333333,0.4823763889427201,3.3684210526315788
229,19,56,3,1.7894736842105263,0.08072916666666667,0.4823763889427201,3.3684210526315788
230,19,55,4,1.7894736842105263,0.09895833333333333,0.48237638894272,3.3684210526315788
231,19,51,8,1.736842105263158,0.1640625,0.4823763889427201,3.3684210526315788
232,19,48,9,1.7894736842105263,0.1875,0.4823763889427201,3.3684210526315788
233,19,53,4,1.7894736842105263,0.11197916666666666,0.4823763889427201,3.3684210526315788
234,18,53,6,1.75,0.13020833333333334,0.39999999999999997,3.2
235,18,51,5,1.75,0.140625,0.39999999999999997,3.2
236,19,59,2,1.7894736842105263,0.0546875,0.4823763889427201,3.3684210526315788
237,19,51,6,1.736842105263158,0.14583333333333334,0.4823763889427201,3.3684210526315788
238,19,50,5,1.7894736842105263,0.13541666666666666,0.4823763889427201,3.3684210526315788
239,19,50,5,1.7894736842105263,0.14322916666666666,0.4823763889427201,3.3684210526315788
240,18,53,6,1.65,0.1328125,0.39999999999999997,3.2
241,18,52,5,1.75,0.125,0.39999999999999997,3.2
242,18,54,7,1.7,0.13020833333333331,0.39999999999999997,3.2
243,20,51,8,1.8333333333333333,0.16145833333333331,0.49690399499995325,3.5555555555555554
244,20,50,5,1.8333333333333333,0.13802083333333331,0.49690399499995325,3.5555555555555554
245,19,54,4,1.7894736842105263,0.10677083333333333,0.4823763889427201,3.3684210526315788
246,19,53,5,1.736842105263158,0.12239583333333333,0.4823763889427201,3.3684210526315788
247,18,50,7,1.7,0.15625,0.39999999999999997,3.2
248,18,54,4,1.75,0.10156249999999999,0.39999999999999997,3.2
249,18,50,8,1.75,0.16927083333333331,0.39999999999999997,3.2
250,20,51,7,1.8333333333333333,0.15104166666666669,0.49690399499995325,3.5555555555555554
251,19,54,6,1.7894736842105263,0.12239583333333333,0.48237638894272,3.3684210526315788
252,19,56,5,1.736842105263158,0.1015625,0.48237638894272,3.3684210526315788
253,19,51,5,1.736842105263158,0.13802083333333331,0.4823763889427201,3.3684210526315788
254,19,51,7,1.7894736842105263,0.15104166666666666,0.4823763889427201,3.3684210526315788
255,19,49,8,1.7894736842105263,0.171875,0.4823763889427201,3.3684210526315788
256,19,54,7,1.736842105263158,0.1328125,0.4823763889427201,3.3684210526315788
257,19,50,7,1.736842105263158,0.15625,0.4823763889427201,3.3684210526315788
258,20,53,3,1.8333333333333333,0.09895833333333331,0.49690399499995325,3.5555555555555554
259,19,54,5,1.736842105263158,0.11197916666666666,0.48237638894272,3.3684210526315788
260,19,53,7,1.736842105263158,0.140625,0.4823763889427201,3.3684210526315788
261,18,48,9,1.65,0.1851851851851852,0.47696960070847283,3.15
262,20,51,4,1.8333333333333333,0.13020833333333334,0.49690399499995325,3.5555555555555554
263,19,56,5,1.736842105263158,0.09895833333333333,0.4823763889427201,3.3684210526315788
264,18,52,6,1.75,0.13541666666666666,0.39999999999999997,3.2
265,18,51,7,1.75,0.15104166666666669,0.39999999999999997,3.2
266,19,48,7,1.736842105263158,0.1796875,0.4823763889427201,3.3684210526315788
267,20,49,6,1.8333333333333333,0.15625,0.49690399499995325,3.5555555555555554
268,19,50,8,1.736842105263158,0.1640625,0.4823763889427201,3.3684210526315788
269,18,53,3,1.7,0.1015625,0.39999999999999997,3.2
270,18,57,3,1.75,0.07552083333333333,0.39999999999999997,3.2
271,18,56,5,1.75,0.09895833333333333,0.39999999999999997,3.2
272,19,52,6,1.7894736842105263,0.13541666666666669,0.48237638894272,3.3684210526315788
273,20,52,8,1.8333333333333333,0.15104166666666669,0.49690399499995325,3.5555555555555554
274,19,54,4,1.6842105263157894,0.09895833333333333,0.4823763889427201,3.3684210526315788
275,20,55,5,1.8333333333333333,0.1015625,0.49690399499995325,3.5555555555555554
276,20,54,6,1.8333333333333333,0.12239583333333333,0.49690399499995325,3.5555555555555554
277,19,57,5,1.736842105263158,0.09375,0.4823763889427201,3.3684210526315788
278,18,53,6,1.7,0.12760416666666669,0.39999999999999997,3.2
279,19,51,8,1.7894736842105263,0.1640625,0.4823763889427201,3.3684210526315788
280,19,50,8,1.7894736842105263,0.16927083333333331,0.4823763889427201,3.3684210526315788
281,19,50,9,1.6842105263157894,0.17195767195767198,0.5668594533825794,3.3157894736842106
282,20,49,10,1.8333333333333333,0.19270833333333331,0.49690399499995325,3.5555555555555554
283,19,51,7,1.736842105263158,0.15364583333333331,0.4823763889427201,3.3684210526315788
284,19,51,7,1.7894736842105263,0.15364583333333331,0.4823763889427201,3.3684210526315788
285,18,52,9,1.7,0.1640625,0.39999999999999997,3.2
286,19,48,11,1.7894736842105263,0.20572916666666666,0.4823763889427201,3.3684210526315788
287,19,53,5,1.7894736842105263,0.11718749999999999,0.4823763889427201,3.3684210526315788
288,19,47,4,1.7894736842105263,0.14843749999999997,0.4823763889427201,3.3684210526315788
289,19,54,5,1.736842105263158,0.1171875,0.4823763889427201,3.3684210526315788
290,19,47,10,1.736842105263158,0.20572916666666669,0.4823763889427201,3.3684210526315788
291,19,52,7,1.7894736842105263,0.14322916666666666,0.4823763889427201,3.3684210526315788
292,19,49,8,1.736842105263158,0.17708333333333331,0.4823763889427201,3.3684210526315788
293,18,57,4,1.7,0.08072916666666666,0.39999999999999997,3.2
294,19,55,6,1.736842105263158,0.1171875,0.4823763889427201,3.3684210526315788
295,19,44,12,1.7894736842105263,0.24479166666666666,0.4823763889427201,3.3684210526315788
296,18,53,7,1.75,0.140625,0.39999999999999997,3.2
297,19,49,9,1.736842105263158,0.18489583333333331,0.4823763889427201,3.3684210526315788
298,18,51,8,1.7,0.1640625,0.39999999999999997,3.2
299,19,50,8,1.736842105263158,0.16666666666666669,0.4823763889427201,3.3684210526315788
300,19,50,6,1.7894736842105263,0.14583333333333331,0.4823763889427201,3.3684210526315788
301,19,48,8,1.736842105263158,0.18489583333333331,0.4823763889427201,3.3684210526315788
302,19,46,6,1.7894736842105263,0.18229166666666666,0.4823763889427201,3.3684210526315788
303,19,46,10,1.7894736842105263,0.21354166666666666,0.4823763889427201,3.3684210526315788
304,18,53,7,1.75,0.13802083333333331,0.39999999999999997,3.2
305,20,52,9,1.7777777777777777,0.1640625,0.49690399499995325,3.5555555555555554
306,20,51,7,1.8333333333333333,0.1484375,0.49690399499995325,3.5555555555555554
307,19,48,8,1.736842105263158,0.1796875,0.4823763889427201,3.3684210526315788
308,18,54,5,1.75,0.11197916666666666,0.39999999999999997,3.2
309,19,49,9,1.6842105263157894,0.18253968253968253,0.5668594533825794,3.3157894736842106
310,19,49,8,1.7894736842105263,0.17447916666666666,0.4823763889427201,3.3684210526315788
311,18,50,5,1.75,0.13802083333333331,0.39999999999999997,3.2
312,18,50,10,1.75,0.18229166666666669,0.39999999999999997,3.2
313,19,52,6,1.7894736842105263,0.13802083333333331,0.48237638894272,3.3684210526315788
314,19,52,5,1.7894736842105263,0.12760416666666666,0.4823763889427201,3.3684210526315788
315,20,56,5,1.7777777777777777,0.1015625,0.49690399499995325,3.5555555555555554
316,19,48,9,1.7894736842105263,0.19010416666666666,0.4823763889427201,3.3684210526315788
317,20,53,6,1.7777777777777777,0.13020833333333331,0.49690399499995325,3.5555555555555554
318,19,48,10,1.736842105263158,0.19270833333333334,0.48237638894272,3.3684210526315788
319,20,47,9,1.8333333333333333,0.19791666666666666,0.49690399499995325,3.5555555555555554
320,19,53,4,1.7894736842105263,0.11197916666666666,0.4823763889427201,3.3684210526315788
321,19,46,10,1.736842105263158,0.21354166666666663,0.4823763889427201,3.3684210526315788
322,19,52,6,1.736842105263158,0.12698412698412698,0.5668594533825794,3.3157894736842106
323,18,48,5,1.7,0.14550264550264552,0.47696960070847283,3.15
324,19,51,6,1.736842105263158,0.14583333333333331,0.4823763889427201,3.3684210526315788
325,18,48,8,1.75,0.1796875,0.39999999999999997,3.2
326,19,45,10,1.7894736842105263,0.22395833333333331,0.4823763889427201,3.3684210526315788
327,19,49,7,1.7894736842105263,0.16666666666666669,0.4823763889427201,3.3684210526315788
328,19,53,9,1.736842105263158,0.15364583333333334,0.4823763889427201,3.3684210526315788
329,18,48,10,1.75,0.19791666666666666,0.39999999999999997,3.2
330,18,46,11,1.75,0.22135416666666663,0.39999999999999997,3.2
331,18,46,12,1.75,0.22916666666666669,0.39999999999999997,3.2
332,20,53,6,1.8333333333333333,0.13020833333333331,0.49690399499995325,3.5555555555555554
333,19,49,7,1.7894736842105263,0.1640625,0.4823763889427201,3.3684210526315788
334,19,55,7,1.7894736842105263,0.12239583333333333,0.4823763889427201,3.3684210526315788
335,18,51,7,1.7,0.15364583333333331,0.39999999999999997,3.2
336,19,48,8,1.6842105263157894,0.1746031746031746,0.5668594533825794,3.3157894736842106
337,18,50,9,1.75,0.17447916666666666,0.39999999999999997,3.2
338,19,44,8,1.7894736842105263,0.20833333333333331,0.4823763889427201,3.3684210526315788
339,19,54,5,1.736842105263158,0.11197916666666666,0.4823763889427201,3.3684210526315788
340,18,49,9,1.75,0.18489583333333331,0.39999999999999997,3.2
341,18,48,10,1.75,0.20052083333333331,0.39999999999999997,3.2
342,18,43,10,1.75,0.22916666666666666,0.39999999999999997,3.2
343,18,53,7,1.75,0.13802083333333331,0.39999999999999997,3.2
344,19,53,8,1.7894736842105263,0.14583333333333331,0.4823763889427201,3.3684210526315788
345,19,47,10,1.7894736842105263,0.20572916666666666,0.4823763889427201,3.3684210526315788
346,18,48,7,1.75,0.171875,0.39999999999999997,3.2
347,19,46,11,1.7894736842105263,0.22135416666666666,0.4823763889427201,3.3684210526315788
348,19,47,9,1.7894736842105263,0.19791666666666669,0.4823763889427201,3.3684210526315788
349,19,49,10,1.7894736842105263,0.19010416666666666,0.4823763889427201,3.3684210526315788
350,19,50,7,1.7894736842105263,0.15885416666666666,0.4823763889427201,3.3684210526315788
351,19,49,8,1.736842105263158,0.1796875,0.4823763889427201,3.3684210526315788
352,20,47,10,1.7777777777777777,0.20105820105820107,0.6009252125773316,3.5
353,19,52,6,1.7894736842105263,0.140625,0.4823763889427201,3.3684210526315788
354,19,43,10,1.7894736842105263,0.22916666666666666,0.48237638894272,3.3684210526315788
355,18,46,9,1.75,0.20052083333333331,0.39999999999999997,3.2
356,19,48,9,1.7894736842105263,0.18229166666666669,0.4823763889427201,3.3684210526315788
357,19,50,9,1.7894736842105263,0.17447916666666666,0.48237638894272,3.3684210526315788
358,19,45,11,1.7894736842105263,0.2265625,0.4823763889427201,3.3684210526315788
359,18,41,12,1.7,0.26455026455026454,0.47696960070847283,3.15
360,19,48,9,1.7894736842105263,0.19270833333333331,0.4823763889427201,3.3684210526315788
361,19,48,9,1.7894736842105263,0.19270833333333334,0.4823763889427201,3.3684210526315788
362,18,47,11,1.75,0.2109375,0.39999999999999997,3.2
363,20,48,10,1.8333333333333333,0.19791666666666663,0.49690399499995325,3.5555555555555554
364,19,49,8,1.736842105263158,0.17447916666666669,0.4823763889427201,3.3684210526315788
365,19,52,5,1.7894736842105263,0.12760416666666666,0.4823763889427201,3.3684210526315788
366,18,44,11,1.75,0.23697916666666669,0.39999999999999997,3.2
367,19,45,11,1.7894736842105263,0.22916666666666666,0.4823763889427201,3.3684210526315788
368,19,47,11,1.7894736842105263,0.21354166666666666,0.4823763889427201,3.3684210526315788
369,18,51,8,1.7,0.16145833333333331,0.39999999999999997,3.2
370,19,51,7,1.7894736842105263,0.15104166666666669,0.4823763889427201,3.3684210526315788
371,19,45,11,1.736842105263158,0.22395833333333334,0.4823763889427201,3.3684210526315788
372,19,47,10,1.7894736842105263,0.20833333333333331,0.4823763889427201,3.3684210526315788
373,19,50,8,1.7894736842105263,0.16927083333333331,0.4823763889427201,3.3684210526315788
374,19,49,9,1.7894736842105263,0.18489583333333331,0.4823763889427201,3.3684210526315788
375,19,48,9,1.7894736842105263,0.19010416666666663,0.4823763889427201,3.3684210526315788
376,19,49,7,1.736842105263158,0.171875,0.4823763889427201,3.3684210526315788
377,19,47,11,1.7894736842105263,0.21614583333333334,0.4823763889427201,3.3684210526315788
378,19,48,11,1.736842105263158,0.20833333333333334,0.4823763889427201,3.3684210526315788
379,18,46,11,1.75,0.22395833333333331,0.39999999999999997,3.2
380,19,46,9,1.736842105263158,0.20105820105820107,0.5668594533825794,3.3157894736842106
381,19,44,13,1.736842105263158,0.24999999999999997,0.4823763889427201,3.3684210526315788
382,18,46,10,1.7,0.21354166666666669,0.39999999999999997,3.2
383,18,46,10,1.65,0.21354166666666669,0.39999999999999997,3.2
384,19,50,10,1.7894736842105263,0.1875,0.4823763889427201,3.3684210526315788
385,19,48,8,1.736842105263158,0.17724867724867724,0.5668594533825794,3.3157894736842106
386,18,48,9,1.75,0.19010416666666666,0.39999999999999997,3.2
387,20,49,8,1.8333333333333333,0.17447916666666666,0.49690399499995325,3.5555555555555554
388,19,44,11,1.7894736842105263,0.234375,0.48237638894272,3.3684210526315788
389,19,47,8,1.7894736842105263,0.1953125,0.4823763889427201,3.3684210526315788
390,19,50,10,1.736842105263158,0.18229166666666666,0.4823763889427201,3.3684210526315788
391,18,50,10,1.7,0.18229166666666669,0.39999999999999997,3.2
392,19,48,8,1.7894736842105263,0.1796875,0.4823763889427201,3.3684210526315788
393,20,43,10,1.8333333333333333,0.22916666666666663,0.49690399499995325,3.5555555555555554
394,19,44,11,1.7894736842105263,0.23697916666666666,0.48237638894272,3.3684210526315788
395,19,49,9,1.7894736842105263,0.1796875,0.4823763889427201,3.3684210526315788
396,19,45,11,1.7894736842105263,0.22395833333333331,0.4823763889427201,3.3684210526315788
397,19,47,9,1.7894736842105263,0.203125,0.48237638894272,3.3684210526315788
398,18,48,12,1.75,0.21614583333333331,0.39999999999999997,3.2
399,19,44,9,1.7894736842105263,0.21875,0.4823763889427201,3.3684210526315788
400,19,47,11,1.7894736842105263,0.21354166666666669,0.4823763889427201,3.3684210526315788
401,19,46,11,1.7894736842105263,0.22135416666666666,0.4823763889427201,3.3684210526315788
402,19,50,9,1.736842105263158,0.17447916666666669,0.4823763889427201,3.3684210526315788
403,19,45,11,1.7894736842105263,0.22916666666666669,0.4823763889427201,3.3684210526315788
404,20,49,9,1.7777777777777777,0.18489583333333331,0.49690399499995325,3.5555555555555554
405,19,49,9,1.7894736842105263,0.18229166666666666,0.4823763889427201,3.3684210526315788
406,20,49,9,1.8333333333333333,0.18489583333333331,0.49690399499995325,3.5555555555555554
407,20,50,9,1.8333333333333333,0.17708333333333331,0.49690399499995325,3.5555555555555554
408,20,45,9,1.7777777777777777,0.20833333333333331,0.49690399499995325,3.5555555555555554
409,19,47,12,1.7894736842105263,0.22135416666666663,0.4823763889427201,3.3684210526315788
410,18,47,10,1.7,0.20572916666666669,0.39999999999999997,3.2
411,19,52,6,1.6842105263157894,0.12698412698412698,0.5668594533825794,3.3157894736842106
412,18,43,13,1.75,0.26041666666666663,0.39999999999999997,3.2
413,20,48,9,1.7777777777777777,0.19270833333333331,0.49690399499995325,3.5555555555555554
414,19,47,14,1.7894736842105263,0.23958333333333331,0.4823763889427201,3.3684210526315788
415,19,46,10,1.736842105263158,0.21354166666666666,0.4823763889427201,3.3684210526315788
416,20,43,11,1.7777777777777777,0.23544973544973546,0.6009252125773316,3.5
417,19,47,12,1.7894736842105263,0.22395833333333331,0.4823763889427201,3.3684210526315788
418,19,48,9,1.7894736842105263,0.19270833333333331,0.4823763889427201,3.3684210526315788
419,18,48,10,1.75,0.1953125,0.39999999999999997,3.2
420,20,47,11,1.8333333333333333,0.21614583333333331,0.49690399499995325,3.5555555555555554
421,20,46,13,1.8333333333333333,0.23697916666666666,0.49690399499995325,3.5555555555555554
422,19,47,9,1.736842105263158,0.1953125,0.4823763889427201,3.3684210526315788
423,20,52,6,1.7777777777777777,0.140625,0.49690399499995325,3.5555555555555554
424,19,47,12,1.7894736842105263,0.22135416666666666,0.4823763889427201,3.3684210526315788
425,19,45,11,1.7894736842105263,0.2265625,0.4823763889427201,3.3684210526315788
426,19,47,12,1.7894736842105263,0.22135416666666666,0.4823763889427201,3.3684210526315788
427,19,47,10,1.7894736842105263,0.20833333333333331,0.4823763889427201,3.3684210526315788
428,19,47,10,1.7894736842105263,0.203125,0.4823763889427201,3.3684210526315788
429,20,47,12,1.8333333333333333,0.22395833333333331,0.49690399499995325,3.5555555555555554
430,20,51,8,1.8333333333333333,0.16145833333333331,0.49690399499995325,3.5555555555555554
431,19,43,9,1.7894736842105263,0.2265625,0.4823763889427201,3.3684210526315788
432,20,48,10,1.8333333333333333,0.19791666666666666,0.49690399499995325,3.5555555555555554
433,19,47,9,1.7894736842105263,0.20052083333333331,0.4823763889427201,3.3684210526315788
434,18,49,8,1.75,0.17708333333333331,0.39999999999999997,3.2
435,18,44,11,1.75,0.234375,0.39999999999999997,3.2
436,19,48,10,1.7894736842105263,0.20052083333333331,0.4823763889427201,3.3684210526315788
437,20,44,11,1.8333333333333333,0.234375,0.49690399499995325,3.5555555555555554
438,20,45,11,1.8333333333333333,0.2265625,0.49690399499995325,3.5555555555555554
439,19,47,10,1.7894736842105263,0.20572916666666663,0.4823763889427201,3.3684210526315788
440,20,45,11,1.8333333333333333,0.22916666666666663,0.49690399499995325,3.5555555555555554
441,20,43,12,1.8333333333333333,0.25,0.49690399499995325,3.5555555555555554
442,18,44,11,1.75,0.23697916666666666,0.39999999999999997,3.2
443,19,48,8,1.7894736842105263,0.1796875,0.4823763889427201,3.3684210526315788
444,18,49,10,1.75,0.19010416666666666,0.39999999999999997,3.2
445,18,43,12,1.75,0.25,0.39999999999999997,3.2
446,19,44,11,1.7894736842105263,0.234375,0.4823763889427201,3.3684210526315788
447,20,46,10,1.8333333333333333,0.21614583333333334,0.49690399499995325,3.5555555555555554
448,19,43,13,1.7894736842105263,0.2578125,0.4823763889427201,3.3684210526315788
449,20,47,10,1.8333333333333333,0.203125,0.49690399499995325,3.5555555555555554
450,20,45,11,1.8333333333333333,0.22916666666666666,0.49690399499995325,3.5555555555555554
451,18,50,9,1.75,0.17708333333333331,0.39999999999999997,3.2
452,20,47,10,1.8333333333333333,0.20572916666666666,0.49690399499995325,3.5555555555555554
453,19,46,12,1.7894736842105263,0.2265625,0.48237638894272,3.3684210526315788
454,19,50,9,1.7894736842105263,0.17447916666666666,0.4823763889427201,3.3684210526315788
455,19,44,12,1.7894736842105263,0.2421875,0.48237638894272,3.3684210526315788
456,19,48,10,1.7894736842105263,0.19791666666666666,0.4823763889427201,3.3684210526315788
457,20,50,11,1.8333333333333333,0.19270833333333331,0.49690399499995325,3.5555555555555554
458,19,43,13,1.7894736842105263,0.2578125,0.4823763889427201,3.3684210526315788
459,19,45,10,1.7894736842105263,0.21875,0.4823763889427201,3.3684210526315788
460,19,45,13,1.7894736842105263,0.24479166666666663,0.4823763889427201,3.3684210526315788
461,19,46,9,1.7894736842105263,0.20052083333333331,0.4823763889427201,3.3684210526315788
462,20,46,10,1.7777777777777777,0.21164021164021163,0.6009252125773316,3.5
463,19,45,10,1.7894736842105263,0.22135416666666669,0.4823763889427201,3.3684210526315788
464,19,47,10,1.7894736842105263,0.203125,0.4823763889427201,3.3684210526315788
465,19,45,12,1.736842105263158,0.23697916666666663,0.4823763889427201,3.3684210526315788
466,20,47,11,1.8333333333333333,0.21354166666666666,0.49690399499995325,3.5555555555555554
467,19,41,12,1.736842105263158,0.25925925925925924,0.5668594533825794,3.3157894736842106
468,18,46,10,1.75,0.21614583333333331,0.39999999999999997,3.2
469,19,46,10,1.7894736842105263,0.20833333333333331,0.4823763889427201,3.3684210526315788
470,18,47,8,1.7,0.18489583333333331,0.39999999999999997,3.2
471,19,45,12,1.7894736842105263,0.23958333333333331,0.4823763889427201,3.3684210526315788
472,20,47,11,1.7777777777777777,0.21354166666666666,0.49690399499995325,3.5555555555555554
473,19,42,13,1.736842105263158,0.26455026455026454,0.5668594533825794,3.3157894736842106
474,18,39,13,1.7,0.28385416666666663,0.39999999999999997,3.2
475,19,46,10,1.7894736842105263,0.2109375,0.4823763889427201,3.3684210526315788
476,19,45,10,1.736842105263158,0.22135416666666669,0.4823763889427201,3.3684210526315788
477,20,46,11,1.8333333333333333,0.22395833333333331,0.49690399499995325,3.5555555555555554
478,19,48,10,1.7894736842105263,0.19791666666666666,0.4823763889427201,3.3684210526315788
479,19,44,11,1.7894736842105263,0.234375,0.4823763889427201,3.3684210526315788
480,19,43,12,1.736842105263158,0.2433862433862434,0.5668594533825794,3.3157894736842106
481,19,49,9,1.7894736842105263,0.1796875,0.4823763889427201,3.3684210526315788
482,19,45,10,1.736842105263158,0.22135416666666666,0.4823763889427201,3.3684210526315788
483,19,45,12,1.7894736842105263,0.23177083333333331,0.4823763889427201,3.3684210526315788
484,20,43,8,1.8333333333333333,0.21354166666666666,0.49690399499995325,3.5555555555555554
485,19,45,11,1.7894736842105263,0.23177083333333334,0.4823763889427201,3.3684210526315788
486,20,44,11,1.8333333333333333,0.234375,0.49690399499995325,3.5555555555555554
487,18,46,10,1.75,0.21354166666666669,0.39999999999999997,3.2
488,19,46,10,1.7894736842105263,0.21614583333333331,0.4823763889427201,3.3684210526315788
489,20,46,12,1.7777777777777777,0.2265625,0.49690399499995325,3.5555555555555554
490,19,48,9,1.736842105263158,0.19010416666666666,0.4823763889427201,3.3684210526315788
491,19,46,9,1.7894736842105263,0.203125,0.48237638894272,3.3684210526315788
492,19,45,9,1.7894736842105263,0.2109375,0.4823763889427201,3.3684210526315788
493,20,48,10,1.8333333333333333,0.20052083333333331,0.49690399499995325,3.5555555555555554
494,19,43,13,1.7894736842105263,0.25520833333333337,0.4823763889427201,3.3684210526315788
495,20,48,12,1.8333333333333333,0.2109375,0.49690399499995325,3.5555555555555554
496,18,44,10,1.7,0.22916666666666663,0.39999999999999997,3.2
497,19,45,11,1.7894736842105263,0.22916666666666669,0.4823763889427201,3.3684210526315788
498,18,46,12,1.75,0.22916666666666669,0.39999999999999997,3.2
499,19,51,8,1.7894736842105263,0.16145833333333331,0.4823763889427201,3.3684210526315788
500,18,45,12,1.75,0.23697916666666666,0.39999999999999997,3.2
501,18,44,11,1.75,0.23697916666666666,0.39999999999999997,3.2
502,19,45,12,1.7894736842105263,0.23697916666666666,0.4823763889427201,3.3684210526315788
503,19,41,13,1.7894736842105263,0.2760416666666667,0.4823763889427201,3.3684210526315788
504,19,46,10,1.7894736842105263,0.21354166666666666,0.4823763889427201,3.3684210526315788
505,20,46,13,1.8333333333333333,0.23958333333333331,0.49690399499995325,3.5555555555555554
506,18,43,12,1.75,0.25,0.39999999999999997,3.2
507,19,47,11,1.7894736842105263,0.2109375,0.4823763889427201,3.3684210526315788
508,18,47,10,1.75,0.20572916666666666,0.39999999999999997,3.2
509,19,46,11,1.7894736842105263,0.2265625,0.4823763889427201,3.3684210526315788
510,19,51,9,1.7894736842105263,0.16927083333333331,0.4823763889427201,3.3684210526315788
511,19,48,10,1.7894736842105263,0.19791666666666666,0.4823763889427201,3.3684210526315788
512,19,47,12,1.7894736842105263,0.22135416666666666,0.4823763889427201,3.3684210526315788
513,19,49,10,1.7894736842105263,0.19270833333333331,0.4823763889427201,3.3684210526315788
514,18,48,9,1.7,0.19010416666666666,0.39999999999999997,3.2
515,19,46,9,1.7894736842105263,0.203125,0.4823763889427201,3.3684210526315788
516,20,46,10,1.8333333333333333,0.2109375,0.49690399499995325,3.5555555555555554
517,20,43,13,1.7777777777777777,0.26041666666666663,0.49690399499995325,3.5555555555555554
518,19,46,9,1.7894736842105263,0.19791666666666666,0.4823763889427201,3.3684210526315788
519,19,43,12,1.7894736842105263,0.25260416666666663,0.4823763889427201,3.3684210526315788
520,19,42,12,1.7894736842105263,0.2552083333333333,0.4823763889427201,3.3684210526315788
521,18,45,11,1.75,0.23177083333333331,0.39999999999999997,3.2
522,19,48,9,1.736842105263158,0.19047619047619047,0.5668594533825794,3.3157894736842106
523,19,47,9,1.7894736842105263,0.20052083333333331,0.4823763889427201,3.3684210526315788
524,19,47,10,1.7894736842105263,0.203125,0.4823763889427201,3.3684210526315788
525,19,41,10,1.7894736842105263,0.24479166666666666,0.4823763889427201,3.3684210526315788
526,19,46,11,1.736842105263158,0.21614583333333331,0.4823763889427201,3.3684210526315788
527,19,44,12,1.736842105263158,0.24074074074074073,0.5668594533825794,3.3157894736842106
528,19,47,10,1.7894736842105263,0.20833333333333331,0.4823763889427201,3.3684210526315788
529,19,46,11,1.7894736842105263,0.22135416666666666,0.4823763889427201,3.3684210526315788
530,20,44,12,1.8333333333333333,0.2421875,0.49690399499995325,3.5555555555555554
531,19,42,12,1.7894736842105263,0.2578125,0.4823763889427201,3.3684210526315788
532,20,43,11,1.8333333333333333,0.24218749999999997,0.49690399499995325,3.5555555555555554
533,19,48,10,1.7894736842105263,0.19791666666666666,0.4823763889427201,3.3684210526315788
534,19,47,10,1.7894736842105263,0.203125,0.4823763889427201,3.3684210526315788
535,20,47,10,1.8333333333333333,0.20833333333333334,0.49690399499995325,3.5555555555555554
536,19,42,16,1.736842105263158,0.29166666666666663,0.4823763889427201,3.3684210526315788
537,19,44,12,1.7894736842105263,0.23958333333333334,0.4823763889427201,3.3684210526315788
538,19,46,10,1.736842105263158,0.2109375,0.4823763889427201,3.3684210526315788
539,19,45,12,1.7894736842105263,0.23958333333333331,0.4823763889427201,3.3684210526315788
540,19,39,15,1.7894736842105263,0.30729166666666663,0.4823763889427201,3.3684210526315788
541,19,45,12,1.7894736842105263,0.23697916666666666,0.4823763889427201,3.3684210526315788
542,20,43,12,1.8333333333333333,0.25260416666666663,0.49690399499995325,3.5555555555555554
543,20,48,10,1.8333333333333333,0.19791666666666666,0.49690399499995325,3.5555555555555554
544,19,44,11,1.7894736842105263,0.23697916666666666,0.4823763889427201,3.3684210526315788
545,18,47,11,1.75,0.21354166666666666,0.39999999999999997,3.2
546,19,45,12,1.7894736842105263,0.23697916666666666,0.4823763889427201,3.3684210526315788
547,20,45,12,1.8333333333333333,0.23697916666666663,0.49690399499995325,3.5555555555555554
548,19,41,16,1.736842105263158,0.2989417989417989,0.5668594533825794,3.3157894736842106
549,19,41,12,1.736842105263158,0.2578125,0.4823763889427201,3.3684210526315788
550,20,40,14,1.7777777777777777,0.29166666666666663,0.49690399499995325,3.5555555555555554
551,18,43,13,1.75,0.2578125,0.39999999999999997,3.2
552,20,47,10,1.8333333333333333,0.20572916666666666,0.49690399499995325,3.5555555555555554
553,20,45,13,1.8333333333333333,0.24479166666666669,0.49690399499995325,3.5555555555555554
554,19,44,13,1.7894736842105263,0.24999999999999997,0.4823763889427201,3.3684210526315788
555,18,47,11,1.75,0.21614583333333331,0.39999999999999997,3.2
556,19,44,16,1.736842105263158,0.2786458333333333,0.4823763889427201,3.3684210526315788
557,19,45,11,1.7894736842105263,0.22916666666666663,0.4823763889427201,3.3684210526315788
558,19,45,12,1.7894736842105263,0.23697916666666666,0.4823763889427201,3.3684210526315788
559,20,42,11,1.8333333333333333,0.2526041666666667,0.49690399499995325,3.5555555555555554
560,19,44,12,1.736842105263158,0.23958333333333334,0.4823763889427201,3.3684210526315788
561,19,47,12,1.7894736842105263,0.22135416666666663,0.4823763889427201,3.3684210526315788
562,19,48,10,1.7894736842105263,0.19791666666666666,0.4823763889427201,3.3684210526315788
563,20,43,13,1.8333333333333333,0.2630208333333333,0.49690399499995325,3.5555555555555554
564,19,48,11,1.7894736842105263,0.20833333333333331,0.4823763889427201,3.3684210526315788
565,18,45,11,1.65,0.22486772486772483,0.47696960070847283,3.15
566,19,47,10,1.7894736842105263,0.20572916666666666,0.4823763889427201,3.3684210526315788
567,19,44,11,1.736842105263158,0.23697916666666669,0.4823763889427201,3.3684210526315788
568,19,46,12,1.7894736842105263,0.22916666666666666,0.4823763889427201,3.3684210526315788
569,19,43,12,1.7894736842105263,0.25260416666666663,0.4823763889427201,3.3684210526315788
570,18,44,13,1.75,0.25,0.39999999999999997,3.2
571,18,42,15,1.75,0.2864583333333333,0.39999999999999997,3.2
572,20,43,14,1.8333333333333333,0.2708333333333333,0.49690399499995325,3.5555555555555554
573,19,45,11,1.7894736842105263,0.22395833333333331,0.4823763889427201,3.3684210526315788
574,19,43,11,1.7894736842105263,0.24739583333333331,0.4823763889427201,3.3684210526315788
575,18,41,10,1.7,0.2421875,0.39999999999999997,3.2
576,19,44,12,1.7894736842105263,0.24479166666666663,0.4823763889427201,3.3684210526315788
577,19,45,11,1.7894736842105263,0.22916666666666663,0.4823763889427201,3.3684210526315788
578,19,43,11,1.7894736842105263,0.23958333333333331,0.4823763889427201,3.3684210526315788
579,18,46,13,1.75,0.23958333333333331,0.39999999999999997,3.2
580,19,45,10,1.7894736842105263,0.22135416666666666,0.4823763889427201,3.3684210526315788
581,20,46,10,1.8333333333333333,0.21614583333333331,0.49690399499995325,3.5555555555555554
582,18,42,12,1.75,0.2578125,0.39999999999999997,3.2
583,19,43,13,1.7894736842105263,0.2578125,0.4823763889427201,3.3684210526315788
584,18,45,10,1.75,0.22135416666666663,0.39999999999999997,3.2
585,20,43,11,1.8333333333333333,0.2421875,0.49690399499995325,3.5555555555555554
586,19,43,11,1.7894736842105263,0.2421875,0.4823763889427201,3.3684210526315788
587,19,45,12,1.7894736842105263,0.234375,0.4823763889427201,3.3684210526315788
588,19,40,13,1.736842105263158,0.2760416666666667,0.4823763889427201,3.3684210526315788
589,20,44,12,1.7777777777777777,0.2407407407407407,0.6009252125773316,3.5
590,19,43,13,1.7894736842105263,0.26041666666666663,0.4823763889427201,3.3684210526315788
591,19,41,12,1.7894736842105263,0.2578125,0.4823763889427201,3.3684210526315788
592,20,46,12,1.8333333333333333,0.22916666666666663,0.49690399499995325,3.5555555555555554
593,19,40,14,1.736842105263158,0.2830687830687831,0.5668594533825794,3.3157894736842106
594,18,44,14,1.75,0.2604166666666667,0.39999999999999997,3.2
595,18,43,14,1.75,0.26822916666666663,0.39999999999999997,3.2
596,19,46,13,1.7894736842105263,0.23958333333333331,0.4823763889427201,3.3684210526315788
597,18,45,12,1.75,0.234375,0.39999999999999997,3.2
598,19,45,10,1.7894736842105263,0.22135416666666666,0.4823763889427201,3.3684210526315788
599,19,45,11,1.7894736842105263,0.2265625,0.4823763889427201,3.3684210526315788
600,19,44,13,1.7894736842105263,0.25260416666666663,0.4823763889427201,3.3684210526315788
601,20,43,13,1.8333333333333333,0.26041666666666663,0.49690399499995325,3.5555555555555554
602,19,43,13,1.736842105263158,0.2630208333333333,0.4823763889427201,3.3684210526315788
603,19,39,12,1.7894736842105263,0.28385416666666663,0.4823763889427201,3.3684210526315788
604,18,43,13,1.75,0.26041666666666663,0.39999999999999997,3.2
605,20,41,12,1.8333333333333333,0.2604166666666667,0.49690399499995325,3.5555555555555554
606,19,47,12,1.7894736842105263,0.22395833333333331,0.4823763889427201,3.3684210526315788
607,19,45,13,1.7894736842105263,0.24479166666666663,0.4823763889427201,3.3684210526315788
608,19,43,12,1.7894736842105263,0.24739583333333337,0.4823763889427201,3.3684210526315788
609,18,45,12,1.7,0.23958333333333331,0.39999999999999997,3.2
610,20,41,13,1.8333333333333333,0.26822916666666663,0.49690399499995325,3.5555555555555554
611,18,42,15,1.75,0.28125,0.39999999999999997,3.2
612,19,41,13,1.7894736842105263,0.27604166666666663,0.4823763889427201,3.3684210526315788
613,19,46,11,1.7894736842105263,0.22135416666666663,0.4823763889427201,3.3684210526315788
614,18,44,12,1.75,0.2421875,0.39999999999999997,3.2
615,18,41,14,1.75,0.28125,0.39999999999999997,3.2
616,18,45,12,1.7,0.23697916666666663,0.39999999999999997,3.2
617,20,47,11,1.8333333333333333,0.21354166666666666,0.49690399499995325,3.5555555555555554
618,19,45,12,1.7894736842105263,0.23697916666666669,0.4823763889427201,3.3684210526315788
619,20,43,12,1.8333333333333333,0.25,0.49690399499995325,3.5555555555555554
620,18,46,11,1.7,0.22135416666666663,0.39999999999999997,3.2
621,19,41,14,1.7894736842105263,0.28125,0.4823763889427201,3.3684210526315788
622,19,44,11,1.7894736842105263,0.23697916666666663,0.4823763889427201,3.3684210526315788
623,20,45,11,1.8333333333333333,0.22916666666666663,0.49690399499995325,3.5555555555555554
624,20,40,12,1.8333333333333333,0.2708333333333333,0.49690399499995325,3.5555555555555554
625,19,46,11,1.7894736842105263,0.22395833333333331,0.4823763889427201,3.3684210526315788
626,19,45,11,1.7894736842105263,0.23177083333333331,0.4823763889427201,3.3684210526315788
627,19,42,11,1.7894736842105263,0.2526041666666667,0.4823763889427201,3.3684210526315788
628,19,44,11,1.736842105263158,0.23697916666666666,0.4823763889427201,3.3684210526315788
629,19,42,12,1.736842105263158,0.25396825396825395,0.5668594533825794,3.3157894736842106
630,19,43,13,1.7894736842105263,0.2552083333333333,0.4823763889427201,3.3684210526315788
631,19,43,13,1.7894736842105263,0.2578125,0.4823763889427201,3.3684210526315788
632,20,43,11,1.7777777777777777,0.24479166666666663,0.49690399499995325,3.5555555555555554
633,19,44,13,1.7894736842105263,0.25,0.48237638894272,3.3684210526315788
634,19,44,13,1.7894736842105263,0.2552083333333333,0.4823763889427201,3.3684210526315788
635,18,45,12,1.7,0.23697916666666663,0.39999999999999997,3.2
636,19,43,13,1.7894736842105263,0.2578125,0.48237638894272,3.3684210526315788
637,18,41,14,1.7,0.28125,0.39999999999999997,3.2
638,19,38,14,1.7894736842105263,0.296875,0.4823763889427201,3.3684210526315788
639,19,46,12,1.7894736842105263,0.22916666666666666,0.4823763889427201,3.3684210526315788
640,19,43,14,1.7894736842105263,0.26822916666666663,0.4823763889427201,3.3684210526315788
641,18,45,13,1.75,0.24479166666666669,0.39999999999999997,3.2
642,20,46,10,1.8333333333333333,0.21354166666666666,0.49690399499995325,3.5555555555555554
643,19,41,12,1.7894736842105263,0.2630208333333333,0.4823763889427201,3.3684210526315788
644,19,41,13,1.7894736842105263,0.26822916666666663,0.4823763889427201,3.3684210526315788
645,19,44,14,1.7894736842105263,0.26041666666666663,0.4823763889427201,3.3684210526315788
646,19,45,11,1.7894736842105263,0.2265625,0.4823763889427201,3.3684210526315788
647,20,47,12,1.8333333333333333,0.22135416666666666,0.49690399499995325,3.5555555555555554
648,18,43,12,1.75,0.24999999999999997,0.39999999999999997,3.2
649,20,43,13,1.8333333333333333,0.26041666666666663,0.49690399499995325,3.5555555555555554
650,19,42,11,1.736842105263158,0.2552083333333333,0.4823763889427201,3.3684210526315788
651,19,39,15,1.6842105263157894,0.30729166666666663,0.4823763889427201,3.3684210526315788
652,19,41,13,1.736842105263158,0.27604166666666663,0.48237638894272,3.3684210526315788
653,19,44,13,1.7894736842105263,0.25260416666666663,0.4823763889427201,3.3684210526315788
654,18,43,11,1.75,0.234375,0.39999999999999997,3.2
655,19,40,13,1.736842105263158,0.27604166666666663,0.4823763889427201,3.3684210526315788
656,19,41,13,1.7894736842105263,0.2734375,0.4823763889427201,3.3684210526315788
657,20,43,12,1.8333333333333333,0.25,0.49690399499995325,3.5555555555555554
658,19,43,14,1.736842105263158,0.2708333333333333,0.4823763889427201,3.3684210526315788
659,20,40,15,1.8333333333333333,0.296875,0.49690399499995325,3.5555555555555554
660,18,42,12,1.75,0.2526041666666667,0.39999999999999997,3.2
661,20,43,12,1.8333333333333333,0.25,0.49690399499995325,3.5555555555555554
662,19,39,16,1.7894736842105263,0.3125,0.4823763889427201,3.3684210526315788
663,19,39,15,1.7894736842105263,0.3046875,0.4823763889427201,3.3684210526315788
664,20,41,13,1.7777777777777777,0.27604166666666663,0.49690399499995325,3.5555555555555554
665,20,41,15,1.8333333333333333,0.29166666666666663,0.49690399499995325,3.5555555555555554
666,20,44,13,1.8333333333333333,0.2552083333333333,0.49690399499995325,3.5555555555555554
667,19,42,13,1.736842105263158,0.26822916666666663,0.4823763889427201,3.3684210526315788
668,18,42,12,1.7,0.25661375661375657,0.47696960070847283,3.15
669,19,45,11,1.7894736842105263,0.22916666666666666,0.4823763889427201,3.3684210526315788
670,20,41,13,1.8333333333333333,0.2734375,0.49690399499995325,3.5555555555555554
671,19,41,15,1.7894736842105263,0.2864583333333333,0.4823763889427201,3.3684210526315788
672,20,41,14,1.8333333333333333,0.28125,0.49690399499995325,3.5555555555555554
673,18,44,12,1.75,0.24739583333333331,0.39999999999999997,3.2
674,19,41,14,1.7894736842105263,0.2838541666666667,0.4823763889427201,3.3684210526315788
675,20,44,11,1.7777777777777777,0.23697916666666669,0.49690399499995325,3.5555555555555554
676,19,42,13,1.7894736842105263,0.26822916666666663,0.4823763889427201,3.3684210526315788
677,18,41,13,1.75,0.2708333333333333,0.39999999999999997,3.2
678,19,45,10,1.736842105263158,0.21875,0.48237638894272,3.3684210526315788
679,18,42,13,1.75,0.265625,0.39999999999999997,3.2
680,18,43,14,1.75,0.265625,0.39999999999999997,3.2
681,18,44,11,1.75,0.23437499999999997,0.39999999999999997,3.2
682,18,43,13,1.75,0.26041666666666663,0.39999999999999997,3.2
683,19,43,12,1.736842105263158,0.246031746031746,0.5668594533825794,3.3157894736842106
684,19,43,13,1.7894736842105263,0.26041666666666663,0.4823763889427201,3.3684210526315788
685,19,44,12,1.736842105263158,0.24479166666666663,0.4823763889427201,3.3684210526315788
686,19,42,15,1.736842105263158,0.2864583333333333,0.4823763889427201,3.3684210526315788
687,19,45,12,1.7894736842105263,0.23697916666666663,0.4823763889427201,3.3684210526315788
688,18,43,12,1.75,0.25,0.39999999999999997,3.2
689,19,40,14,1.736842105263158,0.29166666666666663,0.4823763889427201,3.3684210526315788
690,19,41,14,1.7894736842105263,0.28385416666666663,0.4823763889427201,3.3684210526315788
691,18,42,14,1.75,0.2734375,0.39999999999999997,3.2
692,19,41,12,1.6842105263157894,0.25925925925925924,0.5668594533825794,3.3157894736842106
693,18,43,13,1.7,0.26041666666666663,0.39999999999999997,3.2
694,18,40,14,1.75,0.28645833333333337,0.39999999999999997,3.2
695,20,42,13,1.7777777777777777,0.265625,0.49690399499995325,3.5555555555555554
696,19,39,14,1.736842105263158,0.296875,0.48237638894272,3.3684210526315788
697,19,42,13,1.7894736842105263,0.2708333333333333,0.4823763889427201,3.3684210526315788
698,20,42,13,1.8333333333333333,0.26822916666666663,0.49690399499995325,3.5555555555555554
699,19,41,13,1.7894736842105263,0.2708333333333333,0.4823763889427201,3.3684210526315788
700,19,43,12,1.736842105263158,0.25260416666666663,0.4823763889427201,3.3684210526315788
701,19,45,12,1.7894736842105263,0.23697916666666666,0.4823763889427201,3.3684210526315788
702,19,47,11,1.7894736842105263,0.21354166666666666,0.48237638894272,3.3684210526315788
703,20,44,13,1.8333333333333333,0.24999999999999997,0.49690399499995325,3.5555555555555554
704,19,39,14,1.736842105263158,0.29365079365079366,0.5668594533825794,3.3157894736842106
705,19,41,12,1.736842105263158,0.26822916666666663,0.4823763889427201,3.3684210526315788
706,18,41,13,1.7,0.2698412698412698,0.47696960070847283,3.15
707,18,45,10,1.75,0.21614583333333331,0.39999999999999997,3.2
708,19,39,13,1.7894736842105263,0.28645833333333337,0.4823763889427201,3.3684210526315788
709,20,42,13,1.8333333333333333,0.265625,0.49690399499995325,3.5555555555555554
710,19,42,13,1.7894736842105263,0.265625,0.4823763889427201,3.3684210526315788
711,18,40,15,1.75,0.29947916666666663,0.39999999999999997,3.2
712,18,43,12,1.75,0.25260416666666663,0.39999999999999997,3.2
713,19,45,10,1.7894736842105263,0.21875,0.4823763889427201,3.3684210526315788
714,19,44,13,1.736842105263158,0.25260416666666663,0.4823763889427201,3.3684210526315788
715,18,40,14,1.7,0.2864583333333333,0.39999999999999997,3.2
716,19,43,12,1.7894736842105263,0.24739583333333331,0.48237638894272,3.3684210526315788
717,19,44,11,1.7894736842105263,0.23177083333333334,0.4823763889427201,3.3684210526315788
718,20,44,13,1.8333333333333333,0.25260416666666663,0.49690399499995325,3.5555555555555554
719,20,41,14,1.8333333333333333,0.28125,0.49690399499995325,3.5555555555555554
720,19,44,11,1.736842105263158,0.2328042328042328,0.5668594533825794,3.3157894736842106
721,19,41,12,1.736842105263158,0.26302083333333337,0.4823763889427201,3.3684210526315788
722,19,43,13,1.736842105263158,0.25661375661375657,0.5668594533825794,3.3157894736842106
723,19,39,16,1.7894736842105263,0.3098958333333333,0.4823763889427201,3.3684210526315788
724,19,45,12,1.7894736842105263,0.23697916666666666,0.4823763889427201,3.3684210526315788
725,20,40,15,1.8333333333333333,0.29947916666666663,0.49690399499995325,3.5555555555555554
726,19,43,14,1.7894736842105263,0.2708333333333333,0.4823763889427201,3.3684210526315788
727,19,42,12,1.7894736842105263,0.2578125,0.4823763889427201,3.3684210526315788
728,19,43,12,1.7894736842105263,0.25260416666666663,0.4823763889427201,3.3684210526315788
729,19,41,13,1.7894736842105263,0.27604166666666663,0.48237638894272,3.3684210526315788
730,20,44,12,1.7777777777777777,0.24218749999999997,0.49690399499995325,3.5555555555555554
731,18,40,14,1.7,0.28645833333333337,0.39999999999999997,3.2
732,19,42,13,1.7894736842105263,0.265625,0.48237638894272,3.3684210526315788
733,19,44,11,1.7894736842105263,0.234375,0.4823763889427201,3.3684210526315788
734,20,43,12,1.8333333333333333,0.25,0.49690399499995325,3.5555555555555554
735,19,42,13,1.736842105263158,0.26822916666666663,0.4823763889427201,3.3684210526315788
736,19,43,12,1.7894736842105263,0.25,0.4823763889427201,3.3684210526315788
737,19,38,15,1.7894736842105263,0.3098958333333333,0.4823763889427201,3.3684210526315788
738,20,41,13,1.8333333333333333,0.2708333333333333,0.49690399499995325,3.5555555555555554
739,19,44,11,1.7894736842105263,0.234375,0.4823763889427201,3.3684210526315788
740,19,39,14,1.736842105263158,0.29166666666666663,0.4823763889427201,3.3684210526315788
741,21,42,15,1.8235294117647058,0.28385416666666663,0.42418250299576343,3.764705882352941
742,19,41,14,1.7894736842105263,0.2786458333333333,0.4823763889427201,3.3684210526315788
743,19,41,12,1.7894736842105263,0.26041666666666663,0.4823763889427201,3.3684210526315788
744,20,40,13,1.8333333333333333,0.27604166666666663,0.49690399499995325,3.5555555555555554
745,19,41,12,1.7894736842105263,0.2630208333333333,0.4823763889427201,3.3684210526315788
746,20,42,12,1.8333333333333333,0.26041666666666663,0.49690399499995325,3.5555555555555554
747,19,41,14,1.7894736842105263,0.28125,0.4823763889427201,3.3684210526315788
748,20,48,7,1.8333333333333333,0.171875,0.49690399499995325,3.5555555555555554
749,19,40,15,1.736842105263158,0.29947916666666663,0.4823763889427201,3.3684210526315788
750,20,40,16,1.7777777777777777,0.3046875,0.49690399499995325,3.5555555555555554
751,20,40,14,1.7777777777777777,0.2864583333333333,0.49690399499995325,3.5555555555555554
752,19,37,14,1.6842105263157894,0.30952380952380953,0.5668594533825794,3.3157894736842106
753,18,42,13,1.75,0.26822916666666663,0.39999999999999997,3.2
754,19,43,13,1.6842105263157894,0.25661375661375657,0.5668594533825794,3.3157894736842106
755,19,39,15,1.6842105263157894,0.30158730158730157,0.5668594533825794,3.3157894736842106
756,19,42,15,1.736842105263158,0.2864583333333333,0.4823763889427201,3.3684210526315788
757,18,41,13,1.7,0.2734375,0.39999999999999997,3.2
758,20,40,14,1.7777777777777777,0.2890625,0.49690399499995325,3.5555555555555554
759,19,38,15,1.7894736842105263,0.31510416666666663,0.4823763889427201,3.3684210526315788
760,20,38,13,1.8333333333333333,0.2942708333333333,0.49690399499995325,3.5555555555555554
761,18,41,11,1.7,0.2578125,0.39999999999999997,3.2
762,18,39,14,1.75,0.2942708333333333,0.39999999999999997,3.2
763,20,45,11,1.7777777777777777,0.22916666666666663,0.49690399499995325,3.5555555555555554
764,19,40,14,1.736842105263158,0.2864583333333333,0.4823763889427201,3.3684210526315788
765,18,41,15,1.7,0.29166666666666663,0.39999999999999997,3.2
766,19,42,14,1.7894736842105263,0.2734375,0.4823763889427201,3.3684210526315788
767,20,37,16,1.7777777777777777,0.32291666666666663,0.49690399499995325,3.5555555555555554
768,19,42,12,1.736842105263158,0.2578125,0.4823763889427201,3.3684210526315788
769,20,43,12,1.8333333333333333,0.25260416666666663,0.49690399499995325,3.5555555555555554
770,19,41,12,1.736842105263158,0.2619047619047619,0.5668594533825794,3.3157894736842106
771,20,40,16,1.8333333333333333,0.3046875,0.49690399499995325,3.5555555555555554
772,19,41,12,1.736842105263158,0.265625,0.4823763889427201,3.3684210526315788
773,19,46,8,1.736842105263158,0.19791666666666666,0.4823763889427201,3.3684210526315788
774,19,40,12,1.736842105263158,0.26822916666666663,0.4823763889427201,3.3684210526315788
775,20,41,13,1.8333333333333333,0.27083333333333337,0.49690399499995325,3.5555555555555554
776,19,43,14,1.736842105263158,0.265625,0.4823763889427201,3.3684210526315788
777,18,43,13,1.7,0.2578125,0.39999999999999997,3.2
778,20,43,12,1.7777777777777777,0.25260416666666663,0.49690399499995325,3.5555555555555554
779,19,39,14,1.7894736842105263,0.29947916666666663,0.4823763889427201,3.3684210526315788
780,19,40,12,1.7894736842105263,0.2708333333333333,0.4823763889427201,3.3684210526315788
781,20,40,13,1.8333333333333333,0.28385416666666663,0.49690399499995325,3.5555555555555554
782,18,40,12,1.75,0.2708333333333333,0.39999999999999997,3.2
783,19,40,15,1.7894736842105263,0.29947916666666663,0.4823763889427201,3.3684210526315788
784,19,39,13,1.7894736842105263,0.28385416666666663,0.4823763889427201,3.3684210526315788
785,20,40,14,1.7777777777777777,0.2864583333333333,0.49690399499995325,3.5555555555555554
786,19,42,15,1.7894736842105263,0.28385416666666663,0.4823763889427201,3.3684210526315788
787,19,41,14,1.736842105263158,0.28385416666666663,0.48237638894272,3.3684210526315788
788,19,38,16,1.736842105263158,0.3177083333333333,0.4823763889427201,3.3684210526315788
789,20,39,16,1.8333333333333333,0.31510416666666663,0.49690399499995325,3.5555555555555554
790,19,44,11,1.7894736842105263,0.23177083333333331,0.4823763889427201,3.3684210526315788
791,19,40,14,1.7894736842105263,0.2864583333333333,0.48237638894272,3.3684210526315788
792,19,42,15,1.7894736842105263,0.28385416666666663,0.4823763889427201,3.3684210526315788
793,20,43,13,1.8333333333333333,0.2578125,0.49690399499995325,3.5555555555555554
794,20,41,14,1.7777777777777777,0.2864583333333333,0.49690399499995325,3.5555555555555554
795,19,37,16,1.736842105263158,0.3255208333333333,0.4823763889427201,3.3684210526315788
796,18,43,12,1.7,0.25,0.39999999999999997,3.2
797,19,40,16,1.7894736842105263,0.30729166666666663,0.4823763889427201,3.3684210526315788
798,19,41,14,1.7894736842105263,0.28385416666666663,0.4823763889427201,3.3684210526315788
799,20,40,14,1.8333333333333333,0.29166666666666663,0.49690399499995325,3.5555555555555554
800,19,37,16,1.7894736842105263,0.32291666666666663,0.4823763889427201,3.3684210526315788
801,19,40,13,1.736842105263158,0.2777777777777778,0.5668594533825794,3.3157894736842106
802,19,41,13,1.7894736842105263,0.27604166666666663,0.4823763889427201,3.3684210526315788
803,18,42,12,1.75,0.2552083333333333,0.39999999999999997,3.2
804,20,36,14,1.8333333333333333,0.3125,0.49690399499995325,3.5555555555555554
805,19,44,13,1.736842105263158,0.25260416666666663,0.4823763889427201,3.3684210526315788
806,19,40,15,1.736842105263158,0.2962962962962963,0.5668594533825794,3.3157894736842106
807,18,39,14,1.75,0.296875,0.39999999999999997,3.2
808,19,39,14,1.736842105263158,0.2916666666666667,0.4823763889427201,3.3684210526315788
809,20,38,14,1.8333333333333333,0.3046875,0.49690399499995325,3.5555555555555554
810,19,42,13,1.736842105263158,0.26822916666666663,0.4823763889427201,3.3684210526315788
811,19,37,17,1.7894736842105263,0.33854166666666663,0.4823763889427201,3.3684210526315788
812,19,41,16,1.7894736842105263,0.29947916666666663,0.4823763889427201,3.3684210526315788
813,19,43,13,1.7894736842105263,0.26041666666666663,0.4823763889427201,3.3684210526315788
814,19,36,14,1.7894736842105263,0.3151041666666667,0.4823763889427201,3.3684210526315788
815,19,41,12,1.7894736842105263,0.2630208333333333,0.4823763889427201,3.3684210526315788
816,21,38,15,1.8823529411764706,0.3098958333333333,0.42418250299576343,3.764705882352941
817,19,37,16,1.736842105263158,0.328125,0.4823763889427201,3.3684210526315788
818,20,39,14,1.8333333333333333,0.29427083333333337,0.49690399499995325,3.5555555555555554
819,19,40,14,1.7894736842105263,0.29166666666666663,0.4823763889427201,3.3684210526315788
820,20,41,12,1.8333333333333333,0.265625,0.49690399499995325,3.5555555555555554
821,19,42,12,1.736842105263158,0.2552083333333333,0.4823763889427201,3.3684210526315788
822,19,40,13,1.7894736842105263,0.27864583333333337,0.4823763889427201,3.3684210526315788
823,18,42,14,1.75,0.2708333333333333,0.39999999999999997,3.2
824,20,41,14,1.8333333333333333,0.27864583333333337,0.49690399499995325,3.5555555555555554
825,19,41,14,1.7894736842105263,0.28125,0.48237638894272,3.3684210526315788
826,20,40,12,1.7222222222222223,0.26822916666666663,0.49690399499995325,3.5555555555555554
827,19,37,16,1.7894736842105263,0.33072916666666663,0.48237638894272,3.3684210526315788
828,21,41,14,1.8823529411764706,0.28125,0.42418250299576343,3.764705882352941
829,19,42,13,1.7894736842105263,0.26822916666666663,0.4823763889427201,3.3684210526315788
830,19,37,17,1.736842105263158,0.3359375,0.4823763889427201,3.3684210526315788
831,20,44,13,1.7777777777777777,0.25,0.49690399499995325,3.5555555555555554
832,19,36,16,1.7894736842105263,0.3359375,0.4823763889427201,3.3684210526315788
833,20,36,15,1.7777777777777777,0.3177083333333333,0.49690399499995325,3.5555555555555554
834,19,39,14,1.7894736842105263,0.2942708333333333,0.48237638894272,3.3684210526315788
835,19,37,15,1.736842105263158,0.31481481481481477,0.5668594533825794,3.3157894736842106
836,20,39,13,1.8333333333333333,0.2864583333333333,0.49690399499995325,3.5555555555555554
837,19,41,11,1.7894736842105263,0.2552083333333333,0.4823763889427201,3.3684210526315788
838,19,46,9,1.7894736842105263,0.20052083333333331,0.48237638894272,3.3684210526315788
839,20,40,14,1.8333333333333333,0.29166666666666663,0.49690399499995325,3.5555555555555554
840,19,40,14,1.7894736842105263,0.2890625,0.4823763889427201,3.3684210526315788
841,20,37,16,1.8333333333333333,0.3255208333333333,0.49690399499995325,3.5555555555555554
842,20,36,18,1.8333333333333333,0.3515625,0.49690399499995325,3.5555555555555554
843,19,34,18,1.736842105263158,0.36507936507936506,0.5668594533825794,3.3157894736842106
844,20,43,13,1.8333333333333333,0.26041666666666663,0.49690399499995325,3.5555555555555554
845,18,40,13,1.75,0.28125,0.39999999999999997,3.2
846,19,42,14,1.7894736842105263,0.27604166666666663,0.4823763889427201,3.3684210526315788
847,20,37,15,1.8333333333333333,0.31770833333333337,0.49690399499995325,3.5555555555555554
848,19,45,11,1.7894736842105263,0.22916666666666666,0.4823763889427201,3.3684210526315788
849,20,44,13,1.8333333333333333,0.25260416666666663,0.49690399499995325,3.5555555555555554
850,21,39,16,1.8235294117647058,0.31510416666666663,0.42418250299576343,3.764705882352941
851,19,41,12,1.7894736842105263,0.26822916666666663,0.4823763889427201,3.3684210526315788
852,20,37,15,1.7777777777777777,0.31746031746031744,0.6009252125773316,3.5
853,20,33,19,1.8333333333333333,0.38020833333333337,0.49690399499995325,3.5555555555555554
854,19,36,15,1.736842105263158,0.32291666666666663,0.4823763889427201,3.3684210526315788
855,19,38,12,1.7894736842105263,0.27864583333333337,0.4823763889427201,3.3684210526315788
856,19,40,14,1.736842105263158,0.2864583333333333,0.48237638894272,3.3684210526315788
857,20,40,15,1.7777777777777777,0.29947916666666663,0.49690399499995325,3.5555555555555554
858,19,41,13,1.736842105263158,0.2698412698412698,0.5668594533825794,3.3157894736842106
859,19,40,14,1.7894736842105263,0.2864583333333333,0.4823763889427201,3.3684210526315788
860,20,39,15,1.7777777777777777,0.30729166666666663,0.49690399499995325,3.5555555555555554
861,19,42,13,1.7894736842105263,0.26822916666666663,0.4823763889427201,3.3684210526315788
862,18,37,14,1.75,0.30729166666666663,0.39999999999999997,3.2
863,20,36,16,1.8333333333333333,0.3333333333333333,0.49690399499995325,3.5555555555555554
864,20,41,15,1.8333333333333333,0.29166666666666663,0.49690399499995325,3.5555555555555554
865,20,38,16,1.8333333333333333,0.32291666666666663,0.49690399499995325,3.5555555555555554
866,19,38,13,1.736842105263158,0.2883597883597883,0.5668594533825794,3.3157894736842106
867,19,47,11,1.7894736842105263,0.2109375,0.4823763889427201,3.3684210526315788
868,19,40,14,1.7894736842105263,0.2890625,0.4823763889427201,3.3684210526315788
869,19,38,16,1.7894736842105263,0.3177083333333333,0.4823763889427201,3.3684210526315788
870,20,39,14,1.8333333333333333,0.296875,0.49690399499995325,3.5555555555555554
871,20,41,12,1.8333333333333333,0.26041666666666663,0.49690399499995325,3.5555555555555554
872,19,39,13,1.7894736842105263,0.2890625,0.4823763889427201,3.3684210526315788
873,20,41,13,1.8333333333333333,0.2734375,0.49690399499995325,3.5555555555555554
874,19,43,14,1.7894736842105263,0.26822916666666663,0.4823763889427201,3.3684210526315788
875,20,40,15,1.8333333333333333,0.296875,0.49690399499995325,3.5555555555555554
876,20,37,16,1.7777777777777777,0.328125,0.49690399499995325,3.5555555555555554
877,19,42,13,1.7894736842105263,0.2630208333333333,0.48237638894272,3.3684210526315788
878,20,38,14,1.8333333333333333,0.3020833333333333,0.49690399499995325,3.5555555555555554
879,19,39,15,1.7894736842105263,0.3046875,0.4823763889427201,3.3684210526315788
880,20,35,16,1.8333333333333333,0.3411458333333333,0.49690399499995325,3.5555555555555554
881,20,39,15,1.7222222222222223,0.30158730158730157,0.6009252125773316,3.5
882,19,41,15,1.7894736842105263,0.2942708333333333,0.4823763889427201,3.3684210526315788
883,20,37,18,1.8333333333333333,0.3489583333333333,0.49690399499995325,3.5555555555555554
884,21,37,14,1.8823529411764706,0.3125,0.42418250299576343,3.764705882352941
885,20,38,16,1.8333333333333333,0.32291666666666663,0.49690399499995325,3.5555555555555554
886,19,40,14,1.6842105263157894,0.2883597883597883,0.5668594533825794,3.3157894736842106
887,19,40,16,1.7894736842105263,0.3098958333333333,0.4823763889427201,3.3684210526315788
888,19,37,14,1.7894736842105263,0.30989583333333337,0.4823763889427201,3.3684210526315788
889,21,42,14,1.8823529411764706,0.2734375,0.42418250299576343,3.764705882352941
890,20,35,16,1.7777777777777777,0.3385416666666667,0.49690399499995325,3.5555555555555554
891,19,41,15,1.736842105263158,0.2890625,0.4823763889427201,3.3684210526315788
892,19,40,14,1.736842105263158,0.29166666666666663,0.4823763889427201,3.3684210526315788
893,20,38,16,1.8333333333333333,0.3203125,0.49690399499995325,3.5555555555555554
894,19,44,7,1.7894736842105263,0.20052083333333331,0.4823763889427201,3.3684210526315788
895,20,43,14,1.8333333333333333,0.26822916666666663,0.49690399499995325,3.5555555555555554
896,20,39,14,1.8333333333333333,0.296875,0.49690399499995325,3.5555555555555554
897,19,40,14,1.736842105263158,0.2890625,0.4823763889427201,3.3684210526315788
898,19,38,16,1.7894736842105263,0.32291666666666663,0.4823763889427201,3.3684210526315788
899,18,41,13,1.6,0.2698412698412698,0.47696960070847283,3.15
900,19,38,15,1.736842105263158,0.3098958333333333,0.4823763889427201,3.3684210526315788
901,18,37,15,1.75,0.32291666666666663,0.39999999999999997,3.2
902,19,38,16,1.7894736842105263,0.3177083333333333,0.4823763889427201,3.3684210526315788
903,19,36,18,1.736842105263158,0.3515625,0.4823763889427201,3.3684210526315788
904,19,41,13,1.736842105263158,0.27604166666666663,0.4823763889427201,3.3684210526315788
905,19,38,15,1.7894736842105263,0.3098958333333333,0.4823763889427201,3.3684210526315788
906,20,39,15,1.8333333333333333,0.3020833333333333,0.49690399499995325,3.5555555555555554
907,20,34,18,1.8333333333333333,0.36458333333333326,0.49690399499995325,3.5555555555555554
908,19,33,16,1.736842105263158,0.3492063492063492,0.5668594533825794,3.3157894736842106
909,19,41,15,1.7894736842105263,0.2890625,0.4823763889427201,3.3684210526315788
910,19,40,14,1.7894736842105263,0.2864583333333333,0.4823763889427201,3.3684210526315788
911,21,37,18,1.8823529411764706,0.34635416666666663,0.42418250299576343,3.764705882352941
912,19,36,18,1.736842105263158,0.3515625,0.4823763889427201,3.3684210526315788
913,20,42,13,1.8333333333333333,0.26822916666666663,0.49690399499995325,3.5555555555555554
914,19,41,13,1.7894736842105263,0.2708333333333333,0.4823763889427201,3.3684210526315788
915,20,37,14,1.7777777777777777,0.3046875,0.49690399499995325,3.5555555555555554
916,19,36,15,1.736842105263158,0.32010582010582006,0.5668594533825794,3.3157894736842106
917,19,39,15,1.736842105263158,0.30729166666666663,0.4823763889427201,3.3684210526315788
918,20,43,13,1.8333333333333333,0.26041666666666663,0.49690399499995325,3.5555555555555554
919,20,38,15,1.8333333333333333,0.3125,0.49690399499995325,3.5555555555555554
920,20,38,17,1.7777777777777777,0.328125,0.49690399499995325,3.5555555555555554
921,20,38,16,1.8333333333333333,0.32291666666666663,0.49690399499995325,3.5555555555555554
922,19,39,14,1.7894736842105263,0.296875,0.4823763889427201,3.3684210526315788
923,20,36,15,1.8333333333333333,0.3255208333333333,0.49690399499995325,3.5555555555555554
924,20,39,15,1.7222222222222223,0.2962962962962963,0.6009252125773316,3.5
925,20,36,18,1.7777777777777777,0.3489583333333333,0.49690399499995325,3.5555555555555554
926,19,41,15,1.7894736842105263,0.2890625,0.4823763889427201,3.3684210526315788
927,20,41,14,1.8333333333333333,0.28125,0.49690399499995325,3.5555555555555554
928,20,35,15,1.8333333333333333,0.33072916666666663,0.49690399499995325,3.5555555555555554
929,19,38,16,1.7894736842105263,0.3255208333333333,0.4823763889427201,3.3684210526315788
930,19,38,17,1.7894736842105263,0.33072916666666663,0.4823763889427201,3.3684210526315788
931,20,35,16,1.8333333333333333,0.3359375,0.49690399499995325,3.5555555555555554
932,20,38,16,1.8333333333333333,0.32291666666666663,0.49690399499995325,3.5555555555555554
933,20,39,15,1.8333333333333333,0.3046875,0.49690399499995325,3.5555555555555554
934,20,41,13,1.8333333333333333,0.2734375,0.49690399499995325,3.5555555555555554
935,20,36,18,1.8333333333333333,0.35416666666666663,0.49690399499995325,3.5555555555555554
936,20,37,15,1.8333333333333333,0.31510416666666663,0.49690399499995325,3.5555555555555554
937,19,37,16,1.7894736842105263,0.33072916666666663,0.4823763889427201,3.3684210526315788
938,19,39,15,1.7894736842105263,0.3046875,0.4823763889427201,3.3684210526315788
939,21,38,15,1.8235294117647058,0.31510416666666663,0.42418250299576343,3.764705882352941
940,20,37,17,1.7777777777777777,0.3359375,0.49690399499995325,3.5555555555555554
941,20,38,17,1.8333333333333333,0.328125,0.49690399499995325,3.5555555555555554
942,20,35,15,1.8333333333333333,0.328125,0.49690399499995325,3.5555555555555554
943,20,38,14,1.8333333333333333,0.30729166666666663,0.49690399499995325,3.5555555555555554
944,20,35,19,1.8333333333333333,0.36979166666666663,0.49690399499995325,3.5555555555555554
945,19,39,16,1.7894736842105263,0.31510416666666663,0.4823763889427201,3.3684210526315788
946,20,33,18,1.8333333333333333,0.3723958333333333,0.49690399499995325,3.5555555555555554
947,20,38,17,1.7777777777777777,0.33072916666666663,0.49690399499995325,3.5555555555555554
948,20,35,18,1.8333333333333333,0.359375,0.49690399499995325,3.5555555555555554
949,19,38,16,1.7894736842105263,0.3203125,0.48237638894272,3.3684210526315788
950,20,37,17,1.8333333333333333,0.3359375,0.49690399499995325,3.5555555555555554
951,20,38,16,1.8333333333333333,0.3203125,0.49690399499995325,3.5555555555555554
952,20,33,18,1.8333333333333333,0.37239583333333337,0.49690399499995325,3.5555555555555554
953,20,38,15,1.8333333333333333,0.3125,0.49690399499995325,3.5555555555555554
954,19,38,16,1.7894736842105263,0.3203125,0.4823763889427201,3.3684210526315788
955,20,40,15,1.8333333333333333,0.296875,0.49690399499995325,3.5555555555555554
956,20,37,15,1.7777777777777777,0.3203125,0.49690399499995325,3.5555555555555554
957,19,39,15,1.7894736842105263,0.29947916666666663,0.48237638894272,3.3684210526315788
958,20,36,15,1.8333333333333333,0.32552083333333337,0.49690399499995325,3.5555555555555554
959,20,39,15,1.7777777777777777,0.3042328042328042,0.6009252125773316,3.5
960,19,41,16,1.7894736842105263,0.29947916666666663,0.4823763889427201,3.3684210526315788
961,19,38,16,1.7894736842105263,0.3203125,0.4823763889427201,3.3684210526315788
962,19,37,18,1.7894736842105263,0.34375,0.4823763889427201,3.3684210526315788
963,18,35,18,1.75,0.3541666666666667,0.39999999999999997,3.2
964,20,39,16,1.8333333333333333,0.31510416666666663,0.49690399499995325,3.5555555555555554
965,19,39,15,1.7894736842105263,0.3046875,0.4823763889427201,3.3684210526315788
966,20,35,18,1.8333333333333333,0.35416666666666663,0.49690399499995325,3.5555555555555554
967,19,37,18,1.736842105263158,0.34635416666666663,0.4823763889427201,3.3684210526315788
968,20,37,15,1.8333333333333333,0.31510416666666663,0.49690399499995325,3.5555555555555554
969,20,37,16,1.8333333333333333,0.328125,0.49690399499995325,3.5555555555555554
970,19,39,16,1.736842105263158,0.3098958333333333,0.4823763889427201,3.3684210526315788
971,19,34,18,1.736842105263158,0.36197916666666663,0.4823763889427201,3.3684210526315788
972,20,37,16,1.8333333333333333,0.33072916666666663,0.49690399499995325,3.5555555555555554
973,20,37,15,1.7777777777777777,0.31510416666666663,0.49690399499995325,3.5555555555555554
974,20,37,17,1.8333333333333333,0.3359375,0.49690399499995325,3.5555555555555554
975,20,36,16,1.7777777777777777,0.33072916666666663,0.49690399499995325,3.5555555555555554
976,19,37,13,1.7894736842105263,0.30208333333333337,0.48237638894272,3.3684210526315788
977,20,36,15,1.7777777777777777,0.32539682539682535,0.6009252125773316,3.5
978,20,40,15,1.8333333333333333,0.29947916666666663,0.49690399499995325,3.5555555555555554
979,19,33,17,1.7894736842105263,0.36197916666666663,0.4823763889427201,3.3684210526315788
980,20,39,16,1.7777777777777777,0.3125,0.49690399499995325,3.5555555555555554
981,20,37,15,1.8333333333333333,0.31770833333333337,0.49690399499995325,3.5555555555555554
982,19,40,15,1.7894736842105263,0.296875,0.4823763889427201,3.3684210526315788
983,20,39,16,1.8333333333333333,0.31510416666666663,0.49690399499995325,3.5555555555555554
984,20,37,18,1.7777777777777777,0.3412698412698413,0.6009252125773316,3.5
985,19,39,16,1.736842105263158,0.31510416666666663,0.4823763889427201,3.3684210526315788
986,19,38,16,1.736842105263158,0.32010582010582006,0.5668594533825794,3.3157894736842106
987,20,40,14,1.8333333333333333,0.28385416666666663,0.49690399499995325,3.5555555555555554
988,19,38,15,1.7894736842105263,0.3125,0.4823763889427201,3.3684210526315788
989,19,36,16,1.7894736842105263,0.3307291666666667,0.4823763889427201,3.3684210526315788
990,19,38,16,1.736842105263158,0.3255208333333333,0.4823763889427201,3.3684210526315788
991,20,38,16,1.7777777777777777,0.3177083333333333,0.49690399499995325,3.5555555555555554
992,19,38,16,1.7894736842105263,0.3177083333333333,0.4823763889427201,3.3684210526315788
993,19,36,17,1.7894736842105263,0.34375,0.4823763889427201,3.3684210526315788
994,20,36,16,1.8333333333333333,0.33333333333333337,0.49690399499995325,3.5555555555555554
995,20,39,14,1.8333333333333333,0.296875,0.49690399499995325,3.5555555555555554
996,20,37,17,1.8333333333333333,0.3359375,0.49690399499995325,3.5555555555555554
997,20,35,18,1.7777777777777777,0.35677083333333337,0.49690399499995325,3.5555555555555554
998,20,40,13,1.7777777777777777,0.28125,0.49690399499995325,3.5555555555555554
999,19,36,18,1.7894736842105263,0.3515625,0.4823763889427201,3.3684210526315788
1000,19,39,16,1.736842105263158,0.3098958333333333,0.48237638894272,3.3684210526315788
1001,20,37,17,1.8333333333333333,0.3359375,0.49690399499995325,3.5555555555555554
1002,20,38,16,1.8333333333333333,0.3203125,0.49690399499995325,3.5555555555555554
1003,20,37,17,1.7777777777777777,0.33854166666666663,0.49690399499995325,3.5555555555555554
1004,20,39,15,1.7777777777777777,0.3098958333333333,0.49690399499995325,3.5555555555555554
1005,19,38,16,1.7894736842105263,0.3203125,0.4823763889427201,3.3684210526315788
1006,19,37,16,1.7894736842105263,0.3255208333333333,0.4823763889427201,3.3684210526315788
1007,19,40,17,1.7894736842105263,0.3177083333333333,0.4823763889427201,3.3684210526315788
1008,18,38,16,1.75,0.3203125,0.39999999999999997,3.2
1009,20,38,16,1.7777777777777777,0.32010582010582006,0.6009252125773316,3.5
1010,20,37,16,1.8333333333333333,0.32552083333333337,0.49690399499995325,3.5555555555555554
1011,19,39,12,1.736842105263158,0.27604166666666663,0.4823763889427201,3.3684210526315788
1012,19,37,18,1.736842105263158,0.34375,0.4823763889427201,3.3684210526315788
1013,19,39,16,1.7894736842105263,0.3125,0.4823763889427201,3.3684210526315788
1014,20,38,16,1.8333333333333333,0.3203125,0.49690399499995325,3.5555555555555554
1015,20,39,17,1.8333333333333333,0.32291666666666663,0.49690399499995325,3.5555555555555554
1016,20,38,15,1.8333333333333333,0.3098958333333333,0.49690399499995325,3.5555555555555554
1017,19,36,16,1.7894736842105263,0.3333333333333333,0.4823763889427201,3.3684210526315788
1018,19,39,15,1.7894736842105263,0.3046875,0.4823763889427201,3.3684210526315788
1019,19,34,17,1.736842105263158,0.35185185185185186,0.5668594533825794,3.3157894736842106
1020,19,36,17,1.7894736842105263,0.34375,0.4823763889427201,3.3684210526315788
1021,19,39,16,1.6842105263157894,0.31216931216931215,0.5668594533825794,3.3157894736842106
1022,19,36,18,1.7894736842105263,0.35416666666666663,0.4823763889427201,3.3684210526315788
1023,20,40,15,1.8333333333333333,0.29947916666666663,0.49690399499995325,3.5555555555555554
1024,20,38,16,1.8333333333333333,0.3203125,0.49690399499995325,3.5555555555555554
1025,19,39,15,1.736842105263158,0.30729166666666663,0.4823763889427201,3.3684210526315788
1026,20,37,16,1.8333333333333333,0.32291666666666663,0.49690399499995325,3.5555555555555554
1027,20,35,18,1.8333333333333333,0.3567708333333333,0.49690399499995325,3.5555555555555554
1028,19,36,16,1.7894736842105263,0.3359375,0.4823763889427201,3.3684210526315788
1029,20,36,16,1.8333333333333333,0.33072916666666663,0.49690399499995325,3.5555555555555554
1030,19,33,18,1.7894736842105263,0.36979166666666663,0.4823763889427201,3.3684210526315788
1031,19,38,17,1.7894736842105263,0.328125,0.4823763889427201,3.3684210526315788
1032,20,36,16,1.8333333333333333,0.33333333333333337,0.49690399499995325,3.5555555555555554
1033,20,35,16,1.8333333333333333,0.34375,0.49690399499995325,3.5555555555555554
1034,20,35,16,1.7777777777777777,0.34635416666666663,0.49690399499995325,3.5555555555555554
1035,20,36,17,1.8333333333333333,0.3411458333333333,0.49690399499995325,3.5555555555555554
1036,19,37,17,1.7894736842105263,0.3359375,0.4823763889427201,3.3684210526315788
1037,20,36,17,1.7777777777777777,0.33333333333333337,0.49690399499995325,3.5555555555555554
1038,20,35,18,1.7777777777777777,0.35714285714285715,0.6009252125773316,3.5
1039,20,33,18,1.8333333333333333,0.3671875,0.49690399499995325,3.5555555555555554
1040,20,34,17,1.8333333333333333,0.35416666666666663,0.49690399499995325,3.5555555555555554
1041,19,35,17,1.7894736842105263,0.34635416666666663,0.4823763889427201,3.3684210526315788
1042,20,37,16,1.8333333333333333,0.3255208333333333,0.49690399499995325,3.5555555555555554
1043,20,35,17,1.8333333333333333,0.34635416666666663,0.49690399499995325,3.5555555555555554
1044,19,37,17,1.7894736842105263,0.3359375,0.4823763889427201,3.3684210526315788
1045,19,34,17,1.7894736842105263,0.3515625,0.4823763889427201,3.3684210526315788
1046,20,34,19,1.8333333333333333,0.37239583333333337,0.49690399499995325,3.5555555555555554
1047,19,33,18,1.7894736842105263,0.3671875,0.4823763889427201,3.3684210526315788
1048,20,39,16,1.7777777777777777,0.31510416666666663,0.49690399499995325,3.5555555555555554
1049,19,37,17,1.736842105263158,0.33854166666666663,0.4823763889427201,3.3684210526315788
1050,20,36,16,1.8333333333333333,0.33072916666666663,0.49690399499995325,3.5555555555555554
1051,20,35,17,1.8333333333333333,0.3489583333333333,0.49690399499995325,3.5555555555555554
1052,20,37,17,1.8333333333333333,0.3359375,0.49690399499995325,3.5555555555555554
1053,19,33,19,1.7894736842105263,0.3828125,0.4823763889427201,3.3684210526315788
1054,19,37,16,1.7894736842105263,0.3255208333333333,0.4823763889427201,3.3684210526315788
1055,20,35,18,1.7777777777777777,0.3567708333333333,0.49690399499995325,3.5555555555555554
1056,20,34,18,1.8333333333333333,0.36197916666666663,0.49690399499995325,3.5555555555555554
1057,19,32,17,1.736842105263158,0.36243386243386244,0.5668594533825794,3.3157894736842106
1058,20,37,18,1.8333333333333333,0.34635416666666663,0.49690399499995325,3.5555555555555554
1059,19,40,16,1.7894736842105263,0.30729166666666663,0.4823763889427201,3.3684210526315788
1060,20,37,16,1.8333333333333333,0.328125,0.49690399499995325,3.5555555555555554
1061,20,39,15,1.8333333333333333,0.3046875,0.49690399499995325,3.5555555555555554
1062,19,38,15,1.736842105263158,0.3125,0.4823763889427201,3.3684210526315788
1063,19,40,14,1.736842105263158,0.2864583333333333,0.4823763889427201,3.3684210526315788
1064,20,34,18,1.7777777777777777,0.3645833333333333,0.49690399499995325,3.5555555555555554
1065,19,36,17,1.736842105263158,0.3412698412698413,0.5668594533825794,3.3157894736842106
1066,19,36,18,1.7894736842105263,0.3489583333333333,0.4823763889427201,3.3684210526315788
1067,20,38,19,1.7777777777777777,0.34635416666666663,0.49690399499995325,3.5555555555555554
1068,20,35,17,1.7777777777777777,0.34635416666666663,0.49690399499995325,3.5555555555555554
1069,20,33,18,1.8333333333333333,0.3697916666666667,0.49690399499995325,3.5555555555555554
1070,20,34,20,1.8333333333333333,0.38541666666666663,0.49690399499995325,3.5555555555555554
1071,20,35,17,1.8333333333333333,0.3489583333333333,0.49690399499995325,3.5555555555555554
1072,20,36,17,1.8333333333333333,0.34375,0.49690399499995325,3.5555555555555554
1073,19,36,16,1.7894736842105263,0.3307291666666667,0.4823763889427201,3.3684210526315788
1074,19,36,18,1.7894736842105263,0.3515625,0.4823763889427201,3.3684210526315788
1075,19,35,17,1.7894736842105263,0.34635416666666663,0.4823763889427201,3.3684210526315788
1076,18,37,18,1.75,0.3489583333333333,0.39999999999999997,3.2
1077,19,36,16,1.736842105263158,0.33068783068783064,0.5668594533825794,3.3157894736842106
1078,19,39,15,1.7894736842105263,0.3020833333333333,0.4823763889427201,3.3684210526315788
1079,20,36,17,1.8333333333333333,0.34375,0.49690399499995325,3.5555555555555554
1080,19,34,19,1.736842105263158,0.373015873015873,0.5668594533825794,3.3157894736842106
1081,20,33,19,1.8333333333333333,0.3828125,0.49690399499995325,3.5555555555555554
1082,19,38,17,1.7894736842105263,0.328125,0.4823763889427201,3.3684210526315788
1083,19,37,16,1.736842105263158,0.3253968253968254,0.5668594533825794,3.3157894736842106
1084,20,31,19,1.7777777777777777,0.3915343915343915,0.6009252125773316,3.5
1085,20,34,18,1.8333333333333333,0.36197916666666663,0.49690399499995325,3.5555555555555554
1086,20,35,17,1.8333333333333333,0.3515625,0.49690399499995325,3.5555555555555554
1087,20,38,16,1.8333333333333333,0.3203125,0.49690399499995325,3.5555555555555554
1088,20,35,19,1.8333333333333333,0.3671875,0.49690399499995325,3.5555555555555554
1089,19,37,16,1.736842105263158,0.3253968253968254,0.5668594533825794,3.3157894736842106
1090,20,37,17,1.8333333333333333,0.33854166666666663,0.49690399499995325,3.5555555555555554
1091,19,34,17,1.736842105263158,0.35185185185185186,0.5668594533825794,3.3157894736842106
1092,20,34,18,1.8333333333333333,0.36458333333333337,0.49690399499995325,3.5555555555555554
1093,21,35,18,1.8823529411764706,0.35677083333333337,0.42418250299576343,3.764705882352941
1094,20,36,17,1.8333333333333333,0.3411458333333333,0.49690399499995325,3.5555555555555554
1095,19,32,22,1.7894736842105263,0.4140625,0.4823763889427201,3.3684210526315788
1096,20,40,15,1.8333333333333333,0.29947916666666663,0.49690399499995325,3.5555555555555554
1097,19,33,18,1.736842105263158,0.375,0.4823763889427201,3.3684210526315788
1098,19,34,18,1.7894736842105263,0.3671875,0.4823763889427201,3.3684210526315788
1099,19,33,18,1.7894736842105263,0.375,0.4823763889427201,3.3684210526315788
1100,19,37,17,1.7894736842105263,0.3359375,0.4823763889427201,3.3684210526315788
1101,19,34,17,1.7894736842105263,0.3515625,0.4823763889427201,3.3684210526315788
1102,20,37,17,1.8333333333333333,0.3359375,0.49690399499995325,3.5555555555555554
1103,20,34,19,1.8333333333333333,0.375,0.49690399499995325,3.5555555555555554
1104,19,38,18,1.7894736842105263,0.3411458333333333,0.4823763889427201,3.3684210526315788
1105,20,36,17,1.8333333333333333,0.34114583333333337,0.49690399499995325,3.5555555555555554
1106,19,37,17,1.7894736842105263,0.3359375,0.4823763889427201,3.3684210526315788
1107,20,38,19,1.7777777777777777,0.34635416666666663,0.49690399499995325,3.5555555555555554
1108,20,36,19,1.8333333333333333,0.36197916666666663,0.49690399499995325,3.5555555555555554
1109,19,32,20,1.7894736842105263,0.3984375,0.4823763889427201,3.3684210526315788
1110,20,35,18,1.8333333333333333,0.3567708333333333,0.49690399499995325,3.5555555555555554
1111,19,35,17,1.7894736842105263,0.3489583333333333,0.4823763889427201,3.3684210526315788
1112,20,37,16,1.8333333333333333,0.3255208333333333,0.49690399499995325,3.5555555555555554
1113,20,36,17,1.8333333333333333,0.34375,0.49690399499995325,3.5555555555555554
1114,19,35,17,1.7894736842105263,0.34635416666666663,0.48237638894272,3.3684210526315788
1115,19,34,19,1.7894736842105263,0.375,0.4823763889427201,3.3684210526315788
1116,19,33,18,1.736842105263158,0.373015873015873,0.5668594533825794,3.3157894736842106
1117,20,37,16,1.8333333333333333,0.32552083333333337,0.49690399499995325,3.5555555555555554
1118,19,36,18,1.7894736842105263,0.3515625,0.4823763889427201,3.3684210526315788
1119,19,33,19,1.7894736842105263,0.3802083333333333,0.4823763889427201,3.3684210526315788
1120,19,36,18,1.7894736842105263,0.3515625,0.4823763889427201,3.3684210526315788
1121,20,37,16,1.8333333333333333,0.328125,0.49690399499995325,3.5555555555555554
1122,20,34,19,1.8333333333333333,0.3723958333333333,0.49690399499995325,3.5555555555555554
1123,19,36,18,1.736842105263158,0.3515625,0.4823763889427201,3.3684210526315788
1124,19,36,17,1.736842105263158,0.3489583333333333,0.4823763889427201,3.3684210526315788
1125,19,35,18,1.7894736842105263,0.3567708333333333,0.4823763889427201,3.3684210526315788
1126,19,38,18,1.7894736842105263,0.33854166666666663,0.4823763889427201,3.3684210526315788
1127,19,36,19,1.7894736842105263,0.359375,0.4823763889427201,3.3684210526315788
1128,19,37,16,1.7894736842105263,0.33072916666666663,0.4823763889427201,3.3684210526315788
1129,19,36,18,1.7894736842105263,0.3515625,0.4823763889427201,3.3684210526315788
1130,19,37,17,1.7894736842105263,0.3359375,0.4823763889427201,3.3684210526315788
1131,20,35,19,1.8333333333333333,0.3645833333333333,0.49690399499995325,3.5555555555555554
1132,20,36,18,1.7777777777777777,0.3518518518518518,0.6009252125773316,3.5
1133,20,39,16,1.8333333333333333,0.3125,0.49690399499995325,3.5555555555555554
1134,19,37,18,1.7894736842105263,0.34635416666666663,0.4823763889427201,3.3684210526315788
1135,20,34,19,1.8333333333333333,0.375,0.49690399499995325,3.5555555555555554
1136,20,32,19,1.7777777777777777,0.3835978835978836,0.6009252125773316,3.5
1137,19,36,17,1.7894736842105263,0.34635416666666663,0.4823763889427201,3.3684210526315788
1138,19,35,19,1.7894736842105263,0.3671875,0.4823763889427201,3.3684210526315788
1139,19,37,18,1.7894736842105263,0.34635416666666663,0.4823763889427201,3.3684210526315788
1140,20,36,17,1.8333333333333333,0.34114583333333337,0.49690399499995325,3.5555555555555554
1141,19,35,18,1.7894736842105263,0.359375,0.4823763889427201,3.3684210526315788
1142,20,35,18,1.8333333333333333,0.3567708333333333,0.49690399499995325,3.5555555555555554
1143,20,35,18,1.8333333333333333,0.35416666666666663,0.49690399499995325,3.5555555555555554
1144,19,35,18,1.7894736842105263,0.359375,0.4823763889427201,3.3684210526315788
1145,20,35,18,1.8333333333333333,0.359375,0.49690399499995325,3.5555555555555554
1146,19,34,19,1.736842105263158,0.375,0.4823763889427201,3.3684210526315788
1147,20,31,20,1.7777777777777777,0.3994708994708994,0.6009252125773316,3.5
1148,20,38,17,1.8333333333333333,0.328125,0.49690399499995325,3.5555555555555554
1149,21,34,17,1.8823529411764706,0.35677083333333337,0.42418250299576343,3.764705882352941
1150,20,37,17,1.7777777777777777,0.33854166666666663,0.49690399499995325,3.5555555555555554
1151,21,34,19,1.8823529411764706,0.37239583333333337,0.42418250299576343,3.764705882352941
1152,20,37,17,1.8333333333333333,0.3359375,0.49690399499995325,3.5555555555555554
1153,20,40,16,1.7777777777777777,0.30729166666666663,0.49690399499995325,3.5555555555555554
1154,20,35,19,1.8333333333333333,0.3671875,0.49690399499995325,3.5555555555555554
1155,19,37,18,1.7894736842105263,0.34375,0.4823763889427201,3.3684210526315788
1156,20,35,18,1.8333333333333333,0.359375,0.49690399499995325,3.5555555555555554
1157,20,38,15,1.8333333333333333,0.30989583333333337,0.49690399499995325,3.5555555555555554
1158,20,37,17,1.7777777777777777,0.33333333333333326,0.6009252125773316,3.5
1159,19,34,20,1.7894736842105263,0.38541666666666663,0.4823763889427201,3.3684210526315788
1160,19,33,19,1.7894736842105263,0.3828125,0.4823763889427201,3.3684210526315788
1161,19,37,16,1.7894736842105263,0.328125,0.4823763889427201,3.3684210526315788
1162,20,39,17,1.8333333333333333,0.3255208333333333,0.49690399499995325,3.5555555555555554
1163,19,37,14,1.6842105263157894,0.3125,0.4823763889427201,3.3684210526315788
1164,20,33,18,1.8333333333333333,0.37239583333333337,0.49690399499995325,3.5555555555555554
1165,20,36,17,1.8333333333333333,0.3411458333333333,0.49690399499995325,3.5555555555555554
1166,19,35,17,1.7894736842105263,0.34635416666666663,0.4823763889427201,3.3684210526315788
1167,20,33,20,1.8333333333333333,0.38802083333333337,0.49690399499995325,3.5555555555555554
1168,19,36,19,1.7894736842105263,0.36197916666666663,0.4823763889427201,3.3684210526315788
1169,19,35,18,1.7894736842105263,0.359375,0.4823763889427201,3.3684210526315788
1170,19,34,19,1.7894736842105263,0.375,0.4823763889427201,3.3684210526315788
1171,21,32,18,1.8235294117647058,0.3790322580645161,0.47788461203740945,3.6470588235294117
1172,20,31,17,1.8333333333333333,0.375,0.49690399499995325,3.5555555555555554
1173,20,36,17,1.8333333333333333,0.3411458333333333,0.49690399499995325,3.5555555555555554
1174,20,36,17,1.7777777777777777,0.34114583333333337,0.49690399499995325,3.5555555555555554
1175,20,35,17,1.8333333333333333,0.34635416666666663,0.49690399499995325,3.5555555555555554
1176,19,36,17,1.736842105263158,0.3412698412698413,0.5668594533825794,3.3157894736842106
1177,19,32,21,1.7894736842105263,0.4036458333333333,0.4823763889427201,3.3684210526315788
1178,19,32,19,1.7894736842105263,0.3880208333333333,0.4823763889427201,3.3684210526315788
1179,20,33,17,1.8333333333333333,0.359375,0.49690399499995325,3.5555555555555554
1180,20,37,17,1.8333333333333333,0.3359375,0.49690399499995325,3.5555555555555554
1181,20,31,19,1.8333333333333333,0.39322916666666663,0.49690399499995325,3.5555555555555554
1182,20,35,18,1.8333333333333333,0.3567708333333333,0.49690399499995325,3.5555555555555554
1183,20,39,16,1.8333333333333333,0.3125,0.49690399499995325,3.5555555555555554
1184,20,35,19,1.8333333333333333,0.3671875,0.49690399499995325,3.5555555555555554
1185,19,33,19,1.7894736842105263,0.38020833333333337,0.4823763889427201,3.3684210526315788
1186,20,36,18,1.8333333333333333,0.3515625,0.49690399499995325,3.5555555555555554
1187,19,33,20,1.736842105263158,0.3880208333333333,0.4823763889427201,3.3684210526315788
1188,19,36,19,1.7894736842105263,0.359375,0.4823763889427201,3.3684210526315788
1189,20,35,17,1.8333333333333333,0.3489583333333333,0.49690399499995325,3.5555555555555554
1190,20,34,16,1.8333333333333333,0.3489583333333333,0.49690399499995325,3.5555555555555554
1191,19,37,16,1.7894736842105263,0.32552083333333337,0.4823763889427201,3.3684210526315788
1192,19,34,18,1.7894736842105263,0.3671875,0.4823763889427201,3.3684210526315788
1193,19,34,19,1.7894736842105263,0.3723958333333333,0.4823763889427201,3.3684210526315788
1194,19,34,18,1.7894736842105263,0.3645833333333333,0.4823763889427201,3.3684210526315788
1195,19,34,17,1.736842105263158,0.3567708333333333,0.4823763889427201,3.3684210526315788
1196,20,36,19,1.8333333333333333,0.359375,0.49690399499995325,3.5555555555555554
1197,20,33,18,1.8333333333333333,0.36979166666666663,0.49690399499995325,3.5555555555555554
1198,19,33,19,1.7894736842105263,0.3802083333333333,0.4823763889427201,3.3684210526315788
1199,19,37,17,1.7894736842105263,0.3359375,0.4823763889427201,3.3684210526315788
1200,19,33,19,1.736842105263158,0.38095238095238093,0.5668594533825794,3.3157894736842106
1201,19,37,18,1.736842105263158,0.34375,0.48237638894272,3.3684210526315788
1202,19,33,19,1.7894736842105263,0.37760416666666663,0.4823763889427201,3.3684210526315788
1203,19,34,18,1.736842105263158,0.3671875,0.4823763889427201,3.3684210526315788
1204,19,35,19,1.7894736842105263,0.3645833333333333,0.48237638894272,3.3684210526315788
1205,19,35,18,1.7894736842105263,0.359375,0.4823763889427201,3.3684210526315788
1206,19,34,18,1.736842105263158,0.36458333333333337,0.4823763889427201,3.3684210526315788
1207,19,35,18,1.7894736842105263,0.359375,0.4823763889427201,3.3684210526315788
1208,20,36,18,1.7777777777777777,0.35416666666666663,0.49690399499995325,3.5555555555555554
1209,19,38,16,1.7894736842105263,0.3203125,0.4823763889427201,3.3684210526315788
1210,19,34,18,1.736842105263158,0.36507936507936506,0.5668594533825794,3.3157894736842106
1211,19,35,18,1.7894736842105263,0.3567708333333333,0.4823763889427201,3.3684210526315788
1212,20,34,19,1.8333333333333333,0.37239583333333337,0.49690399499995325,3.5555555555555554
1213,20,35,18,1.8333333333333333,0.36197916666666663,0.49690399499995325,3.5555555555555554
1214,20,35,19,1.8333333333333333,0.3671875,0.49690399499995325,3.5555555555555554
1215,19,36,15,1.736842105263158,0.32291666666666663,0.4823763889427201,3.3684210526315788
1216,19,35,17,1.7894736842105263,0.3489583333333333,0.4823763889427201,3.3684210526315788
1217,20,35,17,1.8333333333333333,0.3489583333333333,0.49690399499995325,3.5555555555555554
1218,21,41,15,1.8823529411764706,0.29166666666666663,0.42418250299576343,3.764705882352941
1219,19,36,18,1.7894736842105263,0.3515625,0.4823763889427201,3.3684210526315788
1220,19,34,19,1.7894736842105263,0.3723958333333333,0.4823763889427201,3.3684210526315788
1221,19,37,16,1.7894736842105263,0.32552083333333337,0.4823763889427201,3.3684210526315788
1222,19,38,17,1.736842105263158,0.328125,0.4823763889427201,3.3684210526315788
1223,19,33,19,1.7894736842105263,0.38541666666666663,0.4823763889427201,3.3684210526315788
1224,20,32,21,1.8333333333333333,0.4036458333333333,0.49690399499995325,3.5555555555555554
1225,20,36,18,1.8333333333333333,0.3515625,0.49690399499995325,3.5555555555555554
1226,19,34,18,1.7894736842105263,0.3645833333333333,0.48237638894272,3.3684210526315788
1227,19,37,17,1.7894736842105263,0.33854166666666663,0.4823763889427201,3.3684210526315788
1228,19,33,18,1.7894736842105263,0.3723958333333333,0.4823763889427201,3.3684210526315788
1229,19,32,20,1.7894736842105263,0.3958333333333333,0.4823763889427201,3.3684210526315788
1230,19,39,17,1.7894736842105263,0.32291666666666663,0.4823763889427201,3.3684210526315788
1231,20,33,19,1.8333333333333333,0.37760416666666663,0.49690399499995325,3.5555555555555554
1232,19,34,18,1.7894736842105263,0.3671875,0.4823763889427201,3.3684210526315788
1233,20,33,19,1.8333333333333333,0.3802083333333333,0.49690399499995325,3.5555555555555554
1234,19,34,19,1.7894736842105263,0.375,0.4823763889427201,3.3684210526315788
1235,19,35,17,1.7894736842105263,0.3489583333333333,0.4823763889427201,3.3684210526315788
1236,20,33,20,1.7777777777777777,0.390625,0.49690399499995325,3.5555555555555554
1237,19,35,19,1.736842105263158,0.36979166666666663,0.4823763889427201,3.3684210526315788
1238,20,35,19,1.8333333333333333,0.3671875,0.49690399499995325,3.5555555555555554
1239,19,38,17,1.7894736842105263,0.3255208333333333,0.4823763889427201,3.3684210526315788
1240,19,34,19,1.736842105263158,0.375,0.4823763889427201,3.3684210526315788
1241,19,32,21,1.7894736842105263,0.40625,0.4823763889427201,3.3684210526315788
1242,19,31,21,1.7894736842105263,0.4140625,0.4823763889427201,3.3684210526315788
1243,19,38,14,1.6842105263157894,0.30729166666666663,0.4823763889427201,3.3684210526315788
1244,19,36,18,1.7894736842105263,0.3515625,0.48237638894272,3.3684210526315788
1245,19,32,20,1.7894736842105263,0.39583333333333337,0.4823763889427201,3.3684210526315788
1246,19,43,12,1.6842105263157894,0.24739583333333331,0.4823763889427201,3.3684210526315788
1247,19,35,16,1.7894736842105263,0.34114583333333337,0.4823763889427201,3.3684210526315788
1248,20,32,19,1.8333333333333333,0.3880208333333333,0.49690399499995325,3.5555555555555554
1249,20,35,19,1.8333333333333333,0.3671875,0.49690399499995325,3.5555555555555554
1250,19,35,18,1.7894736842105263,0.359375,0.4823763889427201,3.3684210526315788
1251,20,32,18,1.8333333333333333,0.3828125,0.49690399499995325,3.5555555555555554
1252,18,35,17,1.75,0.34895833333333337,0.39999999999999997,3.2
1253,20,34,19,1.8333333333333333,0.375,0.49690399499995325,3.5555555555555554
1254,19,32,19,1.736842105263158,0.3888888888888889,0.5668594533825794,3.3157894736842106
1255,20,32,20,1.7777777777777777,0.3932291666666667,0.49690399499995325,3.5555555555555554
1256,20,35,18,1.8333333333333333,0.36197916666666663,0.49690399499995325,3.5555555555555554
1257,20,34,18,1.7777777777777777,0.36458333333333337,0.49690399499995325,3.5555555555555554
1258,19,33,19,1.7894736842105263,0.3802083333333333,0.4823763889427201,3.3684210526315788
1259,20,32,20,1.8333333333333333,0.39583333333333337,0.49690399499995325,3.5555555555555554
1260,20,35,18,1.7777777777777777,0.35677083333333337,0.49690399499995325,3.5555555555555554
1261,19,37,17,1.7894736842105263,0.3359375,0.4823763889427201,3.3684210526315788
1262,20,34,20,1.8333333333333333,0.3828125,0.49690399499995325,3.5555555555555554
1263,21,35,19,1.8823529411764706,0.3645833333333333,0.42418250299576343,3.764705882352941
1264,19,33,19,1.7894736842105263,0.3802083333333333,0.4823763889427201,3.3684210526315788
1265,20,35,19,1.8333333333333333,0.3671875,0.49690399499995325,3.5555555555555554
1266,20,35,18,1.7777777777777777,0.359375,0.49690399499995325,3.5555555555555554
1267,19,34,18,1.7894736842105263,0.3671875,0.4823763889427201,3.3684210526315788
1268,20,33,19,1.8333333333333333,0.38020833333333337,0.49690399499995325,3.5555555555555554
1269,19,35,15,1.736842105263158,0.328125,0.4823763889427201,3.3684210526315788
1270,19,34,20,1.7894736842105263,0.3828125,0.4823763889427201,3.3684210526315788
1271,19,33,20,1.736842105263158,0.390625,0.4823763889427201,3.3684210526315788
1272,19,32,18,1.7894736842105263,0.375,0.4823763889427201,3.3684210526315788
1273,19,33,19,1.7894736842105263,0.38020833333333337,0.4823763889427201,3.3684210526315788
1274,19,34,18,1.736842105263158,0.36507936507936506,0.5668594533825794,3.3157894736842106
1275,19,33,19,1.7894736842105263,0.3802083333333333,0.4823763889427201,3.3684210526315788
1276,19,33,19,1.7894736842105263,0.3802083333333333,0.4823763889427201,3.3684210526315788
1277,20,29,21,1.8333333333333333,0.42447916666666663,0.49690399499995325,3.5555555555555554
1278,19,32,20,1.7894736842105263,0.3958333333333333,0.4823763889427201,3.3684210526315788
1279,20,36,19,1.8333333333333333,0.36197916666666663,0.49690399499995325,3.5555555555555554
1280,20,30,20,1.8333333333333333,0.4114583333333333,0.49690399499995325,3.5555555555555554
1281,20,34,19,1.7777777777777777,0.37037037037037035,0.6009252125773316,3.5
1282,20,34,19,1.8333333333333333,0.375,0.49690399499995325,3.5555555555555554
1283,19,32,19,1.7894736842105263,0.38541666666666663,0.4823763889427201,3.3684210526315788
1284,20,32,19,1.8333333333333333,0.38541666666666663,0.49690399499995325,3.5555555555555554
1285,19,33,19,1.7894736842105263,0.38020833333333337,0.4823763889427201,3.3684210526315788
1286,19,34,19,1.7894736842105263,0.375,0.4823763889427201,3.3684210526315788
1287,19,31,19,1.7894736842105263,0.38802083333333337,0.4823763889427201,3.3684210526315788
1288,18,33,17,1.75,0.3645833333333333,0.39999999999999997,3.2
1289,19,36,17,1.7894736842105263,0.34375,0.4823763889427201,3.3684210526315788
1290,19,33,19,1.7894736842105263,0.3828125,0.4823763889427201,3.3684210526315788
1291,20,37,18,1.8333333333333333,0.34375,0.49690399499995325,3.5555555555555554
1292,19,34,19,1.7894736842105263,0.37239583333333337,0.4823763889427201,3.3684210526315788
1293,20,33,20,1.8333333333333333,0.3880208333333333,0.49690399499995325,3.5555555555555554
1294,19,34,19,1.736842105263158,0.37760416666666663,0.4823763889427201,3.3684210526315788
1295,20,32,19,1.8333333333333333,0.38802083333333337,0.49690399499995325,3.5555555555555554
1296,20,32,19,1.8333333333333333,0.3880208333333333,0.49690399499995325,3.5555555555555554
1297,20,35,19,1.8333333333333333,0.3671875,0.49690399499995325,3.5555555555555554
1298,19,36,16,1.7894736842105263,0.3333333333333333,0.4823763889427201,3.3684210526315788
1299,19,32,20,1.7894736842105263,0.3984375,0.48237638894272,3.3684210526315788
1300,19,31,20,1.7894736842105263,0.4010416666666667,0.4823763889427201,3.3684210526315788
1301,19,29,22,1.7894736842105263,0.43229166666666663,0.4823763889427201,3.3684210526315788
1302,19,30,19,1.7894736842105263,0.3984375,0.4823763889427201,3.3684210526315788
1303,19,37,18,1.736842105263158,0.34375,0.4823763889427201,3.3684210526315788
1304,19,34,19,1.7894736842105263,0.375,0.4823763889427201,3.3684210526315788
1305,19,35,19,1.7894736842105263,0.3671875,0.4823763889427201,3.3684210526315788
1306,20,33,19,1.8333333333333333,0.37760416666666663,0.49690399499995325,3.5555555555555554
1307,19,32,19,1.7894736842105263,0.38802083333333337,0.4823763889427201,3.3684210526315788
1308,20,30,20,1.8333333333333333,0.4140625,0.49690399499995325,3.5555555555555554
1309,20,32,18,1.8333333333333333,0.3802083333333333,0.49690399499995325,3.5555555555555554
1310,19,33,17,1.7894736842105263,0.359375,0.4823763889427201,3.3684210526315788
1311,20,35,18,1.8333333333333333,0.359375,0.49690399499995325,3.5555555555555554
1312,19,36,18,1.7894736842105263,0.3515625,0.4823763889427201,3.3684210526315788
1313,19,29,20,1.7894736842105263,0.4140625,0.4823763889427201,3.3684210526315788
1314,19,30,20,1.7894736842105263,0.4114583333333333,0.4823763889427201,3.3684210526315788
1315,20,34,19,1.8333333333333333,0.375,0.49690399499995325,3.5555555555555554
1316,19,37,18,1.736842105263158,0.34635416666666663,0.4823763889427201,3.3684210526315788
1317,19,30,20,1.7894736842105263,0.40625,0.4823763889427201,3.3684210526315788
1318,19,33,19,1.7894736842105263,0.3828125,0.48237638894272,3.3684210526315788
1319,19,30,20,1.7894736842105263,0.4114583333333333,0.4823763889427201,3.3684210526315788
1320,19,36,19,1.736842105263158,0.359375,0.4823763889427201,3.3684210526315788
1321,18,32,21,1.75,0.40625,0.39999999999999997,3.2
1322,20,31,19,1.8333333333333333,0.3932291666666667,0.49690399499995325,3.5555555555555554
1323,19,35,19,1.736842105263158,0.36979166666666663,0.4823763889427201,3.3684210526315788
1324,19,39,17,1.736842105263158,0.3255208333333333,0.4823763889427201,3.3684210526315788
1325,19,33,20,1.7894736842105263,0.390625,0.4823763889427201,3.3684210526315788
1326,19,33,19,1.7894736842105263,0.3828125,0.4823763889427201,3.3684210526315788
1327,20,33,22,1.8333333333333333,0.4088541666666667,0.49690399499995325,3.5555555555555554
1328,19,33,18,1.7894736842105263,0.3697916666666667,0.4823763889427201,3.3684210526315788
1329,20,33,19,1.8333333333333333,0.38020833333333337,0.49690399499995325,3.5555555555555554
1330,20,35,19,1.7777777777777777,0.3671875,0.49690399499995325,3.5555555555555554
1331,19,32,18,1.736842105263158,0.3783068783068783,0.5668594533825794,3.3157894736842106
1332,19,35,19,1.7894736842105263,0.3671875,0.4823763889427201,3.3684210526315788
1333,19,36,18,1.7894736842105263,0.3515625,0.48237638894272,3.3684210526315788
1334,20,36,16,1.7777777777777777,0.33068783068783064,0.6009252125773316,3.5
1335,20,32,19,1.8333333333333333,0.3880208333333333,0.49690399499995325,3.5555555555555554
1336,20,33,19,1.8333333333333333,0.3828125,0.49690399499995325,3.5555555555555554
1337,18,32,21,1.75,0.40625,0.39999999999999997,3.2
1338,20,32,19,1.8333333333333333,0.38541666666666663,0.49690399499995325,3.5555555555555554
1339,20,32,19,1.8333333333333333,0.38541666666666663,0.49690399499995325,3.5555555555555554
1340,19,34,19,1.736842105263158,0.3697916666666667,0.4823763889427201,3.3684210526315788
1341,20,35,19,1.8333333333333333,0.3671875,0.49690399499995325,3.5555555555555554
1342,20,32,19,1.8333333333333333,0.38802083333333337,0.49690399499995325,3.5555555555555554
1343,19,33,20,1.736842105263158,0.390625,0.4823763889427201,3.3684210526315788
1344,18,37,19,1.75,0.35416666666666663,0.39999999999999997,3.2
1345,19,34,18,1.7894736842105263,0.3645833333333333,0.4823763889427201,3.3684210526315788
1346,19,37,18,1.7894736842105263,0.34635416666666663,0.4823763889427201,3.3684210526315788
1347,20,31,20,1.8333333333333333,0.4010416666666667,0.49690399499995325,3.5555555555555554
1348,20,35,18,1.8333333333333333,0.359375,0.49690399499995325,3.5555555555555554
1349,19,35,17,1.736842105263158,0.3465608465608466,0.5668594533825794,3.3157894736842106
1350,19,35,19,1.736842105263158,0.3671875,0.4823763889427201,3.3684210526315788
1351,20,34,19,1.8333333333333333,0.3723958333333333,0.49690399499995325,3.5555555555555554
1352,20,33,19,1.8333333333333333,0.37760416666666663,0.49690399499995325,3.5555555555555554
1353,20,34,19,1.8333333333333333,0.375,0.49690399499995325,3.5555555555555554
1354,20,30,22,1.7777777777777777,0.42447916666666663,0.49690399499995325,3.5555555555555554
1355,19,37,18,1.7894736842105263,0.34635416666666663,0.48237638894272,3.3684210526315788
1356,19,32,20,1.7894736842105263,0.39583333333333337,0.48237638894272,3.3684210526315788
1357,19,33,19,1.7894736842105263,0.3802083333333333,0.4823763889427201,3.3684210526315788
1358,20,31,19,1.8333333333333333,0.39583333333333337,0.49690399499995325,3.5555555555555554
1359,21,35,19,1.8823529411764706,0.3671875,0.42418250299576343,3.764705882352941
1360,19,33,20,1.7894736842105263,0.3880208333333333,0.4823763889427201,3.3684210526315788
1361,20,35,18,1.8333333333333333,0.3567708333333333,0.49690399499995325,3.5555555555555554
1362,19,32,19,1.7894736842105263,0.3854166666666667,0.4823763889427201,3.3684210526315788
1363,20,34,19,1.8333333333333333,0.375,0.49690399499995325,3.5555555555555554
1364,19,33,19,1.7894736842105263,0.3802083333333333,0.4823763889427201,3.3684210526315788
1365,19,30,19,1.736842105263158,0.4021164021164021,0.5668594533825794,3.3157894736842106
1366,20,31,20,1.8333333333333333,0.40625,0.49690399499995325,3.5555555555555554
1367,19,34,19,1.7894736842105263,0.375,0.4823763889427201,3.3684210526315788
1368,19,31,20,1.7894736842105263,0.40104166666666663,0.4823763889427201,3.3684210526315788
1369,19,31,19,1.7894736842105263,0.39322916666666663,0.4823763889427201,3.3684210526315788
1370,19,38,17,1.7894736842105263,0.328125,0.4823763889427201,3.3684210526315788
1371,20,36,18,1.8333333333333333,0.3515625,0.49690399499995325,3.5555555555555554
1372,20,31,20,1.8333333333333333,0.40364583333333337,0.49690399499995325,3.5555555555555554
1373,20,35,18,1.8333333333333333,0.359375,0.49690399499995325,3.5555555555555554
1374,20,29,20,1.8333333333333333,0.4140625,0.49690399499995325,3.5555555555555554
1375,19,38,17,1.7894736842105263,0.328125,0.4823763889427201,3.3684210526315788
1376,19,39,17,1.7894736842105263,0.3255208333333333,0.4823763889427201,3.3684210526315788
1377,19,36,17,1.7894736842105263,0.3411458333333333,0.4823763889427201,3.3684210526315788
1378,20,34,19,1.8333333333333333,0.375,0.49690399499995325,3.5555555555555554
1379,19,35,19,1.736842105263158,0.36979166666666663,0.4823763889427201,3.3684210526315788
1380,19,34,18,1.736842105263158,0.3671875,0.4823763889427201,3.3684210526315788
1381,19,34,18,1.7894736842105263,0.3645833333333333,0.4823763889427201,3.3684210526315788
1382,20,34,19,1.8333333333333333,0.375,0.49690399499995325,3.5555555555555554
1383,19,32,20,1.7894736842105263,0.39322916666666663,0.48237638894272,3.3684210526315788
1384,18,33,19,1.7,0.38095238095238093,0.47696960070847283,3.15
1385,19,34,19,1.7894736842105263,0.3723958333333333,0.4823763889427201,3.3684210526315788
1386,21,33,19,1.8823529411764706,0.38020833333333337,0.42418250299576343,3.764705882352941
1387,19,31,19,1.7894736842105263,0.390625,0.4823763889427201,3.3684210526315788
1388,19,33,20,1.7894736842105263,0.390625,0.4823763889427201,3.3684210526315788
1389,19,34,19,1.7894736842105263,0.3723958333333333,0.4823763889427201,3.3684210526315788
1390,19,34,17,1.7894736842105263,0.3567708333333333,0.4823763889427201,3.3684210526315788
1391,19,32,21,1.736842105263158,0.4036458333333333,0.4823763889427201,3.3684210526315788
1392,19,33,19,1.7894736842105263,0.3802083333333333,0.4823763889427201,3.3684210526315788
1393,20,34,19,1.8333333333333333,0.375,0.49690399499995325,3.5555555555555554
1394,20,30,20,1.8333333333333333,0.40625,0.49690399499995325,3.5555555555555554
1395,19,34,19,1.7894736842105263,0.375,0.4823763889427201,3.3684210526315788
1396,19,34,20,1.736842105263158,0.3828125,0.4823763889427201,3.3684210526315788
1397,19,32,20,1.7894736842105263,0.3958333333333333,0.4823763889427201,3.3684210526315788
1398,20,31,20,1.7777777777777777,0.3984375,0.49690399499995325,3.5555555555555554
1399,20,33,19,1.8333333333333333,0.3802083333333333,0.49690399499995325,3.5555555555555554
1400,20,33,19,1.8333333333333333,0.3802083333333333,0.49690399499995325,3.5555555555555554
1401,19,33,18,1.7894736842105263,0.3697916666666667,0.4823763889427201,3.3684210526315788
1402,20,33,19,1.7777777777777777,0.38020833333333337,0.49690399499995325,3.5555555555555554
1403,19,33,19,1.7894736842105263,0.3802083333333333,0.4823763889427201,3.3684210526315788
1404,20,32,19,1.8333333333333333,0.3880208333333333,0.49690399499995325,3.5555555555555554
1405,20,32,20,1.7777777777777777,0.3932291666666667,0.49690399499995325,3.5555555555555554
1406,20,35,18,1.8333333333333333,0.3567708333333333,0.49690399499995325,3.5555555555555554
1407,20,35,19,1.8333333333333333,0.3671875,0.49690399499995325,3.5555555555555554
1408,19,33,19,1.7894736842105263,0.3828125,0.4823763889427201,3.3684210526315788
1409,20,33,20,1.7777777777777777,0.3880208333333333,0.49690399499995325,3.5555555555555554
1410,20,41,11,1.8333333333333333,0.2578125,0.49690399499995325,3.5555555555555554
1411,19,30,19,1.7894736842105263,0.3984375,0.4823763889427201,3.3684210526315788
1412,19,32,19,1.7894736842105263,0.3880208333333333,0.4823763889427201,3.3684210526315788
1413,19,30,19,1.7894736842105263,0.3984375,0.4823763889427201,3.3684210526315788
1414,19,38,13,1.736842105263158,0.291005291005291,0.5668594533825794,3.3157894736842106
1415,20,33,20,1.7777777777777777,0.3880208333333333,0.49690399499995325,3.5555555555555554
1416,19,37,15,1.736842105263158,0.3177083333333333,0.4823763889427201,3.3684210526315788
1417,20,34,19,1.8333333333333333,0.375,0.49690399499995325,3.5555555555555554
1418,20,38,17,1.7777777777777777,0.3255208333333333,0.49690399499995325,3.5555555555555554
1419,20,36,18,1.8333333333333333,0.3515625,0.49690399499995325,3.5555555555555554
1420,19,34,18,1.7894736842105263,0.3645833333333333,0.4823763889427201,3.3684210526315788
1421,19,31,20,1.7894736842105263,0.40364583333333337,0.4823763889427201,3.3684210526315788
1422,19,33,19,1.7894736842105263,0.3802083333333333,0.4823763889427201,3.3684210526315788
1423,19,35,19,1.736842105263158,0.36979166666666663,0.4823763889427201,3.3684210526315788
1424,20,32,19,1.8333333333333333,0.390625,0.49690399499995325,3.5555555555555554
1425,19,35,19,1.736842105263158,0.3671875,0.4823763889427201,3.3684210526315788
1426,20,34,19,1.8333333333333333,0.3723958333333333,0.49690399499995325,3.5555555555555554
1427,20,32,20,1.8333333333333333,0.3932291666666667,0.49690399499995325,3.5555555555555554
1428,19,33,19,1.736842105263158,0.38095238095238093,0.5668594533825794,3.3157894736842106
1429,19,40,14,1.7894736842105263,0.29166666666666663,0.4823763889427201,3.3684210526315788
1430,18,33,19,1.75,0.3802083333333333,0.39999999999999997,3.2
1431,20,36,18,1.8333333333333333,0.35416666666666663,0.49690399499995325,3.5555555555555554
1432,19,31,19,1.7894736842105263,0.39322916666666663,0.4823763889427201,3.3684210526315788
1433,20,31,19,1.8333333333333333,0.3958333333333333,0.49690399499995325,3.5555555555555554
1434,20,32,19,1.8333333333333333,0.38541666666666663,0.49690399499995325,3.5555555555555554
1435,19,33,19,1.7894736842105263,0.38020833333333337,0.4823763889427201,3.3684210526315788
1436,19,32,19,1.7894736842105263,0.38802083333333337,0.4823763889427201,3.3684210526315788
1437,19,33,18,1.7894736842105263,0.3723958333333333,0.4823763889427201,3.3684210526315788
1438,19,34,19,1.7894736842105263,0.375,0.4823763889427201,3.3684210526315788
1439,19,31,19,1.7894736842105263,0.39322916666666663,0.4823763889427201,3.3684210526315788
1440,18,37,19,1.7,0.35416666666666663,0.39999999999999997,3.2
1441,19,32,21,1.736842105263158,0.4036458333333333,0.4823763889427201,3.3684210526315788
1442,19,34,19,1.7894736842105263,0.3723958333333333,0.48237638894272,3.3684210526315788
1443,19,33,20,1.736842105263158,0.3854166666666667,0.4823763889427201,3.3684210526315788
1444,20,34,17,1.7777777777777777,0.35416666666666663,0.49690399499995325,3.5555555555555554
1445,19,32,19,1.7894736842105263,0.3854166666666667,0.4823763889427201,3.3684210526315788
1446,20,32,19,1.8333333333333333,0.38802083333333337,0.49690399499995325,3.5555555555555554
1447,19,30,20,1.7894736842105263,0.40625,0.4823763889427201,3.3684210526315788
1448,19,38,18,1.736842105263158,0.3359375,0.4823763889427201,3.3684210526315788
1449,20,34,20,1.7777777777777777,0.3828125,0.49690399499995325,3.5555555555555554
1450,20,33,20,1.7777777777777777,0.390625,0.49690399499995325,3.5555555555555554
1451,19,35,20,1.6842105263157894,0.37566137566137564,0.5668594533825794,3.3157894736842106
1452,20,30,19,1.8333333333333333,0.4010416666666667,0.49690399499995325,3.5555555555555554
1453,20,30,19,1.8333333333333333,0.39583333333333337,0.49690399499995325,3.5555555555555554
1454,20,32,19,1.8333333333333333,0.3854166666666667,0.49690399499995325,3.5555555555555554
1455,20,36,19,1.7777777777777777,0.35978835978835977,0.6009252125773316,3.5
1456,20,33,19,1.8333333333333333,0.3802083333333333,0.49690399499995325,3.5555555555555554
1457,19,35,20,1.736842105263158,0.37760416666666663,0.4823763889427201,3.3684210526315788
1458,19,36,18,1.7894736842105263,0.34895833333333337,0.4823763889427201,3.3684210526315788
1459,20,33,19,1.8333333333333333,0.3802083333333333,0.49690399499995325,3.5555555555555554
1460,20,31,18,1.8333333333333333,0.38541666666666663,0.49690399499995325,3.5555555555555554
1461,20,31,20,1.8333333333333333,0.40364583333333337,0.49690399499995325,3.5555555555555554
1462,19,36,18,1.736842105263158,0.34895833333333337,0.4823763889427201,3.3684210526315788
1463,19,32,21,1.7894736842105263,0.40625,0.4823763889427201,3.3684210526315788
1464,20,30,20,1.8333333333333333,0.40885416666666663,0.49690399499995325,3.5555555555555554
1465,19,32,19,1.7894736842105263,0.3880208333333333,0.4823763889427201,3.3684210526315788
1466,19,32,19,1.7894736842105263,0.3880208333333333,0.4823763889427201,3.3684210526315788
1467,20,38,16,1.7777777777777777,0.32291666666666663,0.49690399499995325,3.5555555555555554
1468,20,33,20,1.7777777777777777,0.3880208333333333,0.49690399499995325,3.5555555555555554
1469,20,29,20,1.7777777777777777,0.4140625,0.49690399499995325,3.5555555555555554
1470,19,38,18,1.736842105263158,0.3333333333333333,0.4823763889427201,3.3684210526315788
1471,19,30,22,1.6842105263157894,0.4259259259259259,0.5668594533825794,3.3157894736842106
1472,20,32,19,1.8333333333333333,0.3880208333333333,0.49690399499995325,3.5555555555555554
1473,19,32,17,1.7894736842105263,0.36979166666666663,0.4823763889427201,3.3684210526315788
1474,20,33,19,1.8333333333333333,0.3802083333333333,0.49690399499995325,3.5555555555555554
1475,20,32,20,1.8333333333333333,0.3984375,0.49690399499995325,3.5555555555555554
1476,20,31,20,1.8333333333333333,0.40364583333333337,0.49690399499995325,3.5555555555555554
1477,20,30,20,1.8333333333333333,0.4114583333333333,0.49690399499995325,3.5555555555555554
1478,19,32,19,1.7894736842105263,0.38541666666666663,0.4823763889427201,3.3684210526315788
1479,19,31,19,1.7894736842105263,0.3932291666666667,0.4823763889427201,3.3684210526315788
1480,20,34,19,1.8333333333333333,0.375,0.49690399499995325,3.5555555555555554
1481,20,33,18,1.8333333333333333,0.375,0.49690399499995325,3.5555555555555554
1482,19,32,21,1.736842105263158,0.40625,0.4823763889427201,3.3684210526315788
1483,19,35,18,1.7894736842105263,0.35677083333333337,0.4823763889427201,3.3684210526315788
1484,20,31,20,1.8333333333333333,0.4036458333333333,0.49690399499995325,3.5555555555555554
1485,20,32,20,1.8333333333333333,0.39583333333333337,0.49690399499995325,3.5555555555555554
1486,19,31,19,1.7894736842105263,0.390625,0.4823763889427201,3.3684210526315788
1487,19,30,19,1.7894736842105263,0.40104166666666663,0.4823763889427201,3.3684210526315788
1488,19,31,18,1.736842105263158,0.38359788359788355,0.5668594533825794,3.3157894736842106
1489,20,32,20,1.7777777777777777,0.39583333333333337,0.49690399499995325,3.5555555555555554
1490,19,33,19,1.7894736842105263,0.3802083333333333,0.4823763889427201,3.3684210526315788
1491,20,34,19,1.7777777777777777,0.375,0.49690399499995325,3.5555555555555554
1492,20,34,20,1.7777777777777777,0.3828125,0.49690399499995325,3.5555555555555554
1493,20,34,20,1.7777777777777777,0.3828125,0.49690399499995325,3.5555555555555554
1494,19,32,19,1.7894736842105263,0.3854166666666667,0.4823763889427201,3.3684210526315788
1495,19,31,19,1.7894736842105263,0.39322916666666663,0.4823763889427201,3.3684210526315788
1496,20,37,15,1.7777777777777777,0.3177083333333333,0.49690399499995325,3.5555555555555554
1497,20,30,19,1.8333333333333333,0.4036458333333333,0.49690399499995325,3.5555555555555554
1498,20,34,19,1.8333333333333333,0.3723958333333333,0.49690399499995325,3.5555555555555554
1499,19,29,20,1.736842105263158,0.4153439153439153,0.5668594533825794,3.3157894736842106
1500,19,35,19,1.736842105263158,0.36979166666666663,0.4823763889427201,3.3684210526315788
1501,19,32,19,1.7894736842105263,0.38541666666666663,0.4823763889427201,3.3684210526315788
1502,19,31,19,1.736842105263158,0.39153439153439157,0.5668594533825794,3.3157894736842106
1503,19,32,19,1.7894736842105263,0.3854166666666667,0.4823763889427201,3.3684210526315788
1504,18,32,20,1.7,0.3932291666666667,0.39999999999999997,3.2
1505,19,28,19,1.7894736842105263,0.4114583333333333,0.4823763889427201,3.3684210526315788
1506,19,30,20,1.7894736842105263,0.4088541666666667,0.4823763889427201,3.3684210526315788
1507,21,35,18,1.8235294117647058,0.3567708333333333,0.42418250299576343,3.764705882352941
1508,19,35,20,1.736842105263158,0.37239583333333337,0.4823763889427201,3.3684210526315788
1509,20,33,19,1.8333333333333333,0.3802083333333333,0.49690399499995325,3.5555555555555554
1510,19,33,19,1.7894736842105263,0.3802083333333333,0.48237638894272,3.3684210526315788
1511,19,31,19,1.7894736842105263,0.3958333333333333,0.4823763889427201,3.3684210526315788
1512,19,33,18,1.7894736842105263,0.37239583333333337,0.4823763889427201,3.3684210526315788
1513,19,33,21,1.736842105263158,0.3984375,0.4823763889427201,3.3684210526315788
1514,19,34,19,1.7894736842105263,0.375,0.4823763889427201,3.3684210526315788
1515,20,34,19,1.7777777777777777,0.3723958333333333,0.49690399499995325,3.5555555555555554
1516,20,33,20,1.7777777777777777,0.3880208333333333,0.49690399499995325,3.5555555555555554
1517,19,35,19,1.736842105263158,0.3671875,0.4823763889427201,3.3684210526315788
1518,20,34,19,1.8333333333333333,0.3723958333333333,0.49690399499995325,3.5555555555555554
1519,19,29,20,1.7894736842105263,0.4140625,0.4823763889427201,3.3684210526315788
1520,19,30,19,1.7894736842105263,0.3984375,0.4823763889427201,3.3684210526315788
1521,20,30,19,1.7777777777777777,0.3968253968253968,0.6009252125773316,3.5
1522,20,34,17,1.8333333333333333,0.359375,0.49690399499995325,3.5555555555555554
1523,19,31,21,1.736842105263158,0.40885416666666663,0.4823763889427201,3.3684210526315788
1524,19,38,14,1.736842105263158,0.3020833333333333,0.4823763889427201,3.3684210526315788
1525,20,33,19,1.8333333333333333,0.3802083333333333,0.49690399499995325,3.5555555555555554
1526,20,36,16,1.7777777777777777,0.33072916666666663,0.49690399499995325,3.5555555555555554
1527,20,37,16,1.8333333333333333,0.328125,0.49690399499995325,3.5555555555555554
1528,20,31,19,1.8333333333333333,0.3932291666666667,0.49690399499995325,3.5555555555555554
1529,21,35,18,1.8823529411764706,0.3567708333333333,0.42418250299576343,3.764705882352941
1530,20,33,20,1.7777777777777777,0.3880208333333333,0.49690399499995325,3.5555555555555554
1531,20,35,19,1.7777777777777777,0.3671875,0.49690399499995325,3.5555555555555554
1532,20,34,19,1.8333333333333333,0.3723958333333333,0.49690399499995325,3.5555555555555554
1533,19,28,19,1.7894736842105263,0.4114583333333333,0.4823763889427201,3.3684210526315788
1534,19,31,19,1.7894736842105263,0.3958333333333333,0.4823763889427201,3.3684210526315788
1535,20,34,19,1.7777777777777777,0.375,0.49690399499995325,3.5555555555555554
1536,20,31,22,1.7777777777777777,0.4192708333333333,0.49690399499995325,3.5555555555555554
1537,20,28,19,1.7777777777777777,0.4074074074074074,0.6009252125773316,3.5
1538,20,35,18,1.8333333333333333,0.359375,0.49690399499995325,3.5555555555555554
1539,19,33,20,1.7894736842105263,0.390625,0.4823763889427201,3.3684210526315788
1540,19,31,20,1.736842105263158,0.4010416666666667,0.4823763889427201,3.3684210526315788
1541,19,35,19,1.736842105263158,0.3671875,0.4823763889427201,3.3684210526315788
1542,20,33,20,1.7777777777777777,0.3880208333333333,0.49690399499995325,3.5555555555555554
1543,19,32,19,1.7894736842105263,0.3880208333333333,0.4823763889427201,3.3684210526315788
1544,19,33,20,1.736842105263158,0.3880208333333333,0.4823763889427201,3.3684210526315788
1545,20,35,20,1.7777777777777777,0.375,0.49690399499995325,3.5555555555555554
1546,19,31,19,1.7894736842105263,0.390625,0.4823763889427201,3.3684210526315788
1547,19,31,19,1.736842105263158,0.3941798941798942,0.5668594533825794,3.3157894736842106
1548,20,33,20,1.7777777777777777,0.38802083333333337,0.49690399499995325,3.5555555555555554
1549,19,33,19,1.736842105263158,0.3828125,0.4823763889427201,3.3684210526315788
1550,20,32,20,1.7777777777777777,0.39322916666666663,0.49690399499995325,3.5555555555555554
1551,20,33,19,1.8333333333333333,0.3802083333333333,0.49690399499995325,3.5555555555555554
1552,20,33,20,1.7777777777777777,0.3854166666666667,0.49690399499995325,3.5555555555555554
1553,20,33,20,1.7777777777777777,0.3880208333333333,0.49690399499995325,3.5555555555555554
1554,20,32,19,1.8333333333333333,0.3880208333333333,0.49690399499995325,3.5555555555555554
1555,21,35,19,1.8235294117647058,0.3671875,0.42418250299576343,3.764705882352941
1556,20,31,18,1.8333333333333333,0.38541666666666663,0.49690399499995325,3.5555555555555554
1557,20,28,21,1.7777777777777777,0.4296875,0.49690399499995325,3.5555555555555554
1558,20,37,16,1.7777777777777777,0.32552083333333337,0.49690399499995325,3.5555555555555554
1559,19,33,19,1.7894736842105263,0.3828125,0.4823763889427201,3.3684210526315788
1560,19,35,19,1.736842105263158,0.3671875,0.4823763889427201,3.3684210526315788
1561,19,34,21,1.736842105263158,0.39322916666666663,0.4823763889427201,3.3684210526315788
1562,20,32,20,1.7777777777777777,0.3958333333333333,0.49690399499995325,3.5555555555555554
1563,20,36,19,1.8333333333333333,0.359375,0.49690399499995325,3.5555555555555554
1564,20,36,18,1.7777777777777777,0.3515625,0.49690399499995325,3.5555555555555554
1565,19,36,18,1.7894736842105263,0.3515625,0.48237638894272,3.3684210526315788
1566,20,34,19,1.7777777777777777,0.37239583333333337,0.49690399499995325,3.5555555555555554
1567,20,31,20,1.7777777777777777,0.40104166666666663,0.49690399499995325,3.5555555555555554
1568,19,32,20,1.736842105263158,0.39322916666666663,0.4823763889427201,3.3684210526315788
1569,20,32,20,1.7777777777777777,0.3984375,0.49690399499995325,3.5555555555555554
1570,19,32,20,1.736842105263158,0.39322916666666663,0.4823763889427201,3.3684210526315788
1571,19,33,19,1.736842105263158,0.37760416666666663,0.4823763889427201,3.3684210526315788
1572,20,33,20,1.7777777777777777,0.390625,0.49690399499995325,3.5555555555555554
1573,19,35,19,1.736842105263158,0.36979166666666663,0.4823763889427201,3.3684210526315788
1574,20,30,21,1.7777777777777777,0.41666666666666663,0.49690399499995325,3.5555555555555554
1575,19,33,19,1.6842105263157894,0.3783068783068783,0.5668594533825794,3.3157894736842106
1576,20,32,20,1.7777777777777777,0.3958333333333333,0.49690399499995325,3.5555555555555554
1577,19,34,20,1.736842105263158,0.3802083333333333,0.4823763889427201,3.3684210526315788
1578,20,33,20,1.7777777777777777,0.3880208333333333,0.49690399499995325,3.5555555555555554
1579,20,31,20,1.7777777777777777,0.3984375,0.49690399499995325,3.5555555555555554
1580,20,30,20,1.7777777777777777,0.40885416666666663,0.49690399499995325,3.5555555555555554
1581,20,34,20,1.7777777777777777,0.3828125,0.49690399499995325,3.5555555555555554
1582,19,34,19,1.736842105263158,0.3723958333333333,0.4823763889427201,3.3684210526315788
1583,20,33,20,1.7777777777777777,0.38802083333333337,0.49690399499995325,3.5555555555555554
1584,19,33,20,1.736842105263158,0.38802083333333337,0.4823763889427201,3.3684210526315788
1585,19,35,19,1.736842105263158,0.36979166666666663,0.4823763889427201,3.3684210526315788
1586,19,32,20,1.736842105263158,0.3958333333333333,0.4823763889427201,3.3684210526315788
1587,20,34,20,1.7777777777777777,0.3828125,0.49690399499995325,3.5555555555555554
1588,20,33,20,1.7777777777777777,0.38802083333333337,0.49690399499995325,3.5555555555555554
1589,20,38,17,1.7777777777777777,0.328125,0.49690399499995325,3.5555555555555554
1590,19,34,21,1.736842105263158,0.390625,0.4823763889427201,3.3684210526315788
1591,19,30,20,1.736842105263158,0.40885416666666663,0.4823763889427201,3.3684210526315788
1592,19,38,18,1.736842105263158,0.33854166666666663,0.4823763889427201,3.3684210526315788
1593,20,34,19,1.7777777777777777,0.3723958333333333,0.49690399499995325,3.5555555555555554
1594,19,30,20,1.736842105263158,0.40885416666666663,0.4823763889427201,3.3684210526315788
1595,20,31,20,1.7777777777777777,0.4036458333333333,0.49690399499995325,3.5555555555555554
1596,20,36,19,1.7777777777777777,0.36197916666666663,0.49690399499995325,3.5555555555555554
1597,20,32,20,1.7777777777777777,0.3932291666666667,0.49690399499995325,3.5555555555555554
1598,19,34,20,1.736842105263158,0.3828125,0.4823763889427201,3.3684210526315788
1599,20,30,19,1.7777777777777777,0.3984375,0.49690399499995325,3.5555555555555554
1600,20,36,18,1.7777777777777777,0.3515625,0.49690399499995325,3.5555555555555554
1601,19,33,20,1.736842105263158,0.38541666666666663,0.4823763889427201,3.3684210526315788
1602,19,30,20,1.736842105263158,0.4088541666666667,0.4823763889427201,3.3684210526315788
1603,18,37,18,1.65,0.3411458333333333,0.39999999999999997,3.2
1604,20,31,20,1.7777777777777777,0.3984375,0.49690399499995325,3.5555555555555554
1605,20,28,21,1.7777777777777777,0.4322916666666667,0.49690399499995325,3.5555555555555554
1606,19,32,16,1.736842105263158,0.35677083333333337,0.4823763889427201,3.3684210526315788
1607,19,35,20,1.736842105263158,0.375,0.4823763889427201,3.3684210526315788
1608,19,30,20,1.736842105263158,0.4036458333333333,0.4823763889427201,3.3684210526315788
1609,20,31,20,1.7777777777777777,0.40104166666666663,0.49690399499995325,3.5555555555555554
1610,20,32,18,1.7777777777777777,0.375,0.49690399499995325,3.5555555555555554
1611,19,38,15,1.736842105263158,0.3125,0.4823763889427201,3.3684210526315788
1612,20,33,19,1.7777777777777777,0.3802083333333333,0.49690399499995325,3.5555555555555554
1613,19,33,19,1.736842105263158,0.37760416666666663,0.4823763889427201,3.3684210526315788
1614,20,38,19,1.7777777777777777,0.34635416666666663,0.49690399499995325,3.5555555555555554
1615,19,31,22,1.736842105263158,0.4192708333333333,0.4823763889427201,3.3684210526315788
1616,20,31,20,1.7777777777777777,0.40104166666666663,0.49690399499995325,3.5555555555555554
1617,20,34,21,1.7777777777777777,0.39322916666666663,0.49690399499995325,3.5555555555555554
1618,20,30,20,1.7777777777777777,0.4088541666666667,0.49690399499995325,3.5555555555555554
1619,19,31,21,1.736842105263158,0.40885416666666663,0.4823763889427201,3.3684210526315788
1620,20,33,20,1.7777777777777777,0.3880208333333333,0.49690399499995325,3.5555555555555554
1621,19,33,20,1.736842105263158,0.3880208333333333,0.4823763889427201,3.3684210526315788
1622,20,32,19,1.8333333333333333,0.38802083333333337,0.49690399499995325,3.5555555555555554
1623,20,31,20,1.7777777777777777,0.40104166666666663,0.49690399499995325,3.5555555555555554
1624,20,33,19,1.7777777777777777,0.3776041666666667,0.49690399499995325,3.5555555555555554
1625,19,33,20,1.736842105263158,0.3880208333333333,0.4823763889427201,3.3684210526315788
1626,19,31,21,1.736842105263158,0.4088541666666667,0.4823763889427201,3.3684210526315788
1627,20,31,20,1.7777777777777777,0.4010416666666667,0.49690399499995325,3.5555555555555554
1628,20,32,20,1.7777777777777777,0.39322916666666663,0.49690399499995325,3.5555555555555554
1629,19,29,20,1.736842105263158,0.40885416666666663,0.4823763889427201,3.3684210526315788
1630,18,35,16,1.75,0.33854166666666663,0.39999999999999997,3.2
1631,20,30,20,1.7777777777777777,0.40625,0.49690399499995325,3.5555555555555554
1632,20,35,19,1.7777777777777777,0.3645833333333333,0.49690399499995325,3.5555555555555554
1633,20,31,20,1.7777777777777777,0.3984375,0.49690399499995325,3.5555555555555554
1634,20,32,20,1.7777777777777777,0.39322916666666663,0.49690399499995325,3.5555555555555554
1635,20,31,20,1.7222222222222223,0.40211640211640215,0.6009252125773316,3.5
1636,19,36,20,1.736842105263158,0.36979166666666663,0.4823763889427201,3.3684210526315788
1637,19,29,20,1.7894736842105263,0.41145833333333337,0.4823763889427201,3.3684210526315788
1638,19,29,21,1.736842105263158,0.42447916666666663,0.4823763889427201,3.3684210526315788
1639,19,31,21,1.736842105263158,0.40885416666666663,0.4823763889427201,3.3684210526315788
1640,19,34,21,1.736842105263158,0.390625,0.4823763889427201,3.3684210526315788
1641,20,34,20,1.7777777777777777,0.3828125,0.49690399499995325,3.5555555555555554
1642,20,30,20,1.7777777777777777,0.40625,0.49690399499995325,3.5555555555555554
1643,20,28,20,1.7777777777777777,0.41927083333333337,0.49690399499995325,3.5555555555555554
1644,20,31,20,1.7777777777777777,0.4010416666666667,0.49690399499995325,3.5555555555555554
1645,20,30,20,1.7777777777777777,0.40885416666666663,0.49690399499995325,3.5555555555555554
1646,20,32,19,1.8333333333333333,0.3854166666666667,0.49690399499995325,3.5555555555555554
1647,20,34,18,1.7777777777777777,0.36458333333333337,0.49690399499995325,3.5555555555555554
1648,20,32,20,1.7777777777777777,0.39322916666666663,0.49690399499995325,3.5555555555555554
1649,20,31,20,1.7777777777777777,0.40104166666666663,0.49690399499995325,3.5555555555555554
1650,20,32,19,1.7777777777777777,0.38541666666666663,0.49690399499995325,3.5555555555555554
1651,18,33,20,1.7,0.38802083333333337,0.39999999999999997,3.2
1652,20,30,21,1.7777777777777777,0.41666666666666663,0.49690399499995325,3.5555555555555554
1653,19,32,20,1.736842105263158,0.3932291666666667,0.4823763889427201,3.3684210526315788
1654,19,33,20,1.736842105263158,0.3880208333333333,0.4823763889427201,3.3684210526315788
1655,20,31,20,1.7777777777777777,0.3984375,0.49690399499995325,3.5555555555555554
1656,19,34,19,1.736842105263158,0.3723958333333333,0.4823763889427201,3.3684210526315788
1657,19,35,18,1.736842105263158,0.3567708333333333,0.4823763889427201,3.3684210526315788
1658,20,35,20,1.7777777777777777,0.37760416666666663,0.49690399499995325,3.5555555555555554
1659,19,33,20,1.736842105263158,0.3880208333333333,0.4823763889427201,3.3684210526315788
1660,20,32,20,1.7777777777777777,0.3932291666666667,0.49690399499995325,3.5555555555555554
1661,20,33,20,1.7777777777777777,0.3880208333333333,0.49690399499995325,3.5555555555555554
1662,20,33,20,1.7777777777777777,0.3880208333333333,0.49690399499995325,3.5555555555555554
1663,20,31,20,1.7777777777777777,0.40104166666666663,0.49690399499995325,3.5555555555555554
1664,20,32,20,1.7777777777777777,0.3958333333333333,0.49690399499995325,3.5555555555555554
1665,20,36,18,1.7777777777777777,0.34895833333333337,0.49690399499995325,3.5555555555555554
1666,20,33,20,1.7777777777777777,0.3880208333333333,0.49690399499995325,3.5555555555555554
1667,19,31,20,1.736842105263158,0.40104166666666663,0.4823763889427201,3.3684210526315788
1668,20,35,20,1.7777777777777777,0.375,0.49690399499995325,3.5555555555555554
1669,19,32,21,1.736842105263158,0.4036458333333333,0.4823763889427201,3.3684210526315788
1670,20,32,20,1.7777777777777777,0.3958333333333333,0.49690399499995325,3.5555555555555554
1671,20,35,20,1.7777777777777777,0.375,0.49690399499995325,3.5555555555555554
1672,20,35,15,1.8333333333333333,0.3307291666666667,0.49690399499995325,3.5555555555555554
1673,19,33,21,1.736842105263158,0.3984375,0.4823763889427201,3.3684210526315788
1674,19,32,21,1.736842105263158,0.4036458333333333,0.4823763889427201,3.3684210526315788
1675,20,33,20,1.7777777777777777,0.38541666666666663,0.49690399499995325,3.5555555555555554
1676,19,34,20,1.736842105263158,0.3828125,0.4823763889427201,3.3684210526315788
1677,20,31,20,1.7777777777777777,0.40104166666666663,0.49690399499995325,3.5555555555555554
1678,19,32,20,1.736842105263158,0.3932291666666667,0.4823763889427201,3.3684210526315788
1679,20,32,20,1.7777777777777777,0.39583333333333337,0.49690399499995325,3.5555555555555554
1680,20,34,20,1.7777777777777777,0.3828125,0.49690399499995325,3.5555555555555554
1681,19,33,20,1.736842105263158,0.38541666666666663,0.4823763889427201,3.3684210526315788
1682,20,33,20,1.7777777777777777,0.3880208333333333,0.49690399499995325,3.5555555555555554
1683,20,32,20,1.7777777777777777,0.3932291666666667,0.49690399499995325,3.5555555555555554
1684,20,36,17,1.7777777777777777,0.34114583333333337,0.49690399499995325,3.5555555555555554
1685,19,29,20,1.736842105263158,0.40885416666666663,0.4823763889427201,3.3684210526315788
1686,20,32,19,1.7777777777777777,0.38541666666666663,0.49690399499995325,3.5555555555555554
1687,19,30,20,1.736842105263158,0.40364583333333337,0.4823763889427201,3.3684210526315788
1688,19,34,19,1.736842105263158,0.3723958333333333,0.4823763889427201,3.3684210526315788
1689,20,31,20,1.7777777777777777,0.40104166666666663,0.49690399499995325,3.5555555555555554
1690,20,30,20,1.7777777777777777,0.40885416666666663,0.49690399499995325,3.5555555555555554
1691,20,33,20,1.7777777777777777,0.3880208333333333,0.49690399499995325,3.5555555555555554
1692,19,30,20,1.736842105263158,0.40885416666666663,0.4823763889427201,3.3684210526315788
1693,20,31,20,1.7777777777777777,0.3984375,0.49690399499995325,3.5555555555555554
1694,20,38,14,1.7777777777777777,0.3046875,0.49690399499995325,3.5555555555555554
1695,19,34,20,1.736842105263158,0.3828125,0.4823763889427201,3.3684210526315788
1696,20,34,19,1.7777777777777777,0.375,0.49690399499995325,3.5555555555555554
1697,20,33,20,1.7777777777777777,0.3880208333333333,0.49690399499995325,3.5555555555555554
1698,20,33,19,1.7777777777777777,0.37760416666666663,0.49690399499995325,3.5555555555555554
1699,20,29,20,1.7777777777777777,0.4140625,0.49690399499995325,3.5555555555555554
1700,19,32,20,1.736842105263158,0.3932291666666667,0.4823763889427201,3.3684210526315788
1701,20,32,20,1.7777777777777777,0.39322916666666663,0.49690399499995325,3.5555555555555554
1702,19,29,20,1.736842105263158,0.41145833333333337,0.4823763889427201,3.3684210526315788
1703,19,36,17,1.736842105263158,0.3411458333333333,0.4823763889427201,3.3684210526315788
1704,20,31,20,1.7777777777777777,0.4010416666666667,0.49690399499995325,3.5555555555555554
1705,20,32,20,1.7222222222222223,0.3941798941798942,0.6009252125773316,3.5
1706,19,30,21,1.736842105263158,0.4140625,0.4823763889427201,3.3684210526315788
1707,20,31,20,1.7777777777777777,0.3984375,0.49690399499995325,3.5555555555555554
1708,20,28,20,1.7777777777777777,0.4192708333333333,0.49690399499995325,3.5555555555555554
1709,19,28,21,1.6842105263157894,0.4312169312169312,0.5668594533825794,3.3157894736842106
1710,20,33,20,1.7777777777777777,0.38802083333333337,0.49690399499995325,3.5555555555555554
1711,20,33,20,1.7777777777777777,0.3880208333333333,0.49690399499995325,3.5555555555555554
1712,20,31,20,1.7777777777777777,0.3984375,0.49690399499995325,3.5555555555555554
1713,20,33,19,1.8333333333333333,0.3802083333333333,0.49690399499995325,3.5555555555555554
1714,20,30,20,1.7777777777777777,0.40885416666666663,0.49690399499995325,3.5555555555555554
1715,20,31,20,1.7777777777777777,0.40104166666666663,0.49690399499995325,3.5555555555555554
1716,20,35,21,1.7777777777777777,0.3880208333333333,0.49690399499995325,3.5555555555555554
1717,20,31,20,1.7777777777777777,0.40104166666666663,0.49690399499995325,3.5555555555555554
1718,20,28,20,1.7777777777777777,0.4192708333333333,0.49690399499995325,3.5555555555555554
1719,19,32,20,1.736842105263158,0.3932291666666667,0.4823763889427201,3.3684210526315788
1720,20,37,18,1.7777777777777777,0.3411458333333333,0.49690399499995325,3.5555555555555554
1721,19,30,20,1.736842105263158,0.40625,0.4823763889427201,3.3684210526315788
1722,20,29,20,1.7777777777777777,0.4140625,0.49690399499995325,3.5555555555555554
1723,20,32,20,1.7777777777777777,0.3932291666666667,0.49690399499995325,3.5555555555555554
1724,20,28,20,1.7777777777777777,0.4192708333333333,0.49690399499995325,3.5555555555555554
1725,19,31,20,1.736842105263158,0.3984375,0.4823763889427201,3.3684210526315788
1726,20,28,20,1.7777777777777777,0.4192708333333333,0.49690399499995325,3.5555555555555554
1727,20,29,20,1.7777777777777777,0.4114583333333333,0.49690399499995325,3.5555555555555554
1728,19,31,20,1.736842105263158,0.3984375,0.4823763889427201,3.3684210526315788
1729,20,33,20,1.7777777777777777,0.3880208333333333,0.49690399499995325,3.5555555555555554
1730,20,28,20,1.7777777777777777,0.4192708333333333,0.49690399499995325,3.5555555555555554
1731,20,30,20,1.7777777777777777,0.40625,0.49690399499995325,3.5555555555555554
1732,20,28,20,1.7777777777777777,0.4192708333333333,0.49690399499995325,3.5555555555555554
1733,20,30,21,1.7777777777777777,0.4140625,0.49690399499995325,3.5555555555555554
1734,19,29,21,1.736842105263158,0.41927083333333337,0.4823763889427201,3.3684210526315788
1735,19,31,20,1.736842105263158,0.40104166666666663,0.4823763889427201,3.3684210526315788
1736,20,28,20,1.7777777777777777,0.4192708333333333,0.49690399499995325,3.5555555555555554
1737,19,33,20,1.736842105263158,0.3880208333333333,0.4823763889427201,3.3684210526315788
1738,20,29,20,1.7777777777777777,0.4140625,0.49690399499995325,3.5555555555555554
1739,20,28,20,1.7777777777777777,0.4192708333333333,0.49690399499995325,3.5555555555555554
1740,20,31,20,1.7777777777777777,0.4010416666666667,0.49690399499995325,3.5555555555555554
1741,20,28,20,1.7777777777777777,0.4192708333333333,0.49690399499995325,3.5555555555555554
1742,20,28,20,1.7777777777777777,0.4192708333333333,0.49690399499995325,3.5555555555555554
1743,20,34,20,1.7777777777777777,0.3828125,0.49690399499995325,3.5555555555555554
1744,20,35,19,1.7777777777777777,0.3671875,0.49690399499995325,3.5555555555555554
1745,20,30,20,1.7777777777777777,0.40625,0.49690399499995325,3.5555555555555554
1746,20,28,20,1.7777777777777777,0.4192708333333333,0.49690399499995325,3.5555555555555554
1747,20,28,20,1.7777777777777777,0.41666666666666663,0.49690399499995325,3.5555555555555554
1748,20,28,20,1.7222222222222223,0.41798941798941797,0.6009252125773316,3.5
1749,20,38,14,1.7777777777777777,0.3046875,0.49690399499995325,3.5555555555555554
1750,20,30,20,1.7777777777777777,0.40625,0.49690399499995325,3.5555555555555554
1751,20,29,20,1.7777777777777777,0.4114583333333333,0.49690399499995325,3.5555555555555554
1752,20,28,20,1.7777777777777777,0.41666666666666663,0.49690399499995325,3.5555555555555554
1753,20,33,20,1.7777777777777777,0.3880208333333333,0.49690399499995325,3.5555555555555554
1754,20,28,20,1.7777777777777777,0.4192708333333333,0.49690399499995325,3.5555555555555554
1755,20,29,20,1.7777777777777777,0.4140625,0.49690399499995325,3.5555555555555554
1756,20,29,21,1.7777777777777777,0.421875,0.49690399499995325,3.5555555555555554
1757,20,30,20,1.7777777777777777,0.40625,0.49690399499995325,3.5555555555555554
1758,20,28,20,1.7777777777777777,0.4192708333333333,0.49690399499995325,3.5555555555555554
1759,20,32,19,1.7777777777777777,0.38802083333333337,0.49690399499995325,3.5555555555555554
1760,20,32,20,1.7777777777777777,0.39322916666666663,0.49690399499995325,3.5555555555555554
1761,20,30,20,1.7777777777777777,0.40625,0.49690399499995325,3.5555555555555554
1762,20,29,20,1.7777777777777777,0.41145833333333337,0.49690399499995325,3.5555555555555554
1763,19,29,20,1.736842105263158,0.41145833333333337,0.4823763889427201,3.3684210526315788
1764,20,28,20,1.7777777777777777,0.4192708333333333,0.49690399499995325,3.5555555555555554
1765,20,27,20,1.7777777777777777,0.42447916666666663,0.49690399499995325,3.5555555555555554
1766,20,29,20,1.7777777777777777,0.4114583333333333,0.49690399499995325,3.5555555555555554
1767,19,31,20,1.736842105263158,0.4010416666666667,0.4823763889427201,3.3684210526315788
1768,20,37,15,1.7777777777777777,0.32291666666666663,0.49690399499995325,3.5555555555555554
1769,20,31,19,1.7777777777777777,0.390625,0.49690399499995325,3.5555555555555554
1770,20,35,15,1.7777777777777777,0.33072916666666663,0.49690399499995325,3.5555555555555554
1771,19,31,20,1.736842105263158,0.4010416666666667,0.4823763889427201,3.3684210526315788
1772,20,32,20,1.7222222222222223,0.3941798941798942,0.6009252125773316,3.5
1773,20,30,20,1.7777777777777777,0.40625,0.49690399499995325,3.5555555555555554
1774,19,29,20,1.736842105263158,0.4140625,0.4823763889427201,3.3684210526315788
1775,20,34,21,1.7777777777777777,0.39322916666666663,0.49690399499995325,3.5555555555555554
1776,20,31,20,1.7777777777777777,0.4010416666666667,0.49690399499995325,3.5555555555555554
1777,19,32,20,1.736842105263158,0.3932291666666667,0.4823763889427201,3.3684210526315788
1778,21,34,19,1.8235294117647058,0.37239583333333337,0.42418250299576343,3.764705882352941
1779,19,29,22,1.736842105263158,0.4296875,0.4823763889427201,3.3684210526315788
1780,20,29,20,1.7777777777777777,0.4140625,0.49690399499995325,3.5555555555555554
1781,19,27,21,1.736842105263158,0.43229166666666663,0.4823763889427201,3.3684210526315788
1782,20,33,19,1.8333333333333333,0.3802083333333333,0.49690399499995325,3.5555555555555554
1783,20,28,20,1.7777777777777777,0.4192708333333333,0.49690399499995325,3.5555555555555554
1784,20,28,20,1.7777777777777777,0.4192708333333333,0.49690399499995325,3.5555555555555554
1785,20,28,20,1.7777777777777777,0.4192708333333333,0.49690399499995325,3.5555555555555554
1786,20,29,20,1.7777777777777777,0.4114583333333333,0.49690399499995325,3.5555555555555554
1787,20,36,19,1.7777777777777777,0.359375,0.49690399499995325,3.5555555555555554
1788,19,28,20,1.736842105263158,0.4192708333333333,0.4823763889427201,3.3684210526315788
1789,20,31,20,1.7777777777777777,0.40104166666666663,0.49690399499995325,3.5555555555555554
1790,19,33,20,1.736842105263158,0.390625,0.4823763889427201,3.3684210526315788
1791,19,32,20,1.736842105263158,0.3932291666666667,0.4823763889427201,3.3684210526315788
1792,20,34,20,1.7777777777777777,0.3828125,0.49690399499995325,3.5555555555555554
1793,20,31,20,1.7777777777777777,0.40104166666666663,0.49690399499995325,3.5555555555555554
1794,20,32,20,1.7777777777777777,0.3932291666666667,0.49690399499995325,3.5555555555555554
1795,20,32,20,1.7777777777777777,0.3932291666666667,0.49690399499995325,3.5555555555555554
1796,20,28,20,1.7777777777777777,0.4192708333333333,0.49690399499995325,3.5555555555555554
1797,19,35,20,1.736842105263158,0.375,0.4823763889427201,3.3684210526315788
1798,20,29,20,1.7777777777777777,0.4114583333333333,0.49690399499995325,3.5555555555555554
1799,20,30,20,1.7777777777777777,0.4088541666666667,0.49690399499995325,3.5555555555555554
1800,20,30,20,1.7777777777777777,0.40625,0.49690399499995325,3.5555555555555554
1801,20,29,20,1.7777777777777777,0.4114583333333333,0.49690399499995325,3.5555555555555554
1802,20,32,20,1.7777777777777777,0.3932291666666667,0.49690399499995325,3.5555555555555554
1803,20,32,20,1.7777777777777777,0.3932291666666667,0.49690399499995325,3.5555555555555554
1804,20,28,20,1.7777777777777777,0.4192708333333333,0.49690399499995325,3.5555555555555554
1805,20,31,20,1.7777777777777777,0.40104166666666663,0.49690399499995325,3.5555555555555554
1806,20,31,20,1.7777777777777777,0.40104166666666663,0.49690399499995325,3.5555555555555554
1807,20,28,20,1.7222222222222223,0.417989417989418,0.6009252125773316,3.5
1808,20,31,20,1.7777777777777777,0.4010416666666667,0.49690399499995325,3.5555555555555554
1809,20,28,20,1.7777777777777777,0.4192708333333333,0.49690399499995325,3.5555555555555554
1810,21,42,14,1.8823529411764706,0.27604166666666663,0.42418250299576343,3.764705882352941
1811,19,29,20,1.736842105263158,0.4140625,0.4823763889427201,3.3684210526315788
1812,20,31,20,1.7777777777777777,0.40104166666666663,0.49690399499995325,3.5555555555555554
1813,20,28,20,1.7777777777777777,0.4192708333333333,0.49690399499995325,3.5555555555555554
1814,19,29,20,1.736842105263158,0.41145833333333337,0.4823763889427201,3.3684210526315788
1815,20,28,20,1.7777777777777777,0.4192708333333333,0.49690399499995325,3.5555555555555554
1816,20,30,20,1.7777777777777777,0.40625,0.49690399499995325,3.5555555555555554
1817,20,36,15,1.8333333333333333,0.3229166666666667,0.49690399499995325,3.5555555555555554
1818,20,28,20,1.7777777777777777,0.4192708333333333,0.49690399499995325,3.5555555555555554
1819,20,31,20,1.7777777777777777,0.40104166666666663,0.49690399499995325,3.5555555555555554
1820,20,31,20,1.7777777777777777,0.4010416666666667,0.49690399499995325,3.5555555555555554
1821,20,34,19,1.7777777777777777,0.375,0.49690399499995325,3.5555555555555554
1822,20,28,20,1.7777777777777777,0.41666666666666663,0.49690399499995325,3.5555555555555554
1823,20,28,20,1.7777777777777777,0.4192708333333333,0.49690399499995325,3.5555555555555554
1824,19,32,20,1.736842105263158,0.3932291666666667,0.4823763889427201,3.3684210526315788
1825,19,30,20,1.736842105263158,0.40625,0.4823763889427201,3.3684210526315788
1826,20,28,20,1.7777777777777777,0.4192708333333333,0.49690399499995325,3.5555555555555554
1827,20,31,20,1.7777777777777777,0.40104166666666663,0.49690399499995325,3.5555555555555554
1828,20,28,20,1.7777777777777777,0.4192708333333333,0.49690399499995325,3.5555555555555554
1829,20,28,20,1.7777777777777777,0.4192708333333333,0.49690399499995325,3.5555555555555554
1830,19,30,20,1.736842105263158,0.40625,0.4823763889427201,3.3684210526315788
1831,19,32,20,1.736842105263158,0.3932291666666667,0.4823763889427201,3.3684210526315788
1832,20,32,20,1.7777777777777777,0.3932291666666667,0.49690399499995325,3.5555555555555554
1833,20,37,19,1.7777777777777777,0.3515625,0.49690399499995325,3.5555555555555554
1834,20,29,20,1.7777777777777777,0.4140625,0.49690399499995325,3.5555555555555554
1835,20,31,20,1.7777777777777777,0.4010416666666667,0.49690399499995325,3.5555555555555554
1836,20,28,20,1.7777777777777777,0.4192708333333333,0.49690399499995325,3.5555555555555554
1837,20,32,20,1.7777777777777777,0.3958333333333333,0.49690399499995325,3.5555555555555554
1838,20,32,19,1.7777777777777777,0.3854166666666667,0.49690399499995325,3.5555555555555554
1839,19,32,20,1.736842105263158,0.3932291666666667,0.4823763889427201,3.3684210526315788
1840,20,31,20,1.7777777777777777,0.40104166666666663,0.49690399499995325,3.5555555555555554
1841,20,29,20,1.7777777777777777,0.4114583333333333,0.49690399499995325,3.5555555555555554
1842,19,28,20,1.736842105263158,0.41666666666666663,0.4823763889427201,3.3684210526315788
1843,20,28,20,1.7777777777777777,0.4192708333333333,0.49690399499995325,3.5555555555555554
1844,20,33,20,1.7777777777777777,0.3854166666666667,0.49690399499995325,3.5555555555555554
1845,20,29,20,1.7777777777777777,0.4140625,0.49690399499995325,3.5555555555555554
1846,20,28,20,1.7777777777777777,0.4192708333333333,0.49690399499995325,3.5555555555555554
1847,20,28,20,1.7777777777777777,0.41666666666666663,0.49690399499995325,3.5555555555555554
1848,20,28,20,1.7777777777777777,0.4192708333333333,0.49690399499995325,3.5555555555555554
1849,20,38,16,1.7777777777777777,0.3177083333333333,0.49690399499995325,3.5555555555555554
1850,20,28,20,1.7777777777777777,0.4192708333333333,0.49690399499995325,3.5555555555555554
1851,20,28,20,1.7777777777777777,0.4192708333333333,0.49690399499995325,3.5555555555555554
1852,20,34,19,1.7777777777777777,0.375,0.49690399499995325,3.5555555555555554
1853,20,28,20,1.7777777777777777,0.4192708333333333,0.49690399499995325,3.5555555555555554
1854,19,32,17,1.736842105263158,0.3671875,0.4823763889427201,3.3684210526315788
1855,20,28,20,1.7777777777777777,0.4192708333333333,0.49690399499995325,3.5555555555555554
1856,20,28,20,1.7777777777777777,0.4192708333333333,0.49690399499995325,3.5555555555555554
1857,20,28,20,1.7777777777777777,0.4192708333333333,0.49690399499995325,3.5555555555555554
1858,20,28,20,1.7777777777777777,0.4192708333333333,0.49690399499995325,3.5555555555555554
1859,20,31,20,1.7777777777777777,0.40104166666666663,0.49690399499995325,3.5555555555555554
1860,20,28,20,1.7777777777777777,0.4192708333333333,0.49690399499995325,3.5555555555555554
1861,20,31,20,1.7777777777777777,0.40104166666666663,0.49690399499995325,3.5555555555555554
1862,20,28,20,1.7777777777777777,0.4192708333333333,0.49690399499995325,3.5555555555555554
1863,20,33,19,1.7777777777777777,0.38020833333333337,0.49690399499995325,3.5555555555555554
1864,20,28,20,1.7777777777777777,0.4192708333333333,0.49690399499995325,3.5555555555555554
1865,20,28,20,1.7222222222222223,0.417989417989418,0.6009252125773316,3.5
1866,19,27,21,1.736842105263158,0.43229166666666663,0.4823763889427201,3.3684210526315788
1867,20,28,20,1.7222222222222223,0.417989417989418,0.6009252125773316,3.5
1868,20,31,20,1.7777777777777777,0.4036458333333333,0.49690399499995325,3.5555555555555554
1869,20,28,20,1.7222222222222223,0.417989417989418,0.6009252125773316,3.5
1870,20,28,20,1.7777777777777777,0.4192708333333333,0.49690399499995325,3.5555555555555554
1871,20,28,20,1.7777777777777777,0.4192708333333333,0.49690399499995325,3.5555555555555554
1872,20,28,20,1.7777777777777777,0.4192708333333333,0.49690399499995325,3.5555555555555554
1873,19,35,20,1.736842105263158,0.37760416666666663,0.4823763889427201,3.3684210526315788
1874,20,28,20,1.7777777777777777,0.41666666666666663,0.49690399499995325,3.5555555555555554
1875,20,29,20,1.7777777777777777,0.41145833333333337,0.49690399499995325,3.5555555555555554
1876,20,28,20,1.7777777777777777,0.4192708333333333,0.49690399499995325,3.5555555555555554
1877,20,29,20,1.7777777777777777,0.4114583333333333,0.49690399499995325,3.5555555555555554
1878,20,30,20,1.7777777777777777,0.40625,0.49690399499995325,3.5555555555555554
1879,20,29,20,1.7777777777777777,0.41145833333333337,0.49690399499995325,3.5555555555555554
1881,20,28,20,1.7777777777777777,0.4192708333333333,0.49690399499995325,3.5555555555555554
1882,20,28,20,1.7777777777777777,0.4192708333333333,0.49690399499995325,3.5555555555555554
1883,20,28,20,1.7777777777777777,0.4192708333333333,0.49690399499995325,3.5555555555555554
1884,20,28,20,1.7777777777777777,0.4192708333333333,0.49690399499995325,3.5555555555555554
1885,20,28,20,1.7777777777777777,0.4192708333333333,0.49690399499995325,3.5555555555555554
1886,20,28,20,1.7777777777777777,0.4192708333333333,0.49690399499995325,3.5555555555555554
1887,20,28,20,1.7777777777777777,0.4192708333333333,0.49690399499995325,3.5555555555555554
1888,20,28,20,1.7777777777777777,0.4192708333333333,0.49690399499995325,3.5555555555555554
1889,20,28,20,1.7777777777777777,0.4192708333333333,0.49690399499995325,3.5555555555555554
1890,20,28,20,1.7777777777777777,0.4192708333333333,0.49690399499995325,3.5555555555555554
