Episode,Desafios_sin_equipo,Estudiantes_fuera_preferencias,Estudiantes_primera_prioridad,Promedio_carreras_por_equipo,Satisfaccion_promedio,STD_tamano_equipos,Tamano_promedio_equipo
2,18,62,0,1.75,0.013020833333333332,0.39999999999999997,3.2
3,18,59,1,1.75,0.04427083333333333,0.39999999999999997,3.2
4,17,59,0,1.7142857142857142,0.03125,0.21295885499997994,3.0476190476190474
5,18,59,1,1.75,0.041666666666666664,0.39999999999999997,3.2
6,18,60,1,1.75,0.033854166666666664,0.39999999999999997,3.2
7,18,57,1,1.75,0.057291666666666664,0.39999999999999997,3.2
8,17,56,2,1.6666666666666667,0.0703125,0.21295885499997994,3.0476190476190474
9,17,58,1,1.6666666666666667,0.04427083333333333,0.21295885499997994,3.0476190476190474
10,18,59,1,1.75,0.0390625,0.39999999999999997,3.2
11,18,60,1,1.75,0.033854166666666664,0.39999999999999997,3.2
12,18,61,3,1.75,0.046875,0.39999999999999997,3.2
13,17,60,2,1.7142857142857142,0.04427083333333333,0.21295885499997994,3.0476190476190474
14,17,59,3,1.619047619047619,0.05729166666666667,0.21295885499997994,3.0476190476190474
15,19,56,3,1.7894736842105263,0.08072916666666666,0.4823763889427201,3.3684210526315788
16,18,54,3,1.75,0.0859375,0.39999999999999997,3.2
17,19,56,0,1.7894736842105263,0.05989583333333333,0.4823763889427201,3.3684210526315788
18,17,56,3,1.619047619047619,0.08072916666666666,0.21295885499997994,3.0476190476190474
19,19,63,1,1.736842105263158,0.015625,0.48237638894272,3.3684210526315788
20,18,57,1,1.75,0.05729166666666666,0.39999999999999997,3.2
21,18,62,1,1.75,0.0234375,0.39999999999999997,3.2
22,18,55,2,1.75,0.07552083333333333,0.39999999999999997,3.2
23,17,57,2,1.6666666666666667,0.06510416666666666,0.21295885499997994,3.0476190476190474
24,17,60,1,1.7142857142857142,0.03125,0.21295885499997994,3.0476190476190474
25,17,60,2,1.7142857142857142,0.04427083333333333,0.21295885499997994,3.0476190476190474
26,19,62,1,1.7894736842105263,0.0234375,0.48237638894272,3.3684210526315788
27,18,59,1,1.75,0.046875,0.39999999999999997,3.2
28,19,60,1,1.7894736842105263,0.03645833333333333,0.48237638894272,3.3684210526315788
29,18,57,1,1.75,0.057291666666666664,0.39999999999999997,3.2
30,17,61,1,1.7142857142857142,0.028645833333333332,0.21295885499997994,3.0476190476190474
31,18,60,0,1.75,0.023437499999999997,0.39999999999999997,3.2
32,18,58,2,1.75,0.05989583333333333,0.39999999999999997,3.2
33,18,59,2,1.75,0.046875,0.39999999999999997,3.2
34,17,59,2,1.7142857142857142,0.049479166666666664,0.21295885499997994,3.0476190476190474
35,18,61,1,1.75,0.028645833333333332,0.39999999999999997,3.2
36,17,58,4,1.7142857142857142,0.078125,0.21295885499997994,3.0476190476190474
37,19,60,2,1.7894736842105263,0.04427083333333333,0.4823763889427201,3.3684210526315788
38,18,54,6,1.75,0.11979166666666667,0.39999999999999997,3.2
39,18,58,3,1.75,0.06510416666666666,0.39999999999999997,3.2
40,19,57,1,1.7894736842105263,0.0546875,0.48237638894272,3.3684210526315788
41,18,58,1,1.75,0.049479166666666664,0.39999999999999997,3.2
42,18,57,3,1.75,0.0703125,0.39999999999999997,3.2
43,19,56,1,1.7894736842105263,0.0625,0.4823763889427201,3.3684210526315788
44,18,59,1,1.75,0.04427083333333333,0.39999999999999997,3.2
45,18,57,2,1.75,0.06510416666666666,0.39999999999999997,3.2
46,17,57,4,1.7142857142857142,0.08072916666666666,0.21295885499997994,3.0476190476190474
47,18,61,1,1.75,0.028645833333333332,0.39999999999999997,3.2
48,18,58,3,1.75,0.06510416666666666,0.39999999999999997,3.2
49,17,58,2,1.6666666666666667,0.0625,0.21295885499997994,3.0476190476190474
50,17,60,2,1.7142857142857142,0.041666666666666664,0.21295885499997994,3.0476190476190474
51,18,59,0,1.75,0.03645833333333333,0.39999999999999997,3.2
52,20,62,1,1.8333333333333333,0.0234375,0.49690399499995325,3.5555555555555554
53,18,62,0,1.75,0.013020833333333332,0.39999999999999997,3.2
54,19,57,4,1.7894736842105263,0.08333333333333333,0.4823763889427201,3.3684210526315788
55,18,56,1,1.75,0.0546875,0.39999999999999997,3.2
56,17,59,2,1.7142857142857142,0.0546875,0.21295885499997994,3.0476190476190474
57,19,59,3,1.7894736842105263,0.05989583333333333,0.4823763889427201,3.3684210526315788
58,18,55,1,1.75,0.07552083333333333,0.39999999999999997,3.2
59,18,58,1,1.7,0.04427083333333333,0.39999999999999997,3.2
60,19,59,3,1.7894736842105263,0.05989583333333333,0.4823763889427201,3.3684210526315788
61,19,57,2,1.7894736842105263,0.06770833333333333,0.4823763889427201,3.3684210526315788
62,19,58,3,1.7894736842105263,0.06770833333333333,0.4823763889427201,3.3684210526315788
63,18,59,2,1.7,0.0546875,0.39999999999999997,3.2
64,18,53,3,1.75,0.1015625,0.39999999999999997,3.2
65,19,59,1,1.7894736842105263,0.041666666666666664,0.4823763889427201,3.3684210526315788
66,17,60,2,1.7142857142857142,0.041666666666666664,0.21295885499997994,3.0476190476190474
67,18,60,2,1.75,0.044270833333333336,0.39999999999999997,3.2
68,17,62,1,1.7142857142857142,0.020833333333333332,0.21295885499997994,3.0476190476190474
69,19,60,1,1.7894736842105263,0.031249999999999997,0.48237638894272,3.3684210526315788
70,18,58,2,1.75,0.057291666666666664,0.39999999999999997,3.2
71,18,58,1,1.75,0.046875,0.39999999999999997,3.2
72,19,60,1,1.736842105263158,0.033854166666666664,0.4823763889427201,3.3684210526315788
73,18,60,4,1.75,0.0625,0.39999999999999997,3.2
74,19,59,3,1.7894736842105263,0.059895833333333336,0.4823763889427201,3.3684210526315788
75,18,58,3,1.75,0.06770833333333333,0.39999999999999997,3.2
76,19,58,2,1.7894736842105263,0.057291666666666664,0.4823763889427201,3.3684210526315788
77,18,62,0,1.75,0.013020833333333332,0.39999999999999997,3.2
78,18,57,2,1.75,0.06510416666666666,0.39999999999999997,3.2
79,18,57,3,1.75,0.07552083333333333,0.39999999999999997,3.2
80,18,59,0,1.75,0.031249999999999997,0.39999999999999997,3.2
81,18,56,1,1.75,0.06770833333333333,0.39999999999999997,3.2
82,19,60,2,1.7894736842105263,0.046875,0.48237638894272,3.3684210526315788
83,18,51,5,1.75,0.12499999999999999,0.39999999999999997,3.2
84,18,63,0,1.75,0.005208333333333333,0.39999999999999997,3.2
85,19,59,2,1.7894736842105263,0.049479166666666664,0.48237638894272,3.3684210526315788
86,20,59,0,1.8333333333333333,0.02864583333333333,0.49690399499995325,3.5555555555555554
87,18,57,3,1.7,0.0703125,0.39999999999999997,3.2
88,17,56,2,1.7142857142857142,0.07031249999999999,0.21295885499997994,3.0476190476190474
89,17,59,1,1.7142857142857142,0.041666666666666664,0.21295885499997994,3.0476190476190474
90,19,57,2,1.7894736842105263,0.06510416666666666,0.4823763889427201,3.3684210526315788
91,18,58,2,1.75,0.0546875,0.39999999999999997,3.2
92,19,57,4,1.7894736842105263,0.0859375,0.4823763889427201,3.3684210526315788
93,18,61,3,1.75,0.046875,0.39999999999999997,3.2
94,19,61,0,1.7894736842105263,0.0234375,0.4823763889427201,3.3684210526315788
95,18,60,1,1.75,0.033854166666666664,0.39999999999999997,3.2
96,18,56,3,1.75,0.08072916666666666,0.39999999999999997,3.2
97,19,56,2,1.7894736842105263,0.0703125,0.48237638894272,3.3684210526315788
98,18,60,2,1.75,0.041666666666666664,0.39999999999999997,3.2
99,19,57,0,1.7894736842105263,0.04687499999999999,0.4823763889427201,3.3684210526315788
100,18,58,4,1.75,0.07552083333333333,0.39999999999999997,3.2
101,18,58,2,1.75,0.0546875,0.39999999999999997,3.2
102,19,57,1,1.7894736842105263,0.0546875,0.4823763889427201,3.3684210526315788
103,17,59,3,1.7142857142857142,0.05729166666666666,0.21295885499997994,3.0476190476190474
104,17,60,3,1.7142857142857142,0.05208333333333333,0.21295885499997994,3.0476190476190474
105,18,60,2,1.75,0.04427083333333333,0.39999999999999997,3.2
106,19,61,2,1.7894736842105263,0.03645833333333333,0.48237638894272,3.3684210526315788
107,18,60,2,1.75,0.04427083333333333,0.39999999999999997,3.2
108,17,60,1,1.6666666666666667,0.026455026455026454,0.3086066999241838,3.0
109,17,57,1,1.7142857142857142,0.0546875,0.21295885499997994,3.0476190476190474
110,19,58,3,1.7894736842105263,0.06510416666666666,0.4823763889427201,3.3684210526315788
111,17,58,2,1.7142857142857142,0.05729166666666666,0.21295885499997994,3.0476190476190474
112,17,61,1,1.7142857142857142,0.026041666666666664,0.21295885499997996,3.0476190476190474
113,17,61,0,1.7142857142857142,0.0234375,0.21295885499997994,3.0476190476190474
114,18,57,0,1.75,0.04427083333333333,0.39999999999999997,3.2
115,18,61,1,1.75,0.028645833333333332,0.39999999999999997,3.2
116,20,61,0,1.8333333333333333,0.018229166666666664,0.49690399499995325,3.5555555555555554
117,17,61,1,1.7142857142857142,0.026041666666666664,0.21295885499997994,3.0476190476190474
118,17,61,1,1.7142857142857142,0.026041666666666664,0.21295885499997994,3.0476190476190474
119,17,58,1,1.7142857142857142,0.049479166666666664,0.21295885499997994,3.0476190476190474
120,18,60,0,1.75,0.026041666666666664,0.39999999999999997,3.2
121,18,60,3,1.75,0.05208333333333333,0.39999999999999997,3.2
122,20,58,3,1.8333333333333333,0.06510416666666666,0.49690399499995325,3.5555555555555554
123,18,59,1,1.75,0.041666666666666664,0.39999999999999997,3.2
124,18,57,2,1.75,0.06510416666666666,0.39999999999999997,3.2
125,18,58,3,1.75,0.06770833333333333,0.39999999999999997,3.2
126,18,60,2,1.75,0.04427083333333333,0.39999999999999997,3.2
127,17,58,2,1.7142857142857142,0.0625,0.21295885499997994,3.0476190476190474
128,17,61,2,1.7142857142857142,0.0390625,0.21295885499997994,3.0476190476190474
129,18,55,1,1.75,0.0703125,0.39999999999999997,3.2
130,18,57,2,1.65,0.06510416666666666,0.39999999999999997,3.2
131,18,58,1,1.75,0.05208333333333333,0.39999999999999997,3.2
132,18,58,3,1.75,0.06510416666666666,0.39999999999999997,3.2
133,19,60,3,1.7894736842105263,0.0546875,0.4823763889427201,3.3684210526315788
134,18,53,4,1.75,0.1015625,0.39999999999999997,3.2
135,18,56,5,1.75,0.09895833333333333,0.39999999999999997,3.2
136,19,55,5,1.7894736842105263,0.1015625,0.4823763889427201,3.3684210526315788
137,19,58,0,1.7894736842105263,0.03645833333333333,0.4823763889427201,3.3684210526315788
138,17,58,0,1.6666666666666667,0.0390625,0.21295885499997994,3.0476190476190474
139,19,57,1,1.7894736842105263,0.05208333333333333,0.48237638894272,3.3684210526315788
140,17,59,3,1.7142857142857142,0.05989583333333333,0.21295885499997994,3.0476190476190474
141,19,60,1,1.7894736842105263,0.0390625,0.48237638894272,3.3684210526315788
142,19,61,0,1.7894736842105263,0.020833333333333332,0.4823763889427201,3.3684210526315788
143,19,57,2,1.7894736842105263,0.0625,0.48237638894272,3.3684210526315788
144,18,59,0,1.75,0.033854166666666664,0.39999999999999997,3.2
145,19,56,3,1.7894736842105263,0.0859375,0.4823763889427201,3.3684210526315788
146,18,56,0,1.75,0.0546875,0.39999999999999997,3.2
147,19,59,4,1.7894736842105263,0.06770833333333334,0.4823763889427201,3.3684210526315788
148,17,59,1,1.7142857142857142,0.041666666666666664,0.21295885499997994,3.0476190476190474
149,18,59,2,1.75,0.0546875,0.39999999999999997,3.2
150,19,59,2,1.7894736842105263,0.05208333333333333,0.48237638894272,3.3684210526315788
151,17,59,2,1.7142857142857142,0.05208333333333333,0.21295885499997994,3.0476190476190474
152,18,56,4,1.75,0.09114583333333333,0.39999999999999997,3.2
153,18,56,2,1.75,0.07291666666666666,0.39999999999999997,3.2
154,18,59,1,1.75,0.0390625,0.39999999999999997,3.2
155,18,57,2,1.75,0.05989583333333333,0.39999999999999997,3.2
156,17,57,4,1.7142857142857142,0.078125,0.21295885499997994,3.0476190476190474
157,17,58,2,1.7142857142857142,0.0546875,0.21295885499997994,3.0476190476190474
158,18,56,5,1.75,0.09895833333333333,0.39999999999999997,3.2
159,18,56,3,1.7,0.07552083333333333,0.39999999999999997,3.2
160,18,53,3,1.75,0.09374999999999999,0.39999999999999997,3.2
161,18,61,1,1.75,0.028645833333333332,0.39999999999999997,3.2
162,17,58,1,1.7142857142857142,0.046875,0.21295885499997994,3.0476190476190474
163,17,60,0,1.7142857142857142,0.028645833333333332,0.21295885499997994,3.0476190476190474
164,17,58,1,1.7142857142857142,0.04427083333333333,0.21295885499997994,3.0476190476190474
165,18,58,2,1.75,0.05468749999999999,0.39999999999999997,3.2
166,18,56,1,1.75,0.0625,0.39999999999999997,3.2
167,18,60,1,1.65,0.03645833333333333,0.39999999999999997,3.2
168,17,59,2,1.7142857142857142,0.049479166666666664,0.21295885499997994,3.0476190476190474
169,19,59,2,1.7894736842105263,0.0546875,0.4823763889427201,3.3684210526315788
170,18,60,1,1.75,0.033854166666666664,0.39999999999999997,3.2
171,19,50,5,1.7894736842105263,0.14322916666666669,0.4823763889427201,3.3684210526315788
172,18,58,1,1.75,0.049479166666666664,0.39999999999999997,3.2
173,19,60,1,1.7894736842105263,0.033854166666666664,0.4823763889427201,3.3684210526315788
174,19,55,3,1.7894736842105263,0.08854166666666666,0.48237638894272,3.3684210526315788
175,18,59,3,1.75,0.05729166666666667,0.39999999999999997,3.2
176,18,54,2,1.75,0.08333333333333333,0.39999999999999997,3.2
177,18,61,1,1.75,0.03125,0.39999999999999997,3.2
178,17,56,6,1.6666666666666667,0.10416666666666667,0.21295885499997994,3.0476190476190474
179,17,58,4,1.7142857142857142,0.07552083333333333,0.21295885499997994,3.0476190476190474
180,18,55,4,1.75,0.1015625,0.39999999999999997,3.2
181,18,60,3,1.75,0.052083333333333336,0.39999999999999997,3.2
182,19,59,1,1.7894736842105263,0.041666666666666664,0.4823763889427201,3.3684210526315788
183,17,58,1,1.7142857142857142,0.049479166666666664,0.21295885499997994,3.0476190476190474
184,18,57,1,1.75,0.05468749999999999,0.39999999999999997,3.2
185,17,54,3,1.7142857142857142,0.09375,0.21295885499997994,3.0476190476190474
186,18,58,1,1.75,0.049479166666666664,0.39999999999999997,3.2
187,19,58,3,1.7894736842105263,0.06510416666666667,0.4823763889427201,3.3684210526315788
188,17,58,2,1.7142857142857142,0.05729166666666666,0.21295885499997994,3.0476190476190474
189,19,58,1,1.7894736842105263,0.049479166666666664,0.4823763889427201,3.3684210526315788
190,18,57,2,1.7,0.06349206349206349,0.47696960070847283,3.15
191,18,54,3,1.75,0.09375,0.39999999999999997,3.2
192,19,52,7,1.7894736842105263,0.140625,0.4823763889427201,3.3684210526315788
193,17,60,2,1.7142857142857142,0.041666666666666664,0.21295885499997994,3.0476190476190474
194,19,57,3,1.7894736842105263,0.07552083333333333,0.4823763889427201,3.3684210526315788
195,17,56,4,1.7142857142857142,0.0859375,0.21295885499997994,3.0476190476190474
196,17,55,6,1.7142857142857142,0.11458333333333333,0.21295885499997994,3.0476190476190474
197,17,60,3,1.6666666666666667,0.0546875,0.21295885499997994,3.0476190476190474
198,18,55,3,1.75,0.08854166666666666,0.39999999999999997,3.2
199,18,53,5,1.7,0.12239583333333333,0.39999999999999997,3.2
200,17,59,1,1.7142857142857142,0.04427083333333333,0.21295885499997994,3.0476190476190474
201,18,57,4,1.75,0.078125,0.39999999999999997,3.2
202,19,58,2,1.7894736842105263,0.05729166666666666,0.4823763889427201,3.3684210526315788
203,19,59,4,1.7894736842105263,0.0703125,0.4823763889427201,3.3684210526315788
204,18,57,5,1.75,0.09114583333333333,0.39999999999999997,3.2
205,18,59,1,1.75,0.041666666666666664,0.39999999999999997,3.2
206,18,58,2,1.75,0.05208333333333333,0.39999999999999997,3.2
207,18,59,2,1.75,0.046875,0.39999999999999997,3.2
208,17,58,0,1.7142857142857142,0.033854166666666664,0.21295885499997994,3.0476190476190474
209,19,56,3,1.7894736842105263,0.08072916666666666,0.4823763889427201,3.3684210526315788
210,18,58,4,1.75,0.07552083333333334,0.39999999999999997,3.2
211,17,61,1,1.7142857142857142,0.028645833333333332,0.21295885499997994,3.0476190476190474
212,19,57,3,1.7894736842105263,0.07291666666666666,0.48237638894272,3.3684210526315788
213,18,51,5,1.75,0.125,0.39999999999999997,3.2
214,18,60,1,1.75,0.033854166666666664,0.39999999999999997,3.2
215,18,59,1,1.75,0.041666666666666664,0.39999999999999997,3.2
216,18,58,1,1.75,0.049479166666666664,0.39999999999999997,3.2
217,18,55,4,1.75,0.09375,0.39999999999999997,3.2
218,19,55,4,1.7894736842105263,0.09375,0.4823763889427201,3.3684210526315788
219,18,57,1,1.75,0.05729166666666667,0.39999999999999997,3.2
220,17,59,3,1.7142857142857142,0.0625,0.21295885499997994,3.0476190476190474
221,20,56,2,1.8333333333333333,0.06770833333333333,0.49690399499995325,3.5555555555555554
222,17,58,1,1.7142857142857142,0.046875,0.21295885499997994,3.0476190476190474
223,19,55,4,1.7894736842105263,0.09375,0.48237638894272,3.3684210526315788
224,17,58,4,1.619047619047619,0.07552083333333333,0.21295885499997994,3.0476190476190474
225,17,58,3,1.7142857142857142,0.06249999999999999,0.21295885499997994,3.0476190476190474
226,17,55,2,1.7142857142857142,0.07552083333333333,0.21295885499997994,3.0476190476190474
227,18,52,5,1.75,0.11979166666666666,0.39999999999999997,3.2
228,18,56,4,1.75,0.0859375,0.39999999999999997,3.2
229,17,51,6,1.7142857142857142,0.13802083333333331,0.21295885499997994,3.0476190476190474
230,19,58,1,1.7894736842105263,0.049479166666666664,0.4823763889427201,3.3684210526315788
231,18,55,3,1.75,0.08072916666666666,0.39999999999999997,3.2
232,19,53,8,1.7894736842105263,0.14322916666666666,0.48237638894272,3.3684210526315788
233,18,56,2,1.75,0.07291666666666666,0.39999999999999997,3.2
234,17,56,5,1.7142857142857142,0.09635416666666666,0.21295885499997994,3.0476190476190474
235,18,62,2,1.75,0.03125,0.39999999999999997,3.2
236,18,57,2,1.75,0.06770833333333333,0.39999999999999997,3.2
237,18,58,3,1.75,0.06770833333333333,0.39999999999999997,3.2
238,19,58,2,1.7894736842105263,0.05989583333333333,0.4823763889427201,3.3684210526315788
239,17,58,3,1.7142857142857142,0.06510416666666666,0.21295885499997994,3.0476190476190474
240,19,58,3,1.7894736842105263,0.06770833333333333,0.4823763889427201,3.3684210526315788
241,18,56,5,1.75,0.09895833333333333,0.39999999999999997,3.2
242,18,58,1,1.75,0.046875,0.39999999999999997,3.2
243,17,59,1,1.7142857142857142,0.03645833333333333,0.21295885499997994,3.0476190476190474
244,18,59,1,1.75,0.0390625,0.39999999999999997,3.2
245,19,54,5,1.7894736842105263,0.11197916666666666,0.4823763889427201,3.3684210526315788
246,19,53,3,1.736842105263158,0.10156249999999999,0.4823763889427201,3.3684210526315788
247,18,57,2,1.75,0.06510416666666666,0.39999999999999997,3.2
248,19,53,4,1.736842105263158,0.11197916666666666,0.4823763889427201,3.3684210526315788
249,18,56,1,1.75,0.0546875,0.39999999999999997,3.2
250,18,54,4,1.75,0.09895833333333331,0.39999999999999997,3.2
251,19,57,4,1.736842105263158,0.08072916666666666,0.4823763889427201,3.3684210526315788
252,19,57,4,1.7894736842105263,0.08333333333333333,0.4823763889427201,3.3684210526315788
253,19,56,5,1.736842105263158,0.09895833333333333,0.48237638894272,3.3684210526315788
254,17,56,4,1.7142857142857142,0.09114583333333333,0.21295885499997994,3.0476190476190474
255,18,57,4,1.75,0.078125,0.39999999999999997,3.2
256,18,52,4,1.75,0.11458333333333331,0.39999999999999997,3.2
257,17,55,2,1.7142857142857142,0.07291666666666666,0.21295885499997994,3.0476190476190474
258,19,52,4,1.7894736842105263,0.11718749999999999,0.4823763889427201,3.3684210526315788
259,17,54,4,1.7142857142857142,0.1015625,0.21295885499997996,3.0476190476190474
260,18,52,6,1.75,0.13020833333333331,0.39999999999999997,3.2
261,17,58,1,1.7142857142857142,0.049479166666666664,0.21295885499997994,3.0476190476190474
262,18,59,1,1.75,0.041666666666666664,0.39999999999999997,3.2
263,18,53,7,1.75,0.1328125,0.39999999999999997,3.2
264,18,53,3,1.75,0.09635416666666666,0.39999999999999997,3.2
265,18,53,4,1.75,0.109375,0.39999999999999997,3.2
266,18,53,5,1.75,0.11197916666666666,0.39999999999999997,3.2
267,18,51,4,1.75,0.1171875,0.39999999999999997,3.2
268,20,56,5,1.8333333333333333,0.09895833333333334,0.49690399499995325,3.5555555555555554
269,17,53,5,1.7142857142857142,0.11979166666666666,0.21295885499997994,3.0476190476190474
270,17,57,4,1.7142857142857142,0.08333333333333333,0.21295885499997994,3.0476190476190474
271,17,51,7,1.7142857142857142,0.1484375,0.21295885499997994,3.0476190476190474
272,18,53,7,1.75,0.13541666666666666,0.39999999999999997,3.2
273,19,53,7,1.736842105263158,0.13541666666666666,0.4823763889427201,3.3684210526315788
274,17,51,6,1.619047619047619,0.14322916666666666,0.21295885499997994,3.0476190476190474
275,20,59,2,1.8333333333333333,0.05208333333333333,0.49690399499995325,3.5555555555555554
276,18,53,4,1.75,0.10677083333333333,0.39999999999999997,3.2
277,17,56,4,1.7142857142857142,0.09114583333333333,0.21295885499997994,3.0476190476190474
278,18,59,3,1.75,0.05729166666666666,0.39999999999999997,3.2
279,18,56,4,1.7,0.09114583333333333,0.39999999999999997,3.2
280,18,54,2,1.7,0.07671957671957673,0.47696960070847283,3.15
281,18,54,6,1.75,0.11979166666666666,0.39999999999999997,3.2
282,19,52,4,1.736842105263158,0.11111111111111109,0.5668594533825794,3.3157894736842106
283,18,55,5,1.75,0.10416666666666666,0.39999999999999997,3.2
284,18,52,9,1.75,0.16145833333333331,0.39999999999999997,3.2
285,18,53,4,1.75,0.10416666666666666,0.39999999999999997,3.2
286,19,53,6,1.7894736842105263,0.12760416666666669,0.4823763889427201,3.3684210526315788
287,18,54,6,1.75,0.1171875,0.39999999999999997,3.2
288,18,53,4,1.75,0.10677083333333333,0.39999999999999997,3.2
289,17,54,9,1.7142857142857142,0.14583333333333334,0.21295885499997994,3.0476190476190474
290,18,48,10,1.7,0.19531249999999997,0.39999999999999997,3.2
291,18,54,4,1.7,0.10416666666666666,0.39999999999999997,3.2
292,19,47,7,1.7894736842105263,0.171875,0.4823763889427201,3.3684210526315788
293,18,51,5,1.75,0.1328125,0.39999999999999997,3.2
294,17,51,6,1.7142857142857142,0.14583333333333331,0.21295885499997994,3.0476190476190474
295,17,51,5,1.7142857142857142,0.13541666666666666,0.21295885499997994,3.0476190476190474
296,18,56,5,1.75,0.1015625,0.39999999999999997,3.2
297,17,52,6,1.7142857142857142,0.13541666666666666,0.21295885499997994,3.0476190476190474
298,19,52,3,1.7894736842105263,0.11197916666666666,0.4823763889427201,3.3684210526315788
299,18,51,3,1.75,0.1171875,0.39999999999999997,3.2
300,17,50,9,1.7142857142857142,0.17447916666666666,0.21295885499997994,3.0476190476190474
301,19,54,7,1.736842105263158,0.13020833333333334,0.4823763889427201,3.3684210526315788
302,18,52,4,1.75,0.11718749999999999,0.39999999999999997,3.2
303,17,53,5,1.6666666666666667,0.1171875,0.21295885499997994,3.0476190476190474
304,18,48,8,1.75,0.1796875,0.39999999999999997,3.2
305,17,55,4,1.7142857142857142,0.09895833333333333,0.21295885499997994,3.0476190476190474
306,19,52,5,1.6842105263157894,0.12499999999999999,0.4823763889427201,3.3684210526315788
307,18,52,8,1.75,0.15364583333333331,0.39999999999999997,3.2
308,19,48,13,1.7894736842105263,0.22395833333333331,0.4823763889427201,3.3684210526315788
309,18,49,7,1.75,0.15885416666666666,0.39999999999999997,3.2
310,18,50,11,1.75,0.19010416666666666,0.39999999999999997,3.2
311,19,54,4,1.7894736842105263,0.1015625,0.4823763889427201,3.3684210526315788
312,19,53,4,1.7894736842105263,0.11197916666666666,0.4823763889427201,3.3684210526315788
313,18,49,5,1.7,0.1455026455026455,0.47696960070847283,3.15
314,19,46,13,1.7894736842105263,0.23697916666666666,0.4823763889427201,3.3684210526315788
315,17,55,6,1.6666666666666667,0.1171875,0.21295885499997994,3.0476190476190474
316,19,53,5,1.7894736842105263,0.1171875,0.48237638894272,3.3684210526315788
317,18,56,5,1.75,0.09895833333333333,0.39999999999999997,3.2
318,19,46,9,1.7894736842105263,0.1953125,0.4823763889427201,3.3684210526315788
319,18,52,5,1.75,0.12239583333333333,0.39999999999999997,3.2
320,19,53,6,1.7894736842105263,0.13020833333333331,0.4823763889427201,3.3684210526315788
321,18,53,5,1.75,0.11718749999999999,0.39999999999999997,3.2
322,18,52,4,1.75,0.1171875,0.39999999999999997,3.2
323,19,45,9,1.736842105263158,0.20572916666666663,0.4823763889427201,3.3684210526315788
324,17,51,5,1.7142857142857142,0.13020833333333331,0.21295885499997994,3.0476190476190474
325,18,52,5,1.75,0.12499999999999999,0.39999999999999997,3.2
326,18,62,2,1.75,0.03125,0.39999999999999997,3.2
327,19,53,4,1.7894736842105263,0.10677083333333333,0.4823763889427201,3.3684210526315788
328,17,52,9,1.7142857142857142,0.15885416666666666,0.21295885499997994,3.0476190476190474
329,17,48,8,1.7142857142857142,0.18229166666666669,0.21295885499997994,3.0476190476190474
330,17,58,2,1.7142857142857142,0.05989583333333333,0.21295885499997994,3.0476190476190474
331,17,49,9,1.7142857142857142,0.17447916666666666,0.21295885499997994,3.0476190476190474
332,17,53,6,1.6666666666666667,0.12433862433862433,0.3086066999241838,3.0
333,17,50,11,1.7142857142857142,0.19270833333333331,0.21295885499997994,3.0476190476190474
334,18,57,6,1.75,0.1015625,0.39999999999999997,3.2
335,18,52,7,1.75,0.140625,0.39999999999999997,3.2
336,17,52,6,1.7142857142857142,0.12760416666666666,0.21295885499997994,3.0476190476190474
337,18,48,8,1.75,0.18229166666666666,0.39999999999999997,3.2
338,20,51,8,1.7222222222222223,0.15873015873015872,0.6009252125773316,3.5
339,18,52,7,1.75,0.14583333333333331,0.39999999999999997,3.2
340,19,49,7,1.7894736842105263,0.15885416666666666,0.48237638894272,3.3684210526315788
341,18,48,9,1.75,0.1875,0.39999999999999997,3.2
342,18,50,8,1.7,0.1640625,0.39999999999999997,3.2
343,20,47,10,1.7777777777777777,0.20833333333333331,0.49690399499995325,3.5555555555555554
344,17,47,9,1.6666666666666667,0.18749999999999997,0.21295885499997994,3.0476190476190474
345,18,45,9,1.7,0.20572916666666669,0.39999999999999997,3.2
346,19,49,10,1.736842105263158,0.1953125,0.48237638894272,3.3684210526315788
347,18,49,8,1.75,0.16927083333333331,0.39999999999999997,3.2
348,18,49,10,1.7,0.19270833333333331,0.39999999999999997,3.2
349,17,53,3,1.619047619047619,0.0873015873015873,0.3086066999241838,3.0
350,17,52,8,1.6666666666666667,0.15104166666666669,0.21295885499997994,3.0476190476190474
351,18,48,11,1.75,0.20572916666666666,0.39999999999999997,3.2
352,18,49,6,1.7,0.15104166666666666,0.39999999999999997,3.2
353,17,48,9,1.7142857142857142,0.1875,0.21295885499997994,3.0476190476190474
354,19,49,4,1.7894736842105263,0.13541666666666666,0.4823763889427201,3.3684210526315788
355,17,49,9,1.619047619047619,0.18229166666666666,0.21295885499997994,3.0476190476190474
356,18,47,7,1.7,0.17708333333333334,0.39999999999999997,3.2
357,19,48,9,1.7894736842105263,0.1875,0.48237638894272,3.3684210526315788
358,18,49,11,1.7,0.1953125,0.39999999999999997,3.2
359,18,55,6,1.75,0.11197916666666666,0.39999999999999997,3.2
360,18,51,9,1.7,0.16666666666666666,0.39999999999999997,3.2
361,19,51,6,1.7894736842105263,0.140625,0.4823763889427201,3.3684210526315788
362,19,50,6,1.7894736842105263,0.14583333333333334,0.48237638894272,3.3684210526315788
363,19,47,9,1.7894736842105263,0.19010416666666666,0.48237638894272,3.3684210526315788
364,18,49,6,1.75,0.15625,0.39999999999999997,3.2
365,17,52,6,1.619047619047619,0.13802083333333331,0.21295885499997994,3.0476190476190474
366,18,50,10,1.65,0.18489583333333331,0.39999999999999997,3.2
367,19,46,13,1.7894736842105263,0.23697916666666666,0.4823763889427201,3.3684210526315788
368,18,48,12,1.75,0.2109375,0.39999999999999997,3.2
369,18,47,6,1.7,0.16927083333333331,0.39999999999999997,3.2
370,17,49,10,1.7142857142857142,0.19010416666666666,0.21295885499997994,3.0476190476190474
371,18,49,12,1.7,0.20572916666666669,0.39999999999999997,3.2
372,18,49,8,1.75,0.16927083333333331,0.39999999999999997,3.2
373,18,53,3,1.75,0.10416666666666666,0.39999999999999997,3.2
374,18,47,8,1.75,0.19010416666666666,0.39999999999999997,3.2
375,18,48,7,1.75,0.16927083333333331,0.39999999999999997,3.2
376,18,45,9,1.7,0.20833333333333334,0.39999999999999997,3.2
377,19,49,9,1.7894736842105263,0.18229166666666669,0.4823763889427201,3.3684210526315788
378,18,50,8,1.7,0.16145833333333331,0.39999999999999997,3.2
379,18,45,9,1.7,0.2109375,0.39999999999999997,3.2
380,17,45,12,1.6666666666666667,0.23177083333333331,0.21295885499997994,3.0476190476190474
381,18,46,9,1.7,0.19791666666666669,0.39999999999999997,3.2
382,19,50,7,1.7894736842105263,0.15625,0.4823763889427201,3.3684210526315788
383,19,45,11,1.736842105263158,0.22916666666666666,0.4823763889427201,3.3684210526315788
384,18,48,11,1.7,0.203125,0.39999999999999997,3.2
385,18,51,8,1.65,0.15625,0.39999999999999997,3.2
386,18,44,10,1.7,0.22916666666666666,0.39999999999999997,3.2
387,17,51,8,1.619047619047619,0.1640625,0.21295885499997994,3.0476190476190474
388,19,52,9,1.736842105263158,0.16145833333333331,0.4823763889427201,3.3684210526315788
389,19,49,11,1.736842105263158,0.1953125,0.4823763889427201,3.3684210526315788
390,18,48,6,1.65,0.16402116402116404,0.47696960070847283,3.15
391,17,49,10,1.6666666666666667,0.1875,0.21295885499997994,3.0476190476190474
392,18,46,10,1.75,0.2109375,0.39999999999999997,3.2
393,17,45,13,1.6666666666666667,0.24479166666666666,0.21295885499997994,3.0476190476190474
394,18,45,15,1.75,0.265625,0.39999999999999997,3.2
395,17,50,9,1.7142857142857142,0.17708333333333331,0.21295885499997994,3.0476190476190474
396,17,42,12,1.6666666666666667,0.2578125,0.21295885499997994,3.0476190476190474
397,18,45,14,1.7,0.25260416666666663,0.39999999999999997,3.2
398,18,48,12,1.7,0.21354166666666666,0.39999999999999997,3.2
399,18,48,9,1.7,0.19270833333333331,0.39999999999999997,3.2
400,19,52,7,1.736842105263158,0.1484375,0.4823763889427201,3.3684210526315788
401,18,50,9,1.75,0.17447916666666669,0.39999999999999997,3.2
402,18,46,11,1.75,0.21875,0.39999999999999997,3.2
403,18,47,12,1.7,0.22395833333333331,0.39999999999999997,3.2
404,18,48,14,1.75,0.234375,0.39999999999999997,3.2
405,18,45,13,1.75,0.24479166666666669,0.39999999999999997,3.2
406,19,47,10,1.7894736842105263,0.203125,0.4823763889427201,3.3684210526315788
407,17,49,14,1.7142857142857142,0.2265625,0.21295885499997994,3.0476190476190474
408,18,50,6,1.75,0.15104166666666666,0.39999999999999997,3.2
409,17,46,12,1.6666666666666667,0.23177083333333334,0.21295885499997994,3.0476190476190474
410,18,46,9,1.65,0.20052083333333331,0.39999999999999997,3.2
411,18,42,14,1.75,0.27864583333333337,0.39999999999999997,3.2
412,17,46,12,1.6666666666666667,0.23177083333333331,0.21295885499997994,3.0476190476190474
413,19,42,14,1.7894736842105263,0.2734375,0.4823763889427201,3.3684210526315788
414,18,49,12,1.7,0.20572916666666666,0.39999999999999997,3.2
415,17,47,12,1.7142857142857142,0.22135416666666666,0.21295885499997994,3.0476190476190474
416,19,45,13,1.736842105263158,0.24479166666666669,0.4823763889427201,3.3684210526315788
417,19,49,9,1.736842105263158,0.18229166666666666,0.4823763889427201,3.3684210526315788
418,19,38,15,1.736842105263158,0.30989583333333337,0.4823763889427201,3.3684210526315788
419,18,46,13,1.7,0.2421875,0.39999999999999997,3.2
420,18,50,11,1.75,0.19270833333333334,0.39999999999999997,3.2
421,17,45,9,1.6666666666666667,0.20572916666666666,0.21295885499997994,3.0476190476190474
422,19,44,14,1.736842105263158,0.26041666666666663,0.4823763889427201,3.3684210526315788
423,18,42,15,1.65,0.2751322751322752,0.47696960070847283,3.15
424,19,45,15,1.736842105263158,0.2630208333333333,0.4823763889427201,3.3684210526315788
425,18,48,15,1.7,0.2421875,0.39999999999999997,3.2
426,18,44,15,1.6,0.26455026455026454,0.47696960070847283,3.15
427,17,48,12,1.7142857142857142,0.21875,0.21295885499997994,3.0476190476190474
428,17,45,12,1.6666666666666667,0.23437499999999997,0.21295885499997994,3.0476190476190474
429,18,46,12,1.7,0.23177083333333331,0.39999999999999997,3.2
430,18,48,12,1.75,0.21354166666666666,0.39999999999999997,3.2
431,20,47,11,1.7777777777777777,0.21354166666666666,0.49690399499995325,3.5555555555555554
432,19,45,14,1.7894736842105263,0.25,0.4823763889427201,3.3684210526315788
433,19,46,12,1.736842105263158,0.23177083333333334,0.4823763889427201,3.3684210526315788
434,18,48,12,1.7,0.21354166666666666,0.39999999999999997,3.2
435,18,43,15,1.65,0.2751322751322751,0.47696960070847283,3.15
436,19,43,14,1.736842105263158,0.26302083333333337,0.4823763889427201,3.3684210526315788
437,19,43,15,1.7894736842105263,0.2786458333333333,0.4823763889427201,3.3684210526315788
438,18,45,14,1.75,0.2578125,0.39999999999999997,3.2
439,19,45,11,1.7894736842105263,0.22916666666666666,0.4823763889427201,3.3684210526315788
440,18,45,16,1.7,0.2734375,0.39999999999999997,3.2
441,18,45,13,1.7,0.2421875,0.39999999999999997,3.2
442,18,44,15,1.7,0.27083333333333337,0.39999999999999997,3.2
443,19,49,10,1.7894736842105263,0.1875,0.48237638894272,3.3684210526315788
444,19,45,13,1.736842105263158,0.24739583333333331,0.4823763889427201,3.3684210526315788
445,18,45,15,1.75,0.2630208333333333,0.39999999999999997,3.2
446,17,46,13,1.6666666666666667,0.2421875,0.21295885499997994,3.0476190476190474
447,19,38,18,1.736842105263158,0.3411458333333333,0.48237638894272,3.3684210526315788
448,18,46,14,1.75,0.24739583333333334,0.39999999999999997,3.2
449,18,47,14,1.7,0.23958333333333334,0.39999999999999997,3.2
450,18,48,13,1.75,0.2265625,0.39999999999999997,3.2
451,18,44,14,1.7,0.2578125,0.39999999999999997,3.2
452,18,48,10,1.75,0.203125,0.39999999999999997,3.2
453,20,47,12,1.7777777777777777,0.22135416666666666,0.49690399499995325,3.5555555555555554
454,19,45,12,1.6842105263157894,0.23958333333333331,0.4823763889427201,3.3684210526315788
455,18,43,14,1.7,0.27083333333333337,0.39999999999999997,3.2
456,18,44,14,1.7,0.2604166666666667,0.39999999999999997,3.2
457,18,51,9,1.65,0.16927083333333331,0.39999999999999997,3.2
458,18,48,11,1.7,0.203125,0.39999999999999997,3.2
459,18,43,12,1.7,0.25,0.39999999999999997,3.2
460,18,46,12,1.7,0.234375,0.39999999999999997,3.2
461,18,48,11,1.75,0.203125,0.39999999999999997,3.2
462,18,42,16,1.65,0.296875,0.39999999999999997,3.2
463,20,44,16,1.7777777777777777,0.2786458333333333,0.49690399499995325,3.5555555555555554
464,17,46,13,1.7142857142857142,0.23697916666666669,0.21295885499997994,3.0476190476190474
465,18,46,14,1.7,0.24739583333333334,0.39999999999999997,3.2
466,18,42,15,1.7,0.2838541666666667,0.39999999999999997,3.2
467,18,47,14,1.7,0.23958333333333331,0.39999999999999997,3.2
468,19,41,15,1.736842105263158,0.2890625,0.48237638894272,3.3684210526315788
469,18,43,13,1.7,0.26041666666666663,0.39999999999999997,3.2
470,19,45,14,1.736842105263158,0.2526041666666667,0.4823763889427201,3.3684210526315788
471,18,39,20,1.7,0.34895833333333337,0.39999999999999997,3.2
472,19,46,13,1.6842105263157894,0.234375,0.4823763889427201,3.3684210526315788
473,17,50,9,1.6666666666666667,0.17447916666666666,0.21295885499997994,3.0476190476190474
474,18,43,14,1.7,0.27083333333333337,0.39999999999999997,3.2
475,19,47,14,1.736842105263158,0.23958333333333331,0.48237638894272,3.3684210526315788
476,18,43,15,1.7,0.27083333333333337,0.39999999999999997,3.2
477,18,47,13,1.7,0.23177083333333334,0.39999999999999997,3.2
478,19,44,14,1.6842105263157894,0.2619047619047619,0.5668594533825794,3.3157894736842106
479,18,42,14,1.75,0.2734375,0.39999999999999997,3.2
480,19,42,15,1.736842105263158,0.2864583333333333,0.4823763889427201,3.3684210526315788
481,19,45,15,1.736842105263158,0.26302083333333337,0.4823763889427201,3.3684210526315788
482,19,45,12,1.736842105263158,0.23697916666666666,0.4823763889427201,3.3684210526315788
483,19,49,12,1.736842105263158,0.2109375,0.4823763889427201,3.3684210526315788
484,19,41,16,1.736842105263158,0.29947916666666663,0.4823763889427201,3.3684210526315788
485,17,40,16,1.619047619047619,0.3046875,0.21295885499997994,3.0476190476190474
486,17,43,12,1.7142857142857142,0.25,0.21295885499997994,3.0476190476190474
487,18,48,11,1.7,0.20833333333333331,0.39999999999999997,3.2
488,17,42,14,1.619047619047619,0.2698412698412698,0.3086066999241838,3.0
489,18,45,14,1.7,0.2552083333333333,0.39999999999999997,3.2
490,20,44,16,1.7777777777777777,0.28125,0.49690399499995325,3.5555555555555554
491,18,34,18,1.7,0.36197916666666663,0.39999999999999997,3.2
492,18,39,15,1.7,0.3046875,0.39999999999999997,3.2
493,18,47,9,1.7,0.19791666666666669,0.39999999999999997,3.2
494,18,43,15,1.7,0.27604166666666663,0.39999999999999997,3.2
495,19,46,11,1.736842105263158,0.2265625,0.4823763889427201,3.3684210526315788
496,18,43,15,1.7,0.2760416666666667,0.39999999999999997,3.2
497,18,43,14,1.7,0.2682291666666667,0.39999999999999997,3.2
498,19,46,13,1.736842105263158,0.23437499999999997,0.4823763889427201,3.3684210526315788
499,18,43,16,1.7,0.2890625,0.39999999999999997,3.2
500,18,52,5,1.75,0.13020833333333331,0.39999999999999997,3.2
501,19,43,18,1.736842105263158,0.3046875,0.48237638894272,3.3684210526315788
502,18,38,17,1.7,0.3255208333333333,0.39999999999999997,3.2
503,18,46,15,1.7,0.2578125,0.39999999999999997,3.2
504,19,44,14,1.736842105263158,0.2578125,0.4823763889427201,3.3684210526315788
505,20,42,16,1.7777777777777777,0.29166666666666663,0.49690399499995325,3.5555555555555554
506,19,49,12,1.736842105263158,0.20572916666666666,0.4823763889427201,3.3684210526315788
507,18,42,14,1.7,0.27864583333333337,0.39999999999999997,3.2
508,18,40,14,1.7,0.2864583333333333,0.39999999999999997,3.2
509,18,42,14,1.7,0.28125,0.39999999999999997,3.2
510,19,41,11,1.736842105263158,0.2552083333333333,0.48237638894272,3.3684210526315788
511,18,51,9,1.75,0.16927083333333331,0.39999999999999997,3.2
512,18,42,20,1.7,0.32552083333333337,0.39999999999999997,3.2
513,18,44,15,1.7,0.27083333333333337,0.39999999999999997,3.2
514,18,41,19,1.7,0.3255208333333333,0.39999999999999997,3.2
515,18,46,14,1.7,0.25,0.39999999999999997,3.2
516,18,44,16,1.7,0.27604166666666663,0.39999999999999997,3.2
517,18,47,13,1.7,0.23177083333333331,0.39999999999999997,3.2
518,19,43,14,1.736842105263158,0.27083333333333337,0.4823763889427201,3.3684210526315788
519,17,44,11,1.6666666666666667,0.22916666666666666,0.21295885499997994,3.0476190476190474
520,19,45,16,1.7894736842105263,0.2708333333333333,0.4823763889427201,3.3684210526315788
521,17,43,14,1.6666666666666667,0.2708333333333333,0.21295885499997994,3.0476190476190474
522,18,47,13,1.7,0.22916666666666669,0.39999999999999997,3.2
523,19,46,12,1.6842105263157894,0.23015873015873015,0.5668594533825794,3.3157894736842106
524,19,46,13,1.736842105263158,0.23958333333333334,0.4823763889427201,3.3684210526315788
525,18,42,14,1.65,0.26719576719576715,0.47696960070847283,3.15
526,19,44,16,1.736842105263158,0.28125,0.4823763889427201,3.3684210526315788
527,19,45,13,1.736842105263158,0.24739583333333331,0.48237638894272,3.3684210526315788
528,18,41,16,1.7,0.2994791666666667,0.39999999999999997,3.2
529,18,47,12,1.7,0.21614583333333334,0.39999999999999997,3.2
530,18,37,17,1.7,0.3359375,0.39999999999999997,3.2
531,18,41,15,1.75,0.28385416666666663,0.39999999999999997,3.2
532,18,43,17,1.7,0.29166666666666663,0.39999999999999997,3.2
533,19,44,14,1.736842105263158,0.26302083333333337,0.4823763889427201,3.3684210526315788
534,17,46,10,1.6666666666666667,0.20833333333333331,0.21295885499997994,3.0476190476190474
535,19,46,13,1.736842105263158,0.2328042328042328,0.5668594533825794,3.3157894736842106
536,19,40,17,1.736842105263158,0.31770833333333337,0.4823763889427201,3.3684210526315788
537,17,39,15,1.6666666666666667,0.3098958333333333,0.21295885499997994,3.0476190476190474
538,19,42,14,1.736842105263158,0.27083333333333337,0.4823763889427201,3.3684210526315788
539,19,44,15,1.736842105263158,0.2734375,0.4823763889427201,3.3684210526315788
540,19,45,13,1.736842105263158,0.25,0.4823763889427201,3.3684210526315788
541,17,44,16,1.6666666666666667,0.2760416666666667,0.21295885499997994,3.0476190476190474
542,17,42,15,1.6666666666666667,0.28385416666666663,0.21295885499997994,3.0476190476190474
543,18,46,14,1.7,0.25,0.39999999999999997,3.2
544,18,43,17,1.7,0.296875,0.39999999999999997,3.2
545,18,42,17,1.7,0.2994791666666667,0.39999999999999997,3.2
546,19,44,15,1.736842105263158,0.2682291666666667,0.4823763889427201,3.3684210526315788
547,18,45,12,1.75,0.2421875,0.39999999999999997,3.2
548,18,45,13,1.7,0.24739583333333331,0.39999999999999997,3.2
549,18,44,16,1.7,0.2760416666666667,0.39999999999999997,3.2
550,18,50,9,1.75,0.17708333333333331,0.39999999999999997,3.2
551,17,44,15,1.6666666666666667,0.2734375,0.21295885499997994,3.0476190476190474
552,19,43,17,1.736842105263158,0.29427083333333337,0.4823763889427201,3.3684210526315788
553,20,41,17,1.7777777777777777,0.3098958333333333,0.49690399499995325,3.5555555555555554
554,18,43,16,1.75,0.2864583333333333,0.39999999999999997,3.2
555,18,44,16,1.7,0.27864583333333337,0.39999999999999997,3.2
556,18,42,16,1.7,0.2890625,0.39999999999999997,3.2
557,18,41,17,1.7,0.3046875,0.39999999999999997,3.2
558,18,42,13,1.7,0.26041666666666663,0.39999999999999997,3.2
559,19,45,15,1.7894736842105263,0.265625,0.4823763889427201,3.3684210526315788
560,18,46,11,1.65,0.2169312169312169,0.47696960070847283,3.15
561,18,45,12,1.7,0.234375,0.39999999999999997,3.2
562,18,42,17,1.7,0.3046875,0.39999999999999997,3.2
563,19,46,15,1.7894736842105263,0.2552083333333333,0.4823763889427201,3.3684210526315788
564,19,41,15,1.736842105263158,0.2890625,0.4823763889427201,3.3684210526315788
565,17,39,18,1.619047619047619,0.33068783068783075,0.3086066999241838,3.0
566,18,46,12,1.7,0.23177083333333331,0.39999999999999997,3.2
567,18,44,14,1.7,0.265625,0.39999999999999997,3.2
568,18,36,18,1.7,0.3515625,0.39999999999999997,3.2
569,18,44,15,1.7,0.2708333333333333,0.39999999999999997,3.2
570,19,45,18,1.736842105263158,0.2890625,0.4823763889427201,3.3684210526315788
571,19,44,14,1.6842105263157894,0.25396825396825395,0.5668594533825794,3.3157894736842106
572,18,47,11,1.75,0.21614583333333331,0.39999999999999997,3.2
573,18,41,18,1.7,0.31510416666666663,0.39999999999999997,3.2
574,20,45,14,1.7777777777777777,0.2552083333333333,0.49690399499995325,3.5555555555555554
575,19,43,15,1.6842105263157894,0.27248677248677244,0.5668594533825794,3.3157894736842106
576,19,45,15,1.736842105263158,0.265625,0.4823763889427201,3.3684210526315788
577,20,39,20,1.7777777777777777,0.3515625,0.49690399499995325,3.5555555555555554
578,19,40,16,1.736842105263158,0.3072916666666667,0.4823763889427201,3.3684210526315788
579,19,43,17,1.736842105263158,0.29427083333333337,0.4823763889427201,3.3684210526315788
580,18,36,18,1.7,0.3515625,0.39999999999999997,3.2
581,18,46,15,1.7,0.2578125,0.39999999999999997,3.2
582,19,41,17,1.736842105263158,0.3125,0.4823763889427201,3.3684210526315788
583,18,41,16,1.7,0.3046875,0.39999999999999997,3.2
584,18,44,13,1.7,0.2526041666666667,0.39999999999999997,3.2
585,19,40,16,1.6842105263157894,0.30687830687830686,0.5668594533825794,3.3157894736842106
586,20,42,17,1.7777777777777777,0.30208333333333337,0.49690399499995325,3.5555555555555554
587,18,43,16,1.7,0.2786458333333333,0.39999999999999997,3.2
588,19,36,22,1.736842105263158,0.38802083333333337,0.4823763889427201,3.3684210526315788
589,18,42,15,1.7,0.2838541666666667,0.39999999999999997,3.2
590,18,41,18,1.7,0.31770833333333337,0.39999999999999997,3.2
591,19,43,19,1.736842105263158,0.3125,0.4823763889427201,3.3684210526315788
592,19,41,18,1.736842105263158,0.31770833333333337,0.4823763889427201,3.3684210526315788
593,20,45,17,1.7777777777777777,0.28125,0.49690399499995325,3.5555555555555554
594,18,46,14,1.7,0.25,0.39999999999999997,3.2
595,18,42,17,1.7,0.3046875,0.39999999999999997,3.2
596,20,43,16,1.7777777777777777,0.2838541666666667,0.49690399499995325,3.5555555555555554
597,18,42,16,1.7,0.296875,0.39999999999999997,3.2
598,18,41,16,1.7,0.30208333333333337,0.39999999999999997,3.2
599,17,43,17,1.6666666666666667,0.296875,0.21295885499997994,3.0476190476190474
600,18,40,18,1.7,0.3229166666666667,0.39999999999999997,3.2
601,18,40,17,1.7,0.31770833333333337,0.39999999999999997,3.2
602,18,44,14,1.7,0.2630208333333333,0.39999999999999997,3.2
603,18,40,15,1.7,0.296875,0.39999999999999997,3.2
604,18,45,17,1.7,0.28125,0.39999999999999997,3.2
605,19,42,16,1.736842105263158,0.29427083333333337,0.4823763889427201,3.3684210526315788
606,20,39,20,1.7777777777777777,0.3463541666666667,0.49690399499995325,3.5555555555555554
607,18,42,16,1.65,0.29365079365079366,0.47696960070847283,3.15
608,18,42,16,1.65,0.29100529100529104,0.47696960070847283,3.15
609,18,40,15,1.7,0.3046875,0.39999999999999997,3.2
610,17,39,18,1.6666666666666667,0.33333333333333337,0.21295885499997994,3.0476190476190474
611,18,41,19,1.7,0.3255208333333333,0.39999999999999997,3.2
612,19,45,15,1.736842105263158,0.2630208333333333,0.4823763889427201,3.3684210526315788
613,19,41,17,1.6842105263157894,0.3042328042328042,0.5668594533825794,3.3157894736842106
614,18,42,16,1.7,0.2890625,0.39999999999999997,3.2
615,19,40,16,1.7894736842105263,0.3046875,0.48237638894272,3.3684210526315788
616,19,34,19,1.736842105263158,0.37239583333333337,0.4823763889427201,3.3684210526315788
617,19,44,15,1.7894736842105263,0.2708333333333333,0.4823763889427201,3.3684210526315788
618,18,40,16,1.7,0.30729166666666663,0.39999999999999997,3.2
619,18,35,18,1.65,0.3571428571428571,0.47696960070847283,3.15
620,18,40,16,1.7,0.3098958333333333,0.39999999999999997,3.2
621,18,43,18,1.7,0.30208333333333337,0.39999999999999997,3.2
622,18,46,14,1.7,0.24739583333333334,0.39999999999999997,3.2
623,19,40,17,1.736842105263158,0.31770833333333337,0.4823763889427201,3.3684210526315788
624,19,37,18,1.736842105263158,0.3515625,0.4823763889427201,3.3684210526315788
625,19,45,14,1.736842105263158,0.2578125,0.4823763889427201,3.3684210526315788
626,19,40,18,1.736842105263158,0.3203125,0.4823763889427201,3.3684210526315788
627,19,41,18,1.736842105263158,0.3203125,0.48237638894272,3.3684210526315788
628,17,38,17,1.6666666666666667,0.328125,0.21295885499997994,3.0476190476190474
629,18,43,14,1.7,0.265625,0.39999999999999997,3.2
630,18,38,18,1.7,0.3385416666666667,0.39999999999999997,3.2
631,19,41,18,1.6842105263157894,0.3148148148148148,0.5668594533825794,3.3157894736842106
632,19,37,19,1.736842105263158,0.35677083333333337,0.4823763889427201,3.3684210526315788
633,18,42,16,1.7,0.29166666666666663,0.39999999999999997,3.2
634,18,41,15,1.7,0.28645833333333337,0.39999999999999997,3.2
635,19,42,17,1.736842105263158,0.30208333333333337,0.4823763889427201,3.3684210526315788
636,18,39,19,1.7,0.34114583333333337,0.39999999999999997,3.2
637,18,39,17,1.7,0.32552083333333337,0.39999999999999997,3.2
638,18,33,19,1.65,0.3783068783068783,0.47696960070847283,3.15
639,18,38,18,1.7,0.3385416666666667,0.39999999999999997,3.2
640,18,41,16,1.7,0.2994791666666667,0.39999999999999997,3.2
641,18,41,18,1.7,0.3151041666666667,0.39999999999999997,3.2
642,17,44,16,1.6666666666666667,0.2760416666666667,0.21295885499997994,3.0476190476190474
643,18,42,17,1.7,0.30208333333333337,0.39999999999999997,3.2
644,18,40,17,1.7,0.31510416666666663,0.39999999999999997,3.2
645,18,45,14,1.7,0.2578125,0.39999999999999997,3.2
646,18,42,19,1.7,0.3203125,0.39999999999999997,3.2
647,18,41,18,1.7,0.31510416666666663,0.39999999999999997,3.2
648,20,38,20,1.7777777777777777,0.35677083333333337,0.49690399499995325,3.5555555555555554
649,18,40,20,1.7,0.3411458333333333,0.39999999999999997,3.2
650,18,38,19,1.7,0.3463541666666667,0.39999999999999997,3.2
651,19,46,13,1.736842105263158,0.23958333333333334,0.48237638894272,3.3684210526315788
652,19,38,19,1.736842105263158,0.34895833333333337,0.4823763889427201,3.3684210526315788
653,19,40,15,1.736842105263158,0.296875,0.4823763889427201,3.3684210526315788
654,19,37,18,1.736842105263158,0.3463541666666667,0.4823763889427201,3.3684210526315788
655,18,36,20,1.7,0.36458333333333337,0.39999999999999997,3.2
656,19,44,15,1.736842105263158,0.27083333333333337,0.4823763889427201,3.3684210526315788
657,18,39,19,1.7,0.33333333333333337,0.39999999999999997,3.2
658,19,43,16,1.736842105263158,0.28645833333333337,0.4823763889427201,3.3684210526315788
659,19,40,17,1.736842105263158,0.3203125,0.4823763889427201,3.3684210526315788
660,18,39,23,1.7,0.375,0.39999999999999997,3.2
661,19,36,18,1.736842105263158,0.3463541666666667,0.4823763889427201,3.3684210526315788
662,19,44,15,1.736842105263158,0.27083333333333337,0.48237638894272,3.3684210526315788
663,18,42,15,1.7,0.28125,0.39999999999999997,3.2
664,18,39,18,1.7,0.3307291666666667,0.39999999999999997,3.2
665,18,36,19,1.7,0.3671875,0.39999999999999997,3.2
666,19,39,19,1.736842105263158,0.34114583333333337,0.4823763889427201,3.3684210526315788
667,18,41,17,1.7,0.3072916666666667,0.39999999999999997,3.2
668,18,42,16,1.7,0.29166666666666663,0.39999999999999997,3.2
669,18,41,18,1.7,0.31510416666666663,0.39999999999999997,3.2
670,19,39,18,1.736842105263158,0.33333333333333337,0.4823763889427201,3.3684210526315788
671,18,38,19,1.7,0.34895833333333337,0.39999999999999997,3.2
672,19,42,18,1.7894736842105263,0.3125,0.4823763889427201,3.3684210526315788
673,18,44,14,1.7,0.265625,0.39999999999999997,3.2
674,19,44,15,1.736842105263158,0.2734375,0.4823763889427201,3.3684210526315788
675,18,40,19,1.7,0.3333333333333333,0.39999999999999997,3.2
676,20,38,18,1.7777777777777777,0.3411458333333333,0.49690399499995325,3.5555555555555554
677,19,38,17,1.736842105263158,0.3307291666666667,0.4823763889427201,3.3684210526315788
678,19,39,17,1.736842105263158,0.3229166666666667,0.4823763889427201,3.3684210526315788
679,18,36,20,1.7,0.3697916666666667,0.39999999999999997,3.2
680,18,39,18,1.7,0.3307291666666667,0.39999999999999997,3.2
681,19,41,15,1.736842105263158,0.2942708333333333,0.4823763889427201,3.3684210526315788
682,19,39,18,1.736842105263158,0.33072916666666663,0.4823763889427201,3.3684210526315788
683,18,44,17,1.7,0.2890625,0.39999999999999997,3.2
684,18,36,18,1.7,0.3541666666666667,0.39999999999999997,3.2
685,19,40,17,1.736842105263158,0.3151041666666667,0.4823763889427201,3.3684210526315788
686,20,39,18,1.7777777777777777,0.3307291666666667,0.49690399499995325,3.5555555555555554
687,19,40,19,1.736842105263158,0.3359375,0.4823763889427201,3.3684210526315788
688,18,44,16,1.7,0.2786458333333333,0.39999999999999997,3.2
689,18,43,16,1.75,0.28645833333333337,0.39999999999999997,3.2
690,18,36,20,1.7,0.37239583333333337,0.39999999999999997,3.2
691,19,45,15,1.736842105263158,0.26302083333333337,0.4823763889427201,3.3684210526315788
692,18,38,18,1.7,0.3385416666666667,0.39999999999999997,3.2
693,19,38,19,1.736842105263158,0.3489583333333333,0.4823763889427201,3.3684210526315788
694,19,35,20,1.736842105263158,0.3776041666666667,0.4823763889427201,3.3684210526315788
695,18,35,20,1.65,0.3756613756613757,0.47696960070847283,3.15
696,18,35,18,1.7,0.3515625,0.39999999999999997,3.2
697,19,42,17,1.736842105263158,0.30208333333333337,0.4823763889427201,3.3684210526315788
698,18,40,17,1.7,0.3151041666666667,0.39999999999999997,3.2
699,19,43,17,1.736842105263158,0.29427083333333337,0.4823763889427201,3.3684210526315788
700,19,41,18,1.736842105263158,0.31770833333333337,0.4823763889427201,3.3684210526315788
701,18,39,19,1.7,0.33854166666666663,0.39999999999999997,3.2
702,19,39,19,1.736842105263158,0.3411458333333333,0.4823763889427201,3.3684210526315788
703,19,48,11,1.736842105263158,0.2109375,0.4823763889427201,3.3684210526315788
704,20,40,19,1.7222222222222223,0.3280423280423281,0.6009252125773316,3.5
705,19,35,15,1.6842105263157894,0.3333333333333333,0.5668594533825794,3.3157894736842106
706,19,41,18,1.736842105263158,0.3177083333333333,0.4823763889427201,3.3684210526315788
707,19,38,20,1.736842105263158,0.3515625,0.4823763889427201,3.3684210526315788
708,18,42,17,1.7,0.30208333333333337,0.39999999999999997,3.2
709,18,40,19,1.7,0.3307291666666667,0.39999999999999997,3.2
710,19,36,17,1.736842105263158,0.34114583333333337,0.4823763889427201,3.3684210526315788
711,18,40,18,1.7,0.3229166666666667,0.39999999999999997,3.2
712,18,39,20,1.7,0.3515625,0.39999999999999997,3.2
713,19,42,16,1.736842105263158,0.296875,0.4823763889427201,3.3684210526315788
714,19,45,12,1.736842105263158,0.23958333333333334,0.4823763889427201,3.3684210526315788
715,19,37,19,1.736842105263158,0.3515625,0.4823763889427201,3.3684210526315788
716,18,43,18,1.7,0.3046875,0.39999999999999997,3.2
717,19,39,19,1.6842105263157894,0.33862433862433866,0.5668594533825794,3.3157894736842106
718,19,42,16,1.736842105263158,0.2890625,0.48237638894272,3.3684210526315788
719,18,40,18,1.7,0.3229166666666667,0.39999999999999997,3.2
720,18,36,18,1.7,0.3492063492063492,0.47696960070847283,3.15
721,19,36,21,1.6842105263157894,0.37830687830687837,0.5668594533825794,3.3157894736842106
722,19,38,19,1.736842105263158,0.34375,0.4823763889427201,3.3684210526315788
723,18,41,17,1.7,0.30989583333333337,0.39999999999999997,3.2
724,19,37,19,1.6842105263157894,0.35714285714285715,0.5668594533825794,3.3157894736842106
725,19,43,17,1.736842105263158,0.2942708333333333,0.4823763889427201,3.3684210526315788
726,19,42,19,1.736842105263158,0.3203125,0.48237638894272,3.3684210526315788
727,19,34,18,1.736842105263158,0.37239583333333337,0.4823763889427201,3.3684210526315788
728,19,36,17,1.736842105263158,0.33854166666666663,0.4823763889427201,3.3684210526315788
729,19,35,19,1.736842105263158,0.36979166666666663,0.48237638894272,3.3684210526315788
730,19,44,16,1.736842105263158,0.2786458333333333,0.4823763889427201,3.3684210526315788
731,18,40,18,1.7,0.3203125,0.39999999999999997,3.2
732,18,40,18,1.7,0.3255208333333333,0.39999999999999997,3.2
733,18,39,21,1.7,0.3541666666666667,0.39999999999999997,3.2
734,19,40,20,1.736842105263158,0.3411458333333333,0.48237638894272,3.3684210526315788
735,18,40,19,1.7,0.33333333333333337,0.39999999999999997,3.2
736,19,37,19,1.736842105263158,0.3515625,0.4823763889427201,3.3684210526315788
737,19,39,20,1.736842105263158,0.34895833333333337,0.4823763889427201,3.3684210526315788
738,19,41,18,1.736842105263158,0.31770833333333337,0.4823763889427201,3.3684210526315788
739,18,36,19,1.7,0.3645833333333333,0.39999999999999997,3.2
740,19,40,17,1.736842105263158,0.31770833333333337,0.4823763889427201,3.3684210526315788
741,18,44,12,1.7,0.24479166666666663,0.39999999999999997,3.2
742,19,35,21,1.736842105263158,0.390625,0.4823763889427201,3.3684210526315788
743,18,37,17,1.7,0.34114583333333337,0.39999999999999997,3.2
744,19,38,21,1.736842105263158,0.36197916666666663,0.4823763889427201,3.3684210526315788
745,19,38,17,1.6842105263157894,0.3253968253968254,0.5668594533825794,3.3157894736842106
746,19,40,18,1.7894736842105263,0.32552083333333337,0.4823763889427201,3.3684210526315788
747,19,34,22,1.736842105263158,0.4010416666666667,0.48237638894272,3.3684210526315788
748,19,41,17,1.736842105263158,0.30989583333333337,0.4823763889427201,3.3684210526315788
749,19,38,20,1.736842105263158,0.359375,0.4823763889427201,3.3684210526315788
750,18,39,19,1.7,0.33854166666666663,0.39999999999999997,3.2
751,19,37,20,1.6842105263157894,0.35714285714285715,0.5668594533825794,3.3157894736842106
752,19,36,19,1.736842105263158,0.3645833333333333,0.4823763889427201,3.3684210526315788
753,19,39,17,1.6842105263157894,0.3174603174603174,0.5668594533825794,3.3157894736842106
754,18,37,19,1.7,0.3541666666666667,0.39999999999999997,3.2
755,19,42,17,1.736842105263158,0.29947916666666663,0.4823763889427201,3.3684210526315788
756,17,40,17,1.7142857142857142,0.3125,0.21295885499997994,3.0476190476190474
757,18,38,21,1.7,0.359375,0.39999999999999997,3.2
758,19,43,16,1.736842105263158,0.2890625,0.4823763889427201,3.3684210526315788
759,18,40,18,1.65,0.32275132275132273,0.47696960070847283,3.15
760,19,41,18,1.736842105263158,0.31770833333333337,0.4823763889427201,3.3684210526315788
761,19,37,20,1.736842105263158,0.36458333333333337,0.4823763889427201,3.3684210526315788
762,20,36,19,1.7222222222222223,0.35714285714285715,0.6009252125773316,3.5
763,20,39,20,1.7777777777777777,0.3515625,0.49690399499995325,3.5555555555555554
764,18,41,16,1.7,0.30208333333333337,0.39999999999999997,3.2
765,18,36,17,1.7,0.34114583333333337,0.39999999999999997,3.2
766,19,33,20,1.736842105263158,0.3828125,0.4823763889427201,3.3684210526315788
767,18,41,18,1.7,0.31770833333333337,0.39999999999999997,3.2
768,18,34,21,1.75,0.390625,0.39999999999999997,3.2
769,18,37,22,1.7,0.38020833333333337,0.39999999999999997,3.2
770,20,41,16,1.7777777777777777,0.3020833333333333,0.49690399499995325,3.5555555555555554
771,18,38,20,1.7,0.35416666666666663,0.39999999999999997,3.2
772,19,39,19,1.6842105263157894,0.3386243386243386,0.5668594533825794,3.3157894736842106
773,18,36,19,1.7,0.36458333333333337,0.39999999999999997,3.2
774,19,38,19,1.736842105263158,0.34895833333333337,0.4823763889427201,3.3684210526315788
775,18,36,20,1.7,0.3671875,0.39999999999999997,3.2
776,18,40,15,1.7,0.29427083333333337,0.39999999999999997,3.2
777,19,37,22,1.736842105263158,0.3802083333333333,0.4823763889427201,3.3684210526315788
778,18,37,17,1.7,0.33333333333333337,0.39999999999999997,3.2
779,19,38,18,1.736842105263158,0.34114583333333337,0.4823763889427201,3.3684210526315788
780,19,38,18,1.736842105263158,0.34114583333333337,0.4823763889427201,3.3684210526315788
781,18,42,15,1.7,0.28385416666666663,0.39999999999999997,3.2
782,18,39,18,1.7,0.3359375,0.39999999999999997,3.2
783,19,38,17,1.736842105263158,0.328125,0.4823763889427201,3.3684210526315788
784,19,33,22,1.736842105263158,0.40885416666666663,0.4823763889427201,3.3684210526315788
785,19,37,17,1.736842105263158,0.3359375,0.4823763889427201,3.3684210526315788
786,19,36,19,1.736842105263158,0.35677083333333337,0.4823763889427201,3.3684210526315788
787,19,39,17,1.736842105263158,0.3203125,0.4823763889427201,3.3684210526315788
788,18,36,21,1.7,0.375,0.39999999999999997,3.2
789,18,34,17,1.7,0.3518518518518518,0.47696960070847283,3.15
790,18,32,22,1.7,0.4140625,0.39999999999999997,3.2
791,18,38,18,1.65,0.33862433862433866,0.47696960070847283,3.15
792,18,36,22,1.7,0.3854166666666667,0.39999999999999997,3.2
793,20,38,20,1.7777777777777777,0.35416666666666663,0.49690399499995325,3.5555555555555554
794,19,37,21,1.736842105263158,0.3671875,0.48237638894272,3.3684210526315788
795,18,33,18,1.7,0.375,0.39999999999999997,3.2
796,18,41,18,1.7,0.31510416666666663,0.39999999999999997,3.2
797,18,36,20,1.65,0.36507936507936506,0.47696960070847283,3.15
798,18,38,19,1.7,0.34895833333333337,0.39999999999999997,3.2
799,18,36,17,1.7,0.3463541666666667,0.39999999999999997,3.2
800,20,39,21,1.7777777777777777,0.359375,0.49690399499995325,3.5555555555555554
801,19,39,19,1.736842105263158,0.34114583333333337,0.4823763889427201,3.3684210526315788
802,19,37,17,1.736842105263158,0.33333333333333337,0.4823763889427201,3.3684210526315788
803,19,40,15,1.736842105263158,0.296875,0.4823763889427201,3.3684210526315788
804,19,40,15,1.736842105263158,0.296875,0.4823763889427201,3.3684210526315788
805,19,34,22,1.736842105263158,0.4036458333333333,0.4823763889427201,3.3684210526315788
806,18,36,23,1.7,0.3984375,0.39999999999999997,3.2
807,18,37,18,1.7,0.3463541666666667,0.39999999999999997,3.2
808,18,31,20,1.7,0.40625,0.39999999999999997,3.2
809,18,34,23,1.7,0.40625,0.39999999999999997,3.2
810,19,34,21,1.736842105263158,0.38802083333333337,0.4823763889427201,3.3684210526315788
811,18,35,20,1.7,0.375,0.39999999999999997,3.2
812,20,40,17,1.8333333333333333,0.3151041666666667,0.49690399499995325,3.5555555555555554
813,19,35,20,1.736842105263158,0.3776041666666667,0.4823763889427201,3.3684210526315788
814,19,35,18,1.736842105263158,0.35677083333333337,0.4823763889427201,3.3684210526315788
815,19,37,23,1.736842105263158,0.3880208333333333,0.4823763889427201,3.3684210526315788
816,19,43,17,1.736842105263158,0.29427083333333337,0.4823763889427201,3.3684210526315788
817,19,36,22,1.736842105263158,0.3828125,0.4823763889427201,3.3684210526315788
818,18,35,20,1.65,0.373015873015873,0.47696960070847283,3.15
819,19,35,20,1.736842105263158,0.37760416666666663,0.4823763889427201,3.3684210526315788
820,18,40,16,1.75,0.30989583333333337,0.39999999999999997,3.2
821,18,37,22,1.7,0.3802083333333333,0.39999999999999997,3.2
822,18,32,21,1.7,0.40364583333333337,0.39999999999999997,3.2
823,19,31,23,1.736842105263158,0.42708333333333337,0.4823763889427201,3.3684210526315788
824,19,33,22,1.736842105263158,0.40625,0.4823763889427201,3.3684210526315788
825,17,35,21,1.6666666666666667,0.3854166666666667,0.21295885499997994,3.0476190476190474
826,20,37,21,1.7777777777777777,0.3723958333333333,0.49690399499995325,3.5555555555555554
827,18,37,20,1.65,0.3597883597883598,0.47696960070847283,3.15
828,19,37,18,1.736842105263158,0.3463541666666667,0.4823763889427201,3.3684210526315788
829,19,35,21,1.736842105263158,0.3828125,0.4823763889427201,3.3684210526315788
830,18,31,23,1.7,0.4296875,0.39999999999999997,3.2
831,18,38,20,1.7,0.359375,0.39999999999999997,3.2
832,18,39,19,1.7,0.34375,0.39999999999999997,3.2
833,18,38,17,1.75,0.3307291666666667,0.39999999999999997,3.2
834,19,36,20,1.736842105263158,0.3697916666666667,0.4823763889427201,3.3684210526315788
835,18,35,21,1.7,0.38541666666666663,0.39999999999999997,3.2
836,18,41,17,1.7,0.30989583333333337,0.39999999999999997,3.2
837,19,35,21,1.736842105263158,0.3854166666666667,0.4823763889427201,3.3684210526315788
838,19,39,16,1.6842105263157894,0.31481481481481477,0.5668594533825794,3.3157894736842106
839,18,39,21,1.7,0.359375,0.39999999999999997,3.2
840,18,42,17,1.7,0.30208333333333337,0.39999999999999997,3.2
841,18,37,18,1.7,0.34375,0.39999999999999997,3.2
842,18,40,15,1.7,0.296875,0.39999999999999997,3.2
843,19,38,20,1.736842105263158,0.3515625,0.4823763889427201,3.3684210526315788
844,18,36,24,1.65,0.40211640211640215,0.47696960070847283,3.15
845,18,37,20,1.7,0.36197916666666663,0.39999999999999997,3.2
846,18,37,19,1.7,0.3541666666666667,0.39999999999999997,3.2
847,19,40,16,1.736842105263158,0.3046875,0.4823763889427201,3.3684210526315788
848,18,38,20,1.7,0.3541666666666667,0.39999999999999997,3.2
849,19,34,22,1.6842105263157894,0.3994708994708994,0.5668594533825794,3.3157894736842106
850,19,33,22,1.736842105263158,0.4088541666666667,0.4823763889427201,3.3684210526315788
851,19,39,19,1.736842105263158,0.33854166666666663,0.48237638894272,3.3684210526315788
852,20,41,17,1.7777777777777777,0.30729166666666663,0.49690399499995325,3.5555555555555554
853,18,36,20,1.7,0.3697916666666667,0.39999999999999997,3.2
854,18,38,21,1.7,0.36197916666666663,0.39999999999999997,3.2
855,19,29,22,1.736842105263158,0.43229166666666663,0.4823763889427201,3.3684210526315788
856,19,35,20,1.736842105263158,0.375,0.48237638894272,3.3684210526315788
857,20,32,22,1.7777777777777777,0.4140625,0.49690399499995325,3.5555555555555554
858,20,37,19,1.7777777777777777,0.35416666666666663,0.49690399499995325,3.5555555555555554
859,17,34,20,1.619047619047619,0.3809523809523809,0.3086066999241838,3.0
860,19,33,24,1.736842105263158,0.4296875,0.4823763889427201,3.3684210526315788
861,19,36,21,1.736842105263158,0.3828125,0.4823763889427201,3.3684210526315788
862,19,37,19,1.736842105263158,0.3515625,0.4823763889427201,3.3684210526315788
863,19,34,20,1.736842105263158,0.38802083333333337,0.4823763889427201,3.3684210526315788
864,18,36,20,1.7,0.3697916666666667,0.39999999999999997,3.2
865,19,34,21,1.736842105263158,0.38802083333333337,0.4823763889427201,3.3684210526315788
866,19,35,20,1.736842105263158,0.375,0.4823763889427201,3.3684210526315788
867,19,35,21,1.736842105263158,0.38020833333333337,0.4823763889427201,3.3684210526315788
868,18,34,23,1.7,0.4036458333333333,0.39999999999999997,3.2
869,18,35,18,1.7,0.359375,0.39999999999999997,3.2
870,20,33,20,1.7777777777777777,0.390625,0.49690399499995325,3.5555555555555554
871,19,36,22,1.736842105263158,0.38802083333333337,0.4823763889427201,3.3684210526315788
872,18,34,21,1.7,0.39583333333333337,0.39999999999999997,3.2
873,19,35,23,1.736842105263158,0.40364583333333337,0.4823763889427201,3.3684210526315788
874,18,37,18,1.7,0.3489583333333333,0.39999999999999997,3.2
875,18,32,22,1.7,0.40885416666666663,0.39999999999999997,3.2
876,18,35,20,1.7,0.3776041666666667,0.39999999999999997,3.2
877,20,34,22,1.7777777777777777,0.40364583333333337,0.49690399499995325,3.5555555555555554
878,19,34,22,1.736842105263158,0.40364583333333337,0.4823763889427201,3.3684210526315788
879,18,36,20,1.7,0.3671875,0.39999999999999997,3.2
880,18,32,23,1.7,0.421875,0.39999999999999997,3.2
881,19,32,24,1.736842105263158,0.4296875,0.4823763889427201,3.3684210526315788
882,18,35,21,1.7,0.3828125,0.39999999999999997,3.2
883,18,37,22,1.7,0.38020833333333337,0.39999999999999997,3.2
884,18,36,21,1.7,0.3776041666666667,0.39999999999999997,3.2
885,19,37,20,1.7894736842105263,0.359375,0.4823763889427201,3.3684210526315788
886,18,37,20,1.7,0.36197916666666663,0.39999999999999997,3.2
887,18,31,21,1.7,0.4140625,0.39999999999999997,3.2
888,18,30,23,1.7,0.4375,0.39999999999999997,3.2
889,18,36,17,1.7,0.34114583333333337,0.39999999999999997,3.2
890,19,31,23,1.736842105263158,0.42708333333333337,0.4823763889427201,3.3684210526315788
891,18,39,19,1.7,0.3385416666666667,0.39999999999999997,3.2
892,18,32,22,1.7,0.41145833333333337,0.39999999999999997,3.2
893,18,30,26,1.7,0.4635416666666667,0.39999999999999997,3.2
894,18,36,18,1.7,0.3515625,0.39999999999999997,3.2
895,19,36,21,1.736842105263158,0.3776041666666667,0.4823763889427201,3.3684210526315788
896,19,37,20,1.736842105263158,0.3645833333333333,0.48237638894272,3.3684210526315788
897,20,36,19,1.7777777777777777,0.359375,0.49690399499995325,3.5555555555555554
898,19,39,20,1.736842105263158,0.3515625,0.4823763889427201,3.3684210526315788
899,19,34,20,1.736842105263158,0.3776041666666667,0.4823763889427201,3.3684210526315788
900,19,32,23,1.736842105263158,0.421875,0.4823763889427201,3.3684210526315788
901,19,35,21,1.736842105263158,0.3854166666666667,0.4823763889427201,3.3684210526315788
902,18,34,22,1.7,0.4010416666666667,0.39999999999999997,3.2
903,20,35,20,1.7777777777777777,0.38020833333333337,0.49690399499995325,3.5555555555555554
904,18,34,22,1.7,0.3984375,0.39999999999999997,3.2
905,18,32,24,1.7,0.4322916666666667,0.39999999999999997,3.2
906,18,38,19,1.7,0.34114583333333337,0.39999999999999997,3.2
907,18,39,19,1.75,0.34114583333333337,0.39999999999999997,3.2
908,19,38,21,1.736842105263158,0.36197916666666663,0.4823763889427201,3.3684210526315788
909,19,33,21,1.736842105263158,0.3984375,0.4823763889427201,3.3684210526315788
910,19,29,22,1.736842105263158,0.4348958333333333,0.4823763889427201,3.3684210526315788
911,18,35,21,1.7,0.38802083333333337,0.39999999999999997,3.2
912,19,31,23,1.736842105263158,0.4348958333333333,0.4823763889427201,3.3684210526315788
913,18,34,21,1.7,0.3932291666666667,0.39999999999999997,3.2
914,19,36,21,1.736842105263158,0.3776041666666667,0.4823763889427201,3.3684210526315788
915,18,32,22,1.7,0.4140625,0.39999999999999997,3.2
916,19,35,21,1.736842105263158,0.3828125,0.4823763889427201,3.3684210526315788
917,20,38,21,1.7777777777777777,0.3619791666666667,0.49690399499995325,3.5555555555555554
918,19,31,22,1.736842105263158,0.41927083333333337,0.4823763889427201,3.3684210526315788
919,18,29,22,1.7,0.4322916666666667,0.39999999999999997,3.2
920,19,32,24,1.736842105263158,0.4348958333333333,0.48237638894272,3.3684210526315788
921,18,34,21,1.65,0.3915343915343915,0.47696960070847283,3.15
922,19,35,20,1.736842105263158,0.375,0.4823763889427201,3.3684210526315788
923,19,31,22,1.736842105263158,0.4244791666666667,0.4823763889427201,3.3684210526315788
924,18,31,25,1.7,0.4453125,0.39999999999999997,3.2
925,19,32,23,1.736842105263158,0.421875,0.4823763889427201,3.3684210526315788
926,18,31,24,1.7,0.4375,0.39999999999999997,3.2
927,19,26,23,1.736842105263158,0.45833333333333337,0.4823763889427201,3.3684210526315788
928,19,30,21,1.736842105263158,0.41927083333333337,0.4823763889427201,3.3684210526315788
929,20,33,22,1.7777777777777777,0.4088541666666667,0.49690399499995325,3.5555555555555554
930,19,32,22,1.736842105263158,0.4166666666666667,0.4823763889427201,3.3684210526315788
931,19,30,24,1.736842105263158,0.4479166666666667,0.4823763889427201,3.3684210526315788
932,18,31,22,1.7,0.421875,0.39999999999999997,3.2
933,19,31,23,1.736842105263158,0.42708333333333337,0.4823763889427201,3.3684210526315788
934,18,36,22,1.7,0.38802083333333337,0.39999999999999997,3.2
935,18,34,19,1.7,0.375,0.39999999999999997,3.2
936,19,37,19,1.736842105263158,0.3541666666666667,0.4823763889427201,3.3684210526315788
937,20,32,22,1.7222222222222223,0.41534391534391535,0.6009252125773316,3.5
938,19,33,23,1.736842105263158,0.4140625,0.48237638894272,3.3684210526315788
939,18,38,19,1.7,0.34375,0.39999999999999997,3.2
940,19,29,24,1.736842105263158,0.4557291666666667,0.4823763889427201,3.3684210526315788
941,19,31,21,1.736842105263158,0.4140625,0.4823763889427201,3.3684210526315788
942,19,29,23,1.736842105263158,0.44270833333333337,0.4823763889427201,3.3684210526315788
943,18,35,19,1.7,0.36197916666666663,0.39999999999999997,3.2
944,18,34,22,1.7,0.3984375,0.39999999999999997,3.2
945,19,35,22,1.736842105263158,0.3932291666666667,0.48237638894272,3.3684210526315788
946,19,36,22,1.736842105263158,0.3854166666666667,0.4823763889427201,3.3684210526315788
947,19,41,16,1.736842105263158,0.2994791666666667,0.4823763889427201,3.3684210526315788
948,19,38,21,1.736842105263158,0.3645833333333333,0.4823763889427201,3.3684210526315788
949,18,32,23,1.7,0.421875,0.39999999999999997,3.2
950,18,31,24,1.7,0.4322916666666667,0.39999999999999997,3.2
951,18,33,22,1.7,0.4088541666666667,0.39999999999999997,3.2
952,19,34,24,1.736842105263158,0.41666666666666663,0.48237638894272,3.3684210526315788
953,18,35,22,1.7,0.3958333333333333,0.39999999999999997,3.2
954,19,31,23,1.736842105263158,0.4296875,0.4823763889427201,3.3684210526315788
955,18,34,22,1.65,0.40211640211640215,0.47696960070847283,3.15
956,19,33,22,1.736842105263158,0.40625,0.4823763889427201,3.3684210526315788
957,19,30,22,1.736842105263158,0.43229166666666663,0.4823763889427201,3.3684210526315788
958,19,27,23,1.736842105263158,0.453125,0.4823763889427201,3.3684210526315788
959,18,32,22,1.65,0.4126984126984127,0.47696960070847283,3.15
960,18,36,20,1.7,0.3671875,0.39999999999999997,3.2
961,19,34,23,1.736842105263158,0.41145833333333337,0.4823763889427201,3.3684210526315788
962,18,31,21,1.7,0.4140625,0.39999999999999997,3.2
963,18,31,24,1.7,0.4401041666666667,0.39999999999999997,3.2
964,19,30,22,1.736842105263158,0.4296875,0.4823763889427201,3.3684210526315788
965,19,34,21,1.736842105263158,0.390625,0.48237638894272,3.3684210526315788
966,18,34,19,1.75,0.3671875,0.39999999999999997,3.2
967,18,32,24,1.7,0.42708333333333337,0.39999999999999997,3.2
968,18,34,21,1.7,0.390625,0.39999999999999997,3.2
969,19,31,23,1.6842105263157894,0.4312169312169312,0.5668594533825794,3.3157894736842106
970,19,31,21,1.736842105263158,0.4140625,0.4823763889427201,3.3684210526315788
971,19,32,23,1.736842105263158,0.4244791666666667,0.4823763889427201,3.3684210526315788
972,18,33,23,1.7,0.4166666666666667,0.39999999999999997,3.2
973,19,33,22,1.736842105263158,0.40625,0.48237638894272,3.3684210526315788
974,18,36,20,1.75,0.3671875,0.39999999999999997,3.2
975,19,32,23,1.736842105263158,0.421875,0.4823763889427201,3.3684210526315788
976,18,33,25,1.7,0.4322916666666667,0.39999999999999997,3.2
977,18,35,20,1.7,0.3776041666666667,0.39999999999999997,3.2
978,19,30,22,1.736842105263158,0.4244791666666667,0.4823763889427201,3.3684210526315788
979,18,32,23,1.7,0.4192708333333333,0.39999999999999997,3.2
980,19,35,20,1.736842105263158,0.38020833333333337,0.4823763889427201,3.3684210526315788
981,20,36,21,1.7777777777777777,0.38020833333333337,0.49690399499995325,3.5555555555555554
982,19,31,21,1.6842105263157894,0.4126984126984127,0.5668594533825794,3.3157894736842106
983,19,32,20,1.736842105263158,0.4010416666666667,0.4823763889427201,3.3684210526315788
984,18,33,22,1.7,0.40625,0.39999999999999997,3.2
985,18,29,25,1.7,0.4557291666666667,0.39999999999999997,3.2
986,18,28,24,1.7,0.4635416666666667,0.39999999999999997,3.2
987,18,31,23,1.7,0.4296875,0.39999999999999997,3.2
988,19,35,21,1.736842105263158,0.3854166666666667,0.48237638894272,3.3684210526315788
989,18,34,22,1.7,0.39583333333333337,0.39999999999999997,3.2
990,19,31,22,1.736842105263158,0.41927083333333337,0.4823763889427201,3.3684210526315788
991,18,33,22,1.7,0.40364583333333337,0.39999999999999997,3.2
992,19,38,18,1.736842105263158,0.33333333333333337,0.48237638894272,3.3684210526315788
993,19,34,22,1.736842105263158,0.4010416666666667,0.4823763889427201,3.3684210526315788
994,18,30,23,1.7,0.43489583333333337,0.39999999999999997,3.2
995,19,39,19,1.736842105263158,0.34375,0.4823763889427201,3.3684210526315788
996,18,32,20,1.7,0.3932291666666667,0.39999999999999997,3.2
997,18,33,18,1.7,0.375,0.39999999999999997,3.2
998,19,31,23,1.736842105263158,0.4296875,0.4823763889427201,3.3684210526315788
999,18,31,24,1.7,0.4401041666666667,0.39999999999999997,3.2
1000,19,29,23,1.736842105263158,0.4375,0.48237638894272,3.3684210526315788
1001,19,34,20,1.736842105263158,0.3854166666666667,0.4823763889427201,3.3684210526315788
1002,18,30,24,1.7,0.4453125,0.39999999999999997,3.2
1003,19,33,21,1.736842105263158,0.39583333333333337,0.4823763889427201,3.3684210526315788
1004,18,32,23,1.7,0.421875,0.39999999999999997,3.2
1005,18,30,23,1.7,0.43489583333333337,0.39999999999999997,3.2
1006,19,36,21,1.736842105263158,0.3802083333333333,0.4823763889427201,3.3684210526315788
1007,19,32,23,1.736842105263158,0.421875,0.4823763889427201,3.3684210526315788
1008,19,34,23,1.736842105263158,0.4088541666666667,0.4823763889427201,3.3684210526315788
1009,20,31,24,1.7777777777777777,0.4375,0.49690399499995325,3.5555555555555554
1010,19,40,20,1.736842105263158,0.3411458333333333,0.4823763889427201,3.3684210526315788
1011,19,31,21,1.736842105263158,0.4088541666666667,0.48237638894272,3.3684210526315788
1012,19,35,20,1.736842105263158,0.3776041666666667,0.4823763889427201,3.3684210526315788
1013,18,38,21,1.7,0.3671875,0.39999999999999997,3.2
1014,19,38,20,1.736842105263158,0.3541666666666667,0.48237638894272,3.3684210526315788
1015,19,33,21,1.736842105263158,0.3984375,0.48237638894272,3.3684210526315788
1016,19,30,24,1.736842105263158,0.44270833333333337,0.4823763889427201,3.3684210526315788
1017,20,33,21,1.7777777777777777,0.39583333333333337,0.49690399499995325,3.5555555555555554
1018,19,34,22,1.736842105263158,0.3984375,0.48237638894272,3.3684210526315788
1019,18,35,22,1.7,0.3968253968253968,0.47696960070847283,3.15
1020,20,31,25,1.7777777777777777,0.4479166666666667,0.49690399499995325,3.5555555555555554
1021,19,32,25,1.736842105263158,0.4401041666666667,0.4823763889427201,3.3684210526315788
1022,19,27,23,1.736842105263158,0.45572916666666663,0.4823763889427201,3.3684210526315788
1023,20,31,25,1.7777777777777777,0.4453125,0.49690399499995325,3.5555555555555554
1024,19,31,24,1.736842105263158,0.43489583333333337,0.48237638894272,3.3684210526315788
1025,18,31,23,1.7,0.4296875,0.39999999999999997,3.2
1026,18,33,22,1.7,0.40625,0.39999999999999997,3.2
1027,19,32,22,1.736842105263158,0.4192708333333333,0.48237638894272,3.3684210526315788
1028,18,33,21,1.7,0.3984375,0.39999999999999997,3.2
1029,18,29,25,1.7,0.4609375,0.39999999999999997,3.2
1030,19,32,25,1.736842105263158,0.4401041666666667,0.4823763889427201,3.3684210526315788
1031,18,33,21,1.7,0.3984375,0.39999999999999997,3.2
1032,18,28,24,1.65,0.45767195767195773,0.47696960070847283,3.15
1033,20,31,23,1.7777777777777777,0.4296875,0.49690399499995325,3.5555555555555554
1034,19,38,18,1.7894736842105263,0.3385416666666667,0.4823763889427201,3.3684210526315788
1035,18,32,22,1.7,0.4166666666666667,0.39999999999999997,3.2
1036,18,34,21,1.7,0.38802083333333337,0.39999999999999997,3.2
1037,19,29,25,1.736842105263158,0.4635416666666667,0.4823763889427201,3.3684210526315788
1038,18,35,18,1.7,0.359375,0.39999999999999997,3.2
1039,19,35,20,1.736842105263158,0.3776041666666667,0.4823763889427201,3.3684210526315788
1040,19,33,20,1.6842105263157894,0.3888888888888889,0.5668594533825794,3.3157894736842106
1041,19,30,23,1.736842105263158,0.43489583333333337,0.4823763889427201,3.3684210526315788
1042,18,31,22,1.7,0.4192708333333333,0.39999999999999997,3.2
1043,18,33,23,1.7,0.4140625,0.39999999999999997,3.2
1044,19,31,22,1.736842105263158,0.41927083333333337,0.48237638894272,3.3684210526315788
1045,18,29,24,1.7,0.453125,0.39999999999999997,3.2
1046,17,37,20,1.7142857142857142,0.3619791666666667,0.21295885499997994,3.0476190476190474
1047,18,31,25,1.7,0.4453125,0.39999999999999997,3.2
1048,19,35,23,1.736842105263158,0.4010416666666667,0.4823763889427201,3.3684210526315788
1049,19,28,22,1.736842105263158,0.4453125,0.4823763889427201,3.3684210526315788
1050,19,31,24,1.736842105263158,0.4375,0.4823763889427201,3.3684210526315788
1051,18,34,21,1.7,0.38802083333333337,0.39999999999999997,3.2
1052,19,40,17,1.736842105263158,0.3151041666666667,0.48237638894272,3.3684210526315788
1053,18,32,25,1.7,0.4401041666666667,0.39999999999999997,3.2
1054,19,32,22,1.736842105263158,0.4140625,0.4823763889427201,3.3684210526315788
1055,18,32,22,1.7,0.41145833333333337,0.39999999999999997,3.2
1056,20,30,25,1.7777777777777777,0.453125,0.49690399499995325,3.5555555555555554
1057,19,34,22,1.736842105263158,0.3984375,0.48237638894272,3.3684210526315788
1058,18,40,22,1.7,0.3567708333333333,0.39999999999999997,3.2
1059,19,32,22,1.736842105263158,0.4166666666666667,0.4823763889427201,3.3684210526315788
1060,20,32,24,1.7777777777777777,0.42708333333333337,0.49690399499995325,3.5555555555555554
1061,18,37,19,1.7,0.35416666666666663,0.39999999999999997,3.2
1062,18,31,22,1.7,0.421875,0.39999999999999997,3.2
1063,19,29,25,1.736842105263158,0.45833333333333337,0.48237638894272,3.3684210526315788
1064,19,30,22,1.736842105263158,0.4296875,0.4823763889427201,3.3684210526315788
1065,19,35,19,1.736842105263158,0.36458333333333337,0.4823763889427201,3.3684210526315788
1066,18,30,22,1.7,0.4296875,0.39999999999999997,3.2
1067,18,31,22,1.7,0.41927083333333337,0.39999999999999997,3.2
1068,19,30,24,1.736842105263158,0.4505208333333333,0.4823763889427201,3.3684210526315788
1069,19,33,23,1.736842105263158,0.4140625,0.4823763889427201,3.3684210526315788
1070,18,32,23,1.7,0.4244791666666667,0.39999999999999997,3.2
1071,19,32,22,1.736842105263158,0.4140625,0.4823763889427201,3.3684210526315788
1072,18,34,22,1.7,0.40364583333333337,0.39999999999999997,3.2
1073,17,32,23,1.6666666666666667,0.4244791666666667,0.21295885499997994,3.0476190476190474
1074,19,33,25,1.736842105263158,0.4322916666666667,0.4823763889427201,3.3684210526315788
1075,18,34,22,1.7,0.40364583333333337,0.39999999999999997,3.2
1076,18,32,23,1.7,0.421875,0.39999999999999997,3.2
1077,19,32,24,1.736842105263158,0.4296875,0.4823763889427201,3.3684210526315788
1078,18,29,24,1.65,0.45502645502645506,0.47696960070847283,3.15
1079,18,33,24,1.7,0.4244791666666667,0.39999999999999997,3.2
1080,19,34,21,1.736842105263158,0.3932291666666667,0.4823763889427201,3.3684210526315788
1081,18,29,25,1.7,0.4635416666666667,0.39999999999999997,3.2
1082,19,28,26,1.736842105263158,0.47395833333333337,0.4823763889427201,3.3684210526315788
1083,20,31,24,1.7777777777777777,0.4375,0.49690399499995325,3.5555555555555554
1084,18,31,21,1.65,0.41534391534391535,0.47696960070847283,3.15
1085,18,29,22,1.7,0.4348958333333333,0.39999999999999997,3.2
1086,18,30,23,1.7,0.43489583333333337,0.39999999999999997,3.2
1087,19,30,24,1.736842105263158,0.4401041666666667,0.4823763889427201,3.3684210526315788
1088,19,32,23,1.6842105263157894,0.42063492063492064,0.5668594533825794,3.3157894736842106
1089,19,33,22,1.736842105263158,0.40625,0.4823763889427201,3.3684210526315788
1090,19,35,23,1.736842105263158,0.4010416666666667,0.4823763889427201,3.3684210526315788
1091,18,34,20,1.7,0.3776041666666667,0.39999999999999997,3.2
1092,18,35,22,1.7,0.390625,0.39999999999999997,3.2
1093,19,38,19,1.736842105263158,0.3489583333333333,0.4823763889427201,3.3684210526315788
1094,18,30,24,1.7,0.44270833333333337,0.39999999999999997,3.2
1095,18,31,23,1.7,0.4296875,0.39999999999999997,3.2
1096,18,27,24,1.7,0.4635416666666667,0.39999999999999997,3.2
1097,20,31,25,1.7222222222222223,0.44973544973544977,0.6009252125773316,3.5
1098,18,29,24,1.7,0.453125,0.39999999999999997,3.2
1099,19,32,23,1.736842105263158,0.4270833333333333,0.4823763889427201,3.3684210526315788
1100,19,38,18,1.736842105263158,0.34375,0.4823763889427201,3.3684210526315788
1101,18,34,22,1.7,0.4010416666666667,0.39999999999999997,3.2
1102,19,30,24,1.736842105263158,0.4479166666666667,0.4823763889427201,3.3684210526315788
1103,19,28,25,1.736842105263158,0.46614583333333337,0.4823763889427201,3.3684210526315788
1104,19,32,22,1.736842105263158,0.4166666666666667,0.4823763889427201,3.3684210526315788
1105,18,29,23,1.7,0.44270833333333337,0.39999999999999997,3.2
1106,19,30,23,1.6842105263157894,0.4365079365079365,0.5668594533825794,3.3157894736842106
1107,19,34,22,1.736842105263158,0.3984375,0.4823763889427201,3.3684210526315788
1108,19,33,25,1.736842105263158,0.4322916666666667,0.4823763889427201,3.3684210526315788
1109,18,31,22,1.7,0.421875,0.39999999999999997,3.2
1110,19,29,25,1.736842105263158,0.4609375,0.4823763889427201,3.3684210526315788
1111,18,27,25,1.65,0.47619047619047616,0.47696960070847283,3.15
1112,18,31,24,1.7,0.4375,0.39999999999999997,3.2
1113,19,32,21,1.736842105263158,0.40885416666666663,0.4823763889427201,3.3684210526315788
1114,18,33,23,1.7,0.41145833333333337,0.39999999999999997,3.2
1115,19,37,22,1.736842105263158,0.38020833333333337,0.4823763889427201,3.3684210526315788
1116,18,29,24,1.7,0.453125,0.39999999999999997,3.2
1117,18,30,24,1.7,0.4453125,0.39999999999999997,3.2
1118,19,35,22,1.736842105263158,0.390625,0.4823763889427201,3.3684210526315788
1119,19,28,24,1.736842105263158,0.4609375,0.4823763889427201,3.3684210526315788
1120,19,30,24,1.6842105263157894,0.4470899470899471,0.5668594533825794,3.3157894736842106
1121,19,34,22,1.736842105263158,0.4010416666666667,0.4823763889427201,3.3684210526315788
1122,19,27,26,1.736842105263158,0.48177083333333337,0.4823763889427201,3.3684210526315788
1123,19,32,21,1.736842105263158,0.40625,0.4823763889427201,3.3684210526315788
1124,18,28,25,1.7,0.4635416666666667,0.39999999999999997,3.2
1125,19,29,23,1.736842105263158,0.44270833333333337,0.4823763889427201,3.3684210526315788
1126,18,32,23,1.7,0.41927083333333337,0.39999999999999997,3.2
1127,19,31,25,1.736842105263158,0.4453125,0.48237638894272,3.3684210526315788
1128,19,31,22,1.736842105263158,0.41927083333333337,0.4823763889427201,3.3684210526315788
1129,18,29,24,1.7,0.45052083333333337,0.39999999999999997,3.2
1130,19,28,25,1.736842105263158,0.4635416666666667,0.48237638894272,3.3684210526315788
1131,20,29,24,1.7777777777777777,0.453125,0.49690399499995325,3.5555555555555554
1132,19,28,26,1.736842105263158,0.47395833333333337,0.4823763889427201,3.3684210526315788
1133,18,32,24,1.65,0.42857142857142855,0.47696960070847283,3.15
1134,18,33,23,1.7,0.4140625,0.39999999999999997,3.2
1135,19,29,24,1.736842105263158,0.453125,0.4823763889427201,3.3684210526315788
1136,18,34,23,1.7,0.4088541666666667,0.39999999999999997,3.2
1137,19,31,24,1.736842105263158,0.43489583333333337,0.48237638894272,3.3684210526315788
1138,18,29,25,1.7,0.4609375,0.39999999999999997,3.2
1139,18,29,24,1.7,0.453125,0.39999999999999997,3.2
1140,19,31,23,1.6842105263157894,0.42857142857142855,0.5668594533825794,3.3157894736842106
1141,19,31,24,1.736842105263158,0.4401041666666667,0.4823763889427201,3.3684210526315788
1142,19,34,22,1.736842105263158,0.39583333333333337,0.4823763889427201,3.3684210526315788
1143,19,35,15,1.736842105263158,0.3307291666666667,0.4823763889427201,3.3684210526315788
1144,18,31,22,1.7,0.4166666666666667,0.39999999999999997,3.2
1145,19,32,25,1.736842105263158,0.4401041666666667,0.4823763889427201,3.3684210526315788
1146,19,30,25,1.736842105263158,0.45052083333333337,0.4823763889427201,3.3684210526315788
1147,19,34,21,1.736842105263158,0.38541666666666663,0.4823763889427201,3.3684210526315788
1148,19,32,22,1.736842105263158,0.41145833333333337,0.4823763889427201,3.3684210526315788
1149,19,30,22,1.736842105263158,0.42708333333333337,0.4823763889427201,3.3684210526315788
1150,19,30,23,1.736842105263158,0.4322916666666667,0.4823763889427201,3.3684210526315788
1151,18,33,24,1.7,0.4244791666666667,0.39999999999999997,3.2
1152,19,29,26,1.736842105263158,0.46875,0.48237638894272,3.3684210526315788
1153,18,36,23,1.7,0.3932291666666667,0.39999999999999997,3.2
1154,18,30,24,1.7,0.4453125,0.39999999999999997,3.2
1155,18,30,25,1.65,0.4523809523809524,0.47696960070847283,3.15
1156,18,31,24,1.7,0.4375,0.39999999999999997,3.2
1157,18,35,22,1.7,0.390625,0.39999999999999997,3.2
1158,20,27,25,1.7777777777777777,0.47395833333333337,0.49690399499995325,3.5555555555555554
1159,18,29,23,1.7,0.4453125,0.39999999999999997,3.2
1160,18,33,23,1.7,0.4140625,0.39999999999999997,3.2
1161,19,26,26,1.736842105263158,0.48958333333333337,0.48237638894272,3.3684210526315788
1162,18,33,23,1.7,0.4140625,0.39999999999999997,3.2
1163,19,27,26,1.736842105263158,0.48177083333333337,0.4823763889427201,3.3684210526315788
1164,20,32,25,1.7222222222222223,0.4391534391534392,0.6009252125773316,3.5
1165,19,31,23,1.736842105263158,0.4296875,0.48237638894272,3.3684210526315788
1166,18,32,23,1.7,0.421875,0.39999999999999997,3.2
1167,18,31,25,1.7,0.44270833333333337,0.39999999999999997,3.2
1168,20,32,24,1.7222222222222223,0.42857142857142855,0.6009252125773316,3.5
1169,19,32,25,1.736842105263158,0.4401041666666667,0.4823763889427201,3.3684210526315788
1170,18,29,23,1.7,0.4401041666666667,0.39999999999999997,3.2
1171,19,33,24,1.736842105263158,0.4244791666666667,0.4823763889427201,3.3684210526315788
1172,19,30,25,1.736842105263158,0.453125,0.4823763889427201,3.3684210526315788
1173,19,39,20,1.736842105263158,0.3515625,0.48237638894272,3.3684210526315788
1174,19,32,25,1.736842105263158,0.4375,0.48237638894272,3.3684210526315788
1175,19,30,25,1.736842105263158,0.453125,0.48237638894272,3.3684210526315788
1176,19,36,24,1.736842105263158,0.40625,0.4823763889427201,3.3684210526315788
1177,19,33,20,1.736842105263158,0.38802083333333337,0.4823763889427201,3.3684210526315788
1178,18,30,24,1.7,0.4479166666666667,0.39999999999999997,3.2
1179,20,33,25,1.7777777777777777,0.4348958333333333,0.49690399499995325,3.5555555555555554
1180,20,33,22,1.7777777777777777,0.40625,0.49690399499995325,3.5555555555555554
1181,19,30,24,1.736842105263158,0.4453125,0.48237638894272,3.3684210526315788
1182,19,31,24,1.736842105263158,0.4401041666666667,0.4823763889427201,3.3684210526315788
1183,18,34,23,1.7,0.40625,0.39999999999999997,3.2
1184,18,34,22,1.7,0.3984375,0.39999999999999997,3.2
1185,19,29,24,1.736842105263158,0.4479166666666667,0.4823763889427201,3.3684210526315788
1186,19,30,25,1.736842105263158,0.45052083333333337,0.4823763889427201,3.3684210526315788
1187,19,29,24,1.6842105263157894,0.4523809523809524,0.5668594533825794,3.3157894736842106
1188,18,31,22,1.7,0.421875,0.39999999999999997,3.2
1189,19,32,23,1.736842105263158,0.4244791666666667,0.4823763889427201,3.3684210526315788
1190,18,34,22,1.7,0.3984375,0.39999999999999997,3.2
1191,19,31,23,1.736842105263158,0.4322916666666667,0.4823763889427201,3.3684210526315788
1192,18,26,27,1.7,0.5,0.39999999999999997,3.2
1193,19,32,23,1.736842105263158,0.421875,0.48237638894272,3.3684210526315788
1194,19,32,23,1.736842105263158,0.4244791666666667,0.4823763889427201,3.3684210526315788
1195,19,32,23,1.736842105263158,0.41927083333333337,0.48237638894272,3.3684210526315788
1196,19,27,27,1.6842105263157894,0.49206349206349204,0.5668594533825794,3.3157894736842106
1197,18,28,25,1.7,0.46614583333333337,0.39999999999999997,3.2
1198,18,36,22,1.7,0.3880208333333333,0.39999999999999997,3.2
1199,18,36,18,1.7,0.3515625,0.39999999999999997,3.2
1200,20,31,23,1.7777777777777777,0.4296875,0.49690399499995325,3.5555555555555554
1201,20,31,22,1.7777777777777777,0.4244791666666667,0.49690399499995325,3.5555555555555554
1202,18,29,25,1.7,0.4557291666666667,0.39999999999999997,3.2
1203,18,31,24,1.7,0.4375,0.39999999999999997,3.2
1204,19,30,25,1.736842105263158,0.453125,0.4823763889427201,3.3684210526315788
1205,19,30,26,1.736842105263158,0.45833333333333337,0.4823763889427201,3.3684210526315788
1206,19,34,22,1.736842105263158,0.4010416666666667,0.48237638894272,3.3684210526315788
1207,18,34,24,1.7,0.4166666666666667,0.39999999999999997,3.2
1208,19,28,25,1.736842105263158,0.46875000000000006,0.4823763889427201,3.3684210526315788
1209,18,32,24,1.7,0.4296875,0.39999999999999997,3.2
1210,18,32,23,1.7,0.41927083333333337,0.39999999999999997,3.2
1211,19,31,25,1.736842105263158,0.4453125,0.48237638894272,3.3684210526315788
1212,19,27,25,1.736842105263158,0.47395833333333337,0.48237638894272,3.3684210526315788
1213,19,27,26,1.736842105263158,0.48177083333333337,0.4823763889427201,3.3684210526315788
1214,19,30,24,1.736842105263158,0.4453125,0.4823763889427201,3.3684210526315788
1215,18,34,22,1.7,0.39583333333333337,0.39999999999999997,3.2
1216,18,30,24,1.65,0.4470899470899471,0.47696960070847283,3.15
1217,19,28,25,1.6842105263157894,0.46560846560846564,0.5668594533825794,3.3157894736842106
1218,19,32,20,1.736842105263158,0.39583333333333337,0.4823763889427201,3.3684210526315788
1219,19,28,23,1.736842105263158,0.453125,0.4823763889427201,3.3684210526315788
1220,19,29,22,1.736842105263158,0.4322916666666667,0.4823763889427201,3.3684210526315788
1221,18,31,22,1.7,0.421875,0.39999999999999997,3.2
1222,19,29,24,1.736842105263158,0.45052083333333337,0.4823763889427201,3.3684210526315788
1223,19,33,22,1.736842105263158,0.40885416666666663,0.4823763889427201,3.3684210526315788
1224,20,32,24,1.7777777777777777,0.4296875,0.49690399499995325,3.5555555555555554
1225,19,32,23,1.736842105263158,0.421875,0.4823763889427201,3.3684210526315788
1226,18,32,24,1.7,0.4296875,0.39999999999999997,3.2
1227,19,31,23,1.736842105263158,0.42708333333333337,0.4823763889427201,3.3684210526315788
1228,18,29,24,1.7,0.4479166666666667,0.39999999999999997,3.2
1229,19,34,22,1.736842105263158,0.40104166666666663,0.4823763889427201,3.3684210526315788
1230,19,30,25,1.736842105263158,0.4557291666666667,0.4823763889427201,3.3684210526315788
1231,19,29,25,1.736842105263158,0.4609375,0.4823763889427201,3.3684210526315788
1232,18,29,21,1.7,0.4244791666666667,0.39999999999999997,3.2
1233,18,29,26,1.7,0.46614583333333337,0.39999999999999997,3.2
1234,19,29,24,1.736842105263158,0.4453125,0.4823763889427201,3.3684210526315788
1235,18,30,23,1.7,0.4296875,0.39999999999999997,3.2
1236,19,34,23,1.736842105263158,0.4088541666666667,0.4823763889427201,3.3684210526315788
1237,19,29,26,1.736842105263158,0.46875,0.4823763889427201,3.3684210526315788
1238,19,29,25,1.736842105263158,0.45833333333333337,0.4823763889427201,3.3684210526315788
1239,18,35,23,1.7,0.40364583333333337,0.39999999999999997,3.2
1240,18,30,23,1.7,0.4375,0.39999999999999997,3.2
1241,19,33,23,1.736842105263158,0.4140625,0.4823763889427201,3.3684210526315788
1242,19,31,25,1.736842105263158,0.4453125,0.4823763889427201,3.3684210526315788
1243,19,29,25,1.6842105263157894,0.4603174603174603,0.5668594533825794,3.3157894736842106
1244,20,32,23,1.7777777777777777,0.4244791666666667,0.49690399499995325,3.5555555555555554
1245,20,32,23,1.7777777777777777,0.421875,0.49690399499995325,3.5555555555555554
1246,19,27,26,1.736842105263158,0.4817708333333333,0.4823763889427201,3.3684210526315788
1247,19,29,26,1.6842105263157894,0.46825396825396826,0.5668594533825794,3.3157894736842106
1248,19,33,21,1.736842105263158,0.4010416666666667,0.4823763889427201,3.3684210526315788
1249,19,34,23,1.736842105263158,0.4088541666666667,0.4823763889427201,3.3684210526315788
1250,19,31,25,1.736842105263158,0.44270833333333337,0.48237638894272,3.3684210526315788
1251,18,28,25,1.7,0.46614583333333337,0.39999999999999997,3.2
1252,19,31,25,1.736842105263158,0.4453125,0.4823763889427201,3.3684210526315788
1253,18,31,22,1.7,0.41666666666666663,0.39999999999999997,3.2
1254,18,30,25,1.7,0.453125,0.39999999999999997,3.2
1255,19,27,26,1.736842105263158,0.4817708333333333,0.4823763889427201,3.3684210526315788
1256,19,30,24,1.736842105263158,0.44270833333333337,0.4823763889427201,3.3684210526315788
1257,20,29,26,1.7777777777777777,0.46875,0.49690399499995325,3.5555555555555554
1258,19,31,23,1.736842105263158,0.42708333333333337,0.4823763889427201,3.3684210526315788
1259,20,26,26,1.7777777777777777,0.4921875,0.49690399499995325,3.5555555555555554
1260,19,31,25,1.736842105263158,0.4453125,0.4823763889427201,3.3684210526315788
1261,19,29,24,1.736842105263158,0.4479166666666667,0.4823763889427201,3.3684210526315788
1262,19,28,25,1.736842105263158,0.4635416666666667,0.4823763889427201,3.3684210526315788
1263,18,33,23,1.7,0.41145833333333337,0.39999999999999997,3.2
1264,20,33,24,1.7777777777777777,0.4244791666666667,0.49690399499995325,3.5555555555555554
1265,18,31,23,1.7,0.4296875,0.39999999999999997,3.2
1266,18,31,23,1.7,0.42708333333333337,0.39999999999999997,3.2
1267,19,32,21,1.7894736842105263,0.40625,0.4823763889427201,3.3684210526315788
1268,19,28,25,1.6842105263157894,0.47089947089947093,0.5668594533825794,3.3157894736842106
1269,19,29,25,1.6842105263157894,0.45502645502645506,0.5668594533825794,3.3157894736842106
1270,18,30,24,1.7,0.44270833333333337,0.39999999999999997,3.2
1271,19,30,24,1.736842105263158,0.4453125,0.4823763889427201,3.3684210526315788
1272,18,29,25,1.7,0.45833333333333337,0.39999999999999997,3.2
1273,20,29,24,1.7777777777777777,0.45052083333333337,0.49690399499995325,3.5555555555555554
1274,20,27,24,1.7777777777777777,0.46875,0.49690399499995325,3.5555555555555554
1275,18,27,26,1.7,0.47916666666666674,0.39999999999999997,3.2
1276,18,29,25,1.7,0.45833333333333337,0.39999999999999997,3.2
1277,19,34,24,1.736842105263158,0.4166666666666667,0.4823763889427201,3.3684210526315788
1278,19,30,25,1.6842105263157894,0.45502645502645506,0.5668594533825794,3.3157894736842106
1279,19,29,25,1.736842105263158,0.4609375,0.4823763889427201,3.3684210526315788
1280,18,27,27,1.65,0.4947089947089947,0.47696960070847283,3.15
1281,19,31,24,1.736842105263158,0.4401041666666667,0.4823763889427201,3.3684210526315788
1282,19,30,23,1.736842105263158,0.43489583333333337,0.4823763889427201,3.3684210526315788
1283,18,29,27,1.7,0.47395833333333337,0.39999999999999997,3.2
1284,18,29,24,1.7,0.453125,0.39999999999999997,3.2
1285,19,27,26,1.736842105263158,0.48177083333333337,0.48237638894272,3.3684210526315788
1286,18,30,24,1.7,0.44270833333333337,0.39999999999999997,3.2
1287,19,33,24,1.6842105263157894,0.42063492063492064,0.5668594533825794,3.3157894736842106
1288,20,31,24,1.7777777777777777,0.43229166666666663,0.49690399499995325,3.5555555555555554
1289,19,28,24,1.6842105263157894,0.4576719576719577,0.5668594533825794,3.3157894736842106
1290,19,28,25,1.736842105263158,0.46354166666666663,0.4823763889427201,3.3684210526315788
1291,19,35,23,1.736842105263158,0.4036458333333333,0.48237638894272,3.3684210526315788
1292,19,30,25,1.736842105263158,0.453125,0.4823763889427201,3.3684210526315788
1293,19,34,20,1.736842105263158,0.38020833333333337,0.4823763889427201,3.3684210526315788
1294,20,29,26,1.7777777777777777,0.46875,0.49690399499995325,3.5555555555555554
1295,19,26,26,1.6842105263157894,0.4894179894179894,0.5668594533825794,3.3157894736842106
1296,20,28,25,1.7777777777777777,0.4609375,0.49690399499995325,3.5555555555555554
1297,19,30,26,1.736842105263158,0.45833333333333337,0.48237638894272,3.3684210526315788
1298,18,30,24,1.7,0.44270833333333337,0.39999999999999997,3.2
1299,18,29,25,1.7,0.45833333333333337,0.39999999999999997,3.2
1300,19,27,25,1.6842105263157894,0.47354497354497355,0.5668594533825794,3.3157894736842106
1301,18,25,27,1.7,0.5052083333333334,0.39999999999999997,3.2
1302,19,30,25,1.736842105263158,0.453125,0.4823763889427201,3.3684210526315788
1303,18,29,25,1.7,0.4609375,0.39999999999999997,3.2
1304,18,28,25,1.7,0.46354166666666674,0.39999999999999997,3.2
1305,18,32,21,1.7,0.40364583333333337,0.39999999999999997,3.2
1306,19,28,27,1.6842105263157894,0.48412698412698413,0.5668594533825794,3.3157894736842106
1307,19,29,24,1.736842105263158,0.45052083333333337,0.4823763889427201,3.3684210526315788
1308,18,30,25,1.65,0.4497354497354497,0.47696960070847283,3.15
1309,18,28,26,1.7,0.47395833333333337,0.39999999999999997,3.2
1310,19,31,26,1.736842105263158,0.4557291666666667,0.4823763889427201,3.3684210526315788
1311,19,29,24,1.736842105263158,0.45052083333333337,0.4823763889427201,3.3684210526315788
1312,18,28,27,1.65,0.4867724867724868,0.47696960070847283,3.15
1313,19,30,23,1.6842105263157894,0.4365079365079365,0.5668594533825794,3.3157894736842106
1314,18,28,24,1.7,0.4609375,0.39999999999999997,3.2
1315,18,29,25,1.7,0.45833333333333337,0.39999999999999997,3.2
1316,18,33,23,1.7,0.4140625,0.39999999999999997,3.2
1317,18,32,22,1.7,0.4166666666666667,0.39999999999999997,3.2
1318,18,29,24,1.7,0.453125,0.39999999999999997,3.2
1319,19,28,25,1.736842105263158,0.46614583333333337,0.4823763889427201,3.3684210526315788
1320,19,32,24,1.736842105263158,0.4322916666666667,0.4823763889427201,3.3684210526315788
1321,19,29,24,1.736842105263158,0.453125,0.4823763889427201,3.3684210526315788
1322,19,27,26,1.736842105263158,0.484375,0.4823763889427201,3.3684210526315788
1323,18,29,25,1.7,0.4609375,0.39999999999999997,3.2
1324,19,28,25,1.736842105263158,0.4635416666666667,0.4823763889427201,3.3684210526315788
1325,19,27,26,1.736842105263158,0.484375,0.4823763889427201,3.3684210526315788
1326,18,32,24,1.7,0.4296875,0.39999999999999997,3.2
1327,19,30,25,1.736842105263158,0.453125,0.4823763889427201,3.3684210526315788
1328,19,33,24,1.736842105263158,0.4244791666666667,0.4823763889427201,3.3684210526315788
1329,18,32,25,1.7,0.4401041666666667,0.39999999999999997,3.2
1330,19,28,27,1.736842105263158,0.484375,0.4823763889427201,3.3684210526315788
1331,18,27,25,1.7,0.4713541666666667,0.39999999999999997,3.2
1332,18,28,25,1.7,0.46875,0.39999999999999997,3.2
1333,18,27,26,1.7,0.484375,0.39999999999999997,3.2
1334,19,28,25,1.736842105263158,0.46875,0.4823763889427201,3.3684210526315788
1335,19,28,25,1.736842105263158,0.46614583333333337,0.4823763889427201,3.3684210526315788
1336,19,27,25,1.6842105263157894,0.4735449735449736,0.5668594533825794,3.3157894736842106
1337,18,28,25,1.7,0.4635416666666667,0.39999999999999997,3.2
1338,18,26,27,1.7,0.49739583333333337,0.39999999999999997,3.2
1339,19,30,24,1.736842105263158,0.4453125,0.4823763889427201,3.3684210526315788
1340,19,29,26,1.736842105263158,0.46875,0.4823763889427201,3.3684210526315788
1341,19,26,26,1.736842105263158,0.4869791666666667,0.4823763889427201,3.3684210526315788
1342,18,29,24,1.7,0.4557291666666667,0.39999999999999997,3.2
1343,18,32,24,1.7,0.4296875,0.39999999999999997,3.2
1344,19,29,24,1.736842105263158,0.44791666666666663,0.48237638894272,3.3684210526315788
1345,18,27,26,1.7,0.4791666666666667,0.39999999999999997,3.2
1346,18,30,25,1.7,0.453125,0.39999999999999997,3.2
1347,18,33,22,1.7,0.40625,0.39999999999999997,3.2
1348,20,29,24,1.7222222222222223,0.45502645502645506,0.6009252125773316,3.5
1349,19,27,25,1.736842105263158,0.47395833333333337,0.4823763889427201,3.3684210526315788
1350,19,26,26,1.736842105263158,0.48958333333333337,0.4823763889427201,3.3684210526315788
1351,20,33,22,1.7777777777777777,0.4088541666666667,0.49690399499995325,3.5555555555555554
1352,18,25,24,1.65,0.48148148148148145,0.47696960070847283,3.15
1353,19,29,27,1.736842105263158,0.4791666666666667,0.48237638894272,3.3684210526315788
1354,18,30,24,1.7,0.4453125,0.39999999999999997,3.2
1355,19,29,25,1.6842105263157894,0.4603174603174603,0.5668594533825794,3.3157894736842106
1356,19,29,25,1.6842105263157894,0.4603174603174603,0.5668594533825794,3.3157894736842106
1357,18,27,25,1.65,0.47089947089947093,0.47696960070847283,3.15
1358,19,30,22,1.736842105263158,0.42447916666666663,0.4823763889427201,3.3684210526315788
1359,18,31,24,1.7,0.4375,0.39999999999999997,3.2
1360,19,30,25,1.736842105263158,0.4557291666666667,0.4823763889427201,3.3684210526315788
1361,19,28,23,1.736842105263158,0.4453125,0.48237638894272,3.3684210526315788
1362,18,30,23,1.7,0.4401041666666667,0.39999999999999997,3.2
1363,19,30,24,1.6842105263157894,0.4444444444444444,0.5668594533825794,3.3157894736842106
1364,18,26,25,1.65,0.47619047619047616,0.47696960070847283,3.15
1365,19,29,24,1.6842105263157894,0.4523809523809524,0.5668594533825794,3.3157894736842106
1366,18,29,25,1.7,0.4609375,0.39999999999999997,3.2
1367,19,35,21,1.736842105263158,0.38802083333333337,0.4823763889427201,3.3684210526315788
1368,18,28,25,1.7,0.46875,0.39999999999999997,3.2
1369,19,28,25,1.736842105263158,0.46614583333333337,0.4823763889427201,3.3684210526315788
1370,19,27,26,1.736842105263158,0.48177083333333337,0.48237638894272,3.3684210526315788
1371,18,30,25,1.7,0.4557291666666667,0.39999999999999997,3.2
1372,18,27,24,1.7,0.46614583333333337,0.39999999999999997,3.2
1373,18,31,26,1.7,0.453125,0.39999999999999997,3.2
1374,18,28,24,1.7,0.45833333333333337,0.39999999999999997,3.2
1375,18,28,25,1.7,0.46354166666666674,0.39999999999999997,3.2
1376,18,28,24,1.7,0.45833333333333337,0.39999999999999997,3.2
1377,19,29,26,1.736842105263158,0.46614583333333337,0.4823763889427201,3.3684210526315788
1378,18,34,24,1.7,0.4166666666666667,0.39999999999999997,3.2
1379,19,28,24,1.736842105263158,0.4609375,0.4823763889427201,3.3684210526315788
1380,19,28,24,1.736842105263158,0.4609375,0.4823763889427201,3.3684210526315788
1381,19,29,24,1.736842105263158,0.453125,0.4823763889427201,3.3684210526315788
1382,20,29,22,1.7777777777777777,0.4296875,0.49690399499995325,3.5555555555555554
1383,19,31,22,1.736842105263158,0.41927083333333337,0.4823763889427201,3.3684210526315788
1384,19,27,26,1.736842105263158,0.4791666666666667,0.48237638894272,3.3684210526315788
1385,19,31,22,1.736842105263158,0.41927083333333337,0.4823763889427201,3.3684210526315788
1386,18,28,26,1.7,0.47656250000000006,0.39999999999999997,3.2
1387,19,29,23,1.6842105263157894,0.4444444444444444,0.5668594533825794,3.3157894736842106
1388,19,30,24,1.736842105263158,0.44270833333333337,0.4823763889427201,3.3684210526315788
1389,17,28,23,1.619047619047619,0.44973544973544977,0.3086066999241838,3.0
1390,18,28,23,1.7,0.4453125,0.39999999999999997,3.2
1391,19,30,23,1.736842105263158,0.4375,0.4823763889427201,3.3684210526315788
1392,20,28,24,1.7777777777777777,0.45833333333333337,0.49690399499995325,3.5555555555555554
1393,18,28,24,1.7,0.453125,0.39999999999999997,3.2
1394,19,28,26,1.736842105263158,0.4791666666666667,0.48237638894272,3.3684210526315788
1395,19,25,26,1.736842105263158,0.49739583333333337,0.4823763889427201,3.3684210526315788
1396,18,33,22,1.7,0.4088541666666667,0.39999999999999997,3.2
1397,19,31,24,1.736842105263158,0.4401041666666667,0.4823763889427201,3.3684210526315788
1398,19,32,24,1.736842105263158,0.4296875,0.4823763889427201,3.3684210526315788
1399,18,25,25,1.7,0.484375,0.39999999999999997,3.2
1400,19,31,24,1.736842105263158,0.4375,0.48237638894272,3.3684210526315788
1401,18,33,24,1.7,0.4244791666666667,0.39999999999999997,3.2
1402,19,25,26,1.736842105263158,0.49218750000000006,0.4823763889427201,3.3684210526315788
1403,19,26,25,1.736842105263158,0.4791666666666667,0.4823763889427201,3.3684210526315788
1404,20,32,26,1.7777777777777777,0.4479166666666667,0.49690399499995325,3.5555555555555554
1405,19,30,24,1.736842105263158,0.44270833333333337,0.4823763889427201,3.3684210526315788
1406,19,28,25,1.736842105263158,0.46875,0.4823763889427201,3.3684210526315788
1407,19,28,26,1.736842105263158,0.47395833333333337,0.4823763889427201,3.3684210526315788
1408,19,31,24,1.736842105263158,0.43489583333333337,0.4823763889427201,3.3684210526315788
1409,19,27,26,1.6842105263157894,0.48412698412698413,0.5668594533825794,3.3157894736842106
1410,18,27,24,1.7,0.4635416666666667,0.39999999999999997,3.2
1411,19,26,26,1.736842105263158,0.4921875,0.4823763889427201,3.3684210526315788
1412,18,30,24,1.7,0.4453125,0.39999999999999997,3.2
1413,19,28,25,1.736842105263158,0.46614583333333337,0.4823763889427201,3.3684210526315788
1414,18,30,23,1.7,0.43489583333333337,0.39999999999999997,3.2
1415,18,26,26,1.7,0.48958333333333337,0.39999999999999997,3.2
1416,19,36,20,1.6842105263157894,0.373015873015873,0.5668594533825794,3.3157894736842106
1417,19,29,25,1.736842105263158,0.4635416666666667,0.4823763889427201,3.3684210526315788
1418,19,24,26,1.6842105263157894,0.5,0.5668594533825794,3.3157894736842106
1419,19,30,26,1.736842105263158,0.46354166666666663,0.4823763889427201,3.3684210526315788
1420,19,32,24,1.736842105263158,0.4322916666666667,0.4823763889427201,3.3684210526315788
1421,18,28,25,1.7,0.4635416666666667,0.39999999999999997,3.2
1422,18,29,24,1.7,0.453125,0.39999999999999997,3.2
1423,19,29,24,1.736842105263158,0.45052083333333337,0.48237638894272,3.3684210526315788
1424,18,26,27,1.7,0.4947916666666667,0.39999999999999997,3.2
1425,19,28,25,1.736842105263158,0.4713541666666667,0.48237638894272,3.3684210526315788
1426,18,26,27,1.65,0.4973544973544973,0.47696960070847283,3.15
1427,19,28,26,1.6842105263157894,0.47883597883597884,0.5668594533825794,3.3157894736842106
1428,19,27,24,1.736842105263158,0.46354166666666674,0.4823763889427201,3.3684210526315788
1429,19,25,26,1.6842105263157894,0.4973544973544974,0.5668594533825794,3.3157894736842106
1430,19,32,24,1.736842105263158,0.4322916666666667,0.48237638894272,3.3684210526315788
1431,19,25,27,1.736842105263158,0.5,0.4823763889427201,3.3684210526315788
1432,19,28,26,1.6842105263157894,0.47619047619047616,0.5668594533825794,3.3157894736842106
1433,19,26,26,1.736842105263158,0.48697916666666674,0.4823763889427201,3.3684210526315788
1434,19,25,27,1.736842105263158,0.5052083333333334,0.4823763889427201,3.3684210526315788
1435,19,27,24,1.6842105263157894,0.46560846560846564,0.5668594533825794,3.3157894736842106
1436,18,26,24,1.7,0.4765625,0.39999999999999997,3.2
1437,19,38,19,1.736842105263158,0.34895833333333337,0.4823763889427201,3.3684210526315788
1438,19,28,25,1.6842105263157894,0.46560846560846564,0.5668594533825794,3.3157894736842106
1439,20,31,24,1.7777777777777777,0.4401041666666667,0.49690399499995325,3.5555555555555554
1440,19,39,18,1.736842105263158,0.33333333333333337,0.48237638894272,3.3684210526315788
1441,19,26,26,1.736842105263158,0.4921875,0.4823763889427201,3.3684210526315788
1442,19,24,26,1.736842105263158,0.5026041666666667,0.4823763889427201,3.3684210526315788
1443,19,27,25,1.736842105263158,0.47395833333333337,0.48237638894272,3.3684210526315788
1444,19,25,25,1.6842105263157894,0.4894179894179895,0.5668594533825794,3.3157894736842106
1445,19,29,26,1.736842105263158,0.4713541666666667,0.4823763889427201,3.3684210526315788
1446,19,27,25,1.736842105263158,0.46875,0.4823763889427201,3.3684210526315788
1447,19,25,26,1.736842105263158,0.49218750000000006,0.4823763889427201,3.3684210526315788
1448,19,29,24,1.736842105263158,0.45052083333333337,0.4823763889427201,3.3684210526315788
1449,18,26,25,1.7,0.48177083333333337,0.39999999999999997,3.2
1450,19,34,22,1.736842105263158,0.40364583333333337,0.48237638894272,3.3684210526315788
1451,19,31,23,1.736842105263158,0.42708333333333337,0.48237638894272,3.3684210526315788
1452,18,29,24,1.7,0.45052083333333337,0.39999999999999997,3.2
1453,19,26,26,1.736842105263158,0.48437500000000006,0.4823763889427201,3.3684210526315788
1454,19,29,24,1.736842105263158,0.4557291666666667,0.4823763889427201,3.3684210526315788
1455,19,29,26,1.736842105263158,0.46875,0.4823763889427201,3.3684210526315788
1456,19,30,25,1.736842105263158,0.453125,0.4823763889427201,3.3684210526315788
1457,19,32,22,1.736842105263158,0.4140625,0.4823763889427201,3.3684210526315788
1458,18,26,25,1.7,0.4791666666666667,0.39999999999999997,3.2
1459,18,28,25,1.7,0.46354166666666674,0.39999999999999997,3.2
1460,20,31,24,1.7777777777777777,0.4322916666666667,0.49690399499995325,3.5555555555555554
1461,19,24,26,1.6842105263157894,0.5052910052910053,0.5668594533825794,3.3157894736842106
1462,18,25,27,1.65,0.5079365079365079,0.47696960070847283,3.15
1463,18,27,24,1.7,0.4635416666666667,0.39999999999999997,3.2
1464,19,29,24,1.736842105263158,0.45052083333333337,0.4823763889427201,3.3684210526315788
1465,18,30,26,1.7,0.4609375,0.39999999999999997,3.2
1466,19,32,22,1.736842105263158,0.4140625,0.4823763889427201,3.3684210526315788
1467,20,29,25,1.7777777777777777,0.4635416666666667,0.49690399499995325,3.5555555555555554
1468,19,29,24,1.6842105263157894,0.4523809523809524,0.5668594533825794,3.3157894736842106
1469,19,24,26,1.736842105263158,0.5026041666666667,0.4823763889427201,3.3684210526315788
1470,19,27,26,1.736842105263158,0.48177083333333337,0.4823763889427201,3.3684210526315788
1471,20,28,26,1.7777777777777777,0.47395833333333337,0.49690399499995325,3.5555555555555554
1472,19,26,26,1.736842105263158,0.48958333333333337,0.4823763889427201,3.3684210526315788
1473,19,31,24,1.736842105263158,0.4401041666666667,0.4823763889427201,3.3684210526315788
1474,18,27,27,1.7,0.48958333333333337,0.39999999999999997,3.2
1475,19,26,25,1.736842105263158,0.47395833333333337,0.48237638894272,3.3684210526315788
1476,19,29,25,1.736842105263158,0.4557291666666667,0.4823763889427201,3.3684210526315788
1477,19,38,19,1.736842105263158,0.34895833333333337,0.4823763889427201,3.3684210526315788
1478,19,28,25,1.6842105263157894,0.46825396825396826,0.5668594533825794,3.3157894736842106
1479,19,28,25,1.736842105263158,0.46614583333333337,0.4823763889427201,3.3684210526315788
1480,19,29,24,1.736842105263158,0.453125,0.4823763889427201,3.3684210526315788
1481,19,31,23,1.736842105263158,0.4296875,0.4823763889427201,3.3684210526315788
1482,19,25,27,1.736842105263158,0.5026041666666667,0.4823763889427201,3.3684210526315788
1483,19,30,27,1.736842105263158,0.46875,0.4823763889427201,3.3684210526315788
1484,19,25,27,1.736842105263158,0.5052083333333334,0.4823763889427201,3.3684210526315788
1485,19,30,25,1.736842105263158,0.453125,0.4823763889427201,3.3684210526315788
1486,19,26,27,1.736842105263158,0.5,0.4823763889427201,3.3684210526315788
1487,19,28,25,1.6842105263157894,0.46560846560846564,0.5668594533825794,3.3157894736842106
1488,18,31,24,1.7,0.4322916666666667,0.39999999999999997,3.2
1489,19,30,25,1.736842105263158,0.4557291666666667,0.4823763889427201,3.3684210526315788
1490,19,28,23,1.736842105263158,0.45052083333333337,0.4823763889427201,3.3684210526315788
1491,18,26,25,1.7,0.4765625,0.39999999999999997,3.2
1492,18,27,25,1.7,0.4765625,0.39999999999999997,3.2
1493,19,30,25,1.736842105263158,0.453125,0.4823763889427201,3.3684210526315788
1494,19,29,25,1.736842105263158,0.45833333333333337,0.4823763889427201,3.3684210526315788
1495,18,27,25,1.7,0.47395833333333337,0.39999999999999997,3.2
1496,20,31,27,1.7777777777777777,0.4635416666666667,0.49690399499995325,3.5555555555555554
1497,19,30,25,1.736842105263158,0.4557291666666667,0.4823763889427201,3.3684210526315788
1498,18,24,27,1.65,0.5158730158730159,0.47696960070847283,3.15
1499,19,27,25,1.736842105263158,0.47395833333333337,0.4823763889427201,3.3684210526315788
1500,20,30,25,1.7777777777777777,0.453125,0.49690399499995325,3.5555555555555554
1501,18,29,26,1.7,0.4713541666666667,0.39999999999999997,3.2
1502,19,25,27,1.736842105263158,0.5026041666666667,0.4823763889427201,3.3684210526315788
1503,19,32,25,1.736842105263158,0.4375,0.4823763889427201,3.3684210526315788
1504,18,29,26,1.7,0.46875,0.39999999999999997,3.2
1505,19,28,26,1.736842105263158,0.4713541666666667,0.4823763889427201,3.3684210526315788
1506,19,26,26,1.736842105263158,0.484375,0.4823763889427201,3.3684210526315788
1507,19,27,26,1.736842105263158,0.48177083333333337,0.48237638894272,3.3684210526315788
1508,20,30,26,1.7777777777777777,0.4609375,0.49690399499995325,3.5555555555555554
1509,19,26,26,1.736842105263158,0.4921875,0.4823763889427201,3.3684210526315788
1510,18,30,25,1.65,0.45502645502645506,0.47696960070847283,3.15
1511,20,26,26,1.7222222222222223,0.48677248677248675,0.6009252125773316,3.5
1512,19,26,27,1.736842105263158,0.4947916666666667,0.4823763889427201,3.3684210526315788
1513,19,32,21,1.736842105263158,0.40364583333333337,0.48237638894272,3.3684210526315788
1514,19,26,25,1.736842105263158,0.4791666666666667,0.4823763889427201,3.3684210526315788
1515,19,24,27,1.736842105263158,0.5078125,0.4823763889427201,3.3684210526315788
1516,18,27,27,1.7,0.4921875,0.39999999999999997,3.2
1517,18,30,24,1.7,0.4453125,0.39999999999999997,3.2
1518,19,27,26,1.736842105263158,0.4765625,0.4823763889427201,3.3684210526315788
1519,19,31,24,1.736842105263158,0.4375,0.48237638894272,3.3684210526315788
1520,19,25,25,1.736842105263158,0.4817708333333333,0.4823763889427201,3.3684210526315788
1521,20,33,24,1.7777777777777777,0.421875,0.49690399499995325,3.5555555555555554
1522,19,29,24,1.736842105263158,0.45052083333333337,0.48237638894272,3.3684210526315788
1523,18,29,24,1.65,0.44973544973544977,0.47696960070847283,3.15
1524,20,27,26,1.7777777777777777,0.4791666666666667,0.49690399499995325,3.5555555555555554
1525,19,29,25,1.736842105263158,0.4635416666666667,0.4823763889427201,3.3684210526315788
1526,19,25,25,1.736842105263158,0.48958333333333337,0.4823763889427201,3.3684210526315788
1527,18,27,25,1.7,0.4765625,0.39999999999999997,3.2
1528,19,26,26,1.736842105263158,0.4895833333333333,0.4823763889427201,3.3684210526315788
1529,20,34,19,1.7777777777777777,0.37239583333333337,0.49690399499995325,3.5555555555555554
1530,18,25,25,1.65,0.4867724867724868,0.47696960070847283,3.15
1531,18,26,26,1.7,0.4869791666666667,0.39999999999999997,3.2
1532,19,27,25,1.736842105263158,0.47395833333333337,0.4823763889427201,3.3684210526315788
1533,20,35,21,1.7777777777777777,0.38802083333333337,0.49690399499995325,3.5555555555555554
1534,19,26,26,1.736842105263158,0.48958333333333337,0.4823763889427201,3.3684210526315788
1535,18,27,24,1.7,0.4635416666666667,0.39999999999999997,3.2
1536,18,27,26,1.7,0.4869791666666667,0.39999999999999997,3.2
1537,19,30,23,1.736842105263158,0.4375,0.4823763889427201,3.3684210526315788
1538,17,33,20,1.6666666666666667,0.390625,0.21295885499997994,3.0476190476190474
1539,19,24,27,1.736842105263158,0.5052083333333334,0.4823763889427201,3.3684210526315788
1540,19,27,25,1.6842105263157894,0.4735449735449736,0.5668594533825794,3.3157894736842106
1541,19,25,26,1.736842105263158,0.49739583333333337,0.4823763889427201,3.3684210526315788
1542,19,28,24,1.736842105263158,0.45833333333333337,0.4823763889427201,3.3684210526315788
1543,18,27,25,1.7,0.47395833333333337,0.39999999999999997,3.2
1544,18,27,25,1.7,0.47395833333333337,0.39999999999999997,3.2
1545,19,26,26,1.736842105263158,0.4869791666666667,0.4823763889427201,3.3684210526315788
1546,20,33,22,1.7777777777777777,0.40625,0.49690399499995325,3.5555555555555554
1547,20,31,23,1.7777777777777777,0.4322916666666667,0.49690399499995325,3.5555555555555554
1548,19,27,25,1.6842105263157894,0.4735449735449736,0.5668594533825794,3.3157894736842106
1549,19,29,25,1.736842105263158,0.4635416666666667,0.4823763889427201,3.3684210526315788
1550,19,26,26,1.736842105263158,0.48697916666666674,0.4823763889427201,3.3684210526315788
1551,19,26,25,1.6842105263157894,0.48148148148148145,0.5668594533825794,3.3157894736842106
1552,18,23,27,1.65,0.5238095238095238,0.47696960070847283,3.15
1553,19,26,27,1.736842105263158,0.4947916666666667,0.4823763889427201,3.3684210526315788
1554,19,28,23,1.736842105263158,0.4479166666666667,0.4823763889427201,3.3684210526315788
1555,19,24,26,1.736842105263158,0.5052083333333334,0.4823763889427201,3.3684210526315788
1556,20,28,25,1.7777777777777777,0.46875,0.49690399499995325,3.5555555555555554
1557,19,27,26,1.736842105263158,0.484375,0.4823763889427201,3.3684210526315788
1558,19,25,26,1.6842105263157894,0.4973544973544973,0.5668594533825794,3.3157894736842106
1559,19,29,23,1.736842105263158,0.44270833333333337,0.48237638894272,3.3684210526315788
1560,20,26,27,1.7777777777777777,0.49739583333333337,0.49690399499995325,3.5555555555555554
1561,18,30,26,1.7,0.46354166666666663,0.39999999999999997,3.2
1562,18,28,24,1.7,0.4557291666666667,0.39999999999999997,3.2
1563,19,25,27,1.736842105263158,0.5052083333333334,0.4823763889427201,3.3684210526315788
1564,19,28,24,1.736842105263158,0.4557291666666667,0.4823763889427201,3.3684210526315788
1565,19,24,25,1.736842105263158,0.4869791666666667,0.4823763889427201,3.3684210526315788
1566,19,26,25,1.736842105263158,0.48177083333333337,0.4823763889427201,3.3684210526315788
1567,19,28,25,1.736842105263158,0.46875,0.4823763889427201,3.3684210526315788
1568,19,28,24,1.736842105263158,0.4557291666666667,0.4823763889427201,3.3684210526315788
1569,19,26,26,1.736842105263158,0.48958333333333337,0.4823763889427201,3.3684210526315788
1570,19,23,26,1.6842105263157894,0.5079365079365079,0.5668594533825794,3.3157894736842106
1571,19,28,27,1.736842105263158,0.48177083333333337,0.4823763889427201,3.3684210526315788
1572,19,28,27,1.736842105263158,0.48177083333333337,0.4823763889427201,3.3684210526315788
1573,19,28,26,1.736842105263158,0.4765625,0.4823763889427201,3.3684210526315788
1574,19,30,23,1.6842105263157894,0.4365079365079365,0.5668594533825794,3.3157894736842106
1575,18,29,24,1.7,0.4557291666666667,0.39999999999999997,3.2
1576,19,24,27,1.736842105263158,0.5130208333333334,0.4823763889427201,3.3684210526315788
1577,19,27,23,1.736842105263158,0.4609375,0.4823763889427201,3.3684210526315788
1578,19,30,25,1.736842105263158,0.4479166666666667,0.4823763889427201,3.3684210526315788
1579,19,25,26,1.736842105263158,0.49218750000000006,0.4823763889427201,3.3684210526315788
1580,19,29,24,1.736842105263158,0.45052083333333337,0.48237638894272,3.3684210526315788
1581,19,25,26,1.6842105263157894,0.5,0.5668594533825794,3.3157894736842106
1582,19,24,27,1.736842105263158,0.5104166666666667,0.4823763889427201,3.3684210526315788
1583,19,33,23,1.736842105263158,0.4192708333333333,0.4823763889427201,3.3684210526315788
1584,19,27,25,1.736842105263158,0.46875,0.4823763889427201,3.3684210526315788
1585,18,27,27,1.7,0.4869791666666667,0.39999999999999997,3.2
1586,19,24,26,1.6842105263157894,0.5052910052910053,0.5668594533825794,3.3157894736842106
1587,18,28,25,1.7,0.47135416666666663,0.39999999999999997,3.2
1588,19,32,25,1.736842105263158,0.4401041666666667,0.4823763889427201,3.3684210526315788
1589,19,28,26,1.736842105263158,0.47395833333333337,0.4823763889427201,3.3684210526315788
1590,19,25,27,1.736842105263158,0.5,0.4823763889427201,3.3684210526315788
1591,20,25,28,1.7777777777777777,0.5104166666666667,0.49690399499995325,3.5555555555555554
1592,19,26,25,1.736842105263158,0.47916666666666674,0.4823763889427201,3.3684210526315788
1593,19,24,25,1.6842105263157894,0.49470899470899476,0.5668594533825794,3.3157894736842106
1594,19,25,26,1.736842105263158,0.4921875,0.4823763889427201,3.3684210526315788
1595,18,33,21,1.7,0.3984375,0.39999999999999997,3.2
1596,18,25,25,1.65,0.4894179894179895,0.47696960070847283,3.15
1597,19,25,24,1.736842105263158,0.47916666666666674,0.4823763889427201,3.3684210526315788
1598,19,26,25,1.736842105263158,0.484375,0.4823763889427201,3.3684210526315788
1599,18,29,26,1.7,0.46875,0.39999999999999997,3.2
1600,19,27,25,1.736842105263158,0.46875,0.4823763889427201,3.3684210526315788
1601,19,25,27,1.6842105263157894,0.5026455026455027,0.5668594533825794,3.3157894736842106
1602,18,26,24,1.7,0.4713541666666667,0.39999999999999997,3.2
1603,20,35,22,1.7777777777777777,0.3958333333333333,0.49690399499995325,3.5555555555555554
1604,19,28,27,1.736842105263158,0.484375,0.4823763889427201,3.3684210526315788
1605,19,26,26,1.736842105263158,0.48958333333333337,0.4823763889427201,3.3684210526315788
1606,19,29,25,1.736842105263158,0.45833333333333337,0.4823763889427201,3.3684210526315788
1607,19,23,27,1.6842105263157894,0.5185185185185186,0.5668594533825794,3.3157894736842106
1608,20,26,25,1.7777777777777777,0.48177083333333337,0.49690399499995325,3.5555555555555554
1609,19,25,26,1.736842105263158,0.49739583333333337,0.4823763889427201,3.3684210526315788
1610,19,24,27,1.736842105263158,0.5130208333333333,0.4823763889427201,3.3684210526315788
1611,19,27,26,1.736842105263158,0.4791666666666667,0.4823763889427201,3.3684210526315788
1612,19,28,24,1.736842105263158,0.4583333333333333,0.4823763889427201,3.3684210526315788
1613,20,25,26,1.7222222222222223,0.5026455026455027,0.6009252125773316,3.5
1614,19,28,25,1.736842105263158,0.46614583333333337,0.4823763889427201,3.3684210526315788
1615,19,25,25,1.736842105263158,0.48437500000000006,0.4823763889427201,3.3684210526315788
1616,19,27,24,1.6842105263157894,0.46560846560846564,0.5668594533825794,3.3157894736842106
1617,19,27,25,1.736842105263158,0.47395833333333337,0.4823763889427201,3.3684210526315788
1618,19,29,24,1.6842105263157894,0.4497354497354497,0.5668594533825794,3.3157894736842106
1619,20,35,21,1.7777777777777777,0.38802083333333337,0.49690399499995325,3.5555555555555554
1620,20,37,19,1.7777777777777777,0.35416666666666663,0.49690399499995325,3.5555555555555554
1621,19,27,27,1.736842105263158,0.4921875,0.4823763889427201,3.3684210526315788
1622,19,28,26,1.736842105263158,0.4791666666666667,0.4823763889427201,3.3684210526315788
1623,19,26,27,1.736842105263158,0.4973958333333333,0.4823763889427201,3.3684210526315788
1624,19,23,26,1.6842105263157894,0.5105820105820107,0.5668594533825794,3.3157894736842106
1625,20,27,27,1.7777777777777777,0.48958333333333337,0.49690399499995325,3.5555555555555554
1626,19,31,23,1.736842105263158,0.42708333333333337,0.48237638894272,3.3684210526315788
1627,19,29,25,1.736842105263158,0.4609375,0.4823763889427201,3.3684210526315788
1628,19,30,23,1.6842105263157894,0.4365079365079365,0.5668594533825794,3.3157894736842106
1629,17,35,22,1.6666666666666667,0.39583333333333337,0.21295885499997994,3.0476190476190474
1630,19,24,27,1.736842105263158,0.5182291666666667,0.4823763889427201,3.3684210526315788
1631,19,27,25,1.6842105263157894,0.47619047619047616,0.5668594533825794,3.3157894736842106
1632,19,27,24,1.6842105263157894,0.46560846560846564,0.5668594533825794,3.3157894736842106
1633,19,26,27,1.736842105263158,0.5026041666666667,0.4823763889427201,3.3684210526315788
1634,20,28,26,1.7222222222222223,0.47619047619047616,0.6009252125773316,3.5
1635,19,26,27,1.736842105263158,0.49739583333333337,0.4823763889427201,3.3684210526315788
1636,19,30,25,1.736842105263158,0.4557291666666667,0.4823763889427201,3.3684210526315788
1637,19,27,27,1.736842105263158,0.48958333333333337,0.4823763889427201,3.3684210526315788
1638,19,27,26,1.6842105263157894,0.48412698412698413,0.5668594533825794,3.3157894736842106
1639,19,24,27,1.736842105263158,0.5078125,0.4823763889427201,3.3684210526315788
1640,19,30,24,1.736842105263158,0.44270833333333337,0.48237638894272,3.3684210526315788
1641,19,23,26,1.736842105263158,0.5078125,0.4823763889427201,3.3684210526315788
1642,19,28,26,1.736842105263158,0.47395833333333337,0.48237638894272,3.3684210526315788
1643,18,27,25,1.7,0.47916666666666663,0.39999999999999997,3.2
1644,19,28,24,1.6842105263157894,0.4576719576719577,0.5668594533825794,3.3157894736842106
1645,19,28,26,1.736842105263158,0.4765625,0.4823763889427201,3.3684210526315788
1646,18,35,24,1.7,0.4140625,0.39999999999999997,3.2
1647,20,26,27,1.7777777777777777,0.49739583333333337,0.49690399499995325,3.5555555555555554
1648,19,23,26,1.6842105263157894,0.5132275132275133,0.5668594533825794,3.3157894736842106
1649,19,26,25,1.736842105263158,0.48177083333333337,0.4823763889427201,3.3684210526315788
1650,19,27,28,1.736842105263158,0.5026041666666667,0.4823763889427201,3.3684210526315788
1651,19,28,22,1.6842105263157894,0.44179894179894186,0.5668594533825794,3.3157894736842106
1652,20,31,24,1.7777777777777777,0.4427083333333333,0.49690399499995325,3.5555555555555554
1653,19,28,24,1.736842105263158,0.4557291666666667,0.4823763889427201,3.3684210526315788
1654,19,26,25,1.736842105263158,0.4765625,0.4823763889427201,3.3684210526315788
1655,19,24,25,1.736842105263158,0.49218750000000006,0.4823763889427201,3.3684210526315788
1656,19,30,25,1.736842105263158,0.4583333333333333,0.4823763889427201,3.3684210526315788
1657,19,26,26,1.736842105263158,0.4869791666666667,0.4823763889427201,3.3684210526315788
1658,19,28,25,1.6842105263157894,0.46296296296296297,0.5668594533825794,3.3157894736842106
1659,19,29,20,1.6842105263157894,0.4126984126984127,0.5668594533825794,3.3157894736842106
1660,19,26,25,1.736842105263158,0.47395833333333337,0.4823763889427201,3.3684210526315788
1661,19,25,26,1.736842105263158,0.49739583333333337,0.4823763889427201,3.3684210526315788
1662,18,36,21,1.75,0.3828125,0.39999999999999997,3.2
1663,20,31,22,1.7777777777777777,0.41927083333333337,0.49690399499995325,3.5555555555555554
1664,18,30,22,1.65,0.42857142857142855,0.47696960070847283,3.15
1665,19,26,26,1.736842105263158,0.48958333333333337,0.4823763889427201,3.3684210526315788
1666,20,28,26,1.7777777777777777,0.47395833333333337,0.49690399499995325,3.5555555555555554
1667,19,26,25,1.6842105263157894,0.47883597883597884,0.5668594533825794,3.3157894736842106
1668,19,24,25,1.6842105263157894,0.4947089947089947,0.5668594533825794,3.3157894736842106
1669,19,30,19,1.6842105263157894,0.40476190476190477,0.5668594533825794,3.3157894736842106
1670,19,28,24,1.736842105263158,0.4557291666666667,0.4823763889427201,3.3684210526315788
1671,19,36,19,1.736842105263158,0.359375,0.4823763889427201,3.3684210526315788
1672,18,24,27,1.7,0.5104166666666667,0.39999999999999997,3.2
1673,20,30,24,1.7777777777777777,0.44270833333333337,0.49690399499995325,3.5555555555555554
1674,19,28,24,1.6842105263157894,0.4576719576719577,0.5668594533825794,3.3157894736842106
1675,19,24,26,1.736842105263158,0.5078125,0.48237638894272,3.3684210526315788
1676,18,24,26,1.7,0.5052083333333334,0.39999999999999997,3.2
1677,19,27,27,1.736842105263158,0.48958333333333337,0.4823763889427201,3.3684210526315788
1678,18,36,22,1.7,0.3880208333333333,0.39999999999999997,3.2
1679,19,25,27,1.736842105263158,0.5052083333333334,0.4823763889427201,3.3684210526315788
1680,19,25,26,1.736842105263158,0.49739583333333337,0.4823763889427201,3.3684210526315788
1681,19,28,25,1.736842105263158,0.46614583333333337,0.4823763889427201,3.3684210526315788
1682,19,25,26,1.736842105263158,0.4921875,0.4823763889427201,3.3684210526315788
1683,18,27,24,1.65,0.46560846560846564,0.47696960070847283,3.15
1684,19,26,25,1.6842105263157894,0.47883597883597884,0.5668594533825794,3.3157894736842106
1685,19,24,24,1.6842105263157894,0.4867724867724868,0.5668594533825794,3.3157894736842106
1686,19,27,26,1.736842105263158,0.484375,0.4823763889427201,3.3684210526315788
1687,19,29,25,1.736842105263158,0.45833333333333337,0.4823763889427201,3.3684210526315788
1688,19,27,26,1.736842105263158,0.484375,0.4823763889427201,3.3684210526315788
1689,19,26,27,1.736842105263158,0.4947916666666667,0.4823763889427201,3.3684210526315788
1690,19,28,26,1.736842105263158,0.47395833333333337,0.4823763889427201,3.3684210526315788
1691,19,28,25,1.736842105263158,0.4635416666666667,0.48237638894272,3.3684210526315788
1692,19,25,26,1.6842105263157894,0.49470899470899476,0.5668594533825794,3.3157894736842106
1693,19,27,27,1.736842105263158,0.48958333333333337,0.4823763889427201,3.3684210526315788
1694,19,24,27,1.736842105263158,0.5078125,0.48237638894272,3.3684210526315788
1695,20,26,25,1.7777777777777777,0.48177083333333337,0.49690399499995325,3.5555555555555554
1696,19,30,25,1.736842105263158,0.4557291666666667,0.4823763889427201,3.3684210526315788
1697,19,25,26,1.736842105263158,0.49739583333333337,0.4823763889427201,3.3684210526315788
1698,20,31,26,1.7777777777777777,0.4557291666666667,0.49690399499995325,3.5555555555555554
1699,18,26,26,1.7,0.48958333333333337,0.39999999999999997,3.2
1700,20,25,27,1.7222222222222223,0.5052910052910052,0.6009252125773316,3.5
1701,19,28,26,1.736842105263158,0.4791666666666667,0.4823763889427201,3.3684210526315788
1702,20,24,27,1.7777777777777777,0.5130208333333334,0.49690399499995325,3.5555555555555554
1703,18,24,27,1.7,0.5104166666666667,0.39999999999999997,3.2
1704,19,26,27,1.736842105263158,0.49739583333333337,0.4823763889427201,3.3684210526315788
1705,19,26,27,1.736842105263158,0.5,0.48237638894272,3.3684210526315788
1706,18,25,27,1.7,0.5,0.39999999999999997,3.2
1707,20,21,27,1.7222222222222223,0.5343915343915344,0.6009252125773316,3.5
1708,19,25,26,1.736842105263158,0.49479166666666674,0.4823763889427201,3.3684210526315788
1709,19,26,26,1.736842105263158,0.4921875,0.4823763889427201,3.3684210526315788
1710,19,26,27,1.736842105263158,0.4947916666666667,0.4823763889427201,3.3684210526315788
1711,19,22,27,1.6842105263157894,0.5238095238095238,0.5668594533825794,3.3157894736842106
1712,18,24,27,1.7,0.5130208333333334,0.39999999999999997,3.2
1713,19,26,25,1.736842105263158,0.4765625,0.4823763889427201,3.3684210526315788
1714,20,26,27,1.7777777777777777,0.49479166666666674,0.49690399499995325,3.5555555555555554
1715,19,24,27,1.736842105263158,0.5182291666666666,0.4823763889427201,3.3684210526315788
1716,19,27,27,1.736842105263158,0.4921875,0.4823763889427201,3.3684210526315788
1717,19,24,27,1.736842105263158,0.5104166666666667,0.4823763889427201,3.3684210526315788
1718,19,25,25,1.6842105263157894,0.4894179894179895,0.5668594533825794,3.3157894736842106
1719,19,24,27,1.736842105263158,0.5130208333333333,0.4823763889427201,3.3684210526315788
1720,19,27,26,1.736842105263158,0.484375,0.4823763889427201,3.3684210526315788
1721,20,27,26,1.7777777777777777,0.4791666666666667,0.49690399499995325,3.5555555555555554
1722,20,24,26,1.7777777777777777,0.5026041666666667,0.49690399499995325,3.5555555555555554
1723,18,25,27,1.7,0.5,0.39999999999999997,3.2
1724,19,24,27,1.736842105263158,0.5130208333333334,0.4823763889427201,3.3684210526315788
1725,19,31,23,1.736842105263158,0.43229166666666663,0.4823763889427201,3.3684210526315788
1726,18,28,26,1.7,0.4791666666666667,0.39999999999999997,3.2
1727,19,29,25,1.736842105263158,0.4635416666666667,0.4823763889427201,3.3684210526315788
1728,19,32,21,1.736842105263158,0.40625,0.48237638894272,3.3684210526315788
1729,18,25,27,1.7,0.5052083333333334,0.39999999999999997,3.2
1730,18,28,24,1.7,0.4557291666666667,0.39999999999999997,3.2
1731,20,25,26,1.7222222222222223,0.4973544973544974,0.6009252125773316,3.5
1732,19,24,27,1.736842105263158,0.5104166666666667,0.4823763889427201,3.3684210526315788
1733,19,26,27,1.736842105263158,0.49739583333333337,0.4823763889427201,3.3684210526315788
1734,20,25,27,1.7777777777777777,0.5052083333333334,0.49690399499995325,3.5555555555555554
1735,19,25,27,1.736842105263158,0.5052083333333334,0.4823763889427201,3.3684210526315788
1736,19,26,27,1.736842105263158,0.5026041666666667,0.4823763889427201,3.3684210526315788
1737,19,23,26,1.736842105263158,0.5104166666666667,0.4823763889427201,3.3684210526315788
1738,19,25,25,1.736842105263158,0.48958333333333337,0.4823763889427201,3.3684210526315788
1739,19,30,25,1.736842105263158,0.453125,0.4823763889427201,3.3684210526315788
1740,18,25,27,1.7,0.5026041666666667,0.39999999999999997,3.2
1741,18,23,27,1.7,0.5208333333333334,0.39999999999999997,3.2
1742,20,24,27,1.7777777777777777,0.5104166666666667,0.49690399499995325,3.5555555555555554
1743,19,25,27,1.736842105263158,0.5026041666666667,0.4823763889427201,3.3684210526315788
1744,20,24,26,1.7222222222222223,0.5052910052910053,0.6009252125773316,3.5
1745,19,24,26,1.736842105263158,0.5,0.48237638894272,3.3684210526315788
1746,19,27,25,1.736842105263158,0.46875,0.4823763889427201,3.3684210526315788
1747,19,24,25,1.736842105263158,0.4921875,0.4823763889427201,3.3684210526315788
1748,19,29,24,1.736842105263158,0.4479166666666667,0.4823763889427201,3.3684210526315788
1749,19,26,27,1.736842105263158,0.5,0.48237638894272,3.3684210526315788
1750,19,26,26,1.6842105263157894,0.4867724867724868,0.5668594533825794,3.3157894736842106
1751,19,25,27,1.6842105263157894,0.5,0.5668594533825794,3.3157894736842106
1752,19,24,27,1.736842105263158,0.5104166666666667,0.4823763889427201,3.3684210526315788
1753,19,24,27,1.736842105263158,0.5130208333333334,0.4823763889427201,3.3684210526315788
1754,19,25,26,1.736842105263158,0.5,0.4823763889427201,3.3684210526315788
1755,19,29,26,1.736842105263158,0.46875,0.48237638894272,3.3684210526315788
1756,18,24,27,1.7,0.5130208333333334,0.39999999999999997,3.2
1757,19,26,26,1.736842105263158,0.48958333333333337,0.4823763889427201,3.3684210526315788
1758,19,26,26,1.736842105263158,0.49479166666666663,0.4823763889427201,3.3684210526315788
1759,19,24,27,1.736842105263158,0.5104166666666667,0.4823763889427201,3.3684210526315788
1760,19,26,26,1.736842105263158,0.48958333333333337,0.4823763889427201,3.3684210526315788
1761,19,23,26,1.736842105263158,0.5104166666666667,0.4823763889427201,3.3684210526315788
1762,19,26,27,1.736842105263158,0.49739583333333337,0.4823763889427201,3.3684210526315788
1763,20,27,27,1.7777777777777777,0.4921875,0.49690399499995325,3.5555555555555554
1764,19,28,27,1.736842105263158,0.48177083333333337,0.4823763889427201,3.3684210526315788
1765,19,26,27,1.736842105263158,0.49739583333333337,0.48237638894272,3.3684210526315788
1766,18,23,27,1.7,0.5182291666666667,0.39999999999999997,3.2
1767,18,38,20,1.7,0.35677083333333337,0.39999999999999997,3.2
1768,19,27,25,1.6842105263157894,0.47619047619047616,0.5668594533825794,3.3157894736842106
1769,19,29,24,1.736842105263158,0.4557291666666667,0.4823763889427201,3.3684210526315788
1770,19,34,24,1.736842105263158,0.4166666666666667,0.48237638894272,3.3684210526315788
1771,19,23,27,1.6842105263157894,0.5238095238095238,0.5668594533825794,3.3157894736842106
1772,18,24,27,1.7,0.5104166666666667,0.39999999999999997,3.2
1773,19,26,27,1.6842105263157894,0.4973544973544974,0.5668594533825794,3.3157894736842106
1774,18,30,26,1.7,0.4635416666666667,0.39999999999999997,3.2
1775,19,26,26,1.736842105263158,0.4921875,0.4823763889427201,3.3684210526315788
1776,19,26,26,1.736842105263158,0.48697916666666674,0.4823763889427201,3.3684210526315788
1777,20,26,27,1.7222222222222223,0.5,0.6009252125773316,3.5
1778,19,26,26,1.736842105263158,0.48958333333333337,0.4823763889427201,3.3684210526315788
1779,19,25,28,1.736842105263158,0.5130208333333334,0.4823763889427201,3.3684210526315788
1780,19,33,24,1.736842105263158,0.42708333333333337,0.4823763889427201,3.3684210526315788
1781,19,24,27,1.6842105263157894,0.5158730158730159,0.5668594533825794,3.3157894736842106
1782,19,26,28,1.736842105263158,0.5078125,0.4823763889427201,3.3684210526315788
1783,20,26,25,1.7777777777777777,0.48177083333333337,0.49690399499995325,3.5555555555555554
1784,19,25,28,1.736842105263158,0.515625,0.4823763889427201,3.3684210526315788
1785,20,25,27,1.7777777777777777,0.5026041666666667,0.49690399499995325,3.5555555555555554
1786,19,24,27,1.736842105263158,0.5130208333333334,0.4823763889427201,3.3684210526315788
1787,19,22,26,1.736842105263158,0.515625,0.4823763889427201,3.3684210526315788
1788,19,25,27,1.736842105263158,0.5052083333333334,0.4823763889427201,3.3684210526315788
1789,19,24,27,1.736842105263158,0.5078125,0.4823763889427201,3.3684210526315788
1790,20,27,25,1.7777777777777777,0.4765625,0.49690399499995325,3.5555555555555554
1791,19,25,27,1.736842105263158,0.5078125,0.4823763889427201,3.3684210526315788
1792,19,28,27,1.736842105263158,0.4791666666666667,0.4823763889427201,3.3684210526315788
1793,19,24,28,1.736842105263158,0.5234375,0.4823763889427201,3.3684210526315788
1794,19,25,27,1.736842105263158,0.5052083333333334,0.4823763889427201,3.3684210526315788
1795,19,37,19,1.736842105263158,0.35677083333333337,0.4823763889427201,3.3684210526315788
1796,19,26,27,1.736842105263158,0.49739583333333337,0.4823763889427201,3.3684210526315788
1797,18,27,24,1.65,0.4656084656084656,0.47696960070847283,3.15
1798,18,24,27,1.7,0.5104166666666667,0.39999999999999997,3.2
1799,20,27,24,1.7777777777777777,0.4635416666666667,0.49690399499995325,3.5555555555555554
1800,20,32,23,1.7777777777777777,0.42708333333333337,0.49690399499995325,3.5555555555555554
1801,19,23,27,1.736842105263158,0.5208333333333334,0.4823763889427201,3.3684210526315788
1802,19,26,26,1.736842105263158,0.4869791666666667,0.4823763889427201,3.3684210526315788
1803,19,26,25,1.736842105263158,0.4765625,0.4823763889427201,3.3684210526315788
1804,19,27,26,1.736842105263158,0.48177083333333337,0.4823763889427201,3.3684210526315788
1805,19,27,25,1.736842105263158,0.47916666666666663,0.4823763889427201,3.3684210526315788
1806,19,24,27,1.736842105263158,0.5104166666666667,0.4823763889427201,3.3684210526315788
1807,18,26,27,1.7,0.49739583333333337,0.39999999999999997,3.2
1808,19,26,28,1.736842105263158,0.5104166666666666,0.4823763889427201,3.3684210526315788
1809,19,35,22,1.736842105263158,0.39417989417989424,0.5668594533825794,3.3157894736842106
1810,19,26,27,1.736842105263158,0.5,0.4823763889427201,3.3684210526315788
1811,19,22,27,1.736842105263158,0.5260416666666667,0.4823763889427201,3.3684210526315788
1812,20,22,27,1.7222222222222223,0.5291005291005292,0.6009252125773316,3.5
1813,19,24,27,1.736842105263158,0.5078125,0.48237638894272,3.3684210526315788
1814,18,23,27,1.7,0.5182291666666667,0.39999999999999997,3.2
1815,19,22,27,1.6842105263157894,0.5291005291005292,0.5668594533825794,3.3157894736842106
1816,19,25,26,1.736842105263158,0.4947916666666667,0.4823763889427201,3.3684210526315788
1817,20,24,26,1.7777777777777777,0.5104166666666666,0.49690399499995325,3.5555555555555554
1818,19,24,25,1.736842105263158,0.4947916666666667,0.4823763889427201,3.3684210526315788
1819,19,26,27,1.736842105263158,0.49739583333333337,0.48237638894272,3.3684210526315788
1820,19,26,26,1.736842105263158,0.4921875,0.48237638894272,3.3684210526315788
1821,19,27,27,1.6842105263157894,0.4894179894179895,0.5668594533825794,3.3157894736842106
1822,19,22,27,1.6842105263157894,0.5291005291005292,0.5668594533825794,3.3157894736842106
1823,19,27,26,1.736842105263158,0.484375,0.4823763889427201,3.3684210526315788
1824,19,24,27,1.736842105263158,0.5052083333333334,0.4823763889427201,3.3684210526315788
1825,19,27,27,1.736842105263158,0.48958333333333337,0.4823763889427201,3.3684210526315788
1826,18,25,27,1.7,0.5052083333333334,0.39999999999999997,3.2
1827,18,23,27,1.7,0.5182291666666667,0.39999999999999997,3.2
1828,19,25,27,1.736842105263158,0.5104166666666667,0.4823763889427201,3.3684210526315788
1829,18,22,27,1.65,0.5238095238095238,0.47696960070847283,3.15
1830,18,26,27,1.7,0.49739583333333337,0.39999999999999997,3.2
1831,19,23,28,1.736842105263158,0.5286458333333334,0.4823763889427201,3.3684210526315788
1832,19,27,27,1.736842105263158,0.4869791666666667,0.4823763889427201,3.3684210526315788
1833,20,26,25,1.7777777777777777,0.48177083333333337,0.49690399499995325,3.5555555555555554
1834,18,34,22,1.75,0.4010416666666667,0.39999999999999997,3.2
1835,19,22,27,1.736842105263158,0.53125,0.4823763889427201,3.3684210526315788
1836,19,26,26,1.736842105263158,0.48958333333333337,0.4823763889427201,3.3684210526315788
1837,20,26,26,1.7777777777777777,0.4869791666666667,0.49690399499995325,3.5555555555555554
1838,19,29,26,1.736842105263158,0.46875,0.4823763889427201,3.3684210526315788
1839,18,23,26,1.7,0.5078125,0.39999999999999997,3.2
1840,19,25,26,1.736842105263158,0.4947916666666667,0.4823763889427201,3.3684210526315788
1841,18,25,27,1.7,0.5026041666666667,0.39999999999999997,3.2
1842,18,37,21,1.7,0.37239583333333337,0.39999999999999997,3.2
1843,18,20,27,1.65,0.5396825396825398,0.47696960070847283,3.15
1844,18,23,27,1.65,0.5185185185185186,0.47696960070847283,3.15
1845,18,23,27,1.65,0.5211640211640212,0.47696960070847283,3.15
1846,19,23,26,1.736842105263158,0.5078125,0.4823763889427201,3.3684210526315788
1847,19,25,28,1.736842105263158,0.5104166666666667,0.4823763889427201,3.3684210526315788
1848,18,23,27,1.7,0.5182291666666667,0.39999999999999997,3.2
1849,19,22,28,1.736842105263158,0.5338541666666667,0.4823763889427201,3.3684210526315788
1850,19,24,27,1.736842105263158,0.5130208333333334,0.4823763889427201,3.3684210526315788
1851,19,23,27,1.736842105263158,0.5260416666666666,0.4823763889427201,3.3684210526315788
1852,19,24,28,1.736842105263158,0.515625,0.4823763889427201,3.3684210526315788
1853,19,24,27,1.736842105263158,0.5104166666666667,0.4823763889427201,3.3684210526315788
1854,18,24,27,1.7,0.5130208333333334,0.39999999999999997,3.2
1855,19,27,26,1.736842105263158,0.4791666666666667,0.4823763889427201,3.3684210526315788
1856,19,26,26,1.736842105263158,0.4921875,0.4823763889427201,3.3684210526315788
1857,18,23,27,1.7,0.5208333333333334,0.39999999999999997,3.2
1858,19,25,27,1.736842105263158,0.5104166666666667,0.4823763889427201,3.3684210526315788
1859,20,25,27,1.7777777777777777,0.5104166666666667,0.49690399499995325,3.5555555555555554
1860,19,25,27,1.736842105263158,0.5052083333333334,0.4823763889427201,3.3684210526315788
1861,20,28,27,1.7777777777777777,0.4791666666666667,0.49690399499995325,3.5555555555555554
1862,19,26,27,1.736842105263158,0.4947916666666667,0.4823763889427201,3.3684210526315788
1863,19,26,27,1.736842105263158,0.5,0.4823763889427201,3.3684210526315788
1864,20,25,26,1.7777777777777777,0.49739583333333337,0.49690399499995325,3.5555555555555554
1865,18,22,27,1.65,0.5291005291005292,0.47696960070847283,3.15
1866,19,27,26,1.736842105263158,0.48177083333333337,0.4823763889427201,3.3684210526315788
1867,19,35,22,1.7894736842105263,0.39583333333333337,0.4823763889427201,3.3684210526315788
1868,18,23,27,1.7,0.5182291666666667,0.39999999999999997,3.2
1869,20,25,26,1.7777777777777777,0.49739583333333337,0.49690399499995325,3.5555555555555554
1870,18,28,23,1.7,0.45052083333333337,0.39999999999999997,3.2
1871,18,25,26,1.7,0.4947916666666667,0.39999999999999997,3.2
1872,19,25,26,1.736842105263158,0.49739583333333337,0.4823763889427201,3.3684210526315788
1873,19,25,27,1.736842105263158,0.5026041666666667,0.4823763889427201,3.3684210526315788
1874,18,23,27,1.7,0.5182291666666667,0.39999999999999997,3.2
1875,19,24,27,1.736842105263158,0.515625,0.4823763889427201,3.3684210526315788
1876,18,24,26,1.65,0.5,0.47696960070847283,3.15
1877,19,27,26,1.736842105263158,0.484375,0.4823763889427201,3.3684210526315788
1878,20,23,26,1.7222222222222223,0.5132275132275133,0.6009252125773316,3.5
1879,18,23,27,1.7,0.5182291666666667,0.39999999999999997,3.2
1880,18,24,27,1.7,0.5130208333333334,0.39999999999999997,3.2
1881,20,26,26,1.7777777777777777,0.48958333333333337,0.49690399499995325,3.5555555555555554
1882,19,27,25,1.6842105263157894,0.4788359788359788,0.5668594533825794,3.3157894736842106
1884,19,22,26,1.6842105263157894,0.5211640211640212,0.5668594533825794,3.3157894736842106
1885,19,22,26,1.6842105263157894,0.5211640211640212,0.5668594533825794,3.3157894736842106
1886,19,22,26,1.6842105263157894,0.5211640211640212,0.5668594533825794,3.3157894736842106
1887,19,22,26,1.6842105263157894,0.5211640211640212,0.5668594533825794,3.3157894736842106
1888,19,22,26,1.6842105263157894,0.5211640211640212,0.5668594533825794,3.3157894736842106
1889,19,22,26,1.6842105263157894,0.5211640211640212,0.5668594533825794,3.3157894736842106
1890,19,22,26,1.6842105263157894,0.5211640211640212,0.5668594533825794,3.3157894736842106
1891,19,22,26,1.6842105263157894,0.5211640211640212,0.5668594533825794,3.3157894736842106
1892,19,22,26,1.6842105263157894,0.5211640211640212,0.5668594533825794,3.3157894736842106
1893,19,22,26,1.6842105263157894,0.5211640211640212,0.5668594533825794,3.3157894736842106
