Episode,Desafios_sin_equipo,Estudiantes_fuera_preferencias,Estudiantes_primera_prioridad,Promedio_carreras_por_equipo,Satisfaccion_promedio,STD_tamano_equipos,Tamano_promedio_equipo
2,18,60,2,1.75,0.041666666666666664,0.39999999999999997,3.2
3,18,63,1,1.75,0.015625,0.39999999999999997,3.2
4,18,59,3,1.75,0.05989583333333333,0.39999999999999997,3.2
5,19,55,5,1.7894736842105263,0.10416666666666667,0.4823763889427201,3.3684210526315788
6,17,56,4,1.7142857142857142,0.08854166666666666,0.21295885499997994,3.0476190476190474
7,18,58,0,1.75,0.041666666666666664,0.39999999999999997,3.2
8,18,55,3,1.75,0.08333333333333333,0.39999999999999997,3.2
9,18,56,1,1.75,0.06510416666666666,0.39999999999999997,3.2
10,18,57,5,1.75,0.09114583333333333,0.39999999999999997,3.2
11,17,59,2,1.7142857142857142,0.049479166666666664,0.21295885499997994,3.0476190476190474
12,18,60,0,1.7,0.028645833333333332,0.39999999999999997,3.2
13,17,61,3,1.7142857142857142,0.046875,0.21295885499997994,3.0476190476190474
14,19,56,1,1.7894736842105263,0.05989583333333333,0.48237638894272,3.3684210526315788
15,17,60,1,1.7142857142857142,0.03645833333333333,0.21295885499997994,3.0476190476190474
16,19,60,2,1.7894736842105263,0.04427083333333333,0.4823763889427201,3.3684210526315788
17,18,61,0,1.75,0.020833333333333332,0.39999999999999997,3.2
18,18,59,2,1.75,0.046875,0.39999999999999997,3.2
19,17,59,2,1.7142857142857142,0.05208333333333333,0.21295885499997994,3.0476190476190474
20,20,59,1,1.8333333333333333,0.0390625,0.49690399499995325,3.5555555555555554
21,18,59,0,1.75,0.03125,0.39999999999999997,3.2
22,19,58,1,1.736842105263158,0.04497354497354498,0.5668594533825794,3.3157894736842106
23,17,60,2,1.7142857142857142,0.046875,0.21295885499997994,3.0476190476190474
24,18,58,4,1.7,0.07552083333333333,0.39999999999999997,3.2
25,18,57,2,1.75,0.06510416666666666,0.39999999999999997,3.2
26,17,58,2,1.7142857142857142,0.0546875,0.21295885499997994,3.0476190476190474
27,18,61,0,1.75,0.020833333333333332,0.39999999999999997,3.2
28,18,61,0,1.7,0.015873015873015872,0.47696960070847283,3.15
29,18,59,0,1.75,0.033854166666666664,0.39999999999999997,3.2
30,19,56,3,1.7894736842105263,0.0859375,0.4823763889427201,3.3684210526315788
31,19,58,1,1.7894736842105263,0.046875,0.4823763889427201,3.3684210526315788
32,18,59,3,1.75,0.0625,0.39999999999999997,3.2
33,17,57,2,1.7142857142857142,0.0625,0.21295885499997994,3.0476190476190474
34,19,63,0,1.7894736842105263,0.005208333333333333,0.48237638894272,3.3684210526315788
35,19,61,2,1.7894736842105263,0.0390625,0.4823763889427201,3.3684210526315788
36,18,59,3,1.75,0.05989583333333333,0.39999999999999997,3.2
37,18,58,3,1.7,0.06510416666666667,0.39999999999999997,3.2
38,18,59,1,1.75,0.0390625,0.39999999999999997,3.2
39,17,57,2,1.7142857142857142,0.0625,0.21295885499997994,3.0476190476190474
40,17,59,1,1.7142857142857142,0.04427083333333333,0.21295885499997994,3.0476190476190474
41,17,61,2,1.7142857142857142,0.03645833333333333,0.21295885499997994,3.0476190476190474
42,17,58,2,1.7142857142857142,0.05989583333333333,0.21295885499997994,3.0476190476190474
43,18,64,0,1.75,0.0,0.39999999999999997,3.2
44,18,60,1,1.75,0.033854166666666664,0.39999999999999997,3.2
45,18,61,1,1.75,0.028645833333333332,0.39999999999999997,3.2
46,19,57,3,1.7894736842105263,0.0703125,0.4823763889427201,3.3684210526315788
47,18,55,2,1.75,0.0703125,0.39999999999999997,3.2
48,18,62,1,1.75,0.020833333333333332,0.39999999999999997,3.2
49,18,59,2,1.75,0.049479166666666664,0.39999999999999997,3.2
50,17,55,3,1.7142857142857142,0.08333333333333333,0.21295885499997994,3.0476190476190474
51,17,58,2,1.7142857142857142,0.05729166666666666,0.21295885499997994,3.0476190476190474
52,17,59,3,1.7142857142857142,0.0625,0.21295885499997994,3.0476190476190474
53,17,58,1,1.7142857142857142,0.05208333333333333,0.21295885499997994,3.0476190476190474
54,18,60,1,1.75,0.033854166666666664,0.39999999999999997,3.2
55,18,56,4,1.75,0.08854166666666666,0.39999999999999997,3.2
56,18,60,1,1.75,0.0390625,0.39999999999999997,3.2
57,18,59,2,1.75,0.04947916666666666,0.39999999999999997,3.2
58,18,59,3,1.75,0.05989583333333333,0.39999999999999997,3.2
59,18,61,2,1.75,0.0390625,0.39999999999999997,3.2
60,17,59,3,1.7142857142857142,0.0625,0.21295885499997994,3.0476190476190474
61,17,57,4,1.7142857142857142,0.0859375,0.21295885499997994,3.0476190476190474
62,18,59,2,1.75,0.049479166666666664,0.39999999999999997,3.2
63,19,58,1,1.7894736842105263,0.046875,0.4823763889427201,3.3684210526315788
64,17,55,5,1.7142857142857142,0.1015625,0.21295885499997994,3.0476190476190474
65,17,59,0,1.7142857142857142,0.03645833333333333,0.21295885499997994,3.0476190476190474
66,17,55,5,1.7142857142857142,0.10677083333333334,0.21295885499997996,3.0476190476190474
67,18,61,0,1.75,0.015625,0.39999999999999997,3.2
68,18,59,1,1.75,0.041666666666666664,0.39999999999999997,3.2
69,17,58,3,1.6666666666666667,0.06770833333333334,0.21295885499997994,3.0476190476190474
70,19,56,0,1.7894736842105263,0.05208333333333333,0.4823763889427201,3.3684210526315788
71,17,57,2,1.7142857142857142,0.06770833333333333,0.21295885499997994,3.0476190476190474
72,18,54,4,1.75,0.1015625,0.39999999999999997,3.2
73,18,60,3,1.75,0.0546875,0.39999999999999997,3.2
74,18,56,2,1.75,0.07552083333333333,0.39999999999999997,3.2
75,18,57,1,1.75,0.0546875,0.39999999999999997,3.2
76,18,54,4,1.75,0.1015625,0.39999999999999997,3.2
77,18,53,4,1.75,0.10416666666666666,0.39999999999999997,3.2
78,18,56,3,1.75,0.08333333333333334,0.39999999999999997,3.2
79,18,55,4,1.75,0.09895833333333333,0.39999999999999997,3.2
80,18,58,2,1.75,0.05989583333333333,0.39999999999999997,3.2
81,18,57,2,1.75,0.06510416666666666,0.39999999999999997,3.2
82,17,54,5,1.6666666666666667,0.1111111111111111,0.3086066999241838,3.0
83,18,56,1,1.75,0.0625,0.39999999999999997,3.2
84,17,59,1,1.7142857142857142,0.041666666666666664,0.21295885499997994,3.0476190476190474
85,18,58,3,1.75,0.06510416666666666,0.39999999999999997,3.2
86,18,55,5,1.75,0.10416666666666666,0.39999999999999997,3.2
87,17,52,5,1.7142857142857142,0.12239583333333334,0.21295885499997994,3.0476190476190474
88,19,56,3,1.7894736842105263,0.08072916666666666,0.4823763889427201,3.3684210526315788
89,18,59,2,1.75,0.049479166666666664,0.39999999999999997,3.2
90,17,58,2,1.7142857142857142,0.0546875,0.21295885499997994,3.0476190476190474
91,17,59,0,1.7142857142857142,0.03125,0.21295885499997994,3.0476190476190474
92,18,58,1,1.75,0.046875,0.39999999999999997,3.2
93,17,58,2,1.7142857142857142,0.0625,0.21295885499997994,3.0476190476190474
94,18,53,5,1.75,0.11718749999999999,0.39999999999999997,3.2
95,19,58,2,1.7894736842105263,0.05989583333333333,0.4823763889427201,3.3684210526315788
96,18,55,4,1.75,0.09635416666666666,0.39999999999999997,3.2
97,17,59,2,1.7142857142857142,0.05208333333333333,0.21295885499997994,3.0476190476190474
98,17,52,6,1.6666666666666667,0.1328125,0.21295885499997994,3.0476190476190474
99,18,59,0,1.75,0.031249999999999997,0.39999999999999997,3.2
100,18,61,1,1.75,0.03125,0.39999999999999997,3.2
101,18,53,4,1.75,0.10677083333333334,0.39999999999999997,3.2
102,18,60,1,1.75,0.03645833333333333,0.39999999999999997,3.2
103,18,55,4,1.7,0.09635416666666666,0.39999999999999997,3.2
104,18,57,3,1.75,0.07552083333333333,0.39999999999999997,3.2
105,18,50,7,1.7,0.15104166666666666,0.39999999999999997,3.2
106,18,59,1,1.75,0.0390625,0.39999999999999997,3.2
107,18,57,1,1.75,0.0546875,0.39999999999999997,3.2
108,19,54,3,1.7894736842105263,0.09114583333333331,0.4823763889427201,3.3684210526315788
109,18,57,2,1.75,0.06770833333333333,0.39999999999999997,3.2
110,18,56,2,1.75,0.06770833333333333,0.39999999999999997,3.2
111,19,54,2,1.7894736842105263,0.08854166666666666,0.48237638894272,3.3684210526315788
112,20,60,1,1.7777777777777777,0.033854166666666664,0.49690399499995325,3.5555555555555554
113,18,60,2,1.75,0.044270833333333336,0.39999999999999997,3.2
114,17,59,1,1.7142857142857142,0.041666666666666664,0.21295885499997994,3.0476190476190474
115,18,55,5,1.75,0.1015625,0.39999999999999997,3.2
116,18,57,4,1.75,0.08072916666666667,0.39999999999999997,3.2
117,18,54,2,1.75,0.0859375,0.39999999999999997,3.2
118,18,51,6,1.75,0.13802083333333331,0.39999999999999997,3.2
119,18,51,4,1.75,0.11979166666666666,0.39999999999999997,3.2
120,18,52,3,1.75,0.10416666666666666,0.39999999999999997,3.2
121,18,58,4,1.75,0.07552083333333333,0.39999999999999997,3.2
122,18,55,2,1.75,0.078125,0.39999999999999997,3.2
123,18,56,1,1.75,0.06510416666666667,0.39999999999999997,3.2
124,17,57,1,1.7142857142857142,0.05729166666666666,0.21295885499997994,3.0476190476190474
125,17,57,3,1.7142857142857142,0.07291666666666667,0.21295885499997994,3.0476190476190474
126,17,58,2,1.6666666666666667,0.05989583333333333,0.21295885499997994,3.0476190476190474
127,19,59,1,1.7894736842105263,0.0390625,0.4823763889427201,3.3684210526315788
128,18,56,4,1.75,0.09114583333333333,0.39999999999999997,3.2
129,18,54,3,1.75,0.09895833333333333,0.39999999999999997,3.2
130,17,60,2,1.7142857142857142,0.046875,0.21295885499997994,3.0476190476190474
131,18,55,4,1.75,0.09114583333333333,0.39999999999999997,3.2
132,17,56,5,1.7142857142857142,0.09895833333333334,0.21295885499997994,3.0476190476190474
133,17,51,6,1.7142857142857142,0.13541666666666666,0.21295885499997994,3.0476190476190474
134,18,54,6,1.75,0.125,0.39999999999999997,3.2
135,18,55,4,1.75,0.09114583333333333,0.39999999999999997,3.2
136,17,59,1,1.6666666666666667,0.04427083333333333,0.21295885499997994,3.0476190476190474
137,18,56,2,1.75,0.07291666666666666,0.39999999999999997,3.2
138,17,58,1,1.7142857142857142,0.05208333333333333,0.21295885499997994,3.0476190476190474
139,20,50,6,1.8333333333333333,0.14322916666666666,0.49690399499995325,3.5555555555555554
140,19,53,5,1.7894736842105263,0.11979166666666666,0.4823763889427201,3.3684210526315788
141,19,53,8,1.7894736842105263,0.14583333333333334,0.48237638894272,3.3684210526315788
142,18,54,8,1.7,0.1322751322751323,0.47696960070847283,3.15
143,19,55,3,1.736842105263158,0.082010582010582,0.5668594533825794,3.3157894736842106
144,18,50,5,1.7,0.14285714285714285,0.47696960070847283,3.15
145,18,56,3,1.75,0.08333333333333333,0.39999999999999997,3.2
146,18,54,2,1.75,0.08072916666666667,0.39999999999999997,3.2
147,17,50,8,1.7142857142857142,0.15885416666666666,0.21295885499997994,3.0476190476190474
148,18,53,7,1.75,0.13802083333333331,0.39999999999999997,3.2
149,18,55,2,1.75,0.08072916666666666,0.39999999999999997,3.2
150,17,52,1,1.7142857142857142,0.09114583333333333,0.21295885499997994,3.0476190476190474
151,18,55,4,1.75,0.09375,0.39999999999999997,3.2
152,17,56,7,1.7142857142857142,0.11458333333333333,0.21295885499997994,3.0476190476190474
153,18,52,3,1.75,0.11197916666666666,0.39999999999999997,3.2
154,18,54,4,1.75,0.09895833333333333,0.39999999999999997,3.2
155,18,54,4,1.7,0.10677083333333333,0.39999999999999997,3.2
156,20,54,5,1.8333333333333333,0.11458333333333333,0.49690399499995325,3.5555555555555554
157,18,54,4,1.75,0.10156249999999999,0.39999999999999997,3.2
158,17,53,4,1.7142857142857142,0.11197916666666666,0.21295885499997994,3.0476190476190474
159,18,52,5,1.7,0.125,0.39999999999999997,3.2
160,18,52,5,1.75,0.12499999999999999,0.39999999999999997,3.2
161,17,53,4,1.7142857142857142,0.10677083333333331,0.21295885499997994,3.0476190476190474
162,18,54,5,1.75,0.11458333333333333,0.39999999999999997,3.2
163,17,51,5,1.7142857142857142,0.1328125,0.21295885499997994,3.0476190476190474
164,17,54,5,1.6666666666666667,0.10582010582010581,0.3086066999241838,3.0
165,18,52,7,1.65,0.14583333333333331,0.39999999999999997,3.2
166,17,53,5,1.6666666666666667,0.11718749999999999,0.21295885499997994,3.0476190476190474
167,18,47,9,1.75,0.1953125,0.39999999999999997,3.2
168,18,52,5,1.75,0.12760416666666666,0.39999999999999997,3.2
169,18,53,4,1.75,0.1015625,0.39999999999999997,3.2
170,17,49,9,1.7142857142857142,0.1796875,0.21295885499997994,3.0476190476190474
171,19,52,6,1.7894736842105263,0.140625,0.4823763889427201,3.3684210526315788
172,18,51,9,1.75,0.16927083333333331,0.39999999999999997,3.2
173,17,48,7,1.7142857142857142,0.16666666666666666,0.21295885499997994,3.0476190476190474
174,19,51,4,1.7894736842105263,0.125,0.4823763889427201,3.3684210526315788
175,19,50,8,1.7894736842105263,0.1640625,0.48237638894272,3.3684210526315788
176,18,50,8,1.75,0.16145833333333331,0.39999999999999997,3.2
177,18,52,5,1.7,0.13020833333333331,0.39999999999999997,3.2
178,18,49,3,1.75,0.12760416666666666,0.39999999999999997,3.2
179,19,52,4,1.7894736842105263,0.1171875,0.4823763889427201,3.3684210526315788
180,18,50,7,1.75,0.15885416666666666,0.39999999999999997,3.2
181,17,52,8,1.7142857142857142,0.15364583333333331,0.21295885499997994,3.0476190476190474
182,19,57,4,1.7894736842105263,0.0859375,0.48237638894272,3.3684210526315788
183,18,46,11,1.75,0.21614583333333331,0.39999999999999997,3.2
184,20,51,6,1.8333333333333333,0.140625,0.49690399499995325,3.5555555555555554
185,18,50,7,1.75,0.15364583333333331,0.39999999999999997,3.2
186,18,49,9,1.75,0.18229166666666666,0.39999999999999997,3.2
187,18,54,5,1.75,0.11458333333333333,0.39999999999999997,3.2
188,19,49,8,1.7894736842105263,0.17708333333333331,0.4823763889427201,3.3684210526315788
189,17,51,8,1.7142857142857142,0.16145833333333331,0.21295885499997994,3.0476190476190474
190,19,48,10,1.7894736842105263,0.19791666666666669,0.4823763889427201,3.3684210526315788
191,18,54,5,1.75,0.10937499999999999,0.39999999999999997,3.2
192,18,57,2,1.75,0.06770833333333333,0.39999999999999997,3.2
193,18,50,7,1.75,0.15625,0.39999999999999997,3.2
194,18,50,6,1.75,0.14583333333333331,0.39999999999999997,3.2
195,19,46,8,1.736842105263158,0.1931216931216931,0.5668594533825794,3.3157894736842106
196,17,53,8,1.7142857142857142,0.14583333333333331,0.21295885499997994,3.0476190476190474
197,18,48,8,1.75,0.1796875,0.39999999999999997,3.2
198,19,50,9,1.7894736842105263,0.17447916666666666,0.48237638894272,3.3684210526315788
199,17,45,10,1.7142857142857142,0.22135416666666666,0.21295885499997994,3.0476190476190474
200,18,51,5,1.75,0.13802083333333331,0.39999999999999997,3.2
201,18,52,9,1.75,0.16145833333333334,0.39999999999999997,3.2
202,17,55,4,1.6666666666666667,0.09635416666666666,0.21295885499997994,3.0476190476190474
203,19,49,9,1.7894736842105263,0.1796875,0.4823763889427201,3.3684210526315788
204,19,48,10,1.7894736842105263,0.19791666666666666,0.4823763889427201,3.3684210526315788
205,18,48,7,1.75,0.16666666666666666,0.39999999999999997,3.2
206,18,47,8,1.75,0.19270833333333331,0.39999999999999997,3.2
207,18,51,8,1.75,0.15885416666666669,0.39999999999999997,3.2
208,18,52,7,1.75,0.14583333333333331,0.39999999999999997,3.2
209,17,48,9,1.7142857142857142,0.1875,0.21295885499997994,3.0476190476190474
210,18,44,11,1.75,0.23958333333333331,0.39999999999999997,3.2
211,17,47,8,1.7142857142857142,0.1875,0.21295885499997994,3.0476190476190474
212,18,52,6,1.75,0.1328125,0.39999999999999997,3.2
213,17,46,11,1.7142857142857142,0.22135416666666666,0.21295885499997994,3.0476190476190474
214,18,50,10,1.75,0.18229166666666666,0.39999999999999997,3.2
215,19,44,14,1.7894736842105263,0.2630208333333333,0.4823763889427201,3.3684210526315788
216,18,46,7,1.75,0.18229166666666666,0.39999999999999997,3.2
217,17,46,15,1.7142857142857142,0.2552083333333333,0.21295885499997994,3.0476190476190474
218,18,49,8,1.75,0.17447916666666666,0.39999999999999997,3.2
219,19,49,10,1.7894736842105263,0.19010416666666669,0.4823763889427201,3.3684210526315788
220,19,46,7,1.7894736842105263,0.19010416666666666,0.48237638894272,3.3684210526315788
221,17,44,9,1.6666666666666667,0.21164021164021168,0.3086066999241838,3.0
222,18,44,9,1.75,0.21614583333333331,0.39999999999999997,3.2
223,17,45,8,1.6666666666666667,0.20052083333333334,0.21295885499997994,3.0476190476190474
224,17,52,6,1.7142857142857142,0.13020833333333331,0.21295885499997994,3.0476190476190474
225,18,49,8,1.75,0.1640625,0.39999999999999997,3.2
226,19,47,9,1.7894736842105263,0.203125,0.4823763889427201,3.3684210526315788
227,18,46,9,1.75,0.203125,0.39999999999999997,3.2
228,18,47,12,1.75,0.21875,0.39999999999999997,3.2
229,17,44,12,1.7142857142857142,0.24479166666666669,0.21295885499997994,3.0476190476190474
230,19,48,8,1.7894736842105263,0.18489583333333331,0.4823763889427201,3.3684210526315788
231,18,47,11,1.75,0.21614583333333334,0.39999999999999997,3.2
232,18,45,11,1.75,0.23177083333333331,0.39999999999999997,3.2
233,18,46,8,1.75,0.1953125,0.39999999999999997,3.2
234,17,46,7,1.7142857142857142,0.18489583333333331,0.21295885499997994,3.0476190476190474
235,17,46,10,1.7142857142857142,0.21614583333333331,0.21295885499997994,3.0476190476190474
236,19,47,7,1.7894736842105263,0.17708333333333331,0.4823763889427201,3.3684210526315788
237,17,48,8,1.7142857142857142,0.18489583333333334,0.21295885499997994,3.0476190476190474
238,18,46,11,1.75,0.21614583333333331,0.39999999999999997,3.2
239,17,46,11,1.7142857142857142,0.21874999999999997,0.21295885499997994,3.0476190476190474
240,17,46,9,1.7142857142857142,0.20052083333333331,0.21295885499997994,3.0476190476190474
241,18,45,10,1.75,0.22135416666666666,0.39999999999999997,3.2
242,19,46,11,1.7894736842105263,0.21614583333333331,0.48237638894272,3.3684210526315788
243,18,47,10,1.75,0.20052083333333331,0.39999999999999997,3.2
244,18,49,12,1.75,0.2109375,0.39999999999999997,3.2
245,19,46,10,1.7894736842105263,0.2109375,0.48237638894272,3.3684210526315788
246,19,44,13,1.736842105263158,0.25260416666666663,0.4823763889427201,3.3684210526315788
247,17,45,11,1.7142857142857142,0.2265625,0.21295885499997994,3.0476190476190474
248,19,43,10,1.7894736842105263,0.23697916666666663,0.4823763889427201,3.3684210526315788
249,18,48,8,1.75,0.1796875,0.39999999999999997,3.2
250,20,45,13,1.8333333333333333,0.24479166666666666,0.49690399499995325,3.5555555555555554
251,18,45,8,1.75,0.1953125,0.39999999999999997,3.2
252,18,42,10,1.65,0.24074074074074073,0.47696960070847283,3.15
253,18,46,14,1.75,0.25,0.39999999999999997,3.2
254,18,41,10,1.75,0.2526041666666667,0.39999999999999997,3.2
255,18,50,7,1.75,0.15625,0.39999999999999997,3.2
256,18,45,11,1.75,0.2265625,0.39999999999999997,3.2
257,18,41,11,1.75,0.2578125,0.39999999999999997,3.2
258,18,47,9,1.75,0.19010416666666666,0.39999999999999997,3.2
259,18,49,9,1.75,0.1875,0.39999999999999997,3.2
260,18,46,12,1.7,0.2222222222222222,0.47696960070847283,3.15
261,19,45,11,1.7894736842105263,0.22656249999999997,0.4823763889427201,3.3684210526315788
262,18,42,12,1.75,0.26041666666666663,0.39999999999999997,3.2
263,18,43,14,1.75,0.265625,0.39999999999999997,3.2
264,18,46,13,1.75,0.23958333333333331,0.39999999999999997,3.2
265,19,42,13,1.7894736842105263,0.2682291666666667,0.48237638894272,3.3684210526315788
266,17,43,13,1.6666666666666667,0.2630208333333333,0.21295885499997994,3.0476190476190474
267,19,42,15,1.736842105263158,0.283068783068783,0.5668594533825794,3.3157894736842106
268,18,43,15,1.75,0.2786458333333333,0.39999999999999997,3.2
269,18,44,9,1.75,0.21354166666666666,0.39999999999999997,3.2
270,18,45,14,1.75,0.25260416666666663,0.39999999999999997,3.2
271,18,44,12,1.75,0.2421875,0.39999999999999997,3.2
272,17,43,12,1.7142857142857142,0.24479166666666666,0.21295885499997994,3.0476190476190474
273,18,42,13,1.75,0.265625,0.39999999999999997,3.2
274,19,46,12,1.7894736842105263,0.22916666666666669,0.4823763889427201,3.3684210526315788
275,17,41,13,1.7142857142857142,0.2734375,0.21295885499997994,3.0476190476190474
276,18,43,15,1.7,0.28125,0.39999999999999997,3.2
277,18,44,11,1.75,0.23697916666666669,0.39999999999999997,3.2
278,17,41,12,1.7142857142857142,0.2682291666666667,0.21295885499997994,3.0476190476190474
279,19,40,14,1.7894736842105263,0.2864583333333333,0.4823763889427201,3.3684210526315788
280,19,39,13,1.736842105263158,0.29166666666666663,0.4823763889427201,3.3684210526315788
281,18,40,15,1.75,0.2994791666666667,0.39999999999999997,3.2
282,18,39,17,1.75,0.3255208333333333,0.39999999999999997,3.2
283,18,41,17,1.75,0.3125,0.39999999999999997,3.2
284,17,42,12,1.7142857142857142,0.2630208333333333,0.21295885499997994,3.0476190476190474
285,19,41,12,1.7894736842105263,0.265625,0.4823763889427201,3.3684210526315788
286,18,38,13,1.7,0.291005291005291,0.47696960070847283,3.15
287,17,47,10,1.7142857142857142,0.20833333333333331,0.21295885499997994,3.0476190476190474
288,19,37,15,1.7894736842105263,0.3255208333333333,0.4823763889427201,3.3684210526315788
289,19,41,10,1.7894736842105263,0.24739583333333331,0.4823763889427201,3.3684210526315788
290,18,44,15,1.75,0.2734375,0.39999999999999997,3.2
291,18,37,16,1.75,0.328125,0.39999999999999997,3.2
292,19,39,15,1.7894736842105263,0.30729166666666663,0.48237638894272,3.3684210526315788
293,18,43,17,1.75,0.296875,0.39999999999999997,3.2
294,18,43,14,1.75,0.265625,0.39999999999999997,3.2
295,18,40,18,1.7,0.32552083333333337,0.39999999999999997,3.2
296,17,46,11,1.7142857142857142,0.22395833333333331,0.21295885499997994,3.0476190476190474
297,19,44,14,1.7894736842105263,0.26302083333333337,0.4823763889427201,3.3684210526315788
298,17,38,15,1.7142857142857142,0.31510416666666663,0.21295885499997994,3.0476190476190474
299,18,40,13,1.7,0.2804232804232804,0.47696960070847283,3.15
300,18,39,13,1.75,0.29166666666666663,0.39999999999999997,3.2
301,18,41,15,1.75,0.2890625,0.39999999999999997,3.2
302,17,40,16,1.7142857142857142,0.3098958333333333,0.21295885499997994,3.0476190476190474
303,18,44,14,1.75,0.265625,0.39999999999999997,3.2
304,19,42,16,1.7894736842105263,0.29427083333333337,0.4823763889427201,3.3684210526315788
305,17,44,14,1.7142857142857142,0.26302083333333337,0.21295885499997994,3.0476190476190474
306,19,45,12,1.7894736842105263,0.23697916666666663,0.48237638894272,3.3684210526315788
307,18,42,14,1.75,0.2786458333333333,0.39999999999999997,3.2
308,17,40,13,1.7142857142857142,0.28385416666666663,0.21295885499997994,3.0476190476190474
309,19,41,17,1.736842105263158,0.3125,0.4823763889427201,3.3684210526315788
310,18,38,15,1.7,0.30952380952380953,0.47696960070847283,3.15
311,18,39,19,1.75,0.3411458333333333,0.39999999999999997,3.2
312,19,42,13,1.736842105263158,0.2708333333333333,0.4823763889427201,3.3684210526315788
313,18,42,14,1.75,0.27604166666666663,0.39999999999999997,3.2
314,19,39,15,1.7894736842105263,0.30989583333333337,0.4823763889427201,3.3684210526315788
315,18,38,15,1.7,0.3177083333333333,0.39999999999999997,3.2
316,18,42,16,1.75,0.29166666666666663,0.39999999999999997,3.2
317,18,37,17,1.7,0.34375,0.39999999999999997,3.2
318,19,38,16,1.7894736842105263,0.3255208333333333,0.4823763889427201,3.3684210526315788
319,17,43,13,1.7142857142857142,0.265625,0.21295885499997994,3.0476190476190474
320,18,39,15,1.75,0.30989583333333337,0.39999999999999997,3.2
321,18,34,16,1.7,0.3412698412698413,0.47696960070847283,3.15
322,18,36,19,1.75,0.3619791666666667,0.39999999999999997,3.2
323,19,40,18,1.7894736842105263,0.3255208333333333,0.4823763889427201,3.3684210526315788
324,19,38,15,1.7894736842105263,0.31770833333333337,0.4823763889427201,3.3684210526315788
325,19,39,16,1.7894736842105263,0.3151041666666667,0.4823763889427201,3.3684210526315788
326,20,37,16,1.8333333333333333,0.33072916666666663,0.49690399499995325,3.5555555555555554
327,19,34,16,1.7894736842105263,0.34895833333333337,0.4823763889427201,3.3684210526315788
328,18,36,18,1.75,0.3515625,0.39999999999999997,3.2
329,19,38,16,1.7894736842105263,0.3255208333333333,0.4823763889427201,3.3684210526315788
330,18,39,16,1.75,0.3125,0.39999999999999997,3.2
331,19,37,17,1.7894736842105263,0.34114583333333337,0.4823763889427201,3.3684210526315788
332,19,41,14,1.7894736842105263,0.28645833333333337,0.4823763889427201,3.3684210526315788
333,19,41,18,1.736842105263158,0.3203125,0.4823763889427201,3.3684210526315788
334,18,37,17,1.75,0.33854166666666663,0.39999999999999997,3.2
335,18,38,14,1.75,0.3046875,0.39999999999999997,3.2
336,19,34,17,1.7894736842105263,0.35677083333333337,0.48237638894272,3.3684210526315788
337,18,38,17,1.75,0.328125,0.39999999999999997,3.2
338,18,40,16,1.75,0.3072916666666667,0.39999999999999997,3.2
339,18,45,14,1.75,0.2578125,0.39999999999999997,3.2
340,19,41,17,1.736842105263158,0.30952380952380953,0.5668594533825794,3.3157894736842106
341,18,44,16,1.75,0.28125,0.39999999999999997,3.2
342,18,36,17,1.7,0.34635416666666663,0.39999999999999997,3.2
343,18,39,17,1.7,0.3255208333333333,0.39999999999999997,3.2
344,19,34,16,1.7894736842105263,0.34635416666666663,0.4823763889427201,3.3684210526315788
345,19,40,16,1.736842105263158,0.3098958333333333,0.4823763889427201,3.3684210526315788
346,18,39,17,1.75,0.3203125,0.39999999999999997,3.2
347,19,40,17,1.736842105263158,0.3203125,0.4823763889427201,3.3684210526315788
348,18,38,17,1.75,0.33072916666666663,0.39999999999999997,3.2
349,19,37,20,1.7894736842105263,0.3671875,0.4823763889427201,3.3684210526315788
350,19,38,20,1.736842105263158,0.35677083333333337,0.4823763889427201,3.3684210526315788
351,18,39,16,1.75,0.31770833333333337,0.39999999999999997,3.2
352,18,38,19,1.65,0.3492063492063492,0.47696960070847283,3.15
353,19,39,16,1.7894736842105263,0.3177083333333333,0.4823763889427201,3.3684210526315788
354,19,40,16,1.736842105263158,0.3098958333333333,0.48237638894272,3.3684210526315788
355,18,35,16,1.75,0.34114583333333337,0.39999999999999997,3.2
356,18,42,15,1.75,0.2864583333333333,0.39999999999999997,3.2
357,19,42,14,1.7894736842105263,0.28125,0.4823763889427201,3.3684210526315788
358,19,36,18,1.7894736842105263,0.35416666666666663,0.4823763889427201,3.3684210526315788
359,20,38,17,1.8333333333333333,0.3333333333333333,0.49690399499995325,3.5555555555555554
360,18,38,18,1.75,0.3385416666666667,0.39999999999999997,3.2
361,18,41,17,1.75,0.30989583333333337,0.39999999999999997,3.2
362,18,38,17,1.75,0.33072916666666663,0.39999999999999997,3.2
363,18,40,15,1.75,0.3020833333333333,0.39999999999999997,3.2
364,18,38,16,1.75,0.3151041666666667,0.39999999999999997,3.2
365,20,32,16,1.8333333333333333,0.36979166666666663,0.49690399499995325,3.5555555555555554
366,19,41,15,1.7894736842105263,0.2942708333333333,0.4823763889427201,3.3684210526315788
367,19,40,17,1.736842105263158,0.31770833333333337,0.4823763889427201,3.3684210526315788
368,19,37,17,1.7894736842105263,0.3411458333333333,0.4823763889427201,3.3684210526315788
369,19,39,18,1.736842105263158,0.3333333333333333,0.4823763889427201,3.3684210526315788
370,18,35,17,1.75,0.3515625,0.39999999999999997,3.2
371,18,37,15,1.75,0.31770833333333337,0.39999999999999997,3.2
372,18,36,20,1.7,0.3697916666666667,0.39999999999999997,3.2
373,18,34,21,1.7,0.3932291666666667,0.39999999999999997,3.2
374,18,38,18,1.75,0.34375,0.39999999999999997,3.2
375,19,38,15,1.736842105263158,0.3125,0.4823763889427201,3.3684210526315788
376,19,35,19,1.7894736842105263,0.37239583333333337,0.48237638894272,3.3684210526315788
377,18,33,18,1.75,0.3697916666666667,0.39999999999999997,3.2
378,19,39,15,1.736842105263158,0.30729166666666663,0.4823763889427201,3.3684210526315788
379,18,40,17,1.7,0.31770833333333337,0.39999999999999997,3.2
380,18,40,16,1.75,0.3125,0.39999999999999997,3.2
381,17,39,17,1.7142857142857142,0.328125,0.21295885499997994,3.0476190476190474
382,20,38,17,1.7777777777777777,0.3333333333333333,0.6009252125773316,3.5
383,18,38,19,1.7,0.34895833333333337,0.39999999999999997,3.2
384,18,35,17,1.7,0.3518518518518518,0.47696960070847283,3.15
385,18,39,17,1.75,0.328125,0.39999999999999997,3.2
386,18,40,16,1.75,0.3046875,0.39999999999999997,3.2
387,18,35,16,1.75,0.34635416666666663,0.39999999999999997,3.2
388,19,39,16,1.736842105263158,0.31510416666666663,0.4823763889427201,3.3684210526315788
389,18,35,16,1.75,0.34375,0.39999999999999997,3.2
390,18,38,15,1.7,0.31510416666666663,0.39999999999999997,3.2
391,18,36,18,1.7,0.35677083333333337,0.39999999999999997,3.2
392,18,37,17,1.75,0.33854166666666663,0.39999999999999997,3.2
393,19,36,19,1.736842105263158,0.3671875,0.4823763889427201,3.3684210526315788
394,18,39,15,1.7,0.3098958333333333,0.39999999999999997,3.2
395,18,37,19,1.7,0.359375,0.39999999999999997,3.2
396,18,38,19,1.7,0.3489583333333333,0.39999999999999997,3.2
397,19,37,19,1.736842105263158,0.35677083333333337,0.48237638894272,3.3684210526315788
398,19,37,16,1.7894736842105263,0.32552083333333337,0.48237638894272,3.3684210526315788
399,20,35,17,1.7777777777777777,0.3515625,0.49690399499995325,3.5555555555555554
400,19,39,18,1.7894736842105263,0.3359375,0.48237638894272,3.3684210526315788
401,19,41,15,1.736842105263158,0.291005291005291,0.5668594533825794,3.3157894736842106
402,19,41,16,1.7894736842105263,0.30208333333333337,0.4823763889427201,3.3684210526315788
403,19,36,16,1.7894736842105263,0.3359375,0.4823763889427201,3.3684210526315788
404,18,36,20,1.7,0.3697916666666667,0.39999999999999997,3.2
405,19,41,13,1.7894736842105263,0.2786458333333333,0.4823763889427201,3.3684210526315788
406,18,37,18,1.75,0.3489583333333333,0.39999999999999997,3.2
407,18,36,17,1.75,0.3463541666666667,0.39999999999999997,3.2
408,20,34,19,1.7777777777777777,0.38095238095238093,0.6009252125773316,3.5
409,19,38,18,1.736842105263158,0.34375,0.4823763889427201,3.3684210526315788
410,18,34,19,1.7,0.3828125,0.39999999999999997,3.2
411,18,33,20,1.7,0.3932291666666667,0.39999999999999997,3.2
412,18,36,17,1.7,0.3463541666666667,0.39999999999999997,3.2
413,18,40,13,1.75,0.2864583333333333,0.39999999999999997,3.2
414,18,39,13,1.7,0.291005291005291,0.47696960070847283,3.15
415,19,34,18,1.6842105263157894,0.36772486772486773,0.5668594533825794,3.3157894736842106
416,19,45,15,1.7894736842105263,0.26302083333333337,0.4823763889427201,3.3684210526315788
417,19,38,15,1.7894736842105263,0.3177083333333333,0.4823763889427201,3.3684210526315788
418,18,37,18,1.7,0.3489583333333333,0.39999999999999997,3.2
419,18,40,17,1.75,0.31770833333333337,0.39999999999999997,3.2
420,19,40,16,1.7894736842105263,0.3125,0.4823763889427201,3.3684210526315788
421,19,37,15,1.736842105263158,0.328125,0.4823763889427201,3.3684210526315788
422,19,36,16,1.736842105263158,0.3359375,0.4823763889427201,3.3684210526315788
423,18,35,19,1.7,0.36979166666666663,0.39999999999999997,3.2
424,19,35,20,1.736842105263158,0.38020833333333337,0.48237638894272,3.3684210526315788
425,19,37,18,1.7894736842105263,0.34635416666666663,0.4823763889427201,3.3684210526315788
426,19,38,19,1.736842105263158,0.3515625,0.4823763889427201,3.3684210526315788
427,19,40,14,1.736842105263158,0.2916666666666667,0.4823763889427201,3.3684210526315788
428,18,33,19,1.75,0.3802083333333333,0.39999999999999997,3.2
429,18,36,19,1.65,0.36243386243386244,0.47696960070847283,3.15
430,19,36,17,1.736842105263158,0.34375,0.4823763889427201,3.3684210526315788
431,19,36,18,1.736842105263158,0.359375,0.48237638894272,3.3684210526315788
432,18,34,20,1.7,0.38541666666666663,0.39999999999999997,3.2
433,18,36,15,1.7,0.328125,0.39999999999999997,3.2
434,19,38,18,1.736842105263158,0.34114583333333337,0.4823763889427201,3.3684210526315788
435,19,32,21,1.736842105263158,0.40885416666666663,0.4823763889427201,3.3684210526315788
436,18,39,18,1.7,0.3333333333333333,0.39999999999999997,3.2
437,19,39,18,1.7894736842105263,0.3359375,0.4823763889427201,3.3684210526315788
438,18,35,18,1.7,0.3619791666666667,0.39999999999999997,3.2
439,18,35,18,1.7,0.359375,0.39999999999999997,3.2
440,18,36,18,1.7,0.35677083333333337,0.39999999999999997,3.2
441,18,34,20,1.7,0.3776041666666667,0.39999999999999997,3.2
442,18,33,19,1.65,0.3862433862433862,0.47696960070847283,3.15
443,19,37,18,1.736842105263158,0.3515625,0.4823763889427201,3.3684210526315788
444,18,37,19,1.7,0.35677083333333337,0.39999999999999997,3.2
445,18,37,18,1.7,0.3515625,0.39999999999999997,3.2
446,18,32,17,1.75,0.36979166666666663,0.39999999999999997,3.2
447,18,39,16,1.7,0.31510416666666663,0.39999999999999997,3.2
448,18,34,19,1.7,0.37760416666666663,0.39999999999999997,3.2
449,18,38,19,1.7,0.3463541666666667,0.39999999999999997,3.2
450,19,36,19,1.736842105263158,0.3671875,0.4823763889427201,3.3684210526315788
451,19,34,17,1.736842105263158,0.36458333333333337,0.4823763889427201,3.3684210526315788
452,18,35,19,1.7,0.3697916666666667,0.39999999999999997,3.2
453,18,38,19,1.7,0.3463541666666667,0.39999999999999997,3.2
454,18,34,19,1.7,0.38020833333333337,0.39999999999999997,3.2
455,19,34,20,1.736842105263158,0.390625,0.48237638894272,3.3684210526315788
456,18,35,18,1.75,0.359375,0.39999999999999997,3.2
457,18,38,17,1.65,0.33068783068783075,0.47696960070847283,3.15
458,18,35,22,1.7,0.3984375,0.39999999999999997,3.2
459,19,39,18,1.736842105263158,0.3359375,0.4823763889427201,3.3684210526315788
460,18,40,16,1.7,0.3125,0.39999999999999997,3.2
461,18,35,18,1.7,0.359375,0.39999999999999997,3.2
462,19,39,16,1.736842105263158,0.3203125,0.4823763889427201,3.3684210526315788
463,19,31,21,1.736842105263158,0.41666666666666663,0.48237638894272,3.3684210526315788
464,19,34,18,1.736842105263158,0.36979166666666663,0.4823763889427201,3.3684210526315788
465,19,31,21,1.736842105263158,0.4192708333333333,0.4823763889427201,3.3684210526315788
466,19,34,21,1.6842105263157894,0.3968253968253968,0.5668594533825794,3.3157894736842106
467,19,33,20,1.736842105263158,0.3958333333333333,0.48237638894272,3.3684210526315788
468,17,39,17,1.6666666666666667,0.3229166666666667,0.21295885499997994,3.0476190476190474
469,18,35,21,1.7,0.38802083333333337,0.39999999999999997,3.2
470,18,35,21,1.7,0.390625,0.39999999999999997,3.2
471,20,39,19,1.7777777777777777,0.34375,0.49690399499995325,3.5555555555555554
472,19,35,21,1.736842105263158,0.38802083333333337,0.4823763889427201,3.3684210526315788
473,19,35,19,1.736842105263158,0.3723958333333333,0.4823763889427201,3.3684210526315788
474,19,34,20,1.7894736842105263,0.38802083333333337,0.4823763889427201,3.3684210526315788
475,19,34,20,1.736842105263158,0.3854166666666667,0.4823763889427201,3.3684210526315788
476,18,34,21,1.7,0.3958333333333333,0.39999999999999997,3.2
477,18,32,18,1.75,0.38020833333333337,0.39999999999999997,3.2
478,18,34,20,1.7,0.3880208333333333,0.39999999999999997,3.2
479,19,36,18,1.736842105263158,0.35416666666666663,0.4823763889427201,3.3684210526315788
480,19,32,18,1.736842105263158,0.38020833333333337,0.4823763889427201,3.3684210526315788
481,19,33,21,1.736842105263158,0.40364583333333337,0.4823763889427201,3.3684210526315788
482,19,34,21,1.736842105263158,0.39583333333333337,0.4823763889427201,3.3684210526315788
483,19,36,18,1.736842105263158,0.35677083333333337,0.4823763889427201,3.3684210526315788
484,18,39,18,1.7,0.33333333333333337,0.39999999999999997,3.2
485,20,35,21,1.7777777777777777,0.390625,0.49690399499995325,3.5555555555555554
486,19,37,16,1.736842105263158,0.328125,0.4823763889427201,3.3684210526315788
487,18,32,22,1.7,0.4166666666666667,0.39999999999999997,3.2
488,19,33,20,1.736842105263158,0.3932291666666667,0.4823763889427201,3.3684210526315788
489,19,33,22,1.736842105263158,0.41145833333333337,0.4823763889427201,3.3684210526315788
490,18,31,21,1.7,0.4166666666666667,0.39999999999999997,3.2
491,19,35,19,1.736842105263158,0.3671875,0.4823763889427201,3.3684210526315788
492,18,41,16,1.7,0.3020833333333333,0.39999999999999997,3.2
493,19,34,21,1.736842105263158,0.39322916666666663,0.4823763889427201,3.3684210526315788
494,18,35,22,1.7,0.39583333333333337,0.39999999999999997,3.2
495,18,34,20,1.7,0.38020833333333337,0.39999999999999997,3.2
496,19,33,20,1.736842105263158,0.39583333333333337,0.4823763889427201,3.3684210526315788
497,18,35,18,1.7,0.3619791666666667,0.39999999999999997,3.2
498,19,31,20,1.736842105263158,0.40625,0.4823763889427201,3.3684210526315788
499,18,36,20,1.7,0.375,0.39999999999999997,3.2
500,19,27,24,1.736842105263158,0.47135416666666663,0.4823763889427201,3.3684210526315788
501,19,32,20,1.736842105263158,0.4036458333333333,0.4823763889427201,3.3684210526315788
502,18,31,21,1.7,0.41666666666666663,0.39999999999999997,3.2
503,19,33,19,1.736842105263158,0.3854166666666667,0.4823763889427201,3.3684210526315788
504,18,33,18,1.7,0.37239583333333337,0.39999999999999997,3.2
505,19,34,20,1.736842105263158,0.3854166666666667,0.4823763889427201,3.3684210526315788
506,19,33,22,1.736842105263158,0.41145833333333337,0.4823763889427201,3.3684210526315788
507,18,35,18,1.7,0.36458333333333337,0.39999999999999997,3.2
508,19,35,20,1.736842105263158,0.3776041666666667,0.4823763889427201,3.3684210526315788
509,19,36,17,1.736842105263158,0.34895833333333337,0.4823763889427201,3.3684210526315788
510,18,36,20,1.7,0.375,0.39999999999999997,3.2
511,19,37,19,1.736842105263158,0.35677083333333337,0.4823763889427201,3.3684210526315788
512,19,35,16,1.736842105263158,0.3489583333333333,0.4823763889427201,3.3684210526315788
513,17,40,14,1.7142857142857142,0.2890625,0.21295885499997994,3.0476190476190474
514,18,32,20,1.7,0.3984375,0.39999999999999997,3.2
515,19,36,19,1.736842105263158,0.36458333333333337,0.4823763889427201,3.3684210526315788
516,19,30,19,1.736842105263158,0.41145833333333337,0.4823763889427201,3.3684210526315788
517,18,36,19,1.7,0.359375,0.39999999999999997,3.2
518,18,33,20,1.7,0.39322916666666663,0.39999999999999997,3.2
519,19,28,22,1.6842105263157894,0.4470899470899471,0.5668594533825794,3.3157894736842106
520,19,30,22,1.736842105263158,0.43229166666666663,0.4823763889427201,3.3684210526315788
521,19,34,19,1.736842105263158,0.37760416666666663,0.4823763889427201,3.3684210526315788
522,19,33,20,1.736842105263158,0.39322916666666663,0.48237638894272,3.3684210526315788
523,17,41,14,1.7142857142857142,0.28385416666666663,0.21295885499997994,3.0476190476190474
524,18,32,21,1.7,0.40625,0.39999999999999997,3.2
525,18,33,18,1.7,0.3697916666666667,0.39999999999999997,3.2
526,19,35,19,1.736842105263158,0.375,0.48237638894272,3.3684210526315788
527,18,36,20,1.7,0.37239583333333337,0.39999999999999997,3.2
528,19,31,20,1.736842105263158,0.40625,0.4823763889427201,3.3684210526315788
529,18,34,21,1.7,0.3984375,0.39999999999999997,3.2
530,19,36,20,1.736842105263158,0.37239583333333337,0.4823763889427201,3.3684210526315788
531,18,35,21,1.65,0.3862433862433863,0.47696960070847283,3.15
532,18,29,23,1.7,0.4505208333333333,0.39999999999999997,3.2
533,19,35,19,1.6842105263157894,0.373015873015873,0.5668594533825794,3.3157894736842106
534,19,31,21,1.736842105263158,0.41927083333333337,0.48237638894272,3.3684210526315788
535,19,32,21,1.736842105263158,0.41145833333333337,0.48237638894272,3.3684210526315788
536,18,35,21,1.7,0.390625,0.39999999999999997,3.2
537,18,31,22,1.65,0.4232804232804233,0.47696960070847283,3.15
538,18,31,22,1.7,0.42447916666666663,0.39999999999999997,3.2
539,18,34,20,1.7,0.3854166666666667,0.39999999999999997,3.2
540,19,34,20,1.736842105263158,0.390625,0.4823763889427201,3.3684210526315788
541,18,35,19,1.65,0.3703703703703704,0.47696960070847283,3.15
542,18,31,20,1.7,0.4114583333333333,0.39999999999999997,3.2
543,18,34,23,1.7,0.4140625,0.39999999999999997,3.2
544,18,31,21,1.7,0.4192708333333333,0.39999999999999997,3.2
545,18,34,20,1.7,0.3854166666666667,0.39999999999999997,3.2
546,18,34,18,1.65,0.36507936507936506,0.47696960070847283,3.15
547,19,32,19,1.736842105263158,0.39322916666666663,0.48237638894272,3.3684210526315788
548,18,26,24,1.7,0.4713541666666667,0.39999999999999997,3.2
549,18,35,19,1.65,0.36979166666666663,0.39999999999999997,3.2
550,19,30,24,1.736842105263158,0.45052083333333337,0.4823763889427201,3.3684210526315788
551,19,33,22,1.736842105263158,0.40885416666666663,0.4823763889427201,3.3684210526315788
552,19,29,23,1.736842105263158,0.4505208333333333,0.48237638894272,3.3684210526315788
553,19,32,19,1.736842105263158,0.38802083333333337,0.4823763889427201,3.3684210526315788
554,18,29,23,1.7,0.453125,0.39999999999999997,3.2
555,19,32,19,1.736842105263158,0.3932291666666667,0.4823763889427201,3.3684210526315788
556,18,37,18,1.65,0.34391534391534395,0.47696960070847283,3.15
557,18,34,19,1.7,0.3802083333333333,0.39999999999999997,3.2
558,18,35,20,1.7,0.38020833333333337,0.39999999999999997,3.2
559,19,29,22,1.736842105263158,0.4401041666666667,0.4823763889427201,3.3684210526315788
560,19,33,18,1.6842105263157894,0.3756613756613757,0.5668594533825794,3.3157894736842106
561,19,33,21,1.736842105263158,0.4036458333333333,0.4823763889427201,3.3684210526315788
562,19,35,20,1.736842105263158,0.37760416666666663,0.4823763889427201,3.3684210526315788
563,19,33,24,1.736842105263158,0.4296875,0.4823763889427201,3.3684210526315788
564,19,34,20,1.736842105263158,0.390625,0.4823763889427201,3.3684210526315788
565,19,34,18,1.736842105263158,0.3671875,0.4823763889427201,3.3684210526315788
566,19,31,23,1.736842105263158,0.4296875,0.4823763889427201,3.3684210526315788
567,19,28,21,1.736842105263158,0.4427083333333333,0.4823763889427201,3.3684210526315788
568,18,28,22,1.7,0.44791666666666663,0.39999999999999997,3.2
569,19,34,21,1.736842105263158,0.3984375,0.4823763889427201,3.3684210526315788
570,19,33,20,1.736842105263158,0.3984375,0.48237638894272,3.3684210526315788
571,18,33,20,1.7,0.3932291666666667,0.39999999999999997,3.2
572,18,29,23,1.7,0.4505208333333333,0.39999999999999997,3.2
573,19,26,22,1.6842105263157894,0.4629629629629629,0.5668594533825794,3.3157894736842106
574,18,33,19,1.65,0.3888888888888889,0.47696960070847283,3.15
575,19,33,20,1.736842105263158,0.39583333333333337,0.4823763889427201,3.3684210526315788
576,19,34,20,1.736842105263158,0.38802083333333337,0.48237638894272,3.3684210526315788
577,19,29,22,1.736842105263158,0.44270833333333337,0.48237638894272,3.3684210526315788
578,18,32,18,1.7,0.3802083333333333,0.39999999999999997,3.2
579,18,31,22,1.7,0.4270833333333333,0.39999999999999997,3.2
580,19,30,21,1.736842105263158,0.421875,0.4823763889427201,3.3684210526315788
581,18,30,21,1.7,0.421875,0.39999999999999997,3.2
582,19,32,20,1.736842105263158,0.40625,0.4823763889427201,3.3684210526315788
583,19,31,21,1.736842105263158,0.4166666666666667,0.4823763889427201,3.3684210526315788
584,19,28,23,1.736842105263158,0.4583333333333333,0.4823763889427201,3.3684210526315788
585,19,29,22,1.736842105263158,0.4401041666666667,0.4823763889427201,3.3684210526315788
586,19,32,20,1.736842105263158,0.40625,0.4823763889427201,3.3684210526315788
587,19,32,20,1.736842105263158,0.40625,0.4823763889427201,3.3684210526315788
588,19,28,21,1.6842105263157894,0.4391534391534392,0.5668594533825794,3.3157894736842106
589,19,29,23,1.736842105263158,0.44791666666666663,0.4823763889427201,3.3684210526315788
590,19,29,22,1.736842105263158,0.4427083333333333,0.48237638894272,3.3684210526315788
591,18,29,21,1.7,0.43229166666666663,0.39999999999999997,3.2
592,18,26,21,1.65,0.455026455026455,0.47696960070847283,3.15
593,19,32,20,1.736842105263158,0.40104166666666663,0.4823763889427201,3.3684210526315788
594,19,25,23,1.6842105263157894,0.47619047619047616,0.5668594533825794,3.3157894736842106
595,18,28,21,1.7,0.4401041666666667,0.39999999999999997,3.2
596,18,28,24,1.7,0.46354166666666663,0.39999999999999997,3.2
597,19,28,25,1.736842105263158,0.4739583333333333,0.48237638894272,3.3684210526315788
598,19,32,20,1.6842105263157894,0.3994708994708994,0.5668594533825794,3.3157894736842106
599,18,30,22,1.7,0.4375,0.39999999999999997,3.2
600,18,26,24,1.7,0.47395833333333337,0.39999999999999997,3.2
601,19,31,21,1.736842105263158,0.4192708333333333,0.48237638894272,3.3684210526315788
602,18,31,22,1.7,0.42708333333333337,0.39999999999999997,3.2
603,19,33,18,1.736842105263158,0.3802083333333333,0.4823763889427201,3.3684210526315788
604,19,35,17,1.736842105263158,0.35416666666666663,0.4823763889427201,3.3684210526315788
605,19,29,21,1.736842105263158,0.4348958333333333,0.4823763889427201,3.3684210526315788
606,19,28,24,1.736842105263158,0.4661458333333333,0.4823763889427201,3.3684210526315788
607,18,31,22,1.65,0.42857142857142855,0.47696960070847283,3.15
608,18,33,19,1.7,0.38541666666666663,0.39999999999999997,3.2
609,19,32,20,1.736842105263158,0.4036458333333333,0.4823763889427201,3.3684210526315788
610,19,31,20,1.736842105263158,0.4114583333333333,0.4823763889427201,3.3684210526315788
611,18,27,22,1.7,0.453125,0.39999999999999997,3.2
612,18,29,23,1.7,0.4505208333333333,0.39999999999999997,3.2
613,18,30,22,1.7,0.4296875,0.39999999999999997,3.2
614,18,30,22,1.7,0.4348958333333333,0.39999999999999997,3.2
615,19,30,21,1.736842105263158,0.42708333333333337,0.4823763889427201,3.3684210526315788
616,19,27,24,1.736842105263158,0.47135416666666663,0.4823763889427201,3.3684210526315788
617,19,28,21,1.736842105263158,0.4427083333333333,0.48237638894272,3.3684210526315788
618,19,31,22,1.736842105263158,0.4270833333333333,0.4823763889427201,3.3684210526315788
619,19,30,22,1.736842105263158,0.4375,0.48237638894272,3.3684210526315788
620,19,28,21,1.736842105263158,0.4427083333333333,0.4823763889427201,3.3684210526315788
621,18,35,16,1.65,0.3439153439153439,0.47696960070847283,3.15
622,18,28,23,1.7,0.45572916666666663,0.39999999999999997,3.2
623,18,30,23,1.7,0.44270833333333337,0.39999999999999997,3.2
624,18,31,22,1.7,0.4270833333333333,0.39999999999999997,3.2
625,18,31,20,1.7,0.41145833333333337,0.39999999999999997,3.2
626,18,27,23,1.7,0.4609375,0.39999999999999997,3.2
627,19,33,21,1.736842105263158,0.4036458333333333,0.4823763889427201,3.3684210526315788
628,18,27,24,1.7,0.4739583333333333,0.39999999999999997,3.2
629,19,27,25,1.736842105263158,0.4765625,0.4823763889427201,3.3684210526315788
630,19,25,23,1.736842105263158,0.47395833333333337,0.48237638894272,3.3684210526315788
631,19,27,23,1.736842105263158,0.4609375,0.48237638894272,3.3684210526315788
632,18,30,21,1.7,0.42447916666666663,0.39999999999999997,3.2
633,19,32,19,1.736842105263158,0.3984375,0.4823763889427201,3.3684210526315788
634,18,28,23,1.7,0.453125,0.39999999999999997,3.2
635,19,29,23,1.736842105263158,0.44791666666666663,0.4823763889427201,3.3684210526315788
636,19,29,21,1.6842105263157894,0.43121693121693117,0.5668594533825794,3.3157894736842106
637,19,28,23,1.6842105263157894,0.4576719576719577,0.5668594533825794,3.3157894736842106
638,19,31,22,1.736842105263158,0.4296875,0.4823763889427201,3.3684210526315788
639,18,27,22,1.7,0.453125,0.39999999999999997,3.2
640,19,28,23,1.736842105263158,0.45572916666666663,0.48237638894272,3.3684210526315788
641,18,30,22,1.7,0.4322916666666667,0.39999999999999997,3.2
642,19,31,22,1.736842105263158,0.4270833333333333,0.4823763889427201,3.3684210526315788
643,19,31,22,1.6842105263157894,0.4232804232804233,0.5668594533825794,3.3157894736842106
644,18,33,19,1.7,0.3880208333333333,0.39999999999999997,3.2
645,18,28,21,1.7,0.4322916666666667,0.39999999999999997,3.2
646,18,27,22,1.65,0.44973544973544977,0.47696960070847283,3.15
647,19,27,23,1.736842105263158,0.4635416666666667,0.4823763889427201,3.3684210526315788
648,19,28,22,1.736842105263158,0.4453125,0.4823763889427201,3.3684210526315788
649,18,27,22,1.7,0.4479166666666667,0.39999999999999997,3.2
650,18,26,23,1.7,0.4739583333333333,0.39999999999999997,3.2
651,18,29,22,1.7,0.4401041666666667,0.39999999999999997,3.2
652,19,32,20,1.736842105263158,0.4036458333333333,0.4823763889427201,3.3684210526315788
653,19,36,20,1.736842105263158,0.37239583333333337,0.4823763889427201,3.3684210526315788
654,18,28,22,1.65,0.44708994708994704,0.47696960070847283,3.15
655,18,33,20,1.7,0.390625,0.39999999999999997,3.2
656,18,34,18,1.7,0.3723958333333333,0.39999999999999997,3.2
657,19,27,23,1.736842105263158,0.4635416666666667,0.48237638894272,3.3684210526315788
658,19,30,23,1.736842105263158,0.44010416666666663,0.4823763889427201,3.3684210526315788
659,18,30,22,1.7,0.4296875,0.39999999999999997,3.2
660,19,28,23,1.6842105263157894,0.45502645502645506,0.5668594533825794,3.3157894736842106
661,19,32,20,1.736842105263158,0.39583333333333337,0.4823763889427201,3.3684210526315788
662,19,31,21,1.736842105263158,0.4166666666666667,0.4823763889427201,3.3684210526315788
663,18,28,23,1.7,0.4557291666666667,0.39999999999999997,3.2
664,18,31,22,1.7,0.4270833333333333,0.39999999999999997,3.2
665,18,30,22,1.7,0.4348958333333333,0.39999999999999997,3.2
666,19,32,21,1.736842105263158,0.4088541666666667,0.4823763889427201,3.3684210526315788
667,19,35,19,1.736842105263158,0.3723958333333333,0.4823763889427201,3.3684210526315788
668,18,34,19,1.7,0.38020833333333337,0.39999999999999997,3.2
669,19,32,19,1.6842105263157894,0.3915343915343915,0.5668594533825794,3.3157894736842106
670,19,29,21,1.736842105263158,0.42708333333333337,0.48237638894272,3.3684210526315788
671,19,29,21,1.736842105263158,0.4348958333333333,0.4823763889427201,3.3684210526315788
672,19,27,23,1.736842105263158,0.4609375,0.4823763889427201,3.3684210526315788
673,18,30,23,1.7,0.44270833333333337,0.39999999999999997,3.2
674,18,29,21,1.7,0.42708333333333337,0.39999999999999997,3.2
675,19,30,23,1.736842105263158,0.44010416666666663,0.48237638894272,3.3684210526315788
676,19,28,25,1.736842105263158,0.4765625,0.48237638894272,3.3684210526315788
677,19,31,22,1.736842105263158,0.42447916666666663,0.4823763889427201,3.3684210526315788
678,18,28,22,1.7,0.4453125,0.39999999999999997,3.2
679,19,30,21,1.736842105263158,0.4270833333333333,0.4823763889427201,3.3684210526315788
680,19,30,23,1.736842105263158,0.4427083333333333,0.4823763889427201,3.3684210526315788
681,19,31,21,1.736842105263158,0.4192708333333333,0.4823763889427201,3.3684210526315788
682,19,27,21,1.736842105263158,0.4505208333333333,0.48237638894272,3.3684210526315788
683,19,29,23,1.736842105263158,0.4505208333333333,0.4823763889427201,3.3684210526315788
684,18,30,21,1.7,0.4270833333333333,0.39999999999999997,3.2
685,19,29,21,1.736842105263158,0.4296875,0.48237638894272,3.3684210526315788
686,18,29,19,1.65,0.41005291005291,0.47696960070847283,3.15
687,18,30,22,1.7,0.4348958333333333,0.39999999999999997,3.2
688,19,33,21,1.736842105263158,0.40104166666666663,0.4823763889427201,3.3684210526315788
689,19,24,25,1.736842105263158,0.5,0.4823763889427201,3.3684210526315788
690,18,27,20,1.7,0.44010416666666663,0.39999999999999997,3.2
691,19,32,21,1.736842105263158,0.4140625,0.48237638894272,3.3684210526315788
692,18,28,22,1.65,0.44708994708994704,0.47696960070847283,3.15
693,19,29,24,1.736842105263158,0.4583333333333333,0.4823763889427201,3.3684210526315788
694,18,28,21,1.7,0.4375,0.39999999999999997,3.2
695,19,28,22,1.736842105263158,0.4453125,0.4823763889427201,3.3684210526315788
696,19,27,24,1.736842105263158,0.4739583333333333,0.4823763889427201,3.3684210526315788
697,19,27,22,1.736842105263158,0.453125,0.4823763889427201,3.3684210526315788
698,19,30,23,1.736842105263158,0.4427083333333333,0.4823763889427201,3.3684210526315788
699,19,29,22,1.736842105263158,0.4427083333333333,0.4823763889427201,3.3684210526315788
700,18,29,22,1.7,0.4375,0.39999999999999997,3.2
701,18,27,24,1.7,0.46614583333333337,0.39999999999999997,3.2
702,18,28,23,1.65,0.455026455026455,0.47696960070847283,3.15
703,19,28,22,1.6842105263157894,0.4444444444444444,0.5668594533825794,3.3157894736842106
704,18,33,19,1.7,0.38541666666666663,0.39999999999999997,3.2
705,18,35,18,1.7,0.36197916666666663,0.39999999999999997,3.2
706,19,28,22,1.736842105263158,0.44791666666666663,0.48237638894272,3.3684210526315788
707,19,29,21,1.736842105263158,0.43229166666666663,0.48237638894272,3.3684210526315788
708,19,27,22,1.6842105263157894,0.4576719576719577,0.5668594533825794,3.3157894736842106
709,19,30,20,1.736842105263158,0.4166666666666667,0.4823763889427201,3.3684210526315788
710,18,30,22,1.7,0.4322916666666667,0.39999999999999997,3.2
711,19,30,22,1.736842105263158,0.4348958333333333,0.4823763889427201,3.3684210526315788
712,18,28,21,1.7,0.4401041666666667,0.39999999999999997,3.2
713,18,27,23,1.65,0.4629629629629629,0.47696960070847283,3.15
714,18,28,23,1.7,0.4557291666666667,0.39999999999999997,3.2
715,19,27,24,1.736842105263158,0.46875,0.48237638894272,3.3684210526315788
716,19,27,23,1.736842105263158,0.46354166666666663,0.4823763889427201,3.3684210526315788
717,18,27,23,1.7,0.4609375,0.39999999999999997,3.2
718,18,29,22,1.65,0.4391534391534392,0.47696960070847283,3.15
719,18,22,25,1.65,0.5132275132275133,0.47696960070847283,3.15
720,18,29,23,1.7,0.4479166666666667,0.39999999999999997,3.2
721,18,28,24,1.7,0.46354166666666663,0.39999999999999997,3.2
722,18,27,24,1.65,0.4708994708994709,0.47696960070847283,3.15
723,18,31,19,1.7,0.4036458333333333,0.39999999999999997,3.2
724,18,28,22,1.65,0.44179894179894186,0.47696960070847283,3.15
725,19,30,22,1.736842105263158,0.4322916666666667,0.4823763889427201,3.3684210526315788
726,18,28,22,1.7,0.44270833333333337,0.39999999999999997,3.2
727,18,28,23,1.7,0.4557291666666667,0.39999999999999997,3.2
728,19,30,21,1.736842105263158,0.421875,0.4823763889427201,3.3684210526315788
729,19,29,22,1.736842105263158,0.4375,0.4823763889427201,3.3684210526315788
730,18,29,23,1.7,0.4479166666666667,0.39999999999999997,3.2
731,18,31,22,1.7,0.4244791666666667,0.39999999999999997,3.2
732,19,28,22,1.736842105263158,0.44791666666666663,0.48237638894272,3.3684210526315788
733,19,28,22,1.736842105263158,0.44791666666666663,0.48237638894272,3.3684210526315788
734,19,29,21,1.736842105263158,0.43229166666666663,0.4823763889427201,3.3684210526315788
735,18,28,23,1.7,0.453125,0.39999999999999997,3.2
736,18,27,23,1.7,0.4609375,0.39999999999999997,3.2
737,19,32,19,1.736842105263158,0.38802083333333337,0.4823763889427201,3.3684210526315788
738,18,31,21,1.7,0.4166666666666667,0.39999999999999997,3.2
739,18,28,22,1.7,0.4453125,0.39999999999999997,3.2
740,19,27,24,1.736842105263158,0.4739583333333333,0.4823763889427201,3.3684210526315788
741,18,30,20,1.7,0.40885416666666663,0.39999999999999997,3.2
742,19,30,22,1.736842105263158,0.4348958333333333,0.4823763889427201,3.3684210526315788
743,19,28,22,1.736842105263158,0.4479166666666667,0.4823763889427201,3.3684210526315788
744,18,28,22,1.7,0.4453125,0.39999999999999997,3.2
745,19,29,24,1.736842105263158,0.453125,0.4823763889427201,3.3684210526315788
746,20,35,18,1.7777777777777777,0.3619791666666667,0.49690399499995325,3.5555555555555554
747,19,32,19,1.736842105263158,0.390625,0.4823763889427201,3.3684210526315788
748,18,28,22,1.65,0.4444444444444444,0.47696960070847283,3.15
749,19,30,21,1.736842105263158,0.42447916666666663,0.4823763889427201,3.3684210526315788
750,18,28,23,1.7,0.45572916666666663,0.39999999999999997,3.2
751,18,29,21,1.65,0.4312169312169312,0.47696960070847283,3.15
752,19,28,23,1.736842105263158,0.453125,0.48237638894272,3.3684210526315788
753,19,24,24,1.6842105263157894,0.492063492063492,0.5668594533825794,3.3157894736842106
754,18,28,22,1.7,0.44270833333333337,0.39999999999999997,3.2
755,19,30,21,1.736842105263158,0.421875,0.4823763889427201,3.3684210526315788
756,19,28,22,1.736842105263158,0.4505208333333333,0.48237638894272,3.3684210526315788
757,19,28,23,1.736842105263158,0.45572916666666663,0.4823763889427201,3.3684210526315788
758,18,28,23,1.7,0.4557291666666667,0.39999999999999997,3.2
759,18,27,23,1.7,0.4609375,0.39999999999999997,3.2
760,19,28,24,1.736842105263158,0.4661458333333333,0.4823763889427201,3.3684210526315788
761,18,28,22,1.7,0.4479166666666667,0.39999999999999997,3.2
762,19,25,23,1.736842105263158,0.47395833333333337,0.48237638894272,3.3684210526315788
763,18,29,22,1.7,0.4375,0.39999999999999997,3.2
764,18,24,23,1.7,0.48437499999999994,0.39999999999999997,3.2
765,18,27,22,1.7,0.45052083333333337,0.39999999999999997,3.2
766,18,27,21,1.7,0.4453125,0.39999999999999997,3.2
767,18,28,21,1.7,0.43489583333333337,0.39999999999999997,3.2
768,19,26,23,1.736842105263158,0.4739583333333333,0.4823763889427201,3.3684210526315788
769,19,29,22,1.736842105263158,0.44010416666666663,0.4823763889427201,3.3684210526315788
770,19,25,23,1.736842105263158,0.4739583333333333,0.4823763889427201,3.3684210526315788
771,19,29,22,1.736842105263158,0.4375,0.4823763889427201,3.3684210526315788
772,18,27,22,1.65,0.4523809523809524,0.47696960070847283,3.15
773,18,25,23,1.65,0.47354497354497355,0.47696960070847283,3.15
774,19,26,25,1.736842105263158,0.4895833333333333,0.4823763889427201,3.3684210526315788
775,19,29,23,1.736842105263158,0.4505208333333333,0.4823763889427201,3.3684210526315788
776,19,26,25,1.736842105263158,0.48697916666666663,0.4823763889427201,3.3684210526315788
777,19,28,21,1.736842105263158,0.44010416666666663,0.4823763889427201,3.3684210526315788
778,18,27,22,1.7,0.4557291666666667,0.39999999999999997,3.2
779,19,27,24,1.736842105263158,0.4739583333333333,0.4823763889427201,3.3684210526315788
780,19,30,23,1.736842105263158,0.4427083333333333,0.4823763889427201,3.3684210526315788
781,18,28,22,1.7,0.4453125,0.39999999999999997,3.2
782,19,26,23,1.6842105263157894,0.47089947089947093,0.5668594533825794,3.3157894736842106
783,18,28,21,1.7,0.4375,0.39999999999999997,3.2
784,19,28,26,1.736842105263158,0.48177083333333337,0.4823763889427201,3.3684210526315788
785,19,25,25,1.736842105263158,0.4973958333333333,0.48237638894272,3.3684210526315788
786,18,28,22,1.65,0.4444444444444444,0.47696960070847283,3.15
787,18,28,21,1.65,0.43386243386243384,0.47696960070847283,3.15
788,19,38,18,1.736842105263158,0.3411458333333333,0.4823763889427201,3.3684210526315788
789,19,28,24,1.736842105263158,0.4661458333333333,0.4823763889427201,3.3684210526315788
790,19,29,22,1.736842105263158,0.4427083333333333,0.4823763889427201,3.3684210526315788
791,19,28,22,1.736842105263158,0.44791666666666663,0.48237638894272,3.3684210526315788
792,19,24,24,1.736842105263158,0.4973958333333333,0.48237638894272,3.3684210526315788
793,19,27,22,1.736842105263158,0.453125,0.48237638894272,3.3684210526315788
794,18,29,23,1.7,0.4505208333333333,0.39999999999999997,3.2
795,18,28,22,1.7,0.44270833333333337,0.39999999999999997,3.2
796,18,26,23,1.7,0.47135416666666663,0.39999999999999997,3.2
797,18,31,21,1.7,0.4166666666666667,0.39999999999999997,3.2
798,19,27,24,1.736842105263158,0.4739583333333333,0.4823763889427201,3.3684210526315788
799,18,26,22,1.65,0.4629629629629629,0.47696960070847283,3.15
800,19,26,23,1.736842105263158,0.4739583333333333,0.4823763889427201,3.3684210526315788
801,18,29,23,1.7,0.4505208333333333,0.39999999999999997,3.2
802,18,25,23,1.65,0.47354497354497355,0.47696960070847283,3.15
803,18,29,23,1.7,0.4479166666666667,0.39999999999999997,3.2
804,19,27,22,1.736842105263158,0.45572916666666663,0.4823763889427201,3.3684210526315788
805,19,26,22,1.736842105263158,0.4609375,0.4823763889427201,3.3684210526315788
806,19,27,24,1.736842105263158,0.47135416666666663,0.48237638894272,3.3684210526315788
807,19,31,22,1.736842105263158,0.421875,0.4823763889427201,3.3684210526315788
808,19,26,22,1.736842105263158,0.46354166666666663,0.48237638894272,3.3684210526315788
809,18,27,23,1.7,0.46354166666666663,0.39999999999999997,3.2
810,18,25,24,1.65,0.48677248677248675,0.47696960070847283,3.15
811,19,28,21,1.736842105263158,0.4375,0.48237638894272,3.3684210526315788
812,18,27,23,1.7,0.46354166666666663,0.39999999999999997,3.2
813,19,31,20,1.736842105263158,0.4114583333333333,0.4823763889427201,3.3684210526315788
814,19,27,25,1.736842105263158,0.4817708333333333,0.4823763889427201,3.3684210526315788
815,19,32,19,1.736842105263158,0.38802083333333337,0.4823763889427201,3.3684210526315788
816,18,28,24,1.7,0.4661458333333333,0.39999999999999997,3.2
817,19,27,23,1.736842105263158,0.46354166666666663,0.48237638894272,3.3684210526315788
818,19,25,23,1.736842105263158,0.4817708333333333,0.4823763889427201,3.3684210526315788
819,19,25,24,1.736842105263158,0.4895833333333333,0.4823763889427201,3.3684210526315788
820,19,26,24,1.736842105263158,0.47916666666666663,0.48237638894272,3.3684210526315788
821,18,27,23,1.65,0.4629629629629629,0.47696960070847283,3.15
822,19,26,22,1.6842105263157894,0.4656084656084656,0.5668594533825794,3.3157894736842106
823,18,29,22,1.7,0.4375,0.39999999999999997,3.2
824,18,29,22,1.7,0.4427083333333333,0.39999999999999997,3.2
825,18,29,23,1.7,0.4505208333333333,0.39999999999999997,3.2
826,18,31,19,1.7,0.3984375,0.39999999999999997,3.2
827,18,29,22,1.7,0.4401041666666667,0.39999999999999997,3.2
828,19,25,25,1.736842105263158,0.4973958333333333,0.4823763889427201,3.3684210526315788
829,18,28,22,1.7,0.44270833333333337,0.39999999999999997,3.2
830,19,25,24,1.6842105263157894,0.48412698412698413,0.5668594533825794,3.3157894736842106
831,19,29,23,1.736842105263158,0.4505208333333333,0.4823763889427201,3.3684210526315788
832,18,28,23,1.7,0.4557291666666667,0.39999999999999997,3.2
833,18,25,24,1.7,0.48697916666666663,0.39999999999999997,3.2
834,19,32,19,1.736842105263158,0.3958333333333333,0.4823763889427201,3.3684210526315788
835,18,28,23,1.7,0.453125,0.39999999999999997,3.2
836,19,25,25,1.6842105263157894,0.4973544973544973,0.5668594533825794,3.3157894736842106
837,19,28,24,1.736842105263158,0.4609375,0.4823763889427201,3.3684210526315788
838,19,28,23,1.736842105263158,0.45572916666666663,0.4823763889427201,3.3684210526315788
839,18,29,22,1.65,0.4391534391534392,0.47696960070847283,3.15
840,19,28,22,1.736842105263158,0.4505208333333333,0.48237638894272,3.3684210526315788
841,19,29,21,1.736842105263158,0.43229166666666663,0.4823763889427201,3.3684210526315788
842,18,30,22,1.7,0.43229166666666663,0.39999999999999997,3.2
843,18,23,24,1.65,0.5026455026455026,0.47696960070847283,3.15
844,19,24,25,1.736842105263158,0.5026041666666666,0.4823763889427201,3.3684210526315788
845,19,29,20,1.736842105263158,0.41927083333333337,0.4823763889427201,3.3684210526315788
846,18,29,24,1.7,0.4583333333333333,0.39999999999999997,3.2
847,19,30,21,1.736842105263158,0.4270833333333333,0.48237638894272,3.3684210526315788
848,18,31,22,1.7,0.4270833333333333,0.39999999999999997,3.2
849,19,28,21,1.736842105263158,0.4375,0.4823763889427201,3.3684210526315788
850,19,27,23,1.736842105263158,0.4661458333333333,0.48237638894272,3.3684210526315788
851,19,25,25,1.736842105263158,0.49479166666666663,0.48237638894272,3.3684210526315788
852,19,28,22,1.736842105263158,0.44791666666666663,0.4823763889427201,3.3684210526315788
853,18,35,19,1.7,0.3723958333333333,0.39999999999999997,3.2
854,19,24,24,1.736842105263158,0.49479166666666663,0.48237638894272,3.3684210526315788
855,19,24,26,1.6842105263157894,0.5105820105820106,0.5668594533825794,3.3157894736842106
856,19,28,24,1.736842105263158,0.4661458333333333,0.4823763889427201,3.3684210526315788
857,18,28,22,1.7,0.4479166666666667,0.39999999999999997,3.2
858,19,26,25,1.736842105263158,0.4895833333333333,0.4823763889427201,3.3684210526315788
859,19,26,23,1.736842105263158,0.4739583333333333,0.4823763889427201,3.3684210526315788
860,19,24,25,1.736842105263158,0.5,0.48237638894272,3.3684210526315788
861,19,28,23,1.736842105263158,0.4583333333333333,0.4823763889427201,3.3684210526315788
862,19,27,22,1.736842105263158,0.453125,0.4823763889427201,3.3684210526315788
863,19,24,24,1.736842105263158,0.49479166666666663,0.4823763889427201,3.3684210526315788
864,19,24,25,1.736842105263158,0.5052083333333333,0.48237638894272,3.3684210526315788
865,19,24,25,1.6842105263157894,0.5052910052910052,0.5668594533825794,3.3157894736842106
866,19,27,24,1.736842105263158,0.4739583333333333,0.4823763889427201,3.3684210526315788
867,19,27,23,1.736842105263158,0.46354166666666663,0.4823763889427201,3.3684210526315788
868,19,22,25,1.6842105263157894,0.5185185185185185,0.5668594533825794,3.3157894736842106
869,18,26,23,1.65,0.4708994708994709,0.47696960070847283,3.15
870,18,27,22,1.7,0.4557291666666667,0.39999999999999997,3.2
871,19,31,21,1.736842105263158,0.4192708333333333,0.4823763889427201,3.3684210526315788
872,19,27,23,1.736842105263158,0.4661458333333333,0.48237638894272,3.3684210526315788
873,18,28,25,1.7,0.4765625,0.39999999999999997,3.2
874,19,27,22,1.736842105263158,0.45572916666666663,0.4823763889427201,3.3684210526315788
875,19,27,24,1.736842105263158,0.4739583333333333,0.4823763889427201,3.3684210526315788
876,18,27,24,1.7,0.4739583333333333,0.39999999999999997,3.2
877,19,26,24,1.736842105263158,0.4817708333333333,0.48237638894272,3.3684210526315788
878,18,25,24,1.7,0.48697916666666663,0.39999999999999997,3.2
879,19,27,23,1.736842105263158,0.46354166666666663,0.4823763889427201,3.3684210526315788
880,19,27,24,1.736842105263158,0.4713541666666667,0.4823763889427201,3.3684210526315788
881,19,28,24,1.736842105263158,0.46614583333333337,0.4823763889427201,3.3684210526315788
882,19,26,23,1.736842105263158,0.47395833333333337,0.4823763889427201,3.3684210526315788
883,18,24,24,1.65,0.49470899470899465,0.47696960070847283,3.15
884,18,29,23,1.7,0.4505208333333333,0.39999999999999997,3.2
885,18,29,22,1.7,0.4427083333333333,0.39999999999999997,3.2
886,19,24,25,1.736842105263158,0.5026041666666666,0.4823763889427201,3.3684210526315788
887,19,27,23,1.736842105263158,0.4661458333333333,0.48237638894272,3.3684210526315788
888,18,27,23,1.7,0.46354166666666663,0.39999999999999997,3.2
889,18,25,26,1.7,0.5052083333333333,0.39999999999999997,3.2
890,19,27,24,1.736842105263158,0.4739583333333333,0.4823763889427201,3.3684210526315788
891,19,30,19,1.736842105263158,0.40885416666666663,0.48237638894272,3.3684210526315788
892,19,24,27,1.736842105263158,0.5208333333333333,0.4823763889427201,3.3684210526315788
893,18,24,23,1.7,0.48697916666666663,0.39999999999999997,3.2
894,19,29,21,1.736842105263158,0.4348958333333333,0.4823763889427201,3.3684210526315788
895,18,25,24,1.7,0.4895833333333333,0.39999999999999997,3.2
896,19,32,19,1.736842105263158,0.38802083333333337,0.48237638894272,3.3684210526315788
897,19,24,24,1.736842105263158,0.4921875,0.4823763889427201,3.3684210526315788
898,19,27,24,1.736842105263158,0.4739583333333333,0.4823763889427201,3.3684210526315788
899,18,28,23,1.7,0.4557291666666667,0.39999999999999997,3.2
900,19,29,23,1.736842105263158,0.4505208333333333,0.4823763889427201,3.3684210526315788
901,19,25,25,1.736842105263158,0.4973958333333333,0.48237638894272,3.3684210526315788
902,19,26,24,1.736842105263158,0.47916666666666663,0.4823763889427201,3.3684210526315788
903,19,26,25,1.736842105263158,0.4895833333333333,0.4823763889427201,3.3684210526315788
904,18,25,25,1.65,0.49470899470899465,0.47696960070847283,3.15
905,19,25,24,1.736842105263158,0.48697916666666663,0.48237638894272,3.3684210526315788
906,19,25,25,1.6842105263157894,0.4973544973544973,0.5668594533825794,3.3157894736842106
907,19,25,26,1.6842105263157894,0.5052910052910052,0.5668594533825794,3.3157894736842106
908,19,26,24,1.736842105263158,0.4817708333333333,0.4823763889427201,3.3684210526315788
909,19,26,23,1.736842105263158,0.4739583333333333,0.4823763889427201,3.3684210526315788
910,19,26,25,1.736842105263158,0.4895833333333333,0.4823763889427201,3.3684210526315788
911,19,25,24,1.736842105263158,0.48697916666666663,0.4823763889427201,3.3684210526315788
912,19,23,26,1.736842105263158,0.5208333333333333,0.48237638894272,3.3684210526315788
913,19,29,21,1.736842105263158,0.43229166666666663,0.48237638894272,3.3684210526315788
914,19,27,23,1.736842105263158,0.4661458333333333,0.48237638894272,3.3684210526315788
915,18,26,23,1.65,0.47354497354497355,0.47696960070847283,3.15
916,19,25,24,1.736842105263158,0.4895833333333333,0.4823763889427201,3.3684210526315788
917,19,22,26,1.736842105263158,0.5260416666666666,0.48237638894272,3.3684210526315788
918,19,32,20,1.736842105263158,0.4036458333333333,0.48237638894272,3.3684210526315788
919,19,25,26,1.736842105263158,0.5052083333333333,0.4823763889427201,3.3684210526315788
920,19,24,26,1.736842105263158,0.5104166666666666,0.4823763889427201,3.3684210526315788
921,19,26,25,1.736842105263158,0.4895833333333333,0.4823763889427201,3.3684210526315788
922,18,28,24,1.65,0.4656084656084656,0.47696960070847283,3.15
923,19,26,24,1.736842105263158,0.47916666666666663,0.4823763889427201,3.3684210526315788
924,18,26,23,1.7,0.47135416666666663,0.39999999999999997,3.2
925,19,25,25,1.736842105263158,0.4973958333333333,0.4823763889427201,3.3684210526315788
926,19,27,24,1.736842105263158,0.4739583333333333,0.4823763889427201,3.3684210526315788
927,18,27,24,1.7,0.4739583333333333,0.39999999999999997,3.2
928,19,26,23,1.736842105263158,0.46875,0.4823763889427201,3.3684210526315788
929,19,27,23,1.736842105263158,0.4661458333333333,0.48237638894272,3.3684210526315788
930,19,23,25,1.736842105263158,0.5078125,0.4823763889427201,3.3684210526315788
931,19,30,23,1.736842105263158,0.4427083333333333,0.4823763889427201,3.3684210526315788
932,19,23,27,1.736842105263158,0.5286458333333333,0.48237638894272,3.3684210526315788
933,19,25,25,1.736842105263158,0.49479166666666663,0.48237638894272,3.3684210526315788
934,18,26,25,1.7,0.4895833333333333,0.39999999999999997,3.2
935,18,27,23,1.65,0.4629629629629629,0.47696960070847283,3.15
936,18,28,22,1.65,0.4497354497354497,0.47696960070847283,3.15
937,19,24,24,1.736842105263158,0.4921875,0.4823763889427201,3.3684210526315788
938,19,23,26,1.6842105263157894,0.521164021164021,0.5668594533825794,3.3157894736842106
939,19,24,24,1.736842105263158,0.4921875,0.4823763889427201,3.3684210526315788
940,19,28,22,1.736842105263158,0.4505208333333333,0.4823763889427201,3.3684210526315788
941,19,37,17,1.736842105263158,0.3411458333333333,0.4823763889427201,3.3684210526315788
942,19,24,27,1.736842105263158,0.5208333333333333,0.4823763889427201,3.3684210526315788
943,19,27,24,1.736842105263158,0.47135416666666663,0.4823763889427201,3.3684210526315788
944,19,24,25,1.736842105263158,0.5026041666666666,0.48237638894272,3.3684210526315788
945,19,25,25,1.736842105263158,0.4921875,0.4823763889427201,3.3684210526315788
946,19,27,22,1.736842105263158,0.453125,0.4823763889427201,3.3684210526315788
947,19,25,24,1.736842105263158,0.4895833333333333,0.4823763889427201,3.3684210526315788
948,19,26,25,1.736842105263158,0.48697916666666663,0.4823763889427201,3.3684210526315788
949,19,25,26,1.736842105263158,0.5052083333333333,0.48237638894272,3.3684210526315788
950,18,26,25,1.7,0.4895833333333333,0.39999999999999997,3.2
951,18,28,23,1.7,0.45572916666666663,0.39999999999999997,3.2
952,19,26,25,1.736842105263158,0.4895833333333333,0.4823763889427201,3.3684210526315788
953,18,24,25,1.7,0.5052083333333333,0.39999999999999997,3.2
954,18,23,26,1.65,0.521164021164021,0.47696960070847283,3.15
955,18,26,26,1.7,0.4973958333333333,0.39999999999999997,3.2
956,19,26,25,1.736842105263158,0.4895833333333333,0.4823763889427201,3.3684210526315788
957,19,26,23,1.736842105263158,0.47135416666666663,0.4823763889427201,3.3684210526315788
958,19,30,23,1.736842105263158,0.4427083333333333,0.4823763889427201,3.3684210526315788
959,19,32,21,1.736842105263158,0.4114583333333333,0.4823763889427201,3.3684210526315788
960,19,27,25,1.736842105263158,0.4817708333333333,0.48237638894272,3.3684210526315788
961,19,25,25,1.736842105263158,0.49479166666666663,0.4823763889427201,3.3684210526315788
962,19,29,23,1.736842105263158,0.4505208333333333,0.4823763889427201,3.3684210526315788
963,19,25,23,1.736842105263158,0.47916666666666663,0.4823763889427201,3.3684210526315788
964,18,23,26,1.7,0.515625,0.39999999999999997,3.2
965,19,34,18,1.7894736842105263,0.36979166666666663,0.4823763889427201,3.3684210526315788
966,19,25,25,1.736842105263158,0.4921875,0.4823763889427201,3.3684210526315788
967,19,25,25,1.736842105263158,0.4973958333333333,0.4823763889427201,3.3684210526315788
968,19,25,24,1.736842105263158,0.48697916666666663,0.48237638894272,3.3684210526315788
969,19,28,23,1.736842105263158,0.45572916666666663,0.4823763889427201,3.3684210526315788
970,18,27,23,1.7,0.45833333333333337,0.39999999999999997,3.2
971,18,27,25,1.7,0.4817708333333333,0.39999999999999997,3.2
972,19,28,24,1.736842105263158,0.4661458333333333,0.4823763889427201,3.3684210526315788
973,19,27,22,1.736842105263158,0.45052083333333337,0.48237638894272,3.3684210526315788
974,19,24,26,1.736842105263158,0.5130208333333333,0.4823763889427201,3.3684210526315788
975,19,26,22,1.736842105263158,0.4609375,0.4823763889427201,3.3684210526315788
976,19,25,24,1.736842105263158,0.48697916666666663,0.4823763889427201,3.3684210526315788
977,19,25,26,1.736842105263158,0.5052083333333333,0.4823763889427201,3.3684210526315788
978,18,24,26,1.7,0.5078125,0.39999999999999997,3.2
979,19,23,25,1.736842105263158,0.5104166666666666,0.48237638894272,3.3684210526315788
980,18,28,23,1.7,0.4583333333333333,0.39999999999999997,3.2
981,19,28,24,1.736842105263158,0.4661458333333333,0.4823763889427201,3.3684210526315788
982,18,26,24,1.65,0.48148148148148145,0.47696960070847283,3.15
983,19,26,26,1.736842105263158,0.4973958333333333,0.4823763889427201,3.3684210526315788
984,19,27,23,1.736842105263158,0.46354166666666663,0.4823763889427201,3.3684210526315788
985,19,27,24,1.736842105263158,0.4739583333333333,0.4823763889427201,3.3684210526315788
986,19,25,25,1.736842105263158,0.4973958333333333,0.4823763889427201,3.3684210526315788
987,19,26,26,1.736842105263158,0.4973958333333333,0.4823763889427201,3.3684210526315788
988,19,27,24,1.736842105263158,0.4739583333333333,0.4823763889427201,3.3684210526315788
989,19,24,26,1.736842105263158,0.5104166666666666,0.4823763889427201,3.3684210526315788
990,18,27,26,1.7,0.4921875,0.39999999999999997,3.2
991,18,25,24,1.65,0.48677248677248675,0.47696960070847283,3.15
992,19,23,24,1.6842105263157894,0.5026455026455026,0.5668594533825794,3.3157894736842106
993,19,24,26,1.736842105263158,0.5104166666666666,0.48237638894272,3.3684210526315788
994,19,29,21,1.736842105263158,0.4296875,0.4823763889427201,3.3684210526315788
995,19,25,25,1.736842105263158,0.4973958333333333,0.4823763889427201,3.3684210526315788
996,19,35,19,1.736842105263158,0.3723958333333333,0.4823763889427201,3.3684210526315788
997,19,28,23,1.736842105263158,0.4583333333333333,0.4823763889427201,3.3684210526315788
998,19,26,25,1.736842105263158,0.4895833333333333,0.48237638894272,3.3684210526315788
999,19,25,25,1.736842105263158,0.49479166666666663,0.4823763889427201,3.3684210526315788
1000,19,24,25,1.736842105263158,0.5026041666666666,0.48237638894272,3.3684210526315788
1001,19,25,26,1.736842105263158,0.5052083333333333,0.4823763889427201,3.3684210526315788
1002,19,28,24,1.736842105263158,0.4661458333333333,0.4823763889427201,3.3684210526315788
1003,19,28,22,1.736842105263158,0.44791666666666663,0.4823763889427201,3.3684210526315788
1004,19,24,25,1.736842105263158,0.5026041666666666,0.4823763889427201,3.3684210526315788
1005,18,28,22,1.7,0.44270833333333337,0.39999999999999997,3.2
1006,19,25,25,1.736842105263158,0.49218749999999994,0.4823763889427201,3.3684210526315788
1007,19,23,25,1.736842105263158,0.5104166666666666,0.48237638894272,3.3684210526315788
1008,19,24,26,1.736842105263158,0.5078125,0.48237638894272,3.3684210526315788
1009,19,25,25,1.736842105263158,0.49479166666666663,0.4823763889427201,3.3684210526315788
1010,19,27,24,1.736842105263158,0.47135416666666663,0.48237638894272,3.3684210526315788
1011,19,31,21,1.736842105263158,0.4192708333333333,0.48237638894272,3.3684210526315788
1012,19,27,23,1.736842105263158,0.46354166666666663,0.4823763889427201,3.3684210526315788
1013,19,25,26,1.736842105263158,0.5052083333333333,0.4823763889427201,3.3684210526315788
1014,19,23,27,1.6842105263157894,0.5291005291005291,0.5668594533825794,3.3157894736842106
1015,19,29,23,1.736842105263158,0.4505208333333333,0.48237638894272,3.3684210526315788
1016,18,25,24,1.65,0.4894179894179894,0.47696960070847283,3.15
1017,19,27,25,1.736842105263158,0.47916666666666663,0.48237638894272,3.3684210526315788
1018,19,23,28,1.736842105263158,0.5364583333333333,0.4823763889427201,3.3684210526315788
1019,18,27,25,1.7,0.4817708333333333,0.39999999999999997,3.2
1020,19,27,24,1.736842105263158,0.47135416666666663,0.4823763889427201,3.3684210526315788
1021,19,25,25,1.736842105263158,0.49479166666666663,0.48237638894272,3.3684210526315788
1022,19,25,25,1.736842105263158,0.49479166666666663,0.4823763889427201,3.3684210526315788
1023,19,23,26,1.736842105263158,0.5182291666666666,0.48237638894272,3.3684210526315788
1024,19,26,24,1.736842105263158,0.4817708333333333,0.4823763889427201,3.3684210526315788
1025,19,25,25,1.736842105263158,0.49479166666666663,0.4823763889427201,3.3684210526315788
1026,19,24,26,1.6842105263157894,0.5132275132275131,0.5668594533825794,3.3157894736842106
1027,19,25,24,1.736842105263158,0.48697916666666663,0.48237638894272,3.3684210526315788
1028,18,27,24,1.7,0.47135416666666663,0.39999999999999997,3.2
1029,18,30,22,1.7,0.4348958333333333,0.39999999999999997,3.2
1030,19,24,24,1.736842105263158,0.4921875,0.4823763889427201,3.3684210526315788
1031,19,26,25,1.736842105263158,0.4895833333333333,0.4823763889427201,3.3684210526315788
1032,19,30,23,1.736842105263158,0.4427083333333333,0.48237638894272,3.3684210526315788
1033,18,23,27,1.7,0.5260416666666666,0.39999999999999997,3.2
1034,19,26,25,1.736842105263158,0.48697916666666663,0.4823763889427201,3.3684210526315788
1035,18,26,26,1.7,0.4973958333333333,0.39999999999999997,3.2
1036,19,23,26,1.6842105263157894,0.5185185185185185,0.5668594533825794,3.3157894736842106
1037,19,25,26,1.736842105263158,0.5052083333333333,0.4823763889427201,3.3684210526315788
1038,19,26,24,1.736842105263158,0.47916666666666663,0.48237638894272,3.3684210526315788
1039,19,26,25,1.736842105263158,0.4895833333333333,0.4823763889427201,3.3684210526315788
1040,18,24,27,1.65,0.521164021164021,0.47696960070847283,3.15
1041,18,24,25,1.65,0.5052910052910052,0.47696960070847283,3.15
1042,18,30,19,1.7,0.41005291005291006,0.47696960070847283,3.15
1043,19,27,23,1.736842105263158,0.4635416666666667,0.4823763889427201,3.3684210526315788
1044,18,25,25,1.65,0.49470899470899465,0.47696960070847283,3.15
1045,19,29,23,1.736842105263158,0.4505208333333333,0.4823763889427201,3.3684210526315788
1046,18,23,26,1.65,0.5158730158730159,0.47696960070847283,3.15
1047,19,24,26,1.736842105263158,0.5130208333333333,0.4823763889427201,3.3684210526315788
1048,19,25,24,1.736842105263158,0.48697916666666663,0.4823763889427201,3.3684210526315788
1049,19,31,20,1.736842105263158,0.40885416666666663,0.48237638894272,3.3684210526315788
1050,19,26,26,1.736842105263158,0.4973958333333333,0.4823763889427201,3.3684210526315788
1051,19,22,26,1.6842105263157894,0.5238095238095238,0.5668594533825794,3.3157894736842106
1052,18,26,24,1.7,0.4817708333333333,0.39999999999999997,3.2
1053,19,26,24,1.736842105263158,0.47916666666666663,0.48237638894272,3.3684210526315788
1054,19,27,22,1.736842105263158,0.45572916666666663,0.48237638894272,3.3684210526315788
1055,19,23,25,1.736842105263158,0.5104166666666666,0.48237638894272,3.3684210526315788
1056,19,29,23,1.736842105263158,0.453125,0.4823763889427201,3.3684210526315788
1057,19,25,25,1.736842105263158,0.4973958333333333,0.4823763889427201,3.3684210526315788
1058,18,26,24,1.7,0.47916666666666663,0.39999999999999997,3.2
1059,19,35,18,1.736842105263158,0.36197916666666663,0.4823763889427201,3.3684210526315788
1060,19,26,25,1.736842105263158,0.4895833333333333,0.4823763889427201,3.3684210526315788
1061,19,25,25,1.736842105263158,0.4973958333333333,0.4823763889427201,3.3684210526315788
1062,18,23,27,1.7,0.5286458333333333,0.39999999999999997,3.2
1063,19,24,26,1.736842105263158,0.5130208333333333,0.4823763889427201,3.3684210526315788
1064,18,23,25,1.65,0.5105820105820106,0.47696960070847283,3.15
1065,19,28,21,1.736842105263158,0.4427083333333333,0.4823763889427201,3.3684210526315788
1066,19,23,27,1.6842105263157894,0.5291005291005291,0.5668594533825794,3.3157894736842106
1067,18,26,25,1.7,0.48697916666666663,0.39999999999999997,3.2
1068,19,30,22,1.736842105263158,0.4348958333333333,0.4823763889427201,3.3684210526315788
1069,18,29,24,1.7,0.4583333333333333,0.39999999999999997,3.2
1070,18,28,24,1.7,0.4661458333333333,0.39999999999999997,3.2
1071,18,24,26,1.65,0.5132275132275131,0.47696960070847283,3.15
1072,19,23,25,1.736842105263158,0.5078125,0.4823763889427201,3.3684210526315788
1073,19,26,24,1.736842105263158,0.47916666666666663,0.48237638894272,3.3684210526315788
1074,18,23,26,1.65,0.521164021164021,0.47696960070847283,3.15
1075,19,23,26,1.736842105263158,0.5182291666666666,0.4823763889427201,3.3684210526315788
1076,19,22,28,1.736842105263158,0.5416666666666666,0.4823763889427201,3.3684210526315788
1077,18,24,27,1.7,0.5182291666666666,0.39999999999999997,3.2
1078,18,24,26,1.7,0.5104166666666666,0.39999999999999997,3.2
1079,18,24,25,1.65,0.5052910052910052,0.47696960070847283,3.15
1080,18,22,26,1.65,0.5211640211640212,0.47696960070847283,3.15
1081,18,28,22,1.7,0.4427083333333333,0.39999999999999997,3.2
1082,19,25,26,1.736842105263158,0.5026041666666666,0.4823763889427201,3.3684210526315788
1083,19,23,27,1.6842105263157894,0.5264550264550264,0.5668594533825794,3.3157894736842106
1084,18,25,24,1.65,0.4841269841269841,0.47696960070847283,3.15
1085,18,25,24,1.7,0.484375,0.39999999999999997,3.2
1086,19,25,26,1.6842105263157894,0.5052910052910052,0.5668594533825794,3.3157894736842106
1087,19,24,27,1.736842105263158,0.5208333333333333,0.4823763889427201,3.3684210526315788
1088,18,25,26,1.7,0.5026041666666666,0.39999999999999997,3.2
1089,18,25,26,1.7,0.5052083333333333,0.39999999999999997,3.2
1090,19,23,26,1.6842105263157894,0.5158730158730159,0.5668594533825794,3.3157894736842106
1091,19,22,28,1.6842105263157894,0.5423280423280423,0.5668594533825794,3.3157894736842106
1092,18,24,23,1.7,0.48677248677248675,0.47696960070847283,3.15
1093,18,24,26,1.7,0.5078125,0.39999999999999997,3.2
1094,18,25,25,1.7,0.49479166666666663,0.39999999999999997,3.2
1095,19,24,26,1.736842105263158,0.5104166666666666,0.4823763889427201,3.3684210526315788
1096,19,24,27,1.736842105263158,0.5182291666666666,0.48237638894272,3.3684210526315788
1097,19,24,27,1.736842105263158,0.5208333333333333,0.48237638894272,3.3684210526315788
1098,18,25,27,1.7,0.5104166666666666,0.39999999999999997,3.2
1099,18,26,26,1.7,0.4973958333333333,0.39999999999999997,3.2
1100,18,26,25,1.7,0.48697916666666663,0.39999999999999997,3.2
1101,18,26,25,1.7,0.4895833333333333,0.39999999999999997,3.2
1102,19,23,27,1.6842105263157894,0.5264550264550264,0.5668594533825794,3.3157894736842106
1103,19,31,21,1.736842105263158,0.41666666666666663,0.4823763889427201,3.3684210526315788
1104,18,26,25,1.7,0.48697916666666663,0.39999999999999997,3.2
1105,19,22,28,1.736842105263158,0.5442708333333333,0.4823763889427201,3.3684210526315788
1106,19,27,25,1.736842105263158,0.4817708333333333,0.4823763889427201,3.3684210526315788
1107,19,27,24,1.736842105263158,0.4739583333333333,0.48237638894272,3.3684210526315788
1108,18,25,25,1.7,0.4921875,0.39999999999999997,3.2
1109,19,23,27,1.6842105263157894,0.5291005291005291,0.5668594533825794,3.3157894736842106
1110,19,23,25,1.736842105263158,0.5078125,0.4823763889427201,3.3684210526315788
1111,19,25,25,1.736842105263158,0.4973958333333333,0.4823763889427201,3.3684210526315788
1112,19,24,27,1.736842105263158,0.5208333333333333,0.4823763889427201,3.3684210526315788
1113,19,25,25,1.736842105263158,0.4973958333333333,0.48237638894272,3.3684210526315788
1114,18,25,25,1.7,0.49479166666666663,0.39999999999999997,3.2
1115,19,25,26,1.736842105263158,0.5052083333333333,0.4823763889427201,3.3684210526315788
1116,19,27,23,1.736842105263158,0.4661458333333333,0.4823763889427201,3.3684210526315788
1117,18,24,26,1.7,0.5104166666666666,0.39999999999999997,3.2
1118,19,22,27,1.6842105263157894,0.5343915343915343,0.5668594533825794,3.3157894736842106
1119,19,23,26,1.736842105263158,0.5182291666666666,0.48237638894272,3.3684210526315788
1120,19,26,26,1.736842105263158,0.4973958333333333,0.48237638894272,3.3684210526315788
1121,18,22,26,1.65,0.5291005291005291,0.47696960070847283,3.15
1122,20,29,23,1.7777777777777777,0.4505208333333333,0.49690399499995325,3.5555555555555554
1123,19,24,25,1.6842105263157894,0.5026455026455026,0.5668594533825794,3.3157894736842106
1124,18,26,22,1.7,0.46354166666666663,0.39999999999999997,3.2
1125,19,24,25,1.736842105263158,0.5052083333333333,0.4823763889427201,3.3684210526315788
1126,19,27,24,1.736842105263158,0.47135416666666663,0.48237638894272,3.3684210526315788
1127,19,28,17,1.736842105263158,0.40625,0.48237638894272,3.3684210526315788
1128,19,32,20,1.736842105263158,0.4036458333333333,0.4823763889427201,3.3684210526315788
1129,18,21,28,1.65,0.5529100529100528,0.47696960070847283,3.15
1130,18,25,26,1.65,0.5052910052910052,0.47696960070847283,3.15
1131,18,24,26,1.7,0.5130208333333333,0.39999999999999997,3.2
1132,18,24,26,1.7,0.5104166666666666,0.39999999999999997,3.2
1133,19,25,26,1.736842105263158,0.5052083333333333,0.48237638894272,3.3684210526315788
1134,18,24,27,1.7,0.5182291666666666,0.39999999999999997,3.2
1135,19,21,28,1.736842105263158,0.5520833333333333,0.4823763889427201,3.3684210526315788
1136,18,25,26,1.7,0.5052083333333333,0.39999999999999997,3.2
1137,19,24,26,1.736842105263158,0.5130208333333333,0.4823763889427201,3.3684210526315788
1138,18,24,28,1.7,0.5286458333333333,0.39999999999999997,3.2
1139,19,27,22,1.736842105263158,0.453125,0.4823763889427201,3.3684210526315788
1140,19,22,27,1.6842105263157894,0.5343915343915343,0.5668594533825794,3.3157894736842106
1141,19,22,27,1.736842105263158,0.5364583333333333,0.4823763889427201,3.3684210526315788
1142,19,25,25,1.736842105263158,0.49479166666666663,0.48237638894272,3.3684210526315788
1143,18,26,25,1.7,0.4895833333333333,0.39999999999999997,3.2
1144,18,24,26,1.7,0.5104166666666666,0.39999999999999997,3.2
1145,19,25,26,1.736842105263158,0.5052083333333333,0.4823763889427201,3.3684210526315788
1146,19,27,22,1.736842105263158,0.4583333333333333,0.4823763889427201,3.3684210526315788
1147,18,25,25,1.7,0.49479166666666663,0.39999999999999997,3.2
1148,18,22,28,1.7,0.5442708333333333,0.39999999999999997,3.2
1149,19,23,27,1.736842105263158,0.5286458333333333,0.4823763889427201,3.3684210526315788
1150,19,25,26,1.736842105263158,0.5052083333333333,0.4823763889427201,3.3684210526315788
1151,19,23,26,1.736842105263158,0.5182291666666666,0.48237638894272,3.3684210526315788
1152,18,24,25,1.7,0.5026041666666666,0.39999999999999997,3.2
1153,18,25,26,1.65,0.5052910052910052,0.47696960070847283,3.15
1154,19,24,27,1.736842105263158,0.5208333333333333,0.48237638894272,3.3684210526315788
1155,19,23,27,1.736842105263158,0.5286458333333333,0.48237638894272,3.3684210526315788
1156,18,24,26,1.7,0.5130208333333333,0.39999999999999997,3.2
1157,19,24,27,1.6842105263157894,0.521164021164021,0.5668594533825794,3.3157894736842106
1158,19,23,27,1.736842105263158,0.5286458333333333,0.48237638894272,3.3684210526315788
1159,18,29,22,1.7,0.4427083333333333,0.39999999999999997,3.2
1160,19,24,25,1.736842105263158,0.49999999999999994,0.48237638894272,3.3684210526315788
1161,18,23,26,1.7,0.515625,0.39999999999999997,3.2
1162,19,24,26,1.736842105263158,0.5078125,0.4823763889427201,3.3684210526315788
1163,18,23,27,1.7,0.5260416666666666,0.39999999999999997,3.2
1164,18,30,23,1.7,0.4427083333333333,0.39999999999999997,3.2
1165,19,24,26,1.6842105263157894,0.5132275132275131,0.5668594533825794,3.3157894736842106
1166,18,28,22,1.7,0.4505208333333333,0.39999999999999997,3.2
1167,19,27,23,1.736842105263158,0.4661458333333333,0.4823763889427201,3.3684210526315788
1168,19,20,28,1.736842105263158,0.5572916666666667,0.4823763889427201,3.3684210526315788
1169,18,20,27,1.65,0.5502645502645502,0.47696960070847283,3.15
1170,18,23,26,1.7,0.5182291666666666,0.39999999999999997,3.2
1171,18,22,27,1.65,0.5317460317460317,0.47696960070847283,3.15
1172,19,23,27,1.736842105263158,0.5286458333333333,0.4823763889427201,3.3684210526315788
1173,19,26,25,1.736842105263158,0.4895833333333333,0.4823763889427201,3.3684210526315788
1174,18,25,24,1.7,0.48697916666666663,0.39999999999999997,3.2
1175,18,24,25,1.7,0.5026041666666666,0.39999999999999997,3.2
1176,19,23,27,1.736842105263158,0.5286458333333333,0.48237638894272,3.3684210526315788
1177,19,22,28,1.736842105263158,0.5442708333333333,0.4823763889427201,3.3684210526315788
1178,18,23,27,1.7,0.5260416666666666,0.39999999999999997,3.2
1179,18,27,24,1.7,0.4739583333333333,0.39999999999999997,3.2
1180,19,24,26,1.736842105263158,0.5104166666666666,0.4823763889427201,3.3684210526315788
1181,19,24,26,1.736842105263158,0.5130208333333333,0.4823763889427201,3.3684210526315788
1182,18,25,25,1.7,0.4973958333333333,0.39999999999999997,3.2
1183,19,23,28,1.736842105263158,0.5364583333333333,0.4823763889427201,3.3684210526315788
1184,19,26,26,1.736842105263158,0.4973958333333333,0.4823763889427201,3.3684210526315788
1185,18,22,26,1.65,0.5264550264550264,0.47696960070847283,3.15
1186,19,24,26,1.736842105263158,0.5130208333333333,0.4823763889427201,3.3684210526315788
1187,19,24,25,1.6842105263157894,0.5026455026455026,0.5668594533825794,3.3157894736842106
1188,18,23,27,1.7,0.5260416666666666,0.39999999999999997,3.2
1189,18,22,27,1.7,0.5338541666666666,0.39999999999999997,3.2
1190,18,24,26,1.7,0.5130208333333333,0.39999999999999997,3.2
1191,19,25,26,1.736842105263158,0.5026041666666666,0.4823763889427201,3.3684210526315788
1192,18,22,26,1.7,0.5260416666666666,0.39999999999999997,3.2
1193,19,22,27,1.6842105263157894,0.537037037037037,0.5668594533825794,3.3157894736842106
1194,18,32,18,1.65,0.38095238095238093,0.47696960070847283,3.15
1195,19,24,27,1.736842105263158,0.5208333333333333,0.4823763889427201,3.3684210526315788
1196,19,23,27,1.736842105263158,0.5286458333333333,0.4823763889427201,3.3684210526315788
1197,19,30,23,1.736842105263158,0.4427083333333333,0.4823763889427201,3.3684210526315788
1198,18,24,27,1.7,0.5208333333333333,0.39999999999999997,3.2
1199,19,23,28,1.736842105263158,0.5364583333333333,0.4823763889427201,3.3684210526315788
1200,18,21,26,1.7,0.53125,0.39999999999999997,3.2
1201,18,22,26,1.7,0.5234375,0.39999999999999997,3.2
1202,19,23,28,1.736842105263158,0.5364583333333333,0.4823763889427201,3.3684210526315788
1203,18,35,16,1.7,0.3411458333333333,0.39999999999999997,3.2
1204,19,22,27,1.736842105263158,0.5364583333333333,0.4823763889427201,3.3684210526315788
1205,19,22,28,1.736842105263158,0.5442708333333333,0.48237638894272,3.3684210526315788
1206,18,22,27,1.7,0.5338541666666666,0.39999999999999997,3.2
1207,18,23,27,1.7,0.5286458333333333,0.39999999999999997,3.2
1208,18,20,27,1.65,0.5476190476190477,0.47696960070847283,3.15
1209,18,23,27,1.65,0.5291005291005291,0.47696960070847283,3.15
1210,18,23,26,1.65,0.5185185185185185,0.47696960070847283,3.15
1211,19,22,29,1.6842105263157894,0.5529100529100528,0.5668594533825794,3.3157894736842106
1212,18,21,27,1.65,0.5423280423280423,0.47696960070847283,3.15
1213,19,24,26,1.736842105263158,0.5130208333333333,0.4823763889427201,3.3684210526315788
1214,18,23,27,1.7,0.5286458333333333,0.39999999999999997,3.2
1215,18,21,26,1.7,0.53125,0.39999999999999997,3.2
1216,19,25,26,1.736842105263158,0.5052083333333333,0.4823763889427201,3.3684210526315788
1217,19,27,22,1.736842105263158,0.45572916666666663,0.4823763889427201,3.3684210526315788
1218,19,23,27,1.736842105263158,0.5286458333333333,0.4823763889427201,3.3684210526315788
1219,19,23,27,1.736842105263158,0.5286458333333333,0.4823763889427201,3.3684210526315788
1220,19,24,27,1.736842105263158,0.5182291666666666,0.4823763889427201,3.3684210526315788
1221,18,23,27,1.7,0.5260416666666666,0.39999999999999997,3.2
1222,18,21,27,1.65,0.5396825396825397,0.47696960070847283,3.15
1223,19,23,28,1.736842105263158,0.5364583333333333,0.4823763889427201,3.3684210526315788
1224,19,21,28,1.736842105263158,0.5520833333333333,0.4823763889427201,3.3684210526315788
1225,18,22,28,1.7,0.5442708333333333,0.39999999999999997,3.2
1226,18,24,27,1.7,0.5208333333333333,0.39999999999999997,3.2
1227,18,21,27,1.7,0.5416666666666666,0.39999999999999997,3.2
1228,18,24,26,1.65,0.5105820105820106,0.47696960070847283,3.15
1229,18,21,27,1.7,0.5416666666666666,0.39999999999999997,3.2
1230,19,22,28,1.736842105263158,0.5416666666666666,0.4823763889427201,3.3684210526315788
1231,19,21,27,1.6842105263157894,0.5423280423280423,0.5668594533825794,3.3157894736842106
1232,18,21,27,1.65,0.5423280423280423,0.47696960070847283,3.15
1233,19,30,21,1.736842105263158,0.42447916666666663,0.4823763889427201,3.3684210526315788
1234,19,33,17,1.736842105263158,0.36979166666666663,0.4823763889427201,3.3684210526315788
1235,18,30,22,1.7,0.4348958333333333,0.39999999999999997,3.2
1236,18,20,28,1.7,0.5520833333333334,0.39999999999999997,3.2
1237,18,21,27,1.7,0.5416666666666666,0.39999999999999997,3.2
1238,18,23,27,1.7,0.5260416666666666,0.39999999999999997,3.2
1239,19,22,28,1.736842105263158,0.5416666666666666,0.4823763889427201,3.3684210526315788
1240,18,20,28,1.65,0.5608465608465608,0.47696960070847283,3.15
1241,18,23,28,1.65,0.537037037037037,0.47696960070847283,3.15
1242,18,23,27,1.7,0.5286458333333333,0.39999999999999997,3.2
1243,18,21,28,1.7,0.5494791666666666,0.39999999999999997,3.2
1244,19,25,27,1.736842105263158,0.5130208333333333,0.4823763889427201,3.3684210526315788
1245,18,22,26,1.7,0.5260416666666666,0.39999999999999997,3.2
1246,18,24,26,1.7,0.5104166666666666,0.39999999999999997,3.2
1247,18,24,27,1.7,0.5208333333333333,0.39999999999999997,3.2
1248,18,23,27,1.7,0.5286458333333333,0.39999999999999997,3.2
1249,19,26,25,1.736842105263158,0.4895833333333333,0.4823763889427201,3.3684210526315788
1250,18,21,27,1.7,0.5416666666666666,0.39999999999999997,3.2
1251,18,22,28,1.65,0.5423280423280423,0.47696960070847283,3.15
1252,18,22,27,1.65,0.537037037037037,0.47696960070847283,3.15
1253,18,24,27,1.7,0.5182291666666666,0.39999999999999997,3.2
1254,19,24,28,1.736842105263158,0.5286458333333333,0.4823763889427201,3.3684210526315788
1255,19,23,28,1.736842105263158,0.5364583333333333,0.48237638894272,3.3684210526315788
1256,18,26,26,1.7,0.4973958333333333,0.39999999999999997,3.2
1257,18,25,25,1.7,0.49479166666666663,0.39999999999999997,3.2
1258,19,21,28,1.6842105263157894,0.5502645502645502,0.5668594533825794,3.3157894736842106
1259,18,23,27,1.7,0.5286458333333333,0.39999999999999997,3.2
1260,19,23,27,1.736842105263158,0.5286458333333333,0.4823763889427201,3.3684210526315788
1261,18,24,27,1.7,0.5208333333333333,0.39999999999999997,3.2
1262,19,23,28,1.736842105263158,0.5364583333333333,0.4823763889427201,3.3684210526315788
1263,18,23,27,1.7,0.5260416666666666,0.39999999999999997,3.2
1264,19,22,29,1.736842105263158,0.5520833333333333,0.4823763889427201,3.3684210526315788
1265,18,23,27,1.7,0.5286458333333333,0.39999999999999997,3.2
1266,18,31,21,1.7,0.4192708333333333,0.39999999999999997,3.2
1267,19,23,28,1.736842105263158,0.5364583333333333,0.4823763889427201,3.3684210526315788
1268,19,22,28,1.736842105263158,0.5416666666666666,0.48237638894272,3.3684210526315788
1269,18,24,27,1.7,0.5208333333333333,0.39999999999999997,3.2
1270,18,23,27,1.7,0.5260416666666666,0.39999999999999997,3.2
1271,19,22,28,1.736842105263158,0.5416666666666666,0.4823763889427201,3.3684210526315788
1272,19,21,27,1.736842105263158,0.5442708333333333,0.4823763889427201,3.3684210526315788
1273,19,22,28,1.736842105263158,0.5442708333333333,0.4823763889427201,3.3684210526315788
1274,18,29,22,1.7,0.44010416666666663,0.39999999999999997,3.2
1275,18,21,27,1.65,0.5423280423280423,0.47696960070847283,3.15
1276,19,23,27,1.736842105263158,0.5286458333333333,0.4823763889427201,3.3684210526315788
1277,19,23,28,1.736842105263158,0.5364583333333333,0.4823763889427201,3.3684210526315788
1278,19,23,27,1.736842105263158,0.5286458333333333,0.4823763889427201,3.3684210526315788
1279,19,24,26,1.736842105263158,0.5104166666666666,0.4823763889427201,3.3684210526315788
1280,19,23,28,1.736842105263158,0.5364583333333333,0.4823763889427201,3.3684210526315788
1281,19,22,28,1.736842105263158,0.5442708333333333,0.4823763889427201,3.3684210526315788
1282,19,23,28,1.736842105263158,0.5364583333333333,0.4823763889427201,3.3684210526315788
1283,18,32,18,1.7,0.3828125,0.39999999999999997,3.2
1284,18,23,27,1.7,0.5260416666666666,0.39999999999999997,3.2
1285,18,25,26,1.7,0.5052083333333333,0.39999999999999997,3.2
1286,19,21,28,1.6842105263157894,0.5529100529100528,0.5668594533825794,3.3157894736842106
1287,18,20,28,1.7,0.5572916666666666,0.39999999999999997,3.2
1288,19,21,28,1.736842105263158,0.5520833333333333,0.4823763889427201,3.3684210526315788
1289,18,20,28,1.7,0.5546875,0.39999999999999997,3.2
1290,19,21,28,1.736842105263158,0.5494791666666666,0.4823763889427201,3.3684210526315788
1291,18,21,28,1.7,0.5520833333333333,0.39999999999999997,3.2
1292,19,22,28,1.6842105263157894,0.5423280423280423,0.5668594533825794,3.3157894736842106
1293,18,21,27,1.7,0.5390625,0.39999999999999997,3.2
1294,19,23,27,1.736842105263158,0.5260416666666666,0.4823763889427201,3.3684210526315788
1295,19,20,28,1.6842105263157894,0.5608465608465608,0.5668594533825794,3.3157894736842106
1296,18,23,28,1.7,0.5364583333333333,0.39999999999999997,3.2
1297,19,23,28,1.736842105263158,0.5364583333333333,0.4823763889427201,3.3684210526315788
1298,18,23,27,1.7,0.5234375,0.39999999999999997,3.2
1299,19,22,28,1.6842105263157894,0.5449735449735449,0.5668594533825794,3.3157894736842106
1300,18,25,23,1.75,0.4765625,0.39999999999999997,3.2
1301,19,21,28,1.736842105263158,0.5520833333333333,0.4823763889427201,3.3684210526315788
1302,19,22,28,1.6842105263157894,0.5449735449735449,0.5668594533825794,3.3157894736842106
1303,18,21,28,1.7,0.5520833333333333,0.39999999999999997,3.2
1304,18,24,27,1.7,0.5208333333333333,0.39999999999999997,3.2
1305,19,22,27,1.736842105263158,0.53125,0.4823763889427201,3.3684210526315788
1306,19,32,18,1.6842105263157894,0.38541666666666663,0.4823763889427201,3.3684210526315788
1307,18,20,28,1.7,0.5572916666666666,0.39999999999999997,3.2
1308,18,22,28,1.7,0.5442708333333333,0.39999999999999997,3.2
1309,18,21,28,1.7,0.5520833333333333,0.39999999999999997,3.2
1310,18,22,28,1.7,0.5416666666666666,0.39999999999999997,3.2
1311,18,22,27,1.7,0.5338541666666666,0.39999999999999997,3.2
1312,19,23,28,1.736842105263158,0.5338541666666667,0.4823763889427201,3.3684210526315788
1313,19,27,23,1.736842105263158,0.46354166666666663,0.4823763889427201,3.3684210526315788
1314,18,23,27,1.65,0.5264550264550264,0.47696960070847283,3.15
1315,19,21,28,1.736842105263158,0.5520833333333333,0.4823763889427201,3.3684210526315788
1316,19,20,28,1.736842105263158,0.5598958333333333,0.4823763889427201,3.3684210526315788
1317,18,22,27,1.65,0.5343915343915343,0.47696960070847283,3.15
1318,18,21,27,1.7,0.5416666666666666,0.39999999999999997,3.2
1319,18,21,28,1.7,0.5520833333333333,0.39999999999999997,3.2
1320,18,21,28,1.7,0.5520833333333333,0.39999999999999997,3.2
1321,18,22,27,1.7,0.53125,0.39999999999999997,3.2
1322,18,20,27,1.7,0.546875,0.39999999999999997,3.2
1323,19,22,28,1.736842105263158,0.5442708333333333,0.4823763889427201,3.3684210526315788
1324,18,22,28,1.7,0.5442708333333333,0.39999999999999997,3.2
1325,18,21,27,1.7,0.5390625,0.39999999999999997,3.2
1326,19,22,27,1.736842105263158,0.5364583333333333,0.4823763889427201,3.3684210526315788
1327,18,24,26,1.7,0.5104166666666666,0.39999999999999997,3.2
1328,19,22,28,1.736842105263158,0.5416666666666666,0.4823763889427201,3.3684210526315788
1329,19,22,28,1.736842105263158,0.5416666666666666,0.4823763889427201,3.3684210526315788
1330,18,21,28,1.65,0.5529100529100528,0.47696960070847283,3.15
1331,18,24,27,1.7,0.5208333333333333,0.39999999999999997,3.2
1332,18,21,28,1.7,0.5494791666666666,0.39999999999999997,3.2
1333,18,26,24,1.65,0.48148148148148145,0.47696960070847283,3.15
1334,19,32,19,1.736842105263158,0.3958333333333333,0.4823763889427201,3.3684210526315788
1335,19,24,27,1.736842105263158,0.5208333333333333,0.4823763889427201,3.3684210526315788
1336,18,23,27,1.7,0.5286458333333333,0.39999999999999997,3.2
1337,19,21,29,1.6842105263157894,0.5608465608465608,0.5668594533825794,3.3157894736842106
1338,18,22,27,1.7,0.5338541666666666,0.39999999999999997,3.2
1339,19,22,28,1.736842105263158,0.5442708333333333,0.4823763889427201,3.3684210526315788
1340,18,21,27,1.65,0.5449735449735449,0.47696960070847283,3.15
1341,19,22,27,1.736842105263158,0.5364583333333333,0.4823763889427201,3.3684210526315788
1342,19,21,28,1.736842105263158,0.5520833333333333,0.4823763889427201,3.3684210526315788
1343,18,23,27,1.7,0.5260416666666666,0.39999999999999997,3.2
1344,18,24,27,1.7,0.5208333333333333,0.39999999999999997,3.2
1345,18,23,27,1.7,0.5286458333333333,0.39999999999999997,3.2
1346,18,23,27,1.7,0.5260416666666666,0.39999999999999997,3.2
1347,19,20,28,1.736842105263158,0.5598958333333333,0.4823763889427201,3.3684210526315788
1348,19,20,28,1.736842105263158,0.5598958333333333,0.48237638894272,3.3684210526315788
1349,18,21,28,1.7,0.546875,0.39999999999999997,3.2
1350,19,23,28,1.736842105263158,0.5364583333333333,0.4823763889427201,3.3684210526315788
1351,19,22,28,1.736842105263158,0.5442708333333333,0.48237638894272,3.3684210526315788
1352,18,23,28,1.7,0.5364583333333333,0.39999999999999997,3.2
1353,18,22,27,1.65,0.5343915343915343,0.47696960070847283,3.15
1354,18,30,22,1.7,0.4348958333333333,0.39999999999999997,3.2
1355,18,22,27,1.7,0.5338541666666666,0.39999999999999997,3.2
1356,18,30,23,1.7,0.4427083333333333,0.39999999999999997,3.2
1357,19,36,19,1.736842105263158,0.3645833333333333,0.48237638894272,3.3684210526315788
1358,18,21,27,1.7,0.5416666666666666,0.39999999999999997,3.2
1359,18,24,27,1.7,0.5182291666666666,0.39999999999999997,3.2
1360,19,21,29,1.6842105263157894,0.5608465608465608,0.5668594533825794,3.3157894736842106
1361,18,22,28,1.7,0.5416666666666666,0.39999999999999997,3.2
1362,18,22,28,1.7,0.5442708333333333,0.39999999999999997,3.2
1363,18,24,28,1.7,0.5286458333333333,0.39999999999999997,3.2
1364,18,23,28,1.7,0.5364583333333333,0.39999999999999997,3.2
1365,19,25,27,1.736842105263158,0.5130208333333333,0.4823763889427201,3.3684210526315788
1366,18,23,26,1.65,0.521164021164021,0.47696960070847283,3.15
1367,19,22,28,1.736842105263158,0.5416666666666666,0.4823763889427201,3.3684210526315788
1368,18,23,27,1.7,0.5286458333333333,0.39999999999999997,3.2
1369,18,24,28,1.7,0.53125,0.39999999999999997,3.2
1370,18,20,28,1.7,0.5572916666666666,0.39999999999999997,3.2
1371,18,23,27,1.7,0.5260416666666666,0.39999999999999997,3.2
1372,19,22,28,1.736842105263158,0.5416666666666666,0.4823763889427201,3.3684210526315788
1373,19,22,28,1.736842105263158,0.5442708333333333,0.4823763889427201,3.3684210526315788
1374,18,21,28,1.7,0.5520833333333333,0.39999999999999997,3.2
1375,19,21,29,1.6842105263157894,0.5582010582010581,0.5668594533825794,3.3157894736842106
1376,18,24,28,1.7,0.5286458333333333,0.39999999999999997,3.2
1377,18,22,28,1.7,0.5442708333333333,0.39999999999999997,3.2
1378,19,27,23,1.736842105263158,0.46354166666666663,0.4823763889427201,3.3684210526315788
1379,18,30,23,1.7,0.4427083333333333,0.39999999999999997,3.2
1380,19,21,28,1.736842105263158,0.5494791666666667,0.4823763889427201,3.3684210526315788
1381,18,25,26,1.7,0.5026041666666666,0.39999999999999997,3.2
1382,18,23,27,1.7,0.5260416666666666,0.39999999999999997,3.2
1383,18,22,27,1.7,0.53125,0.39999999999999997,3.2
1384,19,23,28,1.736842105263158,0.5364583333333333,0.48237638894272,3.3684210526315788
1385,18,22,28,1.7,0.5416666666666666,0.39999999999999997,3.2
1386,19,22,28,1.736842105263158,0.5442708333333333,0.48237638894272,3.3684210526315788
1387,19,27,23,1.736842105263158,0.46354166666666663,0.4823763889427201,3.3684210526315788
1388,19,20,28,1.736842105263158,0.5572916666666667,0.4823763889427201,3.3684210526315788
1389,18,20,28,1.7,0.5572916666666666,0.39999999999999997,3.2
1390,18,22,27,1.7,0.5364583333333333,0.39999999999999997,3.2
1391,19,22,27,1.736842105263158,0.5338541666666666,0.4823763889427201,3.3684210526315788
1392,18,22,28,1.7,0.5442708333333333,0.39999999999999997,3.2
1393,18,21,28,1.7,0.5494791666666666,0.39999999999999997,3.2
1394,18,23,26,1.7,0.5182291666666666,0.39999999999999997,3.2
1395,18,22,27,1.7,0.5364583333333333,0.39999999999999997,3.2
1396,18,23,27,1.65,0.5264550264550264,0.47696960070847283,3.15
1397,18,24,27,1.7,0.5208333333333333,0.39999999999999997,3.2
1398,18,26,26,1.7,0.4973958333333333,0.39999999999999997,3.2
1399,19,28,20,1.7894736842105263,0.4296875,0.4823763889427201,3.3684210526315788
1400,19,22,28,1.736842105263158,0.5442708333333333,0.4823763889427201,3.3684210526315788
1401,18,22,28,1.7,0.5442708333333333,0.39999999999999997,3.2
1402,19,19,28,1.736842105263158,0.5651041666666667,0.4823763889427201,3.3684210526315788
1403,18,22,27,1.7,0.5364583333333333,0.39999999999999997,3.2
1404,18,21,28,1.7,0.5520833333333333,0.39999999999999997,3.2
1405,18,24,27,1.7,0.5208333333333333,0.39999999999999997,3.2
1406,18,21,28,1.7,0.5520833333333333,0.39999999999999997,3.2
1407,19,21,28,1.736842105263158,0.5520833333333333,0.4823763889427201,3.3684210526315788
1408,18,21,27,1.65,0.5449735449735449,0.47696960070847283,3.15
1409,19,22,28,1.736842105263158,0.5442708333333333,0.4823763889427201,3.3684210526315788
1410,19,19,29,1.6842105263157894,0.5767195767195766,0.5668594533825794,3.3157894736842106
1411,18,21,28,1.7,0.5520833333333333,0.39999999999999997,3.2
1412,19,24,25,1.736842105263158,0.49739583333333337,0.4823763889427201,3.3684210526315788
1413,19,26,24,1.6842105263157894,0.4788359788359788,0.5668594533825794,3.3157894736842106
1414,18,20,28,1.65,0.5582010582010581,0.47696960070847283,3.15
1415,18,23,27,1.65,0.5291005291005291,0.47696960070847283,3.15
1416,18,22,28,1.65,0.5449735449735449,0.47696960070847283,3.15
1417,18,22,27,1.7,0.5364583333333333,0.39999999999999997,3.2
1418,18,22,27,1.65,0.5343915343915343,0.47696960070847283,3.15
1419,19,20,28,1.736842105263158,0.5572916666666667,0.4823763889427201,3.3684210526315788
1420,19,21,28,1.736842105263158,0.5520833333333333,0.4823763889427201,3.3684210526315788
1421,18,19,28,1.65,0.5661375661375662,0.47696960070847283,3.15
1422,19,21,28,1.736842105263158,0.5520833333333333,0.4823763889427201,3.3684210526315788
1423,19,21,28,1.736842105263158,0.5494791666666667,0.4823763889427201,3.3684210526315788
1424,19,20,28,1.736842105263158,0.5598958333333333,0.4823763889427201,3.3684210526315788
1425,19,22,28,1.736842105263158,0.5416666666666666,0.4823763889427201,3.3684210526315788
1426,18,23,28,1.7,0.5338541666666666,0.39999999999999997,3.2
1427,18,23,27,1.7,0.5286458333333333,0.39999999999999997,3.2
1428,18,23,25,1.65,0.5105820105820106,0.47696960070847283,3.15
1429,19,22,28,1.736842105263158,0.5442708333333333,0.4823763889427201,3.3684210526315788
1430,18,34,19,1.7,0.3802083333333333,0.39999999999999997,3.2
1431,19,23,28,1.736842105263158,0.5364583333333333,0.4823763889427201,3.3684210526315788
1432,19,21,27,1.6842105263157894,0.5449735449735449,0.5668594533825794,3.3157894736842106
1433,18,21,28,1.7,0.5520833333333333,0.39999999999999997,3.2
1434,19,19,28,1.736842105263158,0.5651041666666667,0.4823763889427201,3.3684210526315788
1435,18,21,28,1.7,0.5494791666666666,0.39999999999999997,3.2
1436,18,30,20,1.7,0.4192708333333333,0.39999999999999997,3.2
1437,19,20,28,1.736842105263158,0.5598958333333333,0.4823763889427201,3.3684210526315788
1438,19,20,28,1.6842105263157894,0.5608465608465608,0.5668594533825794,3.3157894736842106
1439,18,21,28,1.7,0.5520833333333333,0.39999999999999997,3.2
1440,19,20,28,1.736842105263158,0.5598958333333333,0.4823763889427201,3.3684210526315788
1441,18,22,28,1.7,0.5442708333333333,0.39999999999999997,3.2
1442,18,21,28,1.7,0.5520833333333333,0.39999999999999997,3.2
1443,19,23,28,1.736842105263158,0.5364583333333333,0.4823763889427201,3.3684210526315788
1444,19,22,28,1.736842105263158,0.5416666666666666,0.4823763889427201,3.3684210526315788
1445,19,21,28,1.736842105263158,0.5494791666666666,0.4823763889427201,3.3684210526315788
1446,18,23,27,1.7,0.5260416666666666,0.39999999999999997,3.2
1447,18,22,28,1.7,0.5442708333333333,0.39999999999999997,3.2
1448,19,23,28,1.736842105263158,0.5364583333333333,0.4823763889427201,3.3684210526315788
1449,18,23,27,1.65,0.5264550264550264,0.47696960070847283,3.15
1450,19,20,28,1.736842105263158,0.5598958333333333,0.4823763889427201,3.3684210526315788
1451,18,22,27,1.65,0.537037037037037,0.47696960070847283,3.15
1452,18,23,28,1.7,0.5364583333333333,0.39999999999999997,3.2
1453,18,25,28,1.7,0.5234375,0.39999999999999997,3.2
1454,18,20,28,1.7,0.5572916666666666,0.39999999999999997,3.2
1455,19,19,28,1.736842105263158,0.5651041666666667,0.4823763889427201,3.3684210526315788
1456,18,22,27,1.7,0.5364583333333333,0.39999999999999997,3.2
1457,19,21,28,1.736842105263158,0.5520833333333333,0.4823763889427201,3.3684210526315788
1458,18,23,27,1.7,0.5260416666666666,0.39999999999999997,3.2
1459,18,21,28,1.7,0.5494791666666666,0.39999999999999997,3.2
1460,19,20,28,1.736842105263158,0.5598958333333333,0.4823763889427201,3.3684210526315788
1461,19,21,28,1.736842105263158,0.5520833333333333,0.4823763889427201,3.3684210526315788
1462,19,26,24,1.6842105263157894,0.48148148148148145,0.5668594533825794,3.3157894736842106
1463,18,21,28,1.7,0.5520833333333333,0.39999999999999997,3.2
1464,19,21,28,1.736842105263158,0.5520833333333333,0.4823763889427201,3.3684210526315788
1465,18,21,28,1.7,0.5494791666666666,0.39999999999999997,3.2
1466,19,19,28,1.736842105263158,0.5651041666666667,0.48237638894272,3.3684210526315788
1467,19,20,28,1.736842105263158,0.5598958333333333,0.4823763889427201,3.3684210526315788
1468,19,21,28,1.736842105263158,0.5520833333333333,0.4823763889427201,3.3684210526315788
1469,18,22,26,1.7,0.5234375,0.39999999999999997,3.2
1470,19,21,28,1.736842105263158,0.5520833333333333,0.4823763889427201,3.3684210526315788
1471,18,24,27,1.7,0.5208333333333333,0.39999999999999997,3.2
1472,18,21,28,1.7,0.5494791666666666,0.39999999999999997,3.2
1473,18,21,28,1.7,0.5520833333333333,0.39999999999999997,3.2
1474,19,24,25,1.736842105263158,0.5052083333333333,0.4823763889427201,3.3684210526315788
1475,19,20,28,1.736842105263158,0.5598958333333333,0.4823763889427201,3.3684210526315788
1476,19,21,28,1.736842105263158,0.5520833333333333,0.4823763889427201,3.3684210526315788
1477,18,22,27,1.7,0.53125,0.39999999999999997,3.2
1478,18,24,27,1.7,0.5208333333333333,0.39999999999999997,3.2
1479,19,19,28,1.6842105263157894,0.566137566137566,0.5668594533825794,3.3157894736842106
1480,19,22,28,1.736842105263158,0.5442708333333333,0.4823763889427201,3.3684210526315788
1481,19,21,28,1.736842105263158,0.5520833333333333,0.4823763889427201,3.3684210526315788
1482,18,20,27,1.65,0.5502645502645502,0.47696960070847283,3.15
1483,18,20,28,1.7,0.5572916666666666,0.39999999999999997,3.2
1484,19,19,28,1.736842105263158,0.5651041666666667,0.4823763889427201,3.3684210526315788
1485,18,21,27,1.65,0.5449735449735449,0.47696960070847283,3.15
1486,18,20,28,1.7,0.5572916666666666,0.39999999999999997,3.2
1487,19,20,28,1.736842105263158,0.5572916666666667,0.4823763889427201,3.3684210526315788
1488,19,20,28,1.736842105263158,0.5572916666666667,0.4823763889427201,3.3684210526315788
1489,19,22,28,1.736842105263158,0.5442708333333333,0.4823763889427201,3.3684210526315788
1490,19,21,29,1.6842105263157894,0.5608465608465608,0.5668594533825794,3.3157894736842106
1491,19,22,28,1.736842105263158,0.5442708333333333,0.4823763889427201,3.3684210526315788
1492,18,20,28,1.7,0.5572916666666666,0.39999999999999997,3.2
1493,18,22,28,1.7,0.5442708333333333,0.39999999999999997,3.2
1494,19,22,28,1.6842105263157894,0.5449735449735449,0.5668594533825794,3.3157894736842106
1495,19,20,28,1.736842105263158,0.5572916666666666,0.48237638894272,3.3684210526315788
1496,19,21,28,1.736842105263158,0.5494791666666666,0.4823763889427201,3.3684210526315788
1497,18,20,28,1.7,0.5572916666666666,0.39999999999999997,3.2
1498,19,31,20,1.7894736842105263,0.4114583333333333,0.4823763889427201,3.3684210526315788
1499,18,21,28,1.7,0.5520833333333333,0.39999999999999997,3.2
1500,18,20,28,1.7,0.5572916666666666,0.39999999999999997,3.2
1501,18,28,23,1.7,0.45572916666666663,0.39999999999999997,3.2
1502,18,20,28,1.7,0.5572916666666666,0.39999999999999997,3.2
1503,19,22,28,1.736842105263158,0.5442708333333333,0.4823763889427201,3.3684210526315788
1504,18,20,28,1.7,0.5572916666666666,0.39999999999999997,3.2
1505,18,20,28,1.7,0.5572916666666666,0.39999999999999997,3.2
1506,19,20,28,1.736842105263158,0.5598958333333333,0.4823763889427201,3.3684210526315788
1507,19,20,28,1.736842105263158,0.5598958333333333,0.4823763889427201,3.3684210526315788
1508,19,20,28,1.736842105263158,0.5598958333333333,0.4823763889427201,3.3684210526315788
1509,19,20,28,1.736842105263158,0.5572916666666667,0.4823763889427201,3.3684210526315788
1510,18,21,27,1.65,0.5396825396825397,0.47696960070847283,3.15
1511,18,20,28,1.7,0.5572916666666666,0.39999999999999997,3.2
1512,18,21,27,1.7,0.5416666666666666,0.39999999999999997,3.2
1513,18,21,28,1.7,0.5494791666666666,0.39999999999999997,3.2
1514,18,20,28,1.7,0.5572916666666666,0.39999999999999997,3.2
1515,18,20,28,1.7,0.5572916666666666,0.39999999999999997,3.2
1516,18,21,28,1.7,0.5520833333333333,0.39999999999999997,3.2
1517,20,32,22,1.7777777777777777,0.4192708333333333,0.49690399499995325,3.5555555555555554
1518,18,20,27,1.65,0.5502645502645502,0.47696960070847283,3.15
1519,19,31,19,1.736842105263158,0.40104166666666663,0.4823763889427201,3.3684210526315788
1520,19,21,28,1.736842105263158,0.5494791666666667,0.4823763889427201,3.3684210526315788
1521,18,22,27,1.7,0.5338541666666666,0.39999999999999997,3.2
1522,19,20,28,1.736842105263158,0.5572916666666667,0.48237638894272,3.3684210526315788
1523,18,32,19,1.7,0.390625,0.39999999999999997,3.2
1524,18,21,28,1.7,0.5520833333333333,0.39999999999999997,3.2
1525,18,28,20,1.65,0.42708333333333337,0.39999999999999997,3.2
1526,18,20,28,1.7,0.5572916666666666,0.39999999999999997,3.2
1527,18,20,28,1.7,0.5572916666666666,0.39999999999999997,3.2
1528,19,21,27,1.736842105263158,0.5416666666666666,0.4823763889427201,3.3684210526315788
1529,18,20,28,1.7,0.5572916666666666,0.39999999999999997,3.2
1530,19,20,28,1.736842105263158,0.5572916666666667,0.4823763889427201,3.3684210526315788
1531,19,19,29,1.6842105263157894,0.5767195767195766,0.5668594533825794,3.3157894736842106
1532,19,22,26,1.736842105263158,0.5260416666666666,0.4823763889427201,3.3684210526315788
1533,18,20,28,1.7,0.5572916666666666,0.39999999999999997,3.2
1534,19,27,21,1.736842105263158,0.4427083333333333,0.4823763889427201,3.3684210526315788
1535,19,21,28,1.736842105263158,0.546875,0.48237638894272,3.3684210526315788
1536,19,19,28,1.736842105263158,0.5651041666666667,0.4823763889427201,3.3684210526315788
1537,18,20,28,1.7,0.5572916666666666,0.39999999999999997,3.2
1538,18,21,28,1.7,0.5520833333333333,0.39999999999999997,3.2
1539,18,20,28,1.7,0.5572916666666666,0.39999999999999997,3.2
1540,18,22,27,1.7,0.5338541666666666,0.39999999999999997,3.2
1541,18,19,27,1.65,0.5555555555555556,0.47696960070847283,3.15
1542,19,21,28,1.736842105263158,0.5494791666666666,0.4823763889427201,3.3684210526315788
1543,18,22,27,1.7,0.5364583333333333,0.39999999999999997,3.2
1544,19,25,24,1.736842105263158,0.484375,0.4823763889427201,3.3684210526315788
1545,19,21,28,1.736842105263158,0.5494791666666667,0.4823763889427201,3.3684210526315788
1546,19,20,28,1.736842105263158,0.5572916666666667,0.4823763889427201,3.3684210526315788
1547,18,21,27,1.7,0.5416666666666666,0.39999999999999997,3.2
1548,19,21,28,1.736842105263158,0.5494791666666667,0.4823763889427201,3.3684210526315788
1549,19,19,28,1.736842105263158,0.5651041666666667,0.4823763889427201,3.3684210526315788
1550,19,20,28,1.736842105263158,0.5598958333333333,0.4823763889427201,3.3684210526315788
1551,19,21,28,1.736842105263158,0.5520833333333333,0.4823763889427201,3.3684210526315788
1552,18,20,28,1.7,0.5572916666666666,0.39999999999999997,3.2
1553,18,23,27,1.7,0.5286458333333333,0.39999999999999997,3.2
1554,19,23,28,1.736842105263158,0.5364583333333333,0.4823763889427201,3.3684210526315788
1555,18,22,27,1.7,0.5364583333333333,0.39999999999999997,3.2
1556,18,21,28,1.7,0.5520833333333333,0.39999999999999997,3.2
1557,19,20,27,1.736842105263158,0.5494791666666666,0.4823763889427201,3.3684210526315788
1558,18,22,28,1.7,0.5442708333333333,0.39999999999999997,3.2
1559,19,19,28,1.736842105263158,0.5651041666666667,0.48237638894272,3.3684210526315788
1560,19,23,27,1.736842105263158,0.5286458333333333,0.4823763889427201,3.3684210526315788
1561,19,19,29,1.736842105263158,0.5729166666666667,0.4823763889427201,3.3684210526315788
1562,19,21,28,1.736842105263158,0.5520833333333333,0.4823763889427201,3.3684210526315788
1563,19,17,29,1.6842105263157894,0.5873015873015873,0.5668594533825794,3.3157894736842106
1564,19,23,27,1.736842105263158,0.5286458333333333,0.4823763889427201,3.3684210526315788
1565,18,21,27,1.7,0.5416666666666666,0.39999999999999997,3.2
1566,19,19,28,1.736842105263158,0.5651041666666667,0.4823763889427201,3.3684210526315788
1567,19,20,28,1.736842105263158,0.5546875,0.4823763889427201,3.3684210526315788
1568,18,20,28,1.7,0.5572916666666666,0.39999999999999997,3.2
1569,19,20,28,1.736842105263158,0.5598958333333333,0.4823763889427201,3.3684210526315788
1570,19,18,28,1.6842105263157894,0.5714285714285714,0.5668594533825794,3.3157894736842106
1571,19,33,19,1.736842105263158,0.38541666666666663,0.4823763889427201,3.3684210526315788
1572,18,20,28,1.7,0.5572916666666666,0.39999999999999997,3.2
1573,18,21,27,1.65,0.5449735449735449,0.47696960070847283,3.15
1574,19,21,28,1.736842105263158,0.5494791666666667,0.4823763889427201,3.3684210526315788
1575,19,20,28,1.736842105263158,0.5572916666666667,0.4823763889427201,3.3684210526315788
1576,19,19,28,1.736842105263158,0.5651041666666667,0.4823763889427201,3.3684210526315788
1577,19,20,28,1.736842105263158,0.5572916666666666,0.4823763889427201,3.3684210526315788
1578,19,19,28,1.736842105263158,0.5651041666666667,0.4823763889427201,3.3684210526315788
1579,18,20,28,1.7,0.5572916666666666,0.39999999999999997,3.2
1580,18,21,27,1.65,0.5423280423280423,0.47696960070847283,3.15
1581,18,22,27,1.7,0.5364583333333333,0.39999999999999997,3.2
1582,18,20,28,1.7,0.5572916666666666,0.39999999999999997,3.2
1583,18,21,27,1.7,0.5416666666666666,0.39999999999999997,3.2
1584,19,19,28,1.736842105263158,0.5651041666666667,0.4823763889427201,3.3684210526315788
1585,18,21,27,1.7,0.5416666666666666,0.39999999999999997,3.2
1586,18,23,27,1.7,0.5260416666666666,0.39999999999999997,3.2
1587,18,21,28,1.7,0.5520833333333333,0.39999999999999997,3.2
1588,19,35,20,1.736842105263158,0.37760416666666663,0.4823763889427201,3.3684210526315788
1589,19,34,22,1.736842105263158,0.4036458333333333,0.4823763889427201,3.3684210526315788
1590,19,21,28,1.736842105263158,0.546875,0.4823763889427201,3.3684210526315788
1591,19,21,29,1.6842105263157894,0.5608465608465608,0.5668594533825794,3.3157894736842106
1592,18,22,28,1.7,0.5442708333333333,0.39999999999999997,3.2
1593,19,24,26,1.736842105263158,0.5130208333333333,0.4823763889427201,3.3684210526315788
1594,18,20,28,1.7,0.5572916666666666,0.39999999999999997,3.2
1595,19,24,26,1.736842105263158,0.5104166666666666,0.48237638894272,3.3684210526315788
1596,19,21,28,1.736842105263158,0.5520833333333333,0.4823763889427201,3.3684210526315788
1597,18,20,28,1.7,0.5572916666666666,0.39999999999999997,3.2
1598,18,20,27,1.65,0.5476190476190477,0.47696960070847283,3.15
1599,18,20,28,1.7,0.5572916666666666,0.39999999999999997,3.2
1600,18,21,27,1.7,0.5416666666666666,0.39999999999999997,3.2
1601,19,21,28,1.736842105263158,0.5520833333333333,0.4823763889427201,3.3684210526315788
1602,19,23,24,1.736842105263158,0.5026041666666666,0.48237638894272,3.3684210526315788
1603,18,20,28,1.7,0.5572916666666666,0.39999999999999997,3.2
1604,18,20,28,1.7,0.5572916666666666,0.39999999999999997,3.2
1605,18,20,28,1.7,0.5572916666666666,0.39999999999999997,3.2
1606,18,20,27,1.65,0.5502645502645502,0.47696960070847283,3.15
1607,18,33,19,1.7,0.38541666666666663,0.39999999999999997,3.2
1608,18,20,28,1.7,0.5572916666666666,0.39999999999999997,3.2
1609,19,19,28,1.736842105263158,0.5651041666666667,0.4823763889427201,3.3684210526315788
1610,19,20,29,1.6842105263157894,0.566137566137566,0.5668594533825794,3.3157894736842106
1611,18,21,27,1.7,0.5364583333333333,0.39999999999999997,3.2
1612,18,20,28,1.7,0.5572916666666666,0.39999999999999997,3.2
1613,18,23,28,1.7,0.5364583333333333,0.39999999999999997,3.2
1614,18,22,27,1.7,0.5338541666666666,0.39999999999999997,3.2
1615,18,19,28,1.65,0.560846560846561,0.47696960070847283,3.15
1616,19,26,25,1.736842105263158,0.4895833333333333,0.4823763889427201,3.3684210526315788
1617,19,20,28,1.736842105263158,0.5546875,0.4823763889427201,3.3684210526315788
1618,19,23,27,1.736842105263158,0.5286458333333333,0.48237638894272,3.3684210526315788
1619,19,22,28,1.736842105263158,0.5442708333333333,0.4823763889427201,3.3684210526315788
1620,18,22,27,1.7,0.5364583333333333,0.39999999999999997,3.2
1621,19,19,28,1.736842105263158,0.5651041666666667,0.4823763889427201,3.3684210526315788
1622,19,19,28,1.736842105263158,0.5651041666666667,0.48237638894272,3.3684210526315788
1623,18,20,28,1.7,0.5572916666666666,0.39999999999999997,3.2
1624,18,22,28,1.7,0.5416666666666666,0.39999999999999997,3.2
1625,18,20,27,1.7,0.5442708333333333,0.39999999999999997,3.2
1626,18,20,28,1.7,0.5572916666666666,0.39999999999999997,3.2
1627,19,20,28,1.736842105263158,0.5598958333333333,0.48237638894272,3.3684210526315788
1628,18,25,26,1.7,0.5052083333333333,0.39999999999999997,3.2
1629,18,20,28,1.7,0.5572916666666666,0.39999999999999997,3.2
1630,18,20,28,1.7,0.5572916666666666,0.39999999999999997,3.2
1631,19,20,28,1.736842105263158,0.5572916666666667,0.4823763889427201,3.3684210526315788
1632,19,19,28,1.736842105263158,0.5651041666666667,0.4823763889427201,3.3684210526315788
1633,19,21,28,1.736842105263158,0.5494791666666667,0.4823763889427201,3.3684210526315788
1634,18,24,27,1.7,0.5208333333333333,0.39999999999999997,3.2
1635,19,20,28,1.736842105263158,0.5598958333333333,0.4823763889427201,3.3684210526315788
1636,18,21,28,1.7,0.5494791666666666,0.39999999999999997,3.2
1637,18,22,28,1.7,0.5442708333333333,0.39999999999999997,3.2
1638,19,25,23,1.736842105263158,0.4817708333333333,0.4823763889427201,3.3684210526315788
1639,19,19,29,1.6842105263157894,0.5740740740740741,0.5668594533825794,3.3157894736842106
1640,18,20,28,1.7,0.5572916666666666,0.39999999999999997,3.2
1641,19,28,24,1.6842105263157894,0.4656084656084656,0.5668594533825794,3.3157894736842106
1642,18,22,28,1.7,0.5442708333333333,0.39999999999999997,3.2
1643,19,20,29,1.736842105263158,0.5677083333333333,0.4823763889427201,3.3684210526315788
1644,19,19,28,1.736842105263158,0.5651041666666667,0.48237638894272,3.3684210526315788
1645,18,20,28,1.7,0.5572916666666666,0.39999999999999997,3.2
1646,18,24,26,1.7,0.5130208333333333,0.39999999999999997,3.2
1647,18,27,24,1.65,0.47354497354497355,0.47696960070847283,3.15
1648,19,20,28,1.736842105263158,0.5598958333333333,0.4823763889427201,3.3684210526315788
1649,19,21,28,1.736842105263158,0.5520833333333333,0.4823763889427201,3.3684210526315788
1650,18,22,28,1.7,0.5416666666666666,0.39999999999999997,3.2
1651,19,21,28,1.736842105263158,0.5494791666666667,0.4823763889427201,3.3684210526315788
1652,18,20,28,1.7,0.5572916666666666,0.39999999999999997,3.2
1653,19,19,28,1.736842105263158,0.5651041666666667,0.4823763889427201,3.3684210526315788
1654,18,21,28,1.7,0.5494791666666666,0.39999999999999997,3.2
1655,18,25,26,1.7,0.5052083333333333,0.39999999999999997,3.2
1656,18,20,28,1.7,0.5546875,0.39999999999999997,3.2
1657,18,23,27,1.7,0.5286458333333333,0.39999999999999997,3.2
1658,18,22,27,1.7,0.5364583333333333,0.39999999999999997,3.2
1659,18,22,28,1.7,0.5416666666666666,0.39999999999999997,3.2
1660,18,21,28,1.7,0.5520833333333333,0.39999999999999997,3.2
1661,18,21,27,1.7,0.5416666666666666,0.39999999999999997,3.2
1662,19,19,28,1.736842105263158,0.5651041666666667,0.4823763889427201,3.3684210526315788
1663,18,20,28,1.7,0.5546875,0.39999999999999997,3.2
1664,19,23,27,1.736842105263158,0.5260416666666666,0.4823763889427201,3.3684210526315788
1665,18,20,28,1.7,0.5572916666666666,0.39999999999999997,3.2
1666,19,20,28,1.736842105263158,0.5572916666666667,0.4823763889427201,3.3684210526315788
1667,18,20,28,1.7,0.5572916666666666,0.39999999999999997,3.2
1668,18,21,27,1.7,0.5416666666666666,0.39999999999999997,3.2
1669,19,20,28,1.736842105263158,0.5572916666666667,0.4823763889427201,3.3684210526315788
1670,18,20,28,1.7,0.5572916666666666,0.39999999999999997,3.2
1671,18,22,27,1.7,0.5364583333333333,0.39999999999999997,3.2
1672,18,20,28,1.7,0.5572916666666667,0.39999999999999997,3.2
1673,19,21,28,1.6842105263157894,0.5502645502645502,0.5668594533825794,3.3157894736842106
1674,18,21,28,1.7,0.5494791666666666,0.39999999999999997,3.2
1675,18,20,28,1.7,0.5572916666666666,0.39999999999999997,3.2
1676,18,20,28,1.7,0.5572916666666666,0.39999999999999997,3.2
1677,19,20,28,1.736842105263158,0.5572916666666666,0.4823763889427201,3.3684210526315788
1678,18,20,28,1.7,0.5572916666666666,0.39999999999999997,3.2
1679,19,20,28,1.736842105263158,0.5572916666666666,0.4823763889427201,3.3684210526315788
1680,18,21,28,1.7,0.5494791666666666,0.39999999999999997,3.2
1681,18,20,28,1.7,0.5572916666666666,0.39999999999999997,3.2
1682,19,22,28,1.736842105263158,0.5442708333333333,0.4823763889427201,3.3684210526315788
1683,18,22,28,1.7,0.5416666666666666,0.39999999999999997,3.2
1684,19,20,28,1.736842105263158,0.5572916666666666,0.4823763889427201,3.3684210526315788
1685,18,22,27,1.7,0.5338541666666666,0.39999999999999997,3.2
1686,19,21,28,1.6842105263157894,0.5502645502645502,0.5668594533825794,3.3157894736842106
1687,19,18,29,1.6842105263157894,0.582010582010582,0.5668594533825794,3.3157894736842106
1688,18,23,28,1.7,0.5364583333333333,0.39999999999999997,3.2
1689,19,21,29,1.736842105263158,0.5598958333333333,0.4823763889427201,3.3684210526315788
1690,19,20,28,1.736842105263158,0.5572916666666667,0.4823763889427201,3.3684210526315788
1691,19,19,28,1.736842105263158,0.5651041666666667,0.4823763889427201,3.3684210526315788
1692,18,20,27,1.7,0.546875,0.39999999999999997,3.2
1693,18,20,28,1.7,0.5572916666666666,0.39999999999999997,3.2
1694,18,20,28,1.7,0.5572916666666666,0.39999999999999997,3.2
1695,19,19,28,1.6842105263157894,0.566137566137566,0.5668594533825794,3.3157894736842106
1696,18,21,28,1.7,0.5520833333333333,0.39999999999999997,3.2
1697,18,21,28,1.7,0.5494791666666666,0.39999999999999997,3.2
1698,18,21,28,1.7,0.5494791666666666,0.39999999999999997,3.2
1699,18,26,25,1.7,0.4895833333333333,0.39999999999999997,3.2
1700,19,20,28,1.736842105263158,0.5572916666666667,0.4823763889427201,3.3684210526315788
1701,18,20,28,1.7,0.5572916666666666,0.39999999999999997,3.2
1702,19,20,28,1.736842105263158,0.5572916666666667,0.4823763889427201,3.3684210526315788
1703,19,18,29,1.6842105263157894,0.582010582010582,0.5668594533825794,3.3157894736842106
1704,19,20,28,1.736842105263158,0.5572916666666666,0.48237638894272,3.3684210526315788
1705,18,20,27,1.65,0.5502645502645502,0.47696960070847283,3.15
1706,18,21,27,1.65,0.5396825396825397,0.47696960070847283,3.15
1707,18,20,28,1.7,0.5572916666666666,0.39999999999999997,3.2
1708,19,20,28,1.736842105263158,0.5572916666666667,0.4823763889427201,3.3684210526315788
1709,18,20,28,1.7,0.5572916666666666,0.39999999999999997,3.2
1710,18,20,28,1.7,0.5572916666666666,0.39999999999999997,3.2
1711,18,21,28,1.7,0.5520833333333333,0.39999999999999997,3.2
1712,18,20,28,1.7,0.5572916666666666,0.39999999999999997,3.2
1713,18,20,28,1.7,0.5572916666666666,0.39999999999999997,3.2
1714,19,23,25,1.6842105263157894,0.5105820105820106,0.5668594533825794,3.3157894736842106
1715,18,22,27,1.7,0.5338541666666666,0.39999999999999997,3.2
1716,18,21,28,1.7,0.5494791666666666,0.39999999999999997,3.2
1717,19,19,29,1.6842105263157894,0.5767195767195766,0.5668594533825794,3.3157894736842106
1718,19,20,28,1.736842105263158,0.5572916666666667,0.48237638894272,3.3684210526315788
1719,19,19,28,1.736842105263158,0.5625,0.4823763889427201,3.3684210526315788
1720,19,19,28,1.736842105263158,0.5651041666666667,0.4823763889427201,3.3684210526315788
1721,18,20,27,1.65,0.5502645502645502,0.47696960070847283,3.15
1722,19,21,27,1.736842105263158,0.5416666666666666,0.4823763889427201,3.3684210526315788
1723,18,20,28,1.7,0.5572916666666666,0.39999999999999997,3.2
1724,19,21,27,1.6842105263157894,0.5423280423280423,0.5668594533825794,3.3157894736842106
1725,18,20,28,1.7,0.5572916666666666,0.39999999999999997,3.2
1726,18,21,28,1.7,0.5494791666666666,0.39999999999999997,3.2
1727,19,20,28,1.736842105263158,0.5572916666666667,0.4823763889427201,3.3684210526315788
1728,19,20,28,1.736842105263158,0.5572916666666667,0.48237638894272,3.3684210526315788
1729,19,18,29,1.6842105263157894,0.582010582010582,0.5668594533825794,3.3157894736842106
1730,19,29,20,1.736842105263158,0.42447916666666663,0.4823763889427201,3.3684210526315788
1731,18,21,28,1.7,0.5494791666666666,0.39999999999999997,3.2
1732,19,20,28,1.736842105263158,0.5572916666666667,0.4823763889427201,3.3684210526315788
1733,19,20,28,1.736842105263158,0.5572916666666667,0.4823763889427201,3.3684210526315788
1734,19,25,24,1.736842105263158,0.48697916666666663,0.4823763889427201,3.3684210526315788
1735,18,21,28,1.7,0.5494791666666666,0.39999999999999997,3.2
1736,19,20,28,1.736842105263158,0.5572916666666667,0.4823763889427201,3.3684210526315788
1737,18,20,28,1.7,0.5572916666666666,0.39999999999999997,3.2
1738,19,19,28,1.736842105263158,0.5651041666666667,0.48237638894272,3.3684210526315788
1739,19,21,28,1.736842105263158,0.5520833333333333,0.4823763889427201,3.3684210526315788
1740,19,21,28,1.736842105263158,0.5494791666666667,0.48237638894272,3.3684210526315788
1741,19,19,28,1.736842105263158,0.5651041666666667,0.4823763889427201,3.3684210526315788
1742,18,20,28,1.65,0.5582010582010581,0.47696960070847283,3.15
1743,19,19,28,1.736842105263158,0.5651041666666667,0.4823763889427201,3.3684210526315788
1744,19,20,28,1.736842105263158,0.5572916666666667,0.4823763889427201,3.3684210526315788
1745,18,29,22,1.75,0.4427083333333333,0.39999999999999997,3.2
1746,19,20,28,1.736842105263158,0.5572916666666667,0.4823763889427201,3.3684210526315788
1747,18,20,28,1.7,0.5572916666666666,0.39999999999999997,3.2
1748,19,20,28,1.736842105263158,0.5572916666666667,0.4823763889427201,3.3684210526315788
1749,18,20,27,1.65,0.5502645502645502,0.47696960070847283,3.15
1750,18,20,28,1.7,0.5572916666666666,0.39999999999999997,3.2
1751,19,18,28,1.6842105263157894,0.5714285714285714,0.5668594533825794,3.3157894736842106
1752,19,20,28,1.736842105263158,0.5572916666666667,0.48237638894272,3.3684210526315788
1753,18,20,28,1.7,0.5572916666666666,0.39999999999999997,3.2
1754,18,22,27,1.7,0.5338541666666666,0.39999999999999997,3.2
1755,19,19,28,1.736842105263158,0.5651041666666667,0.4823763889427201,3.3684210526315788
1756,18,20,28,1.7,0.5572916666666666,0.39999999999999997,3.2
1757,19,20,28,1.736842105263158,0.5572916666666667,0.4823763889427201,3.3684210526315788
1758,19,21,28,1.736842105263158,0.5494791666666666,0.4823763889427201,3.3684210526315788
1759,19,27,25,1.736842105263158,0.484375,0.4823763889427201,3.3684210526315788
1760,19,23,27,1.736842105263158,0.5286458333333333,0.4823763889427201,3.3684210526315788
1761,19,19,29,1.6842105263157894,0.5740740740740741,0.5668594533825794,3.3157894736842106
1762,19,28,22,1.736842105263158,0.4427083333333333,0.4823763889427201,3.3684210526315788
1763,19,21,28,1.736842105263158,0.5494791666666666,0.4823763889427201,3.3684210526315788
1764,19,26,26,1.6842105263157894,0.4973544973544973,0.5668594533825794,3.3157894736842106
1765,18,20,28,1.7,0.5572916666666666,0.39999999999999997,3.2
1766,19,19,28,1.736842105263158,0.5651041666666667,0.4823763889427201,3.3684210526315788
1767,18,21,28,1.7,0.5494791666666666,0.39999999999999997,3.2
1768,18,21,27,1.65,0.5423280423280423,0.47696960070847283,3.15
1769,19,23,28,1.736842105263158,0.5364583333333333,0.4823763889427201,3.3684210526315788
1770,19,20,28,1.736842105263158,0.5572916666666667,0.4823763889427201,3.3684210526315788
1771,18,20,28,1.7,0.5572916666666666,0.39999999999999997,3.2
1772,18,21,28,1.7,0.5494791666666666,0.39999999999999997,3.2
1773,19,20,28,1.736842105263158,0.5572916666666667,0.4823763889427201,3.3684210526315788
1774,19,19,28,1.736842105263158,0.5651041666666667,0.4823763889427201,3.3684210526315788
1775,18,20,28,1.7,0.5572916666666666,0.39999999999999997,3.2
1776,18,20,28,1.7,0.5572916666666666,0.39999999999999997,3.2
1777,18,20,28,1.7,0.5572916666666666,0.39999999999999997,3.2
1778,19,20,28,1.736842105263158,0.5546875,0.4823763889427201,3.3684210526315788
1779,19,20,28,1.736842105263158,0.5572916666666667,0.48237638894272,3.3684210526315788
1780,18,20,28,1.7,0.5572916666666666,0.39999999999999997,3.2
1781,18,21,27,1.7,0.5416666666666666,0.39999999999999997,3.2
1782,19,20,28,1.736842105263158,0.5572916666666667,0.48237638894272,3.3684210526315788
1783,18,22,27,1.7,0.5338541666666666,0.39999999999999997,3.2
1784,19,19,28,1.736842105263158,0.5651041666666667,0.48237638894272,3.3684210526315788
1785,19,20,28,1.736842105263158,0.5572916666666667,0.4823763889427201,3.3684210526315788
1786,19,20,28,1.736842105263158,0.5572916666666667,0.4823763889427201,3.3684210526315788
1787,19,18,29,1.6842105263157894,0.582010582010582,0.5668594533825794,3.3157894736842106
1788,18,20,28,1.7,0.5572916666666666,0.39999999999999997,3.2
1789,19,20,28,1.736842105263158,0.5572916666666667,0.4823763889427201,3.3684210526315788
1790,18,26,23,1.7,0.47135416666666663,0.39999999999999997,3.2
1791,18,20,28,1.7,0.5572916666666666,0.39999999999999997,3.2
1792,19,20,28,1.736842105263158,0.5572916666666667,0.4823763889427201,3.3684210526315788
1793,18,22,27,1.65,0.5343915343915343,0.47696960070847283,3.15
1794,18,20,28,1.7,0.5572916666666666,0.39999999999999997,3.2
1795,19,24,26,1.736842105263158,0.5104166666666666,0.4823763889427201,3.3684210526315788
1796,18,20,27,1.65,0.5502645502645502,0.47696960070847283,3.15
1797,18,22,28,1.7,0.5416666666666666,0.39999999999999997,3.2
1798,18,24,24,1.7,0.4921875,0.39999999999999997,3.2
1799,19,19,28,1.736842105263158,0.5651041666666667,0.4823763889427201,3.3684210526315788
1800,19,19,29,1.6842105263157894,0.5740740740740741,0.5668594533825794,3.3157894736842106
1801,19,19,29,1.736842105263158,0.5729166666666667,0.48237638894272,3.3684210526315788
1802,19,20,27,1.6842105263157894,0.5502645502645502,0.5668594533825794,3.3157894736842106
1803,19,18,29,1.6842105263157894,0.582010582010582,0.5668594533825794,3.3157894736842106
1804,18,20,27,1.65,0.5502645502645502,0.47696960070847283,3.15
1805,19,20,28,1.736842105263158,0.5572916666666667,0.4823763889427201,3.3684210526315788
1806,19,19,28,1.736842105263158,0.5651041666666667,0.4823763889427201,3.3684210526315788
1807,19,20,28,1.736842105263158,0.5572916666666667,0.4823763889427201,3.3684210526315788
1808,19,19,28,1.736842105263158,0.5651041666666667,0.4823763889427201,3.3684210526315788
1809,18,29,22,1.7,0.43915343915343913,0.47696960070847283,3.15
1810,18,21,27,1.65,0.544973544973545,0.47696960070847283,3.15
1811,19,19,28,1.736842105263158,0.5651041666666667,0.4823763889427201,3.3684210526315788
1812,19,20,28,1.736842105263158,0.5572916666666667,0.4823763889427201,3.3684210526315788
1813,19,20,28,1.736842105263158,0.5572916666666667,0.48237638894272,3.3684210526315788
1814,19,18,29,1.6842105263157894,0.582010582010582,0.5668594533825794,3.3157894736842106
1815,18,20,28,1.7,0.5572916666666666,0.39999999999999997,3.2
1816,19,19,28,1.736842105263158,0.5651041666666667,0.4823763889427201,3.3684210526315788
1817,19,20,28,1.736842105263158,0.5598958333333334,0.4823763889427201,3.3684210526315788
1818,18,20,28,1.7,0.5572916666666666,0.39999999999999997,3.2
1819,18,30,23,1.7,0.4427083333333333,0.39999999999999997,3.2
1820,19,32,20,1.736842105263158,0.4036458333333333,0.4823763889427201,3.3684210526315788
1821,19,20,28,1.736842105263158,0.5572916666666667,0.4823763889427201,3.3684210526315788
1822,19,20,28,1.736842105263158,0.5572916666666667,0.4823763889427201,3.3684210526315788
1823,18,20,28,1.7,0.5572916666666666,0.39999999999999997,3.2
1824,18,20,28,1.7,0.5572916666666666,0.39999999999999997,3.2
1825,19,18,29,1.6842105263157894,0.582010582010582,0.5668594533825794,3.3157894736842106
1826,18,20,28,1.7,0.5572916666666666,0.39999999999999997,3.2
1827,18,20,28,1.7,0.5572916666666666,0.39999999999999997,3.2
1828,19,20,28,1.736842105263158,0.5572916666666667,0.4823763889427201,3.3684210526315788
1829,19,20,28,1.736842105263158,0.5572916666666667,0.4823763889427201,3.3684210526315788
1830,19,23,25,1.6842105263157894,0.5132275132275131,0.5668594533825794,3.3157894736842106
1831,18,20,28,1.7,0.5572916666666666,0.39999999999999997,3.2
1832,18,20,28,1.7,0.5572916666666666,0.39999999999999997,3.2
1833,19,18,29,1.6842105263157894,0.582010582010582,0.5668594533825794,3.3157894736842106
1834,19,20,28,1.736842105263158,0.5572916666666667,0.4823763889427201,3.3684210526315788
1835,18,20,28,1.7,0.5572916666666666,0.39999999999999997,3.2
1836,19,20,28,1.736842105263158,0.5572916666666667,0.48237638894272,3.3684210526315788
1837,19,20,28,1.736842105263158,0.5572916666666667,0.4823763889427201,3.3684210526315788
1838,19,19,28,1.736842105263158,0.5651041666666667,0.4823763889427201,3.3684210526315788
1839,18,20,28,1.7,0.5572916666666666,0.39999999999999997,3.2
1840,19,28,20,1.736842105263158,0.4285714285714285,0.5668594533825794,3.3157894736842106
1841,18,20,28,1.7,0.5572916666666666,0.39999999999999997,3.2
1842,18,20,28,1.7,0.5572916666666666,0.39999999999999997,3.2
1843,18,20,28,1.7,0.5572916666666666,0.39999999999999997,3.2
1844,19,20,28,1.736842105263158,0.5572916666666667,0.4823763889427201,3.3684210526315788
1845,18,20,28,1.7,0.5572916666666666,0.39999999999999997,3.2
1846,18,20,28,1.7,0.5572916666666666,0.39999999999999997,3.2
1847,18,20,28,1.7,0.5572916666666666,0.39999999999999997,3.2
1848,19,18,29,1.6842105263157894,0.582010582010582,0.5668594533825794,3.3157894736842106
1849,18,22,27,1.65,0.537037037037037,0.47696960070847283,3.15
1850,18,20,28,1.7,0.5572916666666666,0.39999999999999997,3.2
1851,18,31,20,1.65,0.4114583333333333,0.39999999999999997,3.2
1852,19,19,28,1.736842105263158,0.5651041666666667,0.4823763889427201,3.3684210526315788
1853,19,20,28,1.736842105263158,0.5572916666666667,0.4823763889427201,3.3684210526315788
1854,19,18,29,1.6842105263157894,0.582010582010582,0.5668594533825794,3.3157894736842106
1855,19,21,28,1.736842105263158,0.5494791666666667,0.48237638894272,3.3684210526315788
1856,19,21,28,1.736842105263158,0.5494791666666667,0.4823763889427201,3.3684210526315788
1857,19,20,28,1.6842105263157894,0.5582010582010581,0.5668594533825794,3.3157894736842106
1858,19,18,29,1.6842105263157894,0.582010582010582,0.5668594533825794,3.3157894736842106
1859,19,21,28,1.736842105263158,0.5494791666666667,0.4823763889427201,3.3684210526315788
1860,19,18,29,1.6842105263157894,0.582010582010582,0.5668594533825794,3.3157894736842106
1861,18,20,28,1.7,0.5572916666666666,0.39999999999999997,3.2
1862,18,20,28,1.7,0.5572916666666666,0.39999999999999997,3.2
1863,19,21,28,1.736842105263158,0.5494791666666667,0.4823763889427201,3.3684210526315788
1864,19,18,29,1.6842105263157894,0.582010582010582,0.5668594533825794,3.3157894736842106
1865,19,21,28,1.736842105263158,0.5494791666666667,0.48237638894272,3.3684210526315788
1866,19,19,28,1.6842105263157894,0.566137566137566,0.5668594533825794,3.3157894736842106
1867,18,21,28,1.7,0.5494791666666666,0.39999999999999997,3.2
1868,18,20,28,1.7,0.5572916666666666,0.39999999999999997,3.2
1869,19,20,28,1.736842105263158,0.5572916666666667,0.4823763889427201,3.3684210526315788
1870,19,19,28,1.736842105263158,0.5651041666666667,0.4823763889427201,3.3684210526315788
1871,19,19,28,1.6842105263157894,0.566137566137566,0.5668594533825794,3.3157894736842106
1872,19,19,29,1.736842105263158,0.5703125,0.4823763889427201,3.3684210526315788
1873,19,20,28,1.736842105263158,0.5572916666666667,0.4823763889427201,3.3684210526315788
1874,18,27,23,1.7,0.46354166666666663,0.39999999999999997,3.2
1875,19,20,28,1.736842105263158,0.5572916666666667,0.48237638894272,3.3684210526315788
1876,19,18,29,1.6842105263157894,0.582010582010582,0.5668594533825794,3.3157894736842106
1877,18,20,28,1.7,0.5572916666666666,0.39999999999999997,3.2
1878,19,20,28,1.736842105263158,0.5572916666666667,0.4823763889427201,3.3684210526315788
1879,19,20,28,1.736842105263158,0.5572916666666667,0.4823763889427201,3.3684210526315788
1880,19,20,28,1.736842105263158,0.5572916666666667,0.4823763889427201,3.3684210526315788
1882,19,19,28,1.736842105263158,0.5651041666666667,0.4823763889427201,3.3684210526315788
1883,19,19,28,1.736842105263158,0.5651041666666667,0.4823763889427201,3.3684210526315788
1884,19,19,28,1.736842105263158,0.5651041666666667,0.4823763889427201,3.3684210526315788
1885,19,19,28,1.736842105263158,0.5651041666666667,0.4823763889427201,3.3684210526315788
1886,19,19,28,1.736842105263158,0.5651041666666667,0.4823763889427201,3.3684210526315788
1887,19,19,28,1.736842105263158,0.5651041666666667,0.4823763889427201,3.3684210526315788
1888,19,19,28,1.736842105263158,0.5651041666666667,0.4823763889427201,3.3684210526315788
1889,19,19,28,1.736842105263158,0.5651041666666667,0.4823763889427201,3.3684210526315788
1890,19,19,28,1.736842105263158,0.5651041666666667,0.4823763889427201,3.3684210526315788
1891,19,19,28,1.736842105263158,0.5651041666666667,0.4823763889427201,3.3684210526315788
