Episode,Desafios_sin_equipo,Estudiantes_fuera_preferencias,Estudiantes_primera_prioridad,Promedio_carreras_por_equipo,Satisfaccion_promedio,STD_tamano_equipos,Tamano_promedio_equipo
2,17,57,2,1.7142857142857142,0.0625,0.21295885499997994,3.0476190476190474
3,18,53,1,1.75,0.08333333333333333,0.39999999999999997,3.2
4,18,61,1,1.75,0.028645833333333332,0.39999999999999997,3.2
5,17,58,4,1.7142857142857142,0.078125,0.21295885499997994,3.0476190476190474
6,17,59,0,1.7142857142857142,0.03645833333333333,0.21295885499997994,3.0476190476190474
7,18,58,3,1.75,0.0703125,0.39999999999999997,3.2
8,17,62,1,1.7142857142857142,0.020833333333333332,0.21295885499997994,3.0476190476190474
9,18,62,0,1.75,0.013020833333333332,0.39999999999999997,3.2
10,17,58,0,1.7142857142857142,0.041666666666666664,0.21295885499997994,3.0476190476190474
11,18,61,0,1.75,0.015625,0.39999999999999997,3.2
12,19,61,1,1.7894736842105263,0.03125,0.4823763889427201,3.3684210526315788
13,19,60,0,1.7894736842105263,0.028645833333333332,0.4823763889427201,3.3684210526315788
14,18,60,1,1.75,0.033854166666666664,0.39999999999999997,3.2
15,18,59,1,1.75,0.04427083333333333,0.39999999999999997,3.2
16,18,62,1,1.75,0.0234375,0.39999999999999997,3.2
17,18,59,2,1.75,0.049479166666666664,0.39999999999999997,3.2
18,17,58,1,1.7142857142857142,0.046875,0.21295885499997994,3.0476190476190474
19,18,59,4,1.75,0.0703125,0.39999999999999997,3.2
20,17,62,1,1.7142857142857142,0.0234375,0.21295885499997994,3.0476190476190474
21,19,56,5,1.7894736842105263,0.09895833333333334,0.4823763889427201,3.3684210526315788
22,17,60,1,1.7142857142857142,0.033854166666666664,0.21295885499997994,3.0476190476190474
23,17,56,3,1.7142857142857142,0.078125,0.21295885499997994,3.0476190476190474
24,19,61,1,1.7894736842105263,0.026041666666666664,0.4823763889427201,3.3684210526315788
25,17,60,2,1.7142857142857142,0.041666666666666664,0.21295885499997994,3.0476190476190474
26,18,61,1,1.75,0.028645833333333332,0.39999999999999997,3.2
27,17,61,0,1.7142857142857142,0.0234375,0.21295885499997994,3.0476190476190474
28,19,61,1,1.736842105263158,0.023809523809523808,0.5668594533825794,3.3157894736842106
29,18,57,1,1.75,0.057291666666666664,0.39999999999999997,3.2
30,17,60,0,1.7142857142857142,0.026041666666666664,0.21295885499997994,3.0476190476190474
31,18,63,1,1.75,0.015625,0.39999999999999997,3.2
32,18,56,2,1.75,0.06510416666666666,0.39999999999999997,3.2
33,19,62,1,1.7894736842105263,0.020833333333333332,0.4823763889427201,3.3684210526315788
34,19,57,3,1.7894736842105263,0.0703125,0.4823763889427201,3.3684210526315788
35,19,57,1,1.7894736842105263,0.0546875,0.4823763889427201,3.3684210526315788
36,19,61,1,1.7894736842105263,0.03125,0.4823763889427201,3.3684210526315788
37,17,60,2,1.6666666666666667,0.04427083333333333,0.21295885499997994,3.0476190476190474
38,17,57,4,1.7142857142857142,0.08333333333333333,0.21295885499997994,3.0476190476190474
39,18,58,2,1.75,0.05729166666666666,0.39999999999999997,3.2
40,17,61,0,1.7142857142857142,0.015625,0.21295885499997994,3.0476190476190474
41,18,59,3,1.75,0.0625,0.39999999999999997,3.2
42,18,55,7,1.75,0.125,0.39999999999999997,3.2
43,17,60,0,1.7142857142857142,0.023437499999999997,0.21295885499997994,3.0476190476190474
44,18,57,4,1.65,0.078125,0.39999999999999997,3.2
45,17,57,2,1.7142857142857142,0.06510416666666666,0.21295885499997994,3.0476190476190474
46,18,60,0,1.7,0.0234375,0.39999999999999997,3.2
47,17,61,2,1.7142857142857142,0.036458333333333336,0.21295885499997994,3.0476190476190474
48,18,57,5,1.75,0.09375,0.39999999999999997,3.2
49,17,58,2,1.7142857142857142,0.057291666666666664,0.21295885499997994,3.0476190476190474
50,17,58,2,1.7142857142857142,0.05729166666666666,0.21295885499997994,3.0476190476190474
51,19,60,1,1.7894736842105263,0.0390625,0.4823763889427201,3.3684210526315788
52,18,61,0,1.75,0.015625,0.39999999999999997,3.2
53,18,54,4,1.75,0.10677083333333333,0.39999999999999997,3.2
54,18,54,3,1.75,0.08854166666666666,0.39999999999999997,3.2
55,17,61,0,1.7142857142857142,0.018229166666666664,0.21295885499997994,3.0476190476190474
56,18,61,0,1.75,0.018229166666666664,0.39999999999999997,3.2
57,18,59,2,1.75,0.0546875,0.39999999999999997,3.2
58,18,60,1,1.75,0.031249999999999997,0.39999999999999997,3.2
59,17,57,3,1.7142857142857142,0.07552083333333333,0.21295885499997994,3.0476190476190474
60,19,59,3,1.7894736842105263,0.05989583333333333,0.4823763889427201,3.3684210526315788
61,17,60,1,1.6666666666666667,0.03645833333333333,0.21295885499997994,3.0476190476190474
62,19,61,0,1.7894736842105263,0.0234375,0.4823763889427201,3.3684210526315788
63,18,58,2,1.75,0.05989583333333333,0.39999999999999997,3.2
64,18,57,2,1.7,0.0625,0.39999999999999997,3.2
65,17,62,0,1.6666666666666667,0.015625,0.21295885499997994,3.0476190476190474
66,17,61,0,1.7142857142857142,0.018229166666666664,0.21295885499997994,3.0476190476190474
67,18,54,5,1.75,0.11197916666666666,0.39999999999999997,3.2
68,19,62,1,1.7894736842105263,0.0234375,0.4823763889427201,3.3684210526315788
69,18,61,3,1.75,0.046875,0.39999999999999997,3.2
70,17,62,0,1.7142857142857142,0.013020833333333332,0.21295885499997996,3.0476190476190474
71,17,58,2,1.7142857142857142,0.05989583333333333,0.21295885499997994,3.0476190476190474
72,18,57,1,1.75,0.0546875,0.39999999999999997,3.2
73,17,58,5,1.7142857142857142,0.0859375,0.21295885499997994,3.0476190476190474
74,18,59,1,1.75,0.0390625,0.39999999999999997,3.2
75,18,55,5,1.75,0.10677083333333333,0.39999999999999997,3.2
76,18,63,0,1.75,0.0078125,0.39999999999999997,3.2
77,18,59,1,1.75,0.041666666666666664,0.39999999999999997,3.2
78,18,57,3,1.75,0.07552083333333333,0.39999999999999997,3.2
79,18,60,1,1.75,0.03125,0.39999999999999997,3.2
80,18,58,0,1.75,0.0390625,0.39999999999999997,3.2
81,18,63,1,1.7,0.015625,0.39999999999999997,3.2
82,17,58,3,1.7142857142857142,0.06510416666666666,0.21295885499997994,3.0476190476190474
83,19,61,3,1.7894736842105263,0.046875,0.48237638894272,3.3684210526315788
84,17,59,2,1.7142857142857142,0.046875,0.21295885499997994,3.0476190476190474
85,18,58,2,1.75,0.05729166666666667,0.39999999999999997,3.2
86,17,52,4,1.6666666666666667,0.11375661375661375,0.3086066999241838,3.0
87,18,58,2,1.75,0.05989583333333333,0.39999999999999997,3.2
88,17,57,2,1.7142857142857142,0.06770833333333334,0.21295885499997994,3.0476190476190474
89,19,61,1,1.7894736842105263,0.026041666666666664,0.4823763889427201,3.3684210526315788
90,19,58,3,1.7894736842105263,0.06770833333333333,0.4823763889427201,3.3684210526315788
91,19,61,1,1.7894736842105263,0.028645833333333332,0.4823763889427201,3.3684210526315788
92,17,55,2,1.7142857142857142,0.0859375,0.21295885499997994,3.0476190476190474
93,18,59,2,1.75,0.05208333333333333,0.39999999999999997,3.2
94,17,60,2,1.7142857142857142,0.044270833333333336,0.21295885499997994,3.0476190476190474
95,18,59,2,1.7,0.0546875,0.39999999999999997,3.2
96,18,61,1,1.75,0.03125,0.39999999999999997,3.2
97,18,57,2,1.75,0.06510416666666666,0.39999999999999997,3.2
98,17,60,1,1.7142857142857142,0.0390625,0.21295885499997994,3.0476190476190474
99,18,58,4,1.75,0.07552083333333333,0.39999999999999997,3.2
100,17,59,0,1.7142857142857142,0.03645833333333333,0.21295885499997994,3.0476190476190474
101,18,62,0,1.75,0.013020833333333332,0.39999999999999997,3.2
102,17,59,4,1.7142857142857142,0.06770833333333333,0.21295885499997994,3.0476190476190474
103,18,55,3,1.75,0.09375,0.39999999999999997,3.2
104,19,59,3,1.7894736842105263,0.0625,0.4823763889427201,3.3684210526315788
105,17,57,2,1.6666666666666667,0.0625,0.21295885499997994,3.0476190476190474
106,17,61,3,1.7142857142857142,0.046875,0.21295885499997994,3.0476190476190474
107,17,58,0,1.7142857142857142,0.0390625,0.21295885499997994,3.0476190476190474
108,18,57,2,1.75,0.06770833333333333,0.39999999999999997,3.2
109,17,59,2,1.7142857142857142,0.049479166666666664,0.21295885499997994,3.0476190476190474
110,18,61,1,1.75,0.026041666666666664,0.39999999999999997,3.2
111,18,59,3,1.75,0.05729166666666666,0.39999999999999997,3.2
112,18,55,3,1.75,0.0859375,0.39999999999999997,3.2
113,17,58,3,1.7142857142857142,0.0625,0.21295885499997994,3.0476190476190474
114,18,57,2,1.75,0.06510416666666666,0.39999999999999997,3.2
115,17,55,5,1.7142857142857142,0.1015625,0.21295885499997994,3.0476190476190474
116,17,61,1,1.7142857142857142,0.028645833333333332,0.21295885499997994,3.0476190476190474
117,20,58,1,1.8333333333333333,0.05208333333333333,0.49690399499995325,3.5555555555555554
118,19,56,2,1.7894736842105263,0.07291666666666666,0.4823763889427201,3.3684210526315788
119,19,59,3,1.736842105263158,0.0625,0.4823763889427201,3.3684210526315788
120,18,53,7,1.75,0.1328125,0.39999999999999997,3.2
121,18,56,3,1.75,0.08072916666666666,0.39999999999999997,3.2
122,19,59,0,1.7894736842105263,0.028645833333333332,0.4823763889427201,3.3684210526315788
123,18,57,3,1.75,0.07552083333333333,0.39999999999999997,3.2
124,18,58,2,1.75,0.05729166666666666,0.39999999999999997,3.2
125,18,59,2,1.7,0.04947916666666666,0.39999999999999997,3.2
126,19,60,0,1.7894736842105263,0.026041666666666664,0.4823763889427201,3.3684210526315788
127,17,58,0,1.7142857142857142,0.0390625,0.21295885499997994,3.0476190476190474
128,17,58,4,1.7142857142857142,0.07552083333333334,0.21295885499997994,3.0476190476190474
129,18,52,4,1.7,0.11458333333333331,0.39999999999999997,3.2
130,18,54,6,1.65,0.12239583333333333,0.39999999999999997,3.2
131,19,55,2,1.7894736842105263,0.0859375,0.48237638894272,3.3684210526315788
132,18,55,2,1.65,0.08333333333333333,0.39999999999999997,3.2
133,18,58,3,1.75,0.06510416666666666,0.39999999999999997,3.2
134,18,61,1,1.75,0.026041666666666664,0.39999999999999997,3.2
135,17,57,4,1.7142857142857142,0.08072916666666666,0.21295885499997994,3.0476190476190474
136,18,57,3,1.75,0.07552083333333333,0.39999999999999997,3.2
137,18,56,4,1.75,0.0859375,0.39999999999999997,3.2
138,18,60,0,1.75,0.028645833333333332,0.39999999999999997,3.2
139,17,58,2,1.7142857142857142,0.05989583333333333,0.21295885499997994,3.0476190476190474
140,17,60,0,1.7142857142857142,0.026041666666666664,0.21295885499997994,3.0476190476190474
141,18,54,3,1.75,0.08593749999999999,0.39999999999999997,3.2
142,18,60,1,1.75,0.03645833333333333,0.39999999999999997,3.2
143,17,60,2,1.7142857142857142,0.046875,0.21295885499997994,3.0476190476190474
144,20,59,0,1.8333333333333333,0.0390625,0.49690399499995325,3.5555555555555554
145,17,56,5,1.6666666666666667,0.09895833333333333,0.21295885499997994,3.0476190476190474
146,18,58,1,1.75,0.046875,0.39999999999999997,3.2
147,19,59,0,1.7894736842105263,0.033854166666666664,0.4823763889427201,3.3684210526315788
148,17,57,2,1.7142857142857142,0.06510416666666666,0.21295885499997994,3.0476190476190474
149,17,62,1,1.6666666666666667,0.015873015873015872,0.3086066999241838,3.0
150,19,60,1,1.7894736842105263,0.03645833333333333,0.48237638894272,3.3684210526315788
151,18,58,1,1.75,0.049479166666666664,0.39999999999999997,3.2
152,18,59,1,1.75,0.04427083333333333,0.39999999999999997,3.2
153,17,53,4,1.7142857142857142,0.1171875,0.21295885499997994,3.0476190476190474
154,18,56,3,1.75,0.08333333333333333,0.39999999999999997,3.2
155,19,60,0,1.7894736842105263,0.03125,0.4823763889427201,3.3684210526315788
156,17,57,2,1.7142857142857142,0.0625,0.21295885499997994,3.0476190476190474
157,17,53,5,1.7142857142857142,0.125,0.21295885499997994,3.0476190476190474
158,19,54,2,1.7894736842105263,0.08072916666666667,0.4823763889427201,3.3684210526315788
159,18,59,3,1.75,0.0625,0.39999999999999997,3.2
160,18,58,1,1.75,0.049479166666666664,0.39999999999999997,3.2
161,19,50,5,1.7894736842105263,0.14322916666666669,0.48237638894272,3.3684210526315788
162,17,58,1,1.7142857142857142,0.05208333333333333,0.21295885499997994,3.0476190476190474
163,18,53,4,1.75,0.109375,0.39999999999999997,3.2
164,18,59,1,1.75,0.041666666666666664,0.39999999999999997,3.2
165,18,59,3,1.65,0.05729166666666666,0.39999999999999997,3.2
166,18,57,2,1.75,0.06510416666666666,0.39999999999999997,3.2
167,17,52,7,1.619047619047619,0.1484375,0.21295885499997994,3.0476190476190474
168,18,59,0,1.75,0.033854166666666664,0.39999999999999997,3.2
169,18,55,6,1.75,0.1171875,0.39999999999999997,3.2
170,19,55,2,1.7894736842105263,0.08333333333333333,0.4823763889427201,3.3684210526315788
171,18,53,2,1.75,0.08072916666666666,0.39999999999999997,3.2
172,17,55,4,1.7142857142857142,0.09635416666666666,0.21295885499997994,3.0476190476190474
173,17,55,5,1.7142857142857142,0.10416666666666666,0.21295885499997994,3.0476190476190474
174,18,59,2,1.75,0.05208333333333333,0.39999999999999997,3.2
175,19,56,4,1.7894736842105263,0.09114583333333334,0.4823763889427201,3.3684210526315788
176,18,56,4,1.75,0.08854166666666666,0.39999999999999997,3.2
177,18,51,4,1.75,0.13020833333333331,0.39999999999999997,3.2
178,20,60,1,1.8333333333333333,0.03645833333333333,0.49690399499995325,3.5555555555555554
179,17,57,1,1.7142857142857142,0.057291666666666664,0.21295885499997994,3.0476190476190474
180,18,54,6,1.75,0.11979166666666667,0.39999999999999997,3.2
181,18,56,2,1.75,0.0703125,0.39999999999999997,3.2
182,17,56,5,1.7142857142857142,0.1015625,0.21295885499997994,3.0476190476190474
183,19,55,5,1.7894736842105263,0.10677083333333334,0.4823763889427201,3.3684210526315788
184,19,49,3,1.7894736842105263,0.125,0.4823763889427201,3.3684210526315788
185,19,58,1,1.7894736842105263,0.049479166666666664,0.48237638894272,3.3684210526315788
186,18,58,2,1.75,0.05989583333333333,0.39999999999999997,3.2
187,18,59,3,1.75,0.057291666666666664,0.39999999999999997,3.2
188,17,56,2,1.7142857142857142,0.07291666666666666,0.21295885499997994,3.0476190476190474
189,18,58,1,1.75,0.0546875,0.39999999999999997,3.2
190,18,55,3,1.75,0.08333333333333333,0.39999999999999997,3.2
191,18,57,3,1.75,0.078125,0.39999999999999997,3.2
192,19,53,5,1.736842105263158,0.12239583333333333,0.4823763889427201,3.3684210526315788
193,17,58,0,1.7142857142857142,0.041666666666666664,0.21295885499997994,3.0476190476190474
194,18,59,2,1.75,0.05208333333333333,0.39999999999999997,3.2
195,20,59,2,1.8333333333333333,0.049479166666666664,0.49690399499995325,3.5555555555555554
196,17,57,4,1.6666666666666667,0.08333333333333333,0.21295885499997994,3.0476190476190474
197,19,58,3,1.7894736842105263,0.06770833333333333,0.4823763889427201,3.3684210526315788
198,19,61,2,1.7894736842105263,0.0390625,0.4823763889427201,3.3684210526315788
199,18,57,3,1.75,0.07291666666666666,0.39999999999999997,3.2
200,17,54,5,1.7142857142857142,0.11458333333333333,0.21295885499997994,3.0476190476190474
201,19,56,3,1.7894736842105263,0.08072916666666666,0.4823763889427201,3.3684210526315788
202,19,60,0,1.7894736842105263,0.028645833333333332,0.4823763889427201,3.3684210526315788
203,17,58,1,1.7142857142857142,0.046875,0.21295885499997994,3.0476190476190474
204,18,51,5,1.75,0.1328125,0.39999999999999997,3.2
205,17,60,4,1.6666666666666667,0.0625,0.21295885499997994,3.0476190476190474
206,18,59,4,1.75,0.06770833333333333,0.39999999999999997,3.2
207,18,52,7,1.7,0.14583333333333331,0.39999999999999997,3.2
208,19,53,5,1.7894736842105263,0.11718749999999999,0.4823763889427201,3.3684210526315788
209,18,57,3,1.75,0.0703125,0.39999999999999997,3.2
210,17,51,5,1.7142857142857142,0.13020833333333331,0.21295885499997994,3.0476190476190474
211,17,56,3,1.7142857142857142,0.08072916666666666,0.21295885499997994,3.0476190476190474
212,18,48,6,1.75,0.15885416666666666,0.39999999999999997,3.2
213,17,52,5,1.7142857142857142,0.12760416666666669,0.21295885499997994,3.0476190476190474
214,18,52,6,1.75,0.12760416666666666,0.39999999999999997,3.2
215,18,57,1,1.75,0.0546875,0.39999999999999997,3.2
216,17,58,4,1.7142857142857142,0.07291666666666667,0.21295885499997994,3.0476190476190474
217,19,54,5,1.7894736842105263,0.11197916666666666,0.4823763889427201,3.3684210526315788
218,18,59,4,1.75,0.06770833333333334,0.39999999999999997,3.2
219,18,55,4,1.75,0.09895833333333333,0.39999999999999997,3.2
220,17,52,2,1.7142857142857142,0.09895833333333333,0.21295885499997996,3.0476190476190474
221,19,58,2,1.7894736842105263,0.05208333333333333,0.4823763889427201,3.3684210526315788
222,17,56,1,1.7142857142857142,0.06510416666666666,0.21295885499997994,3.0476190476190474
223,19,52,4,1.7894736842105263,0.11458333333333331,0.48237638894272,3.3684210526315788
224,18,49,7,1.75,0.1640625,0.39999999999999997,3.2
225,18,55,2,1.75,0.07552083333333333,0.39999999999999997,3.2
226,18,55,6,1.75,0.11458333333333333,0.39999999999999997,3.2
227,19,53,6,1.7894736842105263,0.12239583333333333,0.4823763889427201,3.3684210526315788
228,17,53,2,1.7142857142857142,0.09635416666666666,0.21295885499997994,3.0476190476190474
229,18,56,3,1.75,0.07552083333333333,0.39999999999999997,3.2
230,19,56,6,1.7894736842105263,0.10416666666666667,0.4823763889427201,3.3684210526315788
231,17,55,3,1.7142857142857142,0.09114583333333333,0.21295885499997994,3.0476190476190474
232,18,57,2,1.75,0.05989583333333333,0.39999999999999997,3.2
233,18,53,2,1.75,0.08854166666666666,0.39999999999999997,3.2
234,19,55,3,1.7894736842105263,0.08333333333333333,0.4823763889427201,3.3684210526315788
235,17,58,1,1.7142857142857142,0.05208333333333333,0.21295885499997994,3.0476190476190474
236,17,53,5,1.7142857142857142,0.11718749999999999,0.21295885499997994,3.0476190476190474
237,19,56,4,1.7894736842105263,0.08854166666666666,0.4823763889427201,3.3684210526315788
238,18,53,6,1.75,0.12760416666666666,0.39999999999999997,3.2
239,18,55,5,1.65,0.10416666666666666,0.39999999999999997,3.2
240,19,49,3,1.7894736842105263,0.1328125,0.4823763889427201,3.3684210526315788
241,17,54,4,1.7142857142857142,0.1015625,0.21295885499997994,3.0476190476190474
242,18,55,6,1.75,0.11458333333333333,0.39999999999999997,3.2
243,18,51,6,1.7,0.13802083333333334,0.39999999999999997,3.2
244,18,53,5,1.75,0.1171875,0.39999999999999997,3.2
245,19,58,1,1.7894736842105263,0.05208333333333333,0.4823763889427201,3.3684210526315788
246,17,48,11,1.7142857142857142,0.20833333333333331,0.21295885499997994,3.0476190476190474
247,19,55,5,1.7894736842105263,0.10416666666666667,0.4823763889427201,3.3684210526315788
248,18,56,2,1.75,0.06770833333333333,0.39999999999999997,3.2
249,18,57,4,1.75,0.08333333333333333,0.39999999999999997,3.2
250,17,56,1,1.7142857142857142,0.06249999999999999,0.21295885499997994,3.0476190476190474
251,18,58,3,1.75,0.06510416666666666,0.39999999999999997,3.2
252,18,50,6,1.7,0.1484375,0.39999999999999997,3.2
253,18,49,6,1.7,0.15625,0.39999999999999997,3.2
254,18,50,8,1.75,0.1640625,0.39999999999999997,3.2
255,19,54,6,1.7894736842105263,0.11979166666666666,0.48237638894272,3.3684210526315788
256,17,59,2,1.7142857142857142,0.05208333333333333,0.21295885499997994,3.0476190476190474
257,19,56,1,1.7894736842105263,0.06510416666666666,0.4823763889427201,3.3684210526315788
258,18,51,6,1.75,0.140625,0.39999999999999997,3.2
259,19,54,4,1.7894736842105263,0.1015625,0.4823763889427201,3.3684210526315788
260,19,54,5,1.7894736842105263,0.1171875,0.4823763889427201,3.3684210526315788
261,18,55,3,1.75,0.0859375,0.39999999999999997,3.2
262,17,56,4,1.7142857142857142,0.08854166666666666,0.21295885499997994,3.0476190476190474
263,18,52,7,1.75,0.140625,0.39999999999999997,3.2
264,17,52,8,1.7142857142857142,0.15104166666666666,0.21295885499997994,3.0476190476190474
265,18,54,6,1.75,0.125,0.39999999999999997,3.2
266,19,52,6,1.7894736842105263,0.13802083333333331,0.4823763889427201,3.3684210526315788
267,18,56,3,1.75,0.07291666666666666,0.39999999999999997,3.2
268,19,52,6,1.7894736842105263,0.1328125,0.4823763889427201,3.3684210526315788
269,17,51,5,1.7142857142857142,0.12760416666666669,0.21295885499997994,3.0476190476190474
270,19,55,5,1.7894736842105263,0.1015625,0.48237638894272,3.3684210526315788
271,18,56,2,1.75,0.0703125,0.39999999999999997,3.2
272,19,53,6,1.7894736842105263,0.12760416666666666,0.48237638894272,3.3684210526315788
273,18,55,4,1.75,0.09635416666666666,0.39999999999999997,3.2
274,19,52,8,1.7894736842105263,0.15104166666666666,0.4823763889427201,3.3684210526315788
275,18,59,4,1.75,0.0703125,0.39999999999999997,3.2
276,17,50,6,1.619047619047619,0.15104166666666666,0.21295885499997994,3.0476190476190474
277,18,54,6,1.75,0.125,0.39999999999999997,3.2
278,18,52,4,1.75,0.11458333333333333,0.39999999999999997,3.2
279,18,55,5,1.75,0.10677083333333333,0.39999999999999997,3.2
280,18,55,4,1.75,0.09895833333333333,0.39999999999999997,3.2
281,17,57,2,1.6666666666666667,0.05989583333333333,0.21295885499997994,3.0476190476190474
282,17,51,8,1.7142857142857142,0.16145833333333331,0.21295885499997994,3.0476190476190474
283,19,57,3,1.7894736842105263,0.078125,0.4823763889427201,3.3684210526315788
284,18,49,6,1.75,0.15104166666666669,0.39999999999999997,3.2
285,18,49,5,1.75,0.14322916666666666,0.39999999999999997,3.2
286,19,53,5,1.7894736842105263,0.11979166666666667,0.48237638894272,3.3684210526315788
287,18,57,5,1.75,0.08854166666666666,0.39999999999999997,3.2
288,18,51,7,1.7,0.14583333333333331,0.39999999999999997,3.2
289,18,47,7,1.75,0.17447916666666666,0.39999999999999997,3.2
290,18,51,6,1.75,0.14322916666666666,0.39999999999999997,3.2
291,19,55,6,1.7894736842105263,0.109375,0.4823763889427201,3.3684210526315788
292,18,50,6,1.75,0.15104166666666666,0.39999999999999997,3.2
293,17,54,5,1.7142857142857142,0.109375,0.21295885499997994,3.0476190476190474
294,18,55,5,1.75,0.10416666666666666,0.39999999999999997,3.2
295,18,47,10,1.75,0.19791666666666669,0.39999999999999997,3.2
296,18,47,7,1.75,0.17447916666666666,0.39999999999999997,3.2
297,17,53,3,1.7142857142857142,0.10677083333333334,0.21295885499997994,3.0476190476190474
298,18,52,8,1.75,0.15364583333333331,0.39999999999999997,3.2
299,19,53,6,1.736842105263158,0.12433862433862433,0.5668594533825794,3.3157894736842106
300,17,48,5,1.7142857142857142,0.1484375,0.21295885499997994,3.0476190476190474
301,19,54,4,1.7894736842105263,0.109375,0.4823763889427201,3.3684210526315788
302,18,51,8,1.75,0.15885416666666666,0.39999999999999997,3.2
303,18,61,2,1.7,0.0390625,0.39999999999999997,3.2
304,18,52,7,1.75,0.14322916666666666,0.39999999999999997,3.2
305,19,50,6,1.7894736842105263,0.14583333333333331,0.4823763889427201,3.3684210526315788
306,18,58,2,1.75,0.05729166666666667,0.39999999999999997,3.2
307,18,48,12,1.65,0.2109375,0.39999999999999997,3.2
308,18,54,5,1.7,0.11458333333333334,0.39999999999999997,3.2
309,19,46,10,1.7894736842105263,0.21093750000000003,0.4823763889427201,3.3684210526315788
310,19,51,10,1.736842105263158,0.171875,0.4823763889427201,3.3684210526315788
311,20,51,5,1.8333333333333333,0.13020833333333334,0.49690399499995325,3.5555555555555554
312,17,47,10,1.6666666666666667,0.20052083333333331,0.21295885499997994,3.0476190476190474
313,18,51,10,1.7,0.171875,0.39999999999999997,3.2
314,20,51,6,1.8333333333333333,0.14583333333333331,0.49690399499995325,3.5555555555555554
315,18,51,8,1.75,0.16145833333333331,0.39999999999999997,3.2
316,18,53,5,1.75,0.125,0.39999999999999997,3.2
317,18,50,5,1.75,0.13541666666666666,0.39999999999999997,3.2
318,18,52,4,1.75,0.11979166666666666,0.39999999999999997,3.2
319,17,48,11,1.7142857142857142,0.20833333333333331,0.21295885499997994,3.0476190476190474
320,18,49,6,1.75,0.15364583333333331,0.39999999999999997,3.2
321,18,48,6,1.7,0.16145833333333331,0.39999999999999997,3.2
322,18,47,10,1.7,0.19791666666666669,0.39999999999999997,3.2
323,18,54,6,1.75,0.11979166666666666,0.39999999999999997,3.2
324,17,47,12,1.7142857142857142,0.21875,0.21295885499997994,3.0476190476190474
325,17,54,3,1.7142857142857142,0.09374999999999999,0.21295885499997994,3.0476190476190474
326,17,58,5,1.7142857142857142,0.0859375,0.21295885499997994,3.0476190476190474
327,18,50,7,1.7,0.15364583333333331,0.39999999999999997,3.2
328,19,47,7,1.7894736842105263,0.171875,0.4823763889427201,3.3684210526315788
329,17,51,10,1.7142857142857142,0.17447916666666669,0.21295885499997994,3.0476190476190474
330,17,53,4,1.7142857142857142,0.10416666666666666,0.21295885499997994,3.0476190476190474
331,19,45,8,1.7894736842105263,0.203125,0.4823763889427201,3.3684210526315788
332,19,52,6,1.7894736842105263,0.125,0.4823763889427201,3.3684210526315788
333,18,46,8,1.7,0.1953125,0.39999999999999997,3.2
334,18,48,7,1.75,0.16927083333333331,0.39999999999999997,3.2
335,19,47,11,1.736842105263158,0.20833333333333331,0.4823763889427201,3.3684210526315788
336,19,49,9,1.736842105263158,0.18489583333333334,0.4823763889427201,3.3684210526315788
337,20,55,7,1.8333333333333333,0.12239583333333334,0.49690399499995325,3.5555555555555554
338,18,52,8,1.7,0.15364583333333331,0.39999999999999997,3.2
339,18,50,9,1.75,0.17708333333333331,0.39999999999999997,3.2
340,17,50,7,1.7142857142857142,0.15625,0.21295885499997994,3.0476190476190474
341,19,52,9,1.736842105263158,0.15873015873015872,0.5668594533825794,3.3157894736842106
342,19,52,7,1.736842105263158,0.14322916666666666,0.48237638894272,3.3684210526315788
343,20,53,8,1.7777777777777777,0.14322916666666666,0.49690399499995325,3.5555555555555554
344,19,48,10,1.736842105263158,0.19270833333333331,0.4823763889427201,3.3684210526315788
345,18,48,9,1.75,0.19010416666666666,0.39999999999999997,3.2
346,19,51,9,1.7894736842105263,0.171875,0.48237638894272,3.3684210526315788
347,18,46,12,1.75,0.2265625,0.39999999999999997,3.2
348,18,48,9,1.75,0.18489583333333331,0.39999999999999997,3.2
349,19,47,10,1.736842105263158,0.203125,0.4823763889427201,3.3684210526315788
350,18,45,13,1.75,0.2421875,0.39999999999999997,3.2
351,18,49,9,1.7,0.18229166666666666,0.39999999999999997,3.2
352,19,51,10,1.736842105263158,0.1796875,0.4823763889427201,3.3684210526315788
353,19,54,5,1.736842105263158,0.11197916666666666,0.4823763889427201,3.3684210526315788
354,18,49,8,1.7,0.171875,0.39999999999999997,3.2
355,19,48,10,1.736842105263158,0.19791666666666666,0.4823763889427201,3.3684210526315788
356,19,44,10,1.7894736842105263,0.2265625,0.4823763889427201,3.3684210526315788
357,20,48,5,1.8333333333333333,0.15104166666666666,0.49690399499995325,3.5555555555555554
358,18,48,8,1.75,0.18229166666666669,0.39999999999999997,3.2
359,19,52,6,1.736842105263158,0.12962962962962962,0.5668594533825794,3.3157894736842106
360,18,54,7,1.75,0.1328125,0.39999999999999997,3.2
361,18,51,10,1.75,0.17708333333333334,0.39999999999999997,3.2
362,18,48,10,1.6,0.19576719576719578,0.47696960070847283,3.15
363,20,46,8,1.8333333333333333,0.1953125,0.49690399499995325,3.5555555555555554
364,19,49,10,1.736842105263158,0.19270833333333331,0.4823763889427201,3.3684210526315788
365,18,45,10,1.7,0.21614583333333334,0.39999999999999997,3.2
366,19,53,8,1.736842105263158,0.14583333333333331,0.4823763889427201,3.3684210526315788
367,18,42,9,1.7,0.234375,0.39999999999999997,3.2
368,19,43,11,1.7894736842105263,0.2421875,0.48237638894272,3.3684210526315788
369,18,51,8,1.7,0.15885416666666666,0.39999999999999997,3.2
370,18,50,9,1.7,0.171875,0.39999999999999997,3.2
371,18,52,9,1.75,0.1640625,0.39999999999999997,3.2
372,19,47,9,1.736842105263158,0.1953125,0.4823763889427201,3.3684210526315788
373,18,48,9,1.75,0.18229166666666666,0.39999999999999997,3.2
374,17,48,8,1.7142857142857142,0.18229166666666666,0.21295885499997994,3.0476190476190474
375,19,48,10,1.736842105263158,0.20052083333333331,0.4823763889427201,3.3684210526315788
376,19,43,12,1.736842105263158,0.25,0.4823763889427201,3.3684210526315788
377,18,50,8,1.7,0.16666666666666666,0.39999999999999997,3.2
378,17,50,10,1.6666666666666667,0.18229166666666669,0.21295885499997994,3.0476190476190474
379,19,49,10,1.7894736842105263,0.19010416666666669,0.4823763889427201,3.3684210526315788
380,18,47,13,1.75,0.22916666666666666,0.39999999999999997,3.2
381,18,47,12,1.7,0.22135416666666666,0.39999999999999997,3.2
382,19,41,12,1.736842105263158,0.2630208333333333,0.4823763889427201,3.3684210526315788
383,19,52,7,1.7894736842105263,0.140625,0.4823763889427201,3.3684210526315788
384,19,47,8,1.736842105263158,0.19270833333333331,0.4823763889427201,3.3684210526315788
385,18,47,12,1.7,0.22135416666666669,0.39999999999999997,3.2
386,18,44,12,1.65,0.24074074074074076,0.47696960070847283,3.15
387,18,46,12,1.7,0.22916666666666663,0.39999999999999997,3.2
388,20,41,10,1.7777777777777777,0.24739583333333331,0.49690399499995325,3.5555555555555554
389,19,46,12,1.736842105263158,0.2265625,0.48237638894272,3.3684210526315788
390,19,46,11,1.736842105263158,0.22395833333333331,0.4823763889427201,3.3684210526315788
391,19,47,13,1.7894736842105263,0.23177083333333331,0.48237638894272,3.3684210526315788
392,19,42,15,1.736842105263158,0.28125,0.4823763889427201,3.3684210526315788
393,18,45,9,1.75,0.20833333333333331,0.39999999999999997,3.2
394,17,42,13,1.619047619047619,0.26455026455026454,0.3086066999241838,3.0
395,19,50,7,1.736842105263158,0.15885416666666666,0.4823763889427201,3.3684210526315788
396,18,44,10,1.7,0.22916666666666666,0.39999999999999997,3.2
397,18,48,9,1.7,0.1875,0.39999999999999997,3.2
398,19,44,13,1.7894736842105263,0.2552083333333333,0.4823763889427201,3.3684210526315788
399,18,43,12,1.75,0.2421875,0.39999999999999997,3.2
400,18,47,13,1.7,0.23177083333333334,0.39999999999999997,3.2
401,18,44,12,1.7,0.2421875,0.39999999999999997,3.2
402,19,48,10,1.736842105263158,0.19791666666666669,0.4823763889427201,3.3684210526315788
403,19,51,8,1.7894736842105263,0.15625,0.4823763889427201,3.3684210526315788
404,19,48,14,1.736842105263158,0.234375,0.4823763889427201,3.3684210526315788
405,19,49,9,1.7894736842105263,0.18489583333333331,0.48237638894272,3.3684210526315788
406,19,46,12,1.736842105263158,0.22916666666666669,0.4823763889427201,3.3684210526315788
407,18,50,8,1.75,0.1640625,0.39999999999999997,3.2
408,19,46,13,1.736842105263158,0.23958333333333331,0.4823763889427201,3.3684210526315788
409,18,50,7,1.75,0.15625,0.39999999999999997,3.2
410,19,41,12,1.736842105263158,0.26041666666666663,0.4823763889427201,3.3684210526315788
411,18,49,11,1.75,0.20052083333333331,0.39999999999999997,3.2
412,18,50,10,1.7,0.18489583333333331,0.39999999999999997,3.2
413,18,48,10,1.75,0.203125,0.39999999999999997,3.2
414,19,46,12,1.736842105263158,0.23177083333333334,0.4823763889427201,3.3684210526315788
415,19,46,13,1.736842105263158,0.23958333333333331,0.4823763889427201,3.3684210526315788
416,17,48,13,1.6666666666666667,0.22395833333333331,0.21295885499997994,3.0476190476190474
417,19,46,11,1.736842105263158,0.22395833333333331,0.4823763889427201,3.3684210526315788
418,18,48,8,1.7,0.18489583333333334,0.39999999999999997,3.2
419,19,45,11,1.7894736842105263,0.23177083333333331,0.4823763889427201,3.3684210526315788
420,19,47,12,1.736842105263158,0.22395833333333331,0.4823763889427201,3.3684210526315788
421,19,44,14,1.736842105263158,0.26041666666666663,0.4823763889427201,3.3684210526315788
422,18,47,11,1.7,0.20833333333333331,0.39999999999999997,3.2
423,18,41,13,1.7,0.2682291666666667,0.39999999999999997,3.2
424,18,49,10,1.7,0.19010416666666669,0.39999999999999997,3.2
425,19,45,14,1.736842105263158,0.25520833333333337,0.48237638894272,3.3684210526315788
426,19,46,11,1.7894736842105263,0.22395833333333331,0.48237638894272,3.3684210526315788
427,19,42,19,1.736842105263158,0.3203125,0.4823763889427201,3.3684210526315788
428,18,44,12,1.7,0.23958333333333337,0.39999999999999997,3.2
429,18,44,10,1.65,0.2275132275132275,0.47696960070847283,3.15
430,17,48,10,1.6666666666666667,0.20052083333333331,0.21295885499997994,3.0476190476190474
431,19,46,12,1.736842105263158,0.2265625,0.4823763889427201,3.3684210526315788
432,18,47,10,1.75,0.20572916666666669,0.39999999999999997,3.2
433,19,49,11,1.736842105263158,0.203125,0.4823763889427201,3.3684210526315788
434,18,42,15,1.7,0.2864583333333333,0.39999999999999997,3.2
435,18,42,13,1.75,0.2578125,0.39999999999999997,3.2
436,19,42,13,1.7894736842105263,0.265625,0.4823763889427201,3.3684210526315788
437,18,46,13,1.7,0.23958333333333331,0.39999999999999997,3.2
438,20,41,13,1.7777777777777777,0.2734375,0.49690399499995325,3.5555555555555554
439,19,45,12,1.736842105263158,0.23958333333333331,0.4823763889427201,3.3684210526315788
440,18,45,15,1.7,0.265625,0.39999999999999997,3.2
441,17,46,11,1.6666666666666667,0.22395833333333331,0.21295885499997994,3.0476190476190474
442,18,43,14,1.7,0.26822916666666663,0.39999999999999997,3.2
443,19,44,13,1.736842105263158,0.25,0.4823763889427201,3.3684210526315788
444,18,42,12,1.7,0.26041666666666663,0.39999999999999997,3.2
445,18,45,13,1.7,0.23958333333333334,0.39999999999999997,3.2
446,19,45,12,1.7894736842105263,0.23697916666666666,0.4823763889427201,3.3684210526315788
447,17,40,15,1.6666666666666667,0.29427083333333337,0.21295885499997994,3.0476190476190474
448,18,43,12,1.7,0.25,0.39999999999999997,3.2
449,19,46,14,1.736842105263158,0.25,0.4823763889427201,3.3684210526315788
450,20,45,12,1.7777777777777777,0.23697916666666666,0.49690399499995325,3.5555555555555554
451,18,47,12,1.7,0.22135416666666669,0.39999999999999997,3.2
452,19,44,14,1.736842105263158,0.2630208333333333,0.4823763889427201,3.3684210526315788
453,18,43,14,1.7,0.26822916666666663,0.39999999999999997,3.2
454,18,41,16,1.7,0.29947916666666663,0.39999999999999997,3.2
455,17,50,10,1.6666666666666667,0.18489583333333331,0.21295885499997994,3.0476190476190474
456,19,46,12,1.736842105263158,0.23177083333333334,0.4823763889427201,3.3684210526315788
457,19,44,12,1.736842105263158,0.23958333333333331,0.4823763889427201,3.3684210526315788
458,17,46,12,1.6666666666666667,0.234375,0.21295885499997994,3.0476190476190474
459,19,47,11,1.736842105263158,0.21354166666666666,0.4823763889427201,3.3684210526315788
460,19,42,15,1.7894736842105263,0.28385416666666663,0.4823763889427201,3.3684210526315788
461,19,46,13,1.736842105263158,0.23697916666666663,0.48237638894272,3.3684210526315788
462,17,46,14,1.7142857142857142,0.24479166666666669,0.21295885499997994,3.0476190476190474
463,18,43,13,1.7,0.25520833333333337,0.39999999999999997,3.2
464,19,41,16,1.736842105263158,0.3020833333333333,0.48237638894272,3.3684210526315788
465,19,48,12,1.736842105263158,0.21614583333333331,0.4823763889427201,3.3684210526315788
466,19,43,13,1.736842105263158,0.2578125,0.4823763889427201,3.3684210526315788
467,18,46,13,1.7,0.23958333333333334,0.39999999999999997,3.2
468,18,41,14,1.7,0.2838541666666667,0.39999999999999997,3.2
469,19,40,16,1.736842105263158,0.3046875,0.4823763889427201,3.3684210526315788
470,19,42,13,1.736842105263158,0.26302083333333337,0.4823763889427201,3.3684210526315788
471,18,48,10,1.7,0.1953125,0.39999999999999997,3.2
472,18,44,13,1.7,0.2552083333333333,0.39999999999999997,3.2
473,19,45,14,1.736842105263158,0.2552083333333333,0.4823763889427201,3.3684210526315788
474,19,42,14,1.736842105263158,0.27864583333333337,0.4823763889427201,3.3684210526315788
475,19,45,14,1.736842105263158,0.2526041666666667,0.4823763889427201,3.3684210526315788
476,18,46,11,1.7,0.22135416666666666,0.39999999999999997,3.2
477,19,43,12,1.736842105263158,0.25260416666666663,0.4823763889427201,3.3684210526315788
478,18,47,11,1.7,0.21614583333333331,0.39999999999999997,3.2
479,18,41,16,1.7,0.2994791666666667,0.39999999999999997,3.2
480,18,45,12,1.7,0.23177083333333331,0.39999999999999997,3.2
481,19,40,15,1.736842105263158,0.296875,0.4823763889427201,3.3684210526315788
482,18,41,13,1.7,0.2734375,0.39999999999999997,3.2
483,18,42,14,1.7,0.2734375,0.39999999999999997,3.2
484,18,43,16,1.7,0.28385416666666663,0.39999999999999997,3.2
485,17,43,13,1.6666666666666667,0.26041666666666663,0.21295885499997994,3.0476190476190474
486,19,43,17,1.736842105263158,0.296875,0.4823763889427201,3.3684210526315788
487,18,43,14,1.7,0.265625,0.39999999999999997,3.2
488,18,44,15,1.7,0.2708333333333333,0.39999999999999997,3.2
489,19,43,13,1.736842105263158,0.25520833333333337,0.48237638894272,3.3684210526315788
490,19,42,15,1.736842105263158,0.28645833333333337,0.48237638894272,3.3684210526315788
491,18,43,15,1.7,0.28125,0.39999999999999997,3.2
492,18,45,13,1.7,0.24739583333333331,0.39999999999999997,3.2
493,17,39,17,1.619047619047619,0.32275132275132273,0.3086066999241838,3.0
494,18,40,15,1.7,0.2994791666666667,0.39999999999999997,3.2
495,18,48,12,1.7,0.21875,0.39999999999999997,3.2
496,17,43,17,1.6666666666666667,0.296875,0.21295885499997994,3.0476190476190474
497,18,45,15,1.7,0.26302083333333337,0.39999999999999997,3.2
498,19,42,14,1.7894736842105263,0.27604166666666663,0.4823763889427201,3.3684210526315788
499,19,42,16,1.736842105263158,0.29166666666666663,0.4823763889427201,3.3684210526315788
500,19,44,13,1.736842105263158,0.2578125,0.4823763889427201,3.3684210526315788
501,18,42,12,1.7,0.2630208333333333,0.39999999999999997,3.2
502,19,44,15,1.736842105263158,0.2682291666666667,0.4823763889427201,3.3684210526315788
503,19,41,15,1.736842105263158,0.2890625,0.4823763889427201,3.3684210526315788
504,18,43,15,1.7,0.27604166666666663,0.39999999999999997,3.2
505,19,42,13,1.736842105263158,0.2630208333333333,0.4823763889427201,3.3684210526315788
506,18,39,16,1.7,0.31510416666666663,0.39999999999999997,3.2
507,18,50,11,1.7,0.19270833333333331,0.39999999999999997,3.2
508,19,44,13,1.736842105263158,0.2552083333333333,0.4823763889427201,3.3684210526315788
509,18,38,16,1.7,0.3203125,0.39999999999999997,3.2
510,17,45,15,1.6666666666666667,0.2630208333333333,0.21295885499997994,3.0476190476190474
511,19,42,16,1.6842105263157894,0.291005291005291,0.5668594533825794,3.3157894736842106
512,19,42,13,1.736842105263158,0.2630208333333333,0.48237638894272,3.3684210526315788
513,17,45,16,1.6666666666666667,0.27083333333333337,0.21295885499997994,3.0476190476190474
514,19,43,14,1.736842105263158,0.26822916666666663,0.4823763889427201,3.3684210526315788
515,18,44,13,1.7,0.2578125,0.39999999999999997,3.2
516,19,44,13,1.736842105263158,0.2526041666666667,0.4823763889427201,3.3684210526315788
517,18,38,17,1.7,0.328125,0.39999999999999997,3.2
518,19,47,11,1.736842105263158,0.21875,0.4823763889427201,3.3684210526315788
519,18,44,14,1.7,0.265625,0.39999999999999997,3.2
520,20,40,15,1.8333333333333333,0.29947916666666663,0.49690399499995325,3.5555555555555554
521,18,37,19,1.7,0.35677083333333337,0.39999999999999997,3.2
522,18,43,13,1.7,0.2578125,0.39999999999999997,3.2
523,18,42,14,1.7,0.27864583333333337,0.39999999999999997,3.2
524,18,40,14,1.7,0.29166666666666663,0.39999999999999997,3.2
525,18,42,14,1.7,0.2734375,0.39999999999999997,3.2
526,18,43,15,1.7,0.2734375,0.39999999999999997,3.2
527,17,42,13,1.7142857142857142,0.26302083333333337,0.21295885499997994,3.0476190476190474
528,19,43,15,1.736842105263158,0.2760416666666667,0.4823763889427201,3.3684210526315788
529,17,43,16,1.7142857142857142,0.2890625,0.21295885499997994,3.0476190476190474
530,18,48,10,1.7,0.20052083333333331,0.39999999999999997,3.2
531,19,39,16,1.736842105263158,0.3125,0.4823763889427201,3.3684210526315788
532,19,44,14,1.736842105263158,0.2630208333333333,0.4823763889427201,3.3684210526315788
533,18,45,16,1.7,0.27083333333333337,0.39999999999999997,3.2
534,18,39,20,1.7,0.34635416666666663,0.39999999999999997,3.2
535,18,42,15,1.7,0.2890625,0.39999999999999997,3.2
536,18,37,14,1.7,0.30989583333333337,0.39999999999999997,3.2
537,20,38,17,1.7777777777777777,0.328125,0.49690399499995325,3.5555555555555554
538,19,42,16,1.736842105263158,0.296875,0.4823763889427201,3.3684210526315788
539,19,41,15,1.736842105263158,0.2890625,0.4823763889427201,3.3684210526315788
540,18,44,13,1.7,0.25520833333333337,0.39999999999999997,3.2
541,18,43,13,1.75,0.2578125,0.39999999999999997,3.2
542,19,45,13,1.736842105263158,0.25,0.4823763889427201,3.3684210526315788
543,19,41,14,1.736842105263158,0.28125,0.48237638894272,3.3684210526315788
544,19,40,16,1.6842105263157894,0.29894179894179895,0.5668594533825794,3.3157894736842106
545,18,49,12,1.7,0.2109375,0.39999999999999997,3.2
546,18,40,16,1.7,0.3072916666666667,0.39999999999999997,3.2
547,19,44,14,1.736842105263158,0.26302083333333337,0.4823763889427201,3.3684210526315788
548,19,46,13,1.736842105263158,0.23958333333333334,0.4823763889427201,3.3684210526315788
549,18,42,18,1.7,0.30729166666666663,0.39999999999999997,3.2
550,20,44,14,1.7777777777777777,0.26041666666666663,0.49690399499995325,3.5555555555555554
551,18,44,12,1.7,0.24218749999999997,0.39999999999999997,3.2
552,19,44,13,1.736842105263158,0.2578125,0.4823763889427201,3.3684210526315788
553,18,40,17,1.7,0.3177083333333333,0.39999999999999997,3.2
554,18,41,15,1.7,0.2890625,0.39999999999999997,3.2
555,18,43,15,1.7,0.2734375,0.39999999999999997,3.2
556,18,40,17,1.7,0.3151041666666667,0.39999999999999997,3.2
557,19,39,14,1.736842105263158,0.2994791666666667,0.4823763889427201,3.3684210526315788
558,18,44,13,1.75,0.2526041666666667,0.39999999999999997,3.2
559,18,44,15,1.7,0.2734375,0.39999999999999997,3.2
560,19,47,14,1.736842105263158,0.2421875,0.4823763889427201,3.3684210526315788
561,20,37,18,1.7777777777777777,0.33854166666666663,0.49690399499995325,3.5555555555555554
562,19,37,16,1.736842105263158,0.328125,0.4823763889427201,3.3684210526315788
563,18,42,14,1.7,0.2734375,0.39999999999999997,3.2
564,19,40,16,1.7894736842105263,0.3098958333333333,0.4823763889427201,3.3684210526315788
565,19,42,13,1.736842105263158,0.26822916666666663,0.4823763889427201,3.3684210526315788
566,19,43,15,1.736842105263158,0.28125,0.4823763889427201,3.3684210526315788
567,19,43,16,1.736842105263158,0.2864583333333333,0.48237638894272,3.3684210526315788
568,18,36,17,1.65,0.34391534391534395,0.47696960070847283,3.15
569,18,38,18,1.7,0.3359375,0.39999999999999997,3.2
570,19,43,14,1.736842105263158,0.2682291666666667,0.4823763889427201,3.3684210526315788
571,20,39,17,1.7777777777777777,0.3229166666666667,0.49690399499995325,3.5555555555555554
572,18,44,14,1.7,0.2630208333333333,0.39999999999999997,3.2
573,19,45,14,1.736842105263158,0.25520833333333337,0.4823763889427201,3.3684210526315788
574,19,42,14,1.736842105263158,0.2734375,0.48237638894272,3.3684210526315788
575,17,43,15,1.6666666666666667,0.28125,0.21295885499997994,3.0476190476190474
576,18,40,16,1.7,0.3072916666666667,0.39999999999999997,3.2
577,18,38,18,1.7,0.33333333333333337,0.39999999999999997,3.2
578,18,43,15,1.7,0.27864583333333337,0.39999999999999997,3.2
579,20,43,17,1.7777777777777777,0.29427083333333337,0.49690399499995325,3.5555555555555554
580,19,39,19,1.736842105263158,0.34114583333333337,0.4823763889427201,3.3684210526315788
581,19,41,16,1.736842105263158,0.29427083333333337,0.4823763889427201,3.3684210526315788
582,19,44,14,1.736842105263158,0.2630208333333333,0.4823763889427201,3.3684210526315788
583,19,42,16,1.736842105263158,0.29427083333333337,0.4823763889427201,3.3684210526315788
584,18,44,14,1.7,0.2604166666666667,0.39999999999999997,3.2
585,18,43,17,1.7,0.296875,0.39999999999999997,3.2
586,17,42,17,1.6666666666666667,0.3046875,0.21295885499997994,3.0476190476190474
587,19,40,16,1.736842105263158,0.3125,0.4823763889427201,3.3684210526315788
588,19,41,19,1.736842105263158,0.32552083333333337,0.48237638894272,3.3684210526315788
589,20,45,14,1.7777777777777777,0.2552083333333333,0.49690399499995325,3.5555555555555554
590,18,42,15,1.7,0.28385416666666663,0.39999999999999997,3.2
591,18,40,18,1.7,0.328125,0.39999999999999997,3.2
592,18,43,15,1.7,0.28125,0.39999999999999997,3.2
593,18,40,17,1.7,0.31510416666666663,0.39999999999999997,3.2
594,19,44,17,1.736842105263158,0.2890625,0.48237638894272,3.3684210526315788
595,18,41,18,1.7,0.3125,0.39999999999999997,3.2
596,18,40,16,1.7,0.30729166666666663,0.39999999999999997,3.2
597,19,39,16,1.736842105263158,0.3177083333333333,0.4823763889427201,3.3684210526315788
598,19,40,18,1.736842105263158,0.32552083333333337,0.4823763889427201,3.3684210526315788
599,18,42,17,1.7,0.3046875,0.39999999999999997,3.2
600,19,42,15,1.736842105263158,0.2838541666666667,0.4823763889427201,3.3684210526315788
601,18,45,16,1.7,0.27083333333333337,0.39999999999999997,3.2
602,18,36,19,1.7,0.35677083333333337,0.39999999999999997,3.2
603,19,43,15,1.736842105263158,0.2734375,0.4823763889427201,3.3684210526315788
604,19,37,17,1.736842105263158,0.3307291666666667,0.4823763889427201,3.3684210526315788
605,19,38,15,1.736842105263158,0.3151041666666667,0.4823763889427201,3.3684210526315788
606,19,43,14,1.736842105263158,0.26822916666666663,0.4823763889427201,3.3684210526315788
607,19,41,17,1.736842105263158,0.30989583333333337,0.4823763889427201,3.3684210526315788
608,19,42,15,1.736842105263158,0.28645833333333337,0.4823763889427201,3.3684210526315788
609,19,41,16,1.736842105263158,0.3046875,0.4823763889427201,3.3684210526315788
610,19,45,13,1.736842105263158,0.25,0.4823763889427201,3.3684210526315788
611,18,38,18,1.7,0.3359375,0.39999999999999997,3.2
612,17,50,9,1.6666666666666667,0.17708333333333331,0.21295885499997994,3.0476190476190474
613,19,39,18,1.6842105263157894,0.33068783068783064,0.5668594533825794,3.3157894736842106
614,19,41,14,1.736842105263158,0.27864583333333337,0.48237638894272,3.3684210526315788
615,18,35,20,1.7,0.375,0.39999999999999997,3.2
616,20,37,18,1.7777777777777777,0.3359375,0.49690399499995325,3.5555555555555554
617,18,42,16,1.7,0.29166666666666663,0.39999999999999997,3.2
618,18,41,16,1.7,0.3046875,0.39999999999999997,3.2
619,19,42,17,1.736842105263158,0.30208333333333337,0.4823763889427201,3.3684210526315788
620,18,43,18,1.7,0.3046875,0.39999999999999997,3.2
621,18,39,13,1.7,0.2890625,0.39999999999999997,3.2
622,19,39,16,1.736842105263158,0.30989583333333337,0.4823763889427201,3.3684210526315788
623,18,44,17,1.7,0.2890625,0.39999999999999997,3.2
624,20,39,16,1.7777777777777777,0.30989583333333337,0.49690399499995325,3.5555555555555554
625,18,39,16,1.7,0.3125,0.39999999999999997,3.2
626,18,42,15,1.7,0.28385416666666663,0.39999999999999997,3.2
627,19,41,16,1.7894736842105263,0.3046875,0.4823763889427201,3.3684210526315788
628,19,44,15,1.736842105263158,0.2734375,0.4823763889427201,3.3684210526315788
629,19,38,16,1.736842105263158,0.3125,0.4823763889427201,3.3684210526315788
630,18,41,17,1.7,0.30729166666666663,0.39999999999999997,3.2
631,19,45,14,1.736842105263158,0.2578125,0.48237638894272,3.3684210526315788
632,18,35,19,1.7,0.3697916666666667,0.39999999999999997,3.2
633,19,40,14,1.736842105263158,0.29166666666666663,0.4823763889427201,3.3684210526315788
634,20,40,17,1.7777777777777777,0.3177083333333333,0.49690399499995325,3.5555555555555554
635,19,38,17,1.736842105263158,0.328125,0.48237638894272,3.3684210526315788
636,19,42,16,1.736842105263158,0.2942708333333333,0.4823763889427201,3.3684210526315788
637,18,40,16,1.7,0.3046875,0.39999999999999997,3.2
638,18,41,17,1.65,0.3068783068783069,0.47696960070847283,3.15
639,18,42,17,1.7,0.3020833333333333,0.39999999999999997,3.2
640,19,40,18,1.736842105263158,0.3203125,0.48237638894272,3.3684210526315788
641,20,40,19,1.7777777777777777,0.33333333333333337,0.49690399499995325,3.5555555555555554
642,18,39,20,1.7,0.3515625,0.39999999999999997,3.2
643,20,38,14,1.7777777777777777,0.3046875,0.49690399499995325,3.5555555555555554
644,17,43,15,1.7142857142857142,0.27864583333333337,0.21295885499997994,3.0476190476190474
645,19,38,16,1.736842105263158,0.3203125,0.48237638894272,3.3684210526315788
646,18,38,20,1.7,0.359375,0.39999999999999997,3.2
647,18,35,19,1.65,0.36507936507936506,0.47696960070847283,3.15
648,18,42,16,1.7,0.2916666666666667,0.39999999999999997,3.2
649,18,42,15,1.75,0.28125,0.39999999999999997,3.2
650,19,44,16,1.736842105263158,0.2786458333333333,0.4823763889427201,3.3684210526315788
651,18,43,17,1.7,0.296875,0.39999999999999997,3.2
652,18,39,18,1.7,0.3307291666666667,0.39999999999999997,3.2
653,19,42,15,1.736842105263158,0.2890625,0.4823763889427201,3.3684210526315788
654,18,38,20,1.7,0.3515625,0.39999999999999997,3.2
655,19,42,16,1.736842105263158,0.2942708333333333,0.4823763889427201,3.3684210526315788
656,18,42,18,1.7,0.3125,0.39999999999999997,3.2
657,18,35,19,1.7,0.3697916666666667,0.39999999999999997,3.2
658,19,40,16,1.736842105263158,0.30989583333333337,0.4823763889427201,3.3684210526315788
659,18,40,17,1.7,0.3177083333333333,0.39999999999999997,3.2
660,18,44,17,1.7,0.2890625,0.39999999999999997,3.2
661,19,42,16,1.736842105263158,0.2942708333333333,0.4823763889427201,3.3684210526315788
662,18,44,16,1.7,0.28125,0.39999999999999997,3.2
663,17,38,18,1.6666666666666667,0.33854166666666663,0.21295885499997994,3.0476190476190474
664,19,38,17,1.736842105263158,0.328125,0.4823763889427201,3.3684210526315788
665,19,36,21,1.736842105263158,0.375,0.4823763889427201,3.3684210526315788
666,18,40,20,1.7,0.34375,0.39999999999999997,3.2
667,19,38,17,1.736842105263158,0.3333333333333333,0.4823763889427201,3.3684210526315788
668,19,39,16,1.736842105263158,0.3151041666666667,0.4823763889427201,3.3684210526315788
669,18,39,18,1.7,0.3307291666666667,0.39999999999999997,3.2
670,19,43,14,1.736842105263158,0.27083333333333337,0.4823763889427201,3.3684210526315788
671,17,39,18,1.6666666666666667,0.33333333333333337,0.21295885499997994,3.0476190476190474
672,19,38,17,1.736842105263158,0.33333333333333337,0.4823763889427201,3.3684210526315788
673,18,41,20,1.7,0.3359375,0.39999999999999997,3.2
674,18,39,17,1.7,0.328125,0.39999999999999997,3.2
675,19,35,19,1.736842105263158,0.36458333333333337,0.4823763889427201,3.3684210526315788
676,18,39,16,1.7,0.31770833333333337,0.39999999999999997,3.2
677,18,40,18,1.7,0.328125,0.39999999999999997,3.2
678,18,43,15,1.7,0.27604166666666663,0.39999999999999997,3.2
679,19,38,19,1.736842105263158,0.34114583333333337,0.4823763889427201,3.3684210526315788
680,20,41,18,1.7777777777777777,0.31770833333333337,0.49690399499995325,3.5555555555555554
681,18,38,16,1.7,0.31770833333333337,0.39999999999999997,3.2
682,18,34,17,1.7,0.34895833333333337,0.39999999999999997,3.2
683,18,42,16,1.7,0.2890625,0.39999999999999997,3.2
684,19,39,17,1.6842105263157894,0.31746031746031744,0.5668594533825794,3.3157894736842106
685,18,40,18,1.7,0.328125,0.39999999999999997,3.2
686,19,38,18,1.736842105263158,0.3359375,0.4823763889427201,3.3684210526315788
687,17,41,16,1.6666666666666667,0.3046875,0.21295885499997994,3.0476190476190474
688,18,39,18,1.7,0.328125,0.39999999999999997,3.2
689,18,40,17,1.7,0.31770833333333337,0.39999999999999997,3.2
690,18,40,18,1.75,0.3229166666666667,0.39999999999999997,3.2
691,19,39,18,1.736842105263158,0.3307291666666667,0.4823763889427201,3.3684210526315788
692,18,40,18,1.7,0.328125,0.39999999999999997,3.2
693,19,40,18,1.736842105263158,0.32552083333333337,0.4823763889427201,3.3684210526315788
694,19,36,20,1.736842105263158,0.3697916666666667,0.4823763889427201,3.3684210526315788
695,19,39,18,1.736842105263158,0.3307291666666667,0.48237638894272,3.3684210526315788
696,19,39,18,1.736842105263158,0.328125,0.4823763889427201,3.3684210526315788
697,19,36,19,1.736842105263158,0.359375,0.4823763889427201,3.3684210526315788
698,19,39,17,1.736842105263158,0.3229166666666667,0.4823763889427201,3.3684210526315788
699,19,41,14,1.736842105263158,0.2864583333333333,0.4823763889427201,3.3684210526315788
700,19,40,18,1.736842105263158,0.32552083333333337,0.4823763889427201,3.3684210526315788
701,19,40,16,1.736842105263158,0.30729166666666663,0.4823763889427201,3.3684210526315788
702,19,37,17,1.736842105263158,0.3359375,0.4823763889427201,3.3684210526315788
703,18,36,19,1.7,0.359375,0.39999999999999997,3.2
704,18,34,19,1.65,0.37830687830687837,0.47696960070847283,3.15
705,19,34,19,1.736842105263158,0.375,0.4823763889427201,3.3684210526315788
706,18,39,18,1.7,0.33333333333333337,0.39999999999999997,3.2
707,18,41,16,1.7,0.3046875,0.39999999999999997,3.2
708,19,42,16,1.736842105263158,0.2916666666666667,0.4823763889427201,3.3684210526315788
709,19,41,15,1.736842105263158,0.2942708333333333,0.4823763889427201,3.3684210526315788
710,19,45,16,1.736842105263158,0.2734375,0.4823763889427201,3.3684210526315788
711,19,35,19,1.736842105263158,0.3671875,0.4823763889427201,3.3684210526315788
712,20,35,20,1.7777777777777777,0.375,0.49690399499995325,3.5555555555555554
713,18,41,17,1.7,0.30989583333333337,0.39999999999999997,3.2
714,18,39,20,1.7,0.3515625,0.39999999999999997,3.2
715,19,43,17,1.736842105263158,0.296875,0.4823763889427201,3.3684210526315788
716,19,38,20,1.736842105263158,0.3541666666666667,0.4823763889427201,3.3684210526315788
717,19,37,21,1.736842105263158,0.37239583333333337,0.4823763889427201,3.3684210526315788
718,19,38,19,1.736842105263158,0.3515625,0.4823763889427201,3.3684210526315788
719,19,34,23,1.736842105263158,0.40364583333333337,0.4823763889427201,3.3684210526315788
720,18,44,15,1.7,0.2734375,0.39999999999999997,3.2
721,20,39,18,1.7777777777777777,0.3307291666666667,0.49690399499995325,3.5555555555555554
722,18,36,19,1.7,0.3671875,0.39999999999999997,3.2
723,20,36,19,1.7777777777777777,0.3671875,0.49690399499995325,3.5555555555555554
724,18,38,18,1.7,0.3411458333333333,0.39999999999999997,3.2
725,19,36,17,1.736842105263158,0.34635416666666663,0.4823763889427201,3.3684210526315788
726,20,38,18,1.7777777777777777,0.33854166666666663,0.49690399499995325,3.5555555555555554
727,20,37,19,1.7777777777777777,0.359375,0.49690399499995325,3.5555555555555554
728,18,39,19,1.7,0.3359375,0.39999999999999997,3.2
729,19,41,17,1.736842105263158,0.30989583333333337,0.4823763889427201,3.3684210526315788
730,18,33,19,1.7,0.3802083333333333,0.39999999999999997,3.2
731,19,38,20,1.736842105263158,0.35677083333333337,0.4823763889427201,3.3684210526315788
732,19,40,17,1.736842105263158,0.3125,0.4823763889427201,3.3684210526315788
733,17,38,17,1.6666666666666667,0.328125,0.21295885499997994,3.0476190476190474
734,19,41,18,1.736842105263158,0.3203125,0.4823763889427201,3.3684210526315788
735,20,40,17,1.7777777777777777,0.31770833333333337,0.49690399499995325,3.5555555555555554
736,19,39,20,1.6842105263157894,0.3492063492063492,0.5668594533825794,3.3157894736842106
737,20,36,18,1.7777777777777777,0.35677083333333337,0.49690399499995325,3.5555555555555554
738,19,40,18,1.736842105263158,0.32552083333333337,0.4823763889427201,3.3684210526315788
739,20,40,18,1.7777777777777777,0.32552083333333337,0.49690399499995325,3.5555555555555554
740,18,37,19,1.7,0.3541666666666667,0.39999999999999997,3.2
741,18,41,18,1.7,0.3151041666666667,0.39999999999999997,3.2
742,19,37,20,1.736842105263158,0.3619791666666667,0.4823763889427201,3.3684210526315788
743,18,37,22,1.7,0.38020833333333337,0.39999999999999997,3.2
744,18,35,18,1.7,0.3541666666666667,0.39999999999999997,3.2
745,18,40,18,1.7,0.328125,0.39999999999999997,3.2
746,18,39,18,1.7,0.33333333333333337,0.39999999999999997,3.2
747,19,37,20,1.6842105263157894,0.3597883597883598,0.5668594533825794,3.3157894736842106
748,19,36,19,1.736842105263158,0.359375,0.48237638894272,3.3684210526315788
749,18,36,19,1.7,0.3619791666666667,0.39999999999999997,3.2
750,19,35,23,1.736842105263158,0.40364583333333337,0.4823763889427201,3.3684210526315788
751,20,39,20,1.7777777777777777,0.3515625,0.49690399499995325,3.5555555555555554
752,19,37,21,1.736842105263158,0.375,0.4823763889427201,3.3684210526315788
753,19,38,18,1.736842105263158,0.3359375,0.4823763889427201,3.3684210526315788
754,19,38,18,1.736842105263158,0.3411458333333333,0.4823763889427201,3.3684210526315788
755,18,40,18,1.7,0.3229166666666667,0.39999999999999997,3.2
756,20,34,21,1.7777777777777777,0.3932291666666667,0.49690399499995325,3.5555555555555554
757,18,35,21,1.7,0.3854166666666667,0.39999999999999997,3.2
758,20,36,19,1.7777777777777777,0.359375,0.49690399499995325,3.5555555555555554
759,19,35,19,1.736842105263158,0.3697916666666667,0.4823763889427201,3.3684210526315788
760,19,36,19,1.736842105263158,0.359375,0.4823763889427201,3.3684210526315788
761,18,36,18,1.7,0.35416666666666663,0.39999999999999997,3.2
762,18,39,17,1.7,0.32552083333333337,0.39999999999999997,3.2
763,19,36,18,1.736842105263158,0.3515625,0.4823763889427201,3.3684210526315788
764,20,40,19,1.7777777777777777,0.3359375,0.49690399499995325,3.5555555555555554
765,20,40,18,1.7777777777777777,0.328125,0.49690399499995325,3.5555555555555554
766,18,38,20,1.7,0.35677083333333337,0.39999999999999997,3.2
767,18,38,17,1.7,0.328125,0.39999999999999997,3.2
768,18,37,19,1.7,0.3541666666666667,0.39999999999999997,3.2
769,18,42,17,1.7,0.3020833333333333,0.39999999999999997,3.2
770,19,39,21,1.736842105263158,0.359375,0.4823763889427201,3.3684210526315788
771,19,37,19,1.736842105263158,0.34895833333333337,0.48237638894272,3.3684210526315788
772,18,36,21,1.7,0.3776041666666667,0.39999999999999997,3.2
773,19,38,18,1.736842105263158,0.3411458333333333,0.4823763889427201,3.3684210526315788
774,20,40,17,1.7777777777777777,0.3125,0.49690399499995325,3.5555555555555554
775,18,38,19,1.7,0.34895833333333337,0.39999999999999997,3.2
776,19,40,15,1.736842105263158,0.296875,0.48237638894272,3.3684210526315788
777,18,37,20,1.7,0.3619791666666667,0.39999999999999997,3.2
778,19,36,20,1.736842105263158,0.37239583333333337,0.4823763889427201,3.3684210526315788
779,19,38,20,1.736842105263158,0.35677083333333337,0.48237638894272,3.3684210526315788
780,18,37,20,1.7,0.36458333333333337,0.39999999999999997,3.2
781,18,35,19,1.7,0.3671875,0.39999999999999997,3.2
782,19,37,19,1.736842105263158,0.35677083333333337,0.4823763889427201,3.3684210526315788
783,18,41,17,1.7,0.30729166666666663,0.39999999999999997,3.2
784,18,40,17,1.7,0.31510416666666663,0.39999999999999997,3.2
785,19,39,19,1.736842105263158,0.34375,0.4823763889427201,3.3684210526315788
786,19,38,20,1.736842105263158,0.3567708333333333,0.4823763889427201,3.3684210526315788
787,19,38,18,1.736842105263158,0.3385416666666667,0.4823763889427201,3.3684210526315788
788,19,36,19,1.736842105263158,0.3619791666666667,0.4823763889427201,3.3684210526315788
789,19,37,21,1.736842105263158,0.37239583333333337,0.4823763889427201,3.3684210526315788
790,19,37,20,1.736842105263158,0.36458333333333337,0.4823763889427201,3.3684210526315788
791,19,37,18,1.736842105263158,0.3489583333333333,0.4823763889427201,3.3684210526315788
792,19,38,17,1.736842105263158,0.328125,0.4823763889427201,3.3684210526315788
793,19,32,20,1.736842105263158,0.3984375,0.4823763889427201,3.3684210526315788
794,20,39,16,1.7777777777777777,0.31510416666666663,0.49690399499995325,3.5555555555555554
795,19,34,20,1.736842105263158,0.3828125,0.48237638894272,3.3684210526315788
796,18,37,19,1.7,0.35677083333333337,0.39999999999999997,3.2
797,19,34,23,1.736842105263158,0.40885416666666663,0.4823763889427201,3.3684210526315788
798,18,37,22,1.7,0.38020833333333337,0.39999999999999997,3.2
799,18,36,21,1.7,0.38020833333333337,0.39999999999999997,3.2
800,18,33,23,1.7,0.4140625,0.39999999999999997,3.2
801,18,38,18,1.7,0.3385416666666667,0.39999999999999997,3.2
802,20,37,19,1.7222222222222223,0.35449735449735453,0.6009252125773316,3.5
803,19,33,21,1.736842105263158,0.3984375,0.4823763889427201,3.3684210526315788
804,19,39,18,1.736842105263158,0.3333333333333333,0.48237638894272,3.3684210526315788
805,18,36,22,1.7,0.3854166666666667,0.39999999999999997,3.2
806,19,35,20,1.736842105263158,0.375,0.4823763889427201,3.3684210526315788
807,18,38,17,1.65,0.3253968253968254,0.47696960070847283,3.15
808,18,37,20,1.7,0.3619791666666667,0.39999999999999997,3.2
809,18,38,19,1.7,0.3515625,0.39999999999999997,3.2
810,19,35,19,1.736842105263158,0.36979166666666663,0.4823763889427201,3.3684210526315788
811,18,38,19,1.7,0.34895833333333337,0.39999999999999997,3.2
812,19,40,19,1.736842105263158,0.3359375,0.4823763889427201,3.3684210526315788
813,20,38,21,1.7222222222222223,0.3624338624338625,0.6009252125773316,3.5
814,19,43,16,1.736842105263158,0.2890625,0.4823763889427201,3.3684210526315788
815,19,39,18,1.736842105263158,0.33333333333333337,0.48237638894272,3.3684210526315788
816,19,36,20,1.736842105263158,0.3697916666666667,0.4823763889427201,3.3684210526315788
817,20,39,17,1.7777777777777777,0.3255208333333333,0.49690399499995325,3.5555555555555554
818,19,38,20,1.736842105263158,0.35677083333333337,0.4823763889427201,3.3684210526315788
819,19,36,19,1.736842105263158,0.36458333333333337,0.4823763889427201,3.3684210526315788
820,20,36,20,1.7777777777777777,0.3671875,0.49690399499995325,3.5555555555555554
821,19,35,20,1.736842105263158,0.3776041666666667,0.4823763889427201,3.3684210526315788
822,20,34,22,1.7777777777777777,0.40364583333333337,0.49690399499995325,3.5555555555555554
823,18,38,19,1.7,0.34635416666666663,0.39999999999999997,3.2
824,18,35,22,1.7,0.39583333333333337,0.39999999999999997,3.2
825,19,34,23,1.736842105263158,0.41145833333333337,0.48237638894272,3.3684210526315788
826,18,34,18,1.7,0.37239583333333337,0.39999999999999997,3.2
827,19,36,20,1.736842105263158,0.36979166666666663,0.4823763889427201,3.3684210526315788
828,18,40,18,1.75,0.328125,0.39999999999999997,3.2
829,19,37,22,1.736842105263158,0.3776041666666667,0.4823763889427201,3.3684210526315788
830,19,35,22,1.736842105263158,0.3958333333333333,0.4823763889427201,3.3684210526315788
831,18,37,18,1.7,0.3463541666666667,0.39999999999999997,3.2
832,18,36,23,1.7,0.3984375,0.39999999999999997,3.2
833,19,35,21,1.736842105263158,0.390625,0.4823763889427201,3.3684210526315788
834,18,34,21,1.7,0.3958333333333333,0.39999999999999997,3.2
835,18,36,21,1.7,0.3776041666666667,0.39999999999999997,3.2
836,20,35,20,1.7777777777777777,0.3723958333333333,0.49690399499995325,3.5555555555555554
837,18,35,21,1.7,0.3828125,0.39999999999999997,3.2
838,19,37,19,1.736842105263158,0.3541666666666667,0.4823763889427201,3.3684210526315788
839,19,37,22,1.736842105263158,0.3776041666666667,0.4823763889427201,3.3684210526315788
840,18,39,19,1.7,0.34114583333333337,0.39999999999999997,3.2
841,18,31,19,1.7,0.390625,0.39999999999999997,3.2
842,19,31,23,1.6842105263157894,0.425925925925926,0.5668594533825794,3.3157894736842106
843,19,34,20,1.736842105263158,0.3828125,0.4823763889427201,3.3684210526315788
844,18,33,23,1.7,0.4140625,0.39999999999999997,3.2
845,19,34,22,1.736842105263158,0.3984375,0.4823763889427201,3.3684210526315788
846,19,38,19,1.736842105263158,0.34895833333333337,0.4823763889427201,3.3684210526315788
847,18,39,19,1.7,0.34375,0.39999999999999997,3.2
848,18,36,21,1.7,0.38020833333333337,0.39999999999999997,3.2
849,19,37,23,1.736842105263158,0.390625,0.4823763889427201,3.3684210526315788
850,20,36,20,1.7777777777777777,0.3671875,0.49690399499995325,3.5555555555555554
851,18,37,18,1.7,0.34635416666666663,0.39999999999999997,3.2
852,18,34,21,1.7,0.39583333333333337,0.39999999999999997,3.2
853,19,37,19,1.736842105263158,0.3515625,0.4823763889427201,3.3684210526315788
854,19,34,20,1.736842105263158,0.3828125,0.4823763889427201,3.3684210526315788
855,18,34,20,1.7,0.38020833333333337,0.39999999999999997,3.2
856,18,33,24,1.7,0.4244791666666667,0.39999999999999997,3.2
857,18,35,21,1.7,0.38802083333333337,0.39999999999999997,3.2
858,19,37,22,1.736842105263158,0.38020833333333337,0.4823763889427201,3.3684210526315788
859,20,39,19,1.7777777777777777,0.3359375,0.49690399499995325,3.5555555555555554
860,19,35,23,1.736842105263158,0.40364583333333337,0.4823763889427201,3.3684210526315788
861,19,38,19,1.736842105263158,0.3489583333333333,0.4823763889427201,3.3684210526315788
862,18,33,23,1.7,0.4140625,0.39999999999999997,3.2
863,19,33,21,1.736842105263158,0.3932291666666667,0.4823763889427201,3.3684210526315788
864,19,32,23,1.736842105263158,0.421875,0.4823763889427201,3.3684210526315788
865,18,36,24,1.7,0.40364583333333337,0.39999999999999997,3.2
866,19,35,23,1.736842105263158,0.40364583333333337,0.4823763889427201,3.3684210526315788
867,19,37,19,1.736842105263158,0.35677083333333337,0.4823763889427201,3.3684210526315788
868,19,39,19,1.736842105263158,0.34375,0.4823763889427201,3.3684210526315788
869,20,33,26,1.7777777777777777,0.44010416666666663,0.49690399499995325,3.5555555555555554
870,19,36,18,1.736842105263158,0.34895833333333337,0.4823763889427201,3.3684210526315788
871,18,34,21,1.7,0.3932291666666667,0.39999999999999997,3.2
872,19,33,21,1.736842105263158,0.4010416666666667,0.4823763889427201,3.3684210526315788
873,18,35,21,1.7,0.38802083333333337,0.39999999999999997,3.2
874,19,37,21,1.736842105263158,0.37239583333333337,0.4823763889427201,3.3684210526315788
875,19,36,21,1.736842105263158,0.38020833333333337,0.48237638894272,3.3684210526315788
876,18,38,21,1.7,0.36458333333333337,0.39999999999999997,3.2
877,18,34,18,1.7,0.3619791666666667,0.39999999999999997,3.2
878,19,36,22,1.736842105263158,0.38802083333333337,0.4823763889427201,3.3684210526315788
879,19,35,21,1.736842105263158,0.3854166666666667,0.4823763889427201,3.3684210526315788
880,19,41,16,1.736842105263158,0.3046875,0.4823763889427201,3.3684210526315788
881,19,36,23,1.736842105263158,0.3984375,0.4823763889427201,3.3684210526315788
882,19,33,20,1.736842105263158,0.39583333333333337,0.4823763889427201,3.3684210526315788
883,19,35,22,1.736842105263158,0.3932291666666667,0.4823763889427201,3.3684210526315788
884,19,38,19,1.736842105263158,0.34895833333333337,0.4823763889427201,3.3684210526315788
885,18,40,16,1.7,0.30989583333333337,0.39999999999999997,3.2
886,18,43,17,1.7,0.296875,0.39999999999999997,3.2
887,18,36,23,1.7,0.39583333333333337,0.39999999999999997,3.2
888,18,38,19,1.7,0.34895833333333337,0.39999999999999997,3.2
889,18,32,23,1.7,0.421875,0.39999999999999997,3.2
890,18,33,24,1.7,0.42708333333333337,0.39999999999999997,3.2
891,19,36,20,1.736842105263158,0.375,0.4823763889427201,3.3684210526315788
892,19,35,22,1.736842105263158,0.39583333333333337,0.4823763889427201,3.3684210526315788
893,18,33,22,1.7,0.40625,0.39999999999999997,3.2
894,19,32,22,1.736842105263158,0.4140625,0.4823763889427201,3.3684210526315788
895,17,36,22,1.6666666666666667,0.3880208333333333,0.21295885499997994,3.0476190476190474
896,20,33,20,1.7777777777777777,0.3932291666666667,0.49690399499995325,3.5555555555555554
897,18,29,23,1.7,0.4453125,0.39999999999999997,3.2
898,19,31,24,1.736842105263158,0.43489583333333337,0.4823763889427201,3.3684210526315788
899,17,37,22,1.6666666666666667,0.3802083333333333,0.21295885499997994,3.0476190476190474
900,19,35,20,1.736842105263158,0.375,0.4823763889427201,3.3684210526315788
901,19,36,20,1.736842105263158,0.36458333333333337,0.48237638894272,3.3684210526315788
902,19,33,21,1.736842105263158,0.4036458333333333,0.4823763889427201,3.3684210526315788
903,17,36,19,1.6666666666666667,0.3671875,0.21295885499997994,3.0476190476190474
904,19,36,22,1.736842105263158,0.38802083333333337,0.4823763889427201,3.3684210526315788
905,18,34,23,1.7,0.4088541666666667,0.39999999999999997,3.2
906,18,39,19,1.7,0.34114583333333337,0.39999999999999997,3.2
907,20,32,22,1.7777777777777777,0.4088541666666667,0.49690399499995325,3.5555555555555554
908,19,42,17,1.736842105263158,0.2994791666666667,0.48237638894272,3.3684210526315788
909,18,33,21,1.7,0.3932291666666667,0.39999999999999997,3.2
910,19,36,21,1.736842105263158,0.3776041666666667,0.4823763889427201,3.3684210526315788
911,19,32,22,1.736842105263158,0.4140625,0.4823763889427201,3.3684210526315788
912,19,35,19,1.736842105263158,0.3671875,0.4823763889427201,3.3684210526315788
913,19,38,20,1.736842105263158,0.3541666666666667,0.4823763889427201,3.3684210526315788
914,19,36,22,1.736842105263158,0.390625,0.4823763889427201,3.3684210526315788
915,19,37,18,1.736842105263158,0.34375,0.4823763889427201,3.3684210526315788
916,17,37,20,1.6666666666666667,0.36197916666666663,0.21295885499997994,3.0476190476190474
917,18,39,19,1.7,0.3385416666666667,0.39999999999999997,3.2
918,18,34,22,1.7,0.40364583333333337,0.39999999999999997,3.2
919,19,36,21,1.736842105263158,0.3776041666666667,0.48237638894272,3.3684210526315788
920,18,34,21,1.7,0.390625,0.39999999999999997,3.2
921,18,33,23,1.7,0.41666666666666663,0.39999999999999997,3.2
922,18,37,22,1.7,0.3776041666666667,0.39999999999999997,3.2
923,19,32,22,1.736842105263158,0.4140625,0.4823763889427201,3.3684210526315788
924,19,32,21,1.736842105263158,0.40364583333333337,0.4823763889427201,3.3684210526315788
925,18,36,22,1.7,0.3880208333333333,0.39999999999999997,3.2
926,18,37,24,1.7,0.3984375,0.39999999999999997,3.2
927,19,33,23,1.736842105263158,0.4140625,0.4823763889427201,3.3684210526315788
928,19,33,22,1.736842105263158,0.4088541666666667,0.4823763889427201,3.3684210526315788
929,19,36,21,1.736842105263158,0.3776041666666667,0.4823763889427201,3.3684210526315788
930,20,35,20,1.7777777777777777,0.3776041666666667,0.49690399499995325,3.5555555555555554
931,19,36,20,1.736842105263158,0.3697916666666667,0.4823763889427201,3.3684210526315788
932,19,32,22,1.736842105263158,0.4088541666666667,0.4823763889427201,3.3684210526315788
933,18,35,22,1.7,0.39583333333333337,0.39999999999999997,3.2
934,18,35,21,1.7,0.38802083333333337,0.39999999999999997,3.2
935,19,35,22,1.736842105263158,0.3932291666666667,0.4823763889427201,3.3684210526315788
936,19,35,21,1.736842105263158,0.390625,0.4823763889427201,3.3684210526315788
937,19,37,21,1.736842105263158,0.3697916666666667,0.4823763889427201,3.3684210526315788
938,18,32,22,1.7,0.40625,0.39999999999999997,3.2
939,19,32,22,1.736842105263158,0.4140625,0.4823763889427201,3.3684210526315788
940,18,36,23,1.7,0.3958333333333333,0.39999999999999997,3.2
941,18,37,21,1.7,0.3697916666666667,0.39999999999999997,3.2
942,20,36,21,1.7777777777777777,0.375,0.49690399499995325,3.5555555555555554
943,19,37,18,1.736842105263158,0.34375,0.4823763889427201,3.3684210526315788
944,20,33,22,1.7777777777777777,0.4088541666666667,0.49690399499995325,3.5555555555555554
945,19,37,20,1.736842105263158,0.3645833333333333,0.48237638894272,3.3684210526315788
946,19,37,21,1.736842105263158,0.3697916666666667,0.48237638894272,3.3684210526315788
947,19,38,20,1.736842105263158,0.35677083333333337,0.4823763889427201,3.3684210526315788
948,19,36,22,1.736842105263158,0.38802083333333337,0.4823763889427201,3.3684210526315788
949,18,31,23,1.7,0.4296875,0.39999999999999997,3.2
950,18,33,25,1.7,0.43489583333333337,0.39999999999999997,3.2
951,18,26,24,1.7,0.46875,0.39999999999999997,3.2
952,20,32,23,1.7777777777777777,0.41927083333333337,0.49690399499995325,3.5555555555555554
953,19,31,24,1.736842105263158,0.4401041666666667,0.48237638894272,3.3684210526315788
954,18,36,21,1.7,0.38020833333333337,0.39999999999999997,3.2
955,18,36,21,1.7,0.375,0.39999999999999997,3.2
956,19,34,23,1.736842105263158,0.41145833333333337,0.4823763889427201,3.3684210526315788
957,18,35,23,1.7,0.4010416666666667,0.39999999999999997,3.2
958,18,30,22,1.65,0.42857142857142855,0.47696960070847283,3.15
959,19,32,21,1.736842105263158,0.40364583333333337,0.4823763889427201,3.3684210526315788
960,18,32,23,1.7,0.41927083333333337,0.39999999999999997,3.2
961,18,32,23,1.7,0.4244791666666667,0.39999999999999997,3.2
962,19,34,24,1.736842105263158,0.41927083333333337,0.4823763889427201,3.3684210526315788
963,18,32,22,1.7,0.41145833333333337,0.39999999999999997,3.2
964,18,28,25,1.65,0.47089947089947093,0.47696960070847283,3.15
965,18,33,22,1.7,0.40625,0.39999999999999997,3.2
966,19,33,23,1.736842105263158,0.4140625,0.4823763889427201,3.3684210526315788
967,19,36,21,1.736842105263158,0.37760416666666663,0.48237638894272,3.3684210526315788
968,19,32,23,1.736842105263158,0.421875,0.48237638894272,3.3684210526315788
969,19,33,22,1.736842105263158,0.40625,0.4823763889427201,3.3684210526315788
970,19,33,24,1.736842105263158,0.4244791666666667,0.4823763889427201,3.3684210526315788
971,18,32,22,1.7,0.4166666666666667,0.39999999999999997,3.2
972,19,33,23,1.736842105263158,0.4140625,0.4823763889427201,3.3684210526315788
973,19,31,23,1.736842105263158,0.4244791666666667,0.4823763889427201,3.3684210526315788
974,18,31,23,1.65,0.43121693121693117,0.47696960070847283,3.15
975,19,31,23,1.6842105263157894,0.42857142857142855,0.5668594533825794,3.3157894736842106
976,19,29,23,1.736842105263158,0.4375,0.4823763889427201,3.3684210526315788
977,18,33,22,1.7,0.4088541666666667,0.39999999999999997,3.2
978,19,32,21,1.736842105263158,0.4010416666666667,0.4823763889427201,3.3684210526315788
979,19,32,23,1.736842105263158,0.41927083333333337,0.4823763889427201,3.3684210526315788
980,20,30,23,1.7222222222222223,0.4338624338624339,0.6009252125773316,3.5
981,18,33,23,1.7,0.4140625,0.39999999999999997,3.2
982,19,31,22,1.736842105263158,0.4244791666666667,0.4823763889427201,3.3684210526315788
983,18,30,22,1.7,0.4296875,0.39999999999999997,3.2
984,18,34,22,1.7,0.3984375,0.39999999999999997,3.2
985,19,31,23,1.736842105263158,0.42708333333333337,0.4823763889427201,3.3684210526315788
986,18,31,23,1.7,0.4270833333333333,0.39999999999999997,3.2
987,18,32,22,1.7,0.41145833333333337,0.39999999999999997,3.2
988,18,38,22,1.7,0.37239583333333337,0.39999999999999997,3.2
989,18,32,22,1.7,0.4166666666666667,0.39999999999999997,3.2
990,18,41,17,1.75,0.30989583333333337,0.39999999999999997,3.2
991,19,35,24,1.736842105263158,0.41145833333333337,0.4823763889427201,3.3684210526315788
992,19,35,22,1.736842105263158,0.3932291666666667,0.48237638894272,3.3684210526315788
993,18,29,22,1.7,0.4322916666666667,0.39999999999999997,3.2
994,18,35,19,1.7,0.36458333333333337,0.39999999999999997,3.2
995,19,35,22,1.736842105263158,0.39322916666666663,0.4823763889427201,3.3684210526315788
996,18,31,23,1.7,0.4296875,0.39999999999999997,3.2
997,18,30,23,1.7,0.44270833333333337,0.39999999999999997,3.2
998,18,34,23,1.7,0.4088541666666667,0.39999999999999997,3.2
999,18,34,20,1.7,0.38020833333333337,0.39999999999999997,3.2
1000,18,32,22,1.7,0.41145833333333337,0.39999999999999997,3.2
1001,20,33,24,1.7777777777777777,0.4244791666666667,0.49690399499995325,3.5555555555555554
1002,18,31,24,1.7,0.43489583333333337,0.39999999999999997,3.2
1003,18,33,23,1.7,0.4166666666666667,0.39999999999999997,3.2
1004,19,32,23,1.736842105263158,0.41927083333333337,0.4823763889427201,3.3684210526315788
1005,19,31,25,1.736842105263158,0.4453125,0.4823763889427201,3.3684210526315788
1006,18,35,21,1.7,0.38802083333333337,0.39999999999999997,3.2
1007,20,34,22,1.7777777777777777,0.3984375,0.49690399499995325,3.5555555555555554
1008,18,29,22,1.7,0.43229166666666663,0.39999999999999997,3.2
1009,19,35,21,1.736842105263158,0.3854166666666667,0.48237638894272,3.3684210526315788
1010,18,32,23,1.7,0.42447916666666663,0.39999999999999997,3.2
1011,18,29,23,1.7,0.4401041666666667,0.39999999999999997,3.2
1012,19,33,22,1.736842105263158,0.4088541666666667,0.4823763889427201,3.3684210526315788
1013,18,35,21,1.7,0.3854166666666667,0.39999999999999997,3.2
1014,19,35,20,1.736842105263158,0.37239583333333337,0.4823763889427201,3.3684210526315788
1015,18,30,23,1.7,0.4375,0.39999999999999997,3.2
1016,19,31,22,1.736842105263158,0.4244791666666667,0.4823763889427201,3.3684210526315788
1017,19,34,22,1.736842105263158,0.40625,0.4823763889427201,3.3684210526315788
1018,18,31,24,1.7,0.44010416666666663,0.39999999999999997,3.2
1019,18,38,18,1.7,0.3385416666666667,0.39999999999999997,3.2
1020,18,31,26,1.7,0.45833333333333337,0.39999999999999997,3.2
1021,18,30,24,1.7,0.4401041666666667,0.39999999999999997,3.2
1022,18,33,23,1.7,0.4140625,0.39999999999999997,3.2
1023,19,30,23,1.736842105263158,0.4375,0.4823763889427201,3.3684210526315788
1024,18,32,23,1.7,0.42708333333333337,0.39999999999999997,3.2
1025,19,34,22,1.736842105263158,0.40364583333333337,0.4823763889427201,3.3684210526315788
1026,18,34,21,1.7,0.38802083333333337,0.39999999999999997,3.2
1027,18,33,23,1.7,0.4166666666666667,0.39999999999999997,3.2
1028,18,35,21,1.7,0.38541666666666663,0.39999999999999997,3.2
1029,18,34,23,1.7,0.40885416666666663,0.39999999999999997,3.2
1030,19,28,25,1.736842105263158,0.4635416666666667,0.4823763889427201,3.3684210526315788
1031,19,32,24,1.736842105263158,0.4296875,0.4823763889427201,3.3684210526315788
1032,18,32,24,1.7,0.4322916666666667,0.39999999999999997,3.2
1033,19,34,24,1.736842105263158,0.4166666666666667,0.4823763889427201,3.3684210526315788
1034,18,36,20,1.7,0.3671875,0.39999999999999997,3.2
1035,19,32,23,1.736842105263158,0.42447916666666663,0.4823763889427201,3.3684210526315788
1036,18,29,24,1.65,0.4523809523809524,0.47696960070847283,3.15
1037,19,30,24,1.736842105263158,0.4453125,0.48237638894272,3.3684210526315788
1038,19,33,23,1.736842105263158,0.41666666666666663,0.4823763889427201,3.3684210526315788
1039,18,31,24,1.7,0.4375,0.39999999999999997,3.2
1040,19,30,23,1.736842105263158,0.4375,0.4823763889427201,3.3684210526315788
1041,18,33,23,1.7,0.4140625,0.39999999999999997,3.2
1042,19,32,24,1.736842105263158,0.4296875,0.4823763889427201,3.3684210526315788
1043,19,42,18,1.736842105263158,0.3125,0.4823763889427201,3.3684210526315788
1044,18,32,22,1.7,0.41927083333333337,0.39999999999999997,3.2
1045,19,36,21,1.736842105263158,0.375,0.4823763889427201,3.3684210526315788
1046,20,33,23,1.7777777777777777,0.4140625,0.49690399499995325,3.5555555555555554
1047,18,31,24,1.65,0.4391534391534392,0.47696960070847283,3.15
1048,19,29,27,1.736842105263158,0.4791666666666667,0.4823763889427201,3.3684210526315788
1049,18,35,22,1.7,0.3932291666666667,0.39999999999999997,3.2
1050,18,30,24,1.7,0.4427083333333333,0.39999999999999997,3.2
1051,19,33,23,1.736842105263158,0.4166666666666667,0.4823763889427201,3.3684210526315788
1052,19,29,24,1.736842105263158,0.45052083333333337,0.48237638894272,3.3684210526315788
1053,20,31,23,1.7777777777777777,0.4244791666666667,0.49690399499995325,3.5555555555555554
1054,18,31,26,1.7,0.45572916666666663,0.39999999999999997,3.2
1055,19,29,25,1.736842105263158,0.45833333333333337,0.4823763889427201,3.3684210526315788
1056,19,30,24,1.736842105263158,0.4453125,0.4823763889427201,3.3684210526315788
1057,19,32,24,1.736842105263158,0.4296875,0.4823763889427201,3.3684210526315788
1058,18,30,24,1.7,0.44270833333333337,0.39999999999999997,3.2
1059,19,31,25,1.736842105263158,0.4479166666666667,0.4823763889427201,3.3684210526315788
1060,19,28,24,1.736842105263158,0.4583333333333333,0.48237638894272,3.3684210526315788
1061,19,31,25,1.736842105263158,0.4479166666666667,0.4823763889427201,3.3684210526315788
1062,18,32,22,1.7,0.4140625,0.39999999999999997,3.2
1063,19,30,25,1.736842105263158,0.453125,0.4823763889427201,3.3684210526315788
1064,19,32,25,1.736842105263158,0.4401041666666667,0.4823763889427201,3.3684210526315788
1065,18,30,24,1.7,0.4453125,0.39999999999999997,3.2
1066,19,33,23,1.736842105263158,0.41927083333333337,0.4823763889427201,3.3684210526315788
1067,18,30,23,1.7,0.43489583333333337,0.39999999999999997,3.2
1068,19,30,23,1.736842105263158,0.4322916666666667,0.4823763889427201,3.3684210526315788
1069,19,34,22,1.736842105263158,0.3984375,0.4823763889427201,3.3684210526315788
1070,19,29,23,1.736842105263158,0.4453125,0.4823763889427201,3.3684210526315788
1071,19,37,22,1.736842105263158,0.3776041666666667,0.4823763889427201,3.3684210526315788
1072,19,30,24,1.736842105263158,0.44270833333333337,0.4823763889427201,3.3684210526315788
1073,19,30,23,1.736842105263158,0.44010416666666663,0.4823763889427201,3.3684210526315788
1074,18,29,25,1.7,0.4557291666666667,0.39999999999999997,3.2
1075,18,30,24,1.7,0.4453125,0.39999999999999997,3.2
1076,18,29,25,1.7,0.45833333333333337,0.39999999999999997,3.2
1077,18,31,20,1.7,0.40364583333333337,0.39999999999999997,3.2
1078,19,32,23,1.736842105263158,0.41927083333333337,0.4823763889427201,3.3684210526315788
1079,18,31,23,1.7,0.43489583333333337,0.39999999999999997,3.2
1080,18,32,22,1.7,0.4140625,0.39999999999999997,3.2
1081,19,30,26,1.736842105263158,0.4609375,0.4823763889427201,3.3684210526315788
1082,18,32,23,1.7,0.4244791666666667,0.39999999999999997,3.2
1083,18,28,24,1.7,0.45833333333333337,0.39999999999999997,3.2
1084,20,31,24,1.7777777777777777,0.4375,0.49690399499995325,3.5555555555555554
1085,18,29,23,1.65,0.44708994708994715,0.47696960070847283,3.15
1086,20,32,23,1.7777777777777777,0.421875,0.49690399499995325,3.5555555555555554
1087,19,30,24,1.736842105263158,0.44270833333333337,0.4823763889427201,3.3684210526315788
1088,19,34,21,1.736842105263158,0.390625,0.4823763889427201,3.3684210526315788
1089,18,28,25,1.65,0.4629629629629629,0.47696960070847283,3.15
1090,18,33,23,1.7,0.4166666666666667,0.39999999999999997,3.2
1091,19,29,22,1.736842105263158,0.43489583333333337,0.4823763889427201,3.3684210526315788
1092,19,29,25,1.736842105263158,0.45833333333333337,0.4823763889427201,3.3684210526315788
1093,18,32,21,1.7,0.3984375,0.39999999999999997,3.2
1094,19,34,23,1.736842105263158,0.4088541666666667,0.4823763889427201,3.3684210526315788
1095,19,30,23,1.736842105263158,0.4322916666666667,0.4823763889427201,3.3684210526315788
1096,19,31,24,1.736842105263158,0.4375,0.4823763889427201,3.3684210526315788
1097,19,32,23,1.736842105263158,0.421875,0.4823763889427201,3.3684210526315788
1098,18,28,26,1.7,0.4765625,0.39999999999999997,3.2
1099,18,31,24,1.7,0.43489583333333337,0.39999999999999997,3.2
1100,18,28,27,1.7,0.48958333333333337,0.39999999999999997,3.2
1101,20,30,24,1.7777777777777777,0.4453125,0.49690399499995325,3.5555555555555554
1102,18,28,22,1.7,0.4375,0.39999999999999997,3.2
1103,18,32,24,1.7,0.4322916666666667,0.39999999999999997,3.2
1104,18,35,22,1.7,0.390625,0.39999999999999997,3.2
1105,19,29,25,1.736842105263158,0.4635416666666667,0.4823763889427201,3.3684210526315788
1106,18,33,23,1.7,0.41666666666666663,0.39999999999999997,3.2
1107,18,29,23,1.7,0.4375,0.39999999999999997,3.2
1108,18,32,24,1.7,0.4296875,0.39999999999999997,3.2
1109,18,30,24,1.7,0.44270833333333337,0.39999999999999997,3.2
1110,19,32,24,1.736842105263158,0.43229166666666663,0.4823763889427201,3.3684210526315788
1111,19,30,24,1.736842105263158,0.4453125,0.4823763889427201,3.3684210526315788
1112,19,28,25,1.736842105263158,0.46875,0.48237638894272,3.3684210526315788
1113,18,30,24,1.7,0.4453125,0.39999999999999997,3.2
1114,18,29,25,1.7,0.4557291666666667,0.39999999999999997,3.2
1115,19,29,25,1.736842105263158,0.4609375,0.4823763889427201,3.3684210526315788
1116,19,31,25,1.736842105263158,0.4453125,0.4823763889427201,3.3684210526315788
1117,19,34,23,1.736842105263158,0.40885416666666663,0.4823763889427201,3.3684210526315788
1118,19,31,25,1.736842105263158,0.4453125,0.4823763889427201,3.3684210526315788
1119,18,32,24,1.7,0.4322916666666667,0.39999999999999997,3.2
1120,18,30,24,1.7,0.44270833333333337,0.39999999999999997,3.2
1121,18,29,24,1.7,0.44791666666666663,0.39999999999999997,3.2
1122,19,29,23,1.736842105263158,0.4401041666666667,0.4823763889427201,3.3684210526315788
1123,19,31,24,1.736842105263158,0.4401041666666667,0.4823763889427201,3.3684210526315788
1124,18,29,24,1.7,0.453125,0.39999999999999997,3.2
1125,18,28,26,1.7,0.4739583333333333,0.39999999999999997,3.2
1126,19,32,22,1.736842105263158,0.41145833333333337,0.4823763889427201,3.3684210526315788
1127,18,30,25,1.7,0.453125,0.39999999999999997,3.2
1128,18,32,22,1.7,0.4140625,0.39999999999999997,3.2
1129,19,28,25,1.736842105263158,0.46614583333333337,0.4823763889427201,3.3684210526315788
1130,19,31,23,1.736842105263158,0.4296875,0.4823763889427201,3.3684210526315788
1131,19,28,25,1.736842105263158,0.46614583333333337,0.4823763889427201,3.3684210526315788
1132,18,28,25,1.7,0.46614583333333337,0.39999999999999997,3.2
1133,19,27,24,1.6842105263157894,0.46296296296296297,0.5668594533825794,3.3157894736842106
1134,18,30,23,1.7,0.4296875,0.39999999999999997,3.2
1135,18,30,24,1.7,0.44270833333333337,0.39999999999999997,3.2
1136,18,30,22,1.7,0.42708333333333337,0.39999999999999997,3.2
1137,18,28,23,1.7,0.44791666666666674,0.39999999999999997,3.2
1138,18,33,24,1.65,0.425925925925926,0.47696960070847283,3.15
1139,19,29,26,1.736842105263158,0.46875,0.4823763889427201,3.3684210526315788
1140,19,32,24,1.736842105263158,0.4296875,0.48237638894272,3.3684210526315788
1141,18,29,24,1.7,0.45052083333333337,0.39999999999999997,3.2
1142,18,33,22,1.7,0.4010416666666667,0.39999999999999997,3.2
1143,19,30,25,1.736842105263158,0.453125,0.4823763889427201,3.3684210526315788
1144,18,30,24,1.7,0.44270833333333337,0.39999999999999997,3.2
1145,18,33,21,1.7,0.39583333333333337,0.39999999999999997,3.2
1146,19,32,24,1.736842105263158,0.43229166666666663,0.48237638894272,3.3684210526315788
1147,20,32,22,1.7777777777777777,0.4114583333333333,0.49690399499995325,3.5555555555555554
1148,18,29,24,1.7,0.44791666666666663,0.39999999999999997,3.2
1149,18,30,26,1.7,0.4609375,0.39999999999999997,3.2
1150,18,29,25,1.7,0.45833333333333337,0.39999999999999997,3.2
1151,19,32,24,1.736842105263158,0.4296875,0.4823763889427201,3.3684210526315788
1152,18,30,24,1.7,0.44270833333333337,0.39999999999999997,3.2
1153,18,32,23,1.7,0.41927083333333337,0.39999999999999997,3.2
1154,19,29,25,1.736842105263158,0.45833333333333337,0.4823763889427201,3.3684210526315788
1155,18,29,24,1.7,0.453125,0.39999999999999997,3.2
1156,19,32,23,1.736842105263158,0.421875,0.4823763889427201,3.3684210526315788
1157,18,27,25,1.7,0.47395833333333337,0.39999999999999997,3.2
1158,19,30,23,1.736842105263158,0.4322916666666667,0.4823763889427201,3.3684210526315788
1159,19,30,24,1.736842105263158,0.44270833333333337,0.4823763889427201,3.3684210526315788
1160,19,27,24,1.736842105263158,0.4635416666666667,0.4823763889427201,3.3684210526315788
1161,18,31,24,1.7,0.43489583333333337,0.39999999999999997,3.2
1162,18,29,24,1.7,0.453125,0.39999999999999997,3.2
1163,18,31,25,1.7,0.4453125,0.39999999999999997,3.2
1164,18,33,22,1.7,0.40625,0.39999999999999997,3.2
1165,19,28,23,1.736842105263158,0.4453125,0.4823763889427201,3.3684210526315788
1166,19,30,24,1.736842105263158,0.44270833333333337,0.4823763889427201,3.3684210526315788
1167,19,32,23,1.736842105263158,0.421875,0.48237638894272,3.3684210526315788
1168,19,31,25,1.736842105263158,0.4453125,0.4823763889427201,3.3684210526315788
1169,18,30,25,1.7,0.453125,0.39999999999999997,3.2
1170,19,29,25,1.736842105263158,0.4609375,0.4823763889427201,3.3684210526315788
1171,19,31,23,1.736842105263158,0.4270833333333333,0.4823763889427201,3.3684210526315788
1172,19,31,23,1.736842105263158,0.42708333333333337,0.4823763889427201,3.3684210526315788
1173,19,30,24,1.736842105263158,0.44270833333333337,0.4823763889427201,3.3684210526315788
1174,18,34,23,1.7,0.40625,0.39999999999999997,3.2
1175,19,29,25,1.736842105263158,0.4609375,0.4823763889427201,3.3684210526315788
1176,18,30,24,1.7,0.4401041666666667,0.39999999999999997,3.2
1177,18,31,22,1.65,0.42328042328042326,0.47696960070847283,3.15
1178,19,41,18,1.736842105263158,0.3203125,0.4823763889427201,3.3684210526315788
1179,18,29,25,1.7,0.4609375,0.39999999999999997,3.2
1180,18,29,23,1.7,0.44270833333333337,0.39999999999999997,3.2
1181,20,33,22,1.7777777777777777,0.40364583333333337,0.49690399499995325,3.5555555555555554
1182,19,28,25,1.736842105263158,0.4635416666666667,0.4823763889427201,3.3684210526315788
1183,18,29,25,1.7,0.45833333333333337,0.39999999999999997,3.2
1184,20,31,22,1.7777777777777777,0.41666666666666663,0.49690399499995325,3.5555555555555554
1185,18,31,24,1.7,0.4375,0.39999999999999997,3.2
1186,18,29,24,1.7,0.453125,0.39999999999999997,3.2
1187,18,27,23,1.65,0.45502645502645506,0.47696960070847283,3.15
1188,18,28,26,1.7,0.4765625,0.39999999999999997,3.2
1189,20,29,25,1.7777777777777777,0.45833333333333337,0.49690399499995325,3.5555555555555554
1190,19,33,22,1.736842105263158,0.40364583333333337,0.4823763889427201,3.3684210526315788
1191,18,31,23,1.7,0.4296875,0.39999999999999997,3.2
1192,18,29,25,1.7,0.4557291666666667,0.39999999999999997,3.2
1193,18,28,24,1.7,0.4609375,0.39999999999999997,3.2
1194,19,29,25,1.736842105263158,0.45833333333333337,0.4823763889427201,3.3684210526315788
1195,19,29,24,1.736842105263158,0.45052083333333337,0.4823763889427201,3.3684210526315788
1196,19,36,19,1.736842105263158,0.35677083333333337,0.4823763889427201,3.3684210526315788
1197,19,29,26,1.736842105263158,0.46614583333333337,0.4823763889427201,3.3684210526315788
1198,18,31,25,1.7,0.4453125,0.39999999999999997,3.2
1199,18,30,22,1.7,0.4244791666666667,0.39999999999999997,3.2
1200,18,36,23,1.7,0.39322916666666663,0.39999999999999997,3.2
1201,18,29,26,1.7,0.46875,0.39999999999999997,3.2
1202,18,27,26,1.7,0.47916666666666663,0.39999999999999997,3.2
1203,18,28,24,1.7,0.4583333333333333,0.39999999999999997,3.2
1204,19,28,25,1.736842105263158,0.46614583333333337,0.4823763889427201,3.3684210526315788
1205,19,27,24,1.736842105263158,0.4635416666666667,0.4823763889427201,3.3684210526315788
1206,18,27,24,1.7,0.4609375,0.39999999999999997,3.2
1207,19,30,21,1.736842105263158,0.41927083333333337,0.4823763889427201,3.3684210526315788
1208,18,27,25,1.7,0.47395833333333337,0.39999999999999997,3.2
1209,18,27,26,1.7,0.4791666666666667,0.39999999999999997,3.2
1210,18,29,26,1.7,0.46875,0.39999999999999997,3.2
1211,19,33,23,1.736842105263158,0.4088541666666667,0.4823763889427201,3.3684210526315788
1212,18,30,23,1.7,0.43489583333333337,0.39999999999999997,3.2
1213,19,30,24,1.736842105263158,0.4453125,0.4823763889427201,3.3684210526315788
1214,18,30,26,1.7,0.4635416666666667,0.39999999999999997,3.2
1215,18,30,25,1.7,0.453125,0.39999999999999997,3.2
1216,18,29,22,1.65,0.4338624338624339,0.47696960070847283,3.15
1217,18,31,23,1.7,0.42708333333333337,0.39999999999999997,3.2
1218,19,27,27,1.736842105263158,0.4921875,0.48237638894272,3.3684210526315788
1219,19,31,25,1.736842105263158,0.4479166666666667,0.4823763889427201,3.3684210526315788
1220,18,27,25,1.7,0.47395833333333337,0.39999999999999997,3.2
1221,19,29,26,1.736842105263158,0.46875,0.4823763889427201,3.3684210526315788
1222,19,31,23,1.6842105263157894,0.42857142857142855,0.5668594533825794,3.3157894736842106
1223,19,30,21,1.6842105263157894,0.4126984126984127,0.5668594533825794,3.3157894736842106
1224,18,30,26,1.7,0.4609375,0.39999999999999997,3.2
1225,18,28,24,1.7,0.45572916666666663,0.39999999999999997,3.2
1226,19,30,25,1.736842105263158,0.453125,0.4823763889427201,3.3684210526315788
1227,18,26,25,1.7,0.47916666666666663,0.39999999999999997,3.2
1228,18,32,19,1.7,0.38541666666666663,0.39999999999999997,3.2
1229,19,27,26,1.736842105263158,0.48177083333333326,0.4823763889427201,3.3684210526315788
1230,19,34,21,1.736842105263158,0.38802083333333337,0.4823763889427201,3.3684210526315788
1231,20,30,24,1.7777777777777777,0.4401041666666667,0.49690399499995325,3.5555555555555554
1232,19,29,25,1.736842105263158,0.45833333333333337,0.4823763889427201,3.3684210526315788
1233,18,29,26,1.7,0.46614583333333337,0.39999999999999997,3.2
1234,18,30,24,1.7,0.44270833333333337,0.39999999999999997,3.2
1235,18,29,26,1.7,0.46875,0.39999999999999997,3.2
1236,19,31,24,1.736842105263158,0.4375,0.4823763889427201,3.3684210526315788
1237,19,31,24,1.736842105263158,0.4375,0.48237638894272,3.3684210526315788
1238,20,30,21,1.7777777777777777,0.4166666666666667,0.49690399499995325,3.5555555555555554
1239,19,29,23,1.736842105263158,0.4375,0.4823763889427201,3.3684210526315788
1240,18,30,24,1.7,0.4453125,0.39999999999999997,3.2
1241,17,40,17,1.6666666666666667,0.31510416666666663,0.21295885499997994,3.0476190476190474
1242,19,30,24,1.736842105263158,0.44270833333333337,0.4823763889427201,3.3684210526315788
1243,19,27,24,1.6842105263157894,0.46825396825396826,0.5668594533825794,3.3157894736842106
1244,19,29,23,1.736842105263158,0.4427083333333333,0.4823763889427201,3.3684210526315788
1245,18,31,23,1.7,0.4244791666666667,0.39999999999999997,3.2
1246,18,24,25,1.7,0.49739583333333337,0.39999999999999997,3.2
1247,19,27,26,1.736842105263158,0.47916666666666663,0.4823763889427201,3.3684210526315788
1248,18,26,23,1.65,0.4603174603174603,0.47696960070847283,3.15
1249,20,32,21,1.7777777777777777,0.40364583333333337,0.49690399499995325,3.5555555555555554
1250,19,32,23,1.736842105263158,0.41927083333333337,0.4823763889427201,3.3684210526315788
1251,19,33,22,1.736842105263158,0.4010416666666667,0.4823763889427201,3.3684210526315788
1252,18,28,24,1.7,0.453125,0.39999999999999997,3.2
1253,18,29,24,1.7,0.4479166666666667,0.39999999999999997,3.2
1254,19,30,26,1.736842105263158,0.4609375,0.4823763889427201,3.3684210526315788
1255,19,30,24,1.736842105263158,0.4453125,0.4823763889427201,3.3684210526315788
1256,19,29,26,1.736842105263158,0.46614583333333337,0.4823763889427201,3.3684210526315788
1257,18,29,25,1.7,0.4557291666666667,0.39999999999999997,3.2
1258,19,31,24,1.736842105263158,0.43489583333333337,0.4823763889427201,3.3684210526315788
1259,18,30,22,1.65,0.42063492063492064,0.47696960070847283,3.15
1260,18,28,26,1.7,0.47395833333333337,0.39999999999999997,3.2
1261,19,28,25,1.736842105263158,0.46354166666666663,0.4823763889427201,3.3684210526315788
1262,19,30,24,1.736842105263158,0.44270833333333337,0.4823763889427201,3.3684210526315788
1263,18,29,26,1.7,0.46614583333333337,0.39999999999999997,3.2
1264,18,28,25,1.7,0.46875,0.39999999999999997,3.2
1265,18,28,25,1.7,0.4609375,0.39999999999999997,3.2
1266,19,30,23,1.6842105263157894,0.4285714285714285,0.5668594533825794,3.3157894736842106
1267,18,31,24,1.7,0.43489583333333337,0.39999999999999997,3.2
1268,19,30,25,1.736842105263158,0.453125,0.4823763889427201,3.3684210526315788
1269,19,29,25,1.736842105263158,0.4609375,0.4823763889427201,3.3684210526315788
1270,18,29,26,1.7,0.46614583333333337,0.39999999999999997,3.2
1271,18,31,22,1.7,0.4166666666666667,0.39999999999999997,3.2
1272,18,27,25,1.7,0.47135416666666663,0.39999999999999997,3.2
1273,19,29,26,1.736842105263158,0.46614583333333337,0.4823763889427201,3.3684210526315788
1274,19,30,25,1.736842105263158,0.453125,0.4823763889427201,3.3684210526315788
1275,19,30,24,1.736842105263158,0.44270833333333337,0.4823763889427201,3.3684210526315788
1276,19,27,26,1.6842105263157894,0.48412698412698413,0.5668594533825794,3.3157894736842106
1277,18,29,25,1.7,0.4609375,0.39999999999999997,3.2
1278,18,29,23,1.7,0.44270833333333337,0.39999999999999997,3.2
1279,19,32,25,1.736842105263158,0.4401041666666667,0.4823763889427201,3.3684210526315788
1280,18,31,25,1.7,0.4453125,0.39999999999999997,3.2
1281,19,29,26,1.736842105263158,0.46614583333333337,0.4823763889427201,3.3684210526315788
1282,19,29,24,1.736842105263158,0.4557291666666667,0.48237638894272,3.3684210526315788
1283,18,26,24,1.7,0.47135416666666663,0.39999999999999997,3.2
1284,19,29,25,1.736842105263158,0.45572916666666663,0.4823763889427201,3.3684210526315788
1285,18,31,25,1.7,0.4453125,0.39999999999999997,3.2
1286,18,29,26,1.7,0.46614583333333337,0.39999999999999997,3.2
1287,19,31,25,1.736842105263158,0.4479166666666667,0.4823763889427201,3.3684210526315788
1288,18,26,25,1.7,0.4765625,0.39999999999999997,3.2
1289,19,30,26,1.736842105263158,0.4635416666666667,0.4823763889427201,3.3684210526315788
1290,19,30,24,1.736842105263158,0.44270833333333337,0.4823763889427201,3.3684210526315788
1291,18,30,23,1.7,0.4322916666666667,0.39999999999999997,3.2
1292,18,30,23,1.7,0.4375,0.39999999999999997,3.2
1293,19,28,25,1.736842105263158,0.4609375,0.48237638894272,3.3684210526315788
1294,18,30,25,1.7,0.45052083333333337,0.39999999999999997,3.2
1295,18,28,24,1.7,0.45833333333333337,0.39999999999999997,3.2
1296,18,28,24,1.7,0.45833333333333337,0.39999999999999997,3.2
1297,19,30,24,1.736842105263158,0.44270833333333337,0.4823763889427201,3.3684210526315788
1298,18,29,25,1.7,0.4609375,0.39999999999999997,3.2
1299,19,30,20,1.736842105263158,0.40625,0.4823763889427201,3.3684210526315788
1300,18,28,24,1.7,0.45833333333333337,0.39999999999999997,3.2
1301,19,37,20,1.736842105263158,0.35677083333333337,0.4823763889427201,3.3684210526315788
1302,18,26,25,1.7,0.47916666666666663,0.39999999999999997,3.2
1303,18,25,24,1.7,0.484375,0.39999999999999997,3.2
1304,19,29,25,1.736842105263158,0.4609375,0.4823763889427201,3.3684210526315788
1305,18,28,23,1.7,0.4479166666666667,0.39999999999999997,3.2
1306,19,29,24,1.736842105263158,0.45052083333333337,0.4823763889427201,3.3684210526315788
1307,18,34,21,1.7,0.38802083333333337,0.39999999999999997,3.2
1308,19,30,25,1.736842105263158,0.453125,0.4823763889427201,3.3684210526315788
1309,18,29,24,1.7,0.45052083333333337,0.39999999999999997,3.2
1310,18,30,23,1.7,0.4322916666666667,0.39999999999999997,3.2
1311,18,29,26,1.7,0.46875,0.39999999999999997,3.2
1312,19,28,26,1.6842105263157894,0.47619047619047616,0.5668594533825794,3.3157894736842106
1313,18,30,25,1.7,0.45052083333333337,0.39999999999999997,3.2
1314,19,27,25,1.736842105263158,0.47395833333333337,0.4823763889427201,3.3684210526315788
1315,18,29,23,1.7,0.4453125,0.39999999999999997,3.2
1316,18,29,25,1.7,0.4583333333333333,0.39999999999999997,3.2
1317,18,31,21,1.7,0.40625,0.39999999999999997,3.2
1318,19,34,23,1.736842105263158,0.40625,0.4823763889427201,3.3684210526315788
1319,19,29,25,1.736842105263158,0.45833333333333337,0.4823763889427201,3.3684210526315788
1320,18,32,22,1.7,0.41145833333333337,0.39999999999999997,3.2
1321,19,28,25,1.736842105263158,0.4635416666666667,0.4823763889427201,3.3684210526315788
1322,18,28,23,1.7,0.4453125,0.39999999999999997,3.2
1323,18,29,25,1.7,0.45833333333333337,0.39999999999999997,3.2
1324,18,30,25,1.7,0.45052083333333337,0.39999999999999997,3.2
1325,18,26,25,1.7,0.4765625,0.39999999999999997,3.2
1326,19,29,23,1.736842105263158,0.44270833333333337,0.4823763889427201,3.3684210526315788
1327,18,31,25,1.7,0.4453125,0.39999999999999997,3.2
1328,20,31,25,1.7777777777777777,0.4453125,0.49690399499995325,3.5555555555555554
1329,19,27,24,1.736842105263158,0.4635416666666667,0.4823763889427201,3.3684210526315788
1330,20,31,23,1.7777777777777777,0.4244791666666667,0.49690399499995325,3.5555555555555554
1331,19,32,25,1.736842105263158,0.4401041666666667,0.4823763889427201,3.3684210526315788
1332,20,35,23,1.7777777777777777,0.3984375,0.49690399499995325,3.5555555555555554
1333,18,31,24,1.7,0.4375,0.39999999999999997,3.2
1334,19,30,24,1.736842105263158,0.4453125,0.4823763889427201,3.3684210526315788
1335,18,31,25,1.7,0.4453125,0.39999999999999997,3.2
1336,18,29,24,1.7,0.45052083333333337,0.39999999999999997,3.2
1337,18,29,26,1.7,0.46614583333333337,0.39999999999999997,3.2
1338,18,28,24,1.7,0.4557291666666667,0.39999999999999997,3.2
1339,18,34,23,1.7,0.4088541666666667,0.39999999999999997,3.2
1340,18,30,24,1.7,0.4427083333333333,0.39999999999999997,3.2
1341,18,35,20,1.7,0.36979166666666663,0.39999999999999997,3.2
1342,19,30,24,1.736842105263158,0.44270833333333337,0.4823763889427201,3.3684210526315788
1343,18,29,26,1.7,0.46875,0.39999999999999997,3.2
1344,18,28,25,1.7,0.46875,0.39999999999999997,3.2
1345,18,28,26,1.7,0.4765625,0.39999999999999997,3.2
1346,18,31,25,1.7,0.4453125,0.39999999999999997,3.2
1347,18,29,24,1.7,0.45052083333333337,0.39999999999999997,3.2
1348,20,30,25,1.7777777777777777,0.453125,0.49690399499995325,3.5555555555555554
1349,18,29,24,1.7,0.45052083333333337,0.39999999999999997,3.2
1350,19,29,23,1.736842105263158,0.44010416666666663,0.4823763889427201,3.3684210526315788
1351,18,32,24,1.7,0.4296875,0.39999999999999997,3.2
1352,18,30,25,1.7,0.45052083333333337,0.39999999999999997,3.2
1353,18,29,24,1.7,0.45052083333333337,0.39999999999999997,3.2
1354,19,29,25,1.736842105263158,0.4557291666666667,0.4823763889427201,3.3684210526315788
1355,18,29,25,1.7,0.45833333333333337,0.39999999999999997,3.2
1356,19,29,22,1.736842105263158,0.4322916666666667,0.4823763889427201,3.3684210526315788
1357,18,29,26,1.7,0.46614583333333337,0.39999999999999997,3.2
1358,18,31,23,1.7,0.4296875,0.39999999999999997,3.2
1359,18,28,24,1.7,0.45833333333333337,0.39999999999999997,3.2
1360,19,31,23,1.736842105263158,0.42708333333333337,0.4823763889427201,3.3684210526315788
1361,19,28,25,1.736842105263158,0.46614583333333337,0.4823763889427201,3.3684210526315788
1362,18,25,25,1.7,0.484375,0.39999999999999997,3.2
1363,18,28,24,1.65,0.45502645502645506,0.47696960070847283,3.15
1364,18,27,26,1.7,0.48177083333333337,0.39999999999999997,3.2
1365,18,27,24,1.7,0.4557291666666667,0.39999999999999997,3.2
1366,20,31,24,1.7777777777777777,0.43489583333333337,0.49690399499995325,3.5555555555555554
1367,19,30,24,1.736842105263158,0.4401041666666667,0.4823763889427201,3.3684210526315788
1368,18,29,25,1.7,0.45833333333333337,0.39999999999999997,3.2
1369,18,30,25,1.7,0.45052083333333337,0.39999999999999997,3.2
1370,19,30,24,1.736842105263158,0.4479166666666667,0.4823763889427201,3.3684210526315788
1371,18,27,25,1.7,0.4713541666666667,0.39999999999999997,3.2
1372,18,27,26,1.7,0.47916666666666663,0.39999999999999997,3.2
1373,19,28,24,1.736842105263158,0.4557291666666667,0.4823763889427201,3.3684210526315788
1374,18,31,25,1.7,0.4479166666666667,0.39999999999999997,3.2
1375,18,30,25,1.7,0.453125,0.39999999999999997,3.2
1376,19,29,25,1.736842105263158,0.45833333333333337,0.4823763889427201,3.3684210526315788
1377,19,27,24,1.6842105263157894,0.4603174603174603,0.5668594533825794,3.3157894736842106
1378,18,28,26,1.7,0.4765625,0.39999999999999997,3.2
1379,18,27,24,1.65,0.46296296296296297,0.47696960070847283,3.15
1380,18,28,26,1.7,0.4765625,0.39999999999999997,3.2
1381,18,28,24,1.7,0.45833333333333337,0.39999999999999997,3.2
1382,18,27,24,1.7,0.4609375,0.39999999999999997,3.2
1383,19,30,25,1.736842105263158,0.453125,0.4823763889427201,3.3684210526315788
1384,19,30,24,1.736842105263158,0.44010416666666663,0.4823763889427201,3.3684210526315788
1385,18,29,26,1.7,0.46875,0.39999999999999997,3.2
1386,18,29,24,1.7,0.4453125,0.39999999999999997,3.2
1387,18,29,26,1.7,0.46614583333333337,0.39999999999999997,3.2
1388,19,29,25,1.736842105263158,0.4609375,0.4823763889427201,3.3684210526315788
1389,18,30,24,1.7,0.44270833333333337,0.39999999999999997,3.2
1390,19,31,24,1.736842105263158,0.43489583333333337,0.4823763889427201,3.3684210526315788
1391,18,27,24,1.7,0.46614583333333337,0.39999999999999997,3.2
1392,18,29,25,1.7,0.45833333333333337,0.39999999999999997,3.2
1393,18,28,25,1.7,0.4713541666666667,0.39999999999999997,3.2
1394,18,29,25,1.7,0.45833333333333337,0.39999999999999997,3.2
1395,18,25,24,1.7,0.4765625,0.39999999999999997,3.2
1396,18,29,24,1.7,0.45052083333333337,0.39999999999999997,3.2
1397,19,29,24,1.736842105263158,0.45052083333333337,0.4823763889427201,3.3684210526315788
1398,19,29,25,1.736842105263158,0.45572916666666663,0.4823763889427201,3.3684210526315788
1399,19,28,25,1.736842105263158,0.4635416666666667,0.4823763889427201,3.3684210526315788
1400,19,31,24,1.736842105263158,0.44270833333333337,0.4823763889427201,3.3684210526315788
1401,18,27,27,1.7,0.4921875,0.39999999999999997,3.2
1402,18,29,24,1.7,0.453125,0.39999999999999997,3.2
1403,18,30,25,1.7,0.453125,0.39999999999999997,3.2
1404,19,28,25,1.736842105263158,0.4635416666666667,0.4823763889427201,3.3684210526315788
1405,18,29,25,1.7,0.45833333333333337,0.39999999999999997,3.2
1406,17,39,18,1.6666666666666667,0.3307291666666667,0.21295885499997994,3.0476190476190474
1407,18,26,25,1.7,0.48177083333333337,0.39999999999999997,3.2
1408,18,28,26,1.7,0.4765625,0.39999999999999997,3.2
1409,18,27,25,1.7,0.47395833333333337,0.39999999999999997,3.2
1410,18,28,23,1.7,0.44791666666666674,0.39999999999999997,3.2
1411,19,31,23,1.736842105263158,0.42708333333333337,0.4823763889427201,3.3684210526315788
1412,18,30,25,1.7,0.453125,0.39999999999999997,3.2
1413,18,32,23,1.7,0.4166666666666667,0.39999999999999997,3.2
1414,19,29,24,1.736842105263158,0.44791666666666663,0.4823763889427201,3.3684210526315788
1415,19,33,24,1.736842105263158,0.421875,0.4823763889427201,3.3684210526315788
1416,19,33,20,1.736842105263158,0.3854166666666667,0.4823763889427201,3.3684210526315788
1417,19,30,25,1.736842105263158,0.45052083333333337,0.4823763889427201,3.3684210526315788
1418,18,28,25,1.7,0.4661458333333333,0.39999999999999997,3.2
1419,19,29,23,1.736842105263158,0.44010416666666674,0.4823763889427201,3.3684210526315788
1420,18,26,25,1.7,0.48177083333333337,0.39999999999999997,3.2
1421,19,27,24,1.736842105263158,0.46614583333333337,0.4823763889427201,3.3684210526315788
1422,19,29,24,1.736842105263158,0.4479166666666667,0.48237638894272,3.3684210526315788
1423,18,29,25,1.7,0.45833333333333337,0.39999999999999997,3.2
1424,18,28,26,1.7,0.47395833333333337,0.39999999999999997,3.2
1425,18,30,23,1.7,0.43229166666666663,0.39999999999999997,3.2
1426,18,29,25,1.7,0.45833333333333337,0.39999999999999997,3.2
1427,18,28,25,1.7,0.46614583333333337,0.39999999999999997,3.2
1428,18,30,26,1.7,0.4609375,0.39999999999999997,3.2
1429,19,26,25,1.6842105263157894,0.48148148148148145,0.5668594533825794,3.3157894736842106
1430,18,29,24,1.7,0.45052083333333337,0.39999999999999997,3.2
1431,18,31,23,1.7,0.42708333333333337,0.39999999999999997,3.2
1432,19,30,24,1.736842105263158,0.44270833333333337,0.4823763889427201,3.3684210526315788
1433,19,29,25,1.736842105263158,0.45833333333333337,0.4823763889427201,3.3684210526315788
1434,20,31,25,1.7777777777777777,0.4505208333333333,0.49690399499995325,3.5555555555555554
1435,18,33,21,1.7,0.39583333333333337,0.39999999999999997,3.2
1436,18,29,24,1.7,0.45052083333333337,0.39999999999999997,3.2
1437,19,31,25,1.736842105263158,0.4453125,0.4823763889427201,3.3684210526315788
1438,19,33,22,1.736842105263158,0.40625,0.4823763889427201,3.3684210526315788
1439,19,30,20,1.736842105263158,0.3984375,0.4823763889427201,3.3684210526315788
1440,18,31,25,1.7,0.44791666666666663,0.39999999999999997,3.2
1441,18,28,25,1.7,0.46614583333333337,0.39999999999999997,3.2
1442,18,27,25,1.7,0.47135416666666663,0.39999999999999997,3.2
1443,19,28,25,1.736842105263158,0.4635416666666667,0.4823763889427201,3.3684210526315788
1444,18,29,26,1.7,0.46614583333333337,0.39999999999999997,3.2
1445,18,28,24,1.65,0.45767195767195773,0.47696960070847283,3.15
1446,19,29,25,1.736842105263158,0.4609375,0.4823763889427201,3.3684210526315788
1447,18,26,25,1.7,0.48177083333333337,0.39999999999999997,3.2
1448,18,30,24,1.7,0.44270833333333337,0.39999999999999997,3.2
1449,19,29,24,1.736842105263158,0.4479166666666667,0.4823763889427201,3.3684210526315788
1450,18,27,24,1.7,0.4609375,0.39999999999999997,3.2
1451,18,30,25,1.7,0.453125,0.39999999999999997,3.2
1452,18,30,25,1.7,0.453125,0.39999999999999997,3.2
1453,18,28,24,1.7,0.4557291666666667,0.39999999999999997,3.2
1454,18,31,24,1.7,0.4375,0.39999999999999997,3.2
1455,18,26,25,1.7,0.4765625,0.39999999999999997,3.2
1456,19,34,24,1.736842105263158,0.4140625,0.4823763889427201,3.3684210526315788
1457,18,27,24,1.7,0.46614583333333337,0.39999999999999997,3.2
1458,18,29,24,1.7,0.453125,0.39999999999999997,3.2
1459,18,29,23,1.65,0.44179894179894186,0.47696960070847283,3.15
1460,19,30,25,1.736842105263158,0.45572916666666663,0.4823763889427201,3.3684210526315788
1461,18,32,24,1.7,0.4296875,0.39999999999999997,3.2
1462,18,29,26,1.7,0.46875,0.39999999999999997,3.2
1463,18,28,24,1.7,0.45833333333333337,0.39999999999999997,3.2
1464,19,31,25,1.736842105263158,0.4453125,0.4823763889427201,3.3684210526315788
1465,19,34,22,1.736842105263158,0.3984375,0.4823763889427201,3.3684210526315788
1466,18,28,26,1.7,0.47395833333333337,0.39999999999999997,3.2
1467,18,26,24,1.7,0.46614583333333337,0.39999999999999997,3.2
1468,18,29,25,1.7,0.45833333333333337,0.39999999999999997,3.2
1469,19,30,24,1.736842105263158,0.44270833333333337,0.48237638894272,3.3684210526315788
1470,19,28,25,1.736842105263158,0.46614583333333337,0.4823763889427201,3.3684210526315788
1471,18,27,24,1.7,0.46614583333333337,0.39999999999999997,3.2
1472,18,27,26,1.7,0.48177083333333337,0.39999999999999997,3.2
1473,18,28,24,1.7,0.453125,0.39999999999999997,3.2
1474,18,29,26,1.7,0.46614583333333337,0.39999999999999997,3.2
1475,19,29,24,1.736842105263158,0.44791666666666663,0.4823763889427201,3.3684210526315788
1476,18,25,26,1.7,0.49739583333333337,0.39999999999999997,3.2
1477,18,28,26,1.7,0.47395833333333337,0.39999999999999997,3.2
1478,18,27,25,1.7,0.4765625,0.39999999999999997,3.2
1479,18,27,25,1.7,0.47135416666666663,0.39999999999999997,3.2
1480,19,28,26,1.736842105263158,0.47395833333333337,0.4823763889427201,3.3684210526315788
1481,19,29,25,1.736842105263158,0.4609375,0.4823763889427201,3.3684210526315788
1482,19,30,23,1.736842105263158,0.43489583333333337,0.4823763889427201,3.3684210526315788
1483,20,30,25,1.7777777777777777,0.45052083333333337,0.49690399499995325,3.5555555555555554
1484,18,29,24,1.7,0.4479166666666667,0.39999999999999997,3.2
1485,18,26,23,1.65,0.4576719576719577,0.47696960070847283,3.15
1486,19,29,25,1.736842105263158,0.46354166666666663,0.4823763889427201,3.3684210526315788
1487,18,32,25,1.7,0.4401041666666667,0.39999999999999997,3.2
1488,18,28,26,1.7,0.4713541666666667,0.39999999999999997,3.2
1489,18,30,26,1.7,0.4609375,0.39999999999999997,3.2
1490,18,28,24,1.7,0.4557291666666667,0.39999999999999997,3.2
1491,18,31,25,1.7,0.4453125,0.39999999999999997,3.2
1492,18,29,26,1.7,0.46614583333333337,0.39999999999999997,3.2
1493,18,27,26,1.7,0.484375,0.39999999999999997,3.2
1494,18,32,25,1.7,0.4401041666666667,0.39999999999999997,3.2
1495,18,29,24,1.7,0.4479166666666667,0.39999999999999997,3.2
1496,18,28,26,1.7,0.47135416666666663,0.39999999999999997,3.2
1497,19,29,26,1.736842105263158,0.46875,0.4823763889427201,3.3684210526315788
1498,19,29,24,1.736842105263158,0.45052083333333337,0.4823763889427201,3.3684210526315788
1499,19,30,24,1.6842105263157894,0.4417989417989418,0.5668594533825794,3.3157894736842106
1500,19,30,25,1.736842105263158,0.45052083333333337,0.4823763889427201,3.3684210526315788
1501,19,26,23,1.6842105263157894,0.4576719576719577,0.5668594533825794,3.3157894736842106
1502,18,26,25,1.7,0.4791666666666667,0.39999999999999997,3.2
1503,19,30,24,1.736842105263158,0.44270833333333337,0.4823763889427201,3.3684210526315788
1504,18,23,26,1.7,0.5104166666666667,0.39999999999999997,3.2
1505,18,32,23,1.7,0.41927083333333337,0.39999999999999997,3.2
1506,19,25,26,1.736842105263158,0.4921875,0.4823763889427201,3.3684210526315788
1507,18,29,26,1.7,0.46875,0.39999999999999997,3.2
1508,18,30,23,1.7,0.4296875,0.39999999999999997,3.2
1509,19,29,25,1.736842105263158,0.4557291666666667,0.4823763889427201,3.3684210526315788
1510,19,31,23,1.736842105263158,0.42447916666666663,0.4823763889427201,3.3684210526315788
1511,18,30,26,1.7,0.46354166666666663,0.39999999999999997,3.2
1512,18,28,26,1.7,0.47395833333333337,0.39999999999999997,3.2
1513,19,30,25,1.736842105263158,0.453125,0.4823763889427201,3.3684210526315788
1514,18,28,25,1.7,0.46614583333333337,0.39999999999999997,3.2
1515,19,35,19,1.736842105263158,0.3619791666666667,0.4823763889427201,3.3684210526315788
1516,18,30,26,1.7,0.4609375,0.39999999999999997,3.2
1517,19,35,23,1.736842105263158,0.4010416666666667,0.4823763889427201,3.3684210526315788
1518,18,27,26,1.7,0.48177083333333337,0.39999999999999997,3.2
1519,18,27,26,1.7,0.48177083333333337,0.39999999999999997,3.2
1520,19,29,25,1.736842105263158,0.4609375,0.4823763889427201,3.3684210526315788
1521,19,34,21,1.736842105263158,0.390625,0.4823763889427201,3.3684210526315788
1522,18,29,25,1.7,0.45833333333333337,0.39999999999999997,3.2
1523,19,30,25,1.736842105263158,0.45052083333333337,0.4823763889427201,3.3684210526315788
1524,18,29,26,1.7,0.46875,0.39999999999999997,3.2
1525,18,33,24,1.7,0.41927083333333337,0.39999999999999997,3.2
1526,18,27,26,1.7,0.48177083333333337,0.39999999999999997,3.2
1527,18,30,25,1.7,0.453125,0.39999999999999997,3.2
1528,19,29,24,1.736842105263158,0.4479166666666667,0.4823763889427201,3.3684210526315788
1529,18,29,24,1.7,0.4479166666666667,0.39999999999999997,3.2
1530,18,27,25,1.7,0.47395833333333337,0.39999999999999997,3.2
1531,18,25,25,1.7,0.4869791666666667,0.39999999999999997,3.2
1532,18,27,25,1.7,0.47395833333333337,0.39999999999999997,3.2
1533,18,28,26,1.7,0.47395833333333337,0.39999999999999997,3.2
1534,18,27,25,1.7,0.4739583333333333,0.39999999999999997,3.2
1535,19,28,26,1.736842105263158,0.47395833333333337,0.4823763889427201,3.3684210526315788
1536,18,27,25,1.7,0.47135416666666663,0.39999999999999997,3.2
1537,18,28,25,1.7,0.46614583333333337,0.39999999999999997,3.2
1538,18,29,25,1.7,0.45833333333333337,0.39999999999999997,3.2
1539,19,29,23,1.736842105263158,0.4401041666666667,0.4823763889427201,3.3684210526315788
1540,18,27,23,1.65,0.45502645502645506,0.47696960070847283,3.15
1541,18,28,25,1.7,0.47135416666666663,0.39999999999999997,3.2
1542,21,33,21,1.8235294117647058,0.39583333333333337,0.42418250299576343,3.764705882352941
1543,18,27,24,1.65,0.46296296296296297,0.47696960070847283,3.15
1544,18,26,25,1.7,0.4791666666666667,0.39999999999999997,3.2
1545,18,27,24,1.7,0.46614583333333337,0.39999999999999997,3.2
1546,18,24,25,1.7,0.49739583333333337,0.39999999999999997,3.2
1547,18,33,23,1.7,0.4140625,0.39999999999999997,3.2
1548,18,29,26,1.7,0.46614583333333337,0.39999999999999997,3.2
1549,19,29,25,1.736842105263158,0.45833333333333337,0.4823763889427201,3.3684210526315788
1550,18,28,24,1.7,0.45833333333333337,0.39999999999999997,3.2
1551,18,29,26,1.7,0.46875,0.39999999999999997,3.2
1552,19,27,24,1.6842105263157894,0.46296296296296297,0.5668594533825794,3.3157894736842106
1553,18,30,24,1.7,0.44270833333333337,0.39999999999999997,3.2
1554,19,28,26,1.736842105263158,0.47395833333333337,0.4823763889427201,3.3684210526315788
1555,18,36,17,1.75,0.3411458333333333,0.39999999999999997,3.2
1556,18,31,24,1.7,0.43489583333333337,0.39999999999999997,3.2
1557,18,31,25,1.7,0.4453125,0.39999999999999997,3.2
1558,19,32,23,1.736842105263158,0.421875,0.4823763889427201,3.3684210526315788
1559,18,28,25,1.7,0.4635416666666667,0.39999999999999997,3.2
1560,18,30,23,1.7,0.4322916666666667,0.39999999999999997,3.2
1561,18,33,25,1.7,0.4322916666666667,0.39999999999999997,3.2
1562,18,28,24,1.7,0.45833333333333337,0.39999999999999997,3.2
1563,18,27,23,1.7,0.45572916666666663,0.39999999999999997,3.2
1564,18,27,23,1.7,0.4557291666666667,0.39999999999999997,3.2
1565,18,26,23,1.7,0.45833333333333337,0.39999999999999997,3.2
1566,18,29,26,1.7,0.46875,0.39999999999999997,3.2
1567,19,29,24,1.736842105263158,0.45052083333333326,0.4823763889427201,3.3684210526315788
1568,18,30,25,1.7,0.45052083333333337,0.39999999999999997,3.2
1569,19,32,25,1.736842105263158,0.44010416666666663,0.4823763889427201,3.3684210526315788
1570,19,28,25,1.736842105263158,0.4661458333333333,0.4823763889427201,3.3684210526315788
1571,18,27,25,1.7,0.47395833333333337,0.39999999999999997,3.2
1572,18,29,25,1.7,0.4557291666666667,0.39999999999999997,3.2
1573,18,30,25,1.7,0.45052083333333337,0.39999999999999997,3.2
1574,18,29,25,1.7,0.46354166666666663,0.39999999999999997,3.2
1575,18,30,25,1.7,0.453125,0.39999999999999997,3.2
1576,19,28,25,1.736842105263158,0.47135416666666663,0.4823763889427201,3.3684210526315788
1577,18,29,24,1.7,0.453125,0.39999999999999997,3.2
1578,18,29,26,1.7,0.46614583333333337,0.39999999999999997,3.2
1579,19,31,25,1.736842105263158,0.44791666666666663,0.4823763889427201,3.3684210526315788
1580,18,26,24,1.7,0.47135416666666674,0.39999999999999997,3.2
1581,19,27,26,1.6842105263157894,0.4788359788359787,0.5668594533825794,3.3157894736842106
1582,18,28,24,1.7,0.45833333333333337,0.39999999999999997,3.2
1583,19,31,25,1.736842105263158,0.4453125,0.4823763889427201,3.3684210526315788
1584,19,27,25,1.736842105263158,0.4739583333333333,0.4823763889427201,3.3684210526315788
1585,18,28,26,1.7,0.47395833333333337,0.39999999999999997,3.2
1586,18,31,23,1.7,0.4322916666666667,0.39999999999999997,3.2
1587,19,26,26,1.736842105263158,0.48958333333333337,0.4823763889427201,3.3684210526315788
1588,20,30,24,1.7777777777777777,0.44791666666666663,0.49690399499995325,3.5555555555555554
1589,18,29,25,1.65,0.4603174603174603,0.47696960070847283,3.15
1590,18,29,26,1.7,0.46875,0.39999999999999997,3.2
1591,18,28,25,1.7,0.4635416666666667,0.39999999999999997,3.2
1592,19,29,25,1.736842105263158,0.46354166666666663,0.4823763889427201,3.3684210526315788
1593,18,29,26,1.7,0.46614583333333337,0.39999999999999997,3.2
1594,18,27,23,1.7,0.4557291666666667,0.39999999999999997,3.2
1595,18,30,23,1.7,0.43489583333333337,0.39999999999999997,3.2
1596,19,31,26,1.736842105263158,0.45572916666666663,0.4823763889427201,3.3684210526315788
1597,18,29,23,1.7,0.44270833333333337,0.39999999999999997,3.2
1598,19,30,25,1.736842105263158,0.453125,0.4823763889427201,3.3684210526315788
1599,19,28,24,1.736842105263158,0.45833333333333337,0.4823763889427201,3.3684210526315788
1600,18,29,25,1.7,0.45833333333333337,0.39999999999999997,3.2
1601,18,27,25,1.65,0.4708994708994709,0.47696960070847283,3.15
1602,18,30,26,1.7,0.4609375,0.39999999999999997,3.2
1603,18,27,24,1.7,0.4609375,0.39999999999999997,3.2
1604,18,29,25,1.7,0.4609375,0.39999999999999997,3.2
1605,20,30,25,1.7777777777777777,0.453125,0.49690399499995325,3.5555555555555554
1606,18,29,26,1.7,0.46614583333333337,0.39999999999999997,3.2
1607,18,27,25,1.7,0.4713541666666667,0.39999999999999997,3.2
1608,18,29,19,1.7,0.40364583333333337,0.39999999999999997,3.2
1609,18,35,20,1.7,0.375,0.39999999999999997,3.2
1610,18,26,23,1.7,0.46093750000000006,0.39999999999999997,3.2
1611,18,30,25,1.7,0.45052083333333337,0.39999999999999997,3.2
1612,19,27,26,1.736842105263158,0.48177083333333337,0.4823763889427201,3.3684210526315788
1613,18,28,26,1.7,0.47395833333333337,0.39999999999999997,3.2
1614,18,27,23,1.7,0.453125,0.39999999999999997,3.2
1615,18,28,25,1.7,0.46614583333333337,0.39999999999999997,3.2
1616,18,27,25,1.7,0.46875,0.39999999999999997,3.2
1617,18,27,25,1.7,0.4765625,0.39999999999999997,3.2
1618,18,32,21,1.7,0.40364583333333337,0.39999999999999997,3.2
1619,19,30,24,1.736842105263158,0.4453125,0.4823763889427201,3.3684210526315788
1620,19,30,24,1.736842105263158,0.4453125,0.4823763889427201,3.3684210526315788
1621,18,29,23,1.7,0.4401041666666667,0.39999999999999997,3.2
1622,19,31,25,1.736842105263158,0.4453125,0.4823763889427201,3.3684210526315788
1623,18,27,23,1.7,0.453125,0.39999999999999997,3.2
1624,18,28,26,1.7,0.4739583333333333,0.39999999999999997,3.2
1625,18,26,25,1.7,0.48177083333333337,0.39999999999999997,3.2
1626,19,28,24,1.736842105263158,0.453125,0.4823763889427201,3.3684210526315788
1627,18,29,25,1.7,0.4583333333333333,0.39999999999999997,3.2
1628,18,30,24,1.7,0.44270833333333337,0.39999999999999997,3.2
1629,18,28,26,1.7,0.4739583333333333,0.39999999999999997,3.2
1630,19,29,25,1.736842105263158,0.4609375,0.4823763889427201,3.3684210526315788
1631,18,27,24,1.7,0.46354166666666663,0.39999999999999997,3.2
1632,18,28,26,1.7,0.47135416666666663,0.39999999999999997,3.2
1633,18,28,27,1.7,0.48177083333333337,0.39999999999999997,3.2
1634,20,31,26,1.7777777777777777,0.45572916666666663,0.49690399499995325,3.5555555555555554
1635,18,31,23,1.7,0.4296875,0.39999999999999997,3.2
1636,18,29,25,1.7,0.45833333333333337,0.39999999999999997,3.2
1637,19,30,26,1.736842105263158,0.4609375,0.4823763889427201,3.3684210526315788
1638,18,29,25,1.7,0.45833333333333337,0.39999999999999997,3.2
1639,18,29,24,1.65,0.45502645502645506,0.47696960070847283,3.15
1640,18,28,26,1.7,0.47395833333333337,0.39999999999999997,3.2
1641,18,28,23,1.7,0.4427083333333333,0.39999999999999997,3.2
1642,18,30,24,1.7,0.4453125,0.39999999999999997,3.2
1643,18,28,26,1.7,0.47395833333333337,0.39999999999999997,3.2
1644,20,32,25,1.7777777777777777,0.44010416666666663,0.49690399499995325,3.5555555555555554
1645,18,29,24,1.7,0.4479166666666667,0.39999999999999997,3.2
1646,18,27,24,1.7,0.4635416666666667,0.39999999999999997,3.2
1647,18,24,26,1.7,0.5026041666666667,0.39999999999999997,3.2
1648,19,36,17,1.736842105263158,0.33854166666666663,0.4823763889427201,3.3684210526315788
1649,18,29,25,1.7,0.45833333333333337,0.39999999999999997,3.2
1650,19,31,24,1.6842105263157894,0.4365079365079365,0.5668594533825794,3.3157894736842106
1651,18,31,22,1.7,0.4140625,0.39999999999999997,3.2
1652,19,31,25,1.736842105263158,0.4453125,0.4823763889427201,3.3684210526315788
1653,18,29,26,1.7,0.46614583333333337,0.39999999999999997,3.2
1654,19,28,26,1.6842105263157894,0.47354497354497355,0.5668594533825794,3.3157894736842106
1655,19,27,25,1.736842105263158,0.47395833333333337,0.4823763889427201,3.3684210526315788
1656,19,28,25,1.6842105263157894,0.4656084656084656,0.5668594533825794,3.3157894736842106
1657,18,26,26,1.7,0.48697916666666663,0.39999999999999997,3.2
1658,18,28,25,1.7,0.46354166666666663,0.39999999999999997,3.2
1659,19,31,24,1.736842105263158,0.44010416666666663,0.4823763889427201,3.3684210526315788
1660,18,29,26,1.7,0.46875,0.39999999999999997,3.2
1661,18,28,26,1.7,0.4713541666666667,0.39999999999999997,3.2
1662,19,31,23,1.736842105263158,0.4296875,0.4823763889427201,3.3684210526315788
1663,18,29,26,1.7,0.47135416666666663,0.39999999999999997,3.2
1664,18,34,20,1.65,0.3835978835978836,0.47696960070847283,3.15
1665,18,34,23,1.7,0.40885416666666663,0.39999999999999997,3.2
1666,20,30,24,1.7222222222222223,0.4444444444444444,0.6009252125773316,3.5
1667,18,30,25,1.7,0.45052083333333337,0.39999999999999997,3.2
1668,18,30,25,1.7,0.453125,0.39999999999999997,3.2
1669,18,30,25,1.7,0.45052083333333337,0.39999999999999997,3.2
1670,18,29,23,1.7,0.4401041666666667,0.39999999999999997,3.2
1671,18,29,25,1.7,0.45833333333333337,0.39999999999999997,3.2
1672,18,27,26,1.7,0.48177083333333337,0.39999999999999997,3.2
1673,19,29,25,1.736842105263158,0.45833333333333337,0.4823763889427201,3.3684210526315788
1674,19,28,24,1.736842105263158,0.46354166666666663,0.4823763889427201,3.3684210526315788
1675,19,28,24,1.736842105263158,0.45572916666666663,0.4823763889427201,3.3684210526315788
1676,18,27,27,1.7,0.48958333333333326,0.39999999999999997,3.2
1677,18,31,25,1.7,0.44791666666666663,0.39999999999999997,3.2
1678,18,28,24,1.7,0.4609375,0.39999999999999997,3.2
1679,19,29,25,1.736842105263158,0.4609375,0.4823763889427201,3.3684210526315788
1680,18,28,24,1.65,0.4603174603174603,0.47696960070847283,3.15
1681,19,31,26,1.736842105263158,0.45572916666666663,0.4823763889427201,3.3684210526315788
1682,18,33,25,1.7,0.4296875,0.39999999999999997,3.2
1683,19,33,25,1.736842105263158,0.4348958333333333,0.4823763889427201,3.3684210526315788
1684,19,26,24,1.6842105263157894,0.4708994708994708,0.5668594533825794,3.3157894736842106
1685,18,33,27,1.7,0.4505208333333333,0.39999999999999997,3.2
1686,18,27,23,1.7,0.453125,0.39999999999999997,3.2
1687,18,32,25,1.7,0.4375,0.39999999999999997,3.2
1688,18,28,26,1.7,0.4713541666666667,0.39999999999999997,3.2
1689,18,24,25,1.7,0.49479166666666663,0.39999999999999997,3.2
1690,19,28,26,1.736842105263158,0.47395833333333337,0.4823763889427201,3.3684210526315788
1691,19,28,25,1.736842105263158,0.4609375,0.4823763889427201,3.3684210526315788
1692,18,29,26,1.7,0.46875,0.39999999999999997,3.2
1693,18,25,26,1.7,0.49739583333333337,0.39999999999999997,3.2
1694,20,31,24,1.7777777777777777,0.44010416666666663,0.49690399499995325,3.5555555555555554
1695,19,31,24,1.736842105263158,0.43489583333333337,0.4823763889427201,3.3684210526315788
1696,18,30,25,1.7,0.45572916666666663,0.39999999999999997,3.2
1697,18,29,26,1.7,0.46614583333333337,0.39999999999999997,3.2
1698,18,27,25,1.7,0.46875,0.39999999999999997,3.2
1699,18,30,25,1.7,0.45052083333333337,0.39999999999999997,3.2
1700,19,27,26,1.736842105263158,0.48177083333333337,0.4823763889427201,3.3684210526315788
1701,19,30,25,1.736842105263158,0.453125,0.4823763889427201,3.3684210526315788
1702,18,31,26,1.7,0.45572916666666663,0.39999999999999997,3.2
1703,18,28,23,1.7,0.4479166666666667,0.39999999999999997,3.2
1704,18,27,24,1.7,0.46354166666666663,0.39999999999999997,3.2
1705,18,24,25,1.65,0.4894179894179894,0.47696960070847283,3.15
1706,18,31,25,1.7,0.4453125,0.39999999999999997,3.2
1707,18,30,24,1.7,0.44270833333333337,0.39999999999999997,3.2
1708,18,28,27,1.7,0.48177083333333337,0.39999999999999997,3.2
1709,19,28,25,1.736842105263158,0.46354166666666663,0.4823763889427201,3.3684210526315788
1710,18,28,27,1.7,0.48177083333333326,0.39999999999999997,3.2
1711,18,29,26,1.7,0.46614583333333337,0.39999999999999997,3.2
1712,19,28,25,1.736842105263158,0.4609375,0.4823763889427201,3.3684210526315788
1713,18,29,24,1.7,0.4479166666666667,0.39999999999999997,3.2
1714,18,29,25,1.7,0.45833333333333337,0.39999999999999997,3.2
1715,18,29,24,1.7,0.453125,0.39999999999999997,3.2
1716,19,28,24,1.736842105263158,0.46354166666666663,0.4823763889427201,3.3684210526315788
1717,18,26,24,1.7,0.46875,0.39999999999999997,3.2
1718,18,28,24,1.7,0.453125,0.39999999999999997,3.2
1719,19,31,26,1.736842105263158,0.45572916666666663,0.4823763889427201,3.3684210526315788
1720,18,30,27,1.7,0.47135416666666663,0.39999999999999997,3.2
1721,18,29,26,1.7,0.46875,0.39999999999999997,3.2
1722,19,30,26,1.736842105263158,0.4609375,0.4823763889427201,3.3684210526315788
1723,18,27,22,1.65,0.4444444444444444,0.47696960070847283,3.15
1724,18,27,25,1.7,0.47395833333333337,0.39999999999999997,3.2
1725,18,27,24,1.7,0.4635416666666667,0.39999999999999997,3.2
1726,18,28,25,1.7,0.4635416666666667,0.39999999999999997,3.2
1727,18,27,26,1.7,0.4765625,0.39999999999999997,3.2
1728,19,29,24,1.736842105263158,0.44791666666666663,0.4823763889427201,3.3684210526315788
1729,18,26,25,1.7,0.48177083333333337,0.39999999999999997,3.2
1730,18,38,20,1.7,0.3541666666666667,0.39999999999999997,3.2
1731,18,28,25,1.7,0.4609375,0.39999999999999997,3.2
1732,18,28,23,1.7,0.4453125,0.39999999999999997,3.2
1733,18,29,26,1.7,0.46875,0.39999999999999997,3.2
1734,18,29,26,1.7,0.46614583333333337,0.39999999999999997,3.2
1735,18,30,25,1.7,0.453125,0.39999999999999997,3.2
1736,19,28,26,1.736842105263158,0.4739583333333333,0.4823763889427201,3.3684210526315788
1737,18,30,25,1.7,0.453125,0.39999999999999997,3.2
1738,18,28,26,1.7,0.47395833333333337,0.39999999999999997,3.2
1739,18,26,25,1.7,0.48697916666666663,0.39999999999999997,3.2
1740,18,29,26,1.7,0.46875,0.39999999999999997,3.2
1741,18,27,24,1.7,0.4635416666666667,0.39999999999999997,3.2
1742,18,28,27,1.7,0.48177083333333326,0.39999999999999997,3.2
1743,18,29,24,1.7,0.4453125,0.39999999999999997,3.2
1744,18,26,25,1.7,0.4791666666666667,0.39999999999999997,3.2
1745,19,28,24,1.736842105263158,0.453125,0.4823763889427201,3.3684210526315788
1746,18,29,24,1.7,0.45572916666666663,0.39999999999999997,3.2
1747,18,25,26,1.7,0.4921875,0.39999999999999997,3.2
1748,19,29,24,1.736842105263158,0.453125,0.4823763889427201,3.3684210526315788
1749,18,30,25,1.7,0.45052083333333337,0.39999999999999997,3.2
1750,19,31,25,1.736842105263158,0.4453125,0.48237638894272,3.3684210526315788
1751,20,30,24,1.7222222222222223,0.44179894179894186,0.6009252125773316,3.5
1752,18,32,24,1.7,0.43229166666666663,0.39999999999999997,3.2
1753,18,25,25,1.7,0.4869791666666667,0.39999999999999997,3.2
1754,19,31,24,1.736842105263158,0.43489583333333337,0.4823763889427201,3.3684210526315788
1755,18,28,25,1.7,0.46614583333333337,0.39999999999999997,3.2
1756,20,32,25,1.7777777777777777,0.44010416666666663,0.49690399499995325,3.5555555555555554
1757,18,33,23,1.7,0.4140625,0.39999999999999997,3.2
1758,18,29,25,1.7,0.45572916666666663,0.39999999999999997,3.2
1759,18,27,26,1.7,0.4765625,0.39999999999999997,3.2
1760,18,33,24,1.7,0.41927083333333337,0.39999999999999997,3.2
1761,19,31,24,1.736842105263158,0.4375,0.4823763889427201,3.3684210526315788
1762,18,34,23,1.7,0.40885416666666663,0.39999999999999997,3.2
1763,18,29,24,1.7,0.4505208333333333,0.39999999999999997,3.2
1764,18,27,24,1.7,0.4635416666666667,0.39999999999999997,3.2
1765,18,28,25,1.7,0.46354166666666663,0.39999999999999997,3.2
1766,19,28,25,1.736842105263158,0.46875,0.4823763889427201,3.3684210526315788
1767,19,32,24,1.736842105263158,0.43229166666666663,0.4823763889427201,3.3684210526315788
1768,20,31,25,1.7777777777777777,0.44791666666666663,0.49690399499995325,3.5555555555555554
1769,19,29,25,1.736842105263158,0.45833333333333326,0.4823763889427201,3.3684210526315788
1770,19,35,21,1.736842105263158,0.3828125,0.4823763889427201,3.3684210526315788
1771,19,29,25,1.736842105263158,0.4583333333333333,0.4823763889427201,3.3684210526315788
1772,19,30,25,1.736842105263158,0.45572916666666663,0.4823763889427201,3.3684210526315788
1773,19,29,24,1.736842105263158,0.453125,0.4823763889427201,3.3684210526315788
1774,19,30,26,1.736842105263158,0.4609375,0.4823763889427201,3.3684210526315788
1775,18,29,24,1.65,0.4523809523809524,0.47696960070847283,3.15
1776,18,28,24,1.7,0.45833333333333337,0.39999999999999997,3.2
1777,19,29,25,1.736842105263158,0.4557291666666667,0.4823763889427201,3.3684210526315788
1778,18,31,25,1.7,0.4453125,0.39999999999999997,3.2
1779,18,29,24,1.7,0.45052083333333337,0.39999999999999997,3.2
1780,18,27,27,1.7,0.48958333333333326,0.39999999999999997,3.2
1781,19,29,24,1.736842105263158,0.453125,0.4823763889427201,3.3684210526315788
1782,19,34,25,1.736842105263158,0.42447916666666663,0.4823763889427201,3.3684210526315788
1783,18,27,25,1.7,0.4713541666666667,0.39999999999999997,3.2
1784,18,29,25,1.65,0.4629629629629629,0.47696960070847283,3.15
1785,18,28,24,1.7,0.453125,0.39999999999999997,3.2
1786,18,27,27,1.7,0.48958333333333326,0.39999999999999997,3.2
1787,18,25,25,1.7,0.484375,0.39999999999999997,3.2
1788,18,28,25,1.7,0.46354166666666663,0.39999999999999997,3.2
1789,18,27,25,1.7,0.47135416666666663,0.39999999999999997,3.2
1790,18,30,26,1.7,0.46354166666666663,0.39999999999999997,3.2
1791,18,30,25,1.7,0.453125,0.39999999999999997,3.2
1792,19,28,26,1.736842105263158,0.4713541666666667,0.4823763889427201,3.3684210526315788
1793,19,31,24,1.736842105263158,0.44010416666666663,0.4823763889427201,3.3684210526315788
1794,19,31,24,1.736842105263158,0.43489583333333337,0.4823763889427201,3.3684210526315788
1795,18,28,26,1.7,0.47395833333333337,0.39999999999999997,3.2
1796,18,30,25,1.7,0.453125,0.39999999999999997,3.2
1797,18,28,25,1.7,0.46614583333333337,0.39999999999999997,3.2
1798,19,31,24,1.736842105263158,0.4375,0.4823763889427201,3.3684210526315788
1799,18,28,25,1.7,0.4609375,0.39999999999999997,3.2
1800,19,33,24,1.736842105263158,0.42447916666666663,0.4823763889427201,3.3684210526315788
1801,18,27,24,1.7,0.4635416666666667,0.39999999999999997,3.2
1802,18,29,26,1.7,0.46614583333333337,0.39999999999999997,3.2
1803,19,28,19,1.6842105263157894,0.4126984126984127,0.5668594533825794,3.3157894736842106
1804,19,28,26,1.736842105263158,0.4739583333333333,0.48237638894272,3.3684210526315788
1805,18,29,26,1.7,0.46875,0.39999999999999997,3.2
1806,18,29,26,1.7,0.4661458333333333,0.39999999999999997,3.2
1807,19,31,24,1.736842105263158,0.44010416666666663,0.4823763889427201,3.3684210526315788
1808,18,26,26,1.7,0.484375,0.39999999999999997,3.2
1809,18,31,23,1.7,0.42447916666666663,0.39999999999999997,3.2
1810,19,28,25,1.736842105263158,0.4609375,0.48237638894272,3.3684210526315788
1811,18,25,26,1.7,0.49479166666666663,0.39999999999999997,3.2
1812,18,26,25,1.7,0.4765625,0.39999999999999997,3.2
1813,18,26,25,1.7,0.48697916666666663,0.39999999999999997,3.2
1814,18,31,25,1.7,0.4453125,0.39999999999999997,3.2
1815,18,28,25,1.7,0.46354166666666663,0.39999999999999997,3.2
1816,19,29,24,1.6842105263157894,0.45238095238095233,0.5668594533825794,3.3157894736842106
1817,18,27,26,1.7,0.48177083333333326,0.39999999999999997,3.2
1818,18,27,25,1.7,0.4713541666666667,0.39999999999999997,3.2
1819,18,27,26,1.7,0.48177083333333337,0.39999999999999997,3.2
1820,19,28,25,1.736842105263158,0.4609375,0.4823763889427201,3.3684210526315788
1821,18,29,26,1.7,0.46614583333333337,0.39999999999999997,3.2
1822,19,28,24,1.736842105263158,0.46354166666666663,0.4823763889427201,3.3684210526315788
1823,18,26,27,1.7,0.5026041666666666,0.39999999999999997,3.2
1824,18,27,24,1.7,0.4609375,0.39999999999999997,3.2
1825,18,28,27,1.7,0.48177083333333326,0.39999999999999997,3.2
1826,19,30,25,1.736842105263158,0.45572916666666663,0.4823763889427201,3.3684210526315788
1827,19,30,24,1.736842105263158,0.4453125,0.4823763889427201,3.3684210526315788
1828,18,30,25,1.7,0.453125,0.39999999999999997,3.2
1829,18,28,26,1.7,0.4739583333333333,0.39999999999999997,3.2
1830,18,25,25,1.7,0.48437500000000006,0.39999999999999997,3.2
1831,19,28,25,1.736842105263158,0.4609375,0.4823763889427201,3.3684210526315788
1832,18,28,25,1.65,0.4629629629629629,0.47696960070847283,3.15
1833,18,28,26,1.7,0.4739583333333333,0.39999999999999997,3.2
1834,19,29,24,1.736842105263158,0.45052083333333337,0.4823763889427201,3.3684210526315788
1835,19,30,26,1.736842105263158,0.46354166666666663,0.4823763889427201,3.3684210526315788
1836,18,25,25,1.7,0.4869791666666667,0.39999999999999997,3.2
1837,19,30,26,1.736842105263158,0.4609375,0.4823763889427201,3.3684210526315788
1838,18,28,26,1.7,0.47135416666666663,0.39999999999999997,3.2
1839,18,27,26,1.7,0.47916666666666663,0.39999999999999997,3.2
1840,20,29,25,1.7222222222222223,0.46031746031746024,0.6009252125773316,3.5
1841,18,28,26,1.7,0.4739583333333333,0.39999999999999997,3.2
1842,18,29,24,1.7,0.4479166666666667,0.39999999999999997,3.2
1843,18,28,26,1.7,0.4765625,0.39999999999999997,3.2
1844,18,28,27,1.7,0.48177083333333326,0.39999999999999997,3.2
1845,20,28,25,1.7777777777777777,0.4661458333333333,0.49690399499995325,3.5555555555555554
1846,18,28,25,1.7,0.46354166666666663,0.39999999999999997,3.2
1847,18,27,23,1.7,0.453125,0.39999999999999997,3.2
1848,18,32,22,1.7,0.4088541666666667,0.39999999999999997,3.2
1849,18,28,27,1.7,0.48697916666666663,0.39999999999999997,3.2
1850,18,32,24,1.7,0.43229166666666663,0.39999999999999997,3.2
1851,18,30,26,1.7,0.4609375,0.39999999999999997,3.2
1852,18,28,26,1.7,0.47395833333333337,0.39999999999999997,3.2
1853,18,28,26,1.7,0.4739583333333333,0.39999999999999997,3.2
1854,18,31,25,1.7,0.4453125,0.39999999999999997,3.2
1855,19,25,25,1.736842105263158,0.48697916666666663,0.4823763889427201,3.3684210526315788
1856,18,27,24,1.7,0.4635416666666667,0.39999999999999997,3.2
1857,17,41,18,1.6666666666666667,0.31770833333333337,0.21295885499997994,3.0476190476190474
1858,18,28,26,1.7,0.47916666666666663,0.39999999999999997,3.2
1859,18,28,27,1.7,0.48177083333333326,0.39999999999999997,3.2
1860,18,28,26,1.7,0.4739583333333333,0.39999999999999997,3.2
1861,18,26,25,1.7,0.48177083333333337,0.39999999999999997,3.2
1862,18,28,27,1.7,0.48177083333333326,0.39999999999999997,3.2
1863,18,28,26,1.7,0.47395833333333337,0.39999999999999997,3.2
1864,19,30,22,1.736842105263158,0.421875,0.4823763889427201,3.3684210526315788
1865,18,28,26,1.7,0.47135416666666663,0.39999999999999997,3.2
1866,19,28,26,1.736842105263158,0.47395833333333337,0.4823763889427201,3.3684210526315788
1867,19,27,26,1.736842105263158,0.4765625,0.4823763889427201,3.3684210526315788
1868,18,27,24,1.7,0.4609375,0.39999999999999997,3.2
1869,18,25,24,1.7,0.4765625,0.39999999999999997,3.2
1870,18,29,24,1.7,0.45052083333333337,0.39999999999999997,3.2
1871,19,30,24,1.736842105263158,0.4401041666666667,0.4823763889427201,3.3684210526315788
1872,18,27,26,1.7,0.48177083333333337,0.39999999999999997,3.2
1873,18,29,25,1.7,0.45833333333333337,0.39999999999999997,3.2
1874,19,29,24,1.736842105263158,0.453125,0.4823763889427201,3.3684210526315788
1875,18,27,27,1.7,0.48958333333333326,0.39999999999999997,3.2
1876,18,26,24,1.7,0.46875000000000006,0.39999999999999997,3.2
1877,18,28,26,1.7,0.47135416666666663,0.39999999999999997,3.2
1878,18,31,24,1.7,0.43489583333333337,0.39999999999999997,3.2
1879,18,28,27,1.7,0.48177083333333337,0.39999999999999997,3.2
1880,19,31,24,1.736842105263158,0.4375,0.4823763889427201,3.3684210526315788
1881,18,28,27,1.7,0.48177083333333326,0.39999999999999997,3.2
1882,18,27,25,1.7,0.47135416666666663,0.39999999999999997,3.2
1883,18,37,19,1.7,0.3541666666666667,0.39999999999999997,3.2
1884,18,33,22,1.65,0.40476190476190477,0.47696960070847283,3.15
1885,19,33,23,1.736842105263158,0.4088541666666667,0.4823763889427201,3.3684210526315788
1886,18,26,27,1.7,0.4973958333333333,0.39999999999999997,3.2
1887,18,27,27,1.7,0.48958333333333326,0.39999999999999997,3.2
1888,18,26,26,1.7,0.48958333333333337,0.39999999999999997,3.2
1889,19,30,25,1.736842105263158,0.45052083333333337,0.4823763889427201,3.3684210526315788
1890,18,29,26,1.7,0.46875,0.39999999999999997,3.2
1891,18,28,25,1.7,0.46354166666666663,0.39999999999999997,3.2
1892,18,28,26,1.7,0.4739583333333333,0.39999999999999997,3.2
1894,19,27,26,1.736842105263158,0.47916666666666663,0.4823763889427201,3.3684210526315788
1895,19,27,26,1.736842105263158,0.47916666666666663,0.4823763889427201,3.3684210526315788
1896,19,27,26,1.736842105263158,0.47916666666666663,0.4823763889427201,3.3684210526315788
1897,19,27,26,1.736842105263158,0.47916666666666663,0.4823763889427201,3.3684210526315788
1898,19,27,26,1.736842105263158,0.47916666666666663,0.4823763889427201,3.3684210526315788
1899,19,27,26,1.736842105263158,0.47916666666666663,0.4823763889427201,3.3684210526315788
1900,19,27,26,1.736842105263158,0.47916666666666663,0.4823763889427201,3.3684210526315788
1901,19,27,26,1.736842105263158,0.47916666666666663,0.4823763889427201,3.3684210526315788
1902,19,27,26,1.736842105263158,0.47916666666666663,0.4823763889427201,3.3684210526315788
1903,19,27,26,1.736842105263158,0.47916666666666663,0.4823763889427201,3.3684210526315788
