Episode,Desafios_sin_equipo,Estudiantes_fuera_preferencias,Estudiantes_primera_prioridad,Promedio_carreras_por_equipo,Satisfaccion_promedio,STD_tamano_equipos,Tamano_promedio_equipo
2,17,59,2,1.7142857142857142,0.049479166666666664,0.21295885499997994,3.0476190476190474
3,17,60,3,1.7142857142857142,0.0546875,0.21295885499997994,3.0476190476190474
4,17,56,1,1.6666666666666667,0.058201058201058205,0.3086066999241838,3.0
5,18,61,0,1.75,0.018229166666666664,0.39999999999999997,3.2
6,18,56,2,1.7,0.06349206349206349,0.47696960070847283,3.15
7,18,56,1,1.75,0.06510416666666666,0.39999999999999997,3.2
8,18,57,3,1.75,0.07291666666666666,0.39999999999999997,3.2
9,19,59,2,1.7894736842105263,0.0546875,0.4823763889427201,3.3684210526315788
10,17,63,0,1.7142857142857142,0.0078125,0.21295885499997994,3.0476190476190474
11,17,55,2,1.7142857142857142,0.08072916666666666,0.21295885499997994,3.0476190476190474
12,17,56,3,1.6666666666666667,0.07552083333333333,0.21295885499997994,3.0476190476190474
13,17,60,3,1.7142857142857142,0.0546875,0.21295885499997994,3.0476190476190474
14,18,60,1,1.75,0.036458333333333336,0.39999999999999997,3.2
15,18,57,1,1.75,0.05468749999999999,0.39999999999999997,3.2
16,19,60,0,1.7894736842105263,0.028645833333333332,0.4823763889427201,3.3684210526315788
17,18,54,2,1.75,0.08854166666666666,0.39999999999999997,3.2
18,18,60,2,1.75,0.04427083333333333,0.39999999999999997,3.2
19,17,55,2,1.6666666666666667,0.078125,0.21295885499997994,3.0476190476190474
20,19,60,1,1.7894736842105263,0.033854166666666664,0.4823763889427201,3.3684210526315788
21,18,60,1,1.75,0.033854166666666664,0.39999999999999997,3.2
22,19,61,2,1.7894736842105263,0.03645833333333333,0.4823763889427201,3.3684210526315788
23,19,63,0,1.736842105263158,0.0078125,0.48237638894272,3.3684210526315788
24,18,61,0,1.75,0.015625,0.39999999999999997,3.2
25,18,62,2,1.75,0.03125,0.39999999999999997,3.2
26,18,58,2,1.75,0.057291666666666664,0.39999999999999997,3.2
27,19,59,2,1.7894736842105263,0.0546875,0.4823763889427201,3.3684210526315788
28,19,58,1,1.7894736842105263,0.05208333333333333,0.4823763889427201,3.3684210526315788
29,18,62,2,1.75,0.03125,0.39999999999999997,3.2
30,17,60,1,1.7142857142857142,0.033854166666666664,0.21295885499997994,3.0476190476190474
31,19,58,2,1.7894736842105263,0.05989583333333333,0.4823763889427201,3.3684210526315788
32,18,58,3,1.75,0.06770833333333333,0.39999999999999997,3.2
33,18,60,1,1.75,0.03645833333333333,0.39999999999999997,3.2
34,17,60,2,1.7142857142857142,0.041666666666666664,0.21295885499997994,3.0476190476190474
35,17,61,0,1.7142857142857142,0.020833333333333332,0.21295885499997994,3.0476190476190474
36,17,60,1,1.7142857142857142,0.033854166666666664,0.21295885499997994,3.0476190476190474
37,18,62,0,1.75,0.013020833333333332,0.39999999999999997,3.2
38,18,54,3,1.75,0.08854166666666666,0.39999999999999997,3.2
39,19,59,3,1.7894736842105263,0.0625,0.48237638894272,3.3684210526315788
40,17,61,0,1.7142857142857142,0.018229166666666664,0.21295885499997994,3.0476190476190474
41,17,57,2,1.7142857142857142,0.0625,0.21295885499997994,3.0476190476190474
42,17,57,1,1.6666666666666667,0.05989583333333333,0.21295885499997994,3.0476190476190474
43,18,60,3,1.75,0.05208333333333333,0.39999999999999997,3.2
44,17,55,3,1.7142857142857142,0.08854166666666666,0.21295885499997994,3.0476190476190474
45,18,59,2,1.75,0.049479166666666664,0.39999999999999997,3.2
46,18,58,2,1.75,0.0546875,0.39999999999999997,3.2
47,18,61,1,1.75,0.026041666666666664,0.39999999999999997,3.2
48,18,60,1,1.75,0.03645833333333333,0.39999999999999997,3.2
49,19,58,3,1.7894736842105263,0.06510416666666666,0.4823763889427201,3.3684210526315788
50,18,57,2,1.7,0.05729166666666667,0.39999999999999997,3.2
51,17,54,5,1.7142857142857142,0.11197916666666666,0.21295885499997994,3.0476190476190474
52,17,56,4,1.6666666666666667,0.08465608465608465,0.3086066999241838,3.0
53,17,59,3,1.7142857142857142,0.05989583333333333,0.21295885499997994,3.0476190476190474
54,17,57,2,1.5714285714285714,0.05555555555555555,0.3086066999241838,3.0
55,18,56,2,1.75,0.07291666666666667,0.39999999999999997,3.2
56,18,60,2,1.75,0.04427083333333333,0.39999999999999997,3.2
57,19,53,3,1.7894736842105263,0.10156249999999999,0.4823763889427201,3.3684210526315788
58,18,57,2,1.75,0.06770833333333333,0.39999999999999997,3.2
59,18,59,1,1.75,0.04427083333333333,0.39999999999999997,3.2
60,17,57,4,1.7142857142857142,0.08072916666666667,0.21295885499997994,3.0476190476190474
61,17,56,1,1.7142857142857142,0.05989583333333333,0.21295885499997994,3.0476190476190474
62,18,60,2,1.75,0.044270833333333336,0.39999999999999997,3.2
63,17,60,2,1.7142857142857142,0.04427083333333333,0.21295885499997994,3.0476190476190474
64,19,59,3,1.7894736842105263,0.0625,0.48237638894272,3.3684210526315788
65,18,59,3,1.75,0.05729166666666667,0.39999999999999997,3.2
66,20,59,0,1.7777777777777777,0.033854166666666664,0.49690399499995325,3.5555555555555554
67,18,59,2,1.75,0.0546875,0.39999999999999997,3.2
68,18,58,2,1.75,0.0546875,0.39999999999999997,3.2
69,18,57,3,1.75,0.07552083333333333,0.39999999999999997,3.2
70,19,57,4,1.7894736842105263,0.08072916666666666,0.4823763889427201,3.3684210526315788
71,18,61,0,1.75,0.018229166666666664,0.39999999999999997,3.2
72,18,57,0,1.75,0.046875,0.39999999999999997,3.2
73,19,56,3,1.7894736842105263,0.08072916666666666,0.48237638894272,3.3684210526315788
74,19,60,3,1.7894736842105263,0.052083333333333336,0.4823763889427201,3.3684210526315788
75,18,59,1,1.75,0.046875,0.39999999999999997,3.2
76,17,56,1,1.7142857142857142,0.059895833333333336,0.21295885499997994,3.0476190476190474
77,18,55,3,1.75,0.08854166666666666,0.39999999999999997,3.2
78,18,58,2,1.75,0.0546875,0.39999999999999997,3.2
79,18,59,2,1.75,0.046875,0.39999999999999997,3.2
80,17,60,1,1.7142857142857142,0.031249999999999997,0.21295885499997994,3.0476190476190474
81,18,60,2,1.75,0.046875,0.39999999999999997,3.2
82,19,56,3,1.7894736842105263,0.07552083333333333,0.4823763889427201,3.3684210526315788
83,18,56,4,1.75,0.0859375,0.39999999999999997,3.2
84,18,60,0,1.75,0.028645833333333332,0.39999999999999997,3.2
85,17,60,2,1.7142857142857142,0.046875,0.21295885499997994,3.0476190476190474
86,18,58,2,1.75,0.0546875,0.39999999999999997,3.2
87,17,57,2,1.6666666666666667,0.0625,0.21295885499997994,3.0476190476190474
88,19,59,3,1.7894736842105263,0.059895833333333336,0.4823763889427201,3.3684210526315788
89,19,60,0,1.7894736842105263,0.028645833333333332,0.4823763889427201,3.3684210526315788
90,18,57,1,1.75,0.05208333333333333,0.39999999999999997,3.2
91,20,59,4,1.8333333333333333,0.0703125,0.49690399499995325,3.5555555555555554
92,18,61,0,1.75,0.020833333333333332,0.39999999999999997,3.2
93,19,60,3,1.7894736842105263,0.0546875,0.48237638894272,3.3684210526315788
94,17,58,2,1.7142857142857142,0.0546875,0.21295885499997994,3.0476190476190474
95,18,59,2,1.75,0.05208333333333333,0.39999999999999997,3.2
96,18,58,1,1.75,0.05208333333333333,0.39999999999999997,3.2
97,17,56,1,1.7142857142857142,0.06510416666666666,0.21295885499997994,3.0476190476190474
98,18,61,0,1.75,0.020833333333333332,0.39999999999999997,3.2
99,19,62,2,1.7894736842105263,0.03125,0.4823763889427201,3.3684210526315788
100,18,61,2,1.75,0.03645833333333333,0.39999999999999997,3.2
101,18,62,0,1.75,0.013020833333333332,0.39999999999999997,3.2
102,18,58,1,1.75,0.046875,0.39999999999999997,3.2
103,17,62,0,1.6666666666666667,0.010416666666666666,0.21295885499997994,3.0476190476190474
104,18,62,0,1.75,0.013020833333333332,0.39999999999999997,3.2
105,19,61,1,1.736842105263158,0.028645833333333332,0.4823763889427201,3.3684210526315788
106,18,58,2,1.75,0.057291666666666664,0.39999999999999997,3.2
107,18,59,3,1.75,0.05729166666666667,0.39999999999999997,3.2
108,18,60,0,1.7,0.026041666666666664,0.39999999999999997,3.2
109,19,58,0,1.7894736842105263,0.03645833333333333,0.48237638894272,3.3684210526315788
110,18,62,0,1.75,0.013020833333333332,0.39999999999999997,3.2
111,17,60,1,1.7142857142857142,0.03645833333333333,0.21295885499997994,3.0476190476190474
112,19,58,2,1.7894736842105263,0.05468749999999999,0.4823763889427201,3.3684210526315788
113,17,57,3,1.7142857142857142,0.0703125,0.21295885499997994,3.0476190476190474
114,18,61,1,1.75,0.03125,0.39999999999999997,3.2
115,18,62,1,1.75,0.0234375,0.39999999999999997,3.2
116,19,59,1,1.7894736842105263,0.0390625,0.4823763889427201,3.3684210526315788
117,18,59,1,1.75,0.04427083333333333,0.39999999999999997,3.2
118,18,62,1,1.75,0.0234375,0.39999999999999997,3.2
119,17,57,3,1.7142857142857142,0.0703125,0.21295885499997994,3.0476190476190474
120,18,59,0,1.75,0.03645833333333333,0.39999999999999997,3.2
121,17,63,0,1.6666666666666667,0.005208333333333333,0.21295885499997994,3.0476190476190474
122,17,61,2,1.7142857142857142,0.0390625,0.21295885499997994,3.0476190476190474
123,17,59,2,1.7142857142857142,0.04687499999999999,0.21295885499997994,3.0476190476190474
124,18,55,2,1.75,0.07291666666666666,0.39999999999999997,3.2
125,17,59,1,1.7142857142857142,0.041666666666666664,0.21295885499997994,3.0476190476190474
126,18,59,1,1.75,0.041666666666666664,0.39999999999999997,3.2
127,17,63,1,1.6666666666666667,0.015625,0.21295885499997994,3.0476190476190474
128,17,59,2,1.7142857142857142,0.05208333333333333,0.21295885499997994,3.0476190476190474
129,19,54,0,1.7894736842105263,0.06770833333333333,0.48237638894272,3.3684210526315788
130,18,58,3,1.75,0.06510416666666666,0.39999999999999997,3.2
131,18,61,0,1.75,0.020833333333333332,0.39999999999999997,3.2
132,19,59,4,1.736842105263158,0.06770833333333334,0.48237638894272,3.3684210526315788
133,18,58,2,1.75,0.0625,0.39999999999999997,3.2
134,18,58,2,1.7,0.057291666666666664,0.39999999999999997,3.2
135,17,61,2,1.7142857142857142,0.0390625,0.21295885499997994,3.0476190476190474
136,17,57,3,1.6666666666666667,0.078125,0.21295885499997994,3.0476190476190474
137,19,58,2,1.7894736842105263,0.057291666666666664,0.4823763889427201,3.3684210526315788
138,17,62,1,1.7142857142857142,0.020833333333333332,0.21295885499997994,3.0476190476190474
139,18,57,1,1.65,0.05555555555555555,0.47696960070847283,3.15
140,19,57,2,1.7894736842105263,0.0703125,0.4823763889427201,3.3684210526315788
141,19,55,3,1.7894736842105263,0.09114583333333333,0.4823763889427201,3.3684210526315788
142,18,60,3,1.75,0.0546875,0.39999999999999997,3.2
143,18,60,1,1.75,0.0390625,0.39999999999999997,3.2
144,18,61,1,1.75,0.026041666666666664,0.39999999999999997,3.2
145,18,54,4,1.75,0.09635416666666666,0.39999999999999997,3.2
146,17,59,1,1.7142857142857142,0.04427083333333333,0.21295885499997994,3.0476190476190474
147,18,62,1,1.75,0.0234375,0.39999999999999997,3.2
148,19,59,1,1.7894736842105263,0.041666666666666664,0.48237638894272,3.3684210526315788
149,18,58,1,1.75,0.04427083333333333,0.39999999999999997,3.2
150,17,59,2,1.7142857142857142,0.04947916666666666,0.21295885499997994,3.0476190476190474
151,18,61,2,1.75,0.0390625,0.39999999999999997,3.2
152,18,55,3,1.75,0.08854166666666666,0.39999999999999997,3.2
153,18,59,2,1.75,0.05208333333333333,0.39999999999999997,3.2
154,19,60,1,1.7894736842105263,0.033854166666666664,0.48237638894272,3.3684210526315788
155,19,58,1,1.7894736842105263,0.04947916666666666,0.4823763889427201,3.3684210526315788
156,17,61,1,1.7142857142857142,0.03125,0.21295885499997994,3.0476190476190474
157,18,57,2,1.75,0.05989583333333333,0.39999999999999997,3.2
158,18,61,2,1.7,0.0390625,0.39999999999999997,3.2
159,18,60,1,1.75,0.0390625,0.39999999999999997,3.2
160,19,62,0,1.7894736842105263,0.015625,0.4823763889427201,3.3684210526315788
161,18,58,4,1.75,0.078125,0.39999999999999997,3.2
162,19,58,0,1.7894736842105263,0.0390625,0.4823763889427201,3.3684210526315788
163,18,57,5,1.75,0.09375,0.39999999999999997,3.2
164,18,59,3,1.75,0.05989583333333333,0.39999999999999997,3.2
165,17,59,1,1.7142857142857142,0.0390625,0.21295885499997994,3.0476190476190474
166,18,60,1,1.75,0.031249999999999997,0.39999999999999997,3.2
167,17,58,2,1.7142857142857142,0.05468749999999999,0.21295885499997994,3.0476190476190474
168,17,58,1,1.7142857142857142,0.04427083333333333,0.21295885499997994,3.0476190476190474
169,18,60,2,1.75,0.04427083333333333,0.39999999999999997,3.2
170,17,59,1,1.619047619047619,0.041666666666666664,0.21295885499997994,3.0476190476190474
171,18,59,1,1.75,0.04427083333333333,0.39999999999999997,3.2
172,18,57,1,1.75,0.05989583333333333,0.39999999999999997,3.2
173,17,62,1,1.7142857142857142,0.020833333333333332,0.21295885499997994,3.0476190476190474
174,17,63,0,1.7142857142857142,0.0078125,0.21295885499997994,3.0476190476190474
175,18,57,4,1.75,0.078125,0.39999999999999997,3.2
176,17,60,2,1.7142857142857142,0.046875,0.21295885499997994,3.0476190476190474
177,18,54,3,1.7,0.09114583333333333,0.39999999999999997,3.2
178,19,58,2,1.7894736842105263,0.057291666666666664,0.4823763889427201,3.3684210526315788
179,18,62,1,1.7,0.020833333333333332,0.39999999999999997,3.2
180,18,61,1,1.75,0.028645833333333332,0.39999999999999997,3.2
181,17,61,1,1.7142857142857142,0.028645833333333332,0.21295885499997994,3.0476190476190474
182,19,55,3,1.736842105263158,0.07936507936507936,0.5668594533825794,3.3157894736842106
183,18,59,2,1.75,0.0546875,0.39999999999999997,3.2
184,18,63,1,1.7,0.015625,0.39999999999999997,3.2
185,17,61,2,1.7142857142857142,0.03645833333333333,0.21295885499997994,3.0476190476190474
186,17,56,2,1.7142857142857142,0.07291666666666666,0.21295885499997994,3.0476190476190474
187,19,56,4,1.7894736842105263,0.09114583333333333,0.4823763889427201,3.3684210526315788
188,18,60,1,1.75,0.033854166666666664,0.39999999999999997,3.2
189,17,58,4,1.7142857142857142,0.078125,0.21295885499997994,3.0476190476190474
190,17,56,1,1.7142857142857142,0.05989583333333333,0.21295885499997994,3.0476190476190474
191,17,58,4,1.7142857142857142,0.07552083333333333,0.21295885499997994,3.0476190476190474
192,17,52,4,1.7142857142857142,0.109375,0.21295885499997994,3.0476190476190474
193,18,58,3,1.75,0.0703125,0.39999999999999997,3.2
194,17,59,2,1.7142857142857142,0.049479166666666664,0.21295885499997994,3.0476190476190474
195,17,57,2,1.7142857142857142,0.06510416666666666,0.21295885499997994,3.0476190476190474
196,17,59,1,1.7142857142857142,0.04427083333333333,0.21295885499997994,3.0476190476190474
197,19,58,4,1.7894736842105263,0.078125,0.4823763889427201,3.3684210526315788
198,18,59,1,1.75,0.0390625,0.39999999999999997,3.2
199,18,61,1,1.75,0.028645833333333332,0.39999999999999997,3.2
200,17,59,1,1.7142857142857142,0.04427083333333333,0.21295885499997994,3.0476190476190474
201,18,57,3,1.75,0.07552083333333333,0.39999999999999997,3.2
202,20,61,2,1.8333333333333333,0.0390625,0.49690399499995325,3.5555555555555554
203,19,59,0,1.7894736842105263,0.03645833333333333,0.4823763889427201,3.3684210526315788
204,18,59,1,1.75,0.04427083333333333,0.39999999999999997,3.2
205,18,60,2,1.75,0.04427083333333333,0.39999999999999997,3.2
206,18,60,0,1.7,0.026041666666666664,0.39999999999999997,3.2
207,18,64,0,1.75,0.0,0.39999999999999997,3.2
208,18,59,2,1.7,0.0546875,0.39999999999999997,3.2
209,19,61,2,1.7894736842105263,0.0390625,0.48237638894272,3.3684210526315788
210,18,57,3,1.75,0.07552083333333333,0.39999999999999997,3.2
211,18,64,0,1.75,0.0,0.39999999999999997,3.2
212,18,62,0,1.75,0.013020833333333332,0.39999999999999997,3.2
213,18,56,4,1.75,0.08854166666666666,0.39999999999999997,3.2
214,17,58,4,1.7142857142857142,0.07291666666666666,0.21295885499997994,3.0476190476190474
215,19,61,0,1.7894736842105263,0.015625,0.48237638894272,3.3684210526315788
216,18,57,1,1.7,0.057291666666666664,0.39999999999999997,3.2
217,17,54,3,1.6666666666666667,0.09114583333333333,0.21295885499997994,3.0476190476190474
218,19,61,0,1.736842105263158,0.015873015873015872,0.5668594533825794,3.3157894736842106
219,19,60,1,1.7894736842105263,0.0390625,0.4823763889427201,3.3684210526315788
220,17,59,4,1.7142857142857142,0.0703125,0.21295885499997994,3.0476190476190474
221,18,61,0,1.75,0.0234375,0.39999999999999997,3.2
222,18,60,1,1.75,0.03645833333333333,0.39999999999999997,3.2
223,19,59,1,1.7894736842105263,0.041666666666666664,0.4823763889427201,3.3684210526315788
224,18,57,1,1.75,0.057291666666666664,0.39999999999999997,3.2
225,17,60,1,1.7142857142857142,0.036458333333333336,0.21295885499997994,3.0476190476190474
226,18,62,1,1.7,0.0234375,0.39999999999999997,3.2
227,18,58,3,1.75,0.0625,0.39999999999999997,3.2
228,17,61,2,1.7142857142857142,0.0390625,0.21295885499997994,3.0476190476190474
229,18,61,0,1.75,0.0234375,0.39999999999999997,3.2
230,18,57,3,1.75,0.07552083333333333,0.39999999999999997,3.2
231,19,59,2,1.7894736842105263,0.052083333333333336,0.4823763889427201,3.3684210526315788
232,18,59,2,1.75,0.0546875,0.39999999999999997,3.2
233,17,63,1,1.7142857142857142,0.015625,0.21295885499997994,3.0476190476190474
234,17,58,2,1.7142857142857142,0.0546875,0.21295885499997994,3.0476190476190474
235,19,60,3,1.736842105263158,0.0546875,0.4823763889427201,3.3684210526315788
236,18,59,0,1.7,0.026455026455026454,0.47696960070847283,3.15
237,18,59,1,1.75,0.041666666666666664,0.39999999999999997,3.2
238,18,57,3,1.75,0.0703125,0.39999999999999997,3.2
239,17,60,2,1.7142857142857142,0.046875,0.21295885499997994,3.0476190476190474
240,18,59,3,1.75,0.057291666666666664,0.39999999999999997,3.2
241,19,61,1,1.7894736842105263,0.03125,0.4823763889427201,3.3684210526315788
242,18,58,2,1.75,0.0546875,0.39999999999999997,3.2
243,19,57,2,1.7894736842105263,0.0625,0.4823763889427201,3.3684210526315788
244,19,57,2,1.7894736842105263,0.0625,0.4823763889427201,3.3684210526315788
245,18,59,2,1.75,0.05208333333333333,0.39999999999999997,3.2
246,17,62,1,1.7142857142857142,0.020833333333333332,0.21295885499997994,3.0476190476190474
247,17,60,2,1.7142857142857142,0.04427083333333333,0.21295885499997994,3.0476190476190474
248,19,60,1,1.7894736842105263,0.03645833333333333,0.4823763889427201,3.3684210526315788
249,18,63,0,1.75,0.0078125,0.39999999999999997,3.2
250,17,61,1,1.7142857142857142,0.026041666666666664,0.21295885499997994,3.0476190476190474
251,18,61,0,1.75,0.0234375,0.39999999999999997,3.2
252,18,59,2,1.75,0.05208333333333333,0.39999999999999997,3.2
253,18,59,3,1.75,0.057291666666666664,0.39999999999999997,3.2
254,17,59,2,1.7142857142857142,0.049479166666666664,0.21295885499997994,3.0476190476190474
255,17,63,0,1.7142857142857142,0.0078125,0.21295885499997994,3.0476190476190474
256,17,58,1,1.7142857142857142,0.049479166666666664,0.21295885499997994,3.0476190476190474
257,18,59,1,1.75,0.04427083333333333,0.39999999999999997,3.2
258,18,60,4,1.75,0.0625,0.39999999999999997,3.2
259,18,57,1,1.75,0.0546875,0.39999999999999997,3.2
260,18,59,3,1.75,0.05989583333333333,0.39999999999999997,3.2
261,19,56,0,1.7894736842105263,0.046875,0.4823763889427201,3.3684210526315788
262,18,62,1,1.75,0.020833333333333332,0.39999999999999997,3.2
263,18,57,3,1.75,0.07291666666666666,0.39999999999999997,3.2
264,18,60,2,1.75,0.046875,0.39999999999999997,3.2
265,17,62,0,1.6666666666666667,0.013020833333333332,0.21295885499997994,3.0476190476190474
266,18,63,0,1.75,0.005208333333333333,0.39999999999999997,3.2
267,18,59,4,1.65,0.06770833333333333,0.39999999999999997,3.2
268,19,62,2,1.7894736842105263,0.03125,0.4823763889427201,3.3684210526315788
269,18,58,2,1.75,0.0546875,0.39999999999999997,3.2
270,19,62,1,1.7894736842105263,0.0234375,0.4823763889427201,3.3684210526315788
271,17,54,6,1.7142857142857142,0.12239583333333334,0.21295885499997994,3.0476190476190474
272,19,60,1,1.7894736842105263,0.0390625,0.4823763889427201,3.3684210526315788
273,17,60,0,1.7142857142857142,0.028645833333333332,0.21295885499997994,3.0476190476190474
274,18,57,3,1.75,0.07552083333333333,0.39999999999999997,3.2
275,17,61,1,1.7142857142857142,0.028645833333333332,0.21295885499997994,3.0476190476190474
276,17,57,2,1.7142857142857142,0.0625,0.21295885499997994,3.0476190476190474
277,18,55,2,1.75,0.08072916666666666,0.39999999999999997,3.2
278,19,54,4,1.7894736842105263,0.10677083333333333,0.48237638894272,3.3684210526315788
279,17,57,1,1.7142857142857142,0.05208333333333333,0.21295885499997994,3.0476190476190474
280,17,59,1,1.7142857142857142,0.036458333333333336,0.21295885499997994,3.0476190476190474
281,18,58,3,1.75,0.06510416666666666,0.39999999999999997,3.2
282,18,63,0,1.75,0.005208333333333333,0.39999999999999997,3.2
283,17,60,2,1.7142857142857142,0.04427083333333333,0.21295885499997994,3.0476190476190474
284,18,58,3,1.75,0.06770833333333333,0.39999999999999997,3.2
285,18,57,4,1.75,0.08333333333333333,0.39999999999999997,3.2
286,19,56,2,1.7894736842105263,0.078125,0.4823763889427201,3.3684210526315788
287,17,61,1,1.7142857142857142,0.026041666666666664,0.21295885499997994,3.0476190476190474
288,17,58,0,1.7142857142857142,0.03645833333333333,0.21295885499997994,3.0476190476190474
289,18,61,2,1.75,0.0390625,0.39999999999999997,3.2
290,17,59,2,1.7142857142857142,0.04947916666666666,0.21295885499997994,3.0476190476190474
291,17,58,0,1.7142857142857142,0.041666666666666664,0.21295885499997994,3.0476190476190474
292,18,57,2,1.75,0.06770833333333333,0.39999999999999997,3.2
293,19,62,0,1.7894736842105263,0.013020833333333332,0.4823763889427201,3.3684210526315788
294,18,60,1,1.7,0.03645833333333333,0.39999999999999997,3.2
295,18,57,0,1.75,0.04427083333333333,0.39999999999999997,3.2
296,18,56,1,1.75,0.06510416666666666,0.39999999999999997,3.2
297,18,60,0,1.75,0.026041666666666664,0.39999999999999997,3.2
298,19,61,0,1.7894736842105263,0.018229166666666664,0.4823763889427201,3.3684210526315788
299,18,58,2,1.75,0.05729166666666666,0.39999999999999997,3.2
300,18,58,2,1.75,0.057291666666666664,0.39999999999999997,3.2
301,18,56,2,1.75,0.06770833333333333,0.39999999999999997,3.2
302,18,60,3,1.7,0.05208333333333333,0.39999999999999997,3.2
303,18,55,7,1.75,0.12239583333333333,0.39999999999999997,3.2
304,18,55,5,1.75,0.10416666666666666,0.39999999999999997,3.2
305,18,58,2,1.75,0.057291666666666664,0.39999999999999997,3.2
306,18,57,1,1.75,0.05208333333333333,0.39999999999999997,3.2
307,19,60,2,1.7894736842105263,0.041666666666666664,0.4823763889427201,3.3684210526315788
308,18,61,1,1.75,0.028645833333333332,0.39999999999999997,3.2
309,17,61,1,1.7142857142857142,0.028645833333333332,0.21295885499997994,3.0476190476190474
310,18,59,2,1.75,0.049479166666666664,0.39999999999999997,3.2
311,18,60,1,1.75,0.033854166666666664,0.39999999999999997,3.2
312,17,61,0,1.7142857142857142,0.015625,0.21295885499997994,3.0476190476190474
313,18,60,0,1.75,0.028645833333333332,0.39999999999999997,3.2
314,18,61,1,1.7,0.03125,0.39999999999999997,3.2
315,19,59,3,1.7894736842105263,0.059895833333333336,0.48237638894272,3.3684210526315788
316,17,50,6,1.7142857142857142,0.140625,0.21295885499997994,3.0476190476190474
317,18,59,0,1.75,0.03125,0.39999999999999997,3.2
318,18,56,2,1.7,0.06613756613756613,0.47696960070847283,3.15
319,18,57,3,1.7,0.06349206349206349,0.47696960070847283,3.15
320,17,59,1,1.7142857142857142,0.0390625,0.21295885499997994,3.0476190476190474
321,18,57,3,1.75,0.06770833333333333,0.39999999999999997,3.2
322,17,59,2,1.7142857142857142,0.05208333333333333,0.21295885499997994,3.0476190476190474
323,18,59,2,1.75,0.052083333333333336,0.39999999999999997,3.2
324,18,53,4,1.75,0.1015625,0.39999999999999997,3.2
325,17,56,2,1.7142857142857142,0.07291666666666666,0.21295885499997994,3.0476190476190474
326,18,60,2,1.75,0.044270833333333336,0.39999999999999997,3.2
327,18,57,2,1.75,0.0625,0.39999999999999997,3.2
328,19,58,2,1.7894736842105263,0.057291666666666664,0.4823763889427201,3.3684210526315788
329,19,57,3,1.736842105263158,0.07291666666666666,0.4823763889427201,3.3684210526315788
330,18,59,0,1.75,0.03645833333333333,0.39999999999999997,3.2
331,18,58,3,1.75,0.0625,0.39999999999999997,3.2
332,18,60,1,1.75,0.03645833333333333,0.39999999999999997,3.2
333,17,57,3,1.7142857142857142,0.07291666666666666,0.21295885499997994,3.0476190476190474
334,18,57,2,1.75,0.0703125,0.39999999999999997,3.2
335,18,61,3,1.75,0.046875,0.39999999999999997,3.2
336,17,59,1,1.7142857142857142,0.041666666666666664,0.21295885499997994,3.0476190476190474
337,19,56,3,1.7894736842105263,0.07552083333333333,0.4823763889427201,3.3684210526315788
338,18,56,3,1.75,0.08072916666666666,0.39999999999999997,3.2
339,18,59,1,1.75,0.041666666666666664,0.39999999999999997,3.2
340,18,59,4,1.75,0.06770833333333334,0.39999999999999997,3.2
341,17,60,2,1.7142857142857142,0.041666666666666664,0.21295885499997994,3.0476190476190474
342,19,59,2,1.7894736842105263,0.05208333333333333,0.4823763889427201,3.3684210526315788
343,17,62,1,1.7142857142857142,0.0234375,0.21295885499997994,3.0476190476190474
344,18,61,0,1.75,0.015625,0.39999999999999997,3.2
345,18,59,2,1.75,0.0546875,0.39999999999999997,3.2
346,18,61,0,1.75,0.020833333333333332,0.39999999999999997,3.2
347,18,53,1,1.75,0.08072916666666666,0.39999999999999997,3.2
348,19,59,1,1.7894736842105263,0.041666666666666664,0.4823763889427201,3.3684210526315788
349,18,61,1,1.75,0.028645833333333332,0.39999999999999997,3.2
350,17,57,0,1.7142857142857142,0.041666666666666664,0.21295885499997994,3.0476190476190474
351,18,59,3,1.75,0.0625,0.39999999999999997,3.2
352,19,55,5,1.736842105263158,0.10416666666666666,0.4823763889427201,3.3684210526315788
353,19,59,1,1.7894736842105263,0.041666666666666664,0.48237638894272,3.3684210526315788
354,18,57,1,1.75,0.049479166666666664,0.39999999999999997,3.2
355,17,60,1,1.7142857142857142,0.03645833333333333,0.21295885499997994,3.0476190476190474
356,19,60,1,1.7894736842105263,0.03645833333333333,0.4823763889427201,3.3684210526315788
357,18,57,2,1.75,0.06770833333333333,0.39999999999999997,3.2
358,19,57,5,1.7894736842105263,0.09114583333333333,0.4823763889427201,3.3684210526315788
359,18,58,1,1.75,0.044270833333333336,0.39999999999999997,3.2
360,17,59,0,1.7142857142857142,0.031249999999999997,0.21295885499997994,3.0476190476190474
361,18,58,2,1.75,0.0546875,0.39999999999999997,3.2
362,19,58,1,1.7894736842105263,0.046875,0.4823763889427201,3.3684210526315788
363,18,57,3,1.75,0.0703125,0.39999999999999997,3.2
364,18,61,0,1.75,0.020833333333333332,0.39999999999999997,3.2
365,17,56,4,1.7142857142857142,0.08854166666666666,0.21295885499997994,3.0476190476190474
366,17,58,2,1.7142857142857142,0.0546875,0.21295885499997994,3.0476190476190474
367,17,58,3,1.6666666666666667,0.06349206349206349,0.3086066999241838,3.0
368,18,63,1,1.75,0.015625,0.39999999999999997,3.2
369,18,60,1,1.75,0.033854166666666664,0.39999999999999997,3.2
370,17,57,3,1.7142857142857142,0.0703125,0.21295885499997994,3.0476190476190474
371,18,59,2,1.75,0.0546875,0.39999999999999997,3.2
372,19,59,1,1.7894736842105263,0.04427083333333333,0.4823763889427201,3.3684210526315788
373,18,61,2,1.75,0.03645833333333333,0.39999999999999997,3.2
374,18,60,2,1.75,0.041666666666666664,0.39999999999999997,3.2
375,18,58,1,1.75,0.049479166666666664,0.39999999999999997,3.2
376,19,61,2,1.7894736842105263,0.0390625,0.4823763889427201,3.3684210526315788
377,17,63,0,1.7142857142857142,0.0078125,0.21295885499997994,3.0476190476190474
378,18,60,3,1.75,0.05208333333333333,0.39999999999999997,3.2
379,17,62,0,1.7142857142857142,0.013020833333333332,0.21295885499997994,3.0476190476190474
380,18,62,1,1.75,0.0234375,0.39999999999999997,3.2
381,18,61,1,1.75,0.028645833333333332,0.39999999999999997,3.2
382,18,60,0,1.75,0.026041666666666664,0.39999999999999997,3.2
383,17,58,2,1.7142857142857142,0.05989583333333333,0.21295885499997994,3.0476190476190474
384,18,58,4,1.7,0.07291666666666666,0.39999999999999997,3.2
385,18,59,0,1.75,0.033854166666666664,0.39999999999999997,3.2
386,18,59,1,1.75,0.04427083333333333,0.39999999999999997,3.2
387,17,57,4,1.7142857142857142,0.08072916666666666,0.21295885499997994,3.0476190476190474
388,17,57,1,1.7142857142857142,0.05208333333333333,0.21295885499997994,3.0476190476190474
389,18,62,1,1.7,0.0234375,0.39999999999999997,3.2
390,18,60,2,1.75,0.046875,0.39999999999999997,3.2
391,18,54,5,1.75,0.11197916666666666,0.39999999999999997,3.2
392,17,60,1,1.7142857142857142,0.033854166666666664,0.21295885499997994,3.0476190476190474
393,18,59,2,1.75,0.05208333333333333,0.39999999999999997,3.2
394,17,57,3,1.7142857142857142,0.07552083333333333,0.21295885499997994,3.0476190476190474
395,19,60,2,1.7894736842105263,0.04427083333333333,0.4823763889427201,3.3684210526315788
396,17,61,1,1.7142857142857142,0.026041666666666664,0.21295885499997994,3.0476190476190474
397,17,60,2,1.7142857142857142,0.04427083333333333,0.21295885499997994,3.0476190476190474
398,18,59,2,1.75,0.052083333333333336,0.39999999999999997,3.2
399,19,62,1,1.7894736842105263,0.020833333333333332,0.4823763889427201,3.3684210526315788
400,18,59,2,1.75,0.049479166666666664,0.39999999999999997,3.2
401,17,61,1,1.7142857142857142,0.028645833333333332,0.21295885499997994,3.0476190476190474
402,17,59,3,1.7142857142857142,0.05989583333333333,0.21295885499997994,3.0476190476190474
403,17,60,1,1.7142857142857142,0.03645833333333333,0.21295885499997994,3.0476190476190474
404,17,54,3,1.7142857142857142,0.09895833333333333,0.21295885499997994,3.0476190476190474
405,18,61,2,1.75,0.0390625,0.39999999999999997,3.2
406,18,60,0,1.75,0.026041666666666664,0.39999999999999997,3.2
407,18,59,4,1.75,0.0703125,0.39999999999999997,3.2
408,17,57,3,1.7142857142857142,0.0703125,0.21295885499997994,3.0476190476190474
409,17,61,2,1.7142857142857142,0.0390625,0.21295885499997994,3.0476190476190474
410,19,59,1,1.7894736842105263,0.041666666666666664,0.48237638894272,3.3684210526315788
411,18,61,0,1.75,0.020833333333333332,0.39999999999999997,3.2
412,18,61,1,1.75,0.026041666666666664,0.39999999999999997,3.2
413,19,58,3,1.7894736842105263,0.06510416666666666,0.4823763889427201,3.3684210526315788
414,18,59,4,1.75,0.06770833333333334,0.39999999999999997,3.2
415,17,60,2,1.7142857142857142,0.04427083333333333,0.21295885499997994,3.0476190476190474
416,17,63,1,1.6666666666666667,0.015625,0.21295885499997994,3.0476190476190474
417,17,59,3,1.7142857142857142,0.0625,0.21295885499997994,3.0476190476190474
418,17,57,0,1.7142857142857142,0.046875,0.21295885499997994,3.0476190476190474
419,18,57,3,1.75,0.07552083333333333,0.39999999999999997,3.2
420,17,60,1,1.6666666666666667,0.031249999999999997,0.21295885499997994,3.0476190476190474
421,18,61,0,1.75,0.0234375,0.39999999999999997,3.2
422,19,59,1,1.7894736842105263,0.04427083333333333,0.4823763889427201,3.3684210526315788
423,17,59,1,1.7142857142857142,0.041666666666666664,0.21295885499997994,3.0476190476190474
424,18,60,0,1.75,0.028645833333333332,0.39999999999999997,3.2
425,19,62,2,1.7894736842105263,0.03125,0.4823763889427201,3.3684210526315788
426,17,60,1,1.7142857142857142,0.033854166666666664,0.21295885499997994,3.0476190476190474
427,19,60,2,1.7894736842105263,0.04427083333333333,0.4823763889427201,3.3684210526315788
428,18,56,4,1.75,0.0859375,0.39999999999999997,3.2
429,17,58,0,1.7142857142857142,0.04427083333333333,0.21295885499997994,3.0476190476190474
430,18,51,2,1.75,0.09895833333333333,0.39999999999999997,3.2
431,19,56,4,1.7894736842105263,0.0859375,0.4823763889427201,3.3684210526315788
432,18,64,0,1.75,0.0,0.39999999999999997,3.2
433,18,57,3,1.75,0.078125,0.39999999999999997,3.2
434,17,55,7,1.7142857142857142,0.12239583333333334,0.21295885499997994,3.0476190476190474
435,18,57,2,1.75,0.06510416666666666,0.39999999999999997,3.2
436,17,61,1,1.6666666666666667,0.026041666666666664,0.21295885499997994,3.0476190476190474
437,18,55,4,1.75,0.09635416666666666,0.39999999999999997,3.2
438,17,60,1,1.7142857142857142,0.033854166666666664,0.21295885499997994,3.0476190476190474
439,19,58,3,1.7894736842105263,0.06770833333333333,0.48237638894272,3.3684210526315788
440,18,58,0,1.75,0.04427083333333333,0.39999999999999997,3.2
441,18,56,3,1.75,0.078125,0.39999999999999997,3.2
442,17,56,1,1.7142857142857142,0.05989583333333333,0.21295885499997994,3.0476190476190474
443,18,62,0,1.75,0.013020833333333332,0.39999999999999997,3.2
444,18,60,1,1.75,0.0390625,0.39999999999999997,3.2
445,18,62,2,1.75,0.03125,0.39999999999999997,3.2
446,17,60,0,1.7142857142857142,0.028645833333333332,0.21295885499997994,3.0476190476190474
447,18,58,3,1.75,0.06510416666666666,0.39999999999999997,3.2
448,17,55,5,1.7142857142857142,0.10416666666666666,0.21295885499997994,3.0476190476190474
449,18,57,1,1.75,0.057291666666666664,0.39999999999999997,3.2
450,18,60,2,1.75,0.041666666666666664,0.39999999999999997,3.2
451,18,57,3,1.75,0.07552083333333333,0.39999999999999997,3.2
452,17,58,0,1.7142857142857142,0.03645833333333333,0.21295885499997994,3.0476190476190474
453,17,62,1,1.7142857142857142,0.020833333333333332,0.21295885499997994,3.0476190476190474
454,17,59,2,1.7142857142857142,0.05208333333333333,0.21295885499997994,3.0476190476190474
455,18,61,1,1.75,0.026041666666666664,0.39999999999999997,3.2
456,19,60,3,1.7894736842105263,0.0546875,0.4823763889427201,3.3684210526315788
457,17,63,1,1.6666666666666667,0.015625,0.21295885499997994,3.0476190476190474
458,18,56,2,1.75,0.06770833333333333,0.39999999999999997,3.2
459,17,55,3,1.6666666666666667,0.08854166666666666,0.21295885499997994,3.0476190476190474
460,18,60,1,1.75,0.0390625,0.39999999999999997,3.2
461,18,61,0,1.75,0.018229166666666664,0.39999999999999997,3.2
462,18,59,1,1.75,0.0390625,0.39999999999999997,3.2
463,19,60,2,1.7894736842105263,0.046875,0.4823763889427201,3.3684210526315788
464,19,61,1,1.7894736842105263,0.028645833333333332,0.4823763889427201,3.3684210526315788
465,17,57,3,1.7142857142857142,0.07552083333333333,0.21295885499997994,3.0476190476190474
466,17,59,2,1.619047619047619,0.046875,0.21295885499997994,3.0476190476190474
467,18,59,2,1.75,0.04687499999999999,0.39999999999999997,3.2
468,19,59,3,1.7894736842105263,0.0625,0.4823763889427201,3.3684210526315788
469,19,62,1,1.7894736842105263,0.0234375,0.48237638894272,3.3684210526315788
470,18,58,1,1.75,0.04947916666666666,0.39999999999999997,3.2
471,19,59,0,1.7894736842105263,0.031249999999999997,0.4823763889427201,3.3684210526315788
472,17,59,1,1.7142857142857142,0.041666666666666664,0.21295885499997994,3.0476190476190474
473,17,61,0,1.7142857142857142,0.015625,0.21295885499997994,3.0476190476190474
474,18,62,1,1.75,0.020833333333333332,0.39999999999999997,3.2
475,18,61,0,1.75,0.018229166666666664,0.39999999999999997,3.2
476,17,60,1,1.7142857142857142,0.03125,0.21295885499997996,3.0476190476190474
477,18,58,1,1.75,0.04427083333333333,0.39999999999999997,3.2
478,19,62,1,1.7894736842105263,0.020833333333333332,0.48237638894272,3.3684210526315788
479,17,58,4,1.7142857142857142,0.07552083333333333,0.21295885499997994,3.0476190476190474
480,18,61,1,1.75,0.028645833333333332,0.39999999999999997,3.2
481,19,62,0,1.7894736842105263,0.010416666666666666,0.4823763889427201,3.3684210526315788
482,17,56,0,1.7142857142857142,0.046875,0.21295885499997994,3.0476190476190474
483,18,60,2,1.75,0.04427083333333333,0.39999999999999997,3.2
484,18,59,1,1.7,0.031746031746031744,0.47696960070847283,3.15
485,18,60,0,1.7,0.023809523809523808,0.47696960070847283,3.15
486,17,60,2,1.7142857142857142,0.04427083333333333,0.21295885499997994,3.0476190476190474
487,19,57,2,1.7894736842105263,0.0703125,0.4823763889427201,3.3684210526315788
488,18,59,0,1.75,0.033854166666666664,0.39999999999999997,3.2
489,18,58,1,1.7,0.049479166666666664,0.39999999999999997,3.2
490,18,58,0,1.75,0.0390625,0.39999999999999997,3.2
491,17,56,2,1.7142857142857142,0.06770833333333333,0.21295885499997994,3.0476190476190474
492,18,57,2,1.75,0.06510416666666667,0.39999999999999997,3.2
493,17,60,1,1.619047619047619,0.0291005291005291,0.3086066999241838,3.0
494,18,56,1,1.75,0.0625,0.39999999999999997,3.2
495,18,61,0,1.75,0.0234375,0.39999999999999997,3.2
496,19,58,3,1.7894736842105263,0.0625,0.4823763889427201,3.3684210526315788
497,18,60,2,1.75,0.04427083333333333,0.39999999999999997,3.2
498,18,58,2,1.75,0.057291666666666664,0.39999999999999997,3.2
499,17,59,3,1.7142857142857142,0.057291666666666664,0.21295885499997994,3.0476190476190474
500,18,61,0,1.75,0.018229166666666664,0.39999999999999997,3.2
501,19,60,2,1.736842105263158,0.046875,0.4823763889427201,3.3684210526315788
502,18,59,1,1.75,0.03645833333333333,0.39999999999999997,3.2
503,18,58,1,1.75,0.0546875,0.39999999999999997,3.2
504,18,60,0,1.75,0.023437499999999997,0.39999999999999997,3.2
505,18,62,0,1.75,0.013020833333333332,0.39999999999999997,3.2
506,17,58,3,1.7142857142857142,0.06770833333333333,0.21295885499997994,3.0476190476190474
507,17,62,0,1.7142857142857142,0.013020833333333332,0.21295885499997994,3.0476190476190474
508,18,58,2,1.75,0.0625,0.39999999999999997,3.2
509,18,59,3,1.75,0.0625,0.39999999999999997,3.2
510,17,59,2,1.7142857142857142,0.049479166666666664,0.21295885499997994,3.0476190476190474
511,18,62,2,1.75,0.03125,0.39999999999999997,3.2
512,19,56,3,1.7894736842105263,0.08072916666666666,0.4823763889427201,3.3684210526315788
513,17,60,1,1.7142857142857142,0.0390625,0.21295885499997994,3.0476190476190474
514,17,61,1,1.7142857142857142,0.03125,0.21295885499997994,3.0476190476190474
515,18,58,3,1.75,0.06770833333333333,0.39999999999999997,3.2
516,18,56,2,1.75,0.07291666666666666,0.39999999999999997,3.2
517,18,59,1,1.75,0.046875,0.39999999999999997,3.2
518,18,58,4,1.7,0.07291666666666666,0.39999999999999997,3.2
519,17,58,2,1.7142857142857142,0.059895833333333336,0.21295885499997994,3.0476190476190474
520,18,58,3,1.75,0.06770833333333333,0.39999999999999997,3.2
521,17,55,1,1.7142857142857142,0.07291666666666666,0.21295885499997994,3.0476190476190474
522,17,57,1,1.7142857142857142,0.057291666666666664,0.21295885499997994,3.0476190476190474
523,18,53,5,1.75,0.11458333333333333,0.39999999999999997,3.2
524,18,58,2,1.75,0.0546875,0.39999999999999997,3.2
525,19,58,5,1.7894736842105263,0.0859375,0.4823763889427201,3.3684210526315788
526,18,57,1,1.75,0.05989583333333333,0.39999999999999997,3.2
527,18,56,2,1.75,0.06510416666666666,0.39999999999999997,3.2
528,18,60,2,1.75,0.046875,0.39999999999999997,3.2
529,17,62,1,1.7142857142857142,0.0234375,0.21295885499997994,3.0476190476190474
530,17,58,4,1.7142857142857142,0.07291666666666666,0.21295885499997994,3.0476190476190474
531,18,61,3,1.75,0.046875,0.39999999999999997,3.2
532,19,55,5,1.7894736842105263,0.109375,0.4823763889427201,3.3684210526315788
533,18,60,1,1.75,0.03645833333333333,0.39999999999999997,3.2
534,17,58,1,1.7142857142857142,0.046875,0.21295885499997994,3.0476190476190474
535,18,57,4,1.7,0.08333333333333334,0.39999999999999997,3.2
536,19,59,2,1.7894736842105263,0.05208333333333333,0.4823763889427201,3.3684210526315788
537,18,63,0,1.75,0.0078125,0.39999999999999997,3.2
538,18,61,0,1.75,0.015625,0.39999999999999997,3.2
539,18,58,2,1.75,0.0625,0.39999999999999997,3.2
540,18,62,1,1.75,0.020833333333333332,0.39999999999999997,3.2
541,17,61,0,1.7142857142857142,0.020833333333333332,0.21295885499997994,3.0476190476190474
542,17,60,0,1.7142857142857142,0.026041666666666664,0.21295885499997994,3.0476190476190474
543,19,57,4,1.7894736842105263,0.08072916666666667,0.48237638894272,3.3684210526315788
544,17,62,0,1.6666666666666667,0.013020833333333332,0.21295885499997994,3.0476190476190474
545,18,57,3,1.75,0.07291666666666666,0.39999999999999997,3.2
546,18,57,4,1.75,0.08072916666666666,0.39999999999999997,3.2
547,19,60,1,1.7894736842105263,0.033854166666666664,0.4823763889427201,3.3684210526315788
548,18,55,1,1.75,0.07291666666666666,0.39999999999999997,3.2
549,18,58,1,1.65,0.049479166666666664,0.39999999999999997,3.2
550,18,60,1,1.75,0.033854166666666664,0.39999999999999997,3.2
551,18,61,2,1.75,0.0390625,0.39999999999999997,3.2
552,18,59,2,1.75,0.05208333333333333,0.39999999999999997,3.2
553,19,60,2,1.7894736842105263,0.04427083333333333,0.48237638894272,3.3684210526315788
554,17,55,3,1.7142857142857142,0.08854166666666666,0.21295885499997994,3.0476190476190474
555,17,59,1,1.7142857142857142,0.04427083333333333,0.21295885499997994,3.0476190476190474
556,18,59,3,1.75,0.0625,0.39999999999999997,3.2
557,19,55,5,1.7894736842105263,0.10677083333333333,0.4823763889427201,3.3684210526315788
558,18,56,2,1.75,0.07291666666666666,0.39999999999999997,3.2
559,17,58,2,1.7142857142857142,0.05989583333333333,0.21295885499997994,3.0476190476190474
560,19,60,0,1.7894736842105263,0.028645833333333332,0.4823763889427201,3.3684210526315788
561,18,62,2,1.75,0.03125,0.39999999999999997,3.2
562,18,57,2,1.75,0.06770833333333333,0.39999999999999997,3.2
563,18,60,0,1.7,0.026041666666666664,0.39999999999999997,3.2
564,18,60,1,1.75,0.03645833333333333,0.39999999999999997,3.2
565,18,58,1,1.75,0.04427083333333333,0.39999999999999997,3.2
566,19,59,2,1.7894736842105263,0.05208333333333333,0.48237638894272,3.3684210526315788
567,17,58,2,1.7142857142857142,0.057291666666666664,0.21295885499997994,3.0476190476190474
568,17,56,1,1.6666666666666667,0.0625,0.21295885499997994,3.0476190476190474
569,17,55,1,1.6666666666666667,0.0703125,0.21295885499997994,3.0476190476190474
570,18,59,1,1.75,0.041666666666666664,0.39999999999999997,3.2
571,17,56,2,1.619047619047619,0.06878306878306878,0.3086066999241838,3.0
572,17,60,1,1.7142857142857142,0.03645833333333333,0.21295885499997994,3.0476190476190474
573,19,61,1,1.7894736842105263,0.028645833333333332,0.4823763889427201,3.3684210526315788
574,17,57,1,1.6666666666666667,0.042328042328042326,0.3086066999241838,3.0
575,18,60,0,1.75,0.020833333333333332,0.39999999999999997,3.2
576,18,58,1,1.75,0.05208333333333333,0.39999999999999997,3.2
577,19,58,1,1.7894736842105263,0.05208333333333333,0.4823763889427201,3.3684210526315788
578,18,58,2,1.75,0.05989583333333333,0.39999999999999997,3.2
579,19,55,3,1.7894736842105263,0.0859375,0.4823763889427201,3.3684210526315788
580,18,61,0,1.75,0.020833333333333332,0.39999999999999997,3.2
581,19,60,1,1.7894736842105263,0.031249999999999997,0.4823763889427201,3.3684210526315788
582,20,62,0,1.8333333333333333,0.010416666666666666,0.49690399499995325,3.5555555555555554
583,18,56,5,1.75,0.09635416666666666,0.39999999999999997,3.2
584,18,62,1,1.7,0.0234375,0.39999999999999997,3.2
585,18,60,2,1.75,0.041666666666666664,0.39999999999999997,3.2
586,20,58,1,1.8333333333333333,0.049479166666666664,0.49690399499995325,3.5555555555555554
587,17,57,1,1.7142857142857142,0.052083333333333336,0.21295885499997994,3.0476190476190474
588,17,57,2,1.6666666666666667,0.0582010582010582,0.3086066999241838,3.0
589,18,59,0,1.75,0.03645833333333333,0.39999999999999997,3.2
590,18,57,4,1.75,0.08072916666666666,0.39999999999999997,3.2
591,18,57,2,1.75,0.06510416666666666,0.39999999999999997,3.2
592,19,59,0,1.7894736842105263,0.028645833333333332,0.4823763889427201,3.3684210526315788
593,19,55,5,1.7894736842105263,0.1015625,0.4823763889427201,3.3684210526315788
594,18,59,3,1.75,0.05989583333333333,0.39999999999999997,3.2
595,17,59,1,1.7142857142857142,0.0390625,0.21295885499997994,3.0476190476190474
596,18,58,1,1.75,0.046875,0.39999999999999997,3.2
597,18,59,0,1.75,0.0390625,0.39999999999999997,3.2
598,18,58,2,1.75,0.0546875,0.39999999999999997,3.2
599,17,56,0,1.7142857142857142,0.046875,0.21295885499997994,3.0476190476190474
600,18,57,3,1.75,0.07552083333333333,0.39999999999999997,3.2
601,18,56,2,1.75,0.0703125,0.39999999999999997,3.2
602,18,56,2,1.75,0.06770833333333333,0.39999999999999997,3.2
603,17,60,0,1.6666666666666667,0.026041666666666664,0.21295885499997994,3.0476190476190474
604,17,60,0,1.7142857142857142,0.026041666666666664,0.21295885499997994,3.0476190476190474
605,18,59,1,1.75,0.041666666666666664,0.39999999999999997,3.2
606,18,63,0,1.75,0.0078125,0.39999999999999997,3.2
607,18,58,1,1.75,0.05208333333333333,0.39999999999999997,3.2
608,18,60,0,1.75,0.026041666666666664,0.39999999999999997,3.2
609,18,59,1,1.75,0.041666666666666664,0.39999999999999997,3.2
610,17,58,2,1.7142857142857142,0.0546875,0.21295885499997994,3.0476190476190474
611,19,61,1,1.7894736842105263,0.028645833333333332,0.4823763889427201,3.3684210526315788
612,17,59,1,1.7142857142857142,0.0390625,0.21295885499997994,3.0476190476190474
613,17,59,2,1.6666666666666667,0.04687499999999999,0.21295885499997994,3.0476190476190474
614,18,57,2,1.75,0.0625,0.39999999999999997,3.2
615,18,60,1,1.75,0.03645833333333333,0.39999999999999997,3.2
616,20,58,0,1.7777777777777777,0.041666666666666664,0.49690399499995325,3.5555555555555554
617,19,61,3,1.7894736842105263,0.046875,0.4823763889427201,3.3684210526315788
618,19,63,1,1.7894736842105263,0.015625,0.4823763889427201,3.3684210526315788
619,19,59,1,1.7894736842105263,0.0390625,0.4823763889427201,3.3684210526315788
620,19,59,1,1.7894736842105263,0.044270833333333336,0.48237638894272,3.3684210526315788
621,17,62,0,1.7142857142857142,0.013020833333333332,0.21295885499997994,3.0476190476190474
622,18,57,3,1.75,0.07291666666666666,0.39999999999999997,3.2
623,18,60,2,1.75,0.044270833333333336,0.39999999999999997,3.2
624,17,59,1,1.7142857142857142,0.0390625,0.21295885499997994,3.0476190476190474
625,18,57,2,1.75,0.06770833333333333,0.39999999999999997,3.2
626,17,58,2,1.7142857142857142,0.05989583333333333,0.21295885499997994,3.0476190476190474
627,17,57,1,1.7142857142857142,0.05729166666666667,0.21295885499997994,3.0476190476190474
628,18,58,2,1.75,0.057291666666666664,0.39999999999999997,3.2
629,19,57,2,1.736842105263158,0.06510416666666666,0.48237638894272,3.3684210526315788
630,18,62,0,1.75,0.015625,0.39999999999999997,3.2
631,18,55,1,1.75,0.06770833333333333,0.39999999999999997,3.2
632,18,56,4,1.75,0.08854166666666666,0.39999999999999997,3.2
633,18,57,1,1.75,0.0546875,0.39999999999999997,3.2
634,19,59,1,1.7894736842105263,0.04427083333333333,0.4823763889427201,3.3684210526315788
635,18,60,3,1.75,0.05208333333333333,0.39999999999999997,3.2
636,18,60,1,1.75,0.03645833333333333,0.39999999999999997,3.2
637,18,55,3,1.7,0.07936507936507935,0.47696960070847283,3.15
638,17,59,1,1.7142857142857142,0.0390625,0.21295885499997994,3.0476190476190474
639,17,58,1,1.7142857142857142,0.041666666666666664,0.21295885499997994,3.0476190476190474
640,18,58,2,1.75,0.057291666666666664,0.39999999999999997,3.2
641,19,59,2,1.7894736842105263,0.04947916666666666,0.4823763889427201,3.3684210526315788
642,19,59,2,1.7894736842105263,0.052083333333333336,0.4823763889427201,3.3684210526315788
643,18,60,3,1.75,0.0546875,0.39999999999999997,3.2
644,18,57,4,1.75,0.08333333333333333,0.39999999999999997,3.2
645,19,59,5,1.7894736842105263,0.078125,0.4823763889427201,3.3684210526315788
646,18,56,2,1.75,0.07031249999999999,0.39999999999999997,3.2
647,17,57,0,1.7142857142857142,0.041666666666666664,0.21295885499997994,3.0476190476190474
648,19,62,0,1.7894736842105263,0.013020833333333332,0.48237638894272,3.3684210526315788
649,17,58,3,1.6666666666666667,0.06084656084656084,0.3086066999241838,3.0
650,17,56,3,1.7142857142857142,0.07552083333333333,0.21295885499997994,3.0476190476190474
651,18,58,2,1.75,0.05729166666666666,0.39999999999999997,3.2
652,19,59,0,1.7894736842105263,0.033854166666666664,0.48237638894272,3.3684210526315788
653,18,59,1,1.7,0.037037037037037035,0.47696960070847283,3.15
654,18,58,1,1.75,0.05208333333333333,0.39999999999999997,3.2
655,18,56,6,1.7,0.10317460317460317,0.47696960070847283,3.15
656,18,61,1,1.75,0.03125,0.39999999999999997,3.2
657,19,57,3,1.7894736842105263,0.07291666666666666,0.4823763889427201,3.3684210526315788
658,19,59,2,1.7894736842105263,0.049479166666666664,0.48237638894272,3.3684210526315788
659,17,59,2,1.7142857142857142,0.0546875,0.21295885499997994,3.0476190476190474
660,17,59,2,1.7142857142857142,0.04687499999999999,0.21295885499997994,3.0476190476190474
661,18,62,0,1.75,0.010416666666666666,0.39999999999999997,3.2
662,18,61,2,1.75,0.03645833333333333,0.39999999999999997,3.2
663,18,58,2,1.75,0.057291666666666664,0.39999999999999997,3.2
664,17,59,2,1.7142857142857142,0.049479166666666664,0.21295885499997994,3.0476190476190474
665,17,61,2,1.7142857142857142,0.03645833333333333,0.21295885499997994,3.0476190476190474
666,19,58,2,1.7894736842105263,0.05989583333333333,0.4823763889427201,3.3684210526315788
667,18,54,3,1.75,0.09114583333333331,0.39999999999999997,3.2
668,18,59,2,1.75,0.046875,0.39999999999999997,3.2
669,19,60,1,1.7894736842105263,0.03645833333333333,0.4823763889427201,3.3684210526315788
670,18,60,2,1.75,0.041666666666666664,0.39999999999999997,3.2
671,17,58,2,1.7142857142857142,0.0625,0.21295885499997994,3.0476190476190474
672,17,62,2,1.7142857142857142,0.03125,0.21295885499997994,3.0476190476190474
673,18,62,0,1.75,0.013020833333333332,0.39999999999999997,3.2
674,17,58,2,1.7142857142857142,0.05729166666666667,0.21295885499997994,3.0476190476190474
675,17,58,2,1.7142857142857142,0.059895833333333336,0.21295885499997994,3.0476190476190474
676,18,58,2,1.75,0.05729166666666666,0.39999999999999997,3.2
677,18,59,0,1.75,0.031249999999999997,0.39999999999999997,3.2
678,18,60,2,1.75,0.046875,0.39999999999999997,3.2
679,18,57,0,1.75,0.046875,0.39999999999999997,3.2
680,18,61,1,1.75,0.028645833333333332,0.39999999999999997,3.2
681,19,58,4,1.7894736842105263,0.07552083333333333,0.4823763889427201,3.3684210526315788
682,19,63,0,1.7894736842105263,0.0078125,0.48237638894272,3.3684210526315788
683,19,63,1,1.7894736842105263,0.015625,0.4823763889427201,3.3684210526315788
684,18,60,2,1.7,0.044270833333333336,0.39999999999999997,3.2
685,17,54,4,1.6666666666666667,0.09788359788359788,0.3086066999241838,3.0
686,18,60,3,1.75,0.052083333333333336,0.39999999999999997,3.2
687,19,62,1,1.7894736842105263,0.0234375,0.4823763889427201,3.3684210526315788
688,18,62,0,1.75,0.015625,0.39999999999999997,3.2
689,19,60,1,1.7894736842105263,0.033854166666666664,0.48237638894272,3.3684210526315788
690,19,61,1,1.7894736842105263,0.028645833333333332,0.4823763889427201,3.3684210526315788
691,17,56,6,1.7142857142857142,0.10416666666666667,0.21295885499997994,3.0476190476190474
692,19,56,4,1.7894736842105263,0.09114583333333333,0.48237638894272,3.3684210526315788
693,18,56,2,1.75,0.078125,0.39999999999999997,3.2
694,18,57,4,1.75,0.08333333333333333,0.39999999999999997,3.2
695,19,56,3,1.7894736842105263,0.078125,0.4823763889427201,3.3684210526315788
696,19,60,2,1.7894736842105263,0.046875,0.4823763889427201,3.3684210526315788
697,17,62,1,1.7142857142857142,0.020833333333333332,0.21295885499997994,3.0476190476190474
698,19,61,1,1.7894736842105263,0.026041666666666664,0.4823763889427201,3.3684210526315788
699,18,59,2,1.75,0.046875,0.39999999999999997,3.2
700,19,59,2,1.7894736842105263,0.046875,0.4823763889427201,3.3684210526315788
701,18,58,2,1.7,0.0625,0.39999999999999997,3.2
702,19,58,1,1.7894736842105263,0.05208333333333333,0.4823763889427201,3.3684210526315788
703,18,57,3,1.75,0.07291666666666666,0.39999999999999997,3.2
704,18,58,1,1.75,0.05208333333333333,0.39999999999999997,3.2
705,17,53,5,1.7142857142857142,0.11197916666666666,0.21295885499997994,3.0476190476190474
706,19,58,3,1.7894736842105263,0.06510416666666667,0.48237638894272,3.3684210526315788
707,17,59,2,1.7142857142857142,0.049479166666666664,0.21295885499997994,3.0476190476190474
708,18,58,4,1.75,0.07291666666666666,0.39999999999999997,3.2
709,19,58,2,1.7894736842105263,0.05989583333333333,0.4823763889427201,3.3684210526315788
710,17,60,3,1.6666666666666667,0.05208333333333333,0.21295885499997994,3.0476190476190474
711,19,55,2,1.7894736842105263,0.0703125,0.4823763889427201,3.3684210526315788
712,19,59,3,1.736842105263158,0.05989583333333333,0.4823763889427201,3.3684210526315788
713,18,60,1,1.75,0.033854166666666664,0.39999999999999997,3.2
714,19,59,2,1.7894736842105263,0.049479166666666664,0.4823763889427201,3.3684210526315788
715,17,57,2,1.7142857142857142,0.05989583333333333,0.21295885499997994,3.0476190476190474
716,18,60,3,1.75,0.0546875,0.39999999999999997,3.2
717,19,58,4,1.7894736842105263,0.078125,0.4823763889427201,3.3684210526315788
718,17,61,1,1.7142857142857142,0.026041666666666664,0.21295885499997994,3.0476190476190474
719,18,58,1,1.65,0.049479166666666664,0.39999999999999997,3.2
720,18,58,3,1.75,0.06770833333333333,0.39999999999999997,3.2
721,18,63,0,1.75,0.005208333333333333,0.39999999999999997,3.2
722,18,59,3,1.75,0.0625,0.39999999999999997,3.2
723,17,60,2,1.7142857142857142,0.04427083333333333,0.21295885499997994,3.0476190476190474
724,18,56,1,1.75,0.0546875,0.39999999999999997,3.2
725,18,60,2,1.75,0.041666666666666664,0.39999999999999997,3.2
726,17,59,3,1.7142857142857142,0.05989583333333333,0.21295885499997994,3.0476190476190474
727,18,59,1,1.75,0.04427083333333333,0.39999999999999997,3.2
728,18,59,1,1.75,0.0390625,0.39999999999999997,3.2
729,18,56,4,1.75,0.08854166666666666,0.39999999999999997,3.2
730,17,54,4,1.7142857142857142,0.10156249999999999,0.21295885499997994,3.0476190476190474
731,19,60,1,1.736842105263158,0.0291005291005291,0.5668594533825794,3.3157894736842106
732,18,57,4,1.7,0.07407407407407407,0.47696960070847283,3.15
733,18,53,4,1.75,0.10937499999999999,0.39999999999999997,3.2
734,17,58,3,1.7142857142857142,0.06770833333333333,0.21295885499997994,3.0476190476190474
735,18,57,3,1.75,0.07552083333333333,0.39999999999999997,3.2
736,17,61,1,1.7142857142857142,0.026041666666666664,0.21295885499997994,3.0476190476190474
737,18,60,0,1.75,0.028645833333333332,0.39999999999999997,3.2
738,17,56,3,1.7142857142857142,0.078125,0.21295885499997994,3.0476190476190474
739,17,63,0,1.7142857142857142,0.0078125,0.21295885499997994,3.0476190476190474
740,18,58,0,1.7,0.04427083333333333,0.39999999999999997,3.2
741,17,56,2,1.7142857142857142,0.0703125,0.21295885499997996,3.0476190476190474
742,17,61,0,1.7142857142857142,0.020833333333333332,0.21295885499997994,3.0476190476190474
743,19,59,0,1.7894736842105263,0.033854166666666664,0.48237638894272,3.3684210526315788
744,17,59,2,1.7142857142857142,0.04687499999999999,0.21295885499997994,3.0476190476190474
745,17,62,0,1.7142857142857142,0.013020833333333332,0.21295885499997994,3.0476190476190474
746,17,61,2,1.7142857142857142,0.0390625,0.21295885499997994,3.0476190476190474
747,18,57,3,1.75,0.0703125,0.39999999999999997,3.2
748,18,57,2,1.75,0.06770833333333333,0.39999999999999997,3.2
749,17,61,2,1.7142857142857142,0.0390625,0.21295885499997994,3.0476190476190474
750,17,56,3,1.7142857142857142,0.07552083333333331,0.21295885499997994,3.0476190476190474
751,17,57,2,1.7142857142857142,0.06510416666666666,0.21295885499997994,3.0476190476190474
752,18,61,0,1.75,0.0234375,0.39999999999999997,3.2
753,19,58,1,1.7894736842105263,0.046875,0.4823763889427201,3.3684210526315788
754,18,60,0,1.75,0.023437499999999997,0.39999999999999997,3.2
755,17,58,0,1.7142857142857142,0.03645833333333333,0.21295885499997994,3.0476190476190474
756,18,56,3,1.75,0.08072916666666666,0.39999999999999997,3.2
757,17,59,0,1.7142857142857142,0.036458333333333336,0.21295885499997994,3.0476190476190474
758,18,54,5,1.75,0.11197916666666666,0.39999999999999997,3.2
759,19,56,2,1.7894736842105263,0.07291666666666666,0.48237638894272,3.3684210526315788
760,17,57,4,1.6666666666666667,0.08333333333333333,0.21295885499997994,3.0476190476190474
761,17,62,1,1.7142857142857142,0.020833333333333332,0.21295885499997994,3.0476190476190474
762,18,55,2,1.75,0.08072916666666667,0.39999999999999997,3.2
763,18,55,2,1.75,0.07552083333333333,0.39999999999999997,3.2
764,17,60,3,1.7142857142857142,0.0546875,0.21295885499997994,3.0476190476190474
765,18,58,1,1.75,0.049479166666666664,0.39999999999999997,3.2
766,17,58,1,1.7142857142857142,0.049479166666666664,0.21295885499997994,3.0476190476190474
767,17,58,1,1.7142857142857142,0.046875,0.21295885499997994,3.0476190476190474
768,17,60,1,1.7142857142857142,0.031249999999999997,0.21295885499997994,3.0476190476190474
769,17,60,2,1.7142857142857142,0.04427083333333333,0.21295885499997994,3.0476190476190474
770,18,56,5,1.75,0.09895833333333333,0.39999999999999997,3.2
771,17,57,3,1.7142857142857142,0.07552083333333333,0.21295885499997994,3.0476190476190474
772,17,56,1,1.7142857142857142,0.05729166666666666,0.21295885499997994,3.0476190476190474
773,17,61,0,1.7142857142857142,0.018229166666666664,0.21295885499997994,3.0476190476190474
774,18,56,3,1.75,0.07291666666666666,0.39999999999999997,3.2
775,18,59,3,1.75,0.059895833333333336,0.39999999999999997,3.2
776,17,58,1,1.7142857142857142,0.049479166666666664,0.21295885499997994,3.0476190476190474
777,17,56,5,1.7142857142857142,0.09895833333333334,0.21295885499997994,3.0476190476190474
778,17,60,2,1.7142857142857142,0.041666666666666664,0.21295885499997994,3.0476190476190474
779,18,55,3,1.75,0.0859375,0.39999999999999997,3.2
780,19,55,3,1.7894736842105263,0.0859375,0.48237638894272,3.3684210526315788
781,18,60,0,1.75,0.026041666666666664,0.39999999999999997,3.2
782,18,58,3,1.75,0.06770833333333333,0.39999999999999997,3.2
783,18,57,2,1.75,0.06510416666666667,0.39999999999999997,3.2
784,18,54,5,1.75,0.109375,0.39999999999999997,3.2
785,18,57,2,1.75,0.06510416666666666,0.39999999999999997,3.2
786,20,59,1,1.8333333333333333,0.0390625,0.49690399499995325,3.5555555555555554
787,19,57,4,1.7894736842105263,0.08333333333333334,0.4823763889427201,3.3684210526315788
788,18,56,3,1.7,0.07552083333333333,0.39999999999999997,3.2
789,19,55,3,1.7894736842105263,0.0859375,0.4823763889427201,3.3684210526315788
790,19,57,3,1.7894736842105263,0.0703125,0.4823763889427201,3.3684210526315788
791,17,63,0,1.7142857142857142,0.0078125,0.21295885499997994,3.0476190476190474
792,18,56,4,1.75,0.0859375,0.39999999999999997,3.2
793,17,60,2,1.7142857142857142,0.046875,0.21295885499997994,3.0476190476190474
794,17,55,4,1.7142857142857142,0.09895833333333333,0.21295885499997994,3.0476190476190474
795,17,59,0,1.7142857142857142,0.03125,0.21295885499997994,3.0476190476190474
796,19,61,0,1.7894736842105263,0.020833333333333332,0.4823763889427201,3.3684210526315788
797,18,59,3,1.75,0.05989583333333333,0.39999999999999997,3.2
798,17,61,0,1.7142857142857142,0.020833333333333332,0.21295885499997994,3.0476190476190474
799,18,58,2,1.75,0.0546875,0.39999999999999997,3.2
800,17,58,0,1.6666666666666667,0.031746031746031744,0.3086066999241838,3.0
801,18,62,0,1.75,0.010416666666666666,0.39999999999999997,3.2
802,17,59,3,1.7142857142857142,0.05989583333333333,0.21295885499997994,3.0476190476190474
803,17,56,5,1.7142857142857142,0.09895833333333333,0.21295885499997994,3.0476190476190474
804,17,54,4,1.7142857142857142,0.1015625,0.21295885499997994,3.0476190476190474
805,18,60,1,1.75,0.03645833333333333,0.39999999999999997,3.2
806,18,58,2,1.75,0.05729166666666666,0.39999999999999997,3.2
807,18,61,2,1.75,0.03645833333333333,0.39999999999999997,3.2
808,17,60,1,1.7142857142857142,0.03645833333333333,0.21295885499997994,3.0476190476190474
809,17,59,0,1.7142857142857142,0.031249999999999997,0.21295885499997994,3.0476190476190474
810,17,58,3,1.7142857142857142,0.0625,0.21295885499997994,3.0476190476190474
811,18,60,1,1.75,0.03645833333333333,0.39999999999999997,3.2
812,18,61,1,1.7,0.023809523809523808,0.47696960070847283,3.15
813,19,60,0,1.7894736842105263,0.026041666666666664,0.4823763889427201,3.3684210526315788
814,18,54,3,1.75,0.09375,0.39999999999999997,3.2
815,17,54,1,1.7142857142857142,0.07552083333333333,0.21295885499997994,3.0476190476190474
816,19,60,3,1.7894736842105263,0.05208333333333333,0.4823763889427201,3.3684210526315788
817,19,58,0,1.7894736842105263,0.03645833333333333,0.4823763889427201,3.3684210526315788
818,17,55,1,1.7142857142857142,0.0703125,0.21295885499997994,3.0476190476190474
819,18,62,0,1.75,0.013020833333333332,0.39999999999999997,3.2
820,17,57,2,1.7142857142857142,0.0625,0.21295885499997994,3.0476190476190474
821,18,58,5,1.7,0.0859375,0.39999999999999997,3.2
822,18,58,2,1.75,0.057291666666666664,0.39999999999999997,3.2
823,18,61,1,1.75,0.03125,0.39999999999999997,3.2
824,18,54,5,1.75,0.1171875,0.39999999999999997,3.2
825,18,55,5,1.75,0.10677083333333333,0.39999999999999997,3.2
826,19,59,0,1.7894736842105263,0.028645833333333332,0.4823763889427201,3.3684210526315788
827,18,57,2,1.75,0.06510416666666666,0.39999999999999997,3.2
828,18,58,4,1.75,0.07291666666666667,0.39999999999999997,3.2
829,18,59,1,1.75,0.0390625,0.39999999999999997,3.2
830,18,63,0,1.75,0.0078125,0.39999999999999997,3.2
831,19,52,2,1.7894736842105263,0.08854166666666666,0.4823763889427201,3.3684210526315788
832,19,56,2,1.7894736842105263,0.07291666666666666,0.4823763889427201,3.3684210526315788
833,19,58,2,1.7894736842105263,0.05729166666666667,0.4823763889427201,3.3684210526315788
834,18,56,0,1.75,0.0546875,0.39999999999999997,3.2
835,19,56,3,1.7894736842105263,0.08333333333333333,0.48237638894272,3.3684210526315788
836,17,60,0,1.7142857142857142,0.028645833333333332,0.21295885499997994,3.0476190476190474
837,17,61,3,1.7142857142857142,0.046875,0.21295885499997994,3.0476190476190474
838,17,61,1,1.7142857142857142,0.03125,0.21295885499997994,3.0476190476190474
839,18,53,2,1.75,0.09895833333333333,0.39999999999999997,3.2
840,17,53,2,1.7142857142857142,0.08854166666666666,0.21295885499997994,3.0476190476190474
841,20,56,3,1.8333333333333333,0.08333333333333334,0.49690399499995325,3.5555555555555554
842,18,56,2,1.75,0.07291666666666666,0.39999999999999997,3.2
843,18,55,1,1.75,0.06770833333333333,0.39999999999999997,3.2
844,18,59,1,1.75,0.041666666666666664,0.39999999999999997,3.2
845,17,57,1,1.6666666666666667,0.047619047619047616,0.3086066999241838,3.0
846,18,56,3,1.75,0.08072916666666666,0.39999999999999997,3.2
847,19,59,3,1.7894736842105263,0.0625,0.4823763889427201,3.3684210526315788
848,18,60,4,1.75,0.0625,0.39999999999999997,3.2
849,17,57,5,1.7142857142857142,0.09375,0.21295885499997994,3.0476190476190474
850,19,61,1,1.7894736842105263,0.03125,0.48237638894272,3.3684210526315788
851,18,60,2,1.75,0.04427083333333333,0.39999999999999997,3.2
852,18,60,3,1.75,0.0546875,0.39999999999999997,3.2
853,17,56,4,1.6666666666666667,0.082010582010582,0.3086066999241838,3.0
854,18,58,2,1.75,0.057291666666666664,0.39999999999999997,3.2
855,19,56,3,1.7894736842105263,0.078125,0.48237638894272,3.3684210526315788
856,17,58,2,1.7142857142857142,0.05729166666666666,0.21295885499997994,3.0476190476190474
857,18,58,3,1.75,0.06770833333333333,0.39999999999999997,3.2
858,17,56,3,1.7142857142857142,0.08072916666666666,0.21295885499997994,3.0476190476190474
859,18,62,1,1.75,0.0234375,0.39999999999999997,3.2
860,19,55,3,1.7894736842105263,0.0859375,0.4823763889427201,3.3684210526315788
861,18,56,2,1.75,0.06770833333333334,0.39999999999999997,3.2
862,19,55,4,1.6842105263157894,0.09635416666666666,0.48237638894272,3.3684210526315788
863,19,56,4,1.736842105263158,0.09375,0.48237638894272,3.3684210526315788
864,18,58,3,1.75,0.06510416666666666,0.39999999999999997,3.2
865,18,56,5,1.75,0.09635416666666666,0.39999999999999997,3.2
866,19,54,4,1.7894736842105263,0.09635416666666666,0.4823763889427201,3.3684210526315788
867,17,60,2,1.7142857142857142,0.04427083333333333,0.21295885499997994,3.0476190476190474
868,17,61,3,1.7142857142857142,0.046875,0.21295885499997994,3.0476190476190474
869,19,55,3,1.7894736842105263,0.08593749999999999,0.4823763889427201,3.3684210526315788
870,18,60,1,1.75,0.0390625,0.39999999999999997,3.2
871,18,59,0,1.7,0.03645833333333333,0.39999999999999997,3.2
872,18,57,3,1.75,0.0703125,0.39999999999999997,3.2
873,18,55,6,1.75,0.11197916666666666,0.39999999999999997,3.2
874,19,55,3,1.7894736842105263,0.0859375,0.4823763889427201,3.3684210526315788
875,18,58,3,1.7,0.06770833333333333,0.39999999999999997,3.2
876,18,57,1,1.75,0.0546875,0.39999999999999997,3.2
877,18,61,0,1.75,0.020833333333333332,0.39999999999999997,3.2
878,20,59,2,1.8333333333333333,0.049479166666666664,0.49690399499995325,3.5555555555555554
879,18,60,0,1.75,0.026041666666666664,0.39999999999999997,3.2
880,18,53,3,1.7,0.09635416666666666,0.39999999999999997,3.2
881,18,60,0,1.75,0.026041666666666664,0.39999999999999997,3.2
882,18,57,3,1.75,0.078125,0.39999999999999997,3.2
883,18,63,0,1.75,0.005208333333333333,0.39999999999999997,3.2
884,17,57,1,1.6666666666666667,0.05208333333333333,0.21295885499997994,3.0476190476190474
885,19,60,2,1.7894736842105263,0.046875,0.48237638894272,3.3684210526315788
886,19,60,1,1.7894736842105263,0.03645833333333333,0.4823763889427201,3.3684210526315788
887,18,62,1,1.75,0.0234375,0.39999999999999997,3.2
888,19,53,6,1.736842105263158,0.12433862433862433,0.5668594533825794,3.3157894736842106
889,18,56,2,1.75,0.078125,0.39999999999999997,3.2
890,19,57,2,1.7894736842105263,0.06510416666666666,0.4823763889427201,3.3684210526315788
891,17,57,2,1.7142857142857142,0.0625,0.21295885499997996,3.0476190476190474
892,19,59,1,1.7894736842105263,0.04427083333333333,0.4823763889427201,3.3684210526315788
893,18,58,3,1.7,0.06770833333333333,0.39999999999999997,3.2
894,18,57,3,1.75,0.07552083333333333,0.39999999999999997,3.2
895,17,56,3,1.7142857142857142,0.08072916666666666,0.21295885499997994,3.0476190476190474
896,17,58,0,1.7142857142857142,0.04427083333333333,0.21295885499997994,3.0476190476190474
897,18,59,1,1.75,0.04427083333333333,0.39999999999999997,3.2
898,18,58,3,1.75,0.0703125,0.39999999999999997,3.2
899,18,55,5,1.75,0.109375,0.39999999999999997,3.2
900,17,55,3,1.7142857142857142,0.08333333333333333,0.21295885499997996,3.0476190476190474
901,19,54,5,1.7894736842105263,0.109375,0.4823763889427201,3.3684210526315788
902,19,59,1,1.7894736842105263,0.04427083333333333,0.4823763889427201,3.3684210526315788
903,18,58,3,1.75,0.06770833333333333,0.39999999999999997,3.2
904,18,56,3,1.7,0.08333333333333333,0.39999999999999997,3.2
905,18,59,2,1.75,0.046875,0.39999999999999997,3.2
906,19,63,0,1.7894736842105263,0.005208333333333333,0.4823763889427201,3.3684210526315788
907,18,58,4,1.75,0.078125,0.39999999999999997,3.2
908,18,57,2,1.75,0.0703125,0.39999999999999997,3.2
909,19,57,4,1.736842105263158,0.07671957671957672,0.5668594533825794,3.3157894736842106
910,18,60,0,1.75,0.023437499999999997,0.39999999999999997,3.2
911,18,62,0,1.75,0.010416666666666666,0.39999999999999997,3.2
912,17,55,1,1.6666666666666667,0.06349206349206349,0.3086066999241838,3.0
913,18,61,2,1.7,0.03645833333333333,0.39999999999999997,3.2
914,18,59,2,1.7,0.047619047619047616,0.47696960070847283,3.15
915,19,59,2,1.7894736842105263,0.046875,0.4823763889427201,3.3684210526315788
916,19,55,1,1.736842105263158,0.06510416666666666,0.4823763889427201,3.3684210526315788
917,18,58,0,1.75,0.0390625,0.39999999999999997,3.2
918,19,56,3,1.7894736842105263,0.07812499999999999,0.4823763889427201,3.3684210526315788
919,18,56,2,1.75,0.07291666666666666,0.39999999999999997,3.2
920,18,56,1,1.75,0.05989583333333333,0.39999999999999997,3.2
921,18,58,2,1.75,0.0625,0.39999999999999997,3.2
922,20,60,2,1.7777777777777777,0.041666666666666664,0.49690399499995325,3.5555555555555554
923,18,56,3,1.75,0.078125,0.39999999999999997,3.2
924,17,55,4,1.7142857142857142,0.09375,0.21295885499997994,3.0476190476190474
925,19,56,2,1.7894736842105263,0.07291666666666666,0.4823763889427201,3.3684210526315788
926,18,59,4,1.75,0.0703125,0.39999999999999997,3.2
927,18,57,4,1.75,0.08072916666666666,0.39999999999999997,3.2
928,18,57,3,1.75,0.07291666666666666,0.39999999999999997,3.2
929,18,56,2,1.75,0.07552083333333333,0.39999999999999997,3.2
930,18,58,4,1.75,0.078125,0.39999999999999997,3.2
931,18,58,3,1.75,0.06770833333333333,0.39999999999999997,3.2
932,19,57,4,1.7894736842105263,0.08333333333333333,0.4823763889427201,3.3684210526315788
933,19,54,6,1.7894736842105263,0.11979166666666666,0.4823763889427201,3.3684210526315788
934,18,55,3,1.75,0.08854166666666666,0.39999999999999997,3.2
935,18,57,4,1.75,0.0859375,0.39999999999999997,3.2
936,17,60,1,1.7142857142857142,0.0390625,0.21295885499997994,3.0476190476190474
937,18,58,5,1.75,0.0859375,0.39999999999999997,3.2
938,19,55,3,1.7894736842105263,0.08593749999999999,0.4823763889427201,3.3684210526315788
939,17,59,3,1.7142857142857142,0.0625,0.21295885499997994,3.0476190476190474
940,18,56,3,1.75,0.07552083333333333,0.39999999999999997,3.2
941,18,53,5,1.75,0.11979166666666666,0.39999999999999997,3.2
942,17,54,3,1.7142857142857142,0.09635416666666666,0.21295885499997994,3.0476190476190474
943,19,60,3,1.7894736842105263,0.0546875,0.4823763889427201,3.3684210526315788
944,18,56,1,1.75,0.05989583333333333,0.39999999999999997,3.2
945,18,52,3,1.7,0.10846560846560846,0.47696960070847283,3.15
946,19,57,4,1.7894736842105263,0.08333333333333333,0.4823763889427201,3.3684210526315788
947,19,57,2,1.736842105263158,0.06510416666666666,0.4823763889427201,3.3684210526315788
948,17,59,2,1.7142857142857142,0.046875,0.21295885499997994,3.0476190476190474
949,17,58,3,1.7142857142857142,0.06770833333333333,0.21295885499997994,3.0476190476190474
950,19,58,1,1.7894736842105263,0.049479166666666664,0.48237638894272,3.3684210526315788
951,18,56,2,1.75,0.06770833333333333,0.39999999999999997,3.2
952,20,59,2,1.8333333333333333,0.049479166666666664,0.49690399499995325,3.5555555555555554
953,19,59,2,1.7894736842105263,0.052083333333333336,0.4823763889427201,3.3684210526315788
954,18,54,4,1.75,0.10416666666666666,0.39999999999999997,3.2
955,18,56,0,1.75,0.04427083333333333,0.39999999999999997,3.2
956,17,59,2,1.7142857142857142,0.049479166666666664,0.21295885499997994,3.0476190476190474
957,19,57,5,1.7894736842105263,0.09375,0.48237638894272,3.3684210526315788
958,19,58,2,1.7894736842105263,0.057291666666666664,0.4823763889427201,3.3684210526315788
959,17,54,5,1.7142857142857142,0.11197916666666666,0.21295885499997994,3.0476190476190474
960,18,59,0,1.75,0.033854166666666664,0.39999999999999997,3.2
961,17,59,3,1.6666666666666667,0.05989583333333333,0.21295885499997994,3.0476190476190474
962,17,58,4,1.7142857142857142,0.078125,0.21295885499997994,3.0476190476190474
963,18,57,4,1.75,0.078125,0.39999999999999997,3.2
964,18,55,2,1.75,0.07291666666666666,0.39999999999999997,3.2
965,17,57,3,1.6666666666666667,0.0703125,0.21295885499997994,3.0476190476190474
966,17,58,0,1.7142857142857142,0.041666666666666664,0.21295885499997994,3.0476190476190474
967,17,55,3,1.6666666666666667,0.07936507936507936,0.3086066999241838,3.0
968,19,58,3,1.7894736842105263,0.06510416666666666,0.48237638894272,3.3684210526315788
969,18,56,2,1.75,0.0703125,0.39999999999999997,3.2
970,18,58,1,1.7,0.05208333333333333,0.39999999999999997,3.2
971,18,54,3,1.7,0.08994708994708996,0.47696960070847283,3.15
972,19,58,3,1.7894736842105263,0.06510416666666666,0.4823763889427201,3.3684210526315788
973,18,59,1,1.75,0.041666666666666664,0.39999999999999997,3.2
974,19,57,0,1.7894736842105263,0.046875,0.4823763889427201,3.3684210526315788
975,18,54,5,1.7,0.11197916666666666,0.39999999999999997,3.2
976,18,54,2,1.75,0.0859375,0.39999999999999997,3.2
977,18,55,3,1.75,0.08854166666666666,0.39999999999999997,3.2
978,19,58,4,1.736842105263158,0.07552083333333333,0.48237638894272,3.3684210526315788
979,19,55,0,1.7894736842105263,0.0625,0.4823763889427201,3.3684210526315788
980,18,58,2,1.75,0.057291666666666664,0.39999999999999997,3.2
981,17,57,4,1.7142857142857142,0.0859375,0.21295885499997994,3.0476190476190474
982,19,56,1,1.736842105263158,0.0625,0.4823763889427201,3.3684210526315788
983,18,57,3,1.75,0.07552083333333333,0.39999999999999997,3.2
984,19,57,4,1.7894736842105263,0.08072916666666666,0.4823763889427201,3.3684210526315788
985,18,54,1,1.7,0.06878306878306878,0.47696960070847283,3.15
986,18,55,2,1.75,0.078125,0.39999999999999997,3.2
987,19,55,4,1.7894736842105263,0.09635416666666666,0.4823763889427201,3.3684210526315788
988,18,55,3,1.75,0.0859375,0.39999999999999997,3.2
989,18,55,4,1.7,0.1015625,0.39999999999999997,3.2
990,17,59,2,1.7142857142857142,0.05208333333333333,0.21295885499997994,3.0476190476190474
991,18,57,3,1.75,0.0703125,0.39999999999999997,3.2
992,18,57,2,1.75,0.06249999999999999,0.39999999999999997,3.2
993,18,60,0,1.75,0.028645833333333332,0.39999999999999997,3.2
994,19,52,3,1.7894736842105263,0.11197916666666666,0.4823763889427201,3.3684210526315788
995,19,59,3,1.736842105263158,0.05729166666666667,0.4823763889427201,3.3684210526315788
996,19,56,5,1.7894736842105263,0.09895833333333334,0.4823763889427201,3.3684210526315788
997,17,59,1,1.7142857142857142,0.0390625,0.21295885499997994,3.0476190476190474
998,18,54,3,1.7,0.0873015873015873,0.47696960070847283,3.15
999,19,60,1,1.7894736842105263,0.03645833333333333,0.48237638894272,3.3684210526315788
1000,17,58,2,1.7142857142857142,0.05468749999999999,0.21295885499997994,3.0476190476190474
1001,18,52,4,1.75,0.11458333333333333,0.39999999999999997,3.2
1002,19,57,2,1.7894736842105263,0.0625,0.48237638894272,3.3684210526315788
1003,19,53,4,1.7894736842105263,0.11197916666666666,0.4823763889427201,3.3684210526315788
1004,18,57,3,1.75,0.07291666666666666,0.39999999999999997,3.2
1005,18,56,2,1.7,0.06613756613756613,0.47696960070847283,3.15
1006,19,54,3,1.7894736842105263,0.08854166666666666,0.4823763889427201,3.3684210526315788
1007,18,53,4,1.75,0.10937499999999999,0.39999999999999997,3.2
1008,18,53,2,1.75,0.09375,0.39999999999999997,3.2
1009,19,54,4,1.7894736842105263,0.10677083333333333,0.4823763889427201,3.3684210526315788
1010,18,55,3,1.75,0.08854166666666666,0.39999999999999997,3.2
1011,18,54,5,1.7,0.109375,0.39999999999999997,3.2
1012,18,56,1,1.75,0.059895833333333336,0.39999999999999997,3.2
1013,17,56,3,1.7142857142857142,0.08333333333333334,0.21295885499997994,3.0476190476190474
1014,18,52,5,1.75,0.12239583333333334,0.39999999999999997,3.2
1015,19,52,2,1.7894736842105263,0.10156249999999999,0.4823763889427201,3.3684210526315788
1016,17,57,1,1.7142857142857142,0.05208333333333333,0.21295885499997994,3.0476190476190474
1017,18,52,5,1.75,0.13020833333333334,0.39999999999999997,3.2
1018,19,57,3,1.7894736842105263,0.078125,0.4823763889427201,3.3684210526315788
1019,20,51,4,1.8333333333333333,0.12239583333333333,0.49690399499995325,3.5555555555555554
1020,19,59,1,1.7894736842105263,0.0390625,0.4823763889427201,3.3684210526315788
1021,19,55,1,1.7894736842105263,0.06510416666666666,0.4823763889427201,3.3684210526315788
1022,17,59,1,1.7142857142857142,0.04427083333333333,0.21295885499997994,3.0476190476190474
1023,18,55,4,1.75,0.09635416666666666,0.39999999999999997,3.2
1024,17,58,0,1.7142857142857142,0.041666666666666664,0.21295885499997994,3.0476190476190474
1025,18,57,1,1.75,0.049479166666666664,0.39999999999999997,3.2
1026,19,62,0,1.7894736842105263,0.013020833333333332,0.4823763889427201,3.3684210526315788
1027,19,55,3,1.7894736842105263,0.08333333333333333,0.4823763889427201,3.3684210526315788
1028,18,57,2,1.75,0.06510416666666666,0.39999999999999997,3.2
1029,18,57,2,1.75,0.0625,0.39999999999999997,3.2
1030,18,53,2,1.75,0.08854166666666666,0.39999999999999997,3.2
1031,19,58,0,1.7894736842105263,0.0390625,0.4823763889427201,3.3684210526315788
1032,18,52,4,1.75,0.109375,0.39999999999999997,3.2
1033,18,56,3,1.75,0.08072916666666666,0.39999999999999997,3.2
1034,17,61,2,1.7142857142857142,0.0390625,0.21295885499997994,3.0476190476190474
1035,19,55,2,1.7894736842105263,0.08072916666666666,0.4823763889427201,3.3684210526315788
1036,18,55,2,1.75,0.07552083333333334,0.39999999999999997,3.2
1037,18,59,2,1.75,0.05208333333333333,0.39999999999999997,3.2
1038,18,56,2,1.7,0.07291666666666666,0.39999999999999997,3.2
1039,17,56,1,1.6666666666666667,0.062499999999999986,0.21295885499997994,3.0476190476190474
1040,18,51,5,1.7,0.13020833333333331,0.39999999999999997,3.2
1041,18,58,3,1.7,0.06770833333333333,0.39999999999999997,3.2
1042,18,51,5,1.75,0.1328125,0.39999999999999997,3.2
1043,19,56,2,1.7894736842105263,0.07291666666666666,0.4823763889427201,3.3684210526315788
1044,18,59,5,1.7,0.078125,0.39999999999999997,3.2
1045,18,58,1,1.75,0.04427083333333333,0.39999999999999997,3.2
1046,17,56,2,1.7142857142857142,0.0703125,0.21295885499997994,3.0476190476190474
1047,17,58,2,1.6666666666666667,0.057291666666666664,0.21295885499997994,3.0476190476190474
1048,19,54,3,1.7894736842105263,0.09635416666666666,0.48237638894272,3.3684210526315788
1049,18,59,0,1.75,0.03125,0.39999999999999997,3.2
1050,18,54,2,1.7,0.078125,0.39999999999999997,3.2
1051,18,58,2,1.7,0.05989583333333333,0.39999999999999997,3.2
1052,18,58,2,1.75,0.0546875,0.39999999999999997,3.2
1053,18,57,3,1.7,0.07142857142857142,0.47696960070847283,3.15
1054,18,56,1,1.75,0.06510416666666666,0.39999999999999997,3.2
1055,18,55,2,1.75,0.08072916666666666,0.39999999999999997,3.2
1056,18,53,2,1.75,0.0859375,0.39999999999999997,3.2
1057,18,57,2,1.75,0.06510416666666666,0.39999999999999997,3.2
1058,18,55,4,1.75,0.09114583333333333,0.39999999999999997,3.2
1059,19,56,4,1.7894736842105263,0.08854166666666666,0.4823763889427201,3.3684210526315788
1060,18,55,3,1.75,0.0859375,0.39999999999999997,3.2
1061,18,59,2,1.75,0.0546875,0.39999999999999997,3.2
1062,17,58,1,1.7142857142857142,0.049479166666666664,0.21295885499997994,3.0476190476190474
1063,19,58,0,1.7894736842105263,0.03645833333333333,0.4823763889427201,3.3684210526315788
1064,19,60,1,1.7894736842105263,0.03645833333333333,0.4823763889427201,3.3684210526315788
1065,18,59,2,1.75,0.049479166666666664,0.39999999999999997,3.2
1066,18,58,1,1.75,0.05208333333333333,0.39999999999999997,3.2
1067,18,55,2,1.75,0.08072916666666666,0.39999999999999997,3.2
1068,18,56,2,1.75,0.06770833333333333,0.39999999999999997,3.2
1069,18,56,5,1.75,0.09635416666666666,0.39999999999999997,3.2
1070,18,56,5,1.75,0.09895833333333334,0.39999999999999997,3.2
1071,18,61,0,1.75,0.0234375,0.39999999999999997,3.2
1072,18,56,3,1.75,0.08333333333333333,0.39999999999999997,3.2
1073,18,57,4,1.75,0.08333333333333333,0.39999999999999997,3.2
1074,18,58,3,1.75,0.06510416666666666,0.39999999999999997,3.2
1075,19,56,2,1.7894736842105263,0.06770833333333333,0.4823763889427201,3.3684210526315788
1076,18,54,6,1.75,0.12239583333333333,0.39999999999999997,3.2
1077,18,57,1,1.75,0.057291666666666664,0.39999999999999997,3.2
1078,18,54,1,1.75,0.078125,0.39999999999999997,3.2
1079,19,56,3,1.7894736842105263,0.08333333333333333,0.4823763889427201,3.3684210526315788
1080,19,52,7,1.7894736842105263,0.14322916666666666,0.4823763889427201,3.3684210526315788
1081,19,56,1,1.7894736842105263,0.0625,0.4823763889427201,3.3684210526315788
1082,18,56,3,1.75,0.07552083333333334,0.39999999999999997,3.2
1083,18,52,2,1.75,0.09374999999999999,0.39999999999999997,3.2
1084,20,55,2,1.8333333333333333,0.08072916666666666,0.49690399499995325,3.5555555555555554
1085,18,54,3,1.7,0.08465608465608465,0.47696960070847283,3.15
1086,18,58,2,1.75,0.05989583333333333,0.39999999999999997,3.2
1087,18,54,4,1.75,0.1015625,0.39999999999999997,3.2
1088,17,55,3,1.7142857142857142,0.08072916666666666,0.21295885499997994,3.0476190476190474
1089,19,54,2,1.7894736842105263,0.08333333333333333,0.4823763889427201,3.3684210526315788
1090,17,56,4,1.7142857142857142,0.09375,0.21295885499997994,3.0476190476190474
1091,18,56,3,1.75,0.07812499999999999,0.39999999999999997,3.2
1092,19,53,4,1.7894736842105263,0.10677083333333334,0.4823763889427201,3.3684210526315788
1093,19,58,1,1.7894736842105263,0.05208333333333333,0.4823763889427201,3.3684210526315788
1094,18,56,4,1.75,0.08854166666666666,0.39999999999999997,3.2
1095,18,53,4,1.75,0.10677083333333333,0.39999999999999997,3.2
1096,18,56,2,1.75,0.07291666666666666,0.39999999999999997,3.2
1097,19,53,4,1.7894736842105263,0.11197916666666666,0.48237638894272,3.3684210526315788
1098,18,59,1,1.75,0.04427083333333333,0.39999999999999997,3.2
1099,18,56,2,1.75,0.0703125,0.39999999999999997,3.2
1100,19,51,6,1.7894736842105263,0.14322916666666666,0.4823763889427201,3.3684210526315788
1101,18,51,4,1.75,0.12239583333333331,0.39999999999999997,3.2
1102,18,59,1,1.75,0.041666666666666664,0.39999999999999997,3.2
1103,19,57,2,1.7894736842105263,0.06770833333333333,0.4823763889427201,3.3684210526315788
1104,19,59,1,1.7894736842105263,0.041666666666666664,0.4823763889427201,3.3684210526315788
1105,20,57,2,1.8333333333333333,0.06510416666666666,0.49690399499995325,3.5555555555555554
1106,19,56,3,1.736842105263158,0.08333333333333333,0.4823763889427201,3.3684210526315788
1107,18,54,3,1.75,0.09635416666666666,0.39999999999999997,3.2
1108,17,58,2,1.7142857142857142,0.05729166666666666,0.21295885499997994,3.0476190476190474
1109,19,56,1,1.7894736842105263,0.06510416666666666,0.48237638894272,3.3684210526315788
1110,19,55,2,1.7894736842105263,0.078125,0.48237638894272,3.3684210526315788
1111,19,59,0,1.7894736842105263,0.031249999999999997,0.4823763889427201,3.3684210526315788
1112,18,58,2,1.75,0.0625,0.39999999999999997,3.2
1113,17,54,2,1.7142857142857142,0.09114583333333333,0.21295885499997994,3.0476190476190474
1114,18,59,3,1.7,0.05555555555555555,0.47696960070847283,3.15
1115,17,56,3,1.6666666666666667,0.07936507936507936,0.3086066999241838,3.0
1116,19,59,2,1.7894736842105263,0.05208333333333333,0.4823763889427201,3.3684210526315788
1117,20,54,2,1.8333333333333333,0.08072916666666666,0.49690399499995325,3.5555555555555554
1118,19,56,1,1.7894736842105263,0.06770833333333333,0.4823763889427201,3.3684210526315788
1119,19,55,2,1.7894736842105263,0.08333333333333333,0.4823763889427201,3.3684210526315788
1120,19,56,7,1.7894736842105263,0.11458333333333333,0.4823763889427201,3.3684210526315788
1121,18,61,1,1.75,0.03125,0.39999999999999997,3.2
1122,17,53,2,1.7142857142857142,0.09114583333333331,0.21295885499997994,3.0476190476190474
1123,20,59,2,1.8333333333333333,0.04687500000000001,0.49690399499995325,3.5555555555555554
1124,19,55,3,1.7894736842105263,0.08333333333333333,0.4823763889427201,3.3684210526315788
1125,19,54,5,1.7894736842105263,0.11197916666666666,0.4823763889427201,3.3684210526315788
1126,20,54,4,1.8333333333333333,0.1015625,0.49690399499995325,3.5555555555555554
1127,18,53,3,1.75,0.10416666666666669,0.39999999999999997,3.2
1128,18,53,1,1.75,0.08072916666666666,0.39999999999999997,3.2
1129,19,60,1,1.7894736842105263,0.03645833333333333,0.4823763889427201,3.3684210526315788
1130,17,53,3,1.7142857142857142,0.09635416666666666,0.21295885499997994,3.0476190476190474
1131,20,52,3,1.8333333333333333,0.1015625,0.49690399499995325,3.5555555555555554
1132,18,58,2,1.75,0.05729166666666666,0.39999999999999997,3.2
1133,17,54,5,1.7142857142857142,0.11458333333333333,0.21295885499997994,3.0476190476190474
1134,19,54,3,1.7894736842105263,0.09635416666666666,0.4823763889427201,3.3684210526315788
1135,18,54,5,1.7,0.1171875,0.39999999999999997,3.2
1136,18,51,4,1.75,0.12239583333333333,0.39999999999999997,3.2
1137,18,54,4,1.75,0.10416666666666666,0.39999999999999997,3.2
1138,19,56,2,1.7894736842105263,0.07291666666666666,0.4823763889427201,3.3684210526315788
1139,18,55,2,1.75,0.08333333333333333,0.39999999999999997,3.2
1140,18,55,5,1.75,0.10677083333333333,0.39999999999999997,3.2
1141,18,54,3,1.75,0.09375,0.39999999999999997,3.2
1142,18,57,5,1.75,0.08854166666666666,0.39999999999999997,3.2
1143,18,58,1,1.7,0.049479166666666664,0.39999999999999997,3.2
1144,20,56,3,1.8333333333333333,0.078125,0.49690399499995325,3.5555555555555554
1145,19,52,3,1.736842105263158,0.10677083333333333,0.4823763889427201,3.3684210526315788
1146,18,54,5,1.75,0.109375,0.39999999999999997,3.2
1147,19,55,5,1.7894736842105263,0.109375,0.4823763889427201,3.3684210526315788
1148,19,56,1,1.7894736842105263,0.06249999999999999,0.4823763889427201,3.3684210526315788
1149,19,55,5,1.7894736842105263,0.10416666666666666,0.4823763889427201,3.3684210526315788
1150,18,60,3,1.75,0.0546875,0.39999999999999997,3.2
1151,17,55,5,1.6666666666666667,0.09523809523809523,0.3086066999241838,3.0
1152,19,53,3,1.7894736842105263,0.1015625,0.4823763889427201,3.3684210526315788
1153,19,51,6,1.7894736842105263,0.14322916666666666,0.4823763889427201,3.3684210526315788
1154,18,55,1,1.65,0.06349206349206349,0.47696960070847283,3.15
1155,18,58,2,1.75,0.05729166666666666,0.39999999999999997,3.2
1156,19,57,3,1.7894736842105263,0.07291666666666667,0.4823763889427201,3.3684210526315788
1157,18,51,7,1.75,0.1484375,0.39999999999999997,3.2
1158,18,56,4,1.75,0.09375,0.39999999999999997,3.2
1159,19,61,2,1.7894736842105263,0.036458333333333336,0.48237638894272,3.3684210526315788
1160,19,54,4,1.7894736842105263,0.1015625,0.48237638894272,3.3684210526315788
1161,19,53,2,1.7894736842105263,0.08854166666666666,0.4823763889427201,3.3684210526315788
1162,18,57,1,1.75,0.0546875,0.39999999999999997,3.2
1163,19,58,2,1.7894736842105263,0.05989583333333333,0.48237638894272,3.3684210526315788
1164,19,56,2,1.7894736842105263,0.0703125,0.4823763889427201,3.3684210526315788
1165,18,57,2,1.75,0.06510416666666666,0.39999999999999997,3.2
1166,18,53,4,1.7,0.10677083333333333,0.39999999999999997,3.2
1167,19,55,4,1.7894736842105263,0.09375,0.4823763889427201,3.3684210526315788
1168,18,57,2,1.75,0.0703125,0.39999999999999997,3.2
1169,19,56,2,1.7894736842105263,0.0703125,0.4823763889427201,3.3684210526315788
1170,19,55,5,1.7894736842105263,0.10416666666666666,0.4823763889427201,3.3684210526315788
1171,19,55,1,1.7894736842105263,0.06770833333333333,0.4823763889427201,3.3684210526315788
1172,18,60,1,1.75,0.0390625,0.39999999999999997,3.2
1173,18,55,5,1.75,0.10416666666666666,0.39999999999999997,3.2
1174,19,56,1,1.736842105263158,0.05555555555555555,0.5668594533825794,3.3157894736842106
1175,18,58,5,1.75,0.08333333333333333,0.39999999999999997,3.2
1176,18,50,6,1.75,0.14583333333333331,0.39999999999999997,3.2
1177,18,56,2,1.75,0.07291666666666666,0.39999999999999997,3.2
1178,19,58,2,1.7894736842105263,0.05729166666666666,0.48237638894272,3.3684210526315788
1179,19,55,4,1.7894736842105263,0.09895833333333333,0.4823763889427201,3.3684210526315788
1180,18,49,4,1.75,0.13541666666666666,0.39999999999999997,3.2
1181,19,56,1,1.7894736842105263,0.06510416666666666,0.4823763889427201,3.3684210526315788
1182,19,56,4,1.7894736842105263,0.08854166666666666,0.4823763889427201,3.3684210526315788
1183,18,53,5,1.75,0.12239583333333333,0.39999999999999997,3.2
1184,18,49,7,1.7,0.164021164021164,0.47696960070847283,3.15
1185,18,57,3,1.75,0.07552083333333333,0.39999999999999997,3.2
1186,19,55,2,1.7894736842105263,0.078125,0.4823763889427201,3.3684210526315788
1187,20,49,2,1.8333333333333333,0.125,0.49690399499995325,3.5555555555555554
1188,18,58,3,1.7,0.06770833333333333,0.39999999999999997,3.2
1189,17,57,3,1.7142857142857142,0.07552083333333333,0.21295885499997994,3.0476190476190474
1190,19,56,3,1.7894736842105263,0.0859375,0.4823763889427201,3.3684210526315788
1191,18,59,2,1.75,0.049479166666666664,0.39999999999999997,3.2
1192,18,53,1,1.75,0.08072916666666666,0.39999999999999997,3.2
1193,18,57,1,1.75,0.05208333333333333,0.39999999999999997,3.2
1194,18,58,1,1.75,0.05208333333333333,0.39999999999999997,3.2
1195,19,54,1,1.736842105263158,0.06878306878306878,0.5668594533825794,3.3157894736842106
1196,18,55,3,1.7,0.08854166666666666,0.39999999999999997,3.2
1197,19,60,2,1.7894736842105263,0.041666666666666664,0.4823763889427201,3.3684210526315788
1198,19,53,7,1.7894736842105263,0.13020833333333331,0.4823763889427201,3.3684210526315788
1199,19,50,1,1.7894736842105263,0.09895833333333333,0.4823763889427201,3.3684210526315788
1200,18,55,1,1.75,0.07291666666666666,0.39999999999999997,3.2
1201,19,54,4,1.7894736842105263,0.10416666666666666,0.4823763889427201,3.3684210526315788
1202,20,55,3,1.8333333333333333,0.08333333333333333,0.49690399499995325,3.5555555555555554
1203,17,59,3,1.7142857142857142,0.0625,0.21295885499997994,3.0476190476190474
1204,19,52,3,1.7894736842105263,0.11197916666666666,0.4823763889427201,3.3684210526315788
1205,18,54,4,1.75,0.10416666666666666,0.39999999999999997,3.2
1206,19,52,7,1.736842105263158,0.14322916666666669,0.4823763889427201,3.3684210526315788
1207,19,55,2,1.7894736842105263,0.07291666666666666,0.4823763889427201,3.3684210526315788
1208,20,51,6,1.8333333333333333,0.140625,0.49690399499995325,3.5555555555555554
1209,19,52,7,1.7894736842105263,0.1484375,0.48237638894272,3.3684210526315788
1210,20,54,3,1.8333333333333333,0.09635416666666666,0.49690399499995325,3.5555555555555554
1211,18,53,6,1.7,0.13020833333333334,0.39999999999999997,3.2
1212,17,56,3,1.7142857142857142,0.0859375,0.21295885499997994,3.0476190476190474
1213,19,56,3,1.7894736842105263,0.08072916666666666,0.4823763889427201,3.3684210526315788
1214,18,52,4,1.75,0.109375,0.39999999999999997,3.2
1215,18,52,6,1.75,0.1328125,0.39999999999999997,3.2
1216,18,54,3,1.7,0.08854166666666666,0.39999999999999997,3.2
1217,19,55,3,1.7894736842105263,0.09114583333333333,0.4823763889427201,3.3684210526315788
1218,18,49,4,1.75,0.14583333333333331,0.39999999999999997,3.2
1219,18,54,1,1.75,0.07291666666666666,0.39999999999999997,3.2
1220,20,53,6,1.7777777777777777,0.13020833333333331,0.49690399499995325,3.5555555555555554
1221,20,56,4,1.8333333333333333,0.08854166666666666,0.49690399499995325,3.5555555555555554
1222,18,58,1,1.75,0.049479166666666664,0.39999999999999997,3.2
1223,18,54,4,1.75,0.10416666666666666,0.39999999999999997,3.2
1224,20,50,9,1.7777777777777777,0.16927083333333331,0.49690399499995325,3.5555555555555554
1225,19,57,2,1.7894736842105263,0.0625,0.4823763889427201,3.3684210526315788
1226,19,58,3,1.7894736842105263,0.06510416666666666,0.4823763889427201,3.3684210526315788
1227,19,50,6,1.7894736842105263,0.15104166666666666,0.48237638894272,3.3684210526315788
1228,20,54,2,1.8333333333333333,0.08333333333333331,0.49690399499995325,3.5555555555555554
1229,19,54,3,1.736842105263158,0.0873015873015873,0.5668594533825794,3.3157894736842106
1230,20,55,5,1.8333333333333333,0.10677083333333333,0.49690399499995325,3.5555555555555554
1231,19,56,4,1.736842105263158,0.09375,0.4823763889427201,3.3684210526315788
1232,18,54,7,1.75,0.12760416666666669,0.39999999999999997,3.2
1233,19,56,3,1.7894736842105263,0.078125,0.4823763889427201,3.3684210526315788
1234,19,51,4,1.7894736842105263,0.1171875,0.4823763889427201,3.3684210526315788
1235,18,55,5,1.75,0.10677083333333333,0.39999999999999997,3.2
1236,18,60,1,1.7,0.03645833333333333,0.39999999999999997,3.2
1237,18,55,2,1.75,0.078125,0.39999999999999997,3.2
1238,18,57,6,1.75,0.1015625,0.39999999999999997,3.2
1239,19,55,4,1.7894736842105263,0.09635416666666666,0.4823763889427201,3.3684210526315788
1240,19,55,3,1.7894736842105263,0.0859375,0.4823763889427201,3.3684210526315788
1241,19,56,5,1.736842105263158,0.09895833333333333,0.4823763889427201,3.3684210526315788
1242,19,48,6,1.7894736842105263,0.16145833333333331,0.4823763889427201,3.3684210526315788
1243,19,54,3,1.7894736842105263,0.09375,0.4823763889427201,3.3684210526315788
1244,18,58,4,1.75,0.07552083333333333,0.39999999999999997,3.2
1245,19,55,0,1.7894736842105263,0.057291666666666664,0.48237638894272,3.3684210526315788
1246,20,57,4,1.8333333333333333,0.08333333333333333,0.49690399499995325,3.5555555555555554
1247,20,55,4,1.8333333333333333,0.09375,0.49690399499995325,3.5555555555555554
1248,19,53,4,1.7894736842105263,0.10937499999999999,0.4823763889427201,3.3684210526315788
1249,20,55,3,1.8333333333333333,0.08854166666666666,0.49690399499995325,3.5555555555555554
1250,20,48,4,1.8333333333333333,0.1484375,0.49690399499995325,3.5555555555555554
1251,18,55,5,1.75,0.10416666666666666,0.39999999999999997,3.2
1252,18,52,6,1.7,0.12760416666666669,0.39999999999999997,3.2
1253,18,57,2,1.75,0.06510416666666666,0.39999999999999997,3.2
1254,19,51,3,1.7894736842105263,0.109375,0.48237638894272,3.3684210526315788
1255,18,49,3,1.65,0.11904761904761904,0.47696960070847283,3.15
1256,18,53,3,1.75,0.10416666666666666,0.39999999999999997,3.2
1257,19,55,4,1.7894736842105263,0.09895833333333333,0.4823763889427201,3.3684210526315788
1258,19,54,7,1.7894736842105263,0.12760416666666666,0.4823763889427201,3.3684210526315788
1259,19,51,6,1.7894736842105263,0.140625,0.4823763889427201,3.3684210526315788
1260,19,57,6,1.7894736842105263,0.1015625,0.48237638894272,3.3684210526315788
1261,20,57,4,1.8333333333333333,0.08072916666666666,0.49690399499995325,3.5555555555555554
1262,19,50,5,1.736842105263158,0.1375661375661376,0.5668594533825794,3.3157894736842106
1263,19,57,2,1.7894736842105263,0.05989583333333333,0.4823763889427201,3.3684210526315788
1264,19,57,1,1.7894736842105263,0.05208333333333333,0.48237638894272,3.3684210526315788
1265,19,56,2,1.7894736842105263,0.0703125,0.4823763889427201,3.3684210526315788
1266,20,56,5,1.8333333333333333,0.09635416666666666,0.49690399499995325,3.5555555555555554
1267,18,49,6,1.7,0.1484375,0.39999999999999997,3.2
1268,18,57,4,1.7,0.0859375,0.39999999999999997,3.2
1269,20,53,4,1.7777777777777777,0.10677083333333331,0.49690399499995325,3.5555555555555554
1270,17,52,5,1.6666666666666667,0.1328125,0.21295885499997994,3.0476190476190474
1271,19,54,4,1.7894736842105263,0.10416666666666666,0.4823763889427201,3.3684210526315788
1272,18,57,0,1.75,0.046875,0.39999999999999997,3.2
1273,18,58,5,1.7,0.0859375,0.39999999999999997,3.2
1274,19,50,7,1.7894736842105263,0.15364583333333331,0.4823763889427201,3.3684210526315788
1275,19,54,3,1.7894736842105263,0.09635416666666666,0.4823763889427201,3.3684210526315788
1276,19,52,2,1.7894736842105263,0.09895833333333331,0.4823763889427201,3.3684210526315788
1277,18,54,3,1.7,0.09375,0.39999999999999997,3.2
1278,20,55,1,1.8333333333333333,0.07291666666666666,0.49690399499995325,3.5555555555555554
1279,18,54,5,1.75,0.11197916666666666,0.39999999999999997,3.2
1280,18,53,5,1.75,0.11979166666666666,0.39999999999999997,3.2
1281,19,57,2,1.7894736842105263,0.059895833333333336,0.4823763889427201,3.3684210526315788
1282,17,56,2,1.6666666666666667,0.07142857142857142,0.3086066999241838,3.0
1283,18,56,4,1.75,0.08593749999999999,0.39999999999999997,3.2
1284,19,54,5,1.736842105263158,0.11458333333333333,0.4823763889427201,3.3684210526315788
1285,19,52,7,1.7894736842105263,0.14322916666666669,0.4823763889427201,3.3684210526315788
1286,19,52,4,1.736842105263158,0.1171875,0.4823763889427201,3.3684210526315788
1287,18,52,5,1.75,0.13020833333333331,0.39999999999999997,3.2
1288,20,54,3,1.8333333333333333,0.09375,0.49690399499995325,3.5555555555555554
1289,17,55,4,1.7142857142857142,0.09375,0.21295885499997994,3.0476190476190474
1290,18,50,8,1.7,0.16666666666666666,0.39999999999999997,3.2
1291,18,50,3,1.75,0.1171875,0.39999999999999997,3.2
1292,18,51,2,1.75,0.10416666666666666,0.39999999999999997,3.2
1293,19,56,2,1.7894736842105263,0.07552083333333333,0.4823763889427201,3.3684210526315788
1294,18,57,4,1.75,0.08333333333333333,0.39999999999999997,3.2
1295,19,52,5,1.736842105263158,0.12760416666666666,0.4823763889427201,3.3684210526315788
1296,18,53,5,1.75,0.11458333333333331,0.39999999999999997,3.2
1297,19,52,7,1.7894736842105263,0.140625,0.4823763889427201,3.3684210526315788
1298,18,57,0,1.75,0.04427083333333333,0.39999999999999997,3.2
1299,19,50,5,1.7894736842105263,0.13802083333333331,0.4823763889427201,3.3684210526315788
1300,19,54,5,1.7894736842105263,0.109375,0.4823763889427201,3.3684210526315788
1301,19,55,2,1.7894736842105263,0.078125,0.4823763889427201,3.3684210526315788
1302,18,54,3,1.75,0.09635416666666666,0.39999999999999997,3.2
1303,19,50,7,1.736842105263158,0.15625,0.4823763889427201,3.3684210526315788
1304,19,53,5,1.7894736842105263,0.10937499999999999,0.4823763889427201,3.3684210526315788
1305,20,55,3,1.8333333333333333,0.08333333333333334,0.49690399499995325,3.5555555555555554
1306,20,55,2,1.8333333333333333,0.08072916666666666,0.49690399499995325,3.5555555555555554
1307,20,54,4,1.8333333333333333,0.09895833333333331,0.49690399499995325,3.5555555555555554
1308,18,53,5,1.7,0.11197916666666666,0.39999999999999997,3.2
1309,18,50,5,1.75,0.1328125,0.39999999999999997,3.2
1310,18,55,5,1.75,0.10677083333333333,0.39999999999999997,3.2
1311,19,54,4,1.7894736842105263,0.10416666666666666,0.4823763889427201,3.3684210526315788
1312,20,50,3,1.8333333333333333,0.11458333333333333,0.49690399499995325,3.5555555555555554
1313,18,54,4,1.75,0.10677083333333333,0.39999999999999997,3.2
1314,19,51,5,1.7894736842105263,0.12760416666666666,0.4823763889427201,3.3684210526315788
1315,19,59,2,1.7894736842105263,0.05208333333333333,0.4823763889427201,3.3684210526315788
1316,18,55,4,1.75,0.09895833333333333,0.39999999999999997,3.2
1317,19,56,3,1.7894736842105263,0.08333333333333333,0.48237638894272,3.3684210526315788
1318,18,54,4,1.7,0.10052910052910052,0.47696960070847283,3.15
1319,19,53,2,1.736842105263158,0.08854166666666666,0.48237638894272,3.3684210526315788
1320,18,55,4,1.75,0.09895833333333333,0.39999999999999997,3.2
1321,19,54,4,1.7894736842105263,0.09895833333333333,0.4823763889427201,3.3684210526315788
1322,19,54,4,1.736842105263158,0.10416666666666666,0.4823763889427201,3.3684210526315788
1323,18,53,3,1.7,0.1015625,0.39999999999999997,3.2
1324,18,54,5,1.7,0.11458333333333334,0.39999999999999997,3.2
1325,19,57,5,1.736842105263158,0.08854166666666666,0.4823763889427201,3.3684210526315788
1326,19,54,5,1.7894736842105263,0.10677083333333333,0.4823763889427201,3.3684210526315788
1327,20,57,1,1.8333333333333333,0.05208333333333333,0.49690399499995325,3.5555555555555554
1328,19,55,3,1.736842105263158,0.08854166666666666,0.4823763889427201,3.3684210526315788
1329,18,53,3,1.7,0.09523809523809523,0.47696960070847283,3.15
1330,19,51,3,1.7894736842105263,0.109375,0.48237638894272,3.3684210526315788
1331,19,55,5,1.7894736842105263,0.10156249999999999,0.4823763889427201,3.3684210526315788
1332,17,55,4,1.619047619047619,0.09375,0.21295885499997994,3.0476190476190474
1333,18,53,8,1.7,0.1484375,0.39999999999999997,3.2
1334,18,52,2,1.7,0.1015625,0.39999999999999997,3.2
1335,19,51,7,1.7894736842105263,0.1484375,0.4823763889427201,3.3684210526315788
1336,19,55,6,1.736842105263158,0.109375,0.4823763889427201,3.3684210526315788
1337,19,53,5,1.7894736842105263,0.11458333333333333,0.4823763889427201,3.3684210526315788
1338,20,53,4,1.8333333333333333,0.10416666666666666,0.49690399499995325,3.5555555555555554
1339,20,56,2,1.7777777777777777,0.06770833333333333,0.49690399499995325,3.5555555555555554
1340,19,56,2,1.7894736842105263,0.07031249999999999,0.4823763889427201,3.3684210526315788
1341,18,58,4,1.7,0.07552083333333333,0.39999999999999997,3.2
1342,19,54,6,1.7894736842105263,0.125,0.4823763889427201,3.3684210526315788
1343,19,51,3,1.7894736842105263,0.11197916666666664,0.4823763889427201,3.3684210526315788
1344,19,52,6,1.736842105263158,0.13802083333333331,0.4823763889427201,3.3684210526315788
1345,19,56,6,1.7894736842105263,0.10677083333333334,0.4823763889427201,3.3684210526315788
1346,19,53,7,1.7894736842105263,0.13541666666666666,0.4823763889427201,3.3684210526315788
1347,19,57,3,1.7894736842105263,0.07291666666666666,0.4823763889427201,3.3684210526315788
1348,19,51,6,1.7894736842105263,0.13802083333333331,0.4823763889427201,3.3684210526315788
1349,19,54,2,1.736842105263158,0.0859375,0.4823763889427201,3.3684210526315788
1350,17,53,4,1.619047619047619,0.109375,0.21295885499997994,3.0476190476190474
1351,18,51,7,1.75,0.15364583333333334,0.39999999999999997,3.2
1352,20,51,3,1.8333333333333333,0.11197916666666666,0.49690399499995325,3.5555555555555554
1353,18,54,5,1.75,0.11197916666666666,0.39999999999999997,3.2
1354,20,54,1,1.8333333333333333,0.078125,0.49690399499995325,3.5555555555555554
1355,19,51,3,1.736842105263158,0.11718749999999999,0.4823763889427201,3.3684210526315788
1356,18,52,5,1.75,0.12760416666666666,0.39999999999999997,3.2
1357,19,52,5,1.6842105263157894,0.12433862433862433,0.5668594533825794,3.3157894736842106
1358,19,49,4,1.7894736842105263,0.13802083333333331,0.48237638894272,3.3684210526315788
1359,19,56,4,1.7894736842105263,0.0859375,0.4823763889427201,3.3684210526315788
1360,19,53,5,1.736842105263158,0.11718749999999999,0.4823763889427201,3.3684210526315788
1361,18,56,5,1.75,0.09895833333333333,0.39999999999999997,3.2
1362,19,51,5,1.736842105263158,0.1328125,0.4823763889427201,3.3684210526315788
1363,19,52,4,1.7894736842105263,0.11458333333333333,0.4823763889427201,3.3684210526315788
1364,18,56,2,1.75,0.06770833333333333,0.39999999999999997,3.2
1365,20,53,5,1.8333333333333333,0.11197916666666666,0.49690399499995325,3.5555555555555554
1366,19,53,4,1.7894736842105263,0.11197916666666666,0.4823763889427201,3.3684210526315788
1367,18,57,4,1.7,0.0859375,0.39999999999999997,3.2
1368,18,49,8,1.75,0.17447916666666666,0.39999999999999997,3.2
1369,19,54,3,1.7894736842105263,0.08333333333333334,0.4823763889427201,3.3684210526315788
1370,19,54,4,1.736842105263158,0.1015625,0.4823763889427201,3.3684210526315788
1371,19,49,6,1.7894736842105263,0.15364583333333331,0.4823763889427201,3.3684210526315788
1372,18,58,3,1.75,0.0703125,0.39999999999999997,3.2
1373,21,54,4,1.8823529411764706,0.1015625,0.42418250299576343,3.764705882352941
1374,20,49,4,1.7777777777777777,0.12962962962962962,0.6009252125773316,3.5
1375,19,52,8,1.736842105263158,0.14814814814814814,0.5668594533825794,3.3157894736842106
1376,19,53,6,1.7894736842105263,0.12239583333333333,0.4823763889427201,3.3684210526315788
1377,19,56,4,1.736842105263158,0.08854166666666667,0.4823763889427201,3.3684210526315788
1378,20,54,4,1.8333333333333333,0.10416666666666666,0.49690399499995325,3.5555555555555554
1379,18,52,5,1.7,0.125,0.39999999999999997,3.2
1380,18,58,5,1.7,0.08333333333333333,0.39999999999999997,3.2
1381,20,53,7,1.7777777777777777,0.13802083333333331,0.49690399499995325,3.5555555555555554
1382,19,55,2,1.7894736842105263,0.07552083333333333,0.4823763889427201,3.3684210526315788
1383,18,53,6,1.7,0.1328125,0.39999999999999997,3.2
1384,18,56,3,1.75,0.08072916666666666,0.39999999999999997,3.2
1385,18,53,5,1.75,0.1171875,0.39999999999999997,3.2
1386,18,52,6,1.75,0.13541666666666666,0.39999999999999997,3.2
1387,19,52,5,1.7894736842105263,0.125,0.4823763889427201,3.3684210526315788
1388,20,56,1,1.8333333333333333,0.06510416666666666,0.49690399499995325,3.5555555555555554
1389,19,50,6,1.7894736842105263,0.14322916666666666,0.4823763889427201,3.3684210526315788
1390,19,54,6,1.7894736842105263,0.1171875,0.4823763889427201,3.3684210526315788
1391,19,49,7,1.7894736842105263,0.1640625,0.48237638894272,3.3684210526315788
1392,19,50,5,1.7894736842105263,0.13802083333333331,0.4823763889427201,3.3684210526315788
1393,18,58,1,1.7,0.047619047619047616,0.47696960070847283,3.15
1394,20,52,3,1.8333333333333333,0.10677083333333333,0.49690399499995325,3.5555555555555554
1395,19,53,3,1.7894736842105263,0.09895833333333333,0.4823763889427201,3.3684210526315788
1396,19,52,6,1.7894736842105263,0.13802083333333334,0.4823763889427201,3.3684210526315788
1397,18,55,5,1.75,0.09895833333333333,0.39999999999999997,3.2
1398,19,53,5,1.736842105263158,0.12239583333333333,0.4823763889427201,3.3684210526315788
1399,19,52,5,1.7894736842105263,0.12760416666666666,0.4823763889427201,3.3684210526315788
1400,19,54,3,1.736842105263158,0.09635416666666666,0.4823763889427201,3.3684210526315788
1401,18,52,6,1.75,0.1328125,0.39999999999999997,3.2
1402,18,52,5,1.75,0.125,0.39999999999999997,3.2
1403,18,53,3,1.75,0.1015625,0.39999999999999997,3.2
1404,19,47,2,1.7894736842105263,0.13541666666666666,0.48237638894272,3.3684210526315788
1405,19,51,6,1.7894736842105263,0.140625,0.4823763889427201,3.3684210526315788
1406,19,54,4,1.7894736842105263,0.1015625,0.48237638894272,3.3684210526315788
1407,19,56,6,1.7894736842105263,0.10677083333333333,0.4823763889427201,3.3684210526315788
1408,20,53,3,1.8333333333333333,0.09375,0.49690399499995325,3.5555555555555554
1409,20,50,4,1.7777777777777777,0.12239583333333331,0.49690399499995325,3.5555555555555554
1410,19,54,3,1.7894736842105263,0.09635416666666666,0.4823763889427201,3.3684210526315788
1411,19,54,4,1.6842105263157894,0.10052910052910052,0.5668594533825794,3.3157894736842106
1412,19,53,4,1.736842105263158,0.10317460317460317,0.5668594533825794,3.3157894736842106
1413,18,49,8,1.7,0.16666666666666669,0.39999999999999997,3.2
1414,19,50,5,1.7894736842105263,0.14322916666666669,0.4823763889427201,3.3684210526315788
1415,19,51,8,1.7894736842105263,0.15625,0.4823763889427201,3.3684210526315788
1416,19,55,4,1.7894736842105263,0.09895833333333333,0.48237638894272,3.3684210526315788
1417,19,54,4,1.7894736842105263,0.10677083333333333,0.48237638894272,3.3684210526315788
1418,20,55,2,1.8333333333333333,0.08072916666666666,0.49690399499995325,3.5555555555555554
1419,19,50,5,1.7894736842105263,0.13802083333333331,0.4823763889427201,3.3684210526315788
1420,20,54,4,1.8333333333333333,0.1015625,0.49690399499995325,3.5555555555555554
1421,19,49,5,1.736842105263158,0.14583333333333331,0.4823763889427201,3.3684210526315788
1422,18,51,3,1.75,0.10677083333333331,0.39999999999999997,3.2
1423,18,52,5,1.7,0.11979166666666666,0.39999999999999997,3.2
1424,18,55,5,1.75,0.09895833333333331,0.39999999999999997,3.2
1425,20,54,4,1.8333333333333333,0.10416666666666666,0.49690399499995325,3.5555555555555554
1426,18,53,7,1.7,0.13541666666666666,0.39999999999999997,3.2
1427,18,56,3,1.75,0.07552083333333333,0.39999999999999997,3.2
1428,19,51,3,1.736842105263158,0.11458333333333333,0.4823763889427201,3.3684210526315788
1429,20,55,5,1.8333333333333333,0.10677083333333333,0.49690399499995325,3.5555555555555554
1430,19,56,2,1.7894736842105263,0.07291666666666666,0.4823763889427201,3.3684210526315788
1431,18,56,2,1.75,0.07291666666666666,0.39999999999999997,3.2
1432,20,54,6,1.8333333333333333,0.125,0.49690399499995325,3.5555555555555554
1433,18,50,6,1.75,0.14583333333333331,0.39999999999999997,3.2
1434,18,54,4,1.7,0.10677083333333333,0.39999999999999997,3.2
1435,20,47,7,1.8333333333333333,0.1796875,0.49690399499995325,3.5555555555555554
1436,18,52,4,1.65,0.10846560846560846,0.47696960070847283,3.15
1437,19,49,6,1.736842105263158,0.15104166666666666,0.4823763889427201,3.3684210526315788
1438,18,48,6,1.75,0.16145833333333331,0.39999999999999997,3.2
1439,19,54,4,1.7894736842105263,0.1015625,0.4823763889427201,3.3684210526315788
1440,19,51,5,1.7894736842105263,0.13541666666666666,0.4823763889427201,3.3684210526315788
1441,19,56,2,1.7894736842105263,0.0703125,0.4823763889427201,3.3684210526315788
1442,18,51,3,1.7,0.1111111111111111,0.47696960070847283,3.15
1443,19,52,3,1.736842105263158,0.11197916666666666,0.4823763889427201,3.3684210526315788
1444,19,54,4,1.7894736842105263,0.09895833333333333,0.4823763889427201,3.3684210526315788
1445,19,54,3,1.7894736842105263,0.09895833333333333,0.4823763889427201,3.3684210526315788
1446,18,56,4,1.7,0.09114583333333334,0.39999999999999997,3.2
1447,18,51,6,1.7,0.14583333333333331,0.39999999999999997,3.2
1448,18,52,5,1.7,0.13020833333333334,0.39999999999999997,3.2
1449,19,49,7,1.736842105263158,0.15364583333333331,0.4823763889427201,3.3684210526315788
1450,20,50,4,1.7777777777777777,0.1328125,0.49690399499995325,3.5555555555555554
1451,19,55,5,1.7894736842105263,0.10677083333333334,0.48237638894272,3.3684210526315788
1452,19,56,3,1.7894736842105263,0.08333333333333333,0.4823763889427201,3.3684210526315788
1453,19,51,7,1.736842105263158,0.1484375,0.4823763889427201,3.3684210526315788
1454,18,47,6,1.75,0.17447916666666666,0.39999999999999997,3.2
1455,19,52,5,1.736842105263158,0.12760416666666666,0.4823763889427201,3.3684210526315788
1456,19,54,4,1.736842105263158,0.10416666666666666,0.4823763889427201,3.3684210526315788
1457,19,53,4,1.736842105263158,0.10582010582010581,0.5668594533825794,3.3157894736842106
1458,19,49,6,1.736842105263158,0.1455026455026455,0.5668594533825794,3.3157894736842106
1459,18,52,4,1.75,0.12239583333333333,0.39999999999999997,3.2
1460,18,51,5,1.7,0.13802083333333331,0.39999999999999997,3.2
1461,20,54,4,1.7777777777777777,0.10677083333333333,0.49690399499995325,3.5555555555555554
1462,20,52,5,1.7777777777777777,0.12760416666666666,0.49690399499995325,3.5555555555555554
1463,18,53,7,1.75,0.13802083333333334,0.39999999999999997,3.2
1464,18,54,0,1.75,0.07291666666666666,0.39999999999999997,3.2
1465,18,49,7,1.7,0.16145833333333331,0.39999999999999997,3.2
1466,19,50,6,1.736842105263158,0.1484375,0.4823763889427201,3.3684210526315788
1467,19,48,7,1.7894736842105263,0.17447916666666666,0.4823763889427201,3.3684210526315788
1468,20,53,5,1.7777777777777777,0.1171875,0.49690399499995325,3.5555555555555554
1469,19,55,5,1.736842105263158,0.10416666666666666,0.4823763889427201,3.3684210526315788
1470,19,50,6,1.7894736842105263,0.14322916666666666,0.4823763889427201,3.3684210526315788
1471,18,53,6,1.75,0.12239583333333331,0.39999999999999997,3.2
1472,18,55,5,1.7,0.10416666666666666,0.39999999999999997,3.2
1473,18,56,4,1.7,0.0873015873015873,0.47696960070847283,3.15
1474,18,54,4,1.7,0.10052910052910052,0.47696960070847283,3.15
1475,18,55,3,1.75,0.0859375,0.39999999999999997,3.2
1476,19,50,6,1.736842105263158,0.14322916666666666,0.4823763889427201,3.3684210526315788
1477,19,52,2,1.7894736842105263,0.09635416666666666,0.4823763889427201,3.3684210526315788
1478,20,52,5,1.7777777777777777,0.1171875,0.49690399499995325,3.5555555555555554
1479,19,56,4,1.736842105263158,0.08854166666666666,0.4823763889427201,3.3684210526315788
1480,19,48,9,1.736842105263158,0.18489583333333331,0.48237638894272,3.3684210526315788
1481,20,52,9,1.8333333333333333,0.16145833333333331,0.49690399499995325,3.5555555555555554
1482,19,55,5,1.7894736842105263,0.1015625,0.4823763889427201,3.3684210526315788
1483,19,49,7,1.736842105263158,0.171875,0.4823763889427201,3.3684210526315788
1484,18,48,9,1.7,0.1875,0.39999999999999997,3.2
1485,19,53,5,1.736842105263158,0.11979166666666666,0.4823763889427201,3.3684210526315788
1486,20,52,5,1.7777777777777777,0.12499999999999999,0.49690399499995325,3.5555555555555554
1487,20,50,9,1.7777777777777777,0.16927083333333331,0.49690399499995325,3.5555555555555554
1488,20,50,7,1.7777777777777777,0.15364583333333331,0.49690399499995325,3.5555555555555554
1489,19,48,8,1.736842105263158,0.1875,0.4823763889427201,3.3684210526315788
1490,19,51,5,1.736842105263158,0.1328125,0.4823763889427201,3.3684210526315788
1491,19,51,7,1.7894736842105263,0.15104166666666666,0.4823763889427201,3.3684210526315788
1492,18,55,7,1.75,0.125,0.39999999999999997,3.2
1493,19,51,6,1.736842105263158,0.14583333333333331,0.4823763889427201,3.3684210526315788
1494,19,52,6,1.7894736842105263,0.13020833333333331,0.4823763889427201,3.3684210526315788
1495,18,55,3,1.75,0.08333333333333333,0.39999999999999997,3.2
1496,18,54,4,1.7,0.10156249999999999,0.39999999999999997,3.2
1497,19,51,4,1.736842105263158,0.12760416666666666,0.4823763889427201,3.3684210526315788
1498,19,53,5,1.7894736842105263,0.11458333333333334,0.4823763889427201,3.3684210526315788
1499,19,50,8,1.736842105263158,0.16666666666666666,0.4823763889427201,3.3684210526315788
1500,19,56,3,1.7894736842105263,0.08072916666666666,0.4823763889427201,3.3684210526315788
1501,19,55,3,1.7894736842105263,0.0859375,0.4823763889427201,3.3684210526315788
1502,20,55,5,1.7777777777777777,0.10416666666666666,0.49690399499995325,3.5555555555555554
1503,19,51,5,1.7894736842105263,0.13541666666666666,0.4823763889427201,3.3684210526315788
1504,18,54,5,1.75,0.109375,0.39999999999999997,3.2
1505,19,51,6,1.6842105263157894,0.1349206349206349,0.5668594533825794,3.3157894736842106
1506,19,53,4,1.7894736842105263,0.11197916666666666,0.4823763889427201,3.3684210526315788
1507,18,52,6,1.7,0.13541666666666666,0.39999999999999997,3.2
1508,19,53,5,1.7894736842105263,0.11979166666666666,0.4823763889427201,3.3684210526315788
1509,19,53,5,1.736842105263158,0.1171875,0.4823763889427201,3.3684210526315788
1510,19,56,5,1.736842105263158,0.1015625,0.4823763889427201,3.3684210526315788
1511,20,55,3,1.8333333333333333,0.08854166666666666,0.49690399499995325,3.5555555555555554
1512,19,54,5,1.7894736842105263,0.11197916666666666,0.48237638894272,3.3684210526315788
1513,19,53,7,1.736842105263158,0.13541666666666666,0.4823763889427201,3.3684210526315788
1514,20,55,6,1.7777777777777777,0.11197916666666666,0.49690399499995325,3.5555555555555554
1515,18,50,7,1.75,0.15364583333333331,0.39999999999999997,3.2
1516,18,55,4,1.75,0.09635416666666666,0.39999999999999997,3.2
1517,18,50,8,1.7,0.1640625,0.39999999999999997,3.2
1518,20,53,8,1.7222222222222223,0.13756613756613756,0.6009252125773316,3.5
1519,20,54,5,1.8333333333333333,0.11197916666666666,0.49690399499995325,3.5555555555555554
1520,18,57,4,1.7,0.0859375,0.39999999999999997,3.2
1521,18,55,4,1.75,0.09635416666666666,0.39999999999999997,3.2
1522,18,52,5,1.7,0.13020833333333331,0.39999999999999997,3.2
1523,19,55,3,1.7894736842105263,0.0859375,0.4823763889427201,3.3684210526315788
1524,18,55,4,1.7,0.09635416666666666,0.39999999999999997,3.2
1525,19,46,8,1.7894736842105263,0.19270833333333334,0.4823763889427201,3.3684210526315788
1526,18,53,5,1.75,0.11979166666666667,0.39999999999999997,3.2
1527,19,55,4,1.7894736842105263,0.09375,0.4823763889427201,3.3684210526315788
1528,19,52,3,1.7894736842105263,0.10416666666666666,0.4823763889427201,3.3684210526315788
1529,18,51,7,1.7,0.15625,0.39999999999999997,3.2
1530,17,51,4,1.6666666666666667,0.12499999999999999,0.21295885499997994,3.0476190476190474
1531,18,50,6,1.7,0.14021164021164023,0.47696960070847283,3.15
1532,19,50,7,1.736842105263158,0.15625,0.4823763889427201,3.3684210526315788
1533,19,51,4,1.7894736842105263,0.125,0.4823763889427201,3.3684210526315788
1534,19,52,6,1.7894736842105263,0.1328125,0.4823763889427201,3.3684210526315788
1535,19,51,5,1.736842105263158,0.1349206349206349,0.5668594533825794,3.3157894736842106
1536,18,52,5,1.75,0.12760416666666666,0.39999999999999997,3.2
1537,19,55,5,1.736842105263158,0.10416666666666666,0.4823763889427201,3.3684210526315788
1538,19,51,6,1.7894736842105263,0.140625,0.4823763889427201,3.3684210526315788
1539,20,58,2,1.8333333333333333,0.05989583333333333,0.49690399499995325,3.5555555555555554
1540,19,54,5,1.736842105263158,0.10846560846560846,0.5668594533825794,3.3157894736842106
1541,20,52,7,1.7777777777777777,0.14583333333333334,0.49690399499995325,3.5555555555555554
1542,19,50,7,1.736842105263158,0.15625,0.4823763889427201,3.3684210526315788
1543,18,49,6,1.75,0.15104166666666666,0.39999999999999997,3.2
1544,19,57,4,1.7894736842105263,0.08333333333333333,0.4823763889427201,3.3684210526315788
1545,18,49,5,1.7,0.15104166666666666,0.39999999999999997,3.2
1546,19,54,5,1.736842105263158,0.11197916666666666,0.48237638894272,3.3684210526315788
1547,19,49,6,1.736842105263158,0.14814814814814814,0.5668594533825794,3.3157894736842106
1548,20,53,6,1.7777777777777777,0.12760416666666666,0.49690399499995325,3.5555555555555554
1549,18,51,6,1.65,0.1375661375661376,0.47696960070847283,3.15
1550,19,53,6,1.7894736842105263,0.12760416666666666,0.4823763889427201,3.3684210526315788
1551,18,51,4,1.75,0.12239583333333333,0.39999999999999997,3.2
1552,19,52,5,1.736842105263158,0.12239583333333334,0.48237638894272,3.3684210526315788
1553,18,52,3,1.7,0.10677083333333334,0.39999999999999997,3.2
1554,20,52,7,1.8333333333333333,0.14583333333333331,0.49690399499995325,3.5555555555555554
1555,18,48,7,1.75,0.171875,0.39999999999999997,3.2
1556,19,52,4,1.7894736842105263,0.11979166666666666,0.4823763889427201,3.3684210526315788
1557,19,50,7,1.736842105263158,0.1484375,0.4823763889427201,3.3684210526315788
1558,18,55,4,1.75,0.09635416666666666,0.39999999999999997,3.2
1559,18,51,5,1.65,0.12169312169312169,0.47696960070847283,3.15
1560,19,53,5,1.736842105263158,0.11718749999999999,0.4823763889427201,3.3684210526315788
1561,19,53,3,1.7894736842105263,0.09375,0.48237638894272,3.3684210526315788
1562,19,48,9,1.7894736842105263,0.1875,0.4823763889427201,3.3684210526315788
1563,19,48,5,1.7894736842105263,0.15364583333333331,0.4823763889427201,3.3684210526315788
1564,19,49,5,1.7894736842105263,0.15104166666666666,0.4823763889427201,3.3684210526315788
1565,19,52,6,1.736842105263158,0.1328125,0.4823763889427201,3.3684210526315788
1566,19,46,9,1.736842105263158,0.203125,0.4823763889427201,3.3684210526315788
1567,19,52,7,1.736842105263158,0.14322916666666666,0.4823763889427201,3.3684210526315788
1568,19,49,7,1.736842105263158,0.1560846560846561,0.5668594533825794,3.3157894736842106
1569,19,52,7,1.736842105263158,0.140625,0.4823763889427201,3.3684210526315788
1570,19,52,7,1.7894736842105263,0.140625,0.4823763889427201,3.3684210526315788
1571,18,52,3,1.75,0.10677083333333331,0.39999999999999997,3.2
1572,20,52,6,1.7777777777777777,0.13020833333333334,0.49690399499995325,3.5555555555555554
1573,18,52,7,1.7,0.140625,0.39999999999999997,3.2
1574,18,51,6,1.75,0.13541666666666666,0.39999999999999997,3.2
1575,20,53,6,1.8333333333333333,0.125,0.49690399499995325,3.5555555555555554
1576,20,57,1,1.8333333333333333,0.05989583333333333,0.49690399499995325,3.5555555555555554
1577,20,54,6,1.7777777777777777,0.11979166666666666,0.49690399499995325,3.5555555555555554
1578,19,50,4,1.736842105263158,0.12698412698412698,0.5668594533825794,3.3157894736842106
1579,20,53,7,1.7777777777777777,0.140625,0.49690399499995325,3.5555555555555554
1580,19,46,7,1.7894736842105263,0.17708333333333334,0.4823763889427201,3.3684210526315788
1581,19,50,5,1.7894736842105263,0.13802083333333331,0.4823763889427201,3.3684210526315788
1582,19,51,7,1.736842105263158,0.15104166666666666,0.4823763889427201,3.3684210526315788
1583,18,55,5,1.75,0.10677083333333333,0.39999999999999997,3.2
1584,20,52,7,1.7777777777777777,0.14583333333333331,0.49690399499995325,3.5555555555555554
1585,18,52,5,1.75,0.125,0.39999999999999997,3.2
1586,20,52,6,1.7777777777777777,0.13541666666666666,0.49690399499995325,3.5555555555555554
1587,19,55,4,1.6842105263157894,0.0925925925925926,0.5668594533825794,3.3157894736842106
1588,17,51,4,1.6666666666666667,0.125,0.21295885499997994,3.0476190476190474
1589,19,48,6,1.7894736842105263,0.1640625,0.4823763889427201,3.3684210526315788
1590,20,47,8,1.7777777777777777,0.18229166666666669,0.49690399499995325,3.5555555555555554
1591,19,54,4,1.7894736842105263,0.09895833333333333,0.4823763889427201,3.3684210526315788
1592,19,52,6,1.736842105263158,0.13802083333333331,0.4823763889427201,3.3684210526315788
1593,19,53,5,1.7894736842105263,0.11458333333333331,0.4823763889427201,3.3684210526315788
1594,19,54,5,1.7894736842105263,0.11458333333333334,0.4823763889427201,3.3684210526315788
1595,19,51,7,1.736842105263158,0.1484375,0.4823763889427201,3.3684210526315788
1596,19,51,7,1.7894736842105263,0.15364583333333331,0.4823763889427201,3.3684210526315788
1597,19,52,5,1.7894736842105263,0.125,0.4823763889427201,3.3684210526315788
1598,19,48,7,1.7894736842105263,0.16927083333333334,0.48237638894272,3.3684210526315788
1599,19,51,5,1.736842105263158,0.13802083333333331,0.4823763889427201,3.3684210526315788
1600,19,53,6,1.7894736842105263,0.12760416666666669,0.4823763889427201,3.3684210526315788
1601,18,52,5,1.7,0.12239583333333331,0.39999999999999997,3.2
1602,19,51,6,1.6842105263157894,0.1349206349206349,0.5668594533825794,3.3157894736842106
1603,19,50,6,1.736842105263158,0.14583333333333331,0.4823763889427201,3.3684210526315788
1604,18,53,4,1.75,0.10416666666666666,0.39999999999999997,3.2
1605,19,50,8,1.736842105263158,0.16666666666666669,0.4823763889427201,3.3684210526315788
1606,18,49,5,1.75,0.14322916666666666,0.39999999999999997,3.2
1607,19,54,5,1.7894736842105263,0.11197916666666666,0.4823763889427201,3.3684210526315788
1608,19,54,3,1.736842105263158,0.08854166666666666,0.4823763889427201,3.3684210526315788
1609,20,53,4,1.8333333333333333,0.10677083333333333,0.49690399499995325,3.5555555555555554
1610,19,56,4,1.7894736842105263,0.09375,0.4823763889427201,3.3684210526315788
1611,18,45,7,1.75,0.19270833333333331,0.39999999999999997,3.2
1612,18,53,5,1.7,0.11458333333333334,0.39999999999999997,3.2
1613,18,51,4,1.75,0.12239583333333331,0.39999999999999997,3.2
1614,19,53,6,1.7894736842105263,0.12760416666666666,0.4823763889427201,3.3684210526315788
1615,19,54,5,1.7894736842105263,0.109375,0.4823763889427201,3.3684210526315788
1616,19,51,9,1.7894736842105263,0.16666666666666666,0.4823763889427201,3.3684210526315788
1617,19,49,5,1.736842105263158,0.14583333333333334,0.4823763889427201,3.3684210526315788
1618,20,50,5,1.8333333333333333,0.13541666666666666,0.49690399499995325,3.5555555555555554
1619,19,56,7,1.7894736842105263,0.1171875,0.4823763889427201,3.3684210526315788
1620,18,51,7,1.65,0.1484375,0.39999999999999997,3.2
1621,19,49,6,1.736842105263158,0.15104166666666666,0.4823763889427201,3.3684210526315788
1622,18,53,4,1.7,0.10416666666666666,0.39999999999999997,3.2
1623,19,50,5,1.736842105263158,0.13802083333333331,0.4823763889427201,3.3684210526315788
1624,19,49,5,1.736842105263158,0.14583333333333331,0.4823763889427201,3.3684210526315788
1625,20,50,8,1.8333333333333333,0.16927083333333331,0.49690399499995325,3.5555555555555554
1626,19,48,8,1.736842105263158,0.1796875,0.4823763889427201,3.3684210526315788
1627,20,49,6,1.8333333333333333,0.15364583333333331,0.49690399499995325,3.5555555555555554
1628,19,50,6,1.7894736842105263,0.1484375,0.4823763889427201,3.3684210526315788
1629,19,50,4,1.7894736842105263,0.1328125,0.4823763889427201,3.3684210526315788
1630,20,55,2,1.8333333333333333,0.07552083333333333,0.49690399499995325,3.5555555555555554
1631,18,50,6,1.75,0.14583333333333331,0.39999999999999997,3.2
1632,19,50,7,1.736842105263158,0.15364583333333331,0.4823763889427201,3.3684210526315788
1633,20,47,7,1.8333333333333333,0.1796875,0.49690399499995325,3.5555555555555554
1634,19,50,6,1.736842105263158,0.14583333333333331,0.4823763889427201,3.3684210526315788
1635,19,54,4,1.7894736842105263,0.1015625,0.4823763889427201,3.3684210526315788
1636,19,50,5,1.736842105263158,0.13802083333333331,0.4823763889427201,3.3684210526315788
1637,18,54,7,1.7,0.13020833333333331,0.39999999999999997,3.2
1638,18,53,7,1.7,0.13802083333333331,0.39999999999999997,3.2
1639,19,52,4,1.736842105263158,0.11458333333333333,0.4823763889427201,3.3684210526315788
1640,19,50,8,1.7894736842105263,0.1640625,0.4823763889427201,3.3684210526315788
1641,20,52,6,1.7777777777777777,0.1328125,0.49690399499995325,3.5555555555555554
1642,19,53,6,1.7894736842105263,0.125,0.4823763889427201,3.3684210526315788
1643,19,51,6,1.736842105263158,0.13756613756613756,0.5668594533825794,3.3157894736842106
1644,19,53,7,1.7894736842105263,0.13541666666666666,0.4823763889427201,3.3684210526315788
1645,19,54,4,1.7894736842105263,0.1015625,0.4823763889427201,3.3684210526315788
1646,19,51,6,1.7894736842105263,0.13541666666666666,0.4823763889427201,3.3684210526315788
1647,18,44,9,1.75,0.21614583333333331,0.39999999999999997,3.2
1648,19,50,10,1.736842105263158,0.18489583333333331,0.4823763889427201,3.3684210526315788
1649,18,49,5,1.7,0.14322916666666666,0.39999999999999997,3.2
1650,19,52,6,1.6842105263157894,0.13227513227513227,0.5668594533825794,3.3157894736842106
1651,19,48,7,1.736842105263158,0.171875,0.4823763889427201,3.3684210526315788
1652,18,54,7,1.75,0.13020833333333331,0.39999999999999997,3.2
1653,19,50,6,1.7894736842105263,0.14583333333333331,0.4823763889427201,3.3684210526315788
1654,20,49,4,1.7777777777777777,0.1328125,0.49690399499995325,3.5555555555555554
1655,19,52,4,1.736842105263158,0.1111111111111111,0.5668594533825794,3.3157894736842106
1656,19,49,4,1.7894736842105263,0.1328125,0.4823763889427201,3.3684210526315788
1657,19,53,3,1.7894736842105263,0.1015625,0.4823763889427201,3.3684210526315788
1658,19,47,6,1.736842105263158,0.1560846560846561,0.5668594533825794,3.3157894736842106
1659,20,55,3,1.8333333333333333,0.09114583333333333,0.49690399499995325,3.5555555555555554
1660,19,50,5,1.736842105263158,0.14322916666666666,0.4823763889427201,3.3684210526315788
1661,18,56,4,1.7,0.09114583333333333,0.39999999999999997,3.2
1662,17,49,7,1.619047619047619,0.15873015873015872,0.3086066999241838,3.0
1663,19,56,5,1.736842105263158,0.09523809523809523,0.5668594533825794,3.3157894736842106
1664,19,53,6,1.736842105263158,0.125,0.4823763889427201,3.3684210526315788
1665,19,53,5,1.736842105263158,0.1171875,0.4823763889427201,3.3684210526315788
1666,19,54,4,1.736842105263158,0.10416666666666666,0.4823763889427201,3.3684210526315788
1667,19,50,4,1.7894736842105263,0.125,0.4823763889427201,3.3684210526315788
1668,19,55,4,1.736842105263158,0.09375,0.4823763889427201,3.3684210526315788
1669,20,50,8,1.8333333333333333,0.16666666666666666,0.49690399499995325,3.5555555555555554
1670,19,55,5,1.7894736842105263,0.1015625,0.4823763889427201,3.3684210526315788
1671,19,53,6,1.6842105263157894,0.12433862433862433,0.5668594533825794,3.3157894736842106
1672,20,54,5,1.7777777777777777,0.11458333333333333,0.49690399499995325,3.5555555555555554
1673,19,51,8,1.736842105263158,0.15885416666666666,0.4823763889427201,3.3684210526315788
1674,19,50,7,1.736842105263158,0.15885416666666666,0.4823763889427201,3.3684210526315788
1675,19,50,7,1.6842105263157894,0.14814814814814814,0.5668594533825794,3.3157894736842106
1676,18,55,4,1.75,0.09895833333333333,0.39999999999999997,3.2
1677,19,54,5,1.736842105263158,0.11197916666666666,0.4823763889427201,3.3684210526315788
1678,18,54,5,1.7,0.10937499999999999,0.39999999999999997,3.2
1679,19,47,7,1.7894736842105263,0.17447916666666666,0.4823763889427201,3.3684210526315788
1680,19,47,9,1.7894736842105263,0.19791666666666663,0.4823763889427201,3.3684210526315788
1681,19,52,8,1.736842105263158,0.15104166666666666,0.4823763889427201,3.3684210526315788
1682,18,52,5,1.7,0.12499999999999999,0.39999999999999997,3.2
1683,19,51,8,1.736842105263158,0.16145833333333331,0.4823763889427201,3.3684210526315788
1684,19,48,7,1.736842105263158,0.1693121693121693,0.5668594533825794,3.3157894736842106
1685,19,48,3,1.7894736842105263,0.13541666666666666,0.4823763889427201,3.3684210526315788
1686,19,52,6,1.7894736842105263,0.13802083333333331,0.48237638894272,3.3684210526315788
1687,18,55,6,1.7,0.11458333333333333,0.39999999999999997,3.2
1688,19,50,9,1.736842105263158,0.171875,0.4823763889427201,3.3684210526315788
1689,19,49,9,1.736842105263158,0.17989417989417988,0.5668594533825794,3.3157894736842106
1690,20,48,9,1.8333333333333333,0.19270833333333331,0.49690399499995325,3.5555555555555554
1691,19,55,6,1.736842105263158,0.11197916666666666,0.4823763889427201,3.3684210526315788
1692,19,52,6,1.7894736842105263,0.1328125,0.48237638894272,3.3684210526315788
1693,19,49,5,1.7894736842105263,0.1484375,0.4823763889427201,3.3684210526315788
1694,19,51,6,1.7894736842105263,0.140625,0.4823763889427201,3.3684210526315788
1695,19,52,5,1.736842105263158,0.13020833333333331,0.4823763889427201,3.3684210526315788
1696,18,51,7,1.7,0.15104166666666666,0.39999999999999997,3.2
1697,20,53,6,1.8333333333333333,0.12760416666666666,0.49690399499995325,3.5555555555555554
1698,19,55,3,1.736842105263158,0.08333333333333333,0.4823763889427201,3.3684210526315788
1699,20,50,6,1.7777777777777777,0.15104166666666666,0.49690399499995325,3.5555555555555554
1700,20,57,4,1.8333333333333333,0.08333333333333333,0.49690399499995325,3.5555555555555554
1701,19,55,4,1.7894736842105263,0.09635416666666666,0.4823763889427201,3.3684210526315788
1702,20,47,8,1.7777777777777777,0.19010416666666666,0.49690399499995325,3.5555555555555554
1703,19,50,7,1.736842105263158,0.15885416666666666,0.4823763889427201,3.3684210526315788
1704,19,52,3,1.7894736842105263,0.10416666666666666,0.4823763889427201,3.3684210526315788
1705,18,53,5,1.65,0.1171875,0.39999999999999997,3.2
1706,20,51,8,1.7777777777777777,0.15364583333333331,0.49690399499995325,3.5555555555555554
1707,18,50,5,1.7,0.1349206349206349,0.47696960070847283,3.15
1708,19,50,5,1.7894736842105263,0.14322916666666666,0.4823763889427201,3.3684210526315788
1709,18,52,5,1.75,0.12760416666666666,0.39999999999999997,3.2
1710,20,49,5,1.8333333333333333,0.1484375,0.49690399499995325,3.5555555555555554
1711,18,52,6,1.75,0.13020833333333331,0.39999999999999997,3.2
1712,18,53,7,1.7,0.13020833333333331,0.39999999999999997,3.2
1713,19,51,7,1.7894736842105263,0.14583333333333334,0.4823763889427201,3.3684210526315788
1714,18,53,6,1.7,0.12760416666666666,0.39999999999999997,3.2
1715,19,49,7,1.736842105263158,0.16145833333333331,0.4823763889427201,3.3684210526315788
1716,18,47,6,1.75,0.171875,0.39999999999999997,3.2
1717,19,49,4,1.7894736842105263,0.13541666666666666,0.4823763889427201,3.3684210526315788
1718,18,55,7,1.75,0.12239583333333333,0.39999999999999997,3.2
1719,20,53,6,1.8333333333333333,0.13020833333333331,0.49690399499995325,3.5555555555555554
1720,20,49,8,1.7777777777777777,0.16666666666666666,0.49690399499995325,3.5555555555555554
1721,19,50,7,1.7894736842105263,0.16145833333333331,0.4823763889427201,3.3684210526315788
1722,19,51,9,1.7894736842105263,0.171875,0.4823763889427201,3.3684210526315788
1723,18,52,6,1.75,0.1328125,0.39999999999999997,3.2
1724,19,51,4,1.7894736842105263,0.12499999999999999,0.4823763889427201,3.3684210526315788
1725,20,45,9,1.8333333333333333,0.21354166666666669,0.49690399499995325,3.5555555555555554
1726,18,49,8,1.7,0.16927083333333331,0.39999999999999997,3.2
1727,20,46,8,1.7777777777777777,0.1953125,0.49690399499995325,3.5555555555555554
1728,19,54,5,1.7894736842105263,0.1171875,0.4823763889427201,3.3684210526315788
1729,19,52,7,1.736842105263158,0.140625,0.4823763889427201,3.3684210526315788
1730,18,50,6,1.7,0.1484375,0.39999999999999997,3.2
1731,18,50,3,1.75,0.12239583333333333,0.39999999999999997,3.2
1732,17,55,3,1.7142857142857142,0.08854166666666666,0.21295885499997994,3.0476190476190474
1733,20,52,3,1.8333333333333333,0.10937499999999999,0.49690399499995325,3.5555555555555554
1734,20,53,6,1.8333333333333333,0.13020833333333331,0.49690399499995325,3.5555555555555554
1735,19,49,5,1.7894736842105263,0.14583333333333331,0.48237638894272,3.3684210526315788
1736,19,52,7,1.736842105263158,0.14322916666666666,0.4823763889427201,3.3684210526315788
1737,19,52,5,1.736842105263158,0.12169312169312169,0.5668594533825794,3.3157894736842106
1738,19,57,4,1.6842105263157894,0.08333333333333333,0.4823763889427201,3.3684210526315788
1739,19,49,6,1.736842105263158,0.15364583333333331,0.4823763889427201,3.3684210526315788
1740,19,51,6,1.736842105263158,0.140625,0.4823763889427201,3.3684210526315788
1741,19,53,8,1.736842105263158,0.14322916666666669,0.4823763889427201,3.3684210526315788
1742,18,49,5,1.7,0.15104166666666666,0.39999999999999997,3.2
1743,18,48,7,1.7,0.1640625,0.39999999999999997,3.2
1744,19,49,10,1.7894736842105263,0.19010416666666666,0.4823763889427201,3.3684210526315788
1745,19,50,7,1.736842105263158,0.15625,0.4823763889427201,3.3684210526315788
1746,19,51,6,1.7894736842105263,0.14322916666666666,0.4823763889427201,3.3684210526315788
1747,19,52,8,1.7894736842105263,0.15104166666666666,0.4823763889427201,3.3684210526315788
1748,20,49,7,1.8333333333333333,0.1640625,0.49690399499995325,3.5555555555555554
1749,19,53,4,1.736842105263158,0.11197916666666666,0.48237638894272,3.3684210526315788
1750,19,55,3,1.7894736842105263,0.08854166666666666,0.4823763889427201,3.3684210526315788
1751,18,52,6,1.7,0.13802083333333331,0.39999999999999997,3.2
1752,20,52,7,1.7777777777777777,0.14322916666666666,0.49690399499995325,3.5555555555555554
1753,19,48,7,1.736842105263158,0.17195767195767198,0.5668594533825794,3.3157894736842106
1754,19,52,5,1.7894736842105263,0.13020833333333334,0.4823763889427201,3.3684210526315788
1755,19,55,4,1.736842105263158,0.09635416666666666,0.4823763889427201,3.3684210526315788
1756,20,52,5,1.7777777777777777,0.125,0.49690399499995325,3.5555555555555554
1757,20,46,9,1.8333333333333333,0.203125,0.49690399499995325,3.5555555555555554
1758,19,51,5,1.7894736842105263,0.1328125,0.4823763889427201,3.3684210526315788
1759,19,53,7,1.736842105263158,0.140625,0.4823763889427201,3.3684210526315788
1760,18,51,6,1.75,0.14322916666666669,0.39999999999999997,3.2
1761,19,48,9,1.736842105263158,0.19010416666666666,0.4823763889427201,3.3684210526315788
1762,19,50,7,1.736842105263158,0.16145833333333331,0.4823763889427201,3.3684210526315788
1763,19,49,6,1.736842105263158,0.15104166666666666,0.4823763889427201,3.3684210526315788
1764,18,50,5,1.75,0.140625,0.39999999999999997,3.2
1765,19,51,4,1.6842105263157894,0.1164021164021164,0.5668594533825794,3.3157894736842106
1766,19,52,7,1.736842105263158,0.14322916666666666,0.4823763889427201,3.3684210526315788
1767,20,51,5,1.8333333333333333,0.1328125,0.49690399499995325,3.5555555555555554
1768,20,52,7,1.7777777777777777,0.14322916666666666,0.49690399499995325,3.5555555555555554
1769,20,51,5,1.8333333333333333,0.13020833333333331,0.49690399499995325,3.5555555555555554
1770,19,52,3,1.7894736842105263,0.10677083333333333,0.4823763889427201,3.3684210526315788
1771,18,52,7,1.7,0.1484375,0.39999999999999997,3.2
1772,19,51,6,1.7894736842105263,0.140625,0.4823763889427201,3.3684210526315788
1773,19,48,6,1.736842105263158,0.16137566137566137,0.5668594533825794,3.3157894736842106
1774,19,52,6,1.736842105263158,0.13541666666666666,0.4823763889427201,3.3684210526315788
1775,19,47,6,1.736842105263158,0.1640625,0.4823763889427201,3.3684210526315788
1776,18,50,8,1.75,0.16145833333333331,0.39999999999999997,3.2
1777,19,53,4,1.7894736842105263,0.11197916666666666,0.4823763889427201,3.3684210526315788
1778,18,54,3,1.75,0.09375,0.39999999999999997,3.2
1779,19,48,8,1.7894736842105263,0.1796875,0.4823763889427201,3.3684210526315788
1780,18,51,5,1.7,0.13541666666666666,0.39999999999999997,3.2
1781,18,54,4,1.7,0.1015625,0.39999999999999997,3.2
1782,18,51,7,1.7,0.15104166666666666,0.39999999999999997,3.2
1783,18,54,4,1.7,0.09895833333333334,0.39999999999999997,3.2
1784,18,53,7,1.75,0.140625,0.39999999999999997,3.2
1785,19,48,7,1.736842105263158,0.16927083333333331,0.4823763889427201,3.3684210526315788
1786,19,52,7,1.7894736842105263,0.13802083333333331,0.4823763889427201,3.3684210526315788
1787,18,54,5,1.7,0.11197916666666667,0.39999999999999997,3.2
1788,19,53,6,1.7894736842105263,0.125,0.4823763889427201,3.3684210526315788
1789,18,50,4,1.75,0.13020833333333331,0.39999999999999997,3.2
1790,18,55,3,1.7,0.0859375,0.39999999999999997,3.2
1791,20,50,6,1.7777777777777777,0.1484375,0.49690399499995325,3.5555555555555554
1792,18,50,5,1.75,0.13802083333333331,0.39999999999999997,3.2
1793,19,51,5,1.736842105263158,0.13802083333333331,0.4823763889427201,3.3684210526315788
1794,19,48,10,1.736842105263158,0.20052083333333331,0.4823763889427201,3.3684210526315788
1795,18,52,8,1.7,0.1484375,0.39999999999999997,3.2
1796,20,49,7,1.7777777777777777,0.16927083333333331,0.49690399499995325,3.5555555555555554
1797,19,50,6,1.7894736842105263,0.1484375,0.4823763889427201,3.3684210526315788
1798,20,56,4,1.8333333333333333,0.08854166666666666,0.49690399499995325,3.5555555555555554
1799,20,48,7,1.8333333333333333,0.171875,0.49690399499995325,3.5555555555555554
1800,19,51,5,1.736842105263158,0.1328125,0.4823763889427201,3.3684210526315788
1801,19,52,4,1.7894736842105263,0.12239583333333333,0.48237638894272,3.3684210526315788
1802,18,51,7,1.7,0.14583333333333331,0.39999999999999997,3.2
1803,19,55,5,1.7894736842105263,0.109375,0.4823763889427201,3.3684210526315788
1804,20,50,4,1.8333333333333333,0.125,0.49690399499995325,3.5555555555555554
1805,18,47,6,1.7,0.171875,0.39999999999999997,3.2
1806,19,53,4,1.7894736842105263,0.10677083333333334,0.4823763889427201,3.3684210526315788
1807,19,50,6,1.7894736842105263,0.1484375,0.4823763889427201,3.3684210526315788
1808,18,53,5,1.75,0.1171875,0.39999999999999997,3.2
1809,19,50,4,1.736842105263158,0.13020833333333331,0.4823763889427201,3.3684210526315788
1810,19,54,4,1.7894736842105263,0.1015625,0.4823763889427201,3.3684210526315788
1811,18,53,8,1.7,0.14322916666666666,0.39999999999999997,3.2
1812,20,51,3,1.7777777777777777,0.1171875,0.49690399499995325,3.5555555555555554
1813,18,50,7,1.65,0.15608465608465608,0.47696960070847283,3.15
1814,18,51,5,1.7,0.13020833333333334,0.39999999999999997,3.2
1815,19,51,7,1.736842105263158,0.15625,0.4823763889427201,3.3684210526315788
1816,19,53,5,1.736842105263158,0.11375661375661375,0.5668594533825794,3.3157894736842106
1817,19,53,5,1.7894736842105263,0.11979166666666666,0.4823763889427201,3.3684210526315788
1818,18,51,6,1.7,0.14322916666666666,0.39999999999999997,3.2
1819,19,53,6,1.7894736842105263,0.12760416666666669,0.4823763889427201,3.3684210526315788
1820,18,52,6,1.75,0.140625,0.39999999999999997,3.2
1821,19,53,7,1.736842105263158,0.13020833333333331,0.4823763889427201,3.3684210526315788
1822,19,53,6,1.7894736842105263,0.13020833333333331,0.4823763889427201,3.3684210526315788
1823,19,54,6,1.736842105263158,0.12239583333333333,0.48237638894272,3.3684210526315788
1824,19,52,3,1.736842105263158,0.10317460317460317,0.5668594533825794,3.3157894736842106
1825,19,49,10,1.736842105263158,0.19270833333333334,0.4823763889427201,3.3684210526315788
1826,17,53,5,1.7142857142857142,0.12239583333333333,0.21295885499997994,3.0476190476190474
1827,20,50,10,1.7777777777777777,0.18229166666666669,0.49690399499995325,3.5555555555555554
1828,18,53,6,1.7,0.12760416666666666,0.39999999999999997,3.2
1829,19,56,4,1.7894736842105263,0.09114583333333333,0.4823763889427201,3.3684210526315788
1830,19,49,6,1.6842105263157894,0.1455026455026455,0.5668594533825794,3.3157894736842106
1831,19,52,5,1.736842105263158,0.1328125,0.48237638894272,3.3684210526315788
1832,18,49,5,1.7,0.14322916666666666,0.39999999999999997,3.2
1833,18,48,10,1.65,0.19047619047619047,0.47696960070847283,3.15
1834,20,49,7,1.7777777777777777,0.16145833333333334,0.49690399499995325,3.5555555555555554
1835,20,53,7,1.7777777777777777,0.13541666666666666,0.49690399499995325,3.5555555555555554
1836,19,50,5,1.736842105263158,0.13802083333333331,0.4823763889427201,3.3684210526315788
1837,19,48,5,1.7894736842105263,0.15364583333333334,0.4823763889427201,3.3684210526315788
1838,20,51,5,1.8333333333333333,0.13541666666666666,0.49690399499995325,3.5555555555555554
1839,18,48,7,1.75,0.16927083333333334,0.39999999999999997,3.2
1840,18,50,4,1.7,0.13020833333333331,0.39999999999999997,3.2
1841,19,51,5,1.7894736842105263,0.13541666666666666,0.4823763889427201,3.3684210526315788
1842,18,50,9,1.75,0.171875,0.39999999999999997,3.2
1843,19,49,8,1.736842105263158,0.17708333333333331,0.4823763889427201,3.3684210526315788
1844,18,49,8,1.7,0.16931216931216933,0.47696960070847283,3.15
1845,18,53,3,1.7,0.09523809523809523,0.47696960070847283,3.15
1846,18,53,5,1.75,0.11979166666666666,0.39999999999999997,3.2
1847,18,49,4,1.75,0.140625,0.39999999999999997,3.2
1848,19,48,5,1.736842105263158,0.15364583333333331,0.4823763889427201,3.3684210526315788
1849,19,53,6,1.7894736842105263,0.12760416666666669,0.4823763889427201,3.3684210526315788
1850,18,52,5,1.75,0.12760416666666666,0.39999999999999997,3.2
1851,20,52,5,1.8333333333333333,0.12499999999999999,0.49690399499995325,3.5555555555555554
1852,19,54,2,1.7894736842105263,0.0859375,0.4823763889427201,3.3684210526315788
1853,19,50,6,1.7894736842105263,0.14583333333333331,0.4823763889427201,3.3684210526315788
1854,19,52,8,1.736842105263158,0.15364583333333334,0.4823763889427201,3.3684210526315788
1855,18,50,5,1.75,0.14322916666666666,0.39999999999999997,3.2
1856,18,48,7,1.7,0.171875,0.39999999999999997,3.2
1857,19,52,5,1.7894736842105263,0.12760416666666666,0.4823763889427201,3.3684210526315788
1858,19,47,6,1.7894736842105263,0.16666666666666666,0.4823763889427201,3.3684210526315788
1859,19,49,10,1.736842105263158,0.19010416666666669,0.4823763889427201,3.3684210526315788
1860,20,48,8,1.7777777777777777,0.1796875,0.49690399499995325,3.5555555555555554
1861,20,51,5,1.7777777777777777,0.13541666666666666,0.49690399499995325,3.5555555555555554
1862,19,49,5,1.7894736842105263,0.14583333333333331,0.4823763889427201,3.3684210526315788
1863,18,52,6,1.65,0.1322751322751323,0.47696960070847283,3.15
1864,19,49,6,1.7894736842105263,0.15364583333333331,0.4823763889427201,3.3684210526315788
1865,18,52,2,1.75,0.10156249999999999,0.39999999999999997,3.2
1866,19,49,7,1.7894736842105263,0.16145833333333334,0.4823763889427201,3.3684210526315788
1867,19,50,6,1.7894736842105263,0.15104166666666666,0.4823763889427201,3.3684210526315788
1868,19,52,5,1.7894736842105263,0.13020833333333331,0.4823763889427201,3.3684210526315788
1869,19,51,9,1.736842105263158,0.16666666666666666,0.4823763889427201,3.3684210526315788
1870,19,48,8,1.7894736842105263,0.18489583333333331,0.4823763889427201,3.3684210526315788
1871,19,52,6,1.7894736842105263,0.13802083333333331,0.4823763889427201,3.3684210526315788
1872,19,45,9,1.7894736842105263,0.20833333333333331,0.4823763889427201,3.3684210526315788
1873,19,53,4,1.6842105263157894,0.10582010582010581,0.5668594533825794,3.3157894736842106
1874,19,51,3,1.7894736842105263,0.12239583333333333,0.4823763889427201,3.3684210526315788
1875,19,50,6,1.736842105263158,0.14583333333333334,0.4823763889427201,3.3684210526315788
1876,19,51,8,1.7894736842105263,0.15625,0.4823763889427201,3.3684210526315788
1878,20,49,8,1.8333333333333333,0.17708333333333331,0.49690399499995325,3.5555555555555554
1879,20,49,8,1.8333333333333333,0.17708333333333331,0.49690399499995325,3.5555555555555554
1880,20,49,8,1.8333333333333333,0.17708333333333331,0.49690399499995325,3.5555555555555554
1881,20,49,8,1.8333333333333333,0.17708333333333331,0.49690399499995325,3.5555555555555554
1882,20,49,8,1.8333333333333333,0.17708333333333331,0.49690399499995325,3.5555555555555554
1883,20,49,8,1.8333333333333333,0.17708333333333331,0.49690399499995325,3.5555555555555554
1884,20,49,8,1.8333333333333333,0.17708333333333331,0.49690399499995325,3.5555555555555554
1885,20,49,8,1.8333333333333333,0.17708333333333331,0.49690399499995325,3.5555555555555554
1886,20,49,8,1.8333333333333333,0.17708333333333331,0.49690399499995325,3.5555555555555554
1887,20,49,8,1.8333333333333333,0.17708333333333331,0.49690399499995325,3.5555555555555554
