Episode,Desafios_sin_equipo,Estudiantes_fuera_preferencias,Estudiantes_primera_prioridad,Promedio_carreras_por_equipo,Satisfaccion_promedio,STD_tamano_equipos,Tamano_promedio_equipo
2,18,57,2,1.75,0.0625,0.39999999999999997,3.2
3,18,62,2,1.75,0.03125,0.39999999999999997,3.2
4,19,56,2,1.7894736842105263,0.07291666666666667,0.4823763889427201,3.3684210526315788
5,18,60,2,1.7,0.037037037037037035,0.47696960070847283,3.15
6,18,61,1,1.75,0.026041666666666664,0.39999999999999997,3.2
7,17,60,0,1.7142857142857142,0.028645833333333332,0.21295885499997994,3.0476190476190474
8,17,62,1,1.7142857142857142,0.0234375,0.21295885499997994,3.0476190476190474
9,19,58,1,1.7894736842105263,0.0546875,0.4823763889427201,3.3684210526315788
10,18,60,0,1.75,0.026041666666666664,0.39999999999999997,3.2
11,19,57,3,1.7894736842105263,0.07291666666666666,0.4823763889427201,3.3684210526315788
12,18,59,1,1.75,0.0390625,0.39999999999999997,3.2
13,18,57,3,1.75,0.07291666666666666,0.39999999999999997,3.2
14,19,58,1,1.7894736842105263,0.046875,0.4823763889427201,3.3684210526315788
15,17,61,0,1.6666666666666667,0.020833333333333332,0.21295885499997994,3.0476190476190474
16,18,55,3,1.75,0.0859375,0.39999999999999997,3.2
17,17,58,2,1.7142857142857142,0.057291666666666664,0.21295885499997994,3.0476190476190474
18,19,61,1,1.7894736842105263,0.028645833333333332,0.4823763889427201,3.3684210526315788
19,17,62,1,1.7142857142857142,0.020833333333333332,0.21295885499997994,3.0476190476190474
20,18,56,3,1.75,0.08072916666666666,0.39999999999999997,3.2
21,17,60,2,1.7142857142857142,0.04427083333333333,0.21295885499997994,3.0476190476190474
22,17,61,1,1.7142857142857142,0.028645833333333332,0.21295885499997994,3.0476190476190474
23,18,59,1,1.75,0.041666666666666664,0.39999999999999997,3.2
24,18,56,0,1.75,0.05208333333333333,0.39999999999999997,3.2
25,19,59,2,1.7894736842105263,0.046875,0.4823763889427201,3.3684210526315788
26,17,60,0,1.7142857142857142,0.026041666666666664,0.21295885499997994,3.0476190476190474
27,19,59,1,1.7894736842105263,0.04427083333333333,0.4823763889427201,3.3684210526315788
28,17,59,0,1.7142857142857142,0.028645833333333332,0.21295885499997994,3.0476190476190474
29,18,58,3,1.75,0.06770833333333333,0.39999999999999997,3.2
30,18,58,0,1.75,0.033854166666666664,0.39999999999999997,3.2
31,19,59,3,1.7894736842105263,0.059895833333333336,0.4823763889427201,3.3684210526315788
32,18,58,3,1.75,0.06510416666666667,0.39999999999999997,3.2
33,18,60,0,1.75,0.028645833333333332,0.39999999999999997,3.2
34,18,60,2,1.75,0.046875,0.39999999999999997,3.2
35,18,57,2,1.75,0.06249999999999999,0.39999999999999997,3.2
36,17,61,0,1.7142857142857142,0.015625,0.21295885499997994,3.0476190476190474
37,18,58,1,1.7,0.049479166666666664,0.39999999999999997,3.2
38,19,60,2,1.7894736842105263,0.044270833333333336,0.4823763889427201,3.3684210526315788
39,20,60,2,1.8333333333333333,0.041666666666666664,0.49690399499995325,3.5555555555555554
40,19,59,1,1.7894736842105263,0.0390625,0.4823763889427201,3.3684210526315788
41,18,61,1,1.75,0.03125,0.39999999999999997,3.2
42,18,53,6,1.7,0.12169312169312169,0.47696960070847283,3.15
43,18,61,0,1.75,0.020833333333333332,0.39999999999999997,3.2
44,18,61,0,1.75,0.0234375,0.39999999999999997,3.2
45,18,57,3,1.75,0.07552083333333334,0.39999999999999997,3.2
46,17,59,3,1.7142857142857142,0.0625,0.21295885499997994,3.0476190476190474
47,19,60,2,1.7894736842105263,0.04427083333333333,0.48237638894272,3.3684210526315788
48,18,60,1,1.7,0.03125,0.39999999999999997,3.2
49,17,59,2,1.7142857142857142,0.0546875,0.21295885499997994,3.0476190476190474
50,18,58,1,1.75,0.04687499999999999,0.39999999999999997,3.2
51,18,58,0,1.75,0.03645833333333333,0.39999999999999997,3.2
52,18,57,2,1.75,0.05989583333333333,0.39999999999999997,3.2
53,17,61,0,1.7142857142857142,0.020833333333333332,0.21295885499997994,3.0476190476190474
54,19,60,0,1.7894736842105263,0.028645833333333332,0.4823763889427201,3.3684210526315788
55,19,63,0,1.7894736842105263,0.0078125,0.4823763889427201,3.3684210526315788
56,19,58,1,1.7894736842105263,0.04947916666666667,0.4823763889427201,3.3684210526315788
57,19,56,2,1.7894736842105263,0.06770833333333333,0.4823763889427201,3.3684210526315788
58,19,62,1,1.7894736842105263,0.0234375,0.4823763889427201,3.3684210526315788
59,18,60,1,1.75,0.03645833333333333,0.39999999999999997,3.2
60,17,60,2,1.7142857142857142,0.044270833333333336,0.21295885499997994,3.0476190476190474
61,18,63,0,1.75,0.005208333333333333,0.39999999999999997,3.2
62,17,60,2,1.7142857142857142,0.041666666666666664,0.21295885499997994,3.0476190476190474
63,17,57,1,1.7142857142857142,0.05989583333333333,0.21295885499997994,3.0476190476190474
64,19,59,1,1.7894736842105263,0.04427083333333333,0.4823763889427201,3.3684210526315788
65,17,56,6,1.7142857142857142,0.10677083333333333,0.21295885499997994,3.0476190476190474
66,18,54,4,1.75,0.1015625,0.39999999999999997,3.2
67,18,63,0,1.75,0.0078125,0.39999999999999997,3.2
68,17,58,2,1.7142857142857142,0.05989583333333333,0.21295885499997994,3.0476190476190474
69,18,61,2,1.75,0.036458333333333336,0.39999999999999997,3.2
70,19,59,2,1.7894736842105263,0.049479166666666664,0.48237638894272,3.3684210526315788
71,18,59,1,1.7,0.03439153439153439,0.47696960070847283,3.15
72,17,60,2,1.6666666666666667,0.046875,0.21295885499997994,3.0476190476190474
73,17,54,6,1.6666666666666667,0.125,0.21295885499997994,3.0476190476190474
74,18,59,2,1.75,0.049479166666666664,0.39999999999999997,3.2
75,18,61,2,1.75,0.0390625,0.39999999999999997,3.2
76,18,59,1,1.75,0.04427083333333333,0.39999999999999997,3.2
77,18,57,2,1.75,0.06510416666666667,0.39999999999999997,3.2
78,17,57,4,1.7142857142857142,0.08072916666666666,0.21295885499997996,3.0476190476190474
79,18,56,1,1.75,0.06770833333333333,0.39999999999999997,3.2
80,18,62,1,1.75,0.0234375,0.39999999999999997,3.2
81,20,56,2,1.8333333333333333,0.0703125,0.49690399499995325,3.5555555555555554
82,18,54,5,1.75,0.10937499999999999,0.39999999999999997,3.2
83,18,56,0,1.75,0.057291666666666664,0.39999999999999997,3.2
84,17,59,4,1.6666666666666667,0.0703125,0.21295885499997994,3.0476190476190474
85,19,59,3,1.7894736842105263,0.05729166666666667,0.4823763889427201,3.3684210526315788
86,18,60,2,1.75,0.041666666666666664,0.39999999999999997,3.2
87,18,60,0,1.75,0.028645833333333332,0.39999999999999997,3.2
88,19,62,1,1.7894736842105263,0.020833333333333332,0.4823763889427201,3.3684210526315788
89,18,58,2,1.75,0.05989583333333333,0.39999999999999997,3.2
90,19,55,3,1.7894736842105263,0.08333333333333331,0.4823763889427201,3.3684210526315788
91,19,58,4,1.7894736842105263,0.078125,0.4823763889427201,3.3684210526315788
92,19,59,3,1.7894736842105263,0.05729166666666667,0.4823763889427201,3.3684210526315788
93,17,57,2,1.7142857142857142,0.0703125,0.21295885499997994,3.0476190476190474
94,17,57,4,1.7142857142857142,0.07812499999999999,0.21295885499997994,3.0476190476190474
95,17,60,1,1.7142857142857142,0.03645833333333333,0.21295885499997994,3.0476190476190474
96,17,59,3,1.7142857142857142,0.05989583333333333,0.21295885499997994,3.0476190476190474
97,18,59,3,1.75,0.0625,0.39999999999999997,3.2
98,17,54,1,1.7142857142857142,0.07291666666666666,0.21295885499997994,3.0476190476190474
99,17,61,0,1.7142857142857142,0.0234375,0.21295885499997994,3.0476190476190474
100,18,57,2,1.75,0.06510416666666666,0.39999999999999997,3.2
101,17,56,5,1.6666666666666667,0.09635416666666666,0.21295885499997994,3.0476190476190474
102,17,60,2,1.7142857142857142,0.04427083333333333,0.21295885499997994,3.0476190476190474
103,18,57,2,1.75,0.0625,0.39999999999999997,3.2
104,18,58,1,1.75,0.05208333333333333,0.39999999999999997,3.2
105,19,59,2,1.7894736842105263,0.049479166666666664,0.4823763889427201,3.3684210526315788
106,18,56,6,1.75,0.10677083333333333,0.39999999999999997,3.2
107,18,57,3,1.75,0.07291666666666666,0.39999999999999997,3.2
108,18,54,5,1.75,0.10677083333333333,0.39999999999999997,3.2
109,18,56,3,1.75,0.08072916666666666,0.39999999999999997,3.2
110,18,55,6,1.75,0.11458333333333334,0.39999999999999997,3.2
111,17,55,2,1.7142857142857142,0.078125,0.21295885499997994,3.0476190476190474
112,18,54,6,1.75,0.1171875,0.39999999999999997,3.2
113,18,59,0,1.75,0.033854166666666664,0.39999999999999997,3.2
114,18,57,4,1.75,0.08333333333333333,0.39999999999999997,3.2
115,17,61,2,1.7142857142857142,0.03645833333333333,0.21295885499997994,3.0476190476190474
116,18,58,1,1.75,0.04947916666666666,0.39999999999999997,3.2
117,18,58,3,1.75,0.06770833333333334,0.39999999999999997,3.2
118,17,56,3,1.6666666666666667,0.078125,0.21295885499997994,3.0476190476190474
119,17,51,4,1.7142857142857142,0.125,0.21295885499997994,3.0476190476190474
120,18,61,1,1.75,0.028645833333333332,0.39999999999999997,3.2
121,18,56,3,1.75,0.08072916666666666,0.39999999999999997,3.2
122,18,55,2,1.75,0.08072916666666666,0.39999999999999997,3.2
123,19,57,4,1.7894736842105263,0.08333333333333333,0.4823763889427201,3.3684210526315788
124,17,57,2,1.7142857142857142,0.06249999999999999,0.21295885499997994,3.0476190476190474
125,18,56,1,1.75,0.06510416666666666,0.39999999999999997,3.2
126,18,57,2,1.75,0.05729166666666666,0.39999999999999997,3.2
127,18,58,1,1.75,0.04947916666666666,0.39999999999999997,3.2
128,18,54,4,1.75,0.10416666666666666,0.39999999999999997,3.2
129,18,58,3,1.75,0.06510416666666666,0.39999999999999997,3.2
130,18,58,2,1.75,0.057291666666666664,0.39999999999999997,3.2
131,17,54,5,1.6666666666666667,0.10677083333333331,0.21295885499997994,3.0476190476190474
132,18,59,1,1.75,0.041666666666666664,0.39999999999999997,3.2
133,18,55,3,1.75,0.08072916666666666,0.39999999999999997,3.2
134,18,55,4,1.75,0.09895833333333333,0.39999999999999997,3.2
135,19,61,2,1.7894736842105263,0.036458333333333336,0.4823763889427201,3.3684210526315788
136,19,57,2,1.7894736842105263,0.05989583333333333,0.4823763889427201,3.3684210526315788
137,17,55,1,1.7142857142857142,0.0703125,0.21295885499997994,3.0476190476190474
138,17,55,5,1.7142857142857142,0.10416666666666666,0.21295885499997994,3.0476190476190474
139,17,57,5,1.7142857142857142,0.09375,0.21295885499997994,3.0476190476190474
140,18,58,3,1.75,0.06770833333333333,0.39999999999999997,3.2
141,18,59,1,1.75,0.044270833333333336,0.39999999999999997,3.2
142,17,54,3,1.7142857142857142,0.08854166666666666,0.21295885499997994,3.0476190476190474
143,19,56,5,1.7894736842105263,0.1015625,0.4823763889427201,3.3684210526315788
144,19,61,1,1.7894736842105263,0.026041666666666664,0.4823763889427201,3.3684210526315788
145,19,57,2,1.7894736842105263,0.0625,0.48237638894272,3.3684210526315788
146,17,59,2,1.7142857142857142,0.0546875,0.21295885499997994,3.0476190476190474
147,18,56,3,1.75,0.078125,0.39999999999999997,3.2
148,20,58,1,1.8333333333333333,0.052083333333333336,0.49690399499995325,3.5555555555555554
149,19,59,2,1.7894736842105263,0.05208333333333333,0.4823763889427201,3.3684210526315788
150,18,55,3,1.75,0.0859375,0.39999999999999997,3.2
151,18,59,2,1.75,0.049479166666666664,0.39999999999999997,3.2
152,17,58,4,1.7142857142857142,0.07552083333333334,0.21295885499997994,3.0476190476190474
153,17,57,3,1.7142857142857142,0.07291666666666666,0.21295885499997994,3.0476190476190474
154,17,51,6,1.7142857142857142,0.13802083333333331,0.21295885499997994,3.0476190476190474
155,17,55,3,1.7142857142857142,0.08333333333333333,0.21295885499997994,3.0476190476190474
156,18,57,5,1.75,0.08854166666666666,0.39999999999999997,3.2
157,17,57,4,1.7142857142857142,0.08333333333333333,0.21295885499997994,3.0476190476190474
158,18,58,3,1.75,0.0703125,0.39999999999999997,3.2
159,18,62,1,1.75,0.0234375,0.39999999999999997,3.2
160,18,58,2,1.75,0.05729166666666666,0.39999999999999997,3.2
161,20,55,4,1.8333333333333333,0.09635416666666666,0.49690399499995325,3.5555555555555554
162,19,52,4,1.7894736842105263,0.11458333333333331,0.4823763889427201,3.3684210526315788
163,17,57,1,1.6666666666666667,0.047619047619047616,0.3086066999241838,3.0
164,18,57,5,1.75,0.09114583333333333,0.39999999999999997,3.2
165,19,61,1,1.7894736842105263,0.028645833333333332,0.4823763889427201,3.3684210526315788
166,18,57,3,1.75,0.07552083333333333,0.39999999999999997,3.2
167,17,50,5,1.7142857142857142,0.14322916666666666,0.21295885499997994,3.0476190476190474
168,18,58,3,1.75,0.06770833333333334,0.39999999999999997,3.2
169,18,51,3,1.75,0.1171875,0.39999999999999997,3.2
170,17,55,4,1.7142857142857142,0.09635416666666667,0.21295885499997994,3.0476190476190474
171,19,49,5,1.7894736842105263,0.14583333333333331,0.4823763889427201,3.3684210526315788
172,17,53,5,1.6666666666666667,0.1171875,0.21295885499997994,3.0476190476190474
173,19,56,3,1.7894736842105263,0.078125,0.4823763889427201,3.3684210526315788
174,18,54,5,1.75,0.11197916666666666,0.39999999999999997,3.2
175,18,56,4,1.75,0.08854166666666667,0.39999999999999997,3.2
176,19,56,5,1.7894736842105263,0.1015625,0.4823763889427201,3.3684210526315788
177,17,58,5,1.7142857142857142,0.08333333333333333,0.21295885499997994,3.0476190476190474
178,18,58,3,1.75,0.06510416666666666,0.39999999999999997,3.2
179,19,51,8,1.7894736842105263,0.16145833333333331,0.4823763889427201,3.3684210526315788
180,19,55,2,1.7894736842105263,0.08333333333333333,0.4823763889427201,3.3684210526315788
181,18,54,4,1.75,0.1015625,0.39999999999999997,3.2
182,18,48,4,1.75,0.140625,0.39999999999999997,3.2
183,19,59,1,1.7894736842105263,0.046875,0.48237638894272,3.3684210526315788
184,17,55,4,1.7142857142857142,0.09895833333333333,0.21295885499997994,3.0476190476190474
185,17,55,4,1.7142857142857142,0.09895833333333334,0.21295885499997994,3.0476190476190474
186,19,59,2,1.7894736842105263,0.05208333333333333,0.4823763889427201,3.3684210526315788
187,18,51,8,1.75,0.15885416666666666,0.39999999999999997,3.2
188,18,46,8,1.75,0.19010416666666666,0.39999999999999997,3.2
189,18,56,4,1.75,0.0859375,0.39999999999999997,3.2
190,17,53,3,1.7142857142857142,0.10416666666666666,0.21295885499997994,3.0476190476190474
191,17,54,6,1.7142857142857142,0.12239583333333333,0.21295885499997994,3.0476190476190474
192,18,53,5,1.75,0.12239583333333333,0.39999999999999997,3.2
193,19,54,3,1.7894736842105263,0.09635416666666666,0.48237638894272,3.3684210526315788
194,18,55,5,1.75,0.10677083333333333,0.39999999999999997,3.2
195,18,58,5,1.75,0.08333333333333333,0.39999999999999997,3.2
196,18,53,6,1.75,0.12760416666666666,0.39999999999999997,3.2
197,19,53,4,1.7894736842105263,0.10416666666666666,0.48237638894272,3.3684210526315788
198,17,55,5,1.7142857142857142,0.1015625,0.21295885499997994,3.0476190476190474
199,18,53,5,1.75,0.11979166666666666,0.39999999999999997,3.2
200,17,51,6,1.7142857142857142,0.140625,0.21295885499997994,3.0476190476190474
201,19,53,7,1.7894736842105263,0.13541666666666666,0.4823763889427201,3.3684210526315788
202,17,52,6,1.7142857142857142,0.13802083333333331,0.21295885499997994,3.0476190476190474
203,17,49,11,1.7142857142857142,0.20052083333333331,0.21295885499997994,3.0476190476190474
204,18,54,9,1.75,0.1484375,0.39999999999999997,3.2
205,18,55,7,1.75,0.125,0.39999999999999997,3.2
206,17,50,7,1.7142857142857142,0.15364583333333331,0.21295885499997994,3.0476190476190474
207,17,52,3,1.7142857142857142,0.1015625,0.21295885499997994,3.0476190476190474
208,18,55,4,1.75,0.09895833333333333,0.39999999999999997,3.2
209,19,52,5,1.7894736842105263,0.12499999999999999,0.4823763889427201,3.3684210526315788
210,18,55,7,1.75,0.125,0.39999999999999997,3.2
211,18,43,7,1.7,0.19576719576719576,0.47696960070847283,3.15
212,17,52,5,1.7142857142857142,0.125,0.21295885499997994,3.0476190476190474
213,18,52,5,1.75,0.13020833333333331,0.39999999999999997,3.2
214,19,52,3,1.7894736842105263,0.11197916666666666,0.4823763889427201,3.3684210526315788
215,18,54,7,1.75,0.13020833333333334,0.39999999999999997,3.2
216,19,53,6,1.7894736842105263,0.13020833333333331,0.48237638894272,3.3684210526315788
217,17,57,6,1.7142857142857142,0.1015625,0.21295885499997994,3.0476190476190474
218,18,53,4,1.75,0.10677083333333333,0.39999999999999997,3.2
219,19,56,6,1.7894736842105263,0.10677083333333333,0.4823763889427201,3.3684210526315788
220,18,54,6,1.7,0.11904761904761904,0.47696960070847283,3.15
221,18,51,10,1.7,0.17708333333333331,0.39999999999999997,3.2
222,18,54,5,1.75,0.109375,0.39999999999999997,3.2
223,19,50,8,1.7894736842105263,0.16145833333333331,0.48237638894272,3.3684210526315788
224,18,49,8,1.75,0.16927083333333331,0.39999999999999997,3.2
225,18,47,8,1.7,0.18253968253968253,0.47696960070847283,3.15
226,17,47,8,1.7142857142857142,0.1796875,0.21295885499997994,3.0476190476190474
227,18,54,7,1.75,0.13020833333333331,0.39999999999999997,3.2
228,18,54,4,1.75,0.10677083333333333,0.39999999999999997,3.2
229,18,51,9,1.75,0.16927083333333334,0.39999999999999997,3.2
230,17,46,11,1.7142857142857142,0.22395833333333334,0.21295885499997994,3.0476190476190474
231,18,52,8,1.75,0.15364583333333331,0.39999999999999997,3.2
232,19,53,6,1.7894736842105263,0.12760416666666666,0.4823763889427201,3.3684210526315788
233,19,51,6,1.7894736842105263,0.140625,0.4823763889427201,3.3684210526315788
234,20,54,7,1.8333333333333333,0.13020833333333331,0.49690399499995325,3.5555555555555554
235,19,51,8,1.7894736842105263,0.15625,0.4823763889427201,3.3684210526315788
236,18,54,5,1.75,0.11197916666666666,0.39999999999999997,3.2
237,17,51,7,1.7142857142857142,0.15104166666666666,0.21295885499997994,3.0476190476190474
238,18,51,7,1.75,0.14583333333333331,0.39999999999999997,3.2
239,18,49,7,1.75,0.15885416666666666,0.39999999999999997,3.2
240,18,52,5,1.75,0.13020833333333331,0.39999999999999997,3.2
241,17,50,7,1.7142857142857142,0.15364583333333331,0.21295885499997994,3.0476190476190474
242,18,54,7,1.75,0.13020833333333331,0.39999999999999997,3.2
243,18,50,8,1.75,0.16666666666666666,0.39999999999999997,3.2
244,20,49,10,1.8333333333333333,0.1875,0.49690399499995325,3.5555555555555554
245,18,50,10,1.75,0.1796875,0.39999999999999997,3.2
246,18,52,7,1.75,0.14322916666666666,0.39999999999999997,3.2
247,19,45,10,1.7894736842105263,0.21354166666666669,0.4823763889427201,3.3684210526315788
248,19,52,9,1.7894736842105263,0.16145833333333331,0.4823763889427201,3.3684210526315788
249,18,51,8,1.75,0.15364583333333331,0.39999999999999997,3.2
250,18,51,7,1.75,0.15104166666666669,0.39999999999999997,3.2
251,18,51,6,1.75,0.13802083333333334,0.39999999999999997,3.2
252,18,50,8,1.75,0.1640625,0.39999999999999997,3.2
253,18,54,8,1.75,0.140625,0.39999999999999997,3.2
254,17,50,9,1.7142857142857142,0.1796875,0.21295885499997994,3.0476190476190474
255,18,48,10,1.75,0.1953125,0.39999999999999997,3.2
256,19,51,8,1.7894736842105263,0.16145833333333334,0.4823763889427201,3.3684210526315788
257,18,49,9,1.75,0.18229166666666666,0.39999999999999997,3.2
258,19,48,10,1.7894736842105263,0.19791666666666669,0.4823763889427201,3.3684210526315788
259,18,47,7,1.75,0.17447916666666666,0.39999999999999997,3.2
260,17,49,9,1.7142857142857142,0.18229166666666666,0.21295885499997994,3.0476190476190474
261,19,48,7,1.7894736842105263,0.16145833333333331,0.4823763889427201,3.3684210526315788
262,18,47,15,1.75,0.24739583333333334,0.39999999999999997,3.2
263,18,49,8,1.75,0.16666666666666666,0.39999999999999997,3.2
264,18,46,13,1.75,0.22916666666666669,0.39999999999999997,3.2
265,18,52,6,1.75,0.1328125,0.39999999999999997,3.2
266,19,49,12,1.7894736842105263,0.20833333333333331,0.4823763889427201,3.3684210526315788
267,18,55,5,1.75,0.10416666666666666,0.39999999999999997,3.2
268,18,46,14,1.75,0.24479166666666666,0.39999999999999997,3.2
269,19,47,12,1.7894736842105263,0.22395833333333334,0.48237638894272,3.3684210526315788
270,18,50,10,1.75,0.1875,0.39999999999999997,3.2
271,19,48,12,1.7894736842105263,0.21614583333333331,0.4823763889427201,3.3684210526315788
272,19,50,14,1.736842105263158,0.21875,0.4823763889427201,3.3684210526315788
273,18,47,11,1.75,0.21354166666666666,0.39999999999999997,3.2
274,18,47,11,1.75,0.2109375,0.39999999999999997,3.2
275,18,45,13,1.75,0.24479166666666669,0.39999999999999997,3.2
276,19,45,12,1.7894736842105263,0.23177083333333331,0.4823763889427201,3.3684210526315788
277,18,47,13,1.75,0.23177083333333331,0.39999999999999997,3.2
278,17,49,12,1.7142857142857142,0.20833333333333331,0.21295885499997994,3.0476190476190474
279,18,51,9,1.75,0.16927083333333331,0.39999999999999997,3.2
280,18,45,12,1.75,0.234375,0.39999999999999997,3.2
281,19,45,14,1.7894736842105263,0.25,0.4823763889427201,3.3684210526315788
282,18,50,11,1.75,0.19010416666666669,0.39999999999999997,3.2
283,18,50,9,1.75,0.1796875,0.39999999999999997,3.2
284,20,47,13,1.8333333333333333,0.22916666666666669,0.49690399499995325,3.5555555555555554
285,19,45,15,1.7894736842105263,0.2604166666666667,0.4823763889427201,3.3684210526315788
286,19,49,13,1.7894736842105263,0.21875,0.4823763889427201,3.3684210526315788
287,18,51,9,1.75,0.16927083333333331,0.39999999999999997,3.2
288,18,48,9,1.7,0.18253968253968253,0.47696960070847283,3.15
289,18,46,13,1.75,0.23437499999999997,0.39999999999999997,3.2
290,19,46,12,1.7894736842105263,0.2265625,0.4823763889427201,3.3684210526315788
291,17,51,9,1.7142857142857142,0.16666666666666666,0.21295885499997994,3.0476190476190474
292,19,48,10,1.7894736842105263,0.1953125,0.4823763889427201,3.3684210526315788
293,18,46,12,1.75,0.23177083333333331,0.39999999999999997,3.2
294,17,49,10,1.7142857142857142,0.1953125,0.21295885499997994,3.0476190476190474
295,19,47,10,1.7894736842105263,0.20833333333333334,0.4823763889427201,3.3684210526315788
296,18,48,11,1.75,0.20572916666666666,0.39999999999999997,3.2
297,17,50,8,1.7142857142857142,0.16145833333333334,0.21295885499997994,3.0476190476190474
298,19,46,10,1.7894736842105263,0.21354166666666669,0.4823763889427201,3.3684210526315788
299,18,48,11,1.75,0.20833333333333334,0.39999999999999997,3.2
300,18,48,11,1.75,0.20572916666666666,0.39999999999999997,3.2
301,18,51,10,1.75,0.1796875,0.39999999999999997,3.2
302,18,45,13,1.75,0.24739583333333334,0.39999999999999997,3.2
303,19,50,11,1.7894736842105263,0.19270833333333331,0.4823763889427201,3.3684210526315788
304,18,40,15,1.7,0.2994791666666667,0.39999999999999997,3.2
305,19,52,10,1.7894736842105263,0.16927083333333331,0.4823763889427201,3.3684210526315788
306,19,46,13,1.7894736842105263,0.23697916666666666,0.4823763889427201,3.3684210526315788
307,18,47,12,1.75,0.2265625,0.39999999999999997,3.2
308,20,48,10,1.8333333333333333,0.19791666666666669,0.49690399499995325,3.5555555555555554
309,18,44,11,1.75,0.23177083333333331,0.39999999999999997,3.2
310,18,48,10,1.75,0.1953125,0.39999999999999997,3.2
311,18,48,13,1.75,0.2265625,0.39999999999999997,3.2
312,18,49,9,1.75,0.17447916666666669,0.39999999999999997,3.2
313,19,47,11,1.7894736842105263,0.21614583333333331,0.4823763889427201,3.3684210526315788
314,20,45,11,1.8333333333333333,0.2265625,0.49690399499995325,3.5555555555555554
315,18,49,10,1.75,0.19010416666666669,0.39999999999999997,3.2
316,18,45,13,1.75,0.24479166666666669,0.39999999999999997,3.2
317,19,48,13,1.7894736842105263,0.2265625,0.4823763889427201,3.3684210526315788
318,17,43,15,1.7142857142857142,0.2786458333333333,0.21295885499997994,3.0476190476190474
319,18,45,11,1.75,0.23177083333333331,0.39999999999999997,3.2
320,18,48,13,1.75,0.22395833333333331,0.39999999999999997,3.2
321,18,48,11,1.75,0.20572916666666666,0.39999999999999997,3.2
322,19,47,12,1.7894736842105263,0.22135416666666663,0.4823763889427201,3.3684210526315788
323,18,49,10,1.75,0.19010416666666666,0.39999999999999997,3.2
324,18,48,11,1.75,0.20572916666666669,0.39999999999999997,3.2
325,19,44,13,1.7894736842105263,0.25,0.4823763889427201,3.3684210526315788
326,18,46,12,1.75,0.2265625,0.39999999999999997,3.2
327,19,45,12,1.7894736842105263,0.234375,0.4823763889427201,3.3684210526315788
328,17,48,12,1.7142857142857142,0.21614583333333334,0.21295885499997994,3.0476190476190474
329,18,44,13,1.75,0.2526041666666667,0.39999999999999997,3.2
330,18,43,14,1.7,0.26719576719576715,0.47696960070847283,3.15
331,20,44,12,1.7777777777777777,0.2407407407407407,0.6009252125773316,3.5
332,19,45,14,1.7894736842105263,0.25520833333333337,0.4823763889427201,3.3684210526315788
333,18,46,14,1.75,0.24479166666666669,0.39999999999999997,3.2
334,18,50,12,1.75,0.203125,0.39999999999999997,3.2
335,19,45,14,1.7894736842105263,0.25520833333333337,0.4823763889427201,3.3684210526315788
336,18,46,11,1.75,0.21614583333333331,0.39999999999999997,3.2
337,19,43,16,1.7894736842105263,0.28125,0.4823763889427201,3.3684210526315788
338,18,49,12,1.75,0.20833333333333331,0.39999999999999997,3.2
339,19,47,12,1.7894736842105263,0.22395833333333331,0.4823763889427201,3.3684210526315788
340,18,43,14,1.75,0.2708333333333333,0.39999999999999997,3.2
341,18,46,11,1.75,0.22395833333333334,0.39999999999999997,3.2
342,19,45,14,1.7894736842105263,0.2552083333333333,0.4823763889427201,3.3684210526315788
343,19,45,12,1.7894736842105263,0.23697916666666669,0.4823763889427201,3.3684210526315788
344,19,43,13,1.7894736842105263,0.2578125,0.4823763889427201,3.3684210526315788
345,19,44,13,1.7894736842105263,0.25260416666666663,0.4823763889427201,3.3684210526315788
346,19,41,13,1.7894736842105263,0.2734375,0.4823763889427201,3.3684210526315788
347,18,46,13,1.75,0.23958333333333331,0.39999999999999997,3.2
348,18,48,12,1.75,0.21614583333333331,0.39999999999999997,3.2
349,19,43,14,1.7894736842105263,0.265625,0.4823763889427201,3.3684210526315788
350,20,48,11,1.8333333333333333,0.2109375,0.49690399499995325,3.5555555555555554
351,19,49,11,1.7894736842105263,0.203125,0.4823763889427201,3.3684210526315788
352,19,43,17,1.7894736842105263,0.29166666666666663,0.4823763889427201,3.3684210526315788
353,18,47,13,1.75,0.234375,0.39999999999999997,3.2
354,20,40,14,1.8333333333333333,0.29166666666666663,0.49690399499995325,3.5555555555555554
355,17,46,14,1.7142857142857142,0.25,0.21295885499997994,3.0476190476190474
356,18,45,13,1.75,0.24479166666666663,0.39999999999999997,3.2
357,18,40,16,1.75,0.30729166666666663,0.39999999999999997,3.2
358,18,42,13,1.75,0.265625,0.39999999999999997,3.2
359,19,42,16,1.7894736842105263,0.2942708333333333,0.48237638894272,3.3684210526315788
360,18,41,14,1.75,0.2890625,0.39999999999999997,3.2
361,18,42,15,1.75,0.28385416666666663,0.39999999999999997,3.2
362,18,44,14,1.75,0.2630208333333333,0.39999999999999997,3.2
363,20,44,13,1.8333333333333333,0.2578125,0.49690399499995325,3.5555555555555554
364,18,44,10,1.75,0.22395833333333334,0.39999999999999997,3.2
365,18,45,13,1.75,0.24479166666666663,0.39999999999999997,3.2
366,19,44,13,1.7894736842105263,0.25260416666666663,0.4823763889427201,3.3684210526315788
367,18,45,13,1.75,0.25,0.39999999999999997,3.2
368,18,46,15,1.75,0.2552083333333333,0.39999999999999997,3.2
369,18,44,16,1.75,0.28125,0.39999999999999997,3.2
370,17,43,10,1.7142857142857142,0.22916666666666663,0.21295885499997994,3.0476190476190474
371,19,43,14,1.736842105263158,0.26719576719576715,0.5668594533825794,3.3157894736842106
372,19,42,16,1.7894736842105263,0.2890625,0.4823763889427201,3.3684210526315788
373,18,44,15,1.75,0.27083333333333337,0.39999999999999997,3.2
374,19,43,16,1.7894736842105263,0.2864583333333333,0.4823763889427201,3.3684210526315788
375,18,43,14,1.75,0.27083333333333337,0.39999999999999997,3.2
376,18,49,13,1.75,0.21614583333333331,0.39999999999999997,3.2
377,18,40,19,1.75,0.3359375,0.39999999999999997,3.2
378,20,43,13,1.8333333333333333,0.2578125,0.49690399499995325,3.5555555555555554
379,18,47,14,1.75,0.23958333333333331,0.39999999999999997,3.2
380,19,43,14,1.7894736842105263,0.265625,0.4823763889427201,3.3684210526315788
381,19,45,14,1.7894736842105263,0.2552083333333333,0.4823763889427201,3.3684210526315788
382,18,46,12,1.75,0.22916666666666669,0.39999999999999997,3.2
383,18,45,14,1.75,0.25260416666666663,0.39999999999999997,3.2
384,19,46,14,1.7894736842105263,0.25,0.4823763889427201,3.3684210526315788
385,18,45,17,1.75,0.27864583333333337,0.39999999999999997,3.2
386,19,41,15,1.7894736842105263,0.2942708333333333,0.4823763889427201,3.3684210526315788
387,19,42,15,1.7894736842105263,0.28125,0.4823763889427201,3.3684210526315788
388,18,45,12,1.75,0.23697916666666666,0.39999999999999997,3.2
389,18,40,18,1.75,0.32552083333333337,0.39999999999999997,3.2
390,19,41,13,1.7894736842105263,0.2682291666666667,0.4823763889427201,3.3684210526315788
391,19,44,14,1.7894736842105263,0.26041666666666663,0.4823763889427201,3.3684210526315788
392,19,42,18,1.7894736842105263,0.3125,0.4823763889427201,3.3684210526315788
393,19,43,15,1.7894736842105263,0.2760416666666667,0.4823763889427201,3.3684210526315788
394,19,43,15,1.7894736842105263,0.2760416666666667,0.4823763889427201,3.3684210526315788
395,18,46,11,1.75,0.22135416666666666,0.39999999999999997,3.2
396,19,44,14,1.7894736842105263,0.2630208333333333,0.4823763889427201,3.3684210526315788
397,19,40,16,1.7894736842105263,0.30729166666666663,0.4823763889427201,3.3684210526315788
398,18,43,15,1.75,0.2786458333333333,0.39999999999999997,3.2
399,19,44,14,1.7894736842105263,0.26041666666666663,0.4823763889427201,3.3684210526315788
400,19,44,12,1.7894736842105263,0.2421875,0.48237638894272,3.3684210526315788
401,19,42,15,1.7894736842105263,0.28645833333333337,0.4823763889427201,3.3684210526315788
402,18,40,13,1.75,0.27864583333333337,0.39999999999999997,3.2
403,19,41,15,1.7894736842105263,0.29166666666666663,0.4823763889427201,3.3684210526315788
404,19,42,17,1.7894736842105263,0.29947916666666663,0.48237638894272,3.3684210526315788
405,19,43,14,1.7894736842105263,0.265625,0.4823763889427201,3.3684210526315788
406,18,40,16,1.75,0.3098958333333333,0.39999999999999997,3.2
407,18,42,14,1.75,0.2734375,0.39999999999999997,3.2
408,18,40,14,1.75,0.29166666666666663,0.39999999999999997,3.2
409,18,40,17,1.75,0.31510416666666663,0.39999999999999997,3.2
410,17,45,14,1.7142857142857142,0.2552083333333333,0.21295885499997994,3.0476190476190474
411,19,41,14,1.736842105263158,0.2751322751322751,0.5668594533825794,3.3157894736842106
412,19,42,16,1.7894736842105263,0.29166666666666663,0.4823763889427201,3.3684210526315788
413,18,40,16,1.75,0.3046875,0.39999999999999997,3.2
414,18,44,12,1.75,0.24479166666666663,0.39999999999999997,3.2
415,19,37,16,1.7894736842105263,0.3307291666666667,0.4823763889427201,3.3684210526315788
416,18,43,15,1.75,0.2786458333333333,0.39999999999999997,3.2
417,19,42,14,1.736842105263158,0.2751322751322751,0.5668594533825794,3.3157894736842106
418,20,40,15,1.8333333333333333,0.3020833333333333,0.49690399499995325,3.5555555555555554
419,18,43,18,1.75,0.3020833333333333,0.39999999999999997,3.2
420,18,40,17,1.75,0.3203125,0.39999999999999997,3.2
421,19,38,15,1.7894736842105263,0.30989583333333337,0.4823763889427201,3.3684210526315788
422,19,38,15,1.7894736842105263,0.31510416666666663,0.4823763889427201,3.3684210526315788
423,19,43,15,1.7894736842105263,0.2786458333333333,0.4823763889427201,3.3684210526315788
424,19,38,15,1.7894736842105263,0.30989583333333337,0.48237638894272,3.3684210526315788
425,18,37,17,1.75,0.33333333333333337,0.39999999999999997,3.2
426,18,42,15,1.7,0.2830687830687831,0.47696960070847283,3.15
427,18,39,16,1.75,0.31770833333333337,0.39999999999999997,3.2
428,18,41,15,1.75,0.29166666666666663,0.39999999999999997,3.2
429,18,40,14,1.75,0.2864583333333333,0.39999999999999997,3.2
430,18,43,14,1.75,0.2708333333333333,0.39999999999999997,3.2
431,19,42,13,1.7894736842105263,0.26822916666666663,0.4823763889427201,3.3684210526315788
432,18,37,15,1.75,0.32552083333333337,0.39999999999999997,3.2
433,19,39,17,1.7894736842105263,0.3203125,0.4823763889427201,3.3684210526315788
434,18,42,13,1.75,0.26822916666666663,0.39999999999999997,3.2
435,20,38,17,1.8333333333333333,0.328125,0.49690399499995325,3.5555555555555554
436,18,37,17,1.75,0.3359375,0.39999999999999997,3.2
437,19,41,16,1.736842105263158,0.30158730158730157,0.5668594533825794,3.3157894736842106
438,18,38,16,1.7,0.32010582010582006,0.47696960070847283,3.15
439,19,41,16,1.7894736842105263,0.29947916666666663,0.4823763889427201,3.3684210526315788
440,19,45,14,1.7894736842105263,0.2578125,0.48237638894272,3.3684210526315788
441,19,35,16,1.7894736842105263,0.34635416666666663,0.48237638894272,3.3684210526315788
442,19,41,16,1.7894736842105263,0.29947916666666663,0.4823763889427201,3.3684210526315788
443,19,40,17,1.7894736842105263,0.3125,0.4823763889427201,3.3684210526315788
444,19,39,14,1.7894736842105263,0.29427083333333337,0.4823763889427201,3.3684210526315788
445,18,39,16,1.75,0.3151041666666667,0.39999999999999997,3.2
446,18,37,19,1.75,0.35416666666666663,0.39999999999999997,3.2
447,18,35,17,1.75,0.3489583333333333,0.39999999999999997,3.2
448,18,41,17,1.75,0.30729166666666663,0.39999999999999997,3.2
449,18,43,13,1.75,0.2630208333333333,0.39999999999999997,3.2
450,18,41,17,1.7,0.3042328042328042,0.47696960070847283,3.15
451,18,39,18,1.75,0.3333333333333333,0.39999999999999997,3.2
452,18,39,18,1.75,0.33333333333333337,0.39999999999999997,3.2
453,19,37,19,1.7894736842105263,0.359375,0.4823763889427201,3.3684210526315788
454,19,34,15,1.7894736842105263,0.34375,0.4823763889427201,3.3684210526315788
455,19,37,17,1.736842105263158,0.33597883597883593,0.5668594533825794,3.3157894736842106
456,17,37,16,1.7142857142857142,0.33072916666666663,0.21295885499997994,3.0476190476190474
457,19,37,18,1.7894736842105263,0.34375,0.48237638894272,3.3684210526315788
458,17,41,16,1.7142857142857142,0.2994791666666667,0.21295885499997994,3.0476190476190474
459,19,39,17,1.7894736842105263,0.3203125,0.4823763889427201,3.3684210526315788
460,18,38,17,1.75,0.328125,0.39999999999999997,3.2
461,19,45,9,1.7894736842105263,0.21614583333333334,0.4823763889427201,3.3684210526315788
462,19,43,16,1.7894736842105263,0.2864583333333333,0.4823763889427201,3.3684210526315788
463,18,39,16,1.75,0.3098958333333333,0.39999999999999997,3.2
464,18,39,16,1.75,0.3177083333333333,0.39999999999999997,3.2
465,19,38,17,1.7894736842105263,0.328125,0.4823763889427201,3.3684210526315788
466,18,41,17,1.75,0.3098958333333333,0.39999999999999997,3.2
467,19,42,15,1.7894736842105263,0.28385416666666663,0.4823763889427201,3.3684210526315788
468,19,43,16,1.7894736842105263,0.28645833333333337,0.4823763889427201,3.3684210526315788
469,19,42,14,1.7894736842105263,0.27604166666666663,0.4823763889427201,3.3684210526315788
470,19,39,17,1.7894736842105263,0.32291666666666663,0.4823763889427201,3.3684210526315788
471,19,40,17,1.7894736842105263,0.3177083333333333,0.4823763889427201,3.3684210526315788
472,19,36,16,1.7894736842105263,0.3411458333333333,0.4823763889427201,3.3684210526315788
473,18,34,17,1.75,0.359375,0.39999999999999997,3.2
474,19,38,17,1.7894736842105263,0.3359375,0.4823763889427201,3.3684210526315788
475,18,44,14,1.75,0.265625,0.39999999999999997,3.2
476,19,39,17,1.7894736842105263,0.3229166666666667,0.4823763889427201,3.3684210526315788
477,19,38,18,1.7894736842105263,0.3385416666666667,0.4823763889427201,3.3684210526315788
478,18,34,17,1.75,0.3515625,0.39999999999999997,3.2
479,18,41,17,1.75,0.3098958333333333,0.39999999999999997,3.2
480,19,40,16,1.7894736842105263,0.3046875,0.4823763889427201,3.3684210526315788
481,19,42,12,1.7894736842105263,0.2604166666666667,0.4823763889427201,3.3684210526315788
482,19,38,17,1.7894736842105263,0.328125,0.4823763889427201,3.3684210526315788
483,18,39,17,1.75,0.3229166666666667,0.39999999999999997,3.2
484,18,39,18,1.75,0.3333333333333333,0.39999999999999997,3.2
485,18,39,17,1.75,0.32291666666666663,0.39999999999999997,3.2
486,19,38,18,1.7894736842105263,0.33854166666666663,0.4823763889427201,3.3684210526315788
487,19,41,16,1.7894736842105263,0.3046875,0.4823763889427201,3.3684210526315788
488,19,40,16,1.7894736842105263,0.3098958333333333,0.4823763889427201,3.3684210526315788
489,19,41,15,1.736842105263158,0.2883597883597883,0.5668594533825794,3.3157894736842106
490,19,38,17,1.7894736842105263,0.33072916666666663,0.4823763889427201,3.3684210526315788
491,18,39,17,1.75,0.3203125,0.39999999999999997,3.2
492,19,39,18,1.7894736842105263,0.3333333333333333,0.4823763889427201,3.3684210526315788
493,19,38,17,1.7894736842105263,0.328125,0.4823763889427201,3.3684210526315788
494,18,43,14,1.75,0.2682291666666667,0.39999999999999997,3.2
495,19,36,17,1.7894736842105263,0.34635416666666663,0.48237638894272,3.3684210526315788
496,20,43,15,1.8333333333333333,0.2786458333333333,0.49690399499995325,3.5555555555555554
497,19,43,16,1.7894736842105263,0.2864583333333333,0.48237638894272,3.3684210526315788
498,18,44,14,1.75,0.265625,0.39999999999999997,3.2
499,19,40,17,1.7894736842105263,0.31510416666666663,0.4823763889427201,3.3684210526315788
500,20,38,15,1.8333333333333333,0.3151041666666667,0.49690399499995325,3.5555555555555554
501,19,39,17,1.7894736842105263,0.32291666666666663,0.4823763889427201,3.3684210526315788
502,18,39,15,1.75,0.3098958333333333,0.39999999999999997,3.2
503,18,36,17,1.75,0.34375,0.39999999999999997,3.2
504,19,38,17,1.7894736842105263,0.3333333333333333,0.4823763889427201,3.3684210526315788
505,19,38,17,1.7894736842105263,0.33072916666666663,0.4823763889427201,3.3684210526315788
506,19,41,17,1.7894736842105263,0.3125,0.4823763889427201,3.3684210526315788
507,19,36,16,1.7894736842105263,0.33072916666666663,0.4823763889427201,3.3684210526315788
508,19,37,17,1.7894736842105263,0.3359375,0.4823763889427201,3.3684210526315788
509,18,38,17,1.75,0.3333333333333333,0.39999999999999997,3.2
510,19,35,20,1.7894736842105263,0.37760416666666663,0.4823763889427201,3.3684210526315788
511,18,39,15,1.75,0.3046875,0.39999999999999997,3.2
512,19,41,15,1.7894736842105263,0.2890625,0.4823763889427201,3.3684210526315788
513,19,40,16,1.736842105263158,0.30423280423280424,0.5668594533825794,3.3157894736842106
514,20,36,19,1.8333333333333333,0.36197916666666663,0.49690399499995325,3.5555555555555554
515,20,39,16,1.8333333333333333,0.31510416666666663,0.49690399499995325,3.5555555555555554
516,18,41,16,1.75,0.3020833333333333,0.39999999999999997,3.2
517,19,38,17,1.7894736842105263,0.33072916666666663,0.4823763889427201,3.3684210526315788
518,18,42,18,1.75,0.3125,0.39999999999999997,3.2
519,19,42,15,1.7894736842105263,0.28385416666666663,0.4823763889427201,3.3684210526315788
520,19,41,18,1.7894736842105263,0.3177083333333333,0.4823763889427201,3.3684210526315788
521,19,36,16,1.7894736842105263,0.3333333333333333,0.4823763889427201,3.3684210526315788
522,18,38,16,1.75,0.3177083333333333,0.39999999999999997,3.2
523,19,42,16,1.7894736842105263,0.2942708333333333,0.4823763889427201,3.3684210526315788
524,18,36,17,1.75,0.3359375,0.39999999999999997,3.2
525,20,38,16,1.8333333333333333,0.3203125,0.49690399499995325,3.5555555555555554
526,19,38,18,1.7894736842105263,0.3411458333333333,0.4823763889427201,3.3684210526315788
527,19,39,17,1.7894736842105263,0.3203125,0.4823763889427201,3.3684210526315788
528,18,39,15,1.75,0.30729166666666663,0.39999999999999997,3.2
529,18,38,17,1.75,0.32552083333333337,0.39999999999999997,3.2
530,18,38,18,1.75,0.33854166666666663,0.39999999999999997,3.2
531,18,38,17,1.75,0.328125,0.39999999999999997,3.2
532,18,39,15,1.75,0.3046875,0.39999999999999997,3.2
533,18,37,16,1.7,0.328042328042328,0.47696960070847283,3.15
534,19,36,17,1.7894736842105263,0.34375,0.48237638894272,3.3684210526315788
535,18,39,14,1.75,0.29947916666666663,0.39999999999999997,3.2
536,19,38,17,1.7894736842105263,0.3333333333333333,0.4823763889427201,3.3684210526315788
537,19,39,17,1.7894736842105263,0.3255208333333333,0.4823763889427201,3.3684210526315788
538,20,42,16,1.8333333333333333,0.296875,0.49690399499995325,3.5555555555555554
539,19,39,16,1.7894736842105263,0.3203125,0.4823763889427201,3.3684210526315788
540,18,40,15,1.75,0.3020833333333333,0.39999999999999997,3.2
541,18,40,18,1.75,0.32291666666666663,0.39999999999999997,3.2
542,19,37,19,1.7894736842105263,0.3567708333333333,0.4823763889427201,3.3684210526315788
543,18,35,19,1.75,0.3671875,0.39999999999999997,3.2
544,18,38,17,1.75,0.33072916666666663,0.39999999999999997,3.2
545,18,41,17,1.75,0.3125,0.39999999999999997,3.2
546,18,38,17,1.7,0.33068783068783064,0.47696960070847283,3.15
547,17,37,19,1.7142857142857142,0.3567708333333333,0.21295885499997994,3.0476190476190474
548,19,34,18,1.7894736842105263,0.3671875,0.4823763889427201,3.3684210526315788
549,18,41,18,1.75,0.3177083333333333,0.39999999999999997,3.2
550,19,37,16,1.7894736842105263,0.328125,0.4823763889427201,3.3684210526315788
551,19,38,18,1.7894736842105263,0.3411458333333333,0.4823763889427201,3.3684210526315788
552,18,36,18,1.75,0.35416666666666663,0.39999999999999997,3.2
553,18,36,18,1.75,0.3515625,0.39999999999999997,3.2
554,19,37,17,1.7894736842105263,0.33854166666666663,0.4823763889427201,3.3684210526315788
555,19,39,16,1.7894736842105263,0.3151041666666667,0.48237638894272,3.3684210526315788
556,18,39,16,1.75,0.3203125,0.39999999999999997,3.2
557,19,37,17,1.7894736842105263,0.33854166666666663,0.4823763889427201,3.3684210526315788
558,18,37,16,1.75,0.33072916666666663,0.39999999999999997,3.2
559,19,39,17,1.7894736842105263,0.32291666666666663,0.48237638894272,3.3684210526315788
560,18,38,18,1.75,0.3411458333333333,0.39999999999999997,3.2
561,19,35,18,1.736842105263158,0.35978835978835977,0.5668594533825794,3.3157894736842106
562,19,40,19,1.7894736842105263,0.3359375,0.4823763889427201,3.3684210526315788
563,18,38,17,1.75,0.328125,0.39999999999999997,3.2
564,19,39,17,1.7894736842105263,0.3203125,0.4823763889427201,3.3684210526315788
565,18,39,17,1.75,0.3255208333333333,0.39999999999999997,3.2
566,18,37,19,1.75,0.35416666666666663,0.39999999999999997,3.2
567,18,35,16,1.7,0.3412698412698413,0.47696960070847283,3.15
568,18,35,19,1.75,0.3697916666666667,0.39999999999999997,3.2
569,18,40,17,1.75,0.31510416666666663,0.39999999999999997,3.2
570,19,36,17,1.7894736842105263,0.33854166666666663,0.48237638894272,3.3684210526315788
571,18,38,18,1.75,0.3359375,0.39999999999999997,3.2
572,19,37,20,1.7894736842105263,0.3671875,0.4823763889427201,3.3684210526315788
573,18,37,18,1.75,0.34635416666666663,0.39999999999999997,3.2
574,18,39,16,1.75,0.3177083333333333,0.39999999999999997,3.2
575,18,37,17,1.75,0.3411458333333333,0.39999999999999997,3.2
576,18,39,16,1.75,0.31510416666666663,0.39999999999999997,3.2
577,19,39,17,1.736842105263158,0.32275132275132273,0.5668594533825794,3.3157894736842106
578,18,38,18,1.75,0.33854166666666663,0.39999999999999997,3.2
579,19,34,19,1.7894736842105263,0.3802083333333333,0.4823763889427201,3.3684210526315788
580,18,35,18,1.75,0.359375,0.39999999999999997,3.2
581,19,40,17,1.7894736842105263,0.3177083333333333,0.4823763889427201,3.3684210526315788
582,19,37,17,1.7894736842105263,0.33854166666666663,0.4823763889427201,3.3684210526315788
583,19,40,15,1.7894736842105263,0.29947916666666663,0.4823763889427201,3.3684210526315788
584,19,38,17,1.7894736842105263,0.33072916666666663,0.4823763889427201,3.3684210526315788
585,19,38,19,1.7894736842105263,0.3489583333333333,0.4823763889427201,3.3684210526315788
586,19,36,17,1.7894736842105263,0.34375,0.4823763889427201,3.3684210526315788
587,19,31,19,1.7894736842105263,0.3932291666666667,0.4823763889427201,3.3684210526315788
588,19,39,17,1.7894736842105263,0.32291666666666663,0.4823763889427201,3.3684210526315788
589,19,34,18,1.736842105263158,0.3624338624338625,0.5668594533825794,3.3157894736842106
590,18,37,18,1.75,0.34635416666666663,0.39999999999999997,3.2
591,19,35,18,1.7894736842105263,0.359375,0.4823763889427201,3.3684210526315788
592,18,35,20,1.75,0.3776041666666667,0.39999999999999997,3.2
593,19,39,17,1.7894736842105263,0.3255208333333333,0.4823763889427201,3.3684210526315788
594,19,34,17,1.7894736842105263,0.36197916666666663,0.4823763889427201,3.3684210526315788
595,18,35,19,1.75,0.3723958333333333,0.39999999999999997,3.2
596,18,36,16,1.75,0.3359375,0.39999999999999997,3.2
597,19,35,17,1.7894736842105263,0.35416666666666663,0.48237638894272,3.3684210526315788
598,18,37,18,1.75,0.3411458333333333,0.39999999999999997,3.2
599,18,32,18,1.7,0.38095238095238093,0.47696960070847283,3.15
600,20,41,17,1.8333333333333333,0.3098958333333333,0.49690399499995325,3.5555555555555554
601,19,36,17,1.7894736842105263,0.34635416666666663,0.4823763889427201,3.3684210526315788
602,18,38,16,1.75,0.3255208333333333,0.39999999999999997,3.2
603,19,38,19,1.7894736842105263,0.34635416666666663,0.4823763889427201,3.3684210526315788
604,19,37,17,1.7894736842105263,0.33854166666666663,0.4823763889427201,3.3684210526315788
605,19,35,19,1.7894736842105263,0.36979166666666663,0.48237638894272,3.3684210526315788
606,18,36,15,1.75,0.3333333333333333,0.39999999999999997,3.2
607,18,34,18,1.75,0.3671875,0.39999999999999997,3.2
608,18,36,18,1.75,0.35416666666666663,0.39999999999999997,3.2
609,20,38,17,1.7777777777777777,0.328042328042328,0.6009252125773316,3.5
610,18,35,19,1.75,0.3671875,0.39999999999999997,3.2
611,19,36,19,1.7894736842105263,0.3645833333333333,0.48237638894272,3.3684210526315788
612,19,34,19,1.7894736842105263,0.37760416666666663,0.4823763889427201,3.3684210526315788
613,19,40,18,1.7894736842105263,0.3255208333333333,0.4823763889427201,3.3684210526315788
614,18,38,18,1.75,0.34375,0.39999999999999997,3.2
615,19,38,19,1.7894736842105263,0.3489583333333333,0.4823763889427201,3.3684210526315788
616,18,34,19,1.75,0.375,0.39999999999999997,3.2
617,18,37,17,1.75,0.3359375,0.39999999999999997,3.2
618,19,33,18,1.7894736842105263,0.375,0.4823763889427201,3.3684210526315788
619,19,41,16,1.7894736842105263,0.3020833333333333,0.4823763889427201,3.3684210526315788
620,18,37,19,1.75,0.3567708333333333,0.39999999999999997,3.2
621,19,37,17,1.7894736842105263,0.33854166666666663,0.4823763889427201,3.3684210526315788
622,20,39,17,1.8333333333333333,0.3255208333333333,0.49690399499995325,3.5555555555555554
623,19,37,20,1.7894736842105263,0.36197916666666663,0.4823763889427201,3.3684210526315788
624,20,40,14,1.8333333333333333,0.2890625,0.49690399499995325,3.5555555555555554
625,19,38,17,1.7894736842105263,0.33072916666666663,0.4823763889427201,3.3684210526315788
626,18,35,19,1.75,0.3697916666666667,0.39999999999999997,3.2
627,19,38,18,1.7894736842105263,0.33854166666666663,0.4823763889427201,3.3684210526315788
628,18,37,19,1.75,0.3567708333333333,0.39999999999999997,3.2
629,19,32,19,1.7894736842105263,0.390625,0.4823763889427201,3.3684210526315788
630,19,33,21,1.7894736842105263,0.39583333333333337,0.4823763889427201,3.3684210526315788
631,19,36,17,1.7894736842105263,0.3489583333333333,0.4823763889427201,3.3684210526315788
632,18,36,20,1.75,0.3723958333333333,0.39999999999999997,3.2
633,19,38,20,1.7894736842105263,0.3567708333333333,0.4823763889427201,3.3684210526315788
634,19,36,19,1.7894736842105263,0.3619791666666667,0.4823763889427201,3.3684210526315788
635,19,37,19,1.7894736842105263,0.35416666666666663,0.4823763889427201,3.3684210526315788
636,19,36,19,1.7894736842105263,0.3645833333333333,0.4823763889427201,3.3684210526315788
637,19,31,20,1.736842105263158,0.4021164021164021,0.5668594533825794,3.3157894736842106
638,18,38,18,1.75,0.34114583333333337,0.39999999999999997,3.2
639,19,33,22,1.7894736842105263,0.40625,0.4823763889427201,3.3684210526315788
640,18,35,17,1.75,0.35416666666666663,0.39999999999999997,3.2
641,19,38,18,1.7894736842105263,0.3359375,0.48237638894272,3.3684210526315788
642,20,32,18,1.8333333333333333,0.3828125,0.49690399499995325,3.5555555555555554
643,19,34,19,1.7894736842105263,0.37760416666666663,0.48237638894272,3.3684210526315788
644,18,38,17,1.75,0.33072916666666663,0.39999999999999997,3.2
645,19,38,19,1.7894736842105263,0.34635416666666663,0.4823763889427201,3.3684210526315788
646,19,35,19,1.7894736842105263,0.3671875,0.4823763889427201,3.3684210526315788
647,19,35,19,1.7894736842105263,0.3671875,0.4823763889427201,3.3684210526315788
648,20,38,16,1.8333333333333333,0.32291666666666663,0.49690399499995325,3.5555555555555554
649,19,36,16,1.7894736842105263,0.33333333333333337,0.4823763889427201,3.3684210526315788
650,19,37,18,1.7894736842105263,0.34635416666666663,0.48237638894272,3.3684210526315788
651,19,33,21,1.7894736842105263,0.4036458333333333,0.4823763889427201,3.3684210526315788
652,18,36,18,1.7,0.34920634920634913,0.47696960070847283,3.15
653,18,34,21,1.75,0.39322916666666663,0.39999999999999997,3.2
654,19,33,19,1.7894736842105263,0.3776041666666667,0.4823763889427201,3.3684210526315788
655,19,34,20,1.7894736842105263,0.390625,0.4823763889427201,3.3684210526315788
656,19,35,19,1.7894736842105263,0.3671875,0.48237638894272,3.3684210526315788
657,18,34,19,1.75,0.38020833333333337,0.39999999999999997,3.2
658,19,38,16,1.7894736842105263,0.32291666666666663,0.4823763889427201,3.3684210526315788
659,19,38,20,1.7894736842105263,0.359375,0.4823763889427201,3.3684210526315788
660,18,37,17,1.75,0.33333333333333337,0.39999999999999997,3.2
661,19,33,19,1.7894736842105263,0.3776041666666667,0.4823763889427201,3.3684210526315788
662,19,33,21,1.7894736842105263,0.3984375,0.48237638894272,3.3684210526315788
663,18,38,17,1.75,0.3333333333333333,0.39999999999999997,3.2
664,18,33,21,1.75,0.3984375,0.39999999999999997,3.2
665,20,34,20,1.8333333333333333,0.38020833333333337,0.49690399499995325,3.5555555555555554
666,18,36,18,1.75,0.34895833333333337,0.39999999999999997,3.2
667,19,36,19,1.7894736842105263,0.36197916666666663,0.48237638894272,3.3684210526315788
668,20,41,17,1.8333333333333333,0.3125,0.49690399499995325,3.5555555555555554
669,18,35,20,1.75,0.37760416666666663,0.39999999999999997,3.2
670,19,30,22,1.7894736842105263,0.43229166666666663,0.4823763889427201,3.3684210526315788
671,19,35,20,1.7894736842105263,0.375,0.4823763889427201,3.3684210526315788
672,18,36,20,1.75,0.3723958333333333,0.39999999999999997,3.2
673,18,36,19,1.75,0.36197916666666663,0.39999999999999997,3.2
674,19,35,20,1.7894736842105263,0.37760416666666663,0.4823763889427201,3.3684210526315788
675,19,34,22,1.7894736842105263,0.40104166666666663,0.4823763889427201,3.3684210526315788
676,19,34,19,1.7894736842105263,0.37760416666666663,0.4823763889427201,3.3684210526315788
677,19,34,19,1.7894736842105263,0.375,0.4823763889427201,3.3684210526315788
678,19,34,21,1.7894736842105263,0.3958333333333333,0.4823763889427201,3.3684210526315788
679,19,34,19,1.7894736842105263,0.37760416666666663,0.4823763889427201,3.3684210526315788
680,18,33,21,1.75,0.4036458333333333,0.39999999999999997,3.2
681,19,35,20,1.7894736842105263,0.38020833333333337,0.4823763889427201,3.3684210526315788
682,19,35,19,1.7894736842105263,0.36979166666666663,0.4823763889427201,3.3684210526315788
683,19,34,20,1.7894736842105263,0.3880208333333333,0.4823763889427201,3.3684210526315788
684,18,33,21,1.75,0.4036458333333333,0.39999999999999997,3.2
685,18,36,18,1.75,0.3541666666666667,0.39999999999999997,3.2
686,19,31,21,1.7894736842105263,0.4140625,0.4823763889427201,3.3684210526315788
687,19,38,18,1.7894736842105263,0.33854166666666663,0.4823763889427201,3.3684210526315788
688,18,32,20,1.75,0.3984375,0.39999999999999997,3.2
689,20,33,20,1.8333333333333333,0.38802083333333337,0.49690399499995325,3.5555555555555554
690,19,37,19,1.7894736842105263,0.35416666666666663,0.4823763889427201,3.3684210526315788
691,18,32,17,1.75,0.36979166666666663,0.39999999999999997,3.2
692,18,34,21,1.75,0.3958333333333333,0.39999999999999997,3.2
693,19,33,19,1.7894736842105263,0.3776041666666667,0.4823763889427201,3.3684210526315788
694,19,37,21,1.7894736842105263,0.3723958333333333,0.4823763889427201,3.3684210526315788
695,19,38,20,1.7894736842105263,0.3567708333333333,0.4823763889427201,3.3684210526315788
696,18,37,19,1.75,0.3567708333333333,0.39999999999999997,3.2
697,19,36,18,1.736842105263158,0.34920634920634913,0.5668594533825794,3.3157894736842106
698,19,34,20,1.7894736842105263,0.3880208333333333,0.4823763889427201,3.3684210526315788
699,19,38,19,1.7894736842105263,0.34895833333333337,0.48237638894272,3.3684210526315788
700,18,37,18,1.75,0.34635416666666663,0.39999999999999997,3.2
701,19,35,20,1.7894736842105263,0.37760416666666663,0.4823763889427201,3.3684210526315788
702,18,34,19,1.75,0.3802083333333333,0.39999999999999997,3.2
703,18,35,19,1.75,0.3723958333333333,0.39999999999999997,3.2
704,18,37,18,1.7,0.3412698412698413,0.47696960070847283,3.15
705,19,36,20,1.7894736842105263,0.36979166666666663,0.4823763889427201,3.3684210526315788
706,18,35,22,1.75,0.3958333333333333,0.39999999999999997,3.2
707,19,33,21,1.7894736842105263,0.40104166666666663,0.4823763889427201,3.3684210526315788
708,19,36,19,1.7894736842105263,0.36197916666666663,0.48237638894272,3.3684210526315788
709,19,32,19,1.7894736842105263,0.3854166666666667,0.4823763889427201,3.3684210526315788
710,19,35,19,1.736842105263158,0.37037037037037035,0.5668594533825794,3.3157894736842106
711,20,38,17,1.8333333333333333,0.33072916666666663,0.49690399499995325,3.5555555555555554
712,18,35,20,1.75,0.37760416666666663,0.39999999999999997,3.2
713,18,35,20,1.75,0.3802083333333333,0.39999999999999997,3.2
714,18,31,22,1.75,0.421875,0.39999999999999997,3.2
715,19,31,20,1.7894736842105263,0.40625,0.4823763889427201,3.3684210526315788
716,18,33,20,1.75,0.39322916666666663,0.39999999999999997,3.2
717,18,34,20,1.7,0.3862433862433862,0.47696960070847283,3.15
718,17,33,16,1.7142857142857142,0.359375,0.21295885499997994,3.0476190476190474
719,19,35,20,1.7894736842105263,0.37760416666666663,0.4823763889427201,3.3684210526315788
720,18,34,20,1.75,0.3828125,0.39999999999999997,3.2
721,20,36,20,1.8333333333333333,0.3723958333333333,0.49690399499995325,3.5555555555555554
722,19,34,20,1.7894736842105263,0.3828125,0.4823763889427201,3.3684210526315788
723,19,33,22,1.7894736842105263,0.40885416666666663,0.48237638894272,3.3684210526315788
724,18,36,18,1.75,0.3515625,0.39999999999999997,3.2
725,18,34,21,1.75,0.39583333333333337,0.39999999999999997,3.2
726,18,35,19,1.75,0.36979166666666663,0.39999999999999997,3.2
727,19,36,19,1.7894736842105263,0.3619791666666667,0.4823763889427201,3.3684210526315788
728,19,36,20,1.7894736842105263,0.36979166666666663,0.4823763889427201,3.3684210526315788
729,19,38,18,1.7894736842105263,0.3411458333333333,0.48237638894272,3.3684210526315788
730,18,35,16,1.75,0.3385416666666667,0.39999999999999997,3.2
731,19,35,19,1.7894736842105263,0.36979166666666663,0.48237638894272,3.3684210526315788
732,18,38,19,1.75,0.3489583333333333,0.39999999999999997,3.2
733,19,30,23,1.7894736842105263,0.44010416666666663,0.4823763889427201,3.3684210526315788
734,19,34,21,1.7894736842105263,0.39322916666666663,0.4823763889427201,3.3684210526315788
735,19,35,19,1.7894736842105263,0.3723958333333333,0.48237638894272,3.3684210526315788
736,18,34,20,1.75,0.38541666666666663,0.39999999999999997,3.2
737,19,38,19,1.7894736842105263,0.34635416666666663,0.4823763889427201,3.3684210526315788
738,19,32,20,1.736842105263158,0.39682539682539675,0.5668594533825794,3.3157894736842106
739,19,32,21,1.7894736842105263,0.4114583333333333,0.48237638894272,3.3684210526315788
740,18,35,20,1.75,0.375,0.39999999999999997,3.2
741,19,32,20,1.7894736842105263,0.3932291666666667,0.4823763889427201,3.3684210526315788
742,18,36,19,1.75,0.36458333333333337,0.39999999999999997,3.2
743,19,36,20,1.7894736842105263,0.3723958333333333,0.4823763889427201,3.3684210526315788
744,18,29,24,1.75,0.453125,0.39999999999999997,3.2
745,19,31,19,1.7894736842105263,0.3984375,0.4823763889427201,3.3684210526315788
746,18,35,19,1.7,0.36507936507936506,0.47696960070847283,3.15
747,19,37,19,1.7894736842105263,0.3567708333333333,0.48237638894272,3.3684210526315788
748,18,37,19,1.75,0.3567708333333333,0.39999999999999997,3.2
749,18,36,19,1.75,0.3645833333333333,0.39999999999999997,3.2
750,20,34,21,1.8333333333333333,0.3958333333333333,0.49690399499995325,3.5555555555555554
751,18,34,20,1.75,0.3828125,0.39999999999999997,3.2
752,19,33,20,1.7894736842105263,0.390625,0.4823763889427201,3.3684210526315788
753,18,35,19,1.75,0.36979166666666663,0.39999999999999997,3.2
754,18,33,22,1.75,0.4088541666666667,0.39999999999999997,3.2
755,18,34,19,1.75,0.375,0.39999999999999997,3.2
756,19,31,22,1.7894736842105263,0.42447916666666663,0.48237638894272,3.3684210526315788
757,19,35,21,1.7894736842105263,0.38541666666666663,0.4823763889427201,3.3684210526315788
758,19,32,22,1.7894736842105263,0.41666666666666663,0.4823763889427201,3.3684210526315788
759,19,31,22,1.7894736842105263,0.421875,0.4823763889427201,3.3684210526315788
760,19,33,19,1.7894736842105263,0.38541666666666663,0.4823763889427201,3.3684210526315788
761,19,36,17,1.7894736842105263,0.34114583333333337,0.4823763889427201,3.3684210526315788
762,18,32,22,1.75,0.4192708333333333,0.39999999999999997,3.2
763,19,32,20,1.7894736842105263,0.39583333333333337,0.4823763889427201,3.3684210526315788
764,19,34,20,1.7894736842105263,0.3828125,0.4823763889427201,3.3684210526315788
765,18,33,21,1.75,0.40104166666666663,0.39999999999999997,3.2
766,18,34,21,1.75,0.3958333333333333,0.39999999999999997,3.2
767,19,30,22,1.7894736842105263,0.4296875,0.4823763889427201,3.3684210526315788
768,19,35,20,1.7894736842105263,0.37760416666666663,0.4823763889427201,3.3684210526315788
769,19,35,20,1.7894736842105263,0.3802083333333333,0.4823763889427201,3.3684210526315788
770,18,32,24,1.75,0.4296875,0.39999999999999997,3.2
771,18,33,20,1.75,0.3880208333333333,0.39999999999999997,3.2
772,19,31,21,1.7894736842105263,0.41666666666666663,0.4823763889427201,3.3684210526315788
773,19,34,23,1.7894736842105263,0.4140625,0.4823763889427201,3.3684210526315788
774,19,40,16,1.7894736842105263,0.30729166666666663,0.4823763889427201,3.3684210526315788
775,19,33,21,1.7894736842105263,0.40104166666666663,0.4823763889427201,3.3684210526315788
776,18,37,20,1.75,0.3645833333333333,0.39999999999999997,3.2
777,18,35,20,1.75,0.37760416666666663,0.39999999999999997,3.2
778,18,33,22,1.75,0.41145833333333337,0.39999999999999997,3.2
779,19,36,21,1.7894736842105263,0.3802083333333333,0.4823763889427201,3.3684210526315788
780,19,38,17,1.7894736842105263,0.328125,0.48237638894272,3.3684210526315788
781,18,36,19,1.75,0.36197916666666663,0.39999999999999997,3.2
782,19,34,20,1.7894736842105263,0.38541666666666663,0.4823763889427201,3.3684210526315788
783,19,34,20,1.7894736842105263,0.3880208333333333,0.4823763889427201,3.3684210526315788
784,19,35,21,1.7894736842105263,0.38802083333333337,0.4823763889427201,3.3684210526315788
785,19,31,22,1.7894736842105263,0.42447916666666663,0.4823763889427201,3.3684210526315788
786,19,34,20,1.7894736842105263,0.3828125,0.4823763889427201,3.3684210526315788
787,19,36,16,1.7894736842105263,0.3385416666666667,0.4823763889427201,3.3684210526315788
788,19,37,19,1.7894736842105263,0.3567708333333333,0.4823763889427201,3.3684210526315788
789,19,37,20,1.7894736842105263,0.3645833333333333,0.4823763889427201,3.3684210526315788
790,19,28,23,1.7894736842105263,0.4505208333333333,0.4823763889427201,3.3684210526315788
791,19,34,21,1.7894736842105263,0.3958333333333333,0.4823763889427201,3.3684210526315788
792,19,31,20,1.736842105263158,0.40740740740740744,0.5668594533825794,3.3157894736842106
793,18,33,22,1.75,0.40885416666666663,0.39999999999999997,3.2
794,19,36,17,1.7894736842105263,0.34635416666666663,0.48237638894272,3.3684210526315788
795,19,36,20,1.7894736842105263,0.3723958333333333,0.4823763889427201,3.3684210526315788
796,18,33,21,1.75,0.40104166666666663,0.39999999999999997,3.2
797,19,31,21,1.7894736842105263,0.4140625,0.4823763889427201,3.3684210526315788
798,18,35,17,1.75,0.3567708333333333,0.39999999999999997,3.2
799,19,34,20,1.7894736842105263,0.38541666666666663,0.4823763889427201,3.3684210526315788
800,19,31,21,1.7894736842105263,0.41666666666666663,0.4823763889427201,3.3684210526315788
801,19,35,20,1.7894736842105263,0.37760416666666663,0.4823763889427201,3.3684210526315788
802,19,35,19,1.7894736842105263,0.3697916666666667,0.4823763889427201,3.3684210526315788
803,19,32,20,1.7894736842105263,0.40104166666666663,0.4823763889427201,3.3684210526315788
804,19,36,20,1.7894736842105263,0.3697916666666667,0.4823763889427201,3.3684210526315788
805,18,35,20,1.75,0.3802083333333333,0.39999999999999997,3.2
806,19,32,21,1.7894736842105263,0.40625,0.4823763889427201,3.3684210526315788
807,19,31,21,1.7894736842105263,0.4088541666666667,0.4823763889427201,3.3684210526315788
808,19,36,20,1.7894736842105263,0.3723958333333333,0.4823763889427201,3.3684210526315788
809,18,35,20,1.75,0.3802083333333333,0.39999999999999997,3.2
810,18,31,23,1.75,0.4296875,0.39999999999999997,3.2
811,19,37,19,1.7894736842105263,0.359375,0.4823763889427201,3.3684210526315788
812,18,35,19,1.75,0.3671875,0.39999999999999997,3.2
813,19,30,23,1.7894736842105263,0.4375,0.4823763889427201,3.3684210526315788
814,20,33,23,1.8333333333333333,0.4192708333333333,0.49690399499995325,3.5555555555555554
815,20,36,20,1.8333333333333333,0.3723958333333333,0.49690399499995325,3.5555555555555554
816,19,35,19,1.7894736842105263,0.3671875,0.4823763889427201,3.3684210526315788
817,19,32,22,1.7894736842105263,0.4192708333333333,0.4823763889427201,3.3684210526315788
818,19,34,22,1.7894736842105263,0.4036458333333333,0.4823763889427201,3.3684210526315788
819,19,34,21,1.7894736842105263,0.3958333333333333,0.4823763889427201,3.3684210526315788
820,18,34,21,1.75,0.3958333333333333,0.39999999999999997,3.2
821,19,32,22,1.736842105263158,0.41798941798941797,0.5668594533825794,3.3157894736842106
822,19,32,21,1.7894736842105263,0.40364583333333337,0.4823763889427201,3.3684210526315788
823,19,33,22,1.7894736842105263,0.40885416666666663,0.4823763889427201,3.3684210526315788
824,19,32,19,1.7894736842105263,0.38802083333333337,0.4823763889427201,3.3684210526315788
825,19,34,20,1.7894736842105263,0.38541666666666663,0.4823763889427201,3.3684210526315788
826,19,34,21,1.7894736842105263,0.3958333333333333,0.4823763889427201,3.3684210526315788
827,19,34,20,1.7894736842105263,0.38541666666666663,0.4823763889427201,3.3684210526315788
828,19,34,19,1.7894736842105263,0.375,0.48237638894272,3.3684210526315788
829,19,32,21,1.7894736842105263,0.40625,0.4823763889427201,3.3684210526315788
830,18,32,21,1.75,0.40885416666666663,0.39999999999999997,3.2
831,18,31,21,1.75,0.4140625,0.39999999999999997,3.2
832,19,39,18,1.7894736842105263,0.3333333333333333,0.4823763889427201,3.3684210526315788
833,19,35,21,1.7894736842105263,0.3880208333333333,0.4823763889427201,3.3684210526315788
834,19,34,21,1.7894736842105263,0.39322916666666663,0.48237638894272,3.3684210526315788
835,18,33,21,1.7,0.4021164021164021,0.47696960070847283,3.15
836,19,34,20,1.7894736842105263,0.3854166666666667,0.4823763889427201,3.3684210526315788
837,18,30,23,1.7,0.43915343915343913,0.47696960070847283,3.15
838,18,26,24,1.75,0.47135416666666663,0.39999999999999997,3.2
839,19,32,23,1.7894736842105263,0.4270833333333333,0.4823763889427201,3.3684210526315788
840,18,33,21,1.75,0.4036458333333333,0.39999999999999997,3.2
841,19,32,21,1.7894736842105263,0.4114583333333333,0.4823763889427201,3.3684210526315788
842,19,35,20,1.7894736842105263,0.375,0.4823763889427201,3.3684210526315788
843,19,34,22,1.7894736842105263,0.40104166666666663,0.48237638894272,3.3684210526315788
844,19,34,19,1.7894736842105263,0.375,0.4823763889427201,3.3684210526315788
845,20,31,20,1.8333333333333333,0.40625,0.49690399499995325,3.5555555555555554
846,18,32,22,1.75,0.4140625,0.39999999999999997,3.2
847,19,30,21,1.7894736842105263,0.42447916666666663,0.4823763889427201,3.3684210526315788
848,17,32,19,1.7142857142857142,0.39322916666666663,0.21295885499997994,3.0476190476190474
849,19,29,23,1.7894736842105263,0.44270833333333337,0.4823763889427201,3.3684210526315788
850,19,32,22,1.7894736842105263,0.41666666666666663,0.4823763889427201,3.3684210526315788
851,19,32,21,1.7894736842105263,0.40625,0.4823763889427201,3.3684210526315788
852,18,34,19,1.75,0.375,0.39999999999999997,3.2
853,19,30,23,1.7894736842105263,0.44010416666666663,0.4823763889427201,3.3684210526315788
854,19,33,22,1.7894736842105263,0.40885416666666663,0.4823763889427201,3.3684210526315788
855,19,31,23,1.7894736842105263,0.43229166666666663,0.4823763889427201,3.3684210526315788
856,18,30,22,1.75,0.4244791666666667,0.39999999999999997,3.2
857,19,31,21,1.7894736842105263,0.4140625,0.48237638894272,3.3684210526315788
858,20,32,21,1.8333333333333333,0.40364583333333337,0.49690399499995325,3.5555555555555554
859,19,30,22,1.7894736842105263,0.4244791666666667,0.48237638894272,3.3684210526315788
860,18,30,19,1.75,0.4010416666666667,0.39999999999999997,3.2
861,19,34,21,1.7894736842105263,0.39322916666666663,0.4823763889427201,3.3684210526315788
862,18,32,21,1.75,0.40364583333333337,0.39999999999999997,3.2
863,19,32,22,1.7894736842105263,0.4140625,0.48237638894272,3.3684210526315788
864,19,30,23,1.736842105263158,0.4365079365079365,0.5668594533825794,3.3157894736842106
865,18,34,21,1.75,0.3958333333333333,0.39999999999999997,3.2
866,18,28,24,1.75,0.45572916666666663,0.39999999999999997,3.2
867,19,34,21,1.7894736842105263,0.39322916666666663,0.4823763889427201,3.3684210526315788
868,19,31,22,1.736842105263158,0.42447916666666663,0.4823763889427201,3.3684210526315788
869,19,30,22,1.736842105263158,0.43386243386243384,0.5668594533825794,3.3157894736842106
870,19,34,20,1.7894736842105263,0.38541666666666663,0.4823763889427201,3.3684210526315788
871,19,30,23,1.7894736842105263,0.4375,0.4823763889427201,3.3684210526315788
872,20,30,24,1.8333333333333333,0.4453125,0.49690399499995325,3.5555555555555554
873,19,37,19,1.7894736842105263,0.3567708333333333,0.4823763889427201,3.3684210526315788
874,19,31,21,1.7894736842105263,0.4140625,0.4823763889427201,3.3684210526315788
875,18,36,18,1.75,0.3541666666666667,0.39999999999999997,3.2
876,18,33,19,1.75,0.38802083333333337,0.39999999999999997,3.2
877,18,31,22,1.75,0.421875,0.39999999999999997,3.2
878,19,30,23,1.7894736842105263,0.4375,0.4823763889427201,3.3684210526315788
879,20,32,21,1.8333333333333333,0.40885416666666663,0.49690399499995325,3.5555555555555554
880,18,31,22,1.75,0.421875,0.39999999999999997,3.2
881,18,29,23,1.75,0.44270833333333337,0.39999999999999997,3.2
882,19,34,20,1.7894736842105263,0.3828125,0.4823763889427201,3.3684210526315788
883,19,31,22,1.7894736842105263,0.42447916666666663,0.4823763889427201,3.3684210526315788
884,19,29,24,1.7894736842105263,0.453125,0.48237638894272,3.3684210526315788
885,18,30,24,1.75,0.4453125,0.39999999999999997,3.2
886,18,34,19,1.75,0.375,0.39999999999999997,3.2
887,20,31,21,1.8333333333333333,0.4166666666666667,0.49690399499995325,3.5555555555555554
888,19,31,22,1.7894736842105263,0.421875,0.4823763889427201,3.3684210526315788
889,19,30,21,1.7894736842105263,0.421875,0.48237638894272,3.3684210526315788
890,19,32,21,1.7894736842105263,0.4088541666666667,0.4823763889427201,3.3684210526315788
891,19,30,21,1.7894736842105263,0.41927083333333337,0.4823763889427201,3.3684210526315788
892,19,29,23,1.7894736842105263,0.4505208333333333,0.4823763889427201,3.3684210526315788
893,18,29,22,1.75,0.4375,0.39999999999999997,3.2
894,18,31,24,1.75,0.44010416666666663,0.39999999999999997,3.2
895,18,35,20,1.75,0.3802083333333333,0.39999999999999997,3.2
896,18,29,23,1.75,0.4427083333333333,0.39999999999999997,3.2
897,19,33,22,1.7894736842105263,0.4114583333333333,0.4823763889427201,3.3684210526315788
898,19,33,21,1.7894736842105263,0.4036458333333333,0.4823763889427201,3.3684210526315788
899,18,31,22,1.75,0.421875,0.39999999999999997,3.2
900,20,32,21,1.8333333333333333,0.4088541666666667,0.49690399499995325,3.5555555555555554
901,19,36,21,1.7894736842105263,0.3802083333333333,0.4823763889427201,3.3684210526315788
902,19,32,21,1.7894736842105263,0.40885416666666663,0.48237638894272,3.3684210526315788
903,18,28,23,1.75,0.45572916666666663,0.39999999999999997,3.2
904,19,35,22,1.7894736842105263,0.3958333333333333,0.4823763889427201,3.3684210526315788
905,19,27,23,1.7894736842105263,0.45572916666666663,0.48237638894272,3.3684210526315788
906,19,34,22,1.7894736842105263,0.40104166666666663,0.4823763889427201,3.3684210526315788
907,19,33,20,1.7894736842105263,0.3854166666666667,0.4823763889427201,3.3684210526315788
908,19,35,20,1.7894736842105263,0.37760416666666663,0.4823763889427201,3.3684210526315788
909,19,31,21,1.7894736842105263,0.4140625,0.48237638894272,3.3684210526315788
910,19,29,23,1.7894736842105263,0.44791666666666663,0.4823763889427201,3.3684210526315788
911,18,31,22,1.75,0.421875,0.39999999999999997,3.2
912,19,33,21,1.7894736842105263,0.4036458333333333,0.4823763889427201,3.3684210526315788
913,19,30,22,1.7894736842105263,0.4296875,0.4823763889427201,3.3684210526315788
914,20,33,21,1.7777777777777777,0.3994708994708994,0.6009252125773316,3.5
915,19,33,22,1.7894736842105263,0.40885416666666663,0.4823763889427201,3.3684210526315788
916,20,37,21,1.8333333333333333,0.3723958333333333,0.49690399499995325,3.5555555555555554
917,19,35,21,1.7894736842105263,0.3880208333333333,0.4823763889427201,3.3684210526315788
918,19,34,20,1.7894736842105263,0.38541666666666663,0.4823763889427201,3.3684210526315788
919,18,34,22,1.75,0.40104166666666663,0.39999999999999997,3.2
920,20,31,22,1.8333333333333333,0.4270833333333333,0.49690399499995325,3.5555555555555554
921,19,33,21,1.7894736842105263,0.3984375,0.4823763889427201,3.3684210526315788
922,18,38,18,1.75,0.3411458333333333,0.39999999999999997,3.2
923,18,30,24,1.75,0.44791666666666663,0.39999999999999997,3.2
924,19,31,24,1.7894736842105263,0.4427083333333333,0.4823763889427201,3.3684210526315788
925,19,33,22,1.7894736842105263,0.40885416666666663,0.48237638894272,3.3684210526315788
926,19,33,20,1.7894736842105263,0.3932291666666667,0.4823763889427201,3.3684210526315788
927,19,34,21,1.7894736842105263,0.39322916666666663,0.4823763889427201,3.3684210526315788
928,19,31,21,1.7894736842105263,0.4140625,0.4823763889427201,3.3684210526315788
929,19,30,22,1.7894736842105263,0.42708333333333337,0.4823763889427201,3.3684210526315788
930,19,31,22,1.7894736842105263,0.4270833333333333,0.4823763889427201,3.3684210526315788
931,18,29,21,1.75,0.4244791666666667,0.39999999999999997,3.2
932,19,28,22,1.7894736842105263,0.44010416666666663,0.4823763889427201,3.3684210526315788
933,19,33,21,1.7894736842105263,0.4036458333333333,0.4823763889427201,3.3684210526315788
934,19,35,20,1.7894736842105263,0.37760416666666663,0.48237638894272,3.3684210526315788
935,18,30,22,1.75,0.4270833333333333,0.39999999999999997,3.2
936,19,29,23,1.7894736842105263,0.4453125,0.4823763889427201,3.3684210526315788
937,19,29,22,1.7894736842105263,0.43489583333333337,0.4823763889427201,3.3684210526315788
938,18,30,22,1.75,0.43229166666666663,0.39999999999999997,3.2
939,19,29,23,1.7894736842105263,0.4453125,0.4823763889427201,3.3684210526315788
940,19,28,23,1.7894736842105263,0.45052083333333337,0.4823763889427201,3.3684210526315788
941,19,33,20,1.7894736842105263,0.39322916666666663,0.4823763889427201,3.3684210526315788
942,18,34,23,1.75,0.4114583333333333,0.39999999999999997,3.2
943,18,34,21,1.75,0.3958333333333333,0.39999999999999997,3.2
944,18,37,15,1.75,0.3255208333333333,0.39999999999999997,3.2
945,20,28,24,1.8333333333333333,0.46354166666666663,0.49690399499995325,3.5555555555555554
946,19,32,22,1.7894736842105263,0.4192708333333333,0.4823763889427201,3.3684210526315788
947,19,32,20,1.7894736842105263,0.3984375,0.4823763889427201,3.3684210526315788
948,18,31,24,1.75,0.4375,0.39999999999999997,3.2
949,19,30,22,1.7894736842105263,0.42708333333333337,0.4823763889427201,3.3684210526315788
950,19,30,23,1.7894736842105263,0.4375,0.4823763889427201,3.3684210526315788
951,19,29,23,1.7894736842105263,0.44791666666666663,0.4823763889427201,3.3684210526315788
952,19,28,22,1.736842105263158,0.4444444444444444,0.5668594533825794,3.3157894736842106
953,19,30,23,1.7894736842105263,0.4375,0.4823763889427201,3.3684210526315788
954,19,26,22,1.7894736842105263,0.45052083333333337,0.4823763889427201,3.3684210526315788
955,19,34,22,1.7894736842105263,0.4036458333333333,0.4823763889427201,3.3684210526315788
956,19,34,20,1.7894736842105263,0.38541666666666663,0.4823763889427201,3.3684210526315788
957,19,33,20,1.7894736842105263,0.38802083333333337,0.4823763889427201,3.3684210526315788
958,19,29,22,1.7894736842105263,0.4348958333333333,0.4823763889427201,3.3684210526315788
959,19,31,21,1.7894736842105263,0.4140625,0.4823763889427201,3.3684210526315788
960,19,33,22,1.7894736842105263,0.4114583333333333,0.48237638894272,3.3684210526315788
961,19,30,22,1.7894736842105263,0.42708333333333337,0.4823763889427201,3.3684210526315788
962,19,33,22,1.7894736842105263,0.4036458333333333,0.4823763889427201,3.3684210526315788
963,19,28,24,1.7894736842105263,0.46354166666666663,0.48237638894272,3.3684210526315788
964,20,37,20,1.8333333333333333,0.36458333333333337,0.49690399499995325,3.5555555555555554
965,19,32,20,1.7894736842105263,0.3984375,0.4823763889427201,3.3684210526315788
966,19,33,19,1.7894736842105263,0.38541666666666663,0.4823763889427201,3.3684210526315788
967,19,30,22,1.7894736842105263,0.4296875,0.4823763889427201,3.3684210526315788
968,19,31,23,1.7894736842105263,0.43229166666666663,0.4823763889427201,3.3684210526315788
969,18,31,22,1.7,0.42328042328042326,0.47696960070847283,3.15
970,19,33,20,1.7894736842105263,0.3958333333333333,0.4823763889427201,3.3684210526315788
971,19,30,20,1.7894736842105263,0.41666666666666663,0.4823763889427201,3.3684210526315788
972,19,32,22,1.7894736842105263,0.41666666666666663,0.4823763889427201,3.3684210526315788
973,19,30,23,1.7894736842105263,0.44010416666666663,0.4823763889427201,3.3684210526315788
974,19,31,22,1.7894736842105263,0.4244791666666667,0.4823763889427201,3.3684210526315788
975,19,31,21,1.7894736842105263,0.4140625,0.4823763889427201,3.3684210526315788
976,19,39,16,1.736842105263158,0.31216931216931215,0.5668594533825794,3.3157894736842106
977,19,32,21,1.7894736842105263,0.40625,0.4823763889427201,3.3684210526315788
978,19,32,21,1.7894736842105263,0.40885416666666663,0.4823763889427201,3.3684210526315788
979,18,34,21,1.75,0.3958333333333333,0.39999999999999997,3.2
980,18,31,23,1.75,0.4296875,0.39999999999999997,3.2
981,18,34,20,1.75,0.3854166666666667,0.39999999999999997,3.2
982,20,31,23,1.8333333333333333,0.4296875,0.49690399499995325,3.5555555555555554
983,19,31,24,1.7894736842105263,0.44010416666666663,0.4823763889427201,3.3684210526315788
984,19,27,23,1.7894736842105263,0.4583333333333333,0.4823763889427201,3.3684210526315788
985,19,29,22,1.7894736842105263,0.44010416666666663,0.4823763889427201,3.3684210526315788
986,18,32,22,1.75,0.41666666666666663,0.39999999999999997,3.2
987,19,32,20,1.7894736842105263,0.4036458333333333,0.4823763889427201,3.3684210526315788
988,19,29,22,1.7894736842105263,0.4375,0.4823763889427201,3.3684210526315788
989,18,28,22,1.7,0.4444444444444444,0.47696960070847283,3.15
990,18,32,25,1.75,0.4427083333333333,0.39999999999999997,3.2
991,19,32,21,1.7894736842105263,0.4088541666666667,0.4823763889427201,3.3684210526315788
992,19,34,19,1.7894736842105263,0.37239583333333337,0.4823763889427201,3.3684210526315788
993,18,30,24,1.75,0.4505208333333333,0.39999999999999997,3.2
994,18,34,23,1.75,0.4114583333333333,0.39999999999999997,3.2
995,19,34,22,1.7894736842105263,0.4036458333333333,0.4823763889427201,3.3684210526315788
996,19,33,21,1.7894736842105263,0.3958333333333333,0.4823763889427201,3.3684210526315788
997,19,33,22,1.7894736842105263,0.40625,0.48237638894272,3.3684210526315788
998,19,31,22,1.7894736842105263,0.42447916666666663,0.4823763889427201,3.3684210526315788
999,19,31,21,1.7894736842105263,0.4140625,0.4823763889427201,3.3684210526315788
1000,19,29,22,1.7894736842105263,0.43489583333333337,0.4823763889427201,3.3684210526315788
1001,19,31,23,1.7894736842105263,0.4296875,0.48237638894272,3.3684210526315788
1002,18,32,20,1.75,0.3984375,0.39999999999999997,3.2
1003,19,32,22,1.7894736842105263,0.41666666666666663,0.4823763889427201,3.3684210526315788
1004,20,30,22,1.8333333333333333,0.4296875,0.49690399499995325,3.5555555555555554
1005,18,36,15,1.75,0.33072916666666663,0.39999999999999997,3.2
1006,19,31,22,1.7894736842105263,0.421875,0.4823763889427201,3.3684210526315788
1007,19,33,22,1.7894736842105263,0.40885416666666663,0.4823763889427201,3.3684210526315788
1008,18,31,21,1.75,0.4140625,0.39999999999999997,3.2
1009,19,34,21,1.7894736842105263,0.39322916666666663,0.4823763889427201,3.3684210526315788
1010,19,34,19,1.7894736842105263,0.37760416666666663,0.4823763889427201,3.3684210526315788
1011,19,33,22,1.7894736842105263,0.40885416666666663,0.48237638894272,3.3684210526315788
1012,18,30,22,1.75,0.42708333333333337,0.39999999999999997,3.2
1013,19,34,22,1.7894736842105263,0.4036458333333333,0.4823763889427201,3.3684210526315788
1014,18,30,24,1.75,0.4427083333333333,0.39999999999999997,3.2
1015,18,32,22,1.75,0.41666666666666663,0.39999999999999997,3.2
1016,19,31,23,1.7894736842105263,0.42708333333333337,0.4823763889427201,3.3684210526315788
1017,19,30,22,1.7894736842105263,0.42708333333333337,0.4823763889427201,3.3684210526315788
1018,19,29,23,1.7894736842105263,0.4453125,0.48237638894272,3.3684210526315788
1019,19,33,21,1.736842105263158,0.3994708994708995,0.5668594533825794,3.3157894736842106
1020,19,30,22,1.7894736842105263,0.42708333333333337,0.4823763889427201,3.3684210526315788
1021,19,32,21,1.7894736842105263,0.40625,0.4823763889427201,3.3684210526315788
1022,19,30,22,1.7894736842105263,0.4296875,0.4823763889427201,3.3684210526315788
1023,19,32,23,1.7894736842105263,0.4270833333333333,0.4823763889427201,3.3684210526315788
1024,18,34,20,1.75,0.3828125,0.39999999999999997,3.2
1025,18,30,22,1.75,0.4296875,0.39999999999999997,3.2
1026,19,29,23,1.7894736842105263,0.44270833333333337,0.4823763889427201,3.3684210526315788
1027,18,33,20,1.75,0.3932291666666667,0.39999999999999997,3.2
1028,18,32,22,1.75,0.4166666666666667,0.39999999999999997,3.2
1029,19,32,22,1.7894736842105263,0.41666666666666663,0.4823763889427201,3.3684210526315788
1030,19,30,24,1.7894736842105263,0.4505208333333333,0.4823763889427201,3.3684210526315788
1031,19,30,20,1.7894736842105263,0.40885416666666663,0.4823763889427201,3.3684210526315788
1032,19,29,23,1.7894736842105263,0.44791666666666663,0.48237638894272,3.3684210526315788
1033,19,27,24,1.7894736842105263,0.46354166666666663,0.4823763889427201,3.3684210526315788
1034,19,31,23,1.7894736842105263,0.43229166666666663,0.4823763889427201,3.3684210526315788
1035,20,32,22,1.8333333333333333,0.41666666666666663,0.49690399499995325,3.5555555555555554
1036,19,29,22,1.7894736842105263,0.43489583333333337,0.4823763889427201,3.3684210526315788
1037,19,30,22,1.7894736842105263,0.42447916666666663,0.4823763889427201,3.3684210526315788
1038,18,33,21,1.75,0.40104166666666663,0.39999999999999997,3.2
1039,20,30,23,1.8333333333333333,0.4375,0.49690399499995325,3.5555555555555554
1040,19,31,22,1.7894736842105263,0.41927083333333337,0.48237638894272,3.3684210526315788
1041,18,33,18,1.75,0.37760416666666663,0.39999999999999997,3.2
1042,19,31,21,1.7894736842105263,0.4140625,0.4823763889427201,3.3684210526315788
1043,20,30,22,1.8333333333333333,0.421875,0.49690399499995325,3.5555555555555554
1044,19,29,22,1.7894736842105263,0.4322916666666667,0.48237638894272,3.3684210526315788
1045,18,34,23,1.75,0.4114583333333333,0.39999999999999997,3.2
1046,19,30,22,1.7894736842105263,0.4296875,0.48237638894272,3.3684210526315788
1047,19,32,20,1.7894736842105263,0.4036458333333333,0.4823763889427201,3.3684210526315788
1048,19,30,22,1.7894736842105263,0.4296875,0.4823763889427201,3.3684210526315788
1049,18,33,21,1.75,0.39583333333333337,0.39999999999999997,3.2
1050,19,33,21,1.7894736842105263,0.3984375,0.4823763889427201,3.3684210526315788
1051,19,32,22,1.7894736842105263,0.4140625,0.48237638894272,3.3684210526315788
1052,18,33,23,1.75,0.41666666666666663,0.39999999999999997,3.2
1053,19,30,23,1.7894736842105263,0.44010416666666663,0.4823763889427201,3.3684210526315788
1054,18,32,23,1.75,0.42447916666666663,0.39999999999999997,3.2
1055,19,31,22,1.7894736842105263,0.41927083333333337,0.4823763889427201,3.3684210526315788
1056,18,32,24,1.75,0.43489583333333337,0.39999999999999997,3.2
1057,20,32,22,1.8333333333333333,0.4140625,0.49690399499995325,3.5555555555555554
1058,20,34,21,1.8333333333333333,0.39322916666666663,0.49690399499995325,3.5555555555555554
1059,19,34,22,1.7894736842105263,0.40104166666666663,0.4823763889427201,3.3684210526315788
1060,19,30,22,1.7894736842105263,0.42708333333333337,0.4823763889427201,3.3684210526315788
1061,19,28,23,1.7894736842105263,0.4453125,0.48237638894272,3.3684210526315788
1062,19,30,22,1.7894736842105263,0.4296875,0.4823763889427201,3.3684210526315788
1063,18,28,23,1.75,0.453125,0.39999999999999997,3.2
1064,18,32,23,1.75,0.42447916666666663,0.39999999999999997,3.2
1065,18,32,24,1.75,0.43229166666666663,0.39999999999999997,3.2
1066,19,29,23,1.7894736842105263,0.4453125,0.4823763889427201,3.3684210526315788
1067,19,31,22,1.7894736842105263,0.4166666666666667,0.4823763889427201,3.3684210526315788
1068,19,28,24,1.7894736842105263,0.46354166666666663,0.48237638894272,3.3684210526315788
1069,18,35,17,1.75,0.3541666666666667,0.39999999999999997,3.2
1070,19,32,22,1.7894736842105263,0.4140625,0.48237638894272,3.3684210526315788
1071,19,27,22,1.736842105263158,0.44973544973544977,0.5668594533825794,3.3157894736842106
1072,19,30,22,1.7894736842105263,0.43229166666666663,0.4823763889427201,3.3684210526315788
1073,19,30,22,1.7894736842105263,0.42708333333333337,0.4823763889427201,3.3684210526315788
1074,19,31,22,1.7894736842105263,0.42447916666666663,0.4823763889427201,3.3684210526315788
1075,18,30,23,1.75,0.44010416666666663,0.39999999999999997,3.2
1076,19,31,22,1.7894736842105263,0.421875,0.4823763889427201,3.3684210526315788
1077,19,27,23,1.7894736842105263,0.4609375,0.48237638894272,3.3684210526315788
1078,19,31,21,1.7894736842105263,0.40885416666666663,0.4823763889427201,3.3684210526315788
1079,19,27,24,1.7894736842105263,0.46875,0.4823763889427201,3.3684210526315788
1080,19,30,22,1.736842105263158,0.43386243386243384,0.5668594533825794,3.3157894736842106
1081,19,34,22,1.7894736842105263,0.40104166666666663,0.4823763889427201,3.3684210526315788
1082,19,29,24,1.736842105263158,0.455026455026455,0.5668594533825794,3.3157894736842106
1083,19,34,22,1.7894736842105263,0.40104166666666663,0.4823763889427201,3.3684210526315788
1084,19,30,23,1.7894736842105263,0.4375,0.48237638894272,3.3684210526315788
1085,19,30,21,1.7894736842105263,0.421875,0.4823763889427201,3.3684210526315788
1086,19,30,23,1.7894736842105263,0.4375,0.4823763889427201,3.3684210526315788
1087,18,30,24,1.75,0.44791666666666663,0.39999999999999997,3.2
1088,19,29,22,1.7894736842105263,0.44010416666666663,0.4823763889427201,3.3684210526315788
1089,18,29,25,1.75,0.45833333333333337,0.39999999999999997,3.2
1090,19,31,22,1.7894736842105263,0.41927083333333337,0.4823763889427201,3.3684210526315788
1091,19,27,25,1.7894736842105263,0.47916666666666663,0.4823763889427201,3.3684210526315788
1092,18,32,22,1.75,0.4140625,0.39999999999999997,3.2
1093,19,31,23,1.7894736842105263,0.4296875,0.4823763889427201,3.3684210526315788
1094,18,32,21,1.7,0.41005291005291006,0.47696960070847283,3.15
1095,20,33,22,1.8333333333333333,0.40625,0.49690399499995325,3.5555555555555554
1096,19,27,23,1.736842105263158,0.46031746031746024,0.5668594533825794,3.3157894736842106
1097,19,31,21,1.7894736842105263,0.4140625,0.4823763889427201,3.3684210526315788
1098,18,33,23,1.75,0.4166666666666667,0.39999999999999997,3.2
1099,19,29,23,1.7894736842105263,0.44791666666666663,0.4823763889427201,3.3684210526315788
1100,17,38,15,1.7142857142857142,0.3125,0.21295885499997994,3.0476190476190474
1101,19,32,24,1.7894736842105263,0.4296875,0.4823763889427201,3.3684210526315788
1102,19,30,22,1.7894736842105263,0.4296875,0.4823763889427201,3.3684210526315788
1103,19,30,22,1.7894736842105263,0.4296875,0.48237638894272,3.3684210526315788
1104,18,35,18,1.75,0.3645833333333333,0.39999999999999997,3.2
1105,18,31,21,1.75,0.41666666666666663,0.39999999999999997,3.2
1106,18,32,21,1.75,0.40885416666666663,0.39999999999999997,3.2
1107,18,26,24,1.7,0.4708994708994709,0.47696960070847283,3.15
1108,18,28,24,1.7,0.4603174603174603,0.47696960070847283,3.15
1109,19,32,21,1.736842105263158,0.41005291005291006,0.5668594533825794,3.3157894736842106
1110,19,31,23,1.7894736842105263,0.43229166666666663,0.4823763889427201,3.3684210526315788
1111,19,26,23,1.7894736842105263,0.46614583333333337,0.48237638894272,3.3684210526315788
1112,19,29,22,1.7894736842105263,0.44010416666666663,0.48237638894272,3.3684210526315788
1113,19,26,24,1.7894736842105263,0.47135416666666663,0.48237638894272,3.3684210526315788
1114,19,27,24,1.7894736842105263,0.46875,0.4823763889427201,3.3684210526315788
1115,19,30,23,1.7894736842105263,0.43489583333333337,0.4823763889427201,3.3684210526315788
1116,19,29,23,1.736842105263158,0.4444444444444444,0.5668594533825794,3.3157894736842106
1117,18,29,23,1.75,0.4453125,0.39999999999999997,3.2
1118,18,28,25,1.75,0.47135416666666663,0.39999999999999997,3.2
1119,20,37,21,1.8333333333333333,0.3723958333333333,0.49690399499995325,3.5555555555555554
1120,19,30,24,1.7894736842105263,0.4427083333333333,0.4823763889427201,3.3684210526315788
1121,20,26,23,1.7777777777777777,0.4708994708994709,0.6009252125773316,3.5
1122,19,30,22,1.7894736842105263,0.4296875,0.4823763889427201,3.3684210526315788
1123,19,32,20,1.7894736842105263,0.3984375,0.4823763889427201,3.3684210526315788
1124,19,33,22,1.7894736842105263,0.40885416666666663,0.4823763889427201,3.3684210526315788
1125,19,29,22,1.7894736842105263,0.4348958333333333,0.4823763889427201,3.3684210526315788
1126,19,31,22,1.7894736842105263,0.42447916666666663,0.4823763889427201,3.3684210526315788
1127,18,28,22,1.75,0.44270833333333337,0.39999999999999997,3.2
1128,19,33,23,1.7894736842105263,0.41666666666666663,0.4823763889427201,3.3684210526315788
1129,19,29,23,1.7894736842105263,0.4427083333333333,0.4823763889427201,3.3684210526315788
1130,18,29,23,1.75,0.4479166666666667,0.39999999999999997,3.2
1131,19,31,22,1.7894736842105263,0.42447916666666663,0.4823763889427201,3.3684210526315788
1132,17,28,22,1.7142857142857142,0.4453125,0.21295885499997994,3.0476190476190474
1133,19,28,24,1.7894736842105263,0.4609375,0.4823763889427201,3.3684210526315788
1134,19,30,21,1.7894736842105263,0.41927083333333337,0.4823763889427201,3.3684210526315788
1135,19,32,22,1.7894736842105263,0.41666666666666663,0.4823763889427201,3.3684210526315788
1136,19,31,22,1.7894736842105263,0.421875,0.4823763889427201,3.3684210526315788
1137,18,29,24,1.75,0.45572916666666663,0.39999999999999997,3.2
1138,18,30,23,1.75,0.4375,0.39999999999999997,3.2
1139,18,28,23,1.75,0.453125,0.39999999999999997,3.2
1140,18,27,24,1.75,0.4739583333333333,0.39999999999999997,3.2
1141,19,34,21,1.7894736842105263,0.3958333333333333,0.4823763889427201,3.3684210526315788
1142,20,32,22,1.8333333333333333,0.4192708333333333,0.49690399499995325,3.5555555555555554
1143,19,30,22,1.7894736842105263,0.43229166666666663,0.4823763889427201,3.3684210526315788
1144,19,34,21,1.7894736842105263,0.39322916666666663,0.4823763889427201,3.3684210526315788
1145,19,31,22,1.7894736842105263,0.41927083333333337,0.4823763889427201,3.3684210526315788
1146,19,28,23,1.7894736842105263,0.45572916666666663,0.48237638894272,3.3684210526315788
1147,18,28,24,1.7,0.4603174603174603,0.47696960070847283,3.15
1148,19,32,22,1.7894736842105263,0.41666666666666663,0.48237638894272,3.3684210526315788
1149,19,30,21,1.7894736842105263,0.4166666666666667,0.4823763889427201,3.3684210526315788
1150,19,29,22,1.7894736842105263,0.43489583333333337,0.4823763889427201,3.3684210526315788
1151,18,29,22,1.7,0.43915343915343913,0.47696960070847283,3.15
1152,19,29,24,1.736842105263158,0.44973544973544977,0.5668594533825794,3.3157894736842106
1153,18,30,22,1.75,0.4296875,0.39999999999999997,3.2
1154,19,30,22,1.7894736842105263,0.4296875,0.4823763889427201,3.3684210526315788
1155,18,31,23,1.75,0.4296875,0.39999999999999997,3.2
1156,19,29,22,1.7894736842105263,0.4375,0.4823763889427201,3.3684210526315788
1157,19,32,24,1.7894736842105263,0.4348958333333333,0.4823763889427201,3.3684210526315788
1158,18,27,24,1.75,0.46875,0.39999999999999997,3.2
1159,18,30,23,1.75,0.4427083333333333,0.39999999999999997,3.2
1160,19,30,22,1.7894736842105263,0.43229166666666663,0.4823763889427201,3.3684210526315788
1161,18,28,23,1.75,0.4479166666666667,0.39999999999999997,3.2
1162,19,26,25,1.7894736842105263,0.484375,0.4823763889427201,3.3684210526315788
1163,19,31,22,1.7894736842105263,0.421875,0.4823763889427201,3.3684210526315788
1164,19,30,22,1.7894736842105263,0.43229166666666663,0.48237638894272,3.3684210526315788
1165,19,28,24,1.7894736842105263,0.4609375,0.4823763889427201,3.3684210526315788
1166,19,28,24,1.7894736842105263,0.46354166666666663,0.4823763889427201,3.3684210526315788
1167,19,27,24,1.7894736842105263,0.46614583333333337,0.48237638894272,3.3684210526315788
1168,18,27,22,1.75,0.45052083333333337,0.39999999999999997,3.2
1169,19,35,19,1.736842105263158,0.36772486772486773,0.5668594533825794,3.3157894736842106
1170,18,28,23,1.75,0.45572916666666663,0.39999999999999997,3.2
1171,18,27,23,1.75,0.45833333333333337,0.39999999999999997,3.2
1172,19,33,21,1.7894736842105263,0.40104166666666663,0.4823763889427201,3.3684210526315788
1173,19,31,22,1.7894736842105263,0.42447916666666663,0.4823763889427201,3.3684210526315788
1174,18,35,22,1.75,0.3958333333333333,0.39999999999999997,3.2
1175,19,30,22,1.7894736842105263,0.4296875,0.4823763889427201,3.3684210526315788
1176,19,29,22,1.7894736842105263,0.4375,0.48237638894272,3.3684210526315788
1177,19,29,22,1.7894736842105263,0.4375,0.4823763889427201,3.3684210526315788
1178,19,36,20,1.7894736842105263,0.3723958333333333,0.4823763889427201,3.3684210526315788
1179,18,31,20,1.75,0.4088541666666667,0.39999999999999997,3.2
1180,19,29,24,1.7894736842105263,0.453125,0.48237638894272,3.3684210526315788
1181,19,25,24,1.7894736842105263,0.4817708333333333,0.4823763889427201,3.3684210526315788
1182,20,27,24,1.8333333333333333,0.47135416666666663,0.49690399499995325,3.5555555555555554
1183,19,33,22,1.7894736842105263,0.40885416666666663,0.4823763889427201,3.3684210526315788
1184,19,31,22,1.7894736842105263,0.42447916666666663,0.4823763889427201,3.3684210526315788
1185,18,30,23,1.75,0.4375,0.39999999999999997,3.2
1186,18,29,22,1.75,0.4348958333333333,0.39999999999999997,3.2
1187,19,29,22,1.7894736842105263,0.4296875,0.4823763889427201,3.3684210526315788
1188,18,29,23,1.75,0.4453125,0.39999999999999997,3.2
1189,19,33,22,1.7894736842105263,0.40885416666666663,0.4823763889427201,3.3684210526315788
1190,19,31,23,1.7894736842105263,0.43229166666666663,0.4823763889427201,3.3684210526315788
1191,19,33,21,1.7894736842105263,0.40104166666666663,0.4823763889427201,3.3684210526315788
1192,19,28,23,1.7894736842105263,0.45052083333333337,0.4823763889427201,3.3684210526315788
1193,19,29,21,1.7894736842105263,0.4296875,0.4823763889427201,3.3684210526315788
1194,19,30,23,1.7894736842105263,0.44010416666666663,0.48237638894272,3.3684210526315788
1195,19,31,22,1.7894736842105263,0.42447916666666663,0.4823763889427201,3.3684210526315788
1196,19,28,23,1.7894736842105263,0.453125,0.4823763889427201,3.3684210526315788
1197,19,25,25,1.7894736842105263,0.4947916666666667,0.4823763889427201,3.3684210526315788
1198,18,28,23,1.75,0.45052083333333337,0.39999999999999997,3.2
1199,19,36,20,1.7894736842105263,0.36979166666666663,0.4823763889427201,3.3684210526315788
1200,18,28,22,1.75,0.44270833333333337,0.39999999999999997,3.2
1201,18,27,23,1.75,0.45833333333333337,0.39999999999999997,3.2
1202,19,29,24,1.7894736842105263,0.45572916666666663,0.4823763889427201,3.3684210526315788
1203,19,24,25,1.7894736842105263,0.49479166666666663,0.4823763889427201,3.3684210526315788
1204,19,29,20,1.7894736842105263,0.4192708333333333,0.4823763889427201,3.3684210526315788
1205,18,25,24,1.75,0.4791666666666667,0.39999999999999997,3.2
1206,18,31,20,1.75,0.4010416666666667,0.39999999999999997,3.2
1207,20,35,21,1.8333333333333333,0.3828125,0.49690399499995325,3.5555555555555554
1208,18,26,23,1.75,0.4635416666666667,0.39999999999999997,3.2
1209,18,29,24,1.75,0.453125,0.39999999999999997,3.2
1210,18,28,23,1.75,0.453125,0.39999999999999997,3.2
1211,19,32,22,1.7894736842105263,0.4192708333333333,0.4823763889427201,3.3684210526315788
1212,19,30,22,1.7894736842105263,0.4270833333333333,0.48237638894272,3.3684210526315788
1213,19,31,21,1.7894736842105263,0.41927083333333337,0.4823763889427201,3.3684210526315788
1214,18,32,21,1.75,0.40885416666666663,0.39999999999999997,3.2
1215,18,29,24,1.75,0.45833333333333337,0.39999999999999997,3.2
1216,19,26,24,1.7894736842105263,0.47395833333333337,0.4823763889427201,3.3684210526315788
1217,19,27,23,1.7894736842105263,0.4609375,0.4823763889427201,3.3684210526315788
1218,18,26,25,1.75,0.48697916666666663,0.39999999999999997,3.2
1219,18,29,23,1.75,0.4427083333333333,0.39999999999999997,3.2
1220,19,31,21,1.7894736842105263,0.4140625,0.4823763889427201,3.3684210526315788
1221,18,29,24,1.75,0.45572916666666663,0.39999999999999997,3.2
1222,19,30,22,1.7894736842105263,0.4296875,0.4823763889427201,3.3684210526315788
1223,18,28,23,1.75,0.453125,0.39999999999999997,3.2
1224,18,26,24,1.75,0.47395833333333337,0.39999999999999997,3.2
1225,19,26,24,1.7894736842105263,0.47916666666666663,0.4823763889427201,3.3684210526315788
1226,19,27,24,1.7894736842105263,0.4661458333333333,0.4823763889427201,3.3684210526315788
1227,19,30,21,1.7894736842105263,0.421875,0.4823763889427201,3.3684210526315788
1228,19,24,26,1.7894736842105263,0.5052083333333334,0.4823763889427201,3.3684210526315788
1229,18,37,16,1.75,0.3333333333333333,0.39999999999999997,3.2
1230,18,24,25,1.75,0.4973958333333333,0.39999999999999997,3.2
1231,19,29,23,1.7894736842105263,0.44791666666666663,0.4823763889427201,3.3684210526315788
1232,18,30,24,1.75,0.45052083333333337,0.39999999999999997,3.2
1233,18,29,22,1.75,0.43229166666666663,0.39999999999999997,3.2
1234,20,33,22,1.8333333333333333,0.40885416666666663,0.49690399499995325,3.5555555555555554
1235,19,26,24,1.7894736842105263,0.4765625,0.4823763889427201,3.3684210526315788
1236,20,35,21,1.8333333333333333,0.3880208333333333,0.49690399499995325,3.5555555555555554
1237,19,29,22,1.7894736842105263,0.44010416666666663,0.4823763889427201,3.3684210526315788
1238,19,26,24,1.7894736842105263,0.4765625,0.48237638894272,3.3684210526315788
1239,19,31,21,1.7894736842105263,0.4140625,0.4823763889427201,3.3684210526315788
1240,19,24,24,1.736842105263158,0.4867724867724868,0.5668594533825794,3.3157894736842106
1241,19,27,24,1.7894736842105263,0.47135416666666663,0.48237638894272,3.3684210526315788
1242,19,25,24,1.7894736842105263,0.48177083333333337,0.4823763889427201,3.3684210526315788
1243,19,30,21,1.7894736842105263,0.4166666666666667,0.48237638894272,3.3684210526315788
1244,19,27,24,1.7894736842105263,0.47135416666666663,0.4823763889427201,3.3684210526315788
1245,19,32,22,1.7894736842105263,0.4192708333333333,0.4823763889427201,3.3684210526315788
1246,19,30,23,1.7894736842105263,0.4427083333333333,0.4823763889427201,3.3684210526315788
1247,19,27,22,1.7894736842105263,0.45052083333333337,0.4823763889427201,3.3684210526315788
1248,19,26,24,1.7894736842105263,0.4765625,0.4823763889427201,3.3684210526315788
1249,19,31,23,1.7894736842105263,0.43229166666666663,0.4823763889427201,3.3684210526315788
1250,19,27,23,1.7894736842105263,0.4609375,0.48237638894272,3.3684210526315788
1251,19,27,24,1.7894736842105263,0.47135416666666663,0.4823763889427201,3.3684210526315788
1252,19,27,24,1.7894736842105263,0.46875,0.4823763889427201,3.3684210526315788
1253,19,26,24,1.7894736842105263,0.4765625,0.48237638894272,3.3684210526315788
1254,19,29,23,1.7894736842105263,0.44791666666666663,0.4823763889427201,3.3684210526315788
1255,18,31,20,1.7,0.4047619047619047,0.47696960070847283,3.15
1256,19,29,22,1.7894736842105263,0.44010416666666663,0.4823763889427201,3.3684210526315788
1257,19,28,24,1.7894736842105263,0.46354166666666663,0.4823763889427201,3.3684210526315788
1258,19,24,24,1.7894736842105263,0.4869791666666667,0.4823763889427201,3.3684210526315788
1259,19,27,24,1.7894736842105263,0.46875,0.4823763889427201,3.3684210526315788
1260,18,27,22,1.75,0.4479166666666667,0.39999999999999997,3.2
1261,19,28,21,1.7894736842105263,0.44010416666666663,0.4823763889427201,3.3684210526315788
1262,19,26,24,1.7894736842105263,0.4765625,0.4823763889427201,3.3684210526315788
1263,19,27,24,1.7894736842105263,0.47135416666666663,0.48237638894272,3.3684210526315788
1264,19,27,24,1.7894736842105263,0.46875,0.4823763889427201,3.3684210526315788
1265,19,29,24,1.7894736842105263,0.45572916666666663,0.4823763889427201,3.3684210526315788
1266,18,25,25,1.75,0.4921875,0.39999999999999997,3.2
1267,19,28,24,1.7894736842105263,0.4609375,0.4823763889427201,3.3684210526315788
1268,19,30,22,1.7894736842105263,0.4270833333333333,0.4823763889427201,3.3684210526315788
1269,20,30,23,1.8333333333333333,0.4427083333333333,0.49690399499995325,3.5555555555555554
1270,19,31,23,1.7894736842105263,0.43229166666666663,0.4823763889427201,3.3684210526315788
1271,19,32,24,1.7894736842105263,0.4375,0.4823763889427201,3.3684210526315788
1272,19,29,25,1.7894736842105263,0.4661458333333333,0.4823763889427201,3.3684210526315788
1273,18,31,22,1.75,0.42447916666666663,0.39999999999999997,3.2
1274,20,36,18,1.8333333333333333,0.35416666666666663,0.49690399499995325,3.5555555555555554
1275,19,25,25,1.7894736842105263,0.4921875,0.48237638894272,3.3684210526315788
1276,18,29,22,1.75,0.4375,0.39999999999999997,3.2
1277,19,26,24,1.7894736842105263,0.4765625,0.48237638894272,3.3684210526315788
1278,19,28,24,1.7894736842105263,0.46354166666666663,0.4823763889427201,3.3684210526315788
1279,18,30,22,1.75,0.4270833333333333,0.39999999999999997,3.2
1280,18,31,22,1.75,0.421875,0.39999999999999997,3.2
1281,19,31,22,1.7894736842105263,0.42447916666666663,0.4823763889427201,3.3684210526315788
1282,19,27,25,1.7894736842105263,0.47916666666666663,0.4823763889427201,3.3684210526315788
1283,19,32,23,1.7894736842105263,0.4270833333333333,0.4823763889427201,3.3684210526315788
1284,19,30,23,1.7894736842105263,0.44010416666666663,0.4823763889427201,3.3684210526315788
1285,18,26,24,1.75,0.4765625,0.39999999999999997,3.2
1286,19,24,24,1.736842105263158,0.49206349206349204,0.5668594533825794,3.3157894736842106
1287,19,26,25,1.7894736842105263,0.4869791666666667,0.4823763889427201,3.3684210526315788
1288,19,27,24,1.7894736842105263,0.47135416666666663,0.4823763889427201,3.3684210526315788
1289,19,27,24,1.7894736842105263,0.46614583333333337,0.4823763889427201,3.3684210526315788
1290,19,27,24,1.7894736842105263,0.4713541666666667,0.48237638894272,3.3684210526315788
1291,19,25,25,1.7894736842105263,0.4921875,0.4823763889427201,3.3684210526315788
1292,19,29,22,1.7894736842105263,0.4322916666666667,0.48237638894272,3.3684210526315788
1293,19,27,24,1.7894736842105263,0.46875,0.4823763889427201,3.3684210526315788
1294,18,24,25,1.75,0.4947916666666667,0.39999999999999997,3.2
1295,18,27,24,1.75,0.46614583333333337,0.39999999999999997,3.2
1296,19,28,24,1.7894736842105263,0.46354166666666663,0.4823763889427201,3.3684210526315788
1297,19,28,24,1.7894736842105263,0.4609375,0.4823763889427201,3.3684210526315788
1298,19,28,24,1.7894736842105263,0.46354166666666663,0.4823763889427201,3.3684210526315788
1299,20,31,21,1.8333333333333333,0.41666666666666663,0.49690399499995325,3.5555555555555554
1300,19,24,24,1.7894736842105263,0.48958333333333337,0.4823763889427201,3.3684210526315788
1301,19,24,24,1.7894736842105263,0.48697916666666663,0.4823763889427201,3.3684210526315788
1302,18,33,22,1.75,0.4114583333333333,0.39999999999999997,3.2
1303,18,27,24,1.75,0.46875,0.39999999999999997,3.2
1304,19,27,24,1.7894736842105263,0.47135416666666663,0.4823763889427201,3.3684210526315788
1305,18,29,23,1.75,0.44791666666666663,0.39999999999999997,3.2
1306,19,24,24,1.7894736842105263,0.4869791666666667,0.4823763889427201,3.3684210526315788
1307,20,31,23,1.8333333333333333,0.4348958333333333,0.49690399499995325,3.5555555555555554
1308,18,26,24,1.75,0.4765625,0.39999999999999997,3.2
1309,18,32,21,1.75,0.40885416666666663,0.39999999999999997,3.2
1310,19,27,24,1.7894736842105263,0.46875,0.4823763889427201,3.3684210526315788
1311,19,27,24,1.7894736842105263,0.47135416666666663,0.4823763889427201,3.3684210526315788
1312,18,26,24,1.75,0.4765625,0.39999999999999997,3.2
1313,19,26,24,1.7894736842105263,0.4765625,0.4823763889427201,3.3684210526315788
1314,19,27,24,1.7894736842105263,0.46875,0.4823763889427201,3.3684210526315788
1315,19,26,24,1.7894736842105263,0.47916666666666663,0.4823763889427201,3.3684210526315788
1316,18,26,22,1.75,0.4557291666666667,0.39999999999999997,3.2
1317,19,34,21,1.7894736842105263,0.38541666666666663,0.48237638894272,3.3684210526315788
1318,18,28,23,1.75,0.45052083333333337,0.39999999999999997,3.2
1319,19,28,24,1.7894736842105263,0.4609375,0.4823763889427201,3.3684210526315788
1320,18,27,23,1.75,0.4609375,0.39999999999999997,3.2
1321,18,25,24,1.75,0.48177083333333337,0.39999999999999997,3.2
1322,19,30,22,1.7894736842105263,0.43229166666666663,0.4823763889427201,3.3684210526315788
1323,18,27,24,1.75,0.46875,0.39999999999999997,3.2
1324,19,25,24,1.7894736842105263,0.47916666666666663,0.4823763889427201,3.3684210526315788
1325,19,26,23,1.736842105263158,0.47089947089947093,0.5668594533825794,3.3157894736842106
1326,19,33,22,1.7894736842105263,0.4114583333333333,0.4823763889427201,3.3684210526315788
1327,18,24,25,1.75,0.49739583333333337,0.39999999999999997,3.2
1328,20,28,23,1.8333333333333333,0.453125,0.49690399499995325,3.5555555555555554
1329,20,25,24,1.8333333333333333,0.48177083333333337,0.49690399499995325,3.5555555555555554
1330,19,28,22,1.7894736842105263,0.4453125,0.4823763889427201,3.3684210526315788
1331,18,29,24,1.75,0.45572916666666663,0.39999999999999997,3.2
1332,18,25,24,1.75,0.48177083333333337,0.39999999999999997,3.2
1333,19,27,22,1.7894736842105263,0.4505208333333333,0.4823763889427201,3.3684210526315788
1334,19,25,24,1.736842105263158,0.48412698412698413,0.5668594533825794,3.3157894736842106
1335,18,31,23,1.75,0.4296875,0.39999999999999997,3.2
1336,18,25,24,1.75,0.48177083333333337,0.39999999999999997,3.2
1337,18,26,24,1.75,0.47395833333333337,0.39999999999999997,3.2
1338,19,29,22,1.7894736842105263,0.4427083333333333,0.4823763889427201,3.3684210526315788
1339,19,25,24,1.7894736842105263,0.48177083333333337,0.4823763889427201,3.3684210526315788
1340,18,26,24,1.75,0.47395833333333337,0.39999999999999997,3.2
1341,18,26,25,1.75,0.48697916666666663,0.39999999999999997,3.2
1342,19,26,24,1.7894736842105263,0.47916666666666663,0.48237638894272,3.3684210526315788
1343,19,24,25,1.7894736842105263,0.49739583333333337,0.4823763889427201,3.3684210526315788
1344,19,29,23,1.7894736842105263,0.44270833333333337,0.4823763889427201,3.3684210526315788
1345,18,28,24,1.75,0.46354166666666663,0.39999999999999997,3.2
1346,20,29,23,1.8333333333333333,0.4479166666666667,0.49690399499995325,3.5555555555555554
1347,18,26,23,1.75,0.46875,0.39999999999999997,3.2
1348,18,25,24,1.75,0.484375,0.39999999999999997,3.2
1349,19,27,23,1.736842105263158,0.4603174603174603,0.5668594533825794,3.3157894736842106
1350,20,28,24,1.8333333333333333,0.46354166666666663,0.49690399499995325,3.5555555555555554
1351,18,27,24,1.75,0.47135416666666663,0.39999999999999997,3.2
1352,19,28,23,1.7894736842105263,0.453125,0.4823763889427201,3.3684210526315788
1353,19,27,24,1.7894736842105263,0.4713541666666667,0.4823763889427201,3.3684210526315788
1354,18,25,24,1.75,0.4817708333333333,0.39999999999999997,3.2
1355,18,25,24,1.7,0.48412698412698413,0.47696960070847283,3.15
1356,18,26,24,1.75,0.4765625,0.39999999999999997,3.2
1357,18,25,24,1.75,0.48177083333333337,0.39999999999999997,3.2
1358,18,24,25,1.75,0.5,0.39999999999999997,3.2
1359,18,25,25,1.75,0.4921875,0.39999999999999997,3.2
1360,19,27,25,1.7894736842105263,0.47916666666666663,0.4823763889427201,3.3684210526315788
1361,18,34,19,1.75,0.38020833333333337,0.39999999999999997,3.2
1362,19,26,25,1.7894736842105263,0.4869791666666667,0.4823763889427201,3.3684210526315788
1363,18,29,23,1.75,0.4505208333333333,0.39999999999999997,3.2
1364,19,25,24,1.7894736842105263,0.48177083333333337,0.4823763889427201,3.3684210526315788
1365,19,29,21,1.7894736842105263,0.43229166666666663,0.4823763889427201,3.3684210526315788
1366,19,26,24,1.7894736842105263,0.4765625,0.4823763889427201,3.3684210526315788
1367,19,26,25,1.7894736842105263,0.48697916666666663,0.4823763889427201,3.3684210526315788
1368,18,27,24,1.75,0.46875,0.39999999999999997,3.2
1369,20,27,24,1.8333333333333333,0.4661458333333333,0.49690399499995325,3.5555555555555554
1370,19,27,22,1.7894736842105263,0.45052083333333337,0.4823763889427201,3.3684210526315788
1371,18,29,24,1.75,0.4583333333333333,0.39999999999999997,3.2
1372,18,26,24,1.75,0.4765625,0.39999999999999997,3.2
1373,20,27,24,1.8333333333333333,0.47135416666666663,0.49690399499995325,3.5555555555555554
1374,18,35,18,1.75,0.359375,0.39999999999999997,3.2
1375,18,30,22,1.75,0.4270833333333333,0.39999999999999997,3.2
1376,19,29,24,1.7894736842105263,0.453125,0.48237638894272,3.3684210526315788
1377,18,27,22,1.7,0.4470899470899471,0.47696960070847283,3.15
1378,19,32,21,1.7894736842105263,0.40364583333333337,0.4823763889427201,3.3684210526315788
1379,20,26,24,1.8333333333333333,0.4765625,0.49690399499995325,3.5555555555555554
1380,20,32,20,1.8333333333333333,0.40104166666666663,0.49690399499995325,3.5555555555555554
1381,19,25,25,1.7894736842105263,0.4921875,0.4823763889427201,3.3684210526315788
1382,19,29,23,1.7894736842105263,0.4505208333333333,0.4823763889427201,3.3684210526315788
1383,19,30,24,1.7894736842105263,0.44270833333333337,0.48237638894272,3.3684210526315788
1384,19,24,24,1.7894736842105263,0.48958333333333337,0.4823763889427201,3.3684210526315788
1385,19,27,23,1.7894736842105263,0.46354166666666663,0.4823763889427201,3.3684210526315788
1386,18,25,24,1.75,0.4817708333333333,0.39999999999999997,3.2
1387,19,24,24,1.7894736842105263,0.48697916666666663,0.4823763889427201,3.3684210526315788
1388,19,24,25,1.7894736842105263,0.5,0.4823763889427201,3.3684210526315788
1389,18,28,24,1.75,0.46354166666666663,0.39999999999999997,3.2
1390,18,25,24,1.75,0.4791666666666667,0.39999999999999997,3.2
1391,19,27,24,1.736842105263158,0.47089947089947093,0.5668594533825794,3.3157894736842106
1392,18,24,25,1.75,0.49739583333333337,0.39999999999999997,3.2
1393,18,26,23,1.75,0.46614583333333337,0.39999999999999997,3.2
1394,18,24,24,1.75,0.4921875,0.39999999999999997,3.2
1395,18,27,24,1.75,0.47135416666666663,0.39999999999999997,3.2
1396,19,26,25,1.7894736842105263,0.48697916666666663,0.4823763889427201,3.3684210526315788
1397,18,27,24,1.75,0.46614583333333337,0.39999999999999997,3.2
1398,18,25,24,1.75,0.48177083333333337,0.39999999999999997,3.2
1399,18,27,24,1.75,0.47135416666666663,0.39999999999999997,3.2
1400,18,25,25,1.75,0.48958333333333337,0.39999999999999997,3.2
1401,19,25,24,1.7894736842105263,0.48177083333333337,0.4823763889427201,3.3684210526315788
1402,19,26,25,1.7894736842105263,0.48697916666666663,0.4823763889427201,3.3684210526315788
1403,19,25,24,1.7894736842105263,0.48177083333333337,0.48237638894272,3.3684210526315788
1404,18,31,24,1.75,0.44010416666666663,0.39999999999999997,3.2
1405,19,37,16,1.7894736842105263,0.33072916666666663,0.4823763889427201,3.3684210526315788
1406,18,26,24,1.75,0.4765625,0.39999999999999997,3.2
1407,20,27,24,1.8333333333333333,0.47135416666666663,0.49690399499995325,3.5555555555555554
1408,18,26,25,1.75,0.48697916666666663,0.39999999999999997,3.2
1409,19,29,23,1.7894736842105263,0.4401041666666667,0.4823763889427201,3.3684210526315788
1410,19,26,25,1.7894736842105263,0.484375,0.4823763889427201,3.3684210526315788
1411,19,28,24,1.7894736842105263,0.46354166666666663,0.4823763889427201,3.3684210526315788
1412,18,25,24,1.75,0.48177083333333337,0.39999999999999997,3.2
1413,18,26,24,1.75,0.4765625,0.39999999999999997,3.2
1414,18,25,25,1.7,0.4947089947089947,0.47696960070847283,3.15
1415,19,28,24,1.7894736842105263,0.46354166666666663,0.4823763889427201,3.3684210526315788
1416,19,26,24,1.7894736842105263,0.4765625,0.4823763889427201,3.3684210526315788
1417,19,27,24,1.7894736842105263,0.47135416666666663,0.4823763889427201,3.3684210526315788
1418,19,24,24,1.7894736842105263,0.4869791666666667,0.4823763889427201,3.3684210526315788
1419,19,29,24,1.7894736842105263,0.45572916666666663,0.4823763889427201,3.3684210526315788
1420,19,28,24,1.7894736842105263,0.46354166666666663,0.4823763889427201,3.3684210526315788
1421,19,32,20,1.7894736842105263,0.40104166666666663,0.4823763889427201,3.3684210526315788
1422,18,27,24,1.75,0.4661458333333333,0.39999999999999997,3.2
1423,19,27,24,1.7894736842105263,0.46875,0.4823763889427201,3.3684210526315788
1424,19,27,25,1.7894736842105263,0.4765625,0.4823763889427201,3.3684210526315788
1425,19,26,23,1.7894736842105263,0.46614583333333337,0.4823763889427201,3.3684210526315788
1426,18,28,24,1.75,0.46354166666666663,0.39999999999999997,3.2
1427,20,27,24,1.8333333333333333,0.46875,0.49690399499995325,3.5555555555555554
1428,19,26,24,1.736842105263158,0.47619047619047616,0.5668594533825794,3.3157894736842106
1429,19,25,23,1.7894736842105263,0.47395833333333337,0.4823763889427201,3.3684210526315788
1430,18,27,24,1.75,0.46875,0.39999999999999997,3.2
1431,18,31,20,1.75,0.4114583333333333,0.39999999999999997,3.2
1432,19,25,25,1.7894736842105263,0.4921875,0.4823763889427201,3.3684210526315788
1433,18,30,22,1.75,0.42708333333333337,0.39999999999999997,3.2
1434,19,27,25,1.7894736842105263,0.47916666666666663,0.4823763889427201,3.3684210526315788
1435,19,26,25,1.7894736842105263,0.4869791666666667,0.4823763889427201,3.3684210526315788
1436,19,28,23,1.7894736842105263,0.45572916666666663,0.4823763889427201,3.3684210526315788
1437,19,26,24,1.7894736842105263,0.4765625,0.4823763889427201,3.3684210526315788
1438,18,26,24,1.75,0.4765625,0.39999999999999997,3.2
1439,18,32,22,1.75,0.41927083333333337,0.39999999999999997,3.2
1440,19,27,24,1.7894736842105263,0.47135416666666663,0.4823763889427201,3.3684210526315788
1441,19,28,24,1.7894736842105263,0.46354166666666663,0.4823763889427201,3.3684210526315788
1442,19,27,24,1.7894736842105263,0.46875,0.48237638894272,3.3684210526315788
1443,18,25,25,1.75,0.4947916666666667,0.39999999999999997,3.2
1444,18,28,22,1.75,0.44270833333333337,0.39999999999999997,3.2
1445,19,26,24,1.7894736842105263,0.4765625,0.4823763889427201,3.3684210526315788
1446,19,25,24,1.7894736842105263,0.484375,0.4823763889427201,3.3684210526315788
1447,18,33,21,1.75,0.4036458333333333,0.39999999999999997,3.2
1448,19,25,24,1.7894736842105263,0.48177083333333337,0.4823763889427201,3.3684210526315788
1449,19,26,24,1.7894736842105263,0.47916666666666663,0.4823763889427201,3.3684210526315788
1450,18,27,24,1.75,0.47135416666666663,0.39999999999999997,3.2
1451,19,25,25,1.7894736842105263,0.4921875,0.4823763889427201,3.3684210526315788
1452,19,28,24,1.7894736842105263,0.46354166666666663,0.4823763889427201,3.3684210526315788
1453,19,28,24,1.7894736842105263,0.46354166666666663,0.4823763889427201,3.3684210526315788
1454,20,25,24,1.7777777777777777,0.48677248677248675,0.6009252125773316,3.5
1455,19,24,24,1.7894736842105263,0.4869791666666667,0.4823763889427201,3.3684210526315788
1456,18,32,22,1.75,0.4192708333333333,0.39999999999999997,3.2
1457,19,26,24,1.7894736842105263,0.4765625,0.4823763889427201,3.3684210526315788
1458,19,26,24,1.7894736842105263,0.47395833333333337,0.4823763889427201,3.3684210526315788
1459,18,24,24,1.7,0.4894179894179895,0.47696960070847283,3.15
1460,19,31,23,1.7894736842105263,0.43229166666666663,0.4823763889427201,3.3684210526315788
1461,18,25,24,1.75,0.4791666666666667,0.39999999999999997,3.2
1462,19,25,24,1.7894736842105263,0.47916666666666663,0.4823763889427201,3.3684210526315788
1463,18,26,24,1.75,0.47395833333333337,0.39999999999999997,3.2
1464,19,23,25,1.7894736842105263,0.5078125,0.48237638894272,3.3684210526315788
1465,19,34,24,1.7894736842105263,0.41666666666666663,0.48237638894272,3.3684210526315788
1466,19,27,24,1.7894736842105263,0.46614583333333337,0.4823763889427201,3.3684210526315788
1467,19,28,23,1.7894736842105263,0.453125,0.48237638894272,3.3684210526315788
1468,18,27,24,1.75,0.47135416666666663,0.39999999999999997,3.2
1469,19,25,23,1.7894736842105263,0.4713541666666667,0.4823763889427201,3.3684210526315788
1470,19,24,24,1.736842105263158,0.4894179894179895,0.5668594533825794,3.3157894736842106
1471,19,26,24,1.7894736842105263,0.4765625,0.4823763889427201,3.3684210526315788
1472,18,26,24,1.75,0.4765625,0.39999999999999997,3.2
1473,19,28,22,1.7894736842105263,0.44791666666666663,0.4823763889427201,3.3684210526315788
1474,18,28,24,1.75,0.46354166666666663,0.39999999999999997,3.2
1475,18,25,23,1.75,0.4713541666666667,0.39999999999999997,3.2
1476,18,38,16,1.75,0.3255208333333333,0.39999999999999997,3.2
1477,19,27,24,1.7894736842105263,0.47135416666666663,0.4823763889427201,3.3684210526315788
1478,19,27,24,1.7894736842105263,0.47135416666666663,0.4823763889427201,3.3684210526315788
1479,18,28,22,1.75,0.4453125,0.39999999999999997,3.2
1480,19,24,25,1.7894736842105263,0.4973958333333333,0.4823763889427201,3.3684210526315788
1481,19,25,24,1.7894736842105263,0.48177083333333337,0.4823763889427201,3.3684210526315788
1482,18,25,24,1.75,0.48177083333333337,0.39999999999999997,3.2
1483,19,24,25,1.736842105263158,0.4973544973544974,0.5668594533825794,3.3157894736842106
1484,19,29,21,1.7894736842105263,0.4296875,0.4823763889427201,3.3684210526315788
1485,19,25,24,1.7894736842105263,0.484375,0.4823763889427201,3.3684210526315788
1486,19,34,23,1.7894736842105263,0.40885416666666663,0.4823763889427201,3.3684210526315788
1487,18,25,25,1.75,0.48958333333333337,0.39999999999999997,3.2
1488,18,29,22,1.75,0.4375,0.39999999999999997,3.2
1489,19,26,24,1.7894736842105263,0.4765625,0.4823763889427201,3.3684210526315788
1490,18,26,24,1.75,0.4765625,0.39999999999999997,3.2
1491,18,28,22,1.75,0.4453125,0.39999999999999997,3.2
1492,19,28,23,1.7894736842105263,0.453125,0.4823763889427201,3.3684210526315788
1493,18,25,24,1.75,0.48177083333333337,0.39999999999999997,3.2
1494,18,27,25,1.75,0.47656249999999994,0.39999999999999997,3.2
1495,18,24,25,1.75,0.4947916666666667,0.39999999999999997,3.2
1496,18,26,24,1.75,0.4765625,0.39999999999999997,3.2
1497,19,25,24,1.7894736842105263,0.48177083333333337,0.4823763889427201,3.3684210526315788
1498,18,26,24,1.75,0.4765625,0.39999999999999997,3.2
1499,19,24,25,1.7894736842105263,0.49739583333333337,0.4823763889427201,3.3684210526315788
1500,19,25,24,1.7894736842105263,0.484375,0.4823763889427201,3.3684210526315788
1501,18,24,25,1.75,0.5,0.39999999999999997,3.2
1502,18,26,24,1.75,0.4765625,0.39999999999999997,3.2
1503,18,27,25,1.75,0.4765625,0.39999999999999997,3.2
1504,19,25,25,1.7894736842105263,0.4921875,0.4823763889427201,3.3684210526315788
1505,18,26,24,1.75,0.4765625,0.39999999999999997,3.2
1506,18,26,24,1.75,0.4765625,0.39999999999999997,3.2
1507,19,27,22,1.7894736842105263,0.45052083333333337,0.4823763889427201,3.3684210526315788
1508,18,30,22,1.75,0.42708333333333337,0.39999999999999997,3.2
1509,18,27,25,1.75,0.47916666666666663,0.39999999999999997,3.2
1510,19,25,24,1.7894736842105263,0.48177083333333337,0.4823763889427201,3.3684210526315788
1511,18,28,23,1.75,0.45052083333333337,0.39999999999999997,3.2
1512,17,30,22,1.7142857142857142,0.42708333333333337,0.21295885499997994,3.0476190476190474
1513,18,29,23,1.75,0.44791666666666663,0.39999999999999997,3.2
1514,19,28,23,1.7894736842105263,0.44791666666666663,0.48237638894272,3.3684210526315788
1515,19,26,24,1.7894736842105263,0.47395833333333337,0.4823763889427201,3.3684210526315788
1516,19,25,24,1.7894736842105263,0.48177083333333337,0.4823763889427201,3.3684210526315788
1517,19,27,23,1.7894736842105263,0.45833333333333337,0.4823763889427201,3.3684210526315788
1518,18,27,23,1.75,0.4635416666666667,0.39999999999999997,3.2
1519,18,24,25,1.75,0.4973958333333333,0.39999999999999997,3.2
1520,18,26,24,1.75,0.4765625,0.39999999999999997,3.2
1521,18,24,25,1.75,0.4973958333333333,0.39999999999999997,3.2
1522,18,23,25,1.75,0.5026041666666667,0.39999999999999997,3.2
1523,19,29,23,1.7894736842105263,0.4453125,0.4823763889427201,3.3684210526315788
1524,18,31,19,1.75,0.40364583333333337,0.39999999999999997,3.2
1525,19,25,24,1.7894736842105263,0.48177083333333337,0.4823763889427201,3.3684210526315788
1526,19,25,25,1.7894736842105263,0.4921875,0.48237638894272,3.3684210526315788
1527,19,25,24,1.7894736842105263,0.48177083333333337,0.4823763889427201,3.3684210526315788
1528,19,26,25,1.7894736842105263,0.484375,0.4823763889427201,3.3684210526315788
1529,19,24,24,1.7894736842105263,0.48958333333333337,0.4823763889427201,3.3684210526315788
1530,18,25,24,1.75,0.48177083333333337,0.39999999999999997,3.2
1531,20,31,20,1.8333333333333333,0.40885416666666663,0.49690399499995325,3.5555555555555554
1532,19,25,24,1.7894736842105263,0.48177083333333337,0.4823763889427201,3.3684210526315788
1533,19,28,24,1.7894736842105263,0.46354166666666663,0.4823763889427201,3.3684210526315788
1534,19,25,24,1.7894736842105263,0.48177083333333337,0.4823763889427201,3.3684210526315788
1535,20,24,24,1.7777777777777777,0.4894179894179895,0.6009252125773316,3.5
1536,18,26,25,1.75,0.484375,0.39999999999999997,3.2
1537,19,34,20,1.7894736842105263,0.3854166666666667,0.4823763889427201,3.3684210526315788
1538,19,25,25,1.7894736842105263,0.4921875,0.4823763889427201,3.3684210526315788
1539,18,23,27,1.75,0.5234375,0.39999999999999997,3.2
1540,18,31,24,1.75,0.44010416666666663,0.39999999999999997,3.2
1541,19,28,26,1.7894736842105263,0.47395833333333337,0.48237638894272,3.3684210526315788
1542,18,27,24,1.75,0.47135416666666663,0.39999999999999997,3.2
1543,18,24,25,1.75,0.49739583333333337,0.39999999999999997,3.2
1544,19,28,23,1.7894736842105263,0.45572916666666663,0.4823763889427201,3.3684210526315788
1545,18,26,24,1.75,0.4765625,0.39999999999999997,3.2
1546,18,26,25,1.75,0.484375,0.39999999999999997,3.2
1547,19,24,25,1.7894736842105263,0.5,0.4823763889427201,3.3684210526315788
1548,19,25,25,1.7894736842105263,0.49218750000000006,0.4823763889427201,3.3684210526315788
1549,18,26,24,1.75,0.4765625,0.39999999999999997,3.2
1550,18,28,24,1.75,0.4609375,0.39999999999999997,3.2
1551,18,24,25,1.75,0.4973958333333333,0.39999999999999997,3.2
1552,19,25,24,1.736842105263158,0.48677248677248675,0.5668594533825794,3.3157894736842106
1553,18,26,25,1.75,0.484375,0.39999999999999997,3.2
1554,18,25,24,1.75,0.48177083333333337,0.39999999999999997,3.2
1555,18,24,25,1.75,0.5,0.39999999999999997,3.2
1556,19,24,24,1.7894736842105263,0.4869791666666667,0.4823763889427201,3.3684210526315788
1557,19,27,24,1.7894736842105263,0.47135416666666663,0.4823763889427201,3.3684210526315788
1558,18,27,24,1.75,0.46875,0.39999999999999997,3.2
1559,19,25,24,1.7894736842105263,0.4791666666666667,0.4823763889427201,3.3684210526315788
1560,18,25,25,1.75,0.4921875,0.39999999999999997,3.2
1561,18,27,25,1.75,0.4765625,0.39999999999999997,3.2
1562,18,26,23,1.75,0.46875,0.39999999999999997,3.2
1563,19,23,24,1.736842105263158,0.4947089947089947,0.5668594533825794,3.3157894736842106
1564,18,25,25,1.75,0.4921875,0.39999999999999997,3.2
1565,19,23,26,1.7894736842105263,0.5130208333333333,0.4823763889427201,3.3684210526315788
1566,18,27,24,1.75,0.47135416666666663,0.39999999999999997,3.2
1567,19,25,24,1.7894736842105263,0.48177083333333337,0.4823763889427201,3.3684210526315788
1568,18,24,25,1.75,0.4973958333333333,0.39999999999999997,3.2
1569,19,25,23,1.736842105263158,0.47619047619047616,0.5668594533825794,3.3157894736842106
1570,18,26,24,1.75,0.4765625,0.39999999999999997,3.2
1571,18,26,24,1.75,0.47916666666666663,0.39999999999999997,3.2
1572,18,26,25,1.75,0.484375,0.39999999999999997,3.2
1573,18,27,24,1.75,0.46875,0.39999999999999997,3.2
1574,19,25,24,1.7894736842105263,0.4817708333333333,0.4823763889427201,3.3684210526315788
1575,19,26,23,1.7894736842105263,0.46614583333333337,0.4823763889427201,3.3684210526315788
1576,19,24,25,1.7894736842105263,0.49739583333333337,0.4823763889427201,3.3684210526315788
1577,20,24,24,1.7777777777777777,0.4894179894179895,0.6009252125773316,3.5
1578,19,28,24,1.7894736842105263,0.46354166666666663,0.4823763889427201,3.3684210526315788
1579,19,27,24,1.7894736842105263,0.46614583333333337,0.4823763889427201,3.3684210526315788
1580,19,25,25,1.7894736842105263,0.4921875,0.4823763889427201,3.3684210526315788
1581,19,27,24,1.7894736842105263,0.46614583333333337,0.4823763889427201,3.3684210526315788
1582,18,26,25,1.75,0.484375,0.39999999999999997,3.2
1583,19,26,24,1.7894736842105263,0.4765625,0.4823763889427201,3.3684210526315788
1584,18,25,24,1.75,0.484375,0.39999999999999997,3.2
1585,19,29,25,1.7894736842105263,0.46614583333333337,0.4823763889427201,3.3684210526315788
1586,18,30,22,1.75,0.4322916666666667,0.39999999999999997,3.2
1587,19,26,24,1.7894736842105263,0.4765625,0.48237638894272,3.3684210526315788
1588,20,25,24,1.8333333333333333,0.48177083333333337,0.49690399499995325,3.5555555555555554
1589,19,26,25,1.7894736842105263,0.4869791666666667,0.4823763889427201,3.3684210526315788
1590,19,25,24,1.736842105263158,0.48412698412698413,0.5668594533825794,3.3157894736842106
1591,19,25,24,1.7894736842105263,0.48177083333333337,0.4823763889427201,3.3684210526315788
1592,18,27,24,1.75,0.47135416666666663,0.39999999999999997,3.2
1593,19,27,25,1.7894736842105263,0.4791666666666667,0.4823763889427201,3.3684210526315788
1594,19,28,24,1.7894736842105263,0.4661458333333333,0.48237638894272,3.3684210526315788
1595,19,25,24,1.7894736842105263,0.48177083333333337,0.4823763889427201,3.3684210526315788
1596,18,28,24,1.75,0.46354166666666663,0.39999999999999997,3.2
1597,18,24,25,1.75,0.49739583333333337,0.39999999999999997,3.2
1598,18,26,25,1.75,0.48177083333333337,0.39999999999999997,3.2
1599,18,29,21,1.75,0.42708333333333337,0.39999999999999997,3.2
1600,19,30,23,1.736842105263158,0.43915343915343913,0.5668594533825794,3.3157894736842106
1601,19,33,21,1.7894736842105263,0.40625,0.4823763889427201,3.3684210526315788
1602,19,26,25,1.7894736842105263,0.48697916666666663,0.4823763889427201,3.3684210526315788
1603,18,25,25,1.75,0.49218750000000006,0.39999999999999997,3.2
1604,19,26,25,1.7894736842105263,0.48177083333333337,0.4823763889427201,3.3684210526315788
1605,18,22,25,1.75,0.5130208333333334,0.39999999999999997,3.2
1606,19,26,25,1.7894736842105263,0.48177083333333337,0.4823763889427201,3.3684210526315788
1607,18,28,24,1.75,0.46354166666666663,0.39999999999999997,3.2
1608,20,26,23,1.8333333333333333,0.46875,0.49690399499995325,3.5555555555555554
1609,19,25,25,1.7894736842105263,0.4921875,0.4823763889427201,3.3684210526315788
1610,18,28,22,1.75,0.4427083333333333,0.39999999999999997,3.2
1611,19,27,24,1.7894736842105263,0.47135416666666663,0.4823763889427201,3.3684210526315788
1612,18,27,24,1.75,0.46875,0.39999999999999997,3.2
1613,18,29,22,1.75,0.43489583333333337,0.39999999999999997,3.2
1614,19,25,26,1.736842105263158,0.5052910052910052,0.5668594533825794,3.3157894736842106
1615,19,27,25,1.7894736842105263,0.4791666666666667,0.4823763889427201,3.3684210526315788
1616,18,28,24,1.75,0.4609375,0.39999999999999997,3.2
1617,19,25,24,1.736842105263158,0.48412698412698413,0.5668594533825794,3.3157894736842106
1618,19,26,24,1.7894736842105263,0.4765625,0.4823763889427201,3.3684210526315788
1619,18,30,22,1.75,0.4322916666666667,0.39999999999999997,3.2
1620,19,25,24,1.7894736842105263,0.48177083333333337,0.4823763889427201,3.3684210526315788
1621,18,25,24,1.75,0.484375,0.39999999999999997,3.2
1622,18,25,24,1.75,0.48177083333333337,0.39999999999999997,3.2
1623,18,27,25,1.75,0.4817708333333333,0.39999999999999997,3.2
1624,19,26,24,1.7894736842105263,0.4765625,0.4823763889427201,3.3684210526315788
1625,19,26,25,1.7894736842105263,0.48177083333333337,0.4823763889427201,3.3684210526315788
1626,19,25,24,1.736842105263158,0.4841269841269841,0.5668594533825794,3.3157894736842106
1627,19,24,25,1.736842105263158,0.5026455026455027,0.5668594533825794,3.3157894736842106
1628,19,24,25,1.7894736842105263,0.49739583333333337,0.4823763889427201,3.3684210526315788
1629,18,30,21,1.75,0.421875,0.39999999999999997,3.2
1630,18,28,24,1.75,0.46354166666666663,0.39999999999999997,3.2
1631,18,25,25,1.75,0.49218750000000006,0.39999999999999997,3.2
1632,19,28,24,1.7894736842105263,0.4609375,0.4823763889427201,3.3684210526315788
1633,19,24,24,1.7894736842105263,0.48697916666666663,0.4823763889427201,3.3684210526315788
1634,19,25,24,1.736842105263158,0.48412698412698413,0.5668594533825794,3.3157894736842106
1635,19,28,25,1.7894736842105263,0.4713541666666667,0.4823763889427201,3.3684210526315788
1636,19,25,24,1.736842105263158,0.48677248677248675,0.5668594533825794,3.3157894736842106
1637,19,26,24,1.7894736842105263,0.4765625,0.48237638894272,3.3684210526315788
1638,19,29,23,1.7894736842105263,0.44791666666666663,0.48237638894272,3.3684210526315788
1639,19,29,23,1.7894736842105263,0.44791666666666663,0.4823763889427201,3.3684210526315788
1640,18,25,25,1.75,0.4921875,0.39999999999999997,3.2
1641,18,29,24,1.75,0.453125,0.39999999999999997,3.2
1642,18,31,22,1.75,0.42447916666666663,0.39999999999999997,3.2
1643,19,26,25,1.7894736842105263,0.48177083333333337,0.4823763889427201,3.3684210526315788
1644,19,26,25,1.7894736842105263,0.4869791666666667,0.4823763889427201,3.3684210526315788
1645,19,24,24,1.7894736842105263,0.4895833333333333,0.4823763889427201,3.3684210526315788
1646,18,29,24,1.75,0.45572916666666663,0.39999999999999997,3.2
1647,19,27,25,1.7894736842105263,0.4791666666666667,0.4823763889427201,3.3684210526315788
1648,18,27,24,1.75,0.46875,0.39999999999999997,3.2
1649,19,28,22,1.7894736842105263,0.4453125,0.48237638894272,3.3684210526315788
1650,19,26,24,1.7894736842105263,0.4765625,0.4823763889427201,3.3684210526315788
1651,18,32,22,1.75,0.4192708333333333,0.39999999999999997,3.2
1652,19,24,24,1.736842105263158,0.49206349206349204,0.5668594533825794,3.3157894736842106
1653,18,34,20,1.75,0.38541666666666663,0.39999999999999997,3.2
1654,19,25,24,1.7894736842105263,0.484375,0.4823763889427201,3.3684210526315788
1655,17,36,21,1.7142857142857142,0.3802083333333333,0.21295885499997994,3.0476190476190474
1656,19,24,24,1.7894736842105263,0.48958333333333337,0.4823763889427201,3.3684210526315788
1657,19,25,25,1.7894736842105263,0.4921875,0.4823763889427201,3.3684210526315788
1658,19,23,25,1.736842105263158,0.5052910052910053,0.5668594533825794,3.3157894736842106
1659,17,35,17,1.6666666666666667,0.3544973544973545,0.3086066999241838,3.0
1660,18,25,24,1.75,0.48177083333333337,0.39999999999999997,3.2
1661,18,27,24,1.75,0.46875,0.39999999999999997,3.2
1662,19,24,25,1.736842105263158,0.5000000000000001,0.5668594533825794,3.3157894736842106
1663,19,23,26,1.7894736842105263,0.515625,0.4823763889427201,3.3684210526315788
1664,18,24,24,1.75,0.4921875,0.39999999999999997,3.2
1665,19,24,26,1.7894736842105263,0.5078125,0.4823763889427201,3.3684210526315788
1666,19,25,25,1.7894736842105263,0.48958333333333337,0.4823763889427201,3.3684210526315788
1667,18,25,24,1.75,0.484375,0.39999999999999997,3.2
1668,19,26,24,1.7894736842105263,0.47916666666666663,0.4823763889427201,3.3684210526315788
1669,18,24,25,1.75,0.49739583333333337,0.39999999999999997,3.2
1670,19,25,25,1.7894736842105263,0.48958333333333337,0.4823763889427201,3.3684210526315788
1671,19,25,24,1.7894736842105263,0.48177083333333337,0.48237638894272,3.3684210526315788
1672,18,24,24,1.75,0.4869791666666667,0.39999999999999997,3.2
1673,19,24,25,1.7894736842105263,0.4973958333333333,0.48237638894272,3.3684210526315788
1674,18,27,24,1.75,0.46875,0.39999999999999997,3.2
1675,18,24,24,1.75,0.4869791666666667,0.39999999999999997,3.2
1676,19,29,23,1.7894736842105263,0.44791666666666663,0.4823763889427201,3.3684210526315788
1677,18,26,25,1.75,0.484375,0.39999999999999997,3.2
1678,18,24,24,1.75,0.48958333333333337,0.39999999999999997,3.2
1679,19,26,24,1.736842105263158,0.4788359788359788,0.5668594533825794,3.3157894736842106
1680,19,29,22,1.7894736842105263,0.4375,0.4823763889427201,3.3684210526315788
1681,19,29,24,1.7894736842105263,0.453125,0.4823763889427201,3.3684210526315788
1682,19,27,24,1.7894736842105263,0.47135416666666663,0.4823763889427201,3.3684210526315788
1683,18,26,24,1.75,0.4765625,0.39999999999999997,3.2
1684,19,26,25,1.7894736842105263,0.484375,0.4823763889427201,3.3684210526315788
1685,19,25,24,1.7894736842105263,0.4791666666666667,0.4823763889427201,3.3684210526315788
1686,18,26,24,1.75,0.4765625,0.39999999999999997,3.2
1687,18,26,24,1.75,0.4765625,0.39999999999999997,3.2
1688,19,25,24,1.7894736842105263,0.48177083333333337,0.4823763889427201,3.3684210526315788
1689,19,27,24,1.7894736842105263,0.46614583333333337,0.4823763889427201,3.3684210526315788
1690,18,29,25,1.75,0.4609375,0.39999999999999997,3.2
1691,18,27,24,1.75,0.47135416666666663,0.39999999999999997,3.2
1692,19,26,24,1.7894736842105263,0.4765625,0.4823763889427201,3.3684210526315788
1693,19,26,24,1.7894736842105263,0.4765625,0.48237638894272,3.3684210526315788
1694,19,25,23,1.7894736842105263,0.4713541666666667,0.4823763889427201,3.3684210526315788
1695,19,24,25,1.7894736842105263,0.49739583333333337,0.4823763889427201,3.3684210526315788
1696,19,28,23,1.7894736842105263,0.4453125,0.4823763889427201,3.3684210526315788
1697,19,27,24,1.7894736842105263,0.46875,0.4823763889427201,3.3684210526315788
1698,19,26,24,1.7894736842105263,0.4765625,0.4823763889427201,3.3684210526315788
1699,18,26,25,1.75,0.48697916666666663,0.39999999999999997,3.2
1700,18,24,24,1.75,0.4869791666666667,0.39999999999999997,3.2
1701,19,25,24,1.7894736842105263,0.48177083333333337,0.4823763889427201,3.3684210526315788
1702,18,26,25,1.75,0.48177083333333337,0.39999999999999997,3.2
1703,18,26,25,1.75,0.48177083333333337,0.39999999999999997,3.2
1704,18,23,25,1.75,0.5052083333333334,0.39999999999999997,3.2
1705,18,26,24,1.75,0.47395833333333337,0.39999999999999997,3.2
1706,19,25,24,1.7894736842105263,0.48177083333333337,0.4823763889427201,3.3684210526315788
1707,18,26,24,1.75,0.4765625,0.39999999999999997,3.2
1708,19,25,24,1.7894736842105263,0.48177083333333337,0.4823763889427201,3.3684210526315788
1709,19,25,24,1.7894736842105263,0.48177083333333337,0.4823763889427201,3.3684210526315788
1710,18,24,25,1.75,0.49739583333333337,0.39999999999999997,3.2
1711,18,25,25,1.75,0.49218750000000006,0.39999999999999997,3.2
1712,18,25,24,1.7,0.4814814814814815,0.47696960070847283,3.15
1713,18,23,25,1.75,0.5052083333333334,0.39999999999999997,3.2
1714,18,27,24,1.75,0.47135416666666663,0.39999999999999997,3.2
1715,19,24,24,1.7894736842105263,0.4869791666666667,0.4823763889427201,3.3684210526315788
1716,19,25,24,1.7894736842105263,0.4791666666666667,0.4823763889427201,3.3684210526315788
1717,18,26,24,1.75,0.4765625,0.39999999999999997,3.2
1718,18,25,25,1.75,0.4921875,0.39999999999999997,3.2
1719,19,25,25,1.7894736842105263,0.48958333333333337,0.4823763889427201,3.3684210526315788
1720,18,28,24,1.75,0.46354166666666663,0.39999999999999997,3.2
1721,18,26,24,1.75,0.47395833333333337,0.39999999999999997,3.2
1722,19,27,24,1.7894736842105263,0.47135416666666663,0.4823763889427201,3.3684210526315788
1723,18,26,25,1.75,0.484375,0.39999999999999997,3.2
1724,19,24,25,1.7894736842105263,0.49739583333333337,0.4823763889427201,3.3684210526315788
1725,18,24,25,1.75,0.49739583333333337,0.39999999999999997,3.2
1726,18,24,24,1.75,0.4869791666666667,0.39999999999999997,3.2
1727,18,26,24,1.75,0.47395833333333337,0.39999999999999997,3.2
1728,18,30,23,1.75,0.43489583333333337,0.39999999999999997,3.2
1729,18,28,23,1.75,0.4583333333333333,0.39999999999999997,3.2
1730,18,25,25,1.75,0.4921875,0.39999999999999997,3.2
1731,19,25,24,1.7894736842105263,0.48177083333333337,0.4823763889427201,3.3684210526315788
1732,19,25,24,1.7894736842105263,0.48177083333333337,0.4823763889427201,3.3684210526315788
1733,20,25,24,1.8333333333333333,0.48177083333333337,0.49690399499995325,3.5555555555555554
1734,18,25,24,1.75,0.48177083333333337,0.39999999999999997,3.2
1735,19,29,24,1.7894736842105263,0.45572916666666663,0.4823763889427201,3.3684210526315788
1736,19,26,24,1.7894736842105263,0.4765625,0.4823763889427201,3.3684210526315788
1737,20,24,24,1.7777777777777777,0.4894179894179895,0.6009252125773316,3.5
1738,19,25,24,1.7894736842105263,0.48177083333333337,0.4823763889427201,3.3684210526315788
1739,19,26,23,1.7894736842105263,0.4635416666666667,0.4823763889427201,3.3684210526315788
1740,19,26,25,1.7894736842105263,0.484375,0.4823763889427201,3.3684210526315788
1741,18,32,20,1.75,0.40364583333333337,0.39999999999999997,3.2
1742,18,25,25,1.75,0.48958333333333337,0.39999999999999997,3.2
1743,19,26,25,1.7894736842105263,0.4869791666666667,0.4823763889427201,3.3684210526315788
1744,18,24,24,1.7,0.4867724867724868,0.47696960070847283,3.15
1745,19,27,24,1.736842105263158,0.4682539682539682,0.5668594533825794,3.3157894736842106
1746,19,24,24,1.7894736842105263,0.4869791666666667,0.4823763889427201,3.3684210526315788
1747,18,27,23,1.75,0.46354166666666663,0.39999999999999997,3.2
1748,19,25,24,1.7894736842105263,0.48177083333333337,0.4823763889427201,3.3684210526315788
1749,18,26,24,1.75,0.47395833333333337,0.39999999999999997,3.2
1750,18,24,25,1.75,0.49739583333333337,0.39999999999999997,3.2
1751,18,24,25,1.75,0.49739583333333337,0.39999999999999997,3.2
1752,18,26,25,1.75,0.48177083333333337,0.39999999999999997,3.2
1753,19,28,24,1.7894736842105263,0.46354166666666663,0.4823763889427201,3.3684210526315788
1754,18,27,23,1.75,0.4609375,0.39999999999999997,3.2
1755,18,25,25,1.75,0.4921875,0.39999999999999997,3.2
1756,18,26,24,1.75,0.4713541666666667,0.39999999999999997,3.2
1757,18,24,25,1.75,0.49739583333333337,0.39999999999999997,3.2
1758,19,26,25,1.7894736842105263,0.48437500000000006,0.4823763889427201,3.3684210526315788
1759,19,27,25,1.7894736842105263,0.47395833333333337,0.4823763889427201,3.3684210526315788
1760,18,25,24,1.75,0.48177083333333337,0.39999999999999997,3.2
1761,18,26,24,1.75,0.4765625,0.39999999999999997,3.2
1762,19,25,26,1.7894736842105263,0.5,0.4823763889427201,3.3684210526315788
1763,19,26,24,1.7894736842105263,0.47395833333333337,0.4823763889427201,3.3684210526315788
1764,19,32,21,1.7894736842105263,0.4088541666666667,0.4823763889427201,3.3684210526315788
1765,18,24,25,1.75,0.49739583333333337,0.39999999999999997,3.2
1766,19,25,25,1.7894736842105263,0.4947916666666667,0.4823763889427201,3.3684210526315788
1767,18,25,24,1.75,0.4791666666666667,0.39999999999999997,3.2
1768,19,26,24,1.7894736842105263,0.47395833333333337,0.4823763889427201,3.3684210526315788
1769,19,24,26,1.7894736842105263,0.5078125,0.4823763889427201,3.3684210526315788
1770,19,28,23,1.7894736842105263,0.45572916666666663,0.4823763889427201,3.3684210526315788
1771,18,25,25,1.75,0.4921875,0.39999999999999997,3.2
1772,19,27,25,1.7894736842105263,0.4791666666666667,0.4823763889427201,3.3684210526315788
1773,18,33,23,1.75,0.4192708333333333,0.39999999999999997,3.2
1774,19,31,21,1.7894736842105263,0.4140625,0.4823763889427201,3.3684210526315788
1775,18,26,25,1.75,0.484375,0.39999999999999997,3.2
1776,18,25,25,1.75,0.49218750000000006,0.39999999999999997,3.2
1777,19,25,25,1.7894736842105263,0.48958333333333337,0.4823763889427201,3.3684210526315788
1778,19,25,25,1.7894736842105263,0.48958333333333337,0.4823763889427201,3.3684210526315788
1779,18,25,24,1.75,0.48177083333333337,0.39999999999999997,3.2
1780,19,24,25,1.7894736842105263,0.49739583333333337,0.4823763889427201,3.3684210526315788
1781,19,26,24,1.7894736842105263,0.47395833333333337,0.48237638894272,3.3684210526315788
1782,18,27,23,1.75,0.46354166666666663,0.39999999999999997,3.2
1783,19,25,24,1.7894736842105263,0.48177083333333337,0.4823763889427201,3.3684210526315788
1784,18,24,25,1.75,0.49739583333333337,0.39999999999999997,3.2
1785,18,24,26,1.75,0.5052083333333334,0.39999999999999997,3.2
1786,19,27,24,1.736842105263158,0.4708994708994709,0.5668594533825794,3.3157894736842106
1787,19,24,25,1.7894736842105263,0.49739583333333337,0.4823763889427201,3.3684210526315788
1788,19,24,24,1.7894736842105263,0.48958333333333337,0.4823763889427201,3.3684210526315788
1789,19,24,25,1.7894736842105263,0.5,0.4823763889427201,3.3684210526315788
1790,19,31,23,1.7894736842105263,0.43229166666666663,0.4823763889427201,3.3684210526315788
1791,18,25,25,1.75,0.48958333333333337,0.39999999999999997,3.2
1792,19,24,25,1.7894736842105263,0.49739583333333337,0.4823763889427201,3.3684210526315788
1793,18,30,24,1.75,0.453125,0.39999999999999997,3.2
1794,18,26,24,1.75,0.4765625,0.39999999999999997,3.2
1795,19,27,24,1.7894736842105263,0.46875,0.48237638894272,3.3684210526315788
1796,19,25,24,1.7894736842105263,0.48177083333333337,0.4823763889427201,3.3684210526315788
1797,19,24,25,1.7894736842105263,0.49739583333333337,0.4823763889427201,3.3684210526315788
1798,18,25,24,1.75,0.48177083333333337,0.39999999999999997,3.2
1799,19,25,24,1.7894736842105263,0.48177083333333337,0.4823763889427201,3.3684210526315788
1800,18,25,25,1.75,0.48958333333333337,0.39999999999999997,3.2
1801,19,26,24,1.7894736842105263,0.4765625,0.4823763889427201,3.3684210526315788
1802,19,24,25,1.7894736842105263,0.49739583333333337,0.48237638894272,3.3684210526315788
1803,19,25,25,1.7894736842105263,0.48958333333333337,0.4823763889427201,3.3684210526315788
1804,19,26,24,1.7894736842105263,0.47916666666666663,0.4823763889427201,3.3684210526315788
1805,19,27,23,1.7894736842105263,0.4609375,0.4823763889427201,3.3684210526315788
1806,18,24,25,1.75,0.49739583333333337,0.39999999999999997,3.2
1807,19,25,24,1.7894736842105263,0.48177083333333337,0.4823763889427201,3.3684210526315788
1808,20,26,24,1.8333333333333333,0.47395833333333337,0.49690399499995325,3.5555555555555554
1809,19,25,24,1.7894736842105263,0.48177083333333337,0.4823763889427201,3.3684210526315788
1810,19,24,24,1.7894736842105263,0.4869791666666667,0.4823763889427201,3.3684210526315788
1811,18,28,24,1.75,0.4609375,0.39999999999999997,3.2
1812,18,25,24,1.75,0.48177083333333337,0.39999999999999997,3.2
1813,18,25,24,1.75,0.48177083333333337,0.39999999999999997,3.2
1814,18,27,25,1.7,0.47619047619047616,0.47696960070847283,3.15
1815,19,26,25,1.7894736842105263,0.48697916666666663,0.4823763889427201,3.3684210526315788
1816,18,27,21,1.75,0.4401041666666667,0.39999999999999997,3.2
1817,19,25,25,1.7894736842105263,0.48958333333333337,0.4823763889427201,3.3684210526315788
1818,19,26,24,1.7894736842105263,0.47395833333333337,0.4823763889427201,3.3684210526315788
1819,19,25,25,1.7894736842105263,0.48958333333333337,0.4823763889427201,3.3684210526315788
1820,19,25,24,1.7894736842105263,0.48177083333333337,0.4823763889427201,3.3684210526315788
1821,19,24,25,1.7894736842105263,0.49739583333333337,0.4823763889427201,3.3684210526315788
1822,19,24,25,1.7894736842105263,0.5,0.4823763889427201,3.3684210526315788
1823,20,25,24,1.8333333333333333,0.48177083333333337,0.49690399499995325,3.5555555555555554
1824,18,25,24,1.75,0.48177083333333337,0.39999999999999997,3.2
1825,20,25,24,1.7777777777777777,0.48412698412698413,0.6009252125773316,3.5
1826,19,25,25,1.7894736842105263,0.48958333333333337,0.4823763889427201,3.3684210526315788
1827,18,25,24,1.75,0.48177083333333337,0.39999999999999997,3.2
1828,19,25,25,1.7894736842105263,0.48958333333333337,0.4823763889427201,3.3684210526315788
1829,19,25,24,1.7894736842105263,0.48177083333333337,0.4823763889427201,3.3684210526315788
1830,18,27,23,1.75,0.4609375,0.39999999999999997,3.2
1831,19,26,24,1.7894736842105263,0.4765625,0.4823763889427201,3.3684210526315788
1832,19,30,22,1.7894736842105263,0.43229166666666663,0.4823763889427201,3.3684210526315788
1833,17,32,22,1.7142857142857142,0.41927083333333337,0.21295885499997994,3.0476190476190474
1834,19,24,25,1.7894736842105263,0.49739583333333337,0.48237638894272,3.3684210526315788
1835,18,29,24,1.75,0.453125,0.39999999999999997,3.2
1836,19,24,25,1.7894736842105263,0.49739583333333337,0.4823763889427201,3.3684210526315788
1837,17,33,19,1.7142857142857142,0.38802083333333337,0.21295885499997994,3.0476190476190474
1838,19,25,24,1.7894736842105263,0.48177083333333337,0.4823763889427201,3.3684210526315788
1839,18,21,28,1.75,0.5442708333333334,0.39999999999999997,3.2
1840,18,25,24,1.75,0.484375,0.39999999999999997,3.2
1841,19,24,25,1.7894736842105263,0.49739583333333337,0.4823763889427201,3.3684210526315788
1842,19,24,24,1.7894736842105263,0.4869791666666667,0.4823763889427201,3.3684210526315788
1843,19,26,24,1.736842105263158,0.4788359788359788,0.5668594533825794,3.3157894736842106
1844,19,27,25,1.7894736842105263,0.47656250000000006,0.4823763889427201,3.3684210526315788
1845,18,27,25,1.75,0.47916666666666663,0.39999999999999997,3.2
1846,19,25,24,1.7894736842105263,0.48177083333333337,0.4823763889427201,3.3684210526315788
1847,19,23,25,1.736842105263158,0.5052910052910053,0.5668594533825794,3.3157894736842106
1848,19,25,24,1.736842105263158,0.4814814814814815,0.5668594533825794,3.3157894736842106
1849,18,25,25,1.75,0.48958333333333337,0.39999999999999997,3.2
1850,19,28,23,1.7894736842105263,0.4557291666666667,0.4823763889427201,3.3684210526315788
1851,18,26,25,1.75,0.4869791666666667,0.39999999999999997,3.2
1852,20,24,24,1.7777777777777777,0.49206349206349204,0.6009252125773316,3.5
1853,18,29,23,1.75,0.4479166666666667,0.39999999999999997,3.2
1854,19,26,24,1.7894736842105263,0.4765625,0.4823763889427201,3.3684210526315788
1855,19,24,25,1.7894736842105263,0.49739583333333337,0.4823763889427201,3.3684210526315788
1856,20,31,23,1.7777777777777777,0.43121693121693117,0.6009252125773316,3.5
1857,18,23,25,1.75,0.5052083333333334,0.39999999999999997,3.2
1858,19,24,26,1.7894736842105263,0.5078125,0.4823763889427201,3.3684210526315788
1859,19,34,19,1.7894736842105263,0.3776041666666667,0.4823763889427201,3.3684210526315788
1860,19,24,25,1.7894736842105263,0.49739583333333337,0.4823763889427201,3.3684210526315788
1861,20,24,24,1.7777777777777777,0.4894179894179895,0.6009252125773316,3.5
1862,18,24,25,1.75,0.49739583333333337,0.39999999999999997,3.2
1863,19,24,25,1.7894736842105263,0.49739583333333337,0.4823763889427201,3.3684210526315788
1864,18,32,22,1.75,0.41666666666666663,0.39999999999999997,3.2
1865,19,25,25,1.7894736842105263,0.48958333333333337,0.4823763889427201,3.3684210526315788
1866,20,25,24,1.8333333333333333,0.48177083333333337,0.49690399499995325,3.5555555555555554
1867,19,26,24,1.7894736842105263,0.4765625,0.4823763889427201,3.3684210526315788
1868,19,22,25,1.736842105263158,0.5132275132275133,0.5668594533825794,3.3157894736842106
1869,20,24,24,1.7777777777777777,0.4894179894179895,0.6009252125773316,3.5
1870,19,33,21,1.7894736842105263,0.40104166666666663,0.4823763889427201,3.3684210526315788
1871,19,25,25,1.7894736842105263,0.48958333333333337,0.4823763889427201,3.3684210526315788
1872,19,24,25,1.7894736842105263,0.49739583333333337,0.4823763889427201,3.3684210526315788
1873,18,25,24,1.75,0.48177083333333337,0.39999999999999997,3.2
1874,18,24,25,1.75,0.49739583333333337,0.39999999999999997,3.2
1875,18,27,24,1.75,0.46875,0.39999999999999997,3.2
1876,18,25,24,1.75,0.48177083333333337,0.39999999999999997,3.2
1877,19,26,25,1.7894736842105263,0.48177083333333337,0.4823763889427201,3.3684210526315788
1878,18,24,25,1.75,0.49739583333333337,0.39999999999999997,3.2
1879,18,24,24,1.75,0.4869791666666667,0.39999999999999997,3.2
1880,19,25,24,1.7894736842105263,0.48177083333333337,0.4823763889427201,3.3684210526315788
1881,17,34,19,1.7142857142857142,0.3828125,0.21295885499997994,3.0476190476190474
1882,18,30,22,1.75,0.4296875,0.39999999999999997,3.2
1883,19,25,24,1.7894736842105263,0.48177083333333337,0.4823763889427201,3.3684210526315788
1884,19,24,25,1.7894736842105263,0.49739583333333337,0.4823763889427201,3.3684210526315788
1885,18,24,25,1.75,0.49739583333333337,0.39999999999999997,3.2
1886,18,25,24,1.75,0.48177083333333337,0.39999999999999997,3.2
1887,18,24,25,1.75,0.49739583333333337,0.39999999999999997,3.2
1888,19,22,26,1.7894736842105263,0.5182291666666666,0.4823763889427201,3.3684210526315788
1889,19,25,24,1.7894736842105263,0.48177083333333337,0.4823763889427201,3.3684210526315788
1890,18,26,25,1.75,0.484375,0.39999999999999997,3.2
1892,18,23,26,1.75,0.5130208333333334,0.39999999999999997,3.2
1893,18,23,26,1.75,0.5130208333333334,0.39999999999999997,3.2
1894,18,23,26,1.75,0.5130208333333334,0.39999999999999997,3.2
1895,18,23,26,1.75,0.5130208333333334,0.39999999999999997,3.2
1896,18,23,26,1.75,0.5130208333333334,0.39999999999999997,3.2
1897,18,23,26,1.75,0.5130208333333334,0.39999999999999997,3.2
1898,18,23,26,1.75,0.5130208333333334,0.39999999999999997,3.2
1899,18,23,26,1.75,0.5130208333333334,0.39999999999999997,3.2
1900,18,23,26,1.75,0.5130208333333334,0.39999999999999997,3.2
1901,18,23,26,1.75,0.5130208333333334,0.39999999999999997,3.2
