Episode,Desafios_sin_equipo,Estudiantes_fuera_preferencias,Estudiantes_primera_prioridad,Promedio_carreras_por_equipo,Satisfaccion_promedio,STD_tamano_equipos,Tamano_promedio_equipo
2,18,61,0,1.75,0.018229166666666664,0.39999999999999997,3.2
3,18,61,2,1.75,0.0390625,0.39999999999999997,3.2
4,18,59,3,1.75,0.05989583333333333,0.39999999999999997,3.2
5,19,64,0,1.7894736842105263,0.0,0.4823763889427201,3.3684210526315788
6,18,59,1,1.75,0.041666666666666664,0.39999999999999997,3.2
7,19,55,5,1.7894736842105263,0.10416666666666666,0.4823763889427201,3.3684210526315788
8,18,59,2,1.75,0.052083333333333336,0.39999999999999997,3.2
9,18,60,2,1.75,0.041666666666666664,0.39999999999999997,3.2
10,17,57,4,1.7142857142857142,0.08072916666666666,0.21295885499997994,3.0476190476190474
11,18,61,1,1.75,0.028645833333333332,0.39999999999999997,3.2
12,19,60,1,1.7894736842105263,0.036458333333333336,0.48237638894272,3.3684210526315788
13,18,62,0,1.75,0.013020833333333332,0.39999999999999997,3.2
14,18,59,3,1.75,0.05989583333333333,0.39999999999999997,3.2
15,19,61,2,1.7894736842105263,0.0390625,0.48237638894272,3.3684210526315788
16,18,60,1,1.75,0.036458333333333336,0.39999999999999997,3.2
17,17,59,2,1.7142857142857142,0.05208333333333333,0.21295885499997994,3.0476190476190474
18,18,59,3,1.75,0.057291666666666664,0.39999999999999997,3.2
19,19,58,2,1.7894736842105263,0.057291666666666664,0.4823763889427201,3.3684210526315788
20,17,58,3,1.6666666666666667,0.06510416666666666,0.21295885499997994,3.0476190476190474
21,18,60,1,1.75,0.03645833333333333,0.39999999999999997,3.2
22,20,54,1,1.8333333333333333,0.06770833333333333,0.49690399499995325,3.5555555555555554
23,18,54,2,1.75,0.08333333333333333,0.39999999999999997,3.2
24,17,61,2,1.7142857142857142,0.03645833333333333,0.21295885499997994,3.0476190476190474
25,18,59,1,1.75,0.046875,0.39999999999999997,3.2
26,17,55,3,1.7142857142857142,0.08593749999999999,0.21295885499997994,3.0476190476190474
27,18,57,2,1.75,0.06510416666666666,0.39999999999999997,3.2
28,19,57,1,1.7894736842105263,0.049479166666666664,0.4823763889427201,3.3684210526315788
29,18,62,0,1.75,0.013020833333333332,0.39999999999999997,3.2
30,17,55,4,1.7142857142857142,0.09114583333333334,0.21295885499997994,3.0476190476190474
31,17,59,1,1.6666666666666667,0.041666666666666664,0.21295885499997994,3.0476190476190474
32,18,60,0,1.75,0.023437499999999997,0.39999999999999997,3.2
33,17,59,1,1.7142857142857142,0.04427083333333333,0.21295885499997994,3.0476190476190474
34,18,58,2,1.75,0.057291666666666664,0.39999999999999997,3.2
35,18,61,1,1.75,0.03125,0.39999999999999997,3.2
36,18,58,1,1.75,0.04427083333333333,0.39999999999999997,3.2
37,18,61,1,1.75,0.03125,0.39999999999999997,3.2
38,19,60,1,1.7894736842105263,0.03645833333333333,0.4823763889427201,3.3684210526315788
39,19,57,3,1.7894736842105263,0.0703125,0.4823763889427201,3.3684210526315788
40,18,62,1,1.75,0.020833333333333332,0.39999999999999997,3.2
41,18,61,0,1.75,0.015625,0.39999999999999997,3.2
42,17,59,3,1.7142857142857142,0.05989583333333333,0.21295885499997994,3.0476190476190474
43,18,60,2,1.75,0.041666666666666664,0.39999999999999997,3.2
44,18,59,3,1.75,0.05989583333333333,0.39999999999999997,3.2
45,17,59,1,1.7142857142857142,0.04427083333333333,0.21295885499997994,3.0476190476190474
46,19,59,1,1.7894736842105263,0.04427083333333333,0.4823763889427201,3.3684210526315788
47,18,58,6,1.75,0.09375,0.39999999999999997,3.2
48,18,60,2,1.7,0.046875,0.39999999999999997,3.2
49,18,57,3,1.7,0.06613756613756613,0.47696960070847283,3.15
50,18,61,1,1.75,0.028645833333333332,0.39999999999999997,3.2
51,17,61,1,1.7142857142857142,0.028645833333333332,0.21295885499997994,3.0476190476190474
52,18,59,1,1.75,0.041666666666666664,0.39999999999999997,3.2
53,17,62,0,1.7142857142857142,0.010416666666666666,0.21295885499997994,3.0476190476190474
54,18,64,0,1.75,0.0,0.39999999999999997,3.2
55,17,61,1,1.7142857142857142,0.026041666666666664,0.21295885499997994,3.0476190476190474
56,18,61,2,1.75,0.0390625,0.39999999999999997,3.2
57,17,58,4,1.7142857142857142,0.07552083333333334,0.21295885499997994,3.0476190476190474
58,18,60,2,1.75,0.046875,0.39999999999999997,3.2
59,17,60,1,1.7142857142857142,0.03645833333333333,0.21295885499997994,3.0476190476190474
60,17,56,2,1.6666666666666667,0.06349206349206349,0.3086066999241838,3.0
61,18,55,5,1.7,0.10677083333333333,0.39999999999999997,3.2
62,17,60,0,1.7142857142857142,0.028645833333333332,0.21295885499997994,3.0476190476190474
63,17,59,1,1.7142857142857142,0.03645833333333333,0.21295885499997994,3.0476190476190474
64,18,59,2,1.7,0.047619047619047616,0.47696960070847283,3.15
65,18,62,1,1.75,0.0234375,0.39999999999999997,3.2
66,17,54,6,1.7142857142857142,0.11458333333333333,0.21295885499997994,3.0476190476190474
67,18,60,1,1.75,0.033854166666666664,0.39999999999999997,3.2
68,17,59,1,1.6666666666666667,0.041666666666666664,0.21295885499997994,3.0476190476190474
69,17,58,1,1.7142857142857142,0.046875,0.21295885499997994,3.0476190476190474
70,18,57,4,1.7,0.0859375,0.39999999999999997,3.2
71,19,58,2,1.7894736842105263,0.052083333333333336,0.4823763889427201,3.3684210526315788
72,18,56,4,1.75,0.09114583333333333,0.39999999999999997,3.2
73,20,55,2,1.8333333333333333,0.0703125,0.49690399499995325,3.5555555555555554
74,17,54,1,1.7142857142857142,0.07552083333333333,0.21295885499997994,3.0476190476190474
75,17,61,1,1.7142857142857142,0.028645833333333332,0.21295885499997994,3.0476190476190474
76,17,60,1,1.7142857142857142,0.0390625,0.21295885499997994,3.0476190476190474
77,17,62,1,1.7142857142857142,0.0234375,0.21295885499997994,3.0476190476190474
78,18,60,2,1.75,0.04427083333333333,0.39999999999999997,3.2
79,18,60,3,1.75,0.0546875,0.39999999999999997,3.2
80,17,57,2,1.6666666666666667,0.0625,0.21295885499997994,3.0476190476190474
81,18,63,0,1.75,0.005208333333333333,0.39999999999999997,3.2
82,18,60,1,1.75,0.03645833333333333,0.39999999999999997,3.2
83,18,58,2,1.75,0.057291666666666664,0.39999999999999997,3.2
84,18,58,2,1.7,0.05291005291005291,0.47696960070847283,3.15
85,19,60,2,1.7894736842105263,0.044270833333333336,0.4823763889427201,3.3684210526315788
86,18,60,0,1.75,0.03125,0.39999999999999997,3.2
87,17,58,4,1.7142857142857142,0.07552083333333333,0.21295885499997994,3.0476190476190474
88,18,61,2,1.7,0.031746031746031744,0.47696960070847283,3.15
89,17,55,5,1.7142857142857142,0.109375,0.21295885499997996,3.0476190476190474
90,18,57,4,1.75,0.078125,0.39999999999999997,3.2
91,18,59,2,1.75,0.05208333333333333,0.39999999999999997,3.2
92,17,59,1,1.7142857142857142,0.044270833333333336,0.21295885499997994,3.0476190476190474
93,17,58,4,1.7142857142857142,0.07552083333333333,0.21295885499997994,3.0476190476190474
94,18,58,2,1.75,0.0546875,0.39999999999999997,3.2
95,18,57,4,1.75,0.08072916666666666,0.39999999999999997,3.2
96,18,56,4,1.75,0.09114583333333333,0.39999999999999997,3.2
97,20,61,1,1.8333333333333333,0.03125,0.49690399499995325,3.5555555555555554
98,17,62,1,1.7142857142857142,0.0234375,0.21295885499997994,3.0476190476190474
99,18,62,0,1.75,0.010416666666666666,0.39999999999999997,3.2
100,19,58,4,1.7894736842105263,0.07552083333333334,0.4823763889427201,3.3684210526315788
101,18,54,3,1.75,0.09114583333333333,0.39999999999999997,3.2
102,18,59,3,1.75,0.0625,0.39999999999999997,3.2
103,18,58,3,1.75,0.0625,0.39999999999999997,3.2
104,18,62,1,1.75,0.0234375,0.39999999999999997,3.2
105,19,60,3,1.7894736842105263,0.0546875,0.4823763889427201,3.3684210526315788
106,18,58,2,1.75,0.0546875,0.39999999999999997,3.2
107,18,57,6,1.75,0.09895833333333333,0.39999999999999997,3.2
108,19,58,4,1.7894736842105263,0.078125,0.4823763889427201,3.3684210526315788
109,18,63,0,1.75,0.0078125,0.39999999999999997,3.2
110,18,61,1,1.75,0.028645833333333332,0.39999999999999997,3.2
111,18,60,2,1.75,0.041666666666666664,0.39999999999999997,3.2
112,17,57,1,1.7142857142857142,0.04947916666666666,0.21295885499997994,3.0476190476190474
113,18,59,3,1.75,0.059895833333333336,0.39999999999999997,3.2
114,18,59,1,1.7,0.0390625,0.39999999999999997,3.2
115,18,63,1,1.75,0.015625,0.39999999999999997,3.2
116,18,57,5,1.75,0.09114583333333333,0.39999999999999997,3.2
117,19,59,1,1.7894736842105263,0.04427083333333333,0.4823763889427201,3.3684210526315788
118,18,58,2,1.75,0.05468749999999999,0.39999999999999997,3.2
119,18,58,4,1.75,0.07552083333333333,0.39999999999999997,3.2
120,18,57,2,1.75,0.0625,0.39999999999999997,3.2
121,18,59,1,1.75,0.0390625,0.39999999999999997,3.2
122,18,59,2,1.75,0.049479166666666664,0.39999999999999997,3.2
123,18,63,0,1.75,0.0078125,0.39999999999999997,3.2
124,18,57,2,1.75,0.06510416666666666,0.39999999999999997,3.2
125,18,59,2,1.75,0.05208333333333333,0.39999999999999997,3.2
126,19,60,3,1.7894736842105263,0.05208333333333333,0.4823763889427201,3.3684210526315788
127,18,60,1,1.75,0.033854166666666664,0.39999999999999997,3.2
128,17,57,4,1.7142857142857142,0.078125,0.21295885499997994,3.0476190476190474
129,18,60,0,1.75,0.028645833333333332,0.39999999999999997,3.2
130,18,53,6,1.75,0.12760416666666669,0.39999999999999997,3.2
131,18,56,1,1.75,0.05729166666666666,0.39999999999999997,3.2
132,19,62,0,1.7894736842105263,0.015625,0.4823763889427201,3.3684210526315788
133,18,54,3,1.75,0.09635416666666666,0.39999999999999997,3.2
134,17,56,4,1.7142857142857142,0.0859375,0.21295885499997994,3.0476190476190474
135,18,58,1,1.75,0.04427083333333333,0.39999999999999997,3.2
136,18,56,4,1.75,0.08854166666666666,0.39999999999999997,3.2
137,18,62,1,1.75,0.020833333333333332,0.39999999999999997,3.2
138,18,60,1,1.75,0.0390625,0.39999999999999997,3.2
139,19,61,2,1.7894736842105263,0.03645833333333333,0.4823763889427201,3.3684210526315788
140,17,58,6,1.7142857142857142,0.09375,0.21295885499997994,3.0476190476190474
141,18,59,1,1.7,0.04427083333333333,0.39999999999999997,3.2
142,19,58,5,1.7894736842105263,0.0859375,0.4823763889427201,3.3684210526315788
143,19,59,0,1.7894736842105263,0.03645833333333333,0.4823763889427201,3.3684210526315788
144,19,61,0,1.7894736842105263,0.0234375,0.4823763889427201,3.3684210526315788
145,18,57,1,1.75,0.05989583333333333,0.39999999999999997,3.2
146,18,60,2,1.75,0.04427083333333333,0.39999999999999997,3.2
147,17,62,1,1.7142857142857142,0.020833333333333332,0.21295885499997994,3.0476190476190474
148,17,55,7,1.7142857142857142,0.11979166666666666,0.21295885499997994,3.0476190476190474
149,18,61,1,1.75,0.028645833333333332,0.39999999999999997,3.2
150,17,57,0,1.7142857142857142,0.041666666666666664,0.21295885499997994,3.0476190476190474
151,18,58,1,1.75,0.05208333333333333,0.39999999999999997,3.2
152,17,58,5,1.7142857142857142,0.0859375,0.21295885499997994,3.0476190476190474
153,17,60,0,1.7142857142857142,0.026041666666666664,0.21295885499997994,3.0476190476190474
154,18,62,1,1.75,0.0234375,0.39999999999999997,3.2
155,19,58,0,1.7894736842105263,0.03645833333333333,0.4823763889427201,3.3684210526315788
156,17,58,2,1.7142857142857142,0.0625,0.21295885499997994,3.0476190476190474
157,17,57,2,1.6666666666666667,0.06510416666666666,0.21295885499997994,3.0476190476190474
158,17,54,4,1.7142857142857142,0.09895833333333334,0.21295885499997994,3.0476190476190474
159,17,55,5,1.7142857142857142,0.10416666666666666,0.21295885499997994,3.0476190476190474
160,18,60,0,1.75,0.026041666666666664,0.39999999999999997,3.2
161,18,60,2,1.75,0.046875,0.39999999999999997,3.2
162,19,57,1,1.7894736842105263,0.0546875,0.4823763889427201,3.3684210526315788
163,19,58,4,1.7894736842105263,0.07552083333333333,0.4823763889427201,3.3684210526315788
164,17,55,2,1.7142857142857142,0.07552083333333333,0.21295885499997994,3.0476190476190474
165,18,58,2,1.75,0.0546875,0.39999999999999997,3.2
166,18,58,1,1.75,0.046875,0.39999999999999997,3.2
167,17,57,2,1.7142857142857142,0.0625,0.21295885499997994,3.0476190476190474
168,18,54,2,1.75,0.07552083333333333,0.39999999999999997,3.2
169,18,55,3,1.75,0.08854166666666666,0.39999999999999997,3.2
170,19,59,1,1.736842105263158,0.04166666666666667,0.4823763889427201,3.3684210526315788
171,18,53,3,1.75,0.09895833333333331,0.39999999999999997,3.2
172,17,58,1,1.7142857142857142,0.049479166666666664,0.21295885499997994,3.0476190476190474
173,17,59,4,1.7142857142857142,0.0703125,0.21295885499997994,3.0476190476190474
174,18,60,3,1.75,0.05208333333333333,0.39999999999999997,3.2
175,18,56,4,1.7,0.08333333333333333,0.39999999999999997,3.2
176,18,60,0,1.65,0.026041666666666664,0.39999999999999997,3.2
177,17,60,2,1.7142857142857142,0.046875,0.21295885499997994,3.0476190476190474
178,18,58,1,1.75,0.04947916666666666,0.39999999999999997,3.2
179,17,55,1,1.7142857142857142,0.0703125,0.21295885499997994,3.0476190476190474
180,18,58,1,1.75,0.049479166666666664,0.39999999999999997,3.2
181,19,57,3,1.7894736842105263,0.07291666666666666,0.4823763889427201,3.3684210526315788
182,19,57,3,1.7894736842105263,0.0703125,0.4823763889427201,3.3684210526315788
183,19,56,5,1.7894736842105263,0.09895833333333333,0.4823763889427201,3.3684210526315788
184,18,59,2,1.75,0.049479166666666664,0.39999999999999997,3.2
185,18,61,1,1.75,0.03125,0.39999999999999997,3.2
186,19,56,3,1.7894736842105263,0.08072916666666666,0.4823763889427201,3.3684210526315788
187,17,60,3,1.7142857142857142,0.0546875,0.21295885499997994,3.0476190476190474
188,17,59,3,1.7142857142857142,0.05989583333333333,0.21295885499997994,3.0476190476190474
189,17,57,2,1.7142857142857142,0.05989583333333333,0.21295885499997994,3.0476190476190474
190,17,54,5,1.7142857142857142,0.10677083333333331,0.21295885499997996,3.0476190476190474
191,18,59,1,1.75,0.041666666666666664,0.39999999999999997,3.2
192,18,58,3,1.75,0.06510416666666666,0.39999999999999997,3.2
193,18,58,1,1.75,0.046875,0.39999999999999997,3.2
194,18,53,4,1.75,0.11197916666666666,0.39999999999999997,3.2
195,18,59,4,1.75,0.0703125,0.39999999999999997,3.2
196,17,58,3,1.7142857142857142,0.06770833333333333,0.21295885499997994,3.0476190476190474
197,17,53,4,1.6666666666666667,0.10677083333333333,0.21295885499997994,3.0476190476190474
198,18,58,2,1.75,0.05989583333333333,0.39999999999999997,3.2
199,18,60,1,1.75,0.03645833333333333,0.39999999999999997,3.2
200,18,57,4,1.75,0.08333333333333333,0.39999999999999997,3.2
201,18,58,4,1.75,0.07552083333333334,0.39999999999999997,3.2
202,18,60,0,1.7,0.0234375,0.39999999999999997,3.2
203,18,57,3,1.75,0.07552083333333333,0.39999999999999997,3.2
204,18,56,2,1.75,0.0703125,0.39999999999999997,3.2
205,18,59,4,1.7,0.06349206349206349,0.47696960070847283,3.15
206,18,56,4,1.75,0.0859375,0.39999999999999997,3.2
207,18,57,5,1.75,0.09114583333333333,0.39999999999999997,3.2
208,20,55,2,1.8333333333333333,0.08333333333333333,0.49690399499995325,3.5555555555555554
209,17,55,4,1.7142857142857142,0.09635416666666666,0.21295885499997994,3.0476190476190474
210,18,55,3,1.75,0.08333333333333333,0.39999999999999997,3.2
211,18,57,3,1.75,0.07291666666666666,0.39999999999999997,3.2
212,18,59,2,1.75,0.0546875,0.39999999999999997,3.2
213,17,61,0,1.7142857142857142,0.018229166666666664,0.21295885499997996,3.0476190476190474
214,18,57,3,1.75,0.07291666666666666,0.39999999999999997,3.2
215,19,64,0,1.7894736842105263,0.0,0.4823763889427201,3.3684210526315788
216,18,56,4,1.75,0.0859375,0.39999999999999997,3.2
217,19,56,3,1.7894736842105263,0.078125,0.4823763889427201,3.3684210526315788
218,17,54,5,1.7142857142857142,0.10677083333333331,0.21295885499997994,3.0476190476190474
219,19,60,2,1.7894736842105263,0.046875,0.4823763889427201,3.3684210526315788
220,19,59,3,1.7894736842105263,0.0625,0.4823763889427201,3.3684210526315788
221,19,54,2,1.7894736842105263,0.08593749999999999,0.4823763889427201,3.3684210526315788
222,18,55,5,1.75,0.109375,0.39999999999999997,3.2
223,18,59,1,1.75,0.0390625,0.39999999999999997,3.2
224,18,57,1,1.75,0.05208333333333333,0.39999999999999997,3.2
225,18,57,3,1.75,0.07291666666666666,0.39999999999999997,3.2
226,18,60,1,1.75,0.03645833333333333,0.39999999999999997,3.2
227,18,58,2,1.75,0.0546875,0.39999999999999997,3.2
228,18,60,1,1.75,0.03125,0.39999999999999997,3.2
229,17,54,2,1.7142857142857142,0.08072916666666666,0.21295885499997994,3.0476190476190474
230,18,59,2,1.75,0.05208333333333333,0.39999999999999997,3.2
231,18,54,7,1.75,0.13020833333333331,0.39999999999999997,3.2
232,18,57,0,1.75,0.046875,0.39999999999999997,3.2
233,19,58,2,1.7894736842105263,0.0546875,0.4823763889427201,3.3684210526315788
234,17,57,2,1.7142857142857142,0.06770833333333333,0.21295885499997994,3.0476190476190474
235,18,53,2,1.75,0.08854166666666666,0.39999999999999997,3.2
236,18,56,5,1.75,0.09895833333333334,0.39999999999999997,3.2
237,18,56,4,1.75,0.0859375,0.39999999999999997,3.2
238,18,57,4,1.75,0.08072916666666666,0.39999999999999997,3.2
239,18,61,1,1.75,0.028645833333333332,0.39999999999999997,3.2
240,18,58,1,1.75,0.046875,0.39999999999999997,3.2
241,19,59,2,1.7894736842105263,0.05208333333333333,0.4823763889427201,3.3684210526315788
242,18,58,1,1.75,0.0546875,0.39999999999999997,3.2
243,18,61,2,1.75,0.0390625,0.39999999999999997,3.2
244,17,59,2,1.7142857142857142,0.05208333333333333,0.21295885499997994,3.0476190476190474
245,18,52,9,1.75,0.15885416666666669,0.39999999999999997,3.2
246,17,55,2,1.7142857142857142,0.07552083333333333,0.21295885499997994,3.0476190476190474
247,20,57,3,1.8333333333333333,0.07291666666666666,0.49690399499995325,3.5555555555555554
248,18,56,3,1.75,0.0859375,0.39999999999999997,3.2
249,17,55,3,1.7142857142857142,0.08333333333333333,0.21295885499997994,3.0476190476190474
250,18,52,7,1.75,0.140625,0.39999999999999997,3.2
251,18,55,3,1.7,0.09114583333333333,0.39999999999999997,3.2
252,20,57,1,1.8333333333333333,0.05989583333333333,0.49690399499995325,3.5555555555555554
253,17,57,3,1.7142857142857142,0.07552083333333333,0.21295885499997994,3.0476190476190474
254,17,56,3,1.7142857142857142,0.08072916666666666,0.21295885499997994,3.0476190476190474
255,18,55,5,1.75,0.10677083333333334,0.39999999999999997,3.2
256,17,53,5,1.7142857142857142,0.1171875,0.21295885499997994,3.0476190476190474
257,18,54,4,1.75,0.09895833333333333,0.39999999999999997,3.2
258,18,59,0,1.75,0.033854166666666664,0.39999999999999997,3.2
259,17,58,2,1.7142857142857142,0.05989583333333333,0.21295885499997994,3.0476190476190474
260,20,57,3,1.8333333333333333,0.0703125,0.49690399499995325,3.5555555555555554
261,18,53,3,1.75,0.09895833333333333,0.39999999999999997,3.2
262,18,58,1,1.75,0.049479166666666664,0.39999999999999997,3.2
263,18,53,5,1.75,0.11458333333333331,0.39999999999999997,3.2
264,18,58,4,1.75,0.078125,0.39999999999999997,3.2
265,18,58,4,1.75,0.07552083333333334,0.39999999999999997,3.2
266,18,57,3,1.75,0.07552083333333333,0.39999999999999997,3.2
267,17,58,2,1.7142857142857142,0.05729166666666666,0.21295885499997994,3.0476190476190474
268,18,56,4,1.75,0.09114583333333333,0.39999999999999997,3.2
269,18,58,2,1.75,0.0546875,0.39999999999999997,3.2
270,17,53,5,1.7142857142857142,0.11458333333333331,0.21295885499997994,3.0476190476190474
271,18,53,6,1.75,0.125,0.39999999999999997,3.2
272,19,56,3,1.7894736842105263,0.08072916666666666,0.48237638894272,3.3684210526315788
273,18,57,5,1.7,0.09114583333333333,0.39999999999999997,3.2
274,17,61,0,1.7142857142857142,0.020833333333333332,0.21295885499997994,3.0476190476190474
275,18,55,3,1.75,0.0859375,0.39999999999999997,3.2
276,18,59,1,1.75,0.044270833333333336,0.39999999999999997,3.2
277,18,62,0,1.75,0.015625,0.39999999999999997,3.2
278,18,55,4,1.75,0.09114583333333333,0.39999999999999997,3.2
279,17,57,5,1.7142857142857142,0.09114583333333333,0.21295885499997994,3.0476190476190474
280,18,58,1,1.75,0.04947916666666666,0.39999999999999997,3.2
281,18,57,0,1.75,0.04166666666666666,0.39999999999999997,3.2
282,17,56,4,1.7142857142857142,0.09114583333333334,0.21295885499997994,3.0476190476190474
283,17,60,1,1.7142857142857142,0.03645833333333333,0.21295885499997994,3.0476190476190474
284,19,54,3,1.7894736842105263,0.09375,0.4823763889427201,3.3684210526315788
285,17,53,2,1.7142857142857142,0.08854166666666666,0.21295885499997994,3.0476190476190474
286,17,57,2,1.7142857142857142,0.06510416666666667,0.21295885499997994,3.0476190476190474
287,19,55,3,1.7894736842105263,0.08333333333333333,0.4823763889427201,3.3684210526315788
288,18,60,1,1.75,0.03645833333333333,0.39999999999999997,3.2
289,18,53,4,1.75,0.1171875,0.39999999999999997,3.2
290,19,54,3,1.7894736842105263,0.09375,0.4823763889427201,3.3684210526315788
291,18,56,2,1.75,0.06770833333333333,0.39999999999999997,3.2
292,17,51,3,1.7142857142857142,0.1171875,0.21295885499997994,3.0476190476190474
293,17,56,5,1.6666666666666667,0.09635416666666666,0.21295885499997994,3.0476190476190474
294,19,60,0,1.7894736842105263,0.03125,0.4823763889427201,3.3684210526315788
295,18,52,3,1.75,0.109375,0.39999999999999997,3.2
296,18,52,2,1.75,0.10416666666666666,0.39999999999999997,3.2
297,19,56,5,1.7894736842105263,0.1015625,0.4823763889427201,3.3684210526315788
298,18,58,1,1.75,0.04427083333333333,0.39999999999999997,3.2
299,18,56,4,1.75,0.08333333333333333,0.39999999999999997,3.2
300,18,57,3,1.75,0.06770833333333333,0.39999999999999997,3.2
301,18,60,0,1.75,0.0234375,0.39999999999999997,3.2
302,18,48,8,1.75,0.1796875,0.39999999999999997,3.2
303,19,51,5,1.7894736842105263,0.12760416666666666,0.4823763889427201,3.3684210526315788
304,17,55,5,1.7142857142857142,0.10416666666666666,0.21295885499997994,3.0476190476190474
305,17,56,5,1.7142857142857142,0.1015625,0.21295885499997994,3.0476190476190474
306,18,57,1,1.75,0.0546875,0.39999999999999997,3.2
307,18,57,2,1.75,0.0625,0.39999999999999997,3.2
308,18,51,5,1.75,0.13541666666666669,0.39999999999999997,3.2
309,17,55,2,1.7142857142857142,0.07812499999999999,0.21295885499997994,3.0476190476190474
310,17,53,3,1.7142857142857142,0.10416666666666666,0.21295885499997994,3.0476190476190474
311,17,56,2,1.7142857142857142,0.07291666666666666,0.21295885499997994,3.0476190476190474
312,17,58,3,1.7142857142857142,0.0703125,0.21295885499997994,3.0476190476190474
313,17,59,5,1.7142857142857142,0.078125,0.21295885499997994,3.0476190476190474
314,18,52,4,1.75,0.11458333333333333,0.39999999999999997,3.2
315,17,56,4,1.7142857142857142,0.09114583333333333,0.21295885499997994,3.0476190476190474
316,18,51,8,1.75,0.15885416666666666,0.39999999999999997,3.2
317,18,51,9,1.75,0.16666666666666666,0.39999999999999997,3.2
318,17,56,3,1.7142857142857142,0.08333333333333333,0.21295885499997994,3.0476190476190474
319,17,51,5,1.7142857142857142,0.12760416666666666,0.21295885499997994,3.0476190476190474
320,18,53,5,1.75,0.11197916666666666,0.39999999999999997,3.2
321,18,54,5,1.75,0.109375,0.39999999999999997,3.2
322,17,55,1,1.7142857142857142,0.06510416666666666,0.21295885499997994,3.0476190476190474
323,17,58,1,1.6666666666666667,0.046875,0.21295885499997994,3.0476190476190474
324,18,55,5,1.75,0.10416666666666666,0.39999999999999997,3.2
325,17,57,5,1.7142857142857142,0.08854166666666666,0.21295885499997994,3.0476190476190474
326,18,51,5,1.75,0.13020833333333331,0.39999999999999997,3.2
327,17,55,5,1.6666666666666667,0.10677083333333333,0.21295885499997994,3.0476190476190474
328,18,52,3,1.75,0.10677083333333331,0.39999999999999997,3.2
329,18,56,4,1.75,0.08854166666666666,0.39999999999999997,3.2
330,18,57,3,1.75,0.0703125,0.39999999999999997,3.2
331,17,57,3,1.7142857142857142,0.07291666666666666,0.21295885499997994,3.0476190476190474
332,17,54,5,1.7142857142857142,0.11458333333333333,0.21295885499997994,3.0476190476190474
333,18,55,6,1.75,0.11197916666666666,0.39999999999999997,3.2
334,19,60,0,1.7894736842105263,0.023437499999999997,0.4823763889427201,3.3684210526315788
335,18,57,5,1.75,0.09114583333333333,0.39999999999999997,3.2
336,17,58,2,1.7142857142857142,0.057291666666666664,0.21295885499997996,3.0476190476190474
337,19,63,0,1.7894736842105263,0.005208333333333333,0.4823763889427201,3.3684210526315788
338,17,54,6,1.7142857142857142,0.11979166666666666,0.21295885499997994,3.0476190476190474
339,18,59,2,1.75,0.049479166666666664,0.39999999999999997,3.2
340,18,55,3,1.75,0.0859375,0.39999999999999997,3.2
341,18,57,2,1.75,0.06510416666666666,0.39999999999999997,3.2
342,18,59,3,1.75,0.0625,0.39999999999999997,3.2
343,18,60,2,1.75,0.04427083333333333,0.39999999999999997,3.2
344,17,56,2,1.7142857142857142,0.06510416666666666,0.21295885499997994,3.0476190476190474
345,18,57,4,1.75,0.08333333333333333,0.39999999999999997,3.2
346,19,54,4,1.7894736842105263,0.10156249999999999,0.4823763889427201,3.3684210526315788
347,18,59,0,1.75,0.033854166666666664,0.39999999999999997,3.2
348,18,54,3,1.75,0.09375,0.39999999999999997,3.2
349,19,56,4,1.7894736842105263,0.09114583333333334,0.4823763889427201,3.3684210526315788
350,19,52,7,1.736842105263158,0.14583333333333331,0.4823763889427201,3.3684210526315788
351,19,59,5,1.7894736842105263,0.078125,0.4823763889427201,3.3684210526315788
352,17,56,4,1.6666666666666667,0.09114583333333333,0.21295885499997994,3.0476190476190474
353,18,52,5,1.75,0.12239583333333333,0.39999999999999997,3.2
354,18,56,3,1.75,0.08072916666666666,0.39999999999999997,3.2
355,18,53,3,1.75,0.09635416666666666,0.39999999999999997,3.2
356,18,57,4,1.75,0.08333333333333333,0.39999999999999997,3.2
357,18,57,2,1.75,0.06770833333333333,0.39999999999999997,3.2
358,18,57,2,1.75,0.0625,0.39999999999999997,3.2
359,19,54,5,1.7894736842105263,0.11197916666666666,0.4823763889427201,3.3684210526315788
360,17,54,3,1.7142857142857142,0.08854166666666666,0.21295885499997994,3.0476190476190474
361,18,49,7,1.75,0.15625,0.39999999999999997,3.2
362,19,53,5,1.7894736842105263,0.12239583333333333,0.4823763889427201,3.3684210526315788
363,19,51,4,1.7894736842105263,0.12239583333333333,0.48237638894272,3.3684210526315788
364,17,51,9,1.7142857142857142,0.16145833333333331,0.21295885499997994,3.0476190476190474
365,19,60,1,1.7894736842105263,0.031249999999999997,0.4823763889427201,3.3684210526315788
366,17,59,3,1.7142857142857142,0.05989583333333333,0.21295885499997994,3.0476190476190474
367,19,54,6,1.7894736842105263,0.1171875,0.4823763889427201,3.3684210526315788
368,19,57,2,1.736842105263158,0.0625,0.4823763889427201,3.3684210526315788
369,17,55,6,1.7142857142857142,0.11197916666666667,0.21295885499997994,3.0476190476190474
370,18,59,1,1.75,0.04427083333333333,0.39999999999999997,3.2
371,18,56,3,1.75,0.08333333333333333,0.39999999999999997,3.2
372,19,52,3,1.7894736842105263,0.10416666666666666,0.4823763889427201,3.3684210526315788
373,18,49,5,1.75,0.140625,0.39999999999999997,3.2
374,18,50,7,1.75,0.15104166666666669,0.39999999999999997,3.2
375,19,56,4,1.7894736842105263,0.0859375,0.48237638894272,3.3684210526315788
376,18,55,4,1.75,0.09374999999999999,0.39999999999999997,3.2
377,18,51,6,1.75,0.14322916666666666,0.39999999999999997,3.2
378,19,55,6,1.7894736842105263,0.11458333333333333,0.4823763889427201,3.3684210526315788
379,17,50,6,1.6666666666666667,0.15625,0.21295885499997994,3.0476190476190474
380,18,56,4,1.7,0.08854166666666666,0.39999999999999997,3.2
381,18,56,5,1.75,0.09635416666666666,0.39999999999999997,3.2
382,17,51,4,1.7142857142857142,0.125,0.21295885499997994,3.0476190476190474
383,18,56,2,1.7,0.06613756613756613,0.47696960070847283,3.15
384,18,56,4,1.75,0.08854166666666666,0.39999999999999997,3.2
385,19,55,4,1.7894736842105263,0.09375,0.4823763889427201,3.3684210526315788
386,17,58,3,1.7142857142857142,0.06510416666666667,0.21295885499997994,3.0476190476190474
387,17,52,7,1.7142857142857142,0.13541666666666666,0.21295885499997994,3.0476190476190474
388,19,50,11,1.7894736842105263,0.19270833333333331,0.4823763889427201,3.3684210526315788
389,18,54,4,1.75,0.10416666666666666,0.39999999999999997,3.2
390,19,54,4,1.7894736842105263,0.10416666666666666,0.4823763889427201,3.3684210526315788
391,18,53,1,1.75,0.078125,0.39999999999999997,3.2
392,18,56,5,1.75,0.09375,0.39999999999999997,3.2
393,19,51,8,1.736842105263158,0.15885416666666666,0.4823763889427201,3.3684210526315788
394,18,55,3,1.75,0.08854166666666666,0.39999999999999997,3.2
395,18,51,8,1.7,0.16145833333333331,0.39999999999999997,3.2
396,17,55,4,1.7142857142857142,0.09635416666666666,0.21295885499997994,3.0476190476190474
397,18,51,6,1.7,0.14322916666666666,0.39999999999999997,3.2
398,18,54,5,1.75,0.109375,0.39999999999999997,3.2
399,18,51,8,1.75,0.15625,0.39999999999999997,3.2
400,18,52,4,1.75,0.11979166666666666,0.39999999999999997,3.2
401,19,52,6,1.7894736842105263,0.12760416666666666,0.4823763889427201,3.3684210526315788
402,19,50,8,1.7894736842105263,0.16666666666666666,0.4823763889427201,3.3684210526315788
403,18,56,3,1.75,0.07552083333333333,0.39999999999999997,3.2
404,17,55,2,1.7142857142857142,0.07552083333333334,0.21295885499997994,3.0476190476190474
405,18,52,4,1.7,0.10846560846560846,0.47696960070847283,3.15
406,19,48,6,1.7894736842105263,0.15625,0.4823763889427201,3.3684210526315788
407,18,51,4,1.75,0.1328125,0.39999999999999997,3.2
408,17,54,2,1.7142857142857142,0.08333333333333333,0.21295885499997994,3.0476190476190474
409,19,54,5,1.7894736842105263,0.1171875,0.4823763889427201,3.3684210526315788
410,19,53,3,1.7894736842105263,0.09895833333333333,0.4823763889427201,3.3684210526315788
411,19,53,6,1.736842105263158,0.12760416666666666,0.4823763889427201,3.3684210526315788
412,18,55,2,1.75,0.06770833333333333,0.39999999999999997,3.2
413,18,54,6,1.75,0.11979166666666666,0.39999999999999997,3.2
414,18,57,2,1.7,0.06770833333333333,0.39999999999999997,3.2
415,18,56,1,1.75,0.0625,0.39999999999999997,3.2
416,18,54,4,1.75,0.1015625,0.39999999999999997,3.2
417,18,54,6,1.75,0.12239583333333334,0.39999999999999997,3.2
418,17,52,7,1.7142857142857142,0.13802083333333331,0.21295885499997994,3.0476190476190474
419,18,45,9,1.75,0.20833333333333331,0.39999999999999997,3.2
420,18,50,7,1.75,0.15625,0.39999999999999997,3.2
421,18,53,4,1.75,0.10937499999999999,0.39999999999999997,3.2
422,19,52,5,1.7894736842105263,0.13020833333333331,0.48237638894272,3.3684210526315788
423,18,48,6,1.7,0.15364583333333331,0.39999999999999997,3.2
424,17,53,5,1.7142857142857142,0.11979166666666666,0.21295885499997994,3.0476190476190474
425,19,52,4,1.7894736842105263,0.11979166666666666,0.4823763889427201,3.3684210526315788
426,17,57,4,1.6666666666666667,0.08333333333333333,0.21295885499997994,3.0476190476190474
427,19,55,6,1.7894736842105263,0.1171875,0.4823763889427201,3.3684210526315788
428,18,52,7,1.75,0.13802083333333334,0.39999999999999997,3.2
429,18,58,3,1.75,0.06510416666666667,0.39999999999999997,3.2
430,17,51,10,1.7142857142857142,0.17708333333333331,0.21295885499997994,3.0476190476190474
431,18,53,6,1.75,0.12760416666666666,0.39999999999999997,3.2
432,17,56,2,1.6666666666666667,0.06349206349206349,0.3086066999241838,3.0
433,18,54,4,1.75,0.1015625,0.39999999999999997,3.2
434,17,54,7,1.7142857142857142,0.13020833333333331,0.21295885499997994,3.0476190476190474
435,18,58,1,1.75,0.049479166666666664,0.39999999999999997,3.2
436,17,54,8,1.6666666666666667,0.13802083333333331,0.21295885499997994,3.0476190476190474
437,18,52,6,1.75,0.1328125,0.39999999999999997,3.2
438,17,53,7,1.7142857142857142,0.13802083333333331,0.21295885499997994,3.0476190476190474
439,18,49,8,1.7,0.171875,0.39999999999999997,3.2
440,17,51,7,1.7142857142857142,0.15104166666666666,0.21295885499997996,3.0476190476190474
441,19,58,5,1.7894736842105263,0.08333333333333333,0.4823763889427201,3.3684210526315788
442,18,55,6,1.75,0.11458333333333333,0.39999999999999997,3.2
443,18,52,8,1.75,0.14583333333333331,0.39999999999999997,3.2
444,17,51,7,1.7142857142857142,0.15364583333333331,0.21295885499997994,3.0476190476190474
445,19,53,4,1.7894736842105263,0.11197916666666666,0.4823763889427201,3.3684210526315788
446,18,58,2,1.75,0.057291666666666664,0.39999999999999997,3.2
447,19,50,4,1.7894736842105263,0.1328125,0.4823763889427201,3.3684210526315788
448,17,53,3,1.7142857142857142,0.09635416666666666,0.21295885499997994,3.0476190476190474
449,19,51,4,1.7894736842105263,0.1171875,0.4823763889427201,3.3684210526315788
450,18,51,7,1.75,0.1484375,0.39999999999999997,3.2
451,17,48,8,1.7142857142857142,0.17708333333333331,0.21295885499997994,3.0476190476190474
452,17,52,7,1.7142857142857142,0.140625,0.21295885499997994,3.0476190476190474
453,17,54,5,1.619047619047619,0.11197916666666666,0.21295885499997994,3.0476190476190474
454,18,48,8,1.7,0.1796875,0.39999999999999997,3.2
455,17,45,7,1.7142857142857142,0.19270833333333334,0.21295885499997994,3.0476190476190474
456,19,51,7,1.736842105263158,0.14583333333333331,0.4823763889427201,3.3684210526315788
457,17,54,4,1.7142857142857142,0.10677083333333334,0.21295885499997994,3.0476190476190474
458,20,50,5,1.8333333333333333,0.14322916666666666,0.49690399499995325,3.5555555555555554
459,17,54,7,1.6666666666666667,0.12698412698412698,0.3086066999241838,3.0
460,18,53,8,1.75,0.14583333333333331,0.39999999999999997,3.2
461,19,54,8,1.736842105263158,0.13802083333333331,0.4823763889427201,3.3684210526315788
462,19,57,4,1.736842105263158,0.08333333333333333,0.4823763889427201,3.3684210526315788
463,18,53,9,1.75,0.15625,0.39999999999999997,3.2
464,19,51,6,1.7894736842105263,0.13802083333333331,0.4823763889427201,3.3684210526315788
465,19,51,10,1.7894736842105263,0.17447916666666666,0.4823763889427201,3.3684210526315788
466,18,52,7,1.75,0.14322916666666666,0.39999999999999997,3.2
467,18,46,11,1.75,0.21875,0.39999999999999997,3.2
468,18,51,4,1.7,0.12239583333333333,0.39999999999999997,3.2
469,20,51,7,1.8333333333333333,0.1484375,0.49690399499995325,3.5555555555555554
470,19,49,12,1.7894736842105263,0.20572916666666669,0.4823763889427201,3.3684210526315788
471,19,46,7,1.7894736842105263,0.18489583333333331,0.48237638894272,3.3684210526315788
472,18,52,2,1.75,0.09375,0.39999999999999997,3.2
473,18,55,5,1.75,0.10416666666666666,0.39999999999999997,3.2
474,18,56,6,1.75,0.109375,0.39999999999999997,3.2
475,17,51,5,1.7142857142857142,0.1328125,0.21295885499997994,3.0476190476190474
476,17,50,9,1.7142857142857142,0.171875,0.21295885499997994,3.0476190476190474
477,18,48,10,1.75,0.19791666666666666,0.39999999999999997,3.2
478,18,50,9,1.75,0.17708333333333334,0.39999999999999997,3.2
479,18,48,9,1.75,0.19010416666666663,0.39999999999999997,3.2
480,19,48,8,1.736842105263158,0.1796875,0.4823763889427201,3.3684210526315788
481,17,48,8,1.6666666666666667,0.1796875,0.21295885499997994,3.0476190476190474
482,17,53,7,1.7142857142857142,0.13541666666666666,0.21295885499997994,3.0476190476190474
483,17,53,6,1.6666666666666667,0.12760416666666666,0.21295885499997994,3.0476190476190474
484,18,48,8,1.75,0.17708333333333331,0.39999999999999997,3.2
485,18,53,9,1.75,0.15364583333333331,0.39999999999999997,3.2
486,18,53,5,1.75,0.12239583333333334,0.39999999999999997,3.2
487,19,53,5,1.736842105263158,0.11979166666666666,0.4823763889427201,3.3684210526315788
488,18,49,11,1.75,0.20052083333333331,0.39999999999999997,3.2
489,18,49,10,1.75,0.1875,0.39999999999999997,3.2
490,17,48,12,1.7142857142857142,0.21354166666666669,0.21295885499997994,3.0476190476190474
491,18,49,9,1.75,0.1796875,0.39999999999999997,3.2
492,19,49,8,1.7894736842105263,0.17708333333333331,0.4823763889427201,3.3684210526315788
493,18,52,7,1.65,0.14021164021164023,0.47696960070847283,3.15
494,18,47,9,1.75,0.1953125,0.39999999999999997,3.2
495,19,44,6,1.7894736842105263,0.19270833333333331,0.4823763889427201,3.3684210526315788
496,18,53,6,1.75,0.12760416666666666,0.39999999999999997,3.2
497,18,45,12,1.75,0.23697916666666669,0.39999999999999997,3.2
498,18,49,11,1.75,0.1953125,0.39999999999999997,3.2
499,19,52,7,1.7894736842105263,0.14583333333333331,0.4823763889427201,3.3684210526315788
500,19,57,3,1.7894736842105263,0.07552083333333333,0.4823763889427201,3.3684210526315788
501,18,54,6,1.75,0.11979166666666666,0.39999999999999997,3.2
502,19,43,10,1.736842105263158,0.234375,0.48237638894272,3.3684210526315788
503,18,50,10,1.75,0.18229166666666666,0.39999999999999997,3.2
504,18,48,9,1.7,0.19010416666666666,0.39999999999999997,3.2
505,19,48,11,1.7894736842105263,0.20833333333333331,0.4823763889427201,3.3684210526315788
506,18,50,6,1.7,0.1484375,0.39999999999999997,3.2
507,19,49,8,1.736842105263158,0.16666666666666666,0.4823763889427201,3.3684210526315788
508,18,49,5,1.75,0.1484375,0.39999999999999997,3.2
509,17,49,9,1.7142857142857142,0.18489583333333334,0.21295885499997994,3.0476190476190474
510,17,50,7,1.6666666666666667,0.15885416666666666,0.21295885499997994,3.0476190476190474
511,18,50,8,1.7,0.16666666666666666,0.39999999999999997,3.2
512,18,50,8,1.7,0.171875,0.39999999999999997,3.2
513,19,48,9,1.7894736842105263,0.18489583333333334,0.4823763889427201,3.3684210526315788
514,18,52,5,1.75,0.12239583333333331,0.39999999999999997,3.2
515,19,50,6,1.7894736842105263,0.14583333333333331,0.4823763889427201,3.3684210526315788
516,19,49,7,1.7894736842105263,0.16145833333333331,0.48237638894272,3.3684210526315788
517,18,48,8,1.75,0.17447916666666666,0.39999999999999997,3.2
518,18,53,6,1.75,0.12760416666666666,0.39999999999999997,3.2
519,18,48,10,1.7,0.19791666666666666,0.39999999999999997,3.2
520,17,52,6,1.7142857142857142,0.13802083333333334,0.21295885499997994,3.0476190476190474
521,18,48,10,1.75,0.19791666666666666,0.39999999999999997,3.2
522,17,52,8,1.6666666666666667,0.15364583333333331,0.21295885499997994,3.0476190476190474
523,18,47,8,1.75,0.19010416666666666,0.39999999999999997,3.2
524,19,54,6,1.7894736842105263,0.11979166666666666,0.4823763889427201,3.3684210526315788
525,18,48,10,1.75,0.19791666666666666,0.39999999999999997,3.2
526,18,52,6,1.75,0.13020833333333331,0.39999999999999997,3.2
527,19,53,4,1.7894736842105263,0.10416666666666666,0.4823763889427201,3.3684210526315788
528,18,47,13,1.75,0.23177083333333334,0.39999999999999997,3.2
529,18,48,11,1.7,0.20833333333333331,0.39999999999999997,3.2
530,18,49,9,1.75,0.17708333333333334,0.39999999999999997,3.2
531,17,52,5,1.7142857142857142,0.13020833333333331,0.21295885499997994,3.0476190476190474
532,18,49,12,1.75,0.20833333333333331,0.39999999999999997,3.2
533,19,48,14,1.736842105263158,0.22916666666666669,0.4823763889427201,3.3684210526315788
534,19,45,16,1.7894736842105263,0.2708333333333333,0.4823763889427201,3.3684210526315788
535,18,45,11,1.7,0.22395833333333334,0.39999999999999997,3.2
536,18,48,10,1.7,0.1953125,0.39999999999999997,3.2
537,17,48,12,1.7142857142857142,0.20833333333333331,0.21295885499997994,3.0476190476190474
538,19,53,3,1.7894736842105263,0.10677083333333333,0.4823763889427201,3.3684210526315788
539,19,45,11,1.736842105263158,0.22135416666666666,0.4823763889427201,3.3684210526315788
540,19,46,9,1.736842105263158,0.1953125,0.4823763889427201,3.3684210526315788
541,18,50,11,1.75,0.19270833333333331,0.39999999999999997,3.2
542,18,54,6,1.75,0.11979166666666666,0.39999999999999997,3.2
543,19,49,10,1.7894736842105263,0.19270833333333334,0.4823763889427201,3.3684210526315788
544,18,48,10,1.7,0.1953125,0.39999999999999997,3.2
545,17,47,5,1.7142857142857142,0.15885416666666666,0.21295885499997994,3.0476190476190474
546,17,45,12,1.6666666666666667,0.23697916666666669,0.21295885499997994,3.0476190476190474
547,18,51,10,1.7,0.1796875,0.39999999999999997,3.2
548,18,50,10,1.7,0.18229166666666669,0.39999999999999997,3.2
549,20,45,10,1.8333333333333333,0.21614583333333331,0.49690399499995325,3.5555555555555554
550,17,48,8,1.619047619047619,0.1796875,0.21295885499997994,3.0476190476190474
551,17,43,15,1.6666666666666667,0.26822916666666663,0.21295885499997994,3.0476190476190474
552,18,53,7,1.7,0.1328125,0.39999999999999997,3.2
553,17,41,12,1.6666666666666667,0.2604166666666667,0.21295885499997994,3.0476190476190474
554,18,52,8,1.75,0.15104166666666666,0.39999999999999997,3.2
555,18,45,10,1.7,0.20634920634920634,0.47696960070847283,3.15
556,18,45,16,1.7,0.27083333333333337,0.39999999999999997,3.2
557,19,51,6,1.7894736842105263,0.14322916666666666,0.4823763889427201,3.3684210526315788
558,19,49,10,1.736842105263158,0.19270833333333331,0.4823763889427201,3.3684210526315788
559,17,46,12,1.619047619047619,0.2275132275132275,0.3086066999241838,3.0
560,17,51,7,1.7142857142857142,0.1484375,0.21295885499997994,3.0476190476190474
561,18,49,10,1.7,0.19010416666666666,0.39999999999999997,3.2
562,18,50,11,1.75,0.19270833333333331,0.39999999999999997,3.2
563,19,54,6,1.7894736842105263,0.12239583333333334,0.4823763889427201,3.3684210526315788
564,17,50,12,1.7142857142857142,0.20052083333333331,0.21295885499997994,3.0476190476190474
565,18,46,10,1.75,0.21354166666666669,0.39999999999999997,3.2
566,19,49,9,1.736842105263158,0.1796875,0.48237638894272,3.3684210526315788
567,18,48,10,1.7,0.18783068783068785,0.47696960070847283,3.15
568,19,46,10,1.7894736842105263,0.2109375,0.48237638894272,3.3684210526315788
569,18,50,8,1.75,0.16145833333333334,0.39999999999999997,3.2
570,19,54,3,1.7894736842105263,0.09114583333333333,0.4823763889427201,3.3684210526315788
571,18,45,10,1.7,0.21354166666666663,0.39999999999999997,3.2
572,17,52,9,1.6666666666666667,0.1640625,0.21295885499997994,3.0476190476190474
573,19,46,11,1.7894736842105263,0.2265625,0.4823763889427201,3.3684210526315788
574,19,46,10,1.7894736842105263,0.20833333333333331,0.48237638894272,3.3684210526315788
575,18,50,8,1.75,0.1640625,0.39999999999999997,3.2
576,18,48,10,1.7,0.19791666666666666,0.39999999999999997,3.2
577,18,48,9,1.75,0.19270833333333331,0.39999999999999997,3.2
578,19,50,12,1.7894736842105263,0.19791666666666666,0.48237638894272,3.3684210526315788
579,19,43,13,1.736842105263158,0.2552083333333333,0.48237638894272,3.3684210526315788
580,19,45,13,1.736842105263158,0.24479166666666669,0.4823763889427201,3.3684210526315788
581,18,52,9,1.7,0.15625,0.39999999999999997,3.2
582,18,45,14,1.75,0.2526041666666667,0.39999999999999997,3.2
583,19,51,8,1.7894736842105263,0.15885416666666669,0.48237638894272,3.3684210526315788
584,18,47,11,1.75,0.21354166666666666,0.39999999999999997,3.2
585,18,46,14,1.75,0.24479166666666666,0.39999999999999997,3.2
586,17,47,11,1.6666666666666667,0.2109375,0.21295885499997994,3.0476190476190474
587,18,44,15,1.7,0.26822916666666663,0.39999999999999997,3.2
588,18,43,10,1.75,0.234375,0.39999999999999997,3.2
589,18,47,9,1.75,0.1953125,0.39999999999999997,3.2
590,18,45,9,1.75,0.20572916666666666,0.39999999999999997,3.2
591,19,47,10,1.736842105263158,0.203125,0.4823763889427201,3.3684210526315788
592,18,44,12,1.75,0.2421875,0.39999999999999997,3.2
593,18,44,14,1.7,0.2604166666666667,0.39999999999999997,3.2
594,18,49,9,1.75,0.18489583333333334,0.39999999999999997,3.2
595,18,48,14,1.7,0.22916666666666669,0.39999999999999997,3.2
596,18,48,13,1.7,0.2265625,0.39999999999999997,3.2
597,18,43,11,1.75,0.234375,0.39999999999999997,3.2
598,18,46,11,1.75,0.21875,0.39999999999999997,3.2
599,19,43,17,1.736842105263158,0.2890625,0.48237638894272,3.3684210526315788
600,19,46,12,1.736842105263158,0.2265625,0.4823763889427201,3.3684210526315788
601,19,44,12,1.736842105263158,0.24479166666666669,0.48237638894272,3.3684210526315788
602,19,42,16,1.736842105263158,0.2916666666666667,0.4823763889427201,3.3684210526315788
603,18,46,10,1.75,0.21614583333333334,0.39999999999999997,3.2
604,18,49,7,1.75,0.15885416666666666,0.39999999999999997,3.2
605,18,47,13,1.75,0.22916666666666666,0.39999999999999997,3.2
606,18,41,16,1.7,0.2936507936507936,0.47696960070847283,3.15
607,19,45,12,1.7894736842105263,0.23697916666666669,0.4823763889427201,3.3684210526315788
608,18,50,9,1.7,0.17708333333333334,0.39999999999999997,3.2
609,19,44,15,1.736842105263158,0.265625,0.48237638894272,3.3684210526315788
610,18,47,13,1.7,0.234375,0.39999999999999997,3.2
611,18,46,10,1.75,0.21354166666666666,0.39999999999999997,3.2
612,19,44,10,1.736842105263158,0.21875,0.4823763889427201,3.3684210526315788
613,18,39,17,1.7,0.31770833333333337,0.39999999999999997,3.2
614,17,48,10,1.6666666666666667,0.19791666666666669,0.21295885499997994,3.0476190476190474
615,18,46,14,1.75,0.24739583333333334,0.39999999999999997,3.2
616,19,44,10,1.7894736842105263,0.22916666666666669,0.4823763889427201,3.3684210526315788
617,18,47,14,1.75,0.23958333333333331,0.39999999999999997,3.2
618,18,49,12,1.7,0.2109375,0.39999999999999997,3.2
619,18,45,12,1.75,0.23697916666666666,0.39999999999999997,3.2
620,18,47,11,1.7,0.2109375,0.39999999999999997,3.2
621,18,46,11,1.7,0.21614583333333334,0.39999999999999997,3.2
622,18,46,10,1.75,0.21354166666666669,0.39999999999999997,3.2
623,18,43,16,1.75,0.2838541666666667,0.39999999999999997,3.2
624,19,45,12,1.7894736842105263,0.23437499999999997,0.48237638894272,3.3684210526315788
625,18,47,14,1.7,0.23958333333333334,0.39999999999999997,3.2
626,18,42,17,1.7,0.29947916666666663,0.39999999999999997,3.2
627,18,47,13,1.7,0.23177083333333331,0.39999999999999997,3.2
628,17,45,13,1.6666666666666667,0.24739583333333334,0.21295885499997994,3.0476190476190474
629,19,45,13,1.7894736842105263,0.24479166666666666,0.4823763889427201,3.3684210526315788
630,19,47,10,1.7894736842105263,0.20833333333333331,0.4823763889427201,3.3684210526315788
631,19,44,15,1.736842105263158,0.2734375,0.4823763889427201,3.3684210526315788
632,18,45,13,1.7,0.24479166666666666,0.39999999999999997,3.2
633,18,40,16,1.7,0.30729166666666663,0.39999999999999997,3.2
634,19,50,9,1.736842105263158,0.171875,0.4823763889427201,3.3684210526315788
635,19,47,9,1.736842105263158,0.20052083333333331,0.4823763889427201,3.3684210526315788
636,20,44,17,1.7777777777777777,0.28385416666666663,0.49690399499995325,3.5555555555555554
637,19,48,14,1.736842105263158,0.234375,0.4823763889427201,3.3684210526315788
638,18,42,16,1.7,0.2890625,0.39999999999999997,3.2
639,18,43,12,1.7,0.24739583333333334,0.39999999999999997,3.2
640,19,44,13,1.7894736842105263,0.24739583333333331,0.4823763889427201,3.3684210526315788
641,18,44,9,1.75,0.21875,0.39999999999999997,3.2
642,17,42,14,1.6666666666666667,0.26822916666666663,0.21295885499997994,3.0476190476190474
643,19,44,15,1.7894736842105263,0.2708333333333333,0.4823763889427201,3.3684210526315788
644,18,46,14,1.7,0.24479166666666666,0.39999999999999997,3.2
645,18,47,15,1.75,0.25,0.39999999999999997,3.2
646,18,44,16,1.7,0.2760416666666667,0.39999999999999997,3.2
647,18,48,11,1.7,0.20572916666666666,0.39999999999999997,3.2
648,18,43,15,1.7,0.26822916666666663,0.39999999999999997,3.2
649,18,41,17,1.7,0.3072916666666667,0.39999999999999997,3.2
650,18,49,13,1.7,0.21875,0.39999999999999997,3.2
651,19,49,12,1.736842105263158,0.20833333333333331,0.4823763889427201,3.3684210526315788
652,19,42,17,1.736842105263158,0.3046875,0.4823763889427201,3.3684210526315788
653,17,45,12,1.7142857142857142,0.23177083333333334,0.21295885499997994,3.0476190476190474
654,18,46,13,1.7,0.23015873015873015,0.47696960070847283,3.15
655,18,42,12,1.7,0.2604166666666667,0.39999999999999997,3.2
656,17,42,12,1.7142857142857142,0.2578125,0.21295885499997994,3.0476190476190474
657,18,45,14,1.7,0.25260416666666663,0.39999999999999997,3.2
658,18,39,18,1.7,0.33333333333333337,0.39999999999999997,3.2
659,18,48,13,1.65,0.22395833333333331,0.39999999999999997,3.2
660,18,44,15,1.7,0.265625,0.39999999999999997,3.2
661,18,46,13,1.7,0.23958333333333334,0.39999999999999997,3.2
662,17,41,13,1.7142857142857142,0.2734375,0.21295885499997994,3.0476190476190474
663,19,44,13,1.736842105263158,0.25260416666666663,0.4823763889427201,3.3684210526315788
664,18,45,17,1.75,0.27864583333333337,0.39999999999999997,3.2
665,17,44,14,1.6666666666666667,0.2604166666666667,0.21295885499997994,3.0476190476190474
666,18,44,16,1.7,0.2760416666666667,0.39999999999999997,3.2
667,19,43,11,1.7894736842105263,0.234375,0.4823763889427201,3.3684210526315788
668,18,41,14,1.7,0.27864583333333337,0.39999999999999997,3.2
669,18,43,14,1.75,0.26041666666666663,0.39999999999999997,3.2
670,17,44,13,1.6666666666666667,0.25260416666666663,0.21295885499997994,3.0476190476190474
671,18,37,20,1.7,0.359375,0.39999999999999997,3.2
672,19,46,16,1.7894736842105263,0.2630208333333333,0.48237638894272,3.3684210526315788
673,17,45,14,1.6666666666666667,0.2552083333333333,0.21295885499997994,3.0476190476190474
674,20,40,16,1.7777777777777777,0.30729166666666663,0.49690399499995325,3.5555555555555554
675,18,42,15,1.7,0.2864583333333333,0.39999999999999997,3.2
676,19,41,19,1.736842105263158,0.3203125,0.4823763889427201,3.3684210526315788
677,19,47,15,1.736842105263158,0.25,0.4823763889427201,3.3684210526315788
678,19,41,17,1.736842105263158,0.3125,0.4823763889427201,3.3684210526315788
679,19,45,11,1.736842105263158,0.22222222222222224,0.5668594533825794,3.3157894736842106
680,19,46,13,1.736842105263158,0.23958333333333331,0.4823763889427201,3.3684210526315788
681,18,43,15,1.75,0.27864583333333337,0.39999999999999997,3.2
682,19,44,17,1.7894736842105263,0.2864583333333333,0.4823763889427201,3.3684210526315788
683,19,46,15,1.7894736842105263,0.2578125,0.4823763889427201,3.3684210526315788
684,18,47,14,1.7,0.2421875,0.39999999999999997,3.2
685,17,36,18,1.6666666666666667,0.359375,0.21295885499997994,3.0476190476190474
686,19,44,16,1.7894736842105263,0.2760416666666667,0.4823763889427201,3.3684210526315788
687,18,46,15,1.7,0.25520833333333337,0.39999999999999997,3.2
688,18,42,18,1.7,0.30989583333333337,0.39999999999999997,3.2
689,18,42,15,1.7,0.2864583333333333,0.39999999999999997,3.2
690,18,40,18,1.7,0.32552083333333337,0.39999999999999997,3.2
691,18,46,14,1.75,0.24739583333333331,0.39999999999999997,3.2
692,18,43,14,1.7,0.2734375,0.39999999999999997,3.2
693,19,42,18,1.736842105263158,0.30989583333333337,0.4823763889427201,3.3684210526315788
694,17,45,13,1.619047619047619,0.24479166666666663,0.21295885499997994,3.0476190476190474
695,18,45,13,1.7,0.25,0.39999999999999997,3.2
696,18,44,17,1.7,0.2864583333333333,0.39999999999999997,3.2
697,18,46,11,1.7,0.21875,0.39999999999999997,3.2
698,19,42,17,1.736842105263158,0.29947916666666663,0.4823763889427201,3.3684210526315788
699,18,39,19,1.65,0.33862433862433866,0.47696960070847283,3.15
700,18,45,14,1.7,0.2526041666666667,0.39999999999999997,3.2
701,19,43,17,1.736842105263158,0.2890625,0.4823763889427201,3.3684210526315788
702,18,48,13,1.65,0.2195767195767196,0.47696960070847283,3.15
703,19,47,13,1.7894736842105263,0.23177083333333334,0.4823763889427201,3.3684210526315788
704,18,45,13,1.7,0.24479166666666666,0.39999999999999997,3.2
705,19,39,21,1.736842105263158,0.35416666666666663,0.48237638894272,3.3684210526315788
706,18,42,15,1.7,0.28385416666666663,0.39999999999999997,3.2
707,18,45,16,1.7,0.2682291666666667,0.39999999999999997,3.2
708,18,44,14,1.7,0.2578125,0.39999999999999997,3.2
709,18,46,13,1.75,0.23697916666666666,0.39999999999999997,3.2
710,18,45,17,1.7,0.2786458333333333,0.39999999999999997,3.2
711,19,45,14,1.736842105263158,0.2526041666666667,0.4823763889427201,3.3684210526315788
712,18,42,12,1.7,0.2578125,0.39999999999999997,3.2
713,18,39,17,1.7,0.32291666666666663,0.39999999999999997,3.2
714,18,42,14,1.65,0.2734375,0.39999999999999997,3.2
715,18,42,19,1.7,0.3151041666666667,0.39999999999999997,3.2
716,19,40,21,1.736842105263158,0.34895833333333337,0.4823763889427201,3.3684210526315788
717,18,42,17,1.7,0.296875,0.39999999999999997,3.2
718,18,50,14,1.7,0.21875,0.39999999999999997,3.2
719,20,41,16,1.7777777777777777,0.30208333333333337,0.49690399499995325,3.5555555555555554
720,19,48,13,1.736842105263158,0.22395833333333334,0.4823763889427201,3.3684210526315788
721,20,38,18,1.7777777777777777,0.3307291666666667,0.49690399499995325,3.5555555555555554
722,19,46,16,1.736842105263158,0.265625,0.4823763889427201,3.3684210526315788
723,17,42,16,1.619047619047619,0.29365079365079366,0.3086066999241838,3.0
724,18,48,12,1.75,0.21614583333333331,0.39999999999999997,3.2
725,18,42,14,1.75,0.2760416666666667,0.39999999999999997,3.2
726,19,45,16,1.736842105263158,0.27083333333333337,0.4823763889427201,3.3684210526315788
727,19,36,16,1.736842105263158,0.32552083333333337,0.4823763889427201,3.3684210526315788
728,19,44,13,1.736842105263158,0.25,0.48237638894272,3.3684210526315788
729,19,40,17,1.736842105263158,0.30989583333333337,0.4823763889427201,3.3684210526315788
730,19,46,16,1.736842105263158,0.265625,0.4823763889427201,3.3684210526315788
731,18,42,17,1.7,0.30208333333333337,0.39999999999999997,3.2
732,18,43,16,1.7,0.28385416666666663,0.39999999999999997,3.2
733,19,51,12,1.7894736842105263,0.19270833333333331,0.4823763889427201,3.3684210526315788
734,18,45,13,1.75,0.24479166666666669,0.39999999999999997,3.2
735,19,43,18,1.7894736842105263,0.30208333333333337,0.4823763889427201,3.3684210526315788
736,18,40,19,1.7,0.328125,0.39999999999999997,3.2
737,18,44,17,1.7,0.2864583333333333,0.39999999999999997,3.2
738,17,45,16,1.6666666666666667,0.2734375,0.21295885499997994,3.0476190476190474
739,18,42,18,1.7,0.3046875,0.39999999999999997,3.2
740,18,32,22,1.7,0.4140625,0.39999999999999997,3.2
741,20,41,19,1.7777777777777777,0.3203125,0.49690399499995325,3.5555555555555554
742,18,40,20,1.7,0.34114583333333337,0.39999999999999997,3.2
743,18,44,14,1.75,0.2630208333333333,0.39999999999999997,3.2
744,19,39,19,1.736842105263158,0.33333333333333337,0.4823763889427201,3.3684210526315788
745,18,38,22,1.7,0.3697916666666667,0.39999999999999997,3.2
746,19,50,12,1.736842105263158,0.20052083333333331,0.4823763889427201,3.3684210526315788
747,18,43,16,1.7,0.283068783068783,0.47696960070847283,3.15
748,20,44,17,1.7777777777777777,0.2864583333333333,0.49690399499995325,3.5555555555555554
749,19,45,16,1.736842105263158,0.26822916666666663,0.4823763889427201,3.3684210526315788
750,19,46,13,1.736842105263158,0.23697916666666669,0.4823763889427201,3.3684210526315788
751,20,44,17,1.8333333333333333,0.2838541666666667,0.49690399499995325,3.5555555555555554
752,18,37,21,1.7,0.37239583333333337,0.39999999999999997,3.2
753,19,41,19,1.736842105263158,0.328125,0.4823763889427201,3.3684210526315788
754,18,45,15,1.7,0.2604166666666667,0.39999999999999997,3.2
755,18,46,13,1.75,0.23958333333333334,0.39999999999999997,3.2
756,18,41,18,1.7,0.3125,0.39999999999999997,3.2
757,18,39,20,1.7,0.3463541666666667,0.39999999999999997,3.2
758,19,44,14,1.736842105263158,0.2526041666666667,0.4823763889427201,3.3684210526315788
759,20,40,18,1.7777777777777777,0.3255208333333333,0.49690399499995325,3.5555555555555554
760,18,42,16,1.7,0.29427083333333337,0.39999999999999997,3.2
761,17,39,20,1.6666666666666667,0.34895833333333337,0.21295885499997994,3.0476190476190474
762,18,43,18,1.7,0.2994791666666667,0.39999999999999997,3.2
763,18,43,15,1.7,0.2708333333333333,0.39999999999999997,3.2
764,19,45,15,1.7894736842105263,0.2578125,0.48237638894272,3.3684210526315788
765,19,46,12,1.7894736842105263,0.22916666666666669,0.48237638894272,3.3684210526315788
766,19,43,16,1.736842105263158,0.28385416666666663,0.48237638894272,3.3684210526315788
767,18,45,17,1.7,0.2760416666666667,0.39999999999999997,3.2
768,18,42,17,1.7,0.3020833333333333,0.39999999999999997,3.2
769,19,42,18,1.7894736842105263,0.3098958333333333,0.4823763889427201,3.3684210526315788
770,18,39,17,1.7,0.3203125,0.39999999999999997,3.2
771,17,46,13,1.7142857142857142,0.23697916666666669,0.21295885499997994,3.0476190476190474
772,19,42,19,1.736842105263158,0.3203125,0.4823763889427201,3.3684210526315788
773,19,45,16,1.736842105263158,0.2734375,0.4823763889427201,3.3684210526315788
774,17,46,14,1.7142857142857142,0.24479166666666669,0.21295885499997994,3.0476190476190474
775,18,44,17,1.7,0.2864583333333333,0.39999999999999997,3.2
776,20,40,16,1.7777777777777777,0.2994791666666667,0.49690399499995325,3.5555555555555554
777,18,45,18,1.7,0.2890625,0.39999999999999997,3.2
778,19,44,17,1.736842105263158,0.2890625,0.4823763889427201,3.3684210526315788
779,18,42,17,1.7,0.29947916666666663,0.39999999999999997,3.2
780,18,41,18,1.7,0.3151041666666667,0.39999999999999997,3.2
781,19,43,17,1.736842105263158,0.29166666666666663,0.48237638894272,3.3684210526315788
782,19,43,17,1.7894736842105263,0.2942708333333333,0.48237638894272,3.3684210526315788
783,18,44,17,1.7,0.28385416666666663,0.39999999999999997,3.2
784,19,41,18,1.736842105263158,0.31510416666666663,0.4823763889427201,3.3684210526315788
785,19,40,20,1.736842105263158,0.3359375,0.4823763889427201,3.3684210526315788
786,18,41,20,1.7,0.33333333333333337,0.39999999999999997,3.2
787,18,45,18,1.7,0.28645833333333337,0.39999999999999997,3.2
788,18,41,20,1.7,0.3359375,0.39999999999999997,3.2
789,19,42,18,1.736842105263158,0.30729166666666663,0.4823763889427201,3.3684210526315788
790,18,41,18,1.7,0.3177083333333333,0.39999999999999997,3.2
791,18,41,20,1.7,0.3359375,0.39999999999999997,3.2
792,18,39,18,1.7,0.3333333333333333,0.39999999999999997,3.2
793,18,43,15,1.7,0.2760416666666667,0.39999999999999997,3.2
794,20,40,20,1.7777777777777777,0.34114583333333337,0.49690399499995325,3.5555555555555554
795,17,39,19,1.6666666666666667,0.3385416666666667,0.21295885499997994,3.0476190476190474
796,18,43,17,1.7,0.2916666666666667,0.39999999999999997,3.2
797,19,43,18,1.736842105263158,0.3046875,0.4823763889427201,3.3684210526315788
798,17,40,18,1.6666666666666667,0.3229166666666667,0.21295885499997994,3.0476190476190474
799,18,46,15,1.7,0.2578125,0.39999999999999997,3.2
800,19,45,12,1.736842105263158,0.22916666666666666,0.48237638894272,3.3684210526315788
801,18,42,18,1.75,0.3098958333333333,0.39999999999999997,3.2
802,19,44,17,1.7894736842105263,0.2890625,0.4823763889427201,3.3684210526315788
803,20,43,19,1.7777777777777777,0.30989583333333337,0.49690399499995325,3.5555555555555554
804,18,42,17,1.7,0.2994791666666667,0.39999999999999997,3.2
805,19,49,15,1.736842105263158,0.234375,0.4823763889427201,3.3684210526315788
806,18,43,18,1.7,0.3046875,0.39999999999999997,3.2
807,18,41,19,1.65,0.3227513227513228,0.47696960070847283,3.15
808,19,39,19,1.736842105263158,0.34114583333333337,0.4823763889427201,3.3684210526315788
809,20,44,14,1.7777777777777777,0.2552083333333333,0.49690399499995325,3.5555555555555554
810,21,45,17,1.8235294117647058,0.28125,0.42418250299576343,3.764705882352941
811,18,44,18,1.7,0.296875,0.39999999999999997,3.2
812,19,45,16,1.736842105263158,0.2708333333333333,0.4823763889427201,3.3684210526315788
813,19,40,20,1.736842105263158,0.3359375,0.4823763889427201,3.3684210526315788
814,19,40,19,1.736842105263158,0.3307291666666667,0.4823763889427201,3.3684210526315788
815,18,41,19,1.7,0.328125,0.39999999999999997,3.2
816,18,43,16,1.7,0.2864583333333333,0.39999999999999997,3.2
817,19,46,15,1.736842105263158,0.2552083333333333,0.48237638894272,3.3684210526315788
818,18,41,19,1.7,0.328125,0.39999999999999997,3.2
819,17,41,19,1.6666666666666667,0.32552083333333337,0.21295885499997994,3.0476190476190474
820,18,40,20,1.7,0.33333333333333337,0.39999999999999997,3.2
821,18,35,19,1.7,0.3671875,0.39999999999999997,3.2
822,18,40,21,1.7,0.34895833333333337,0.39999999999999997,3.2
823,19,44,16,1.736842105263158,0.28125,0.4823763889427201,3.3684210526315788
824,19,43,17,1.736842105263158,0.29166666666666663,0.4823763889427201,3.3684210526315788
825,19,43,19,1.736842105263158,0.3125,0.48237638894272,3.3684210526315788
826,19,42,18,1.736842105263158,0.30989583333333337,0.4823763889427201,3.3684210526315788
827,18,43,18,1.7,0.3046875,0.39999999999999997,3.2
828,18,41,16,1.7,0.3046875,0.39999999999999997,3.2
829,19,40,17,1.736842105263158,0.3151041666666667,0.4823763889427201,3.3684210526315788
830,19,40,19,1.736842105263158,0.328125,0.4823763889427201,3.3684210526315788
831,17,45,18,1.6666666666666667,0.2890625,0.21295885499997994,3.0476190476190474
832,19,41,18,1.736842105263158,0.31770833333333337,0.48237638894272,3.3684210526315788
833,19,39,20,1.736842105263158,0.3515625,0.4823763889427201,3.3684210526315788
834,19,47,16,1.736842105263158,0.25520833333333337,0.4823763889427201,3.3684210526315788
835,18,40,19,1.7,0.328125,0.39999999999999997,3.2
836,18,40,19,1.7,0.32552083333333337,0.39999999999999997,3.2
837,20,40,17,1.7777777777777777,0.31510416666666663,0.49690399499995325,3.5555555555555554
838,19,43,18,1.736842105263158,0.29947916666666663,0.48237638894272,3.3684210526315788
839,18,41,16,1.7,0.29427083333333337,0.39999999999999997,3.2
840,17,47,14,1.6666666666666667,0.23958333333333334,0.21295885499997994,3.0476190476190474
841,19,42,20,1.736842105263158,0.32552083333333337,0.4823763889427201,3.3684210526315788
842,18,42,18,1.7,0.30989583333333337,0.39999999999999997,3.2
843,18,40,16,1.7,0.3046875,0.39999999999999997,3.2
844,19,37,20,1.736842105263158,0.36197916666666663,0.4823763889427201,3.3684210526315788
845,18,42,19,1.7,0.31770833333333337,0.39999999999999997,3.2
846,19,41,21,1.736842105263158,0.34375,0.4823763889427201,3.3684210526315788
847,18,45,16,1.7,0.2734375,0.39999999999999997,3.2
848,19,38,23,1.6842105263157894,0.3783068783068783,0.5668594533825794,3.3157894736842106
849,19,42,20,1.736842105263158,0.32291666666666663,0.4823763889427201,3.3684210526315788
850,18,45,13,1.7,0.24479166666666669,0.39999999999999997,3.2
851,19,42,17,1.7894736842105263,0.29947916666666663,0.4823763889427201,3.3684210526315788
852,18,41,18,1.7,0.3177083333333333,0.39999999999999997,3.2
853,17,40,20,1.6666666666666667,0.34375,0.21295885499997994,3.0476190476190474
854,19,42,17,1.736842105263158,0.2994791666666667,0.48237638894272,3.3684210526315788
855,18,42,18,1.7,0.3020833333333333,0.39999999999999997,3.2
856,19,41,20,1.736842105263158,0.3307291666666667,0.4823763889427201,3.3684210526315788
857,19,43,18,1.736842105263158,0.3020833333333333,0.4823763889427201,3.3684210526315788
858,19,38,17,1.736842105263158,0.3229166666666667,0.4823763889427201,3.3684210526315788
859,18,45,16,1.7,0.2734375,0.39999999999999997,3.2
860,19,46,14,1.736842105263158,0.24479166666666666,0.4823763889427201,3.3684210526315788
861,18,46,14,1.7,0.25,0.39999999999999997,3.2
862,19,42,17,1.736842105263158,0.29947916666666663,0.4823763889427201,3.3684210526315788
863,19,40,18,1.736842105263158,0.3177083333333333,0.4823763889427201,3.3684210526315788
864,18,38,22,1.75,0.3697916666666667,0.39999999999999997,3.2
865,19,40,19,1.736842105263158,0.33333333333333337,0.4823763889427201,3.3684210526315788
866,18,45,16,1.7,0.27083333333333337,0.39999999999999997,3.2
867,18,45,15,1.7,0.2604166666666667,0.39999999999999997,3.2
868,19,42,20,1.736842105263158,0.3255208333333333,0.4823763889427201,3.3684210526315788
869,19,44,17,1.736842105263158,0.28385416666666663,0.4823763889427201,3.3684210526315788
870,18,40,21,1.7,0.3515625,0.39999999999999997,3.2
871,19,42,18,1.736842105263158,0.3098958333333333,0.4823763889427201,3.3684210526315788
872,18,37,17,1.75,0.3359375,0.39999999999999997,3.2
873,18,36,21,1.7,0.3776041666666667,0.39999999999999997,3.2
874,18,43,17,1.7,0.29166666666666663,0.39999999999999997,3.2
875,18,45,16,1.7,0.2734375,0.39999999999999997,3.2
876,18,43,18,1.7,0.30208333333333337,0.39999999999999997,3.2
877,18,44,14,1.65,0.2566137566137566,0.47696960070847283,3.15
878,18,42,16,1.7,0.2890625,0.39999999999999997,3.2
879,18,45,15,1.7,0.2630208333333333,0.39999999999999997,3.2
880,18,42,16,1.7,0.29427083333333337,0.39999999999999997,3.2
881,19,45,17,1.736842105263158,0.2786458333333333,0.4823763889427201,3.3684210526315788
882,18,44,18,1.7,0.29427083333333337,0.39999999999999997,3.2
883,17,44,14,1.6666666666666667,0.26041666666666663,0.21295885499997994,3.0476190476190474
884,17,44,19,1.7142857142857142,0.3046875,0.21295885499997994,3.0476190476190474
885,18,43,18,1.7,0.3046875,0.39999999999999997,3.2
886,17,39,19,1.6666666666666667,0.33854166666666663,0.21295885499997994,3.0476190476190474
887,19,40,20,1.736842105263158,0.3385416666666667,0.4823763889427201,3.3684210526315788
888,19,43,17,1.736842105263158,0.2916666666666667,0.4823763889427201,3.3684210526315788
889,18,44,18,1.7,0.296875,0.39999999999999997,3.2
890,17,43,17,1.6666666666666667,0.29427083333333337,0.21295885499997994,3.0476190476190474
891,19,40,23,1.736842105263158,0.3645833333333333,0.48237638894272,3.3684210526315788
892,19,43,16,1.736842105263158,0.28125,0.4823763889427201,3.3684210526315788
893,18,39,20,1.7,0.34635416666666663,0.39999999999999997,3.2
894,20,41,19,1.7777777777777777,0.32552083333333337,0.49690399499995325,3.5555555555555554
895,18,42,19,1.7,0.3151041666666667,0.39999999999999997,3.2
896,18,41,18,1.7,0.3203125,0.39999999999999997,3.2
897,17,42,18,1.7142857142857142,0.3125,0.21295885499997994,3.0476190476190474
898,19,43,18,1.736842105263158,0.3020833333333333,0.4823763889427201,3.3684210526315788
899,18,43,18,1.7,0.3046875,0.39999999999999997,3.2
900,19,44,14,1.736842105263158,0.2578125,0.4823763889427201,3.3684210526315788
901,18,42,17,1.7,0.296875,0.39999999999999997,3.2
902,19,44,17,1.736842105263158,0.28645833333333337,0.4823763889427201,3.3684210526315788
903,19,44,18,1.736842105263158,0.296875,0.48237638894272,3.3684210526315788
904,18,38,24,1.7,0.38802083333333337,0.39999999999999997,3.2
905,18,43,14,1.7,0.26822916666666663,0.39999999999999997,3.2
906,19,38,21,1.736842105263158,0.36458333333333337,0.4823763889427201,3.3684210526315788
907,18,43,18,1.7,0.3046875,0.39999999999999997,3.2
908,18,37,19,1.7,0.3541666666666667,0.39999999999999997,3.2
909,18,42,17,1.7,0.2994791666666667,0.39999999999999997,3.2
910,18,41,20,1.7,0.3333333333333333,0.39999999999999997,3.2
911,18,41,21,1.75,0.3411458333333333,0.39999999999999997,3.2
912,18,38,19,1.7,0.34635416666666663,0.39999999999999997,3.2
913,18,38,20,1.7,0.35416666666666663,0.39999999999999997,3.2
914,18,39,21,1.75,0.3567708333333333,0.39999999999999997,3.2
915,18,44,19,1.7,0.3046875,0.39999999999999997,3.2
916,18,46,16,1.7,0.265625,0.39999999999999997,3.2
917,18,44,18,1.7,0.296875,0.39999999999999997,3.2
918,18,44,16,1.7,0.2760416666666667,0.39999999999999997,3.2
919,18,39,20,1.7,0.3463541666666667,0.39999999999999997,3.2
920,18,39,19,1.65,0.33597883597883593,0.47696960070847283,3.15
921,18,43,17,1.7,0.29427083333333337,0.39999999999999997,3.2
922,17,39,18,1.6666666666666667,0.33333333333333337,0.21295885499997994,3.0476190476190474
923,18,40,21,1.7,0.34895833333333337,0.39999999999999997,3.2
924,19,40,22,1.736842105263158,0.35677083333333337,0.4823763889427201,3.3684210526315788
925,19,43,15,1.736842105263158,0.27604166666666663,0.4823763889427201,3.3684210526315788
926,18,39,21,1.75,0.3541666666666667,0.39999999999999997,3.2
927,17,35,22,1.619047619047619,0.3941798941798942,0.3086066999241838,3.0
928,19,46,15,1.736842105263158,0.2552083333333333,0.4823763889427201,3.3684210526315788
929,18,44,16,1.7,0.27864583333333337,0.39999999999999997,3.2
930,19,41,20,1.736842105263158,0.33333333333333337,0.4823763889427201,3.3684210526315788
931,19,44,17,1.7894736842105263,0.28385416666666663,0.4823763889427201,3.3684210526315788
932,19,43,17,1.736842105263158,0.2942708333333333,0.4823763889427201,3.3684210526315788
933,19,41,19,1.7894736842105263,0.32552083333333337,0.4823763889427201,3.3684210526315788
934,19,42,18,1.736842105263158,0.30989583333333337,0.4823763889427201,3.3684210526315788
935,19,36,20,1.736842105263158,0.3723958333333333,0.4823763889427201,3.3684210526315788
936,19,39,18,1.736842105263158,0.3333333333333333,0.4823763889427201,3.3684210526315788
937,19,43,16,1.736842105263158,0.2890625,0.4823763889427201,3.3684210526315788
938,19,39,19,1.7894736842105263,0.3385416666666667,0.48237638894272,3.3684210526315788
939,17,40,19,1.6666666666666667,0.3307291666666667,0.21295885499997994,3.0476190476190474
940,18,41,19,1.7,0.3255208333333333,0.39999999999999997,3.2
941,18,36,21,1.7,0.375,0.39999999999999997,3.2
942,19,40,18,1.736842105263158,0.3203125,0.4823763889427201,3.3684210526315788
943,19,43,19,1.736842105263158,0.3072916666666667,0.4823763889427201,3.3684210526315788
944,18,41,18,1.7,0.31770833333333337,0.39999999999999997,3.2
945,18,42,18,1.7,0.3046875,0.39999999999999997,3.2
946,18,44,18,1.7,0.2942708333333333,0.39999999999999997,3.2
947,19,36,22,1.736842105263158,0.3880208333333333,0.4823763889427201,3.3684210526315788
948,19,41,19,1.736842105263158,0.328125,0.4823763889427201,3.3684210526315788
949,19,44,16,1.736842105263158,0.2734375,0.48237638894272,3.3684210526315788
950,19,35,22,1.736842105263158,0.390625,0.48237638894272,3.3684210526315788
951,18,42,18,1.7,0.30729166666666663,0.39999999999999997,3.2
952,19,39,19,1.736842105263158,0.33854166666666663,0.4823763889427201,3.3684210526315788
953,18,41,20,1.7,0.33333333333333337,0.39999999999999997,3.2
954,19,38,23,1.736842105263158,0.37760416666666663,0.4823763889427201,3.3684210526315788
955,18,37,21,1.7,0.3697916666666667,0.39999999999999997,3.2
956,20,38,21,1.7777777777777777,0.3619791666666667,0.49690399499995325,3.5555555555555554
957,17,41,17,1.6666666666666667,0.3125,0.21295885499997994,3.0476190476190474
958,18,37,22,1.7,0.37760416666666663,0.39999999999999997,3.2
959,17,38,21,1.6666666666666667,0.3619791666666667,0.21295885499997994,3.0476190476190474
960,18,41,20,1.7,0.33333333333333337,0.39999999999999997,3.2
961,19,45,16,1.736842105263158,0.2734375,0.4823763889427201,3.3684210526315788
962,19,42,14,1.736842105263158,0.265625,0.4823763889427201,3.3684210526315788
963,18,45,15,1.7,0.2604166666666667,0.39999999999999997,3.2
964,19,41,20,1.736842105263158,0.328125,0.4823763889427201,3.3684210526315788
965,19,35,20,1.736842105263158,0.375,0.48237638894272,3.3684210526315788
966,19,39,18,1.736842105263158,0.3203125,0.48237638894272,3.3684210526315788
967,18,45,15,1.7,0.265625,0.39999999999999997,3.2
968,19,43,19,1.736842105263158,0.3125,0.4823763889427201,3.3684210526315788
969,18,43,16,1.7,0.2838541666666667,0.39999999999999997,3.2
970,19,38,19,1.736842105263158,0.34375,0.4823763889427201,3.3684210526315788
971,18,39,21,1.7,0.3567708333333333,0.39999999999999997,3.2
972,18,44,17,1.65,0.2857142857142857,0.47696960070847283,3.15
973,19,39,18,1.736842105263158,0.328125,0.4823763889427201,3.3684210526315788
974,19,40,19,1.736842105263158,0.3359375,0.4823763889427201,3.3684210526315788
975,18,37,21,1.7,0.3671875,0.39999999999999997,3.2
976,18,44,18,1.7,0.296875,0.39999999999999997,3.2
977,18,40,21,1.7,0.34895833333333337,0.39999999999999997,3.2
978,19,40,21,1.736842105263158,0.3515625,0.4823763889427201,3.3684210526315788
979,19,44,17,1.736842105263158,0.2890625,0.4823763889427201,3.3684210526315788
980,18,38,20,1.7,0.3541666666666667,0.39999999999999997,3.2
981,18,43,14,1.7,0.2630208333333333,0.39999999999999997,3.2
982,19,47,16,1.736842105263158,0.2578125,0.4823763889427201,3.3684210526315788
983,18,37,20,1.7,0.34895833333333337,0.39999999999999997,3.2
984,19,39,21,1.6842105263157894,0.3492063492063492,0.5668594533825794,3.3157894736842106
985,18,41,20,1.7,0.3333333333333333,0.39999999999999997,3.2
986,18,39,19,1.7,0.3411458333333333,0.39999999999999997,3.2
987,19,41,19,1.736842105263158,0.3229166666666667,0.4823763889427201,3.3684210526315788
988,19,44,18,1.736842105263158,0.2942708333333333,0.4823763889427201,3.3684210526315788
989,18,38,21,1.7,0.36458333333333337,0.39999999999999997,3.2
990,17,38,20,1.6666666666666667,0.3541666666666667,0.21295885499997994,3.0476190476190474
991,19,43,18,1.736842105263158,0.30208333333333337,0.4823763889427201,3.3684210526315788
992,19,45,14,1.736842105263158,0.2552083333333333,0.4823763889427201,3.3684210526315788
993,18,39,20,1.7,0.34895833333333337,0.39999999999999997,3.2
994,19,39,20,1.736842105263158,0.3489583333333333,0.4823763889427201,3.3684210526315788
995,18,41,19,1.7,0.32552083333333337,0.39999999999999997,3.2
996,19,40,17,1.736842105263158,0.3125,0.4823763889427201,3.3684210526315788
997,19,39,23,1.736842105263158,0.37239583333333337,0.4823763889427201,3.3684210526315788
998,18,45,17,1.7,0.2786458333333333,0.39999999999999997,3.2
999,18,43,19,1.7,0.3125,0.39999999999999997,3.2
1000,19,41,18,1.736842105263158,0.31510416666666663,0.4823763889427201,3.3684210526315788
1001,17,41,20,1.6666666666666667,0.3359375,0.21295885499997994,3.0476190476190474
1002,19,42,18,1.6842105263157894,0.30423280423280424,0.5668594533825794,3.3157894736842106
1003,18,41,19,1.7,0.328125,0.39999999999999997,3.2
1004,19,36,22,1.736842105263158,0.38020833333333337,0.48237638894272,3.3684210526315788
1005,19,43,16,1.736842105263158,0.28125,0.48237638894272,3.3684210526315788
1006,18,37,22,1.7,0.3828125,0.39999999999999997,3.2
1007,18,42,16,1.7,0.28645833333333337,0.39999999999999997,3.2
1008,18,41,19,1.7,0.32552083333333337,0.39999999999999997,3.2
1009,18,39,21,1.7,0.3567708333333333,0.39999999999999997,3.2
1010,18,41,19,1.7,0.3229166666666667,0.39999999999999997,3.2
1011,18,41,16,1.7,0.29947916666666663,0.39999999999999997,3.2
1012,17,41,20,1.6666666666666667,0.33333333333333337,0.21295885499997994,3.0476190476190474
1013,19,42,19,1.736842105263158,0.3177083333333333,0.4823763889427201,3.3684210526315788
1014,19,43,17,1.736842105263158,0.2864583333333333,0.4823763889427201,3.3684210526315788
1015,19,43,19,1.736842105263158,0.30989583333333337,0.4823763889427201,3.3684210526315788
1016,19,43,18,1.736842105263158,0.3046875,0.4823763889427201,3.3684210526315788
1017,20,35,21,1.7777777777777777,0.3828125,0.49690399499995325,3.5555555555555554
1018,19,44,17,1.736842105263158,0.2890625,0.4823763889427201,3.3684210526315788
1019,19,41,17,1.736842105263158,0.3072916666666667,0.4823763889427201,3.3684210526315788
1020,18,35,20,1.7,0.36979166666666663,0.39999999999999997,3.2
1021,19,41,20,1.736842105263158,0.3359375,0.4823763889427201,3.3684210526315788
1022,18,39,19,1.7,0.3411458333333333,0.39999999999999997,3.2
1023,18,37,22,1.7,0.38020833333333337,0.39999999999999997,3.2
1024,18,37,21,1.7,0.3671875,0.39999999999999997,3.2
1025,18,41,18,1.75,0.3177083333333333,0.39999999999999997,3.2
1026,19,43,18,1.736842105263158,0.3046875,0.4823763889427201,3.3684210526315788
1027,18,41,20,1.7,0.3333333333333333,0.39999999999999997,3.2
1028,19,43,17,1.736842105263158,0.29427083333333337,0.4823763889427201,3.3684210526315788
1029,18,41,19,1.7,0.3229166666666667,0.39999999999999997,3.2
1030,17,38,20,1.6666666666666667,0.3541666666666667,0.21295885499997994,3.0476190476190474
1031,18,35,23,1.7,0.40625,0.39999999999999997,3.2
1032,19,42,18,1.736842105263158,0.30989583333333337,0.48237638894272,3.3684210526315788
1033,19,39,19,1.736842105263158,0.3385416666666667,0.4823763889427201,3.3684210526315788
1034,17,41,16,1.6666666666666667,0.29947916666666663,0.21295885499997994,3.0476190476190474
1035,17,43,18,1.6666666666666667,0.3046875,0.21295885499997994,3.0476190476190474
1036,18,41,18,1.7,0.3203125,0.39999999999999997,3.2
1037,20,39,22,1.7777777777777777,0.36458333333333337,0.49690399499995325,3.5555555555555554
1038,19,40,20,1.736842105263158,0.33854166666666663,0.4823763889427201,3.3684210526315788
1039,19,44,17,1.736842105263158,0.2864583333333333,0.4823763889427201,3.3684210526315788
1040,17,39,19,1.619047619047619,0.335978835978836,0.3086066999241838,3.0
1041,18,36,24,1.7,0.40625,0.39999999999999997,3.2
1042,18,36,21,1.7,0.3776041666666667,0.39999999999999997,3.2
1043,19,37,20,1.736842105263158,0.36458333333333337,0.4823763889427201,3.3684210526315788
1044,19,39,19,1.736842105263158,0.3333333333333333,0.4823763889427201,3.3684210526315788
1045,17,34,18,1.6666666666666667,0.36197916666666663,0.21295885499997994,3.0476190476190474
1046,18,38,19,1.7,0.3489583333333333,0.39999999999999997,3.2
1047,18,38,19,1.7,0.34375,0.39999999999999997,3.2
1048,18,41,17,1.7,0.3125,0.39999999999999997,3.2
1049,17,41,18,1.6666666666666667,0.3151041666666667,0.21295885499997994,3.0476190476190474
1050,19,41,18,1.736842105263158,0.31510416666666663,0.4823763889427201,3.3684210526315788
1051,19,42,20,1.736842105263158,0.3255208333333333,0.4823763889427201,3.3684210526315788
1052,18,38,23,1.7,0.3802083333333333,0.39999999999999997,3.2
1053,18,37,20,1.7,0.36197916666666663,0.39999999999999997,3.2
1054,18,39,17,1.7,0.3203125,0.39999999999999997,3.2
1055,18,41,21,1.7,0.34375,0.39999999999999997,3.2
1056,19,38,22,1.736842105263158,0.3723958333333333,0.4823763889427201,3.3684210526315788
1057,17,35,22,1.6666666666666667,0.3958333333333333,0.21295885499997994,3.0476190476190474
1058,18,39,20,1.7,0.34635416666666663,0.39999999999999997,3.2
1059,19,36,19,1.736842105263158,0.359375,0.4823763889427201,3.3684210526315788
1060,18,38,21,1.7,0.359375,0.39999999999999997,3.2
1061,19,40,21,1.736842105263158,0.3489583333333333,0.48237638894272,3.3684210526315788
1062,18,34,20,1.7,0.3828125,0.39999999999999997,3.2
1063,18,37,20,1.7,0.36197916666666663,0.39999999999999997,3.2
1064,18,37,22,1.7,0.375,0.39999999999999997,3.2
1065,18,44,15,1.7,0.2682291666666667,0.39999999999999997,3.2
1066,19,41,18,1.736842105263158,0.3177083333333333,0.4823763889427201,3.3684210526315788
1067,18,39,22,1.7,0.3645833333333333,0.39999999999999997,3.2
1068,18,45,14,1.7,0.25520833333333337,0.39999999999999997,3.2
1069,19,41,18,1.736842105263158,0.31510416666666663,0.4823763889427201,3.3684210526315788
1070,18,41,18,1.75,0.3151041666666667,0.39999999999999997,3.2
1071,18,41,19,1.7,0.32552083333333337,0.39999999999999997,3.2
1072,18,38,21,1.7,0.3619791666666667,0.39999999999999997,3.2
1073,18,43,17,1.7,0.296875,0.39999999999999997,3.2
1074,19,41,18,1.736842105263158,0.31510416666666663,0.48237638894272,3.3684210526315788
1075,18,37,19,1.7,0.3541666666666667,0.39999999999999997,3.2
1076,17,41,19,1.6666666666666667,0.32291666666666663,0.21295885499997994,3.0476190476190474
1077,17,38,21,1.6666666666666667,0.3645833333333333,0.21295885499997994,3.0476190476190474
1078,18,37,21,1.7,0.3671875,0.39999999999999997,3.2
1079,19,42,18,1.736842105263158,0.3098958333333333,0.4823763889427201,3.3684210526315788
1080,19,34,21,1.736842105263158,0.39583333333333337,0.4823763889427201,3.3684210526315788
1081,18,40,17,1.7,0.31510416666666663,0.39999999999999997,3.2
1082,18,34,21,1.7,0.3932291666666667,0.39999999999999997,3.2
1083,17,37,22,1.6666666666666667,0.375,0.21295885499997994,3.0476190476190474
1084,19,40,18,1.736842105263158,0.32552083333333337,0.4823763889427201,3.3684210526315788
1085,17,43,16,1.6666666666666667,0.28645833333333337,0.21295885499997994,3.0476190476190474
1086,18,38,17,1.7,0.32552083333333337,0.39999999999999997,3.2
1087,19,37,21,1.6842105263157894,0.36507936507936506,0.5668594533825794,3.3157894736842106
1088,18,42,21,1.7,0.3359375,0.39999999999999997,3.2
1089,19,39,19,1.736842105263158,0.34114583333333337,0.4823763889427201,3.3684210526315788
1090,18,40,17,1.7,0.31510416666666663,0.39999999999999997,3.2
1091,19,39,19,1.736842105263158,0.34375,0.4823763889427201,3.3684210526315788
1092,18,37,20,1.7,0.359375,0.39999999999999997,3.2
1093,19,39,20,1.736842105263158,0.34895833333333337,0.4823763889427201,3.3684210526315788
1094,19,39,21,1.736842105263158,0.35677083333333337,0.4823763889427201,3.3684210526315788
1095,19,43,18,1.736842105263158,0.3020833333333333,0.4823763889427201,3.3684210526315788
1096,19,38,18,1.736842105263158,0.33333333333333337,0.4823763889427201,3.3684210526315788
1097,18,38,21,1.7,0.3645833333333333,0.39999999999999997,3.2
1098,18,37,20,1.7,0.359375,0.39999999999999997,3.2
1099,18,36,20,1.7,0.36979166666666663,0.39999999999999997,3.2
1100,19,41,17,1.736842105263158,0.30729166666666663,0.4823763889427201,3.3684210526315788
1101,19,38,23,1.736842105263158,0.37760416666666663,0.4823763889427201,3.3684210526315788
1102,19,39,23,1.736842105263158,0.375,0.4823763889427201,3.3684210526315788
1103,18,42,20,1.7,0.3255208333333333,0.39999999999999997,3.2
1104,18,39,23,1.7,0.375,0.39999999999999997,3.2
1105,19,40,19,1.736842105263158,0.328125,0.4823763889427201,3.3684210526315788
1106,18,43,18,1.7,0.30208333333333337,0.39999999999999997,3.2
1107,19,40,18,1.736842105263158,0.3203125,0.4823763889427201,3.3684210526315788
1108,18,41,18,1.7,0.3203125,0.39999999999999997,3.2
1109,18,41,17,1.7,0.3072916666666667,0.39999999999999997,3.2
1110,18,36,23,1.65,0.3941798941798942,0.47696960070847283,3.15
1111,18,37,21,1.7,0.36979166666666663,0.39999999999999997,3.2
1112,18,43,17,1.7,0.29427083333333337,0.39999999999999997,3.2
1113,19,39,16,1.736842105263158,0.3125,0.4823763889427201,3.3684210526315788
1114,17,42,19,1.6666666666666667,0.3177083333333333,0.21295885499997994,3.0476190476190474
1115,19,39,18,1.736842105263158,0.3359375,0.4823763889427201,3.3684210526315788
1116,18,37,19,1.7,0.3541666666666667,0.39999999999999997,3.2
1117,18,38,19,1.7,0.3489583333333333,0.39999999999999997,3.2
1118,19,43,19,1.736842105263158,0.3125,0.4823763889427201,3.3684210526315788
1119,19,42,16,1.7894736842105263,0.29166666666666663,0.4823763889427201,3.3684210526315788
1120,19,43,18,1.736842105263158,0.3020833333333333,0.48237638894272,3.3684210526315788
1121,18,40,22,1.7,0.359375,0.39999999999999997,3.2
1122,18,36,21,1.7,0.3776041666666667,0.39999999999999997,3.2
1123,18,38,20,1.7,0.3515625,0.39999999999999997,3.2
1124,18,32,23,1.65,0.417989417989418,0.47696960070847283,3.15
1125,18,38,20,1.7,0.35677083333333337,0.39999999999999997,3.2
1126,18,45,15,1.7,0.26041666666666663,0.39999999999999997,3.2
1127,18,41,16,1.7,0.3020833333333333,0.39999999999999997,3.2
1128,20,40,20,1.7777777777777777,0.33854166666666663,0.49690399499995325,3.5555555555555554
1129,19,36,21,1.736842105263158,0.3776041666666667,0.4823763889427201,3.3684210526315788
1130,17,39,19,1.6666666666666667,0.34114583333333337,0.21295885499997994,3.0476190476190474
1131,19,39,19,1.736842105263158,0.3411458333333333,0.4823763889427201,3.3684210526315788
1132,18,39,17,1.7,0.3151041666666667,0.39999999999999997,3.2
1133,18,41,18,1.7,0.3125,0.39999999999999997,3.2
1134,18,37,20,1.7,0.36458333333333337,0.39999999999999997,3.2
1135,18,39,19,1.7,0.3411458333333333,0.39999999999999997,3.2
1136,18,35,19,1.7,0.3619791666666667,0.39999999999999997,3.2
1137,18,38,20,1.7,0.3541666666666667,0.39999999999999997,3.2
1138,19,41,21,1.736842105263158,0.34375,0.4823763889427201,3.3684210526315788
1139,18,41,21,1.7,0.34375,0.39999999999999997,3.2
1140,17,42,19,1.6666666666666667,0.3203125,0.21295885499997994,3.0476190476190474
1141,19,36,21,1.736842105263158,0.37760416666666663,0.4823763889427201,3.3684210526315788
1142,19,41,18,1.736842105263158,0.31510416666666663,0.4823763889427201,3.3684210526315788
1143,19,40,19,1.736842105263158,0.3307291666666667,0.4823763889427201,3.3684210526315788
1144,18,39,18,1.7,0.33072916666666663,0.39999999999999997,3.2
1145,18,40,19,1.7,0.33333333333333337,0.39999999999999997,3.2
1146,18,39,18,1.7,0.32552083333333337,0.39999999999999997,3.2
1147,19,40,20,1.736842105263158,0.34375,0.4823763889427201,3.3684210526315788
1148,19,43,17,1.736842105263158,0.2916666666666667,0.4823763889427201,3.3684210526315788
1149,18,38,21,1.7,0.36458333333333337,0.39999999999999997,3.2
1150,18,41,20,1.7,0.33333333333333337,0.39999999999999997,3.2
1151,17,36,21,1.6666666666666667,0.375,0.21295885499997994,3.0476190476190474
1152,18,34,17,1.7,0.3515625,0.39999999999999997,3.2
1153,19,41,20,1.736842105263158,0.3359375,0.4823763889427201,3.3684210526315788
1154,19,37,18,1.736842105263158,0.3385416666666667,0.4823763889427201,3.3684210526315788
1155,18,38,20,1.7,0.3541666666666667,0.39999999999999997,3.2
1156,19,43,18,1.736842105263158,0.3046875,0.4823763889427201,3.3684210526315788
1157,19,42,18,1.736842105263158,0.30989583333333337,0.4823763889427201,3.3684210526315788
1158,18,39,18,1.7,0.33072916666666663,0.39999999999999997,3.2
1159,18,36,24,1.7,0.40625,0.39999999999999997,3.2
1160,18,37,20,1.7,0.3515625,0.39999999999999997,3.2
1161,18,36,20,1.7,0.3671875,0.39999999999999997,3.2
1162,18,37,19,1.7,0.3515625,0.39999999999999997,3.2
1163,18,45,16,1.7,0.2734375,0.39999999999999997,3.2
1164,19,38,19,1.736842105263158,0.34114583333333337,0.4823763889427201,3.3684210526315788
1165,19,35,19,1.736842105263158,0.375,0.4823763889427201,3.3684210526315788
1166,18,37,24,1.7,0.3984375,0.39999999999999997,3.2
1167,19,40,19,1.6842105263157894,0.328042328042328,0.5668594533825794,3.3157894736842106
1168,18,35,18,1.65,0.35714285714285715,0.47696960070847283,3.15
1169,19,45,16,1.736842105263158,0.2734375,0.48237638894272,3.3684210526315788
1170,17,41,20,1.6666666666666667,0.3359375,0.21295885499997994,3.0476190476190474
1171,18,38,20,1.7,0.35677083333333337,0.39999999999999997,3.2
1172,18,38,20,1.7,0.3567708333333333,0.39999999999999997,3.2
1173,19,39,18,1.736842105263158,0.33333333333333337,0.4823763889427201,3.3684210526315788
1174,18,37,21,1.7,0.3697916666666667,0.39999999999999997,3.2
1175,21,38,19,1.8235294117647058,0.34375,0.42418250299576343,3.764705882352941
1176,18,33,22,1.65,0.4047619047619047,0.47696960070847283,3.15
1177,20,41,20,1.7777777777777777,0.3359375,0.49690399499995325,3.5555555555555554
1178,19,39,19,1.736842105263158,0.3359375,0.4823763889427201,3.3684210526315788
1179,18,41,18,1.7,0.3177083333333333,0.39999999999999997,3.2
1180,18,35,21,1.65,0.38095238095238093,0.47696960070847283,3.15
1181,19,39,16,1.736842105263158,0.3151041666666667,0.4823763889427201,3.3684210526315788
1182,19,35,21,1.736842105263158,0.3854166666666667,0.4823763889427201,3.3684210526315788
1183,18,34,22,1.65,0.39682539682539675,0.47696960070847283,3.15
1184,18,40,17,1.7,0.3177083333333333,0.39999999999999997,3.2
1185,18,39,19,1.7,0.34375,0.39999999999999997,3.2
1186,18,42,21,1.7,0.3359375,0.39999999999999997,3.2
1187,18,37,20,1.7,0.36197916666666663,0.39999999999999997,3.2
1188,19,40,19,1.736842105263158,0.328125,0.4823763889427201,3.3684210526315788
1189,18,38,19,1.7,0.3463541666666667,0.39999999999999997,3.2
1190,19,40,18,1.736842105263158,0.32291666666666663,0.4823763889427201,3.3684210526315788
1191,18,36,19,1.7,0.359375,0.39999999999999997,3.2
1192,18,40,19,1.7,0.33333333333333337,0.39999999999999997,3.2
1193,18,43,18,1.7,0.29947916666666663,0.39999999999999997,3.2
1194,18,34,21,1.7,0.38802083333333337,0.39999999999999997,3.2
1195,19,35,24,1.736842105263158,0.4088541666666667,0.4823763889427201,3.3684210526315788
1196,19,41,19,1.736842105263158,0.3255208333333333,0.4823763889427201,3.3684210526315788
1197,18,37,21,1.65,0.37037037037037035,0.47696960070847283,3.15
1198,19,40,17,1.736842105263158,0.31510416666666663,0.4823763889427201,3.3684210526315788
1199,18,39,16,1.7,0.3203125,0.39999999999999997,3.2
1200,18,39,21,1.7,0.35677083333333337,0.39999999999999997,3.2
1201,18,37,20,1.7,0.36458333333333337,0.39999999999999997,3.2
1202,19,36,22,1.736842105263158,0.38802083333333337,0.4823763889427201,3.3684210526315788
1203,18,39,22,1.7,0.3671875,0.39999999999999997,3.2
1204,17,40,21,1.619047619047619,0.3515625,0.21295885499997994,3.0476190476190474
1205,18,38,19,1.7,0.3489583333333333,0.39999999999999997,3.2
1206,18,40,20,1.7,0.34114583333333337,0.39999999999999997,3.2
1207,18,39,20,1.7,0.3515625,0.39999999999999997,3.2
1208,19,36,20,1.736842105263158,0.3697916666666667,0.4823763889427201,3.3684210526315788
1209,19,44,19,1.736842105263158,0.3046875,0.4823763889427201,3.3684210526315788
1210,19,33,25,1.736842105263158,0.4375,0.4823763889427201,3.3684210526315788
1211,17,40,19,1.6666666666666667,0.33072916666666663,0.21295885499997994,3.0476190476190474
1212,19,41,19,1.736842105263158,0.328125,0.4823763889427201,3.3684210526315788
1213,19,37,21,1.736842105263158,0.3671875,0.4823763889427201,3.3684210526315788
1214,18,36,21,1.7,0.375,0.39999999999999997,3.2
1215,19,37,20,1.736842105263158,0.359375,0.48237638894272,3.3684210526315788
1216,18,41,20,1.7,0.3333333333333333,0.39999999999999997,3.2
1217,17,40,20,1.6666666666666667,0.34375,0.21295885499997994,3.0476190476190474
1218,17,38,19,1.6666666666666667,0.3489583333333333,0.21295885499997994,3.0476190476190474
1219,18,37,19,1.7,0.3515625,0.39999999999999997,3.2
1220,17,39,20,1.6666666666666667,0.3515625,0.21295885499997994,3.0476190476190474
1221,18,41,19,1.7,0.328125,0.39999999999999997,3.2
1222,18,40,20,1.7,0.34114583333333337,0.39999999999999997,3.2
1223,18,32,22,1.7,0.4192708333333333,0.39999999999999997,3.2
1224,19,40,21,1.736842105263158,0.34895833333333337,0.48237638894272,3.3684210526315788
1225,19,46,14,1.736842105263158,0.24739583333333331,0.4823763889427201,3.3684210526315788
1226,18,36,21,1.65,0.37566137566137564,0.47696960070847283,3.15
1227,18,38,21,1.7,0.3645833333333333,0.39999999999999997,3.2
1228,18,34,22,1.7,0.39583333333333337,0.39999999999999997,3.2
1229,19,35,22,1.736842105263158,0.390625,0.48237638894272,3.3684210526315788
1230,18,38,21,1.7,0.36458333333333337,0.39999999999999997,3.2
1231,18,35,20,1.7,0.38020833333333337,0.39999999999999997,3.2
1232,20,40,18,1.7777777777777777,0.3255208333333333,0.49690399499995325,3.5555555555555554
1233,19,39,19,1.736842105263158,0.3411458333333333,0.4823763889427201,3.3684210526315788
1234,20,41,16,1.7777777777777777,0.29427083333333337,0.49690399499995325,3.5555555555555554
1235,18,40,21,1.7,0.3515625,0.39999999999999997,3.2
1236,19,36,21,1.736842105263158,0.375,0.48237638894272,3.3684210526315788
1237,18,38,22,1.7,0.3723958333333333,0.39999999999999997,3.2
1238,18,43,19,1.7,0.3125,0.39999999999999997,3.2
1239,18,39,20,1.7,0.3515625,0.39999999999999997,3.2
1240,18,39,20,1.7,0.3515625,0.39999999999999997,3.2
1241,19,36,20,1.736842105263158,0.36979166666666663,0.4823763889427201,3.3684210526315788
1242,19,38,20,1.736842105263158,0.35677083333333337,0.4823763889427201,3.3684210526315788
1243,18,32,21,1.7,0.40885416666666663,0.39999999999999997,3.2
1244,19,36,23,1.736842105263158,0.39583333333333337,0.48237638894272,3.3684210526315788
1245,19,37,20,1.6842105263157894,0.3597883597883598,0.5668594533825794,3.3157894736842106
1246,19,38,21,1.736842105263158,0.36197916666666663,0.4823763889427201,3.3684210526315788
1247,18,36,23,1.7,0.39322916666666663,0.39999999999999997,3.2
1248,18,34,22,1.7,0.40104166666666663,0.39999999999999997,3.2
1249,19,39,18,1.7894736842105263,0.3333333333333333,0.4823763889427201,3.3684210526315788
1250,18,39,18,1.75,0.3307291666666667,0.39999999999999997,3.2
1251,18,44,19,1.7,0.3020833333333333,0.39999999999999997,3.2
1252,18,43,16,1.7,0.28645833333333337,0.39999999999999997,3.2
1253,18,38,20,1.7,0.35416666666666663,0.39999999999999997,3.2
1254,18,38,23,1.7,0.3828125,0.39999999999999997,3.2
1255,18,40,19,1.7,0.33072916666666663,0.39999999999999997,3.2
1256,19,37,22,1.736842105263158,0.3776041666666667,0.4823763889427201,3.3684210526315788
1257,18,33,25,1.7,0.43489583333333337,0.39999999999999997,3.2
1258,19,37,21,1.736842105263158,0.37239583333333337,0.4823763889427201,3.3684210526315788
1259,20,41,18,1.7777777777777777,0.31770833333333337,0.49690399499995325,3.5555555555555554
1260,18,35,20,1.7,0.37239583333333337,0.39999999999999997,3.2
1261,19,37,17,1.736842105263158,0.3385416666666667,0.4823763889427201,3.3684210526315788
1262,19,38,22,1.736842105263158,0.375,0.4823763889427201,3.3684210526315788
1263,17,39,19,1.6666666666666667,0.3385416666666667,0.21295885499997994,3.0476190476190474
1264,19,40,17,1.736842105263158,0.3177083333333333,0.4823763889427201,3.3684210526315788
1265,18,35,23,1.7,0.4010416666666667,0.39999999999999997,3.2
1266,18,37,20,1.7,0.3619791666666667,0.39999999999999997,3.2
1267,18,38,20,1.7,0.35677083333333337,0.39999999999999997,3.2
1268,18,40,18,1.7,0.32291666666666663,0.39999999999999997,3.2
1269,20,35,21,1.7777777777777777,0.3828125,0.49690399499995325,3.5555555555555554
1270,18,37,20,1.7,0.359375,0.39999999999999997,3.2
1271,18,36,21,1.65,0.373015873015873,0.47696960070847283,3.15
1272,18,35,20,1.7,0.375,0.39999999999999997,3.2
1273,19,37,20,1.736842105263158,0.3619791666666667,0.4823763889427201,3.3684210526315788
1274,19,39,20,1.736842105263158,0.34895833333333337,0.4823763889427201,3.3684210526315788
1275,18,37,20,1.7,0.3619791666666667,0.39999999999999997,3.2
1276,19,39,20,1.736842105263158,0.34375,0.48237638894272,3.3684210526315788
1277,18,37,22,1.7,0.3776041666666667,0.39999999999999997,3.2
1278,19,40,21,1.736842105263158,0.3515625,0.4823763889427201,3.3684210526315788
1279,19,36,17,1.736842105263158,0.34391534391534395,0.5668594533825794,3.3157894736842106
1280,20,38,21,1.7777777777777777,0.3645833333333333,0.49690399499995325,3.5555555555555554
1281,19,38,19,1.736842105263158,0.34895833333333337,0.4823763889427201,3.3684210526315788
1282,18,37,22,1.7,0.375,0.39999999999999997,3.2
1283,18,39,20,1.7,0.34895833333333337,0.39999999999999997,3.2
1284,18,39,17,1.65,0.31481481481481477,0.47696960070847283,3.15
1285,18,34,21,1.65,0.3915343915343915,0.47696960070847283,3.15
1286,17,42,21,1.6666666666666667,0.3359375,0.21295885499997994,3.0476190476190474
1287,18,35,21,1.7,0.38541666666666663,0.39999999999999997,3.2
1288,17,33,21,1.619047619047619,0.4021164021164021,0.3086066999241838,3.0
1289,18,35,22,1.7,0.390625,0.39999999999999997,3.2
1290,19,36,20,1.736842105263158,0.3671875,0.4823763889427201,3.3684210526315788
1291,18,35,22,1.7,0.3854166666666667,0.39999999999999997,3.2
1292,17,40,19,1.6666666666666667,0.3333333333333333,0.21295885499997994,3.0476190476190474
1293,18,38,20,1.7,0.3515625,0.39999999999999997,3.2
1294,17,37,22,1.6666666666666667,0.3802083333333333,0.21295885499997994,3.0476190476190474
1295,18,36,24,1.7,0.40625,0.39999999999999997,3.2
1296,18,38,21,1.7,0.3619791666666667,0.39999999999999997,3.2
1297,19,39,20,1.736842105263158,0.34635416666666663,0.4823763889427201,3.3684210526315788
1298,18,40,18,1.7,0.32291666666666663,0.39999999999999997,3.2
1299,18,40,20,1.7,0.34375,0.39999999999999997,3.2
1300,18,40,19,1.7,0.3359375,0.39999999999999997,3.2
1301,19,34,20,1.736842105263158,0.38020833333333337,0.4823763889427201,3.3684210526315788
1302,17,36,21,1.6666666666666667,0.38020833333333337,0.21295885499997994,3.0476190476190474
1303,18,39,19,1.7,0.3385416666666667,0.39999999999999997,3.2
1304,19,37,20,1.736842105263158,0.3541666666666667,0.4823763889427201,3.3684210526315788
1305,19,38,17,1.736842105263158,0.33333333333333337,0.4823763889427201,3.3684210526315788
1306,18,38,20,1.7,0.3541666666666667,0.39999999999999997,3.2
1307,18,37,19,1.7,0.3515625,0.39999999999999997,3.2
1308,19,39,18,1.736842105263158,0.33333333333333337,0.4823763889427201,3.3684210526315788
1309,18,40,19,1.7,0.33072916666666663,0.39999999999999997,3.2
1310,18,38,23,1.7,0.3828125,0.39999999999999997,3.2
1311,18,37,20,1.7,0.3645833333333333,0.39999999999999997,3.2
1312,17,33,21,1.6666666666666667,0.39583333333333337,0.21295885499997994,3.0476190476190474
1313,19,38,20,1.736842105263158,0.35416666666666663,0.4823763889427201,3.3684210526315788
1314,18,34,21,1.65,0.38888888888888884,0.47696960070847283,3.15
1315,18,38,21,1.7,0.3671875,0.39999999999999997,3.2
1316,18,42,16,1.7,0.29166666666666663,0.39999999999999997,3.2
1317,18,36,22,1.7,0.3880208333333333,0.39999999999999997,3.2
1318,17,39,19,1.6666666666666667,0.34114583333333337,0.21295885499997994,3.0476190476190474
1319,19,41,19,1.736842105263158,0.3203125,0.4823763889427201,3.3684210526315788
1320,19,39,20,1.736842105263158,0.3515625,0.4823763889427201,3.3684210526315788
1321,20,37,20,1.7777777777777777,0.3671875,0.49690399499995325,3.5555555555555554
1322,19,41,17,1.736842105263158,0.3098958333333333,0.4823763889427201,3.3684210526315788
1323,19,37,21,1.736842105263158,0.3671875,0.48237638894272,3.3684210526315788
1324,18,39,22,1.7,0.3671875,0.39999999999999997,3.2
1325,19,36,20,1.736842105263158,0.37239583333333337,0.4823763889427201,3.3684210526315788
1326,19,38,20,1.736842105263158,0.3567708333333333,0.4823763889427201,3.3684210526315788
1327,19,33,20,1.736842105263158,0.3828125,0.48237638894272,3.3684210526315788
1328,19,37,22,1.736842105263158,0.3828125,0.48237638894272,3.3684210526315788
1329,19,36,20,1.736842105263158,0.3697916666666667,0.4823763889427201,3.3684210526315788
1330,18,36,19,1.7,0.3619791666666667,0.39999999999999997,3.2
1331,17,36,20,1.6666666666666667,0.3671875,0.21295885499997994,3.0476190476190474
1332,18,38,21,1.7,0.3619791666666667,0.39999999999999997,3.2
1333,17,35,21,1.6666666666666667,0.3854166666666667,0.21295885499997994,3.0476190476190474
1334,19,38,20,1.736842105263158,0.35416666666666663,0.4823763889427201,3.3684210526315788
1335,17,34,22,1.6666666666666667,0.40364583333333337,0.21295885499997994,3.0476190476190474
1336,19,36,23,1.736842105263158,0.3958333333333333,0.4823763889427201,3.3684210526315788
1337,19,36,19,1.736842105263158,0.359375,0.48237638894272,3.3684210526315788
1338,19,40,18,1.7894736842105263,0.3255208333333333,0.4823763889427201,3.3684210526315788
1339,19,37,20,1.736842105263158,0.36458333333333337,0.4823763889427201,3.3684210526315788
1340,17,38,20,1.6666666666666667,0.35677083333333337,0.21295885499997994,3.0476190476190474
1341,19,36,20,1.736842105263158,0.36458333333333337,0.4823763889427201,3.3684210526315788
1342,17,38,20,1.6666666666666667,0.359375,0.21295885499997994,3.0476190476190474
1343,19,39,21,1.736842105263158,0.35677083333333337,0.4823763889427201,3.3684210526315788
1344,18,35,20,1.7,0.375,0.39999999999999997,3.2
1345,19,37,20,1.736842105263158,0.3619791666666667,0.4823763889427201,3.3684210526315788
1346,17,37,22,1.6666666666666667,0.38020833333333337,0.21295885499997994,3.0476190476190474
1347,20,38,15,1.7777777777777777,0.31510416666666663,0.49690399499995325,3.5555555555555554
1348,19,38,21,1.736842105263158,0.3671875,0.4823763889427201,3.3684210526315788
1349,18,39,19,1.7,0.33854166666666663,0.39999999999999997,3.2
1350,18,32,22,1.7,0.41666666666666663,0.39999999999999997,3.2
1351,19,38,19,1.736842105263158,0.3515625,0.4823763889427201,3.3684210526315788
1352,19,36,22,1.736842105263158,0.38541666666666663,0.4823763889427201,3.3684210526315788
1353,18,40,21,1.7,0.3489583333333333,0.39999999999999997,3.2
1354,19,34,22,1.736842105263158,0.40104166666666663,0.4823763889427201,3.3684210526315788
1355,19,36,21,1.736842105263158,0.375,0.4823763889427201,3.3684210526315788
1356,18,35,23,1.7,0.4036458333333333,0.39999999999999997,3.2
1357,18,39,19,1.7,0.3411458333333333,0.39999999999999997,3.2
1358,17,40,19,1.6666666666666667,0.3359375,0.21295885499997994,3.0476190476190474
1359,19,35,19,1.736842105263158,0.3671875,0.4823763889427201,3.3684210526315788
1360,19,38,17,1.736842105263158,0.3333333333333333,0.4823763889427201,3.3684210526315788
1361,18,31,25,1.65,0.4497354497354497,0.47696960070847283,3.15
1362,18,37,21,1.7,0.3671875,0.39999999999999997,3.2
1363,18,36,22,1.7,0.38802083333333337,0.39999999999999997,3.2
1364,18,39,20,1.7,0.3489583333333333,0.39999999999999997,3.2
1365,18,36,21,1.7,0.375,0.39999999999999997,3.2
1366,18,37,19,1.65,0.3518518518518518,0.47696960070847283,3.15
1367,19,34,21,1.736842105263158,0.3932291666666667,0.4823763889427201,3.3684210526315788
1368,18,36,16,1.65,0.33068783068783075,0.47696960070847283,3.15
1369,18,36,18,1.7,0.34375,0.39999999999999997,3.2
1370,19,33,22,1.736842105263158,0.40885416666666663,0.48237638894272,3.3684210526315788
1371,19,35,21,1.736842105263158,0.3802083333333333,0.4823763889427201,3.3684210526315788
1372,19,35,22,1.736842105263158,0.3984375,0.4823763889427201,3.3684210526315788
1373,19,35,22,1.736842105263158,0.39322916666666663,0.4823763889427201,3.3684210526315788
1374,18,37,24,1.7,0.3958333333333333,0.39999999999999997,3.2
1375,18,38,21,1.7,0.3619791666666667,0.39999999999999997,3.2
1376,19,37,20,1.736842105263158,0.36197916666666663,0.48237638894272,3.3684210526315788
1377,18,37,22,1.7,0.37760416666666663,0.39999999999999997,3.2
1378,19,38,19,1.736842105263158,0.34895833333333337,0.4823763889427201,3.3684210526315788
1379,19,37,21,1.736842105263158,0.3723958333333333,0.4823763889427201,3.3684210526315788
1380,18,38,18,1.7,0.3359375,0.39999999999999997,3.2
1381,19,36,21,1.736842105263158,0.37760416666666663,0.4823763889427201,3.3684210526315788
1382,17,37,20,1.6666666666666667,0.3671875,0.21295885499997994,3.0476190476190474
1383,18,37,21,1.7,0.3671875,0.39999999999999997,3.2
1384,18,38,20,1.7,0.35677083333333337,0.39999999999999997,3.2
1385,19,36,21,1.736842105263158,0.3776041666666667,0.4823763889427201,3.3684210526315788
1386,19,29,24,1.736842105263158,0.453125,0.4823763889427201,3.3684210526315788
1387,17,35,20,1.6666666666666667,0.3828125,0.21295885499997994,3.0476190476190474
1388,18,37,18,1.7,0.34895833333333337,0.39999999999999997,3.2
1389,19,37,19,1.736842105263158,0.3567708333333333,0.4823763889427201,3.3684210526315788
1390,18,39,20,1.7,0.3463541666666667,0.39999999999999997,3.2
1391,19,36,21,1.736842105263158,0.38020833333333337,0.4823763889427201,3.3684210526315788
1392,18,36,20,1.7,0.36979166666666663,0.39999999999999997,3.2
1393,17,41,19,1.6666666666666667,0.32552083333333337,0.21295885499997994,3.0476190476190474
1394,19,40,21,1.736842105263158,0.34895833333333337,0.48237638894272,3.3684210526315788
1395,19,35,21,1.6842105263157894,0.38359788359788355,0.5668594533825794,3.3157894736842106
1396,19,37,19,1.736842105263158,0.35677083333333337,0.4823763889427201,3.3684210526315788
1397,18,36,21,1.7,0.38020833333333337,0.39999999999999997,3.2
1398,19,35,21,1.736842105263158,0.38802083333333337,0.4823763889427201,3.3684210526315788
1399,18,33,26,1.7,0.4453125,0.39999999999999997,3.2
1400,18,38,20,1.7,0.3567708333333333,0.39999999999999997,3.2
1401,19,36,22,1.736842105263158,0.3854166666666667,0.48237638894272,3.3684210526315788
1402,19,35,21,1.736842105263158,0.3828125,0.4823763889427201,3.3684210526315788
1403,18,33,22,1.7,0.40625,0.39999999999999997,3.2
1404,18,36,20,1.7,0.37239583333333337,0.39999999999999997,3.2
1405,18,33,21,1.7,0.4010416666666667,0.39999999999999997,3.2
1406,19,33,21,1.736842105263158,0.390625,0.4823763889427201,3.3684210526315788
1407,19,36,23,1.736842105263158,0.3984375,0.4823763889427201,3.3684210526315788
1408,18,37,21,1.7,0.37239583333333337,0.39999999999999997,3.2
1409,19,33,21,1.736842105263158,0.3932291666666667,0.4823763889427201,3.3684210526315788
1410,18,35,20,1.7,0.37239583333333337,0.39999999999999997,3.2
1411,19,38,20,1.736842105263158,0.35416666666666663,0.4823763889427201,3.3684210526315788
1412,19,34,20,1.7894736842105263,0.3828125,0.4823763889427201,3.3684210526315788
1413,19,37,20,1.736842105263158,0.359375,0.4823763889427201,3.3684210526315788
1414,18,37,21,1.7,0.375,0.39999999999999997,3.2
1415,18,33,22,1.7,0.40885416666666663,0.39999999999999997,3.2
1416,19,34,22,1.736842105263158,0.40104166666666663,0.48237638894272,3.3684210526315788
1417,17,32,24,1.6666666666666667,0.43229166666666663,0.21295885499997994,3.0476190476190474
1418,19,41,19,1.736842105263158,0.328125,0.4823763889427201,3.3684210526315788
1419,18,37,23,1.7,0.390625,0.39999999999999997,3.2
1420,18,37,21,1.7,0.3723958333333333,0.39999999999999997,3.2
1421,19,30,23,1.736842105263158,0.4375,0.48237638894272,3.3684210526315788
1422,19,34,24,1.736842105263158,0.41927083333333337,0.48237638894272,3.3684210526315788
1423,19,35,20,1.736842105263158,0.38020833333333337,0.4823763889427201,3.3684210526315788
1424,17,38,21,1.6666666666666667,0.3671875,0.21295885499997994,3.0476190476190474
1425,18,35,23,1.7,0.40625,0.39999999999999997,3.2
1426,19,36,18,1.6842105263157894,0.35449735449735453,0.5668594533825794,3.3157894736842106
1427,18,35,22,1.7,0.390625,0.39999999999999997,3.2
1428,18,32,21,1.7,0.40625,0.39999999999999997,3.2
1429,19,33,22,1.736842105263158,0.40625,0.4823763889427201,3.3684210526315788
1430,18,32,23,1.65,0.42592592592592593,0.47696960070847283,3.15
1431,18,39,20,1.7,0.34375,0.39999999999999997,3.2
1432,19,34,20,1.736842105263158,0.3854166666666667,0.4823763889427201,3.3684210526315788
1433,19,34,21,1.736842105263158,0.390625,0.4823763889427201,3.3684210526315788
1434,18,34,22,1.7,0.4010416666666667,0.39999999999999997,3.2
1435,18,32,22,1.7,0.421875,0.39999999999999997,3.2
1436,18,33,22,1.7,0.4010416666666667,0.39999999999999997,3.2
1437,19,33,22,1.736842105263158,0.40625,0.48237638894272,3.3684210526315788
1438,18,33,19,1.65,0.3783068783068783,0.47696960070847283,3.15
1439,18,38,18,1.65,0.3412698412698413,0.47696960070847283,3.15
1440,19,39,20,1.736842105263158,0.3489583333333333,0.4823763889427201,3.3684210526315788
1441,19,37,19,1.736842105263158,0.35677083333333337,0.4823763889427201,3.3684210526315788
1442,18,35,22,1.7,0.3958333333333333,0.39999999999999997,3.2
1443,18,36,23,1.7,0.3958333333333333,0.39999999999999997,3.2
1444,18,36,20,1.75,0.3697916666666667,0.39999999999999997,3.2
1445,18,35,20,1.7,0.375,0.39999999999999997,3.2
1446,18,35,18,1.65,0.3518518518518518,0.47696960070847283,3.15
1447,18,36,18,1.7,0.3515625,0.39999999999999997,3.2
1448,19,33,22,1.736842105263158,0.4088541666666667,0.4823763889427201,3.3684210526315788
1449,18,34,22,1.7,0.39583333333333337,0.39999999999999997,3.2
1450,17,38,23,1.6666666666666667,0.3802083333333333,0.21295885499997994,3.0476190476190474
1451,17,34,22,1.6666666666666667,0.4010416666666667,0.21295885499997994,3.0476190476190474
1452,17,33,22,1.619047619047619,0.41005291005291006,0.3086066999241838,3.0
1453,18,33,22,1.7,0.4088541666666667,0.39999999999999997,3.2
1454,18,37,21,1.7,0.3723958333333333,0.39999999999999997,3.2
1455,18,36,20,1.7,0.3723958333333333,0.39999999999999997,3.2
1456,18,37,20,1.7,0.36197916666666663,0.39999999999999997,3.2
1457,19,36,22,1.736842105263158,0.390625,0.4823763889427201,3.3684210526315788
1458,19,36,22,1.736842105263158,0.38802083333333337,0.4823763889427201,3.3684210526315788
1459,18,36,21,1.7,0.3828125,0.39999999999999997,3.2
1460,19,33,21,1.6842105263157894,0.4021164021164021,0.5668594533825794,3.3157894736842106
1461,17,34,21,1.6666666666666667,0.390625,0.21295885499997994,3.0476190476190474
1462,20,35,21,1.7777777777777777,0.3880208333333333,0.49690399499995325,3.5555555555555554
1463,19,32,24,1.736842105263158,0.4296875,0.48237638894272,3.3684210526315788
1464,20,39,20,1.7777777777777777,0.3515625,0.49690399499995325,3.5555555555555554
1465,19,36,20,1.736842105263158,0.3671875,0.4823763889427201,3.3684210526315788
1466,18,34,21,1.65,0.3968253968253968,0.47696960070847283,3.15
1467,19,37,19,1.736842105263158,0.35416666666666663,0.4823763889427201,3.3684210526315788
1468,18,35,20,1.7,0.375,0.39999999999999997,3.2
1469,19,32,21,1.736842105263158,0.40885416666666663,0.4823763889427201,3.3684210526315788
1470,18,37,22,1.7,0.3828125,0.39999999999999997,3.2
1471,19,35,21,1.736842105263158,0.3880208333333333,0.4823763889427201,3.3684210526315788
1472,19,42,17,1.736842105263158,0.3046875,0.48237638894272,3.3684210526315788
1473,18,32,22,1.7,0.4140625,0.39999999999999997,3.2
1474,18,36,21,1.7,0.37760416666666663,0.39999999999999997,3.2
1475,17,33,21,1.6666666666666667,0.3984375,0.21295885499997994,3.0476190476190474
1476,18,39,20,1.75,0.34895833333333337,0.39999999999999997,3.2
1477,17,33,22,1.6666666666666667,0.40885416666666663,0.21295885499997994,3.0476190476190474
1478,20,34,22,1.7777777777777777,0.3984375,0.49690399499995325,3.5555555555555554
1479,19,35,19,1.736842105263158,0.36197916666666663,0.4823763889427201,3.3684210526315788
1480,18,35,22,1.65,0.3941798941798942,0.47696960070847283,3.15
1481,17,34,24,1.6666666666666667,0.4192708333333333,0.21295885499997994,3.0476190476190474
1482,18,37,22,1.7,0.3802083333333333,0.39999999999999997,3.2
1483,18,35,22,1.7,0.3958333333333333,0.39999999999999997,3.2
1484,18,38,18,1.7,0.3359375,0.39999999999999997,3.2
1485,18,31,22,1.7,0.4244791666666667,0.39999999999999997,3.2
1486,19,36,21,1.736842105263158,0.37760416666666663,0.48237638894272,3.3684210526315788
1487,18,34,24,1.7,0.41927083333333337,0.39999999999999997,3.2
1488,17,32,27,1.6666666666666667,0.4583333333333333,0.21295885499997994,3.0476190476190474
1489,19,38,20,1.6842105263157894,0.35449735449735453,0.5668594533825794,3.3157894736842106
1490,18,37,20,1.7,0.3645833333333333,0.39999999999999997,3.2
1491,18,30,22,1.7,0.4296875,0.39999999999999997,3.2
1492,18,35,21,1.7,0.38541666666666663,0.39999999999999997,3.2
1493,17,33,22,1.6666666666666667,0.41145833333333337,0.21295885499997994,3.0476190476190474
1494,17,30,26,1.619047619047619,0.46296296296296297,0.3086066999241838,3.0
1495,18,35,21,1.7,0.3880208333333333,0.39999999999999997,3.2
1496,19,35,22,1.736842105263158,0.390625,0.48237638894272,3.3684210526315788
1497,18,32,22,1.7,0.4140625,0.39999999999999997,3.2
1498,18,39,16,1.75,0.31510416666666663,0.39999999999999997,3.2
1499,17,34,22,1.6666666666666667,0.40104166666666663,0.21295885499997994,3.0476190476190474
1500,17,38,20,1.6666666666666667,0.35416666666666663,0.21295885499997994,3.0476190476190474
1501,18,35,22,1.7,0.3958333333333333,0.39999999999999997,3.2
1502,19,37,20,1.736842105263158,0.3645833333333333,0.4823763889427201,3.3684210526315788
1503,18,36,21,1.65,0.38095238095238093,0.47696960070847283,3.15
1504,19,32,23,1.736842105263158,0.41927083333333337,0.48237638894272,3.3684210526315788
1505,19,41,19,1.736842105263158,0.3255208333333333,0.4823763889427201,3.3684210526315788
1506,18,38,19,1.7,0.3463541666666667,0.39999999999999997,3.2
1507,18,37,22,1.7,0.38020833333333337,0.39999999999999997,3.2
1508,18,41,17,1.7,0.3046875,0.39999999999999997,3.2
1509,19,36,22,1.6842105263157894,0.3888888888888889,0.5668594533825794,3.3157894736842106
1510,18,39,21,1.7,0.35677083333333337,0.39999999999999997,3.2
1511,20,38,20,1.7777777777777777,0.34895833333333337,0.49690399499995325,3.5555555555555554
1512,17,35,20,1.6666666666666667,0.37760416666666663,0.21295885499997994,3.0476190476190474
1513,19,31,21,1.736842105263158,0.4140625,0.48237638894272,3.3684210526315788
1514,19,40,18,1.736842105263158,0.3229166666666667,0.48237638894272,3.3684210526315788
1515,18,34,23,1.7,0.40625,0.39999999999999997,3.2
1516,18,37,20,1.7,0.3619791666666667,0.39999999999999997,3.2
1517,17,36,22,1.6666666666666667,0.3880208333333333,0.21295885499997994,3.0476190476190474
1518,17,33,22,1.6666666666666667,0.40625,0.21295885499997994,3.0476190476190474
1519,19,38,21,1.736842105263158,0.3645833333333333,0.4823763889427201,3.3684210526315788
1520,18,37,22,1.7,0.3776041666666667,0.39999999999999997,3.2
1521,19,33,22,1.736842105263158,0.40364583333333337,0.48237638894272,3.3684210526315788
1522,19,36,22,1.736842105263158,0.3880208333333333,0.4823763889427201,3.3684210526315788
1523,19,32,23,1.736842105263158,0.4244791666666667,0.4823763889427201,3.3684210526315788
1524,18,36,22,1.7,0.390625,0.39999999999999997,3.2
1525,18,34,24,1.7,0.41666666666666663,0.39999999999999997,3.2
1526,20,38,21,1.7777777777777777,0.3671875,0.49690399499995325,3.5555555555555554
1527,18,36,21,1.65,0.373015873015873,0.47696960070847283,3.15
1528,19,31,23,1.736842105263158,0.42708333333333337,0.4823763889427201,3.3684210526315788
1529,20,34,21,1.7222222222222223,0.3862433862433862,0.6009252125773316,3.5
1530,18,30,24,1.7,0.4453125,0.39999999999999997,3.2
1531,18,33,23,1.7,0.4192708333333333,0.39999999999999997,3.2
1532,18,34,21,1.7,0.39583333333333337,0.39999999999999997,3.2
1533,18,33,21,1.7,0.40104166666666663,0.39999999999999997,3.2
1534,18,35,21,1.7,0.38541666666666663,0.39999999999999997,3.2
1535,17,33,23,1.6666666666666667,0.4192708333333333,0.21295885499997994,3.0476190476190474
1536,18,31,23,1.65,0.4365079365079365,0.47696960070847283,3.15
1537,19,35,21,1.736842105263158,0.38802083333333337,0.4823763889427201,3.3684210526315788
1538,18,35,21,1.7,0.38541666666666663,0.39999999999999997,3.2
1539,19,32,20,1.736842105263158,0.3984375,0.4823763889427201,3.3684210526315788
1540,18,31,23,1.7,0.4270833333333333,0.39999999999999997,3.2
1541,18,31,24,1.7,0.4375,0.39999999999999997,3.2
1542,19,34,20,1.736842105263158,0.38020833333333337,0.48237638894272,3.3684210526315788
1543,19,37,23,1.736842105263158,0.3854166666666667,0.4823763889427201,3.3684210526315788
1544,19,36,23,1.736842105263158,0.39583333333333337,0.4823763889427201,3.3684210526315788
1545,17,33,21,1.6666666666666667,0.4036458333333333,0.21295885499997994,3.0476190476190474
1546,18,36,22,1.7,0.390625,0.39999999999999997,3.2
1547,18,33,24,1.65,0.42857142857142855,0.47696960070847283,3.15
1548,18,32,23,1.7,0.4296875,0.39999999999999997,3.2
1549,18,39,19,1.7,0.34114583333333337,0.39999999999999997,3.2
1550,19,35,21,1.736842105263158,0.3828125,0.4823763889427201,3.3684210526315788
1551,19,38,20,1.736842105263158,0.3515625,0.4823763889427201,3.3684210526315788
1552,19,35,19,1.736842105263158,0.36979166666666663,0.4823763889427201,3.3684210526315788
1553,19,33,20,1.736842105263158,0.3880208333333333,0.4823763889427201,3.3684210526315788
1554,19,34,23,1.736842105263158,0.4140625,0.4823763889427201,3.3684210526315788
1555,18,34,21,1.7,0.3984375,0.39999999999999997,3.2
1556,19,37,21,1.736842105263158,0.3723958333333333,0.48237638894272,3.3684210526315788
1557,19,32,24,1.736842105263158,0.43489583333333337,0.48237638894272,3.3684210526315788
1558,18,41,19,1.75,0.32552083333333337,0.39999999999999997,3.2
1559,18,34,24,1.7,0.41927083333333337,0.39999999999999997,3.2
1560,18,33,20,1.7,0.3854166666666667,0.39999999999999997,3.2
1561,17,37,21,1.6666666666666667,0.3723958333333333,0.21295885499997994,3.0476190476190474
1562,18,35,21,1.75,0.3854166666666667,0.39999999999999997,3.2
1563,19,37,20,1.736842105263158,0.3645833333333333,0.4823763889427201,3.3684210526315788
1564,17,35,21,1.6666666666666667,0.3854166666666667,0.21295885499997994,3.0476190476190474
1565,19,30,22,1.736842105263158,0.4296875,0.48237638894272,3.3684210526315788
1566,18,36,20,1.75,0.3697916666666667,0.39999999999999997,3.2
1567,18,34,22,1.7,0.40364583333333337,0.39999999999999997,3.2
1568,17,35,23,1.6666666666666667,0.40104166666666663,0.21295885499997994,3.0476190476190474
1569,19,34,20,1.736842105263158,0.3828125,0.4823763889427201,3.3684210526315788
1570,18,31,24,1.7,0.4296875,0.39999999999999997,3.2
1571,18,34,24,1.7,0.41666666666666663,0.39999999999999997,3.2
1572,20,30,26,1.7777777777777777,0.46354166666666663,0.49690399499995325,3.5555555555555554
1573,17,29,21,1.6666666666666667,0.42708333333333337,0.21295885499997994,3.0476190476190474
1574,19,32,25,1.6842105263157894,0.4444444444444444,0.5668594533825794,3.3157894736842106
1575,18,45,17,1.75,0.28125,0.39999999999999997,3.2
1576,18,32,26,1.7,0.453125,0.39999999999999997,3.2
1577,17,32,22,1.6666666666666667,0.41145833333333337,0.21295885499997994,3.0476190476190474
1578,17,33,23,1.619047619047619,0.417989417989418,0.3086066999241838,3.0
1579,19,35,21,1.736842105263158,0.38802083333333337,0.4823763889427201,3.3684210526315788
1580,17,36,22,1.6666666666666667,0.38802083333333337,0.21295885499997994,3.0476190476190474
1581,19,32,23,1.736842105263158,0.4244791666666667,0.4823763889427201,3.3684210526315788
1582,19,35,23,1.736842105263158,0.40625,0.4823763889427201,3.3684210526315788
1583,17,36,21,1.6666666666666667,0.37760416666666663,0.21295885499997994,3.0476190476190474
1584,19,35,19,1.6842105263157894,0.36507936507936506,0.5668594533825794,3.3157894736842106
1585,19,32,24,1.736842105263158,0.43229166666666663,0.48237638894272,3.3684210526315788
1586,17,35,21,1.6666666666666667,0.3880208333333333,0.21295885499997994,3.0476190476190474
1587,18,36,21,1.65,0.3783068783068783,0.47696960070847283,3.15
1588,18,36,21,1.7,0.38020833333333337,0.39999999999999997,3.2
1589,18,33,23,1.7,0.41927083333333337,0.39999999999999997,3.2
1590,17,32,22,1.619047619047619,0.4153439153439153,0.3086066999241838,3.0
1591,19,37,20,1.736842105263158,0.3671875,0.4823763889427201,3.3684210526315788
1592,19,40,18,1.736842105263158,0.328125,0.4823763889427201,3.3684210526315788
1593,21,11,25,1.4705882352941178,0.6626016260162602,0.973702668073344,2.411764705882353
1594,19,33,21,1.736842105263158,0.40104166666666663,0.4823763889427201,3.3684210526315788
1595,18,36,22,1.7,0.38541666666666663,0.39999999999999997,3.2
1596,19,35,21,1.736842105263158,0.38020833333333337,0.4823763889427201,3.3684210526315788
1597,19,37,22,1.736842105263158,0.38020833333333337,0.4823763889427201,3.3684210526315788
1598,18,34,24,1.7,0.4140625,0.39999999999999997,3.2
1599,19,36,22,1.736842105263158,0.3880208333333333,0.4823763889427201,3.3684210526315788
1600,18,35,23,1.7,0.4036458333333333,0.39999999999999997,3.2
1601,18,36,22,1.7,0.3880208333333333,0.39999999999999997,3.2
1602,18,32,23,1.7,0.42708333333333337,0.39999999999999997,3.2
1603,18,35,22,1.7,0.39583333333333337,0.39999999999999997,3.2
1604,19,35,22,1.736842105263158,0.390625,0.4823763889427201,3.3684210526315788
1605,18,35,21,1.65,0.38095238095238093,0.47696960070847283,3.15
1606,18,28,23,1.65,0.4523809523809524,0.47696960070847283,3.15
1607,19,35,22,1.736842105263158,0.3932291666666667,0.4823763889427201,3.3684210526315788
1608,19,36,20,1.7894736842105263,0.36979166666666663,0.4823763889427201,3.3684210526315788
1609,18,35,23,1.7,0.40104166666666663,0.39999999999999997,3.2
1610,18,29,24,1.7,0.4603174603174603,0.47696960070847283,3.15
1611,19,35,24,1.736842105263158,0.40885416666666663,0.4823763889427201,3.3684210526315788
1612,18,35,20,1.7,0.37239583333333337,0.39999999999999997,3.2
1613,18,35,21,1.7,0.38802083333333337,0.39999999999999997,3.2
1614,18,29,23,1.7,0.4427083333333333,0.39999999999999997,3.2
1615,18,32,22,1.7,0.4140625,0.39999999999999997,3.2
1616,19,32,25,1.736842105263158,0.44010416666666663,0.4823763889427201,3.3684210526315788
1617,18,31,23,1.7,0.4296875,0.39999999999999997,3.2
1618,19,36,20,1.736842105263158,0.3697916666666667,0.48237638894272,3.3684210526315788
1619,18,33,23,1.65,0.41798941798941797,0.47696960070847283,3.15
1620,18,36,21,1.7,0.3802083333333333,0.39999999999999997,3.2
1621,17,36,22,1.6666666666666667,0.38541666666666663,0.21295885499997994,3.0476190476190474
1622,18,30,23,1.7,0.4375,0.39999999999999997,3.2
1623,18,35,23,1.7,0.40104166666666663,0.39999999999999997,3.2
1624,18,35,20,1.7,0.3802083333333333,0.39999999999999997,3.2
1625,19,32,23,1.6842105263157894,0.42592592592592593,0.5668594533825794,3.3157894736842106
1626,18,36,19,1.7,0.359375,0.39999999999999997,3.2
1627,19,33,21,1.736842105263158,0.40104166666666663,0.4823763889427201,3.3684210526315788
1628,17,32,24,1.6666666666666667,0.4270833333333333,0.21295885499997994,3.0476190476190474
1629,17,37,22,1.619047619047619,0.38095238095238093,0.3086066999241838,3.0
1630,18,39,20,1.7,0.34895833333333337,0.39999999999999997,3.2
1631,18,37,18,1.7,0.3489583333333333,0.39999999999999997,3.2
1632,19,27,25,1.736842105263158,0.47395833333333337,0.4823763889427201,3.3684210526315788
1633,19,35,20,1.736842105263158,0.3776041666666667,0.4823763889427201,3.3684210526315788
1634,18,33,23,1.65,0.41798941798941797,0.47696960070847283,3.15
1635,19,37,19,1.736842105263158,0.3541666666666667,0.4823763889427201,3.3684210526315788
1636,18,33,23,1.7,0.41666666666666663,0.39999999999999997,3.2
1637,18,35,23,1.7,0.4036458333333333,0.39999999999999997,3.2
1638,18,32,23,1.7,0.41927083333333337,0.39999999999999997,3.2
1639,19,29,25,1.736842105263158,0.45833333333333337,0.4823763889427201,3.3684210526315788
1640,18,30,23,1.7,0.4375,0.39999999999999997,3.2
1641,19,33,22,1.736842105263158,0.40885416666666663,0.4823763889427201,3.3684210526315788
1642,18,32,21,1.7,0.40625,0.39999999999999997,3.2
1643,18,29,26,1.7,0.47135416666666663,0.39999999999999997,3.2
1644,19,34,23,1.736842105263158,0.4114583333333333,0.4823763889427201,3.3684210526315788
1645,19,32,22,1.736842105263158,0.4140625,0.4823763889427201,3.3684210526315788
1646,18,33,24,1.7,0.42447916666666663,0.39999999999999997,3.2
1647,17,35,21,1.6666666666666667,0.3828125,0.21295885499997994,3.0476190476190474
1648,17,39,19,1.7142857142857142,0.3385416666666667,0.21295885499997994,3.0476190476190474
1649,19,37,20,1.736842105263158,0.36458333333333337,0.4823763889427201,3.3684210526315788
1650,18,32,22,1.65,0.41798941798941797,0.47696960070847283,3.15
1651,18,34,22,1.7,0.4036458333333333,0.39999999999999997,3.2
1652,18,35,20,1.7,0.37760416666666663,0.39999999999999997,3.2
1653,18,35,20,1.7,0.37760416666666663,0.39999999999999997,3.2
1654,19,34,22,1.736842105263158,0.4036458333333333,0.48237638894272,3.3684210526315788
1655,18,35,21,1.7,0.3880208333333333,0.39999999999999997,3.2
1656,17,32,25,1.6666666666666667,0.4427083333333333,0.21295885499997994,3.0476190476190474
1657,18,33,24,1.7,0.42447916666666663,0.39999999999999997,3.2
1658,18,35,23,1.7,0.4036458333333333,0.39999999999999997,3.2
1659,19,33,20,1.736842105263158,0.3880208333333333,0.48237638894272,3.3684210526315788
1660,18,33,25,1.7,0.4296875,0.39999999999999997,3.2
1661,18,36,20,1.7,0.375,0.39999999999999997,3.2
1662,17,34,22,1.6666666666666667,0.40104166666666663,0.21295885499997994,3.0476190476190474
1663,20,32,23,1.7777777777777777,0.42447916666666663,0.49690399499995325,3.5555555555555554
1664,18,33,23,1.7,0.4192708333333333,0.39999999999999997,3.2
1665,18,30,26,1.7,0.4635416666666667,0.39999999999999997,3.2
1666,19,35,23,1.736842105263158,0.4036458333333333,0.4823763889427201,3.3684210526315788
1667,18,32,24,1.7,0.4348958333333333,0.39999999999999997,3.2
1668,19,33,22,1.736842105263158,0.40885416666666663,0.4823763889427201,3.3684210526315788
1669,17,34,21,1.6666666666666667,0.39322916666666663,0.21295885499997994,3.0476190476190474
1670,17,32,25,1.6666666666666667,0.4427083333333333,0.21295885499997994,3.0476190476190474
1671,19,33,23,1.736842105263158,0.4192708333333333,0.4823763889427201,3.3684210526315788
1672,18,35,22,1.7,0.3958333333333333,0.39999999999999997,3.2
1673,17,33,23,1.6666666666666667,0.41666666666666663,0.21295885499997994,3.0476190476190474
1674,18,33,22,1.7,0.4114583333333333,0.39999999999999997,3.2
1675,17,29,23,1.619047619047619,0.44444444444444436,0.3086066999241838,3.0
1676,19,37,21,1.736842105263158,0.36979166666666663,0.4823763889427201,3.3684210526315788
1677,18,34,23,1.7,0.40625,0.39999999999999997,3.2
1678,19,34,21,1.736842105263158,0.39322916666666663,0.4823763889427201,3.3684210526315788
1679,17,33,23,1.6666666666666667,0.4140625,0.21295885499997994,3.0476190476190474
1680,18,34,23,1.7,0.41145833333333337,0.39999999999999997,3.2
1681,19,36,22,1.736842105263158,0.3854166666666667,0.4823763889427201,3.3684210526315788
1682,18,29,23,1.65,0.4444444444444444,0.47696960070847283,3.15
1683,18,30,21,1.7,0.42447916666666663,0.39999999999999997,3.2
1684,19,34,21,1.736842105263158,0.39322916666666663,0.4823763889427201,3.3684210526315788
1685,19,32,23,1.6842105263157894,0.4206349206349206,0.5668594533825794,3.3157894736842106
1686,19,34,22,1.736842105263158,0.40104166666666663,0.48237638894272,3.3684210526315788
1687,19,32,22,1.736842105263158,0.41145833333333337,0.4823763889427201,3.3684210526315788
1688,19,35,23,1.736842105263158,0.4036458333333333,0.4823763889427201,3.3684210526315788
1689,18,32,22,1.7,0.4140625,0.39999999999999997,3.2
1690,19,33,24,1.736842105263158,0.4270833333333333,0.4823763889427201,3.3684210526315788
1691,18,34,23,1.7,0.4114583333333333,0.39999999999999997,3.2
1692,18,28,24,1.65,0.4576719576719577,0.47696960070847283,3.15
1693,19,33,24,1.736842105263158,0.42447916666666663,0.4823763889427201,3.3684210526315788
1694,19,34,23,1.736842105263158,0.41145833333333337,0.4823763889427201,3.3684210526315788
1695,17,31,23,1.6666666666666667,0.43229166666666663,0.21295885499997994,3.0476190476190474
1696,18,32,26,1.7,0.44791666666666663,0.39999999999999997,3.2
1697,19,33,24,1.736842105263158,0.42447916666666663,0.48237638894272,3.3684210526315788
1698,18,31,23,1.7,0.43229166666666663,0.39999999999999997,3.2
1699,18,34,21,1.65,0.3941798941798942,0.47696960070847283,3.15
1700,18,34,22,1.7,0.40104166666666663,0.39999999999999997,3.2
1701,18,32,23,1.7,0.4270833333333333,0.39999999999999997,3.2
1702,18,37,21,1.7,0.3697916666666667,0.39999999999999997,3.2
1703,18,34,22,1.65,0.4021164021164021,0.47696960070847283,3.15
1704,18,31,23,1.65,0.43121693121693117,0.47696960070847283,3.15
1705,19,38,20,1.736842105263158,0.35416666666666663,0.4823763889427201,3.3684210526315788
1706,18,32,26,1.7,0.44791666666666663,0.39999999999999997,3.2
1707,17,38,19,1.6666666666666667,0.34375,0.21295885499997994,3.0476190476190474
1708,19,28,26,1.736842105263158,0.4791666666666667,0.48237638894272,3.3684210526315788
1709,19,36,20,1.736842105263158,0.36458333333333337,0.4823763889427201,3.3684210526315788
1710,18,37,19,1.7,0.35677083333333337,0.39999999999999997,3.2
1711,17,32,23,1.6666666666666667,0.41927083333333337,0.21295885499997994,3.0476190476190474
1712,18,34,22,1.7,0.39583333333333337,0.39999999999999997,3.2
1713,18,34,22,1.7,0.40104166666666663,0.39999999999999997,3.2
1714,18,35,22,1.7,0.390625,0.39999999999999997,3.2
1715,17,36,23,1.6666666666666667,0.3984375,0.21295885499997994,3.0476190476190474
1716,17,34,24,1.6666666666666667,0.4192708333333333,0.21295885499997994,3.0476190476190474
1717,18,34,25,1.7,0.4244791666666667,0.39999999999999997,3.2
1718,19,32,23,1.736842105263158,0.421875,0.4823763889427201,3.3684210526315788
1719,19,33,21,1.6842105263157894,0.3994708994708994,0.5668594533825794,3.3157894736842106
1720,18,34,22,1.7,0.4036458333333333,0.39999999999999997,3.2
1721,18,35,21,1.7,0.38541666666666663,0.39999999999999997,3.2
1722,18,35,22,1.7,0.3958333333333333,0.39999999999999997,3.2
1723,19,31,23,1.736842105263158,0.4348958333333333,0.4823763889427201,3.3684210526315788
1724,18,32,23,1.7,0.4140625,0.39999999999999997,3.2
1725,17,31,24,1.6666666666666667,0.4348958333333333,0.21295885499997994,3.0476190476190474
1726,18,31,25,1.7,0.44791666666666663,0.39999999999999997,3.2
1727,17,35,26,1.6666666666666667,0.42708333333333337,0.21295885499997994,3.0476190476190474
1728,18,31,22,1.7,0.42447916666666663,0.39999999999999997,3.2
1729,18,33,23,1.65,0.41798941798941797,0.47696960070847283,3.15
1730,19,34,23,1.6842105263157894,0.41005291005291006,0.5668594533825794,3.3157894736842106
1731,18,30,23,1.65,0.43915343915343913,0.47696960070847283,3.15
1732,18,35,24,1.7,0.4140625,0.39999999999999997,3.2
1733,17,32,24,1.6666666666666667,0.43229166666666663,0.21295885499997994,3.0476190476190474
1734,19,32,23,1.6842105263157894,0.42328042328042326,0.5668594533825794,3.3157894736842106
1735,18,32,25,1.7,0.4375,0.39999999999999997,3.2
1736,19,31,23,1.736842105263158,0.42708333333333337,0.4823763889427201,3.3684210526315788
1737,18,33,25,1.65,0.43386243386243384,0.47696960070847283,3.15
1738,18,31,23,1.7,0.42708333333333337,0.39999999999999997,3.2
1739,19,32,22,1.736842105263158,0.4140625,0.4823763889427201,3.3684210526315788
1740,18,35,23,1.7,0.4036458333333333,0.39999999999999997,3.2
1741,19,35,20,1.736842105263158,0.37760416666666663,0.4823763889427201,3.3684210526315788
1742,18,32,24,1.7,0.4348958333333333,0.39999999999999997,3.2
1743,19,32,24,1.736842105263158,0.4296875,0.4823763889427201,3.3684210526315788
1744,19,36,22,1.736842105263158,0.390625,0.4823763889427201,3.3684210526315788
1745,18,38,21,1.7,0.3645833333333333,0.39999999999999997,3.2
1746,18,33,23,1.7,0.4192708333333333,0.39999999999999997,3.2
1747,19,30,24,1.736842105263158,0.4505208333333333,0.4823763889427201,3.3684210526315788
1748,18,37,21,1.7,0.37239583333333337,0.39999999999999997,3.2
1749,18,34,22,1.7,0.39583333333333337,0.39999999999999997,3.2
1750,18,34,23,1.7,0.40885416666666663,0.39999999999999997,3.2
1751,18,34,23,1.7,0.4114583333333333,0.39999999999999997,3.2
1752,20,31,22,1.7777777777777777,0.421875,0.49690399499995325,3.5555555555555554
1753,17,29,26,1.619047619047619,0.4708994708994709,0.3086066999241838,3.0
1754,18,32,24,1.7,0.43229166666666663,0.39999999999999997,3.2
1755,18,30,24,1.7,0.4453125,0.39999999999999997,3.2
1756,17,31,23,1.6666666666666667,0.4296875,0.21295885499997994,3.0476190476190474
1757,19,32,24,1.736842105263158,0.43229166666666663,0.4823763889427201,3.3684210526315788
1758,19,31,22,1.736842105263158,0.41927083333333337,0.4823763889427201,3.3684210526315788
1759,18,31,22,1.7,0.41927083333333337,0.39999999999999997,3.2
1760,18,34,25,1.7,0.4270833333333333,0.39999999999999997,3.2
1761,19,31,23,1.736842105263158,0.4296875,0.48237638894272,3.3684210526315788
1762,17,30,25,1.6666666666666667,0.45572916666666663,0.21295885499997994,3.0476190476190474
1763,19,30,23,1.736842105263158,0.4375,0.48237638894272,3.3684210526315788
1764,17,31,23,1.6666666666666667,0.4296875,0.21295885499997994,3.0476190476190474
1765,19,33,24,1.736842105263158,0.4270833333333333,0.4823763889427201,3.3684210526315788
1766,18,33,23,1.65,0.4153439153439153,0.47696960070847283,3.15
1767,18,31,24,1.7,0.4375,0.39999999999999997,3.2
1768,19,28,23,1.736842105263158,0.45052083333333337,0.4823763889427201,3.3684210526315788
1769,18,35,22,1.7,0.3958333333333333,0.39999999999999997,3.2
1770,18,29,25,1.7,0.46354166666666663,0.39999999999999997,3.2
1771,17,29,24,1.6666666666666667,0.4505208333333333,0.21295885499997994,3.0476190476190474
1772,17,34,24,1.619047619047619,0.42063492063492064,0.3086066999241838,3.0
1773,18,30,23,1.7,0.43489583333333337,0.39999999999999997,3.2
1774,18,34,24,1.7,0.41666666666666663,0.39999999999999997,3.2
1775,18,30,23,1.7,0.4375,0.39999999999999997,3.2
1776,19,30,19,1.736842105263158,0.4036458333333333,0.48237638894272,3.3684210526315788
1777,18,35,21,1.7,0.3880208333333333,0.39999999999999997,3.2
1778,18,36,20,1.7,0.37239583333333337,0.39999999999999997,3.2
1779,18,31,23,1.65,0.43121693121693117,0.47696960070847283,3.15
1780,17,29,25,1.6666666666666667,0.4557291666666667,0.21295885499997994,3.0476190476190474
1781,18,34,23,1.7,0.40625,0.39999999999999997,3.2
1782,18,33,23,1.7,0.41145833333333337,0.39999999999999997,3.2
1783,19,31,24,1.736842105263158,0.44010416666666663,0.4823763889427201,3.3684210526315788
1784,17,29,25,1.6666666666666667,0.4609375,0.21295885499997994,3.0476190476190474
1785,19,33,23,1.736842105263158,0.4140625,0.4823763889427201,3.3684210526315788
1786,18,33,24,1.7,0.4270833333333333,0.39999999999999997,3.2
1787,20,36,21,1.7777777777777777,0.3802083333333333,0.49690399499995325,3.5555555555555554
1788,19,31,25,1.736842105263158,0.4505208333333333,0.48237638894272,3.3684210526315788
1789,18,30,24,1.7,0.4505208333333333,0.39999999999999997,3.2
1790,17,35,23,1.6666666666666667,0.4036458333333333,0.21295885499997994,3.0476190476190474
1791,19,33,23,1.6842105263157894,0.4126984126984127,0.5668594533825794,3.3157894736842106
1792,19,32,25,1.736842105263158,0.44010416666666663,0.48237638894272,3.3684210526315788
1793,19,37,19,1.736842105263158,0.3567708333333333,0.4823763889427201,3.3684210526315788
1794,18,30,22,1.7,0.43229166666666663,0.39999999999999997,3.2
1795,18,31,25,1.7,0.44791666666666663,0.39999999999999997,3.2
1796,18,30,25,1.65,0.455026455026455,0.47696960070847283,3.15
1797,17,29,25,1.6666666666666667,0.4583333333333333,0.21295885499997994,3.0476190476190474
1798,18,32,23,1.65,0.4206349206349206,0.47696960070847283,3.15
1799,18,33,20,1.7,0.3880208333333333,0.39999999999999997,3.2
1800,17,31,24,1.619047619047619,0.4365079365079365,0.3086066999241838,3.0
1801,17,33,23,1.6666666666666667,0.4192708333333333,0.21295885499997994,3.0476190476190474
1802,18,33,23,1.7,0.41666666666666663,0.39999999999999997,3.2
1803,18,31,23,1.7,0.43229166666666663,0.39999999999999997,3.2
1804,19,35,21,1.736842105263158,0.3828125,0.4823763889427201,3.3684210526315788
1805,18,31,26,1.7,0.4583333333333333,0.39999999999999997,3.2
1806,18,34,24,1.7,0.4192708333333333,0.39999999999999997,3.2
1807,18,32,22,1.7,0.4192708333333333,0.39999999999999997,3.2
1808,18,35,23,1.65,0.4021164021164021,0.47696960070847283,3.15
1809,18,32,23,1.7,0.421875,0.39999999999999997,3.2
1810,18,33,23,1.7,0.4192708333333333,0.39999999999999997,3.2
1811,17,37,19,1.6666666666666667,0.3515625,0.21295885499997994,3.0476190476190474
1812,18,35,23,1.7,0.4036458333333333,0.39999999999999997,3.2
1813,18,31,26,1.7,0.4609375,0.39999999999999997,3.2
1814,19,36,21,1.736842105263158,0.37760416666666663,0.4823763889427201,3.3684210526315788
1815,17,34,22,1.6666666666666667,0.4036458333333333,0.21295885499997994,3.0476190476190474
1816,17,32,23,1.6666666666666667,0.42447916666666663,0.21295885499997994,3.0476190476190474
1817,18,31,22,1.7,0.4114583333333333,0.39999999999999997,3.2
1818,17,31,24,1.6666666666666667,0.4375,0.21295885499997994,3.0476190476190474
1819,19,32,24,1.736842105263158,0.4348958333333333,0.4823763889427201,3.3684210526315788
1820,18,34,22,1.7,0.4036458333333333,0.39999999999999997,3.2
1821,18,34,23,1.7,0.4114583333333333,0.39999999999999997,3.2
1822,18,31,24,1.7,0.44010416666666663,0.39999999999999997,3.2
1823,18,39,20,1.7,0.34375,0.39999999999999997,3.2
1824,18,31,23,1.7,0.4348958333333333,0.39999999999999997,3.2
1825,18,30,24,1.7,0.4479166666666667,0.39999999999999997,3.2
1826,18,35,22,1.7,0.3958333333333333,0.39999999999999997,3.2
1827,19,30,24,1.736842105263158,0.44270833333333337,0.4823763889427201,3.3684210526315788
1828,19,26,25,1.736842105263158,0.48697916666666663,0.48237638894272,3.3684210526315788
1829,19,33,23,1.6842105263157894,0.4153439153439153,0.5668594533825794,3.3157894736842106
1830,18,37,21,1.7,0.3723958333333333,0.39999999999999997,3.2
1831,20,28,24,1.7777777777777777,0.45572916666666663,0.49690399499995325,3.5555555555555554
1832,18,30,26,1.7,0.45833333333333337,0.39999999999999997,3.2
1833,18,33,23,1.7,0.41666666666666663,0.39999999999999997,3.2
1834,18,33,23,1.7,0.41666666666666663,0.39999999999999997,3.2
1835,17,32,23,1.6666666666666667,0.41927083333333337,0.21295885499997994,3.0476190476190474
1836,19,33,22,1.736842105263158,0.40885416666666663,0.4823763889427201,3.3684210526315788
1837,18,36,21,1.7,0.37760416666666663,0.39999999999999997,3.2
1838,19,32,21,1.6842105263157894,0.4047619047619047,0.5668594533825794,3.3157894736842106
1839,18,34,23,1.7,0.4114583333333333,0.39999999999999997,3.2
1840,17,34,22,1.6666666666666667,0.3984375,0.21295885499997994,3.0476190476190474
1841,18,29,24,1.7,0.45572916666666663,0.39999999999999997,3.2
1842,18,29,24,1.7,0.4505208333333333,0.39999999999999997,3.2
1843,17,31,24,1.6666666666666667,0.4375,0.21295885499997994,3.0476190476190474
1844,18,29,24,1.65,0.4523809523809524,0.47696960070847283,3.15
1845,18,32,23,1.7,0.41927083333333337,0.39999999999999997,3.2
1846,19,34,21,1.736842105263158,0.390625,0.4823763889427201,3.3684210526315788
1847,17,32,24,1.6666666666666667,0.43229166666666663,0.21295885499997994,3.0476190476190474
1848,18,36,20,1.7,0.3723958333333333,0.39999999999999997,3.2
1849,17,30,24,1.6666666666666667,0.4453125,0.21295885499997994,3.0476190476190474
1850,18,33,24,1.7,0.4270833333333333,0.39999999999999997,3.2
1851,19,32,22,1.736842105263158,0.421875,0.4823763889427201,3.3684210526315788
1852,18,31,23,1.7,0.42447916666666663,0.39999999999999997,3.2
1853,18,37,20,1.75,0.3671875,0.39999999999999997,3.2
1854,17,34,25,1.6666666666666667,0.4270833333333333,0.21295885499997994,3.0476190476190474
1855,18,33,24,1.7,0.42447916666666663,0.39999999999999997,3.2
1856,18,29,25,1.7,0.4609375,0.39999999999999997,3.2
1857,18,34,24,1.65,0.42063492063492064,0.47696960070847283,3.15
1858,18,32,23,1.7,0.4270833333333333,0.39999999999999997,3.2
1859,19,38,20,1.7894736842105263,0.35677083333333337,0.4823763889427201,3.3684210526315788
1860,18,35,21,1.7,0.3880208333333333,0.39999999999999997,3.2
1861,18,33,23,1.7,0.41666666666666663,0.39999999999999997,3.2
1862,17,29,24,1.6666666666666667,0.453125,0.21295885499997994,3.0476190476190474
1863,18,32,25,1.7,0.44010416666666663,0.39999999999999997,3.2
1864,18,31,25,1.7,0.44791666666666663,0.39999999999999997,3.2
1865,19,32,24,1.736842105263158,0.43229166666666663,0.4823763889427201,3.3684210526315788
1866,18,30,25,1.65,0.4576719576719577,0.47696960070847283,3.15
1867,17,32,23,1.6666666666666667,0.4270833333333333,0.21295885499997994,3.0476190476190474
1868,19,32,24,1.736842105263158,0.43229166666666663,0.4823763889427201,3.3684210526315788
1869,18,35,21,1.7,0.3880208333333333,0.39999999999999997,3.2
1870,19,33,23,1.736842105263158,0.4192708333333333,0.48237638894272,3.3684210526315788
1871,18,31,24,1.7,0.4375,0.39999999999999997,3.2
1872,18,33,24,1.7,0.4270833333333333,0.39999999999999997,3.2
1873,18,32,25,1.7,0.44010416666666663,0.39999999999999997,3.2
1874,18,30,23,1.7,0.4427083333333333,0.39999999999999997,3.2
1875,18,30,26,1.65,0.46560846560846564,0.47696960070847283,3.15
1876,17,30,25,1.6666666666666667,0.4583333333333333,0.21295885499997994,3.0476190476190474
1877,18,30,25,1.7,0.453125,0.39999999999999997,3.2
1878,18,30,24,1.7,0.44791666666666663,0.39999999999999997,3.2
1879,18,31,23,1.7,0.42708333333333337,0.39999999999999997,3.2
1880,17,31,24,1.619047619047619,0.4417989417989418,0.3086066999241838,3.0
1881,19,34,22,1.736842105263158,0.39583333333333337,0.48237638894272,3.3684210526315788
1882,18,31,23,1.7,0.43229166666666663,0.39999999999999997,3.2
1883,19,35,22,1.736842105263158,0.39322916666666663,0.48237638894272,3.3684210526315788
1884,19,32,22,1.736842105263158,0.41666666666666663,0.4823763889427201,3.3684210526315788
1885,18,30,22,1.65,0.42592592592592593,0.47696960070847283,3.15
1886,18,26,25,1.65,0.4814814814814814,0.47696960070847283,3.15
1887,18,29,24,1.7,0.45052083333333337,0.39999999999999997,3.2
1888,18,32,24,1.7,0.4348958333333333,0.39999999999999997,3.2
1889,18,32,24,1.7,0.43229166666666663,0.39999999999999997,3.2
1890,18,32,23,1.7,0.421875,0.39999999999999997,3.2
1891,17,32,23,1.6666666666666667,0.4270833333333333,0.21295885499997994,3.0476190476190474
1892,19,36,20,1.736842105263158,0.3723958333333333,0.48237638894272,3.3684210526315788
1893,18,29,26,1.7,0.4661458333333333,0.39999999999999997,3.2
1895,18,32,25,1.7,0.44010416666666663,0.39999999999999997,3.2
1896,18,32,25,1.7,0.44010416666666663,0.39999999999999997,3.2
1897,18,32,25,1.7,0.44010416666666663,0.39999999999999997,3.2
1898,18,32,25,1.7,0.44010416666666663,0.39999999999999997,3.2
1899,18,32,25,1.7,0.44010416666666663,0.39999999999999997,3.2
1900,18,32,25,1.7,0.44010416666666663,0.39999999999999997,3.2
1901,18,32,25,1.7,0.44010416666666663,0.39999999999999997,3.2
1902,18,32,25,1.7,0.44010416666666663,0.39999999999999997,3.2
1903,18,32,25,1.7,0.44010416666666663,0.39999999999999997,3.2
1904,18,32,25,1.7,0.44010416666666663,0.39999999999999997,3.2
