Episode,Desafios_sin_equipo,Estudiantes_fuera_preferencias,Estudiantes_primera_prioridad,Promedio_carreras_por_equipo,Satisfaccion_promedio,STD_tamano_equipos,Tamano_promedio_equipo
2,18,61,0,1.75,0.018229166666666664,0.39999999999999997,3.2
3,18,59,4,1.75,0.06770833333333334,0.39999999999999997,3.2
4,18,60,2,1.75,0.046875,0.39999999999999997,3.2
5,18,62,1,1.75,0.020833333333333332,0.39999999999999997,3.2
6,18,56,1,1.75,0.0625,0.39999999999999997,3.2
7,19,61,0,1.7894736842105263,0.018229166666666664,0.4823763889427201,3.3684210526315788
8,17,58,4,1.6666666666666667,0.07291666666666666,0.21295885499997994,3.0476190476190474
9,18,57,3,1.75,0.07552083333333333,0.39999999999999997,3.2
10,18,58,1,1.75,0.049479166666666664,0.39999999999999997,3.2
11,18,56,2,1.75,0.0703125,0.39999999999999997,3.2
12,18,59,1,1.75,0.041666666666666664,0.39999999999999997,3.2
13,18,57,1,1.7,0.05026455026455026,0.47696960070847283,3.15
14,18,60,2,1.75,0.046875,0.39999999999999997,3.2
15,17,61,1,1.7142857142857142,0.028645833333333332,0.21295885499997994,3.0476190476190474
16,17,56,1,1.6666666666666667,0.05989583333333333,0.21295885499997994,3.0476190476190474
17,18,61,1,1.75,0.028645833333333332,0.39999999999999997,3.2
18,17,58,1,1.7142857142857142,0.046875,0.21295885499997994,3.0476190476190474
19,18,57,0,1.75,0.046875,0.39999999999999997,3.2
20,18,60,0,1.75,0.03125,0.39999999999999997,3.2
21,18,59,0,1.75,0.028645833333333332,0.39999999999999997,3.2
22,18,61,0,1.75,0.020833333333333332,0.39999999999999997,3.2
23,17,61,1,1.7142857142857142,0.026041666666666664,0.21295885499997994,3.0476190476190474
24,17,60,1,1.7142857142857142,0.0390625,0.21295885499997994,3.0476190476190474
25,18,61,1,1.75,0.028645833333333332,0.39999999999999997,3.2
26,17,60,3,1.6666666666666667,0.05208333333333333,0.21295885499997994,3.0476190476190474
27,17,58,1,1.7142857142857142,0.049479166666666664,0.21295885499997994,3.0476190476190474
28,19,60,2,1.7894736842105263,0.046875,0.48237638894272,3.3684210526315788
29,17,61,2,1.7142857142857142,0.03645833333333333,0.21295885499997994,3.0476190476190474
30,18,57,1,1.75,0.0546875,0.39999999999999997,3.2
31,18,60,0,1.75,0.0234375,0.39999999999999997,3.2
32,18,58,2,1.75,0.05729166666666666,0.39999999999999997,3.2
33,18,58,3,1.75,0.06770833333333333,0.39999999999999997,3.2
34,18,61,1,1.75,0.028645833333333332,0.39999999999999997,3.2
35,19,61,1,1.7894736842105263,0.026041666666666664,0.4823763889427201,3.3684210526315788
36,18,60,1,1.75,0.03125,0.39999999999999997,3.2
37,18,58,4,1.75,0.07552083333333333,0.39999999999999997,3.2
38,18,56,2,1.75,0.06770833333333333,0.39999999999999997,3.2
39,18,60,1,1.75,0.033854166666666664,0.39999999999999997,3.2
40,17,58,3,1.7142857142857142,0.06510416666666666,0.21295885499997994,3.0476190476190474
41,18,56,4,1.75,0.08333333333333333,0.39999999999999997,3.2
42,17,60,2,1.6666666666666667,0.037037037037037035,0.3086066999241838,3.0
43,17,55,3,1.7142857142857142,0.08333333333333333,0.21295885499997994,3.0476190476190474
44,18,60,0,1.75,0.026041666666666664,0.39999999999999997,3.2
45,18,55,3,1.75,0.0859375,0.39999999999999997,3.2
46,17,61,1,1.7142857142857142,0.03125,0.21295885499997994,3.0476190476190474
47,17,61,1,1.7142857142857142,0.03125,0.21295885499997994,3.0476190476190474
48,17,63,0,1.7142857142857142,0.005208333333333333,0.21295885499997994,3.0476190476190474
49,19,56,2,1.7894736842105263,0.0703125,0.4823763889427201,3.3684210526315788
50,19,57,3,1.7894736842105263,0.0703125,0.4823763889427201,3.3684210526315788
51,19,54,4,1.7894736842105263,0.09895833333333333,0.4823763889427201,3.3684210526315788
52,18,58,1,1.75,0.05208333333333333,0.39999999999999997,3.2
53,17,61,0,1.7142857142857142,0.0234375,0.21295885499997994,3.0476190476190474
54,18,57,3,1.7,0.06613756613756613,0.47696960070847283,3.15
55,19,60,1,1.7894736842105263,0.03645833333333333,0.4823763889427201,3.3684210526315788
56,18,60,1,1.75,0.0390625,0.39999999999999997,3.2
57,18,56,3,1.7,0.07671957671957672,0.47696960070847283,3.15
58,19,60,2,1.7894736842105263,0.044270833333333336,0.4823763889427201,3.3684210526315788
59,18,56,1,1.75,0.05989583333333333,0.39999999999999997,3.2
60,18,61,0,1.75,0.020833333333333332,0.39999999999999997,3.2
61,18,57,3,1.75,0.07291666666666666,0.39999999999999997,3.2
62,17,59,2,1.6666666666666667,0.04497354497354497,0.3086066999241838,3.0
63,18,59,2,1.75,0.05208333333333333,0.39999999999999997,3.2
64,18,59,2,1.75,0.049479166666666664,0.39999999999999997,3.2
65,17,58,1,1.7142857142857142,0.049479166666666664,0.21295885499997994,3.0476190476190474
66,17,61,0,1.6666666666666667,0.020833333333333332,0.21295885499997994,3.0476190476190474
67,17,59,4,1.7142857142857142,0.0703125,0.21295885499997994,3.0476190476190474
68,18,59,2,1.75,0.052083333333333336,0.39999999999999997,3.2
69,17,59,3,1.6666666666666667,0.05989583333333333,0.21295885499997994,3.0476190476190474
70,18,59,0,1.75,0.031249999999999997,0.39999999999999997,3.2
71,18,60,1,1.75,0.031249999999999997,0.39999999999999997,3.2
72,18,59,3,1.75,0.05989583333333333,0.39999999999999997,3.2
73,18,62,0,1.75,0.013020833333333332,0.39999999999999997,3.2
74,17,60,4,1.619047619047619,0.0625,0.21295885499997994,3.0476190476190474
75,18,53,2,1.75,0.08854166666666666,0.39999999999999997,3.2
76,18,59,0,1.7,0.026455026455026454,0.47696960070847283,3.15
77,18,60,1,1.75,0.036458333333333336,0.39999999999999997,3.2
78,18,55,5,1.7,0.09788359788359789,0.47696960070847283,3.15
79,18,59,3,1.75,0.05989583333333333,0.39999999999999997,3.2
80,20,60,3,1.8333333333333333,0.0546875,0.49690399499995325,3.5555555555555554
81,18,60,0,1.75,0.03125,0.39999999999999997,3.2
82,18,58,1,1.75,0.041666666666666664,0.39999999999999997,3.2
83,18,59,2,1.75,0.052083333333333336,0.39999999999999997,3.2
84,18,58,3,1.75,0.06510416666666666,0.39999999999999997,3.2
85,17,60,0,1.7142857142857142,0.03125,0.21295885499997994,3.0476190476190474
86,18,58,3,1.7,0.0703125,0.39999999999999997,3.2
87,20,61,2,1.8333333333333333,0.0390625,0.49690399499995325,3.5555555555555554
88,17,61,0,1.7142857142857142,0.020833333333333332,0.21295885499997994,3.0476190476190474
89,19,60,1,1.736842105263158,0.03645833333333333,0.4823763889427201,3.3684210526315788
90,18,61,0,1.75,0.018229166666666664,0.39999999999999997,3.2
91,18,59,1,1.75,0.041666666666666664,0.39999999999999997,3.2
92,17,59,1,1.7142857142857142,0.041666666666666664,0.21295885499997994,3.0476190476190474
93,18,59,2,1.75,0.049479166666666664,0.39999999999999997,3.2
94,17,55,7,1.7142857142857142,0.125,0.21295885499997994,3.0476190476190474
95,18,61,0,1.75,0.020833333333333332,0.39999999999999997,3.2
96,19,57,3,1.7894736842105263,0.078125,0.4823763889427201,3.3684210526315788
97,17,56,3,1.7142857142857142,0.07812499999999999,0.21295885499997994,3.0476190476190474
98,18,60,1,1.75,0.0390625,0.39999999999999997,3.2
99,17,56,4,1.7142857142857142,0.08854166666666667,0.21295885499997994,3.0476190476190474
100,17,63,1,1.7142857142857142,0.015625,0.21295885499997994,3.0476190476190474
101,18,59,2,1.75,0.05208333333333333,0.39999999999999997,3.2
102,18,57,0,1.75,0.049479166666666664,0.39999999999999997,3.2
103,18,56,4,1.75,0.08854166666666666,0.39999999999999997,3.2
104,18,59,2,1.75,0.046875,0.39999999999999997,3.2
105,17,57,1,1.6666666666666667,0.05989583333333333,0.21295885499997994,3.0476190476190474
106,19,55,4,1.7894736842105263,0.09375,0.4823763889427201,3.3684210526315788
107,18,60,0,1.75,0.023437499999999997,0.39999999999999997,3.2
108,18,60,0,1.7,0.026041666666666664,0.39999999999999997,3.2
109,19,53,5,1.7894736842105263,0.11197916666666666,0.4823763889427201,3.3684210526315788
110,18,56,3,1.75,0.078125,0.39999999999999997,3.2
111,17,60,2,1.7142857142857142,0.046875,0.21295885499997994,3.0476190476190474
112,18,56,1,1.75,0.05989583333333333,0.39999999999999997,3.2
113,18,61,1,1.75,0.028645833333333332,0.39999999999999997,3.2
114,17,56,4,1.7142857142857142,0.08854166666666666,0.21295885499997994,3.0476190476190474
115,17,59,2,1.7142857142857142,0.049479166666666664,0.21295885499997994,3.0476190476190474
116,18,58,5,1.75,0.0859375,0.39999999999999997,3.2
117,18,57,2,1.75,0.06510416666666666,0.39999999999999997,3.2
118,18,58,2,1.75,0.05729166666666667,0.39999999999999997,3.2
119,18,61,1,1.7,0.03125,0.39999999999999997,3.2
120,19,56,3,1.736842105263158,0.07407407407407407,0.5668594533825794,3.3157894736842106
121,18,61,0,1.7,0.020833333333333332,0.39999999999999997,3.2
122,17,59,0,1.7142857142857142,0.02864583333333333,0.21295885499997994,3.0476190476190474
123,18,58,0,1.75,0.041666666666666664,0.39999999999999997,3.2
124,17,62,1,1.7142857142857142,0.0234375,0.21295885499997994,3.0476190476190474
125,18,57,2,1.75,0.0625,0.39999999999999997,3.2
126,17,60,2,1.6666666666666667,0.044270833333333336,0.21295885499997994,3.0476190476190474
127,18,56,5,1.75,0.09895833333333333,0.39999999999999997,3.2
128,18,60,2,1.75,0.04427083333333333,0.39999999999999997,3.2
129,19,58,2,1.7894736842105263,0.057291666666666664,0.48237638894272,3.3684210526315788
130,17,57,3,1.7142857142857142,0.07552083333333333,0.21295885499997994,3.0476190476190474
131,19,55,5,1.7894736842105263,0.10416666666666666,0.48237638894272,3.3684210526315788
132,20,58,4,1.7777777777777777,0.07552083333333334,0.49690399499995325,3.5555555555555554
133,18,55,5,1.7,0.10677083333333333,0.39999999999999997,3.2
134,18,57,4,1.75,0.08072916666666666,0.39999999999999997,3.2
135,18,58,0,1.75,0.03645833333333333,0.39999999999999997,3.2
136,17,58,3,1.7142857142857142,0.0625,0.21295885499997994,3.0476190476190474
137,18,60,0,1.75,0.026041666666666664,0.39999999999999997,3.2
138,18,58,0,1.75,0.03645833333333333,0.39999999999999997,3.2
139,17,59,2,1.7142857142857142,0.049479166666666664,0.21295885499997994,3.0476190476190474
140,17,57,4,1.6666666666666667,0.07671957671957672,0.3086066999241838,3.0
141,17,58,2,1.7142857142857142,0.05989583333333333,0.21295885499997994,3.0476190476190474
142,18,56,3,1.75,0.08072916666666666,0.39999999999999997,3.2
143,20,55,4,1.8333333333333333,0.09374999999999999,0.49690399499995325,3.5555555555555554
144,18,58,2,1.75,0.05208333333333333,0.39999999999999997,3.2
145,19,58,1,1.736842105263158,0.0546875,0.4823763889427201,3.3684210526315788
146,18,56,1,1.75,0.0625,0.39999999999999997,3.2
147,19,61,1,1.7894736842105263,0.028645833333333332,0.4823763889427201,3.3684210526315788
148,17,60,1,1.7142857142857142,0.0390625,0.21295885499997994,3.0476190476190474
149,18,54,4,1.75,0.10416666666666666,0.39999999999999997,3.2
150,18,58,1,1.75,0.049479166666666664,0.39999999999999997,3.2
151,18,58,3,1.75,0.06770833333333333,0.39999999999999997,3.2
152,17,58,2,1.7142857142857142,0.057291666666666664,0.21295885499997994,3.0476190476190474
153,19,56,6,1.7894736842105263,0.109375,0.4823763889427201,3.3684210526315788
154,19,54,2,1.7894736842105263,0.08072916666666666,0.4823763889427201,3.3684210526315788
155,18,56,5,1.75,0.09895833333333333,0.39999999999999997,3.2
156,18,61,2,1.75,0.03645833333333333,0.39999999999999997,3.2
157,17,57,0,1.7142857142857142,0.046875,0.21295885499997994,3.0476190476190474
158,18,59,3,1.75,0.0625,0.39999999999999997,3.2
159,17,56,6,1.7142857142857142,0.109375,0.21295885499997994,3.0476190476190474
160,19,56,3,1.7894736842105263,0.07812499999999999,0.4823763889427201,3.3684210526315788
161,18,60,2,1.75,0.04427083333333333,0.39999999999999997,3.2
162,18,59,1,1.75,0.0390625,0.39999999999999997,3.2
163,18,56,1,1.75,0.05989583333333333,0.39999999999999997,3.2
164,17,58,4,1.7142857142857142,0.078125,0.21295885499997994,3.0476190476190474
165,19,60,1,1.7894736842105263,0.03645833333333333,0.4823763889427201,3.3684210526315788
166,19,56,2,1.7894736842105263,0.06510416666666666,0.4823763889427201,3.3684210526315788
167,18,59,2,1.75,0.05208333333333333,0.39999999999999997,3.2
168,19,58,2,1.7894736842105263,0.057291666666666664,0.4823763889427201,3.3684210526315788
169,18,56,1,1.65,0.06510416666666666,0.39999999999999997,3.2
170,18,61,1,1.75,0.028645833333333332,0.39999999999999997,3.2
171,18,57,4,1.75,0.08072916666666666,0.39999999999999997,3.2
172,18,55,2,1.75,0.07291666666666666,0.39999999999999997,3.2
173,18,58,6,1.75,0.09375,0.39999999999999997,3.2
174,18,57,3,1.75,0.07291666666666666,0.39999999999999997,3.2
175,18,56,3,1.75,0.08072916666666666,0.39999999999999997,3.2
176,19,59,5,1.7894736842105263,0.078125,0.4823763889427201,3.3684210526315788
177,19,55,3,1.7894736842105263,0.09114583333333333,0.4823763889427201,3.3684210526315788
178,19,56,3,1.7894736842105263,0.07552083333333333,0.4823763889427201,3.3684210526315788
179,18,54,7,1.75,0.12760416666666666,0.39999999999999997,3.2
180,17,58,2,1.619047619047619,0.0546875,0.21295885499997994,3.0476190476190474
181,17,61,1,1.7142857142857142,0.028645833333333332,0.21295885499997994,3.0476190476190474
182,19,57,2,1.7894736842105263,0.06510416666666666,0.48237638894272,3.3684210526315788
183,18,59,1,1.75,0.041666666666666664,0.39999999999999997,3.2
184,19,52,4,1.7894736842105263,0.109375,0.4823763889427201,3.3684210526315788
185,18,55,3,1.75,0.0859375,0.39999999999999997,3.2
186,18,52,4,1.75,0.109375,0.39999999999999997,3.2
187,17,59,1,1.7142857142857142,0.041666666666666664,0.21295885499997994,3.0476190476190474
188,19,61,1,1.7894736842105263,0.028645833333333332,0.4823763889427201,3.3684210526315788
189,18,55,4,1.75,0.09635416666666666,0.39999999999999997,3.2
190,17,60,2,1.7142857142857142,0.046875,0.21295885499997994,3.0476190476190474
191,17,56,2,1.7142857142857142,0.06770833333333333,0.21295885499997994,3.0476190476190474
192,17,56,3,1.7142857142857142,0.07552083333333333,0.21295885499997994,3.0476190476190474
193,19,58,2,1.736842105263158,0.057291666666666664,0.4823763889427201,3.3684210526315788
194,17,58,3,1.7142857142857142,0.06770833333333333,0.21295885499997994,3.0476190476190474
195,18,55,6,1.75,0.11197916666666666,0.39999999999999997,3.2
196,18,60,2,1.75,0.041666666666666664,0.39999999999999997,3.2
197,17,56,3,1.7142857142857142,0.078125,0.21295885499997994,3.0476190476190474
198,18,59,3,1.75,0.057291666666666664,0.39999999999999997,3.2
199,18,54,4,1.75,0.1015625,0.39999999999999997,3.2
200,18,59,3,1.75,0.0625,0.39999999999999997,3.2
201,18,56,5,1.75,0.09635416666666666,0.39999999999999997,3.2
202,18,58,1,1.75,0.05208333333333333,0.39999999999999997,3.2
203,19,60,2,1.7894736842105263,0.046875,0.4823763889427201,3.3684210526315788
204,17,61,1,1.7142857142857142,0.026041666666666664,0.21295885499997994,3.0476190476190474
205,17,55,4,1.7142857142857142,0.09895833333333333,0.21295885499997994,3.0476190476190474
206,20,59,1,1.8333333333333333,0.041666666666666664,0.49690399499995325,3.5555555555555554
207,18,57,4,1.75,0.08072916666666666,0.39999999999999997,3.2
208,18,59,3,1.75,0.0625,0.39999999999999997,3.2
209,19,54,6,1.7894736842105263,0.12239583333333334,0.4823763889427201,3.3684210526315788
210,18,58,1,1.75,0.05208333333333333,0.39999999999999997,3.2
211,19,60,2,1.6842105263157894,0.041666666666666664,0.4823763889427201,3.3684210526315788
212,17,62,1,1.7142857142857142,0.020833333333333332,0.21295885499997994,3.0476190476190474
213,18,57,3,1.75,0.07291666666666666,0.39999999999999997,3.2
214,19,57,2,1.7894736842105263,0.06510416666666666,0.4823763889427201,3.3684210526315788
215,18,55,3,1.75,0.09375,0.39999999999999997,3.2
216,17,58,3,1.7142857142857142,0.0703125,0.21295885499997994,3.0476190476190474
217,18,56,2,1.75,0.06510416666666666,0.39999999999999997,3.2
218,18,56,6,1.75,0.10416666666666667,0.39999999999999997,3.2
219,18,57,2,1.7,0.05555555555555555,0.47696960070847283,3.15
220,17,57,3,1.7142857142857142,0.07291666666666666,0.21295885499997994,3.0476190476190474
221,19,54,5,1.7894736842105263,0.11197916666666666,0.4823763889427201,3.3684210526315788
222,17,55,5,1.6666666666666667,0.10052910052910054,0.3086066999241838,3.0
223,18,54,7,1.75,0.13020833333333331,0.39999999999999997,3.2
224,17,56,0,1.7142857142857142,0.05208333333333333,0.21295885499997994,3.0476190476190474
225,18,55,3,1.7,0.082010582010582,0.47696960070847283,3.15
226,18,61,1,1.65,0.03125,0.39999999999999997,3.2
227,17,53,3,1.7142857142857142,0.10677083333333333,0.21295885499997994,3.0476190476190474
228,18,52,4,1.75,0.1171875,0.39999999999999997,3.2
229,18,58,3,1.75,0.0703125,0.39999999999999997,3.2
230,19,61,2,1.7894736842105263,0.03645833333333333,0.4823763889427201,3.3684210526315788
231,18,59,3,1.75,0.0625,0.39999999999999997,3.2
232,17,56,3,1.7142857142857142,0.08072916666666666,0.21295885499997994,3.0476190476190474
233,18,54,2,1.75,0.08854166666666666,0.39999999999999997,3.2
234,18,58,2,1.75,0.05208333333333333,0.39999999999999997,3.2
235,17,55,4,1.7142857142857142,0.09635416666666666,0.21295885499997994,3.0476190476190474
236,18,60,2,1.75,0.044270833333333336,0.39999999999999997,3.2
237,17,57,3,1.7142857142857142,0.07552083333333333,0.21295885499997994,3.0476190476190474
238,18,53,6,1.75,0.12239583333333334,0.39999999999999997,3.2
239,17,53,5,1.7142857142857142,0.12239583333333333,0.21295885499997996,3.0476190476190474
240,18,54,7,1.7,0.12698412698412698,0.47696960070847283,3.15
241,17,57,2,1.7142857142857142,0.0703125,0.21295885499997994,3.0476190476190474
242,18,58,1,1.75,0.05208333333333333,0.39999999999999997,3.2
243,17,58,2,1.7142857142857142,0.05989583333333333,0.21295885499997994,3.0476190476190474
244,18,56,2,1.75,0.06770833333333333,0.39999999999999997,3.2
245,18,52,6,1.75,0.1328125,0.39999999999999997,3.2
246,19,56,3,1.7894736842105263,0.078125,0.4823763889427201,3.3684210526315788
247,18,58,5,1.7,0.08333333333333333,0.39999999999999997,3.2
248,19,61,2,1.7894736842105263,0.0390625,0.4823763889427201,3.3684210526315788
249,19,57,3,1.7894736842105263,0.07291666666666666,0.4823763889427201,3.3684210526315788
250,17,58,1,1.7142857142857142,0.046875,0.21295885499997994,3.0476190476190474
251,19,59,2,1.7894736842105263,0.05208333333333333,0.4823763889427201,3.3684210526315788
252,19,60,1,1.736842105263158,0.026455026455026454,0.5668594533825794,3.3157894736842106
253,17,53,7,1.7142857142857142,0.1328125,0.21295885499997994,3.0476190476190474
254,18,59,0,1.75,0.033854166666666664,0.39999999999999997,3.2
255,18,57,3,1.75,0.07552083333333333,0.39999999999999997,3.2
256,18,57,2,1.75,0.06770833333333333,0.39999999999999997,3.2
257,18,56,3,1.75,0.08072916666666666,0.39999999999999997,3.2
258,18,57,1,1.75,0.05208333333333333,0.39999999999999997,3.2
259,18,58,3,1.7,0.06510416666666666,0.39999999999999997,3.2
260,18,59,3,1.75,0.059895833333333336,0.39999999999999997,3.2
261,19,56,3,1.7894736842105263,0.078125,0.4823763889427201,3.3684210526315788
262,18,58,1,1.75,0.041666666666666664,0.39999999999999997,3.2
263,18,55,5,1.75,0.109375,0.39999999999999997,3.2
264,19,57,2,1.7894736842105263,0.0625,0.4823763889427201,3.3684210526315788
265,18,54,6,1.75,0.11979166666666666,0.39999999999999997,3.2
266,18,59,2,1.75,0.05208333333333333,0.39999999999999997,3.2
267,18,55,3,1.75,0.0859375,0.39999999999999997,3.2
268,18,53,8,1.75,0.14322916666666666,0.39999999999999997,3.2
269,19,58,4,1.736842105263158,0.078125,0.4823763889427201,3.3684210526315788
270,18,57,2,1.75,0.06510416666666666,0.39999999999999997,3.2
271,18,50,7,1.75,0.15625,0.39999999999999997,3.2
272,17,58,2,1.7142857142857142,0.0546875,0.21295885499997994,3.0476190476190474
273,18,57,1,1.75,0.049479166666666664,0.39999999999999997,3.2
274,18,56,5,1.75,0.09635416666666666,0.39999999999999997,3.2
275,18,59,2,1.75,0.05208333333333333,0.39999999999999997,3.2
276,18,55,6,1.75,0.11197916666666666,0.39999999999999997,3.2
277,17,56,3,1.7142857142857142,0.08333333333333333,0.21295885499997994,3.0476190476190474
278,18,52,2,1.75,0.1015625,0.39999999999999997,3.2
279,18,50,4,1.75,0.12239583333333333,0.39999999999999997,3.2
280,17,54,5,1.7142857142857142,0.10677083333333333,0.21295885499997994,3.0476190476190474
281,18,55,5,1.75,0.10416666666666666,0.39999999999999997,3.2
282,18,61,2,1.75,0.03645833333333333,0.39999999999999997,3.2
283,17,54,6,1.7142857142857142,0.12239583333333334,0.21295885499997994,3.0476190476190474
284,18,53,6,1.7,0.12760416666666669,0.39999999999999997,3.2
285,18,51,7,1.75,0.1484375,0.39999999999999997,3.2
286,18,53,6,1.75,0.1328125,0.39999999999999997,3.2
287,18,54,5,1.75,0.10677083333333334,0.39999999999999997,3.2
288,17,53,5,1.7142857142857142,0.11718749999999999,0.21295885499997994,3.0476190476190474
289,18,56,6,1.75,0.10677083333333333,0.39999999999999997,3.2
290,18,53,6,1.7,0.12499999999999999,0.39999999999999997,3.2
291,18,56,6,1.75,0.109375,0.39999999999999997,3.2
292,19,55,3,1.736842105263158,0.07936507936507936,0.5668594533825794,3.3157894736842106
293,19,50,3,1.7894736842105263,0.125,0.4823763889427201,3.3684210526315788
294,19,56,4,1.7894736842105263,0.09375,0.4823763889427201,3.3684210526315788
295,18,57,1,1.75,0.057291666666666664,0.39999999999999997,3.2
296,18,57,4,1.75,0.08333333333333333,0.39999999999999997,3.2
297,19,59,3,1.7894736842105263,0.05989583333333333,0.48237638894272,3.3684210526315788
298,19,52,6,1.736842105263158,0.1349206349206349,0.5668594533825794,3.3157894736842106
299,18,53,5,1.75,0.12239583333333334,0.39999999999999997,3.2
300,17,52,5,1.7142857142857142,0.12760416666666666,0.21295885499997994,3.0476190476190474
301,19,51,4,1.7894736842105263,0.125,0.48237638894272,3.3684210526315788
302,17,55,6,1.7142857142857142,0.11458333333333334,0.21295885499997994,3.0476190476190474
303,18,56,2,1.7,0.06613756613756613,0.47696960070847283,3.15
304,17,57,4,1.7142857142857142,0.0859375,0.21295885499997994,3.0476190476190474
305,17,56,4,1.7142857142857142,0.08854166666666666,0.21295885499997994,3.0476190476190474
306,20,55,5,1.7777777777777777,0.10416666666666666,0.49690399499995325,3.5555555555555554
307,17,53,4,1.7142857142857142,0.109375,0.21295885499997994,3.0476190476190474
308,17,56,3,1.7142857142857142,0.08072916666666666,0.21295885499997994,3.0476190476190474
309,18,53,4,1.75,0.11458333333333334,0.39999999999999997,3.2
310,18,57,4,1.75,0.08333333333333333,0.39999999999999997,3.2
311,18,57,4,1.75,0.08333333333333333,0.39999999999999997,3.2
312,17,55,3,1.7142857142857142,0.08333333333333333,0.21295885499997994,3.0476190476190474
313,18,55,6,1.75,0.1171875,0.39999999999999997,3.2
314,19,55,4,1.7894736842105263,0.09635416666666666,0.4823763889427201,3.3684210526315788
315,19,56,4,1.736842105263158,0.09114583333333333,0.4823763889427201,3.3684210526315788
316,18,53,5,1.75,0.11718749999999999,0.39999999999999997,3.2
317,18,54,2,1.75,0.08072916666666666,0.39999999999999997,3.2
318,17,56,1,1.6666666666666667,0.05729166666666666,0.21295885499997994,3.0476190476190474
319,17,51,5,1.7142857142857142,0.1328125,0.21295885499997994,3.0476190476190474
320,17,46,3,1.7142857142857142,0.14322916666666666,0.21295885499997994,3.0476190476190474
321,18,54,6,1.75,0.11979166666666666,0.39999999999999997,3.2
322,18,54,7,1.75,0.12760416666666669,0.39999999999999997,3.2
323,17,53,4,1.7142857142857142,0.10677083333333333,0.21295885499997994,3.0476190476190474
324,17,50,7,1.7142857142857142,0.15364583333333331,0.21295885499997994,3.0476190476190474
325,18,55,1,1.75,0.06770833333333333,0.39999999999999997,3.2
326,18,57,4,1.75,0.0859375,0.39999999999999997,3.2
327,20,53,6,1.8333333333333333,0.13020833333333331,0.49690399499995325,3.5555555555555554
328,18,56,5,1.75,0.09895833333333333,0.39999999999999997,3.2
329,18,54,2,1.75,0.0859375,0.39999999999999997,3.2
330,19,51,4,1.7894736842105263,0.125,0.48237638894272,3.3684210526315788
331,18,56,5,1.75,0.09635416666666666,0.39999999999999997,3.2
332,19,56,4,1.7894736842105263,0.09114583333333333,0.4823763889427201,3.3684210526315788
333,19,57,4,1.736842105263158,0.08333333333333333,0.4823763889427201,3.3684210526315788
334,17,54,5,1.7142857142857142,0.10677083333333333,0.21295885499997994,3.0476190476190474
335,18,54,6,1.75,0.11979166666666666,0.39999999999999997,3.2
336,19,54,7,1.7894736842105263,0.1328125,0.4823763889427201,3.3684210526315788
337,18,50,7,1.75,0.15625,0.39999999999999997,3.2
338,18,51,5,1.75,0.1328125,0.39999999999999997,3.2
339,19,54,6,1.7894736842105263,0.11979166666666666,0.4823763889427201,3.3684210526315788
340,17,57,5,1.7142857142857142,0.09114583333333333,0.21295885499997994,3.0476190476190474
341,19,54,6,1.7894736842105263,0.11979166666666667,0.4823763889427201,3.3684210526315788
342,17,55,5,1.7142857142857142,0.10416666666666666,0.21295885499997994,3.0476190476190474
343,17,51,6,1.7142857142857142,0.13802083333333331,0.21295885499997994,3.0476190476190474
344,18,49,10,1.75,0.18749999999999997,0.39999999999999997,3.2
345,17,56,6,1.7142857142857142,0.109375,0.21295885499997994,3.0476190476190474
346,17,52,8,1.7142857142857142,0.15364583333333331,0.21295885499997994,3.0476190476190474
347,17,54,5,1.7142857142857142,0.109375,0.21295885499997994,3.0476190476190474
348,17,55,9,1.7142857142857142,0.140625,0.21295885499997994,3.0476190476190474
349,18,53,6,1.75,0.12239583333333331,0.39999999999999997,3.2
350,18,56,2,1.75,0.078125,0.39999999999999997,3.2
351,18,52,9,1.7,0.16145833333333334,0.39999999999999997,3.2
352,18,48,2,1.75,0.125,0.39999999999999997,3.2
353,18,55,4,1.75,0.09375,0.39999999999999997,3.2
354,18,54,2,1.75,0.0859375,0.39999999999999997,3.2
355,18,55,5,1.75,0.10677083333333334,0.39999999999999997,3.2
356,18,52,7,1.75,0.14322916666666666,0.39999999999999997,3.2
357,17,51,8,1.7142857142857142,0.16145833333333334,0.21295885499997994,3.0476190476190474
358,17,51,10,1.7142857142857142,0.17447916666666669,0.21295885499997994,3.0476190476190474
359,17,58,2,1.7142857142857142,0.057291666666666664,0.21295885499997994,3.0476190476190474
360,17,55,4,1.7142857142857142,0.09635416666666666,0.21295885499997994,3.0476190476190474
361,18,56,4,1.75,0.08854166666666666,0.39999999999999997,3.2
362,18,55,7,1.7,0.12239583333333334,0.39999999999999997,3.2
363,19,52,4,1.7894736842105263,0.11197916666666666,0.4823763889427201,3.3684210526315788
364,18,56,4,1.75,0.08854166666666666,0.39999999999999997,3.2
365,18,52,8,1.75,0.15364583333333331,0.39999999999999997,3.2
366,18,53,9,1.75,0.15364583333333334,0.39999999999999997,3.2
367,17,52,7,1.7142857142857142,0.140625,0.21295885499997994,3.0476190476190474
368,19,52,5,1.7894736842105263,0.12760416666666666,0.4823763889427201,3.3684210526315788
369,17,53,7,1.7142857142857142,0.13541666666666666,0.21295885499997994,3.0476190476190474
370,19,51,8,1.736842105263158,0.15364583333333331,0.4823763889427201,3.3684210526315788
371,18,52,7,1.75,0.14583333333333331,0.39999999999999997,3.2
372,18,49,7,1.75,0.1640625,0.39999999999999997,3.2
373,18,51,8,1.7,0.16145833333333331,0.39999999999999997,3.2
374,17,53,7,1.7142857142857142,0.140625,0.21295885499997994,3.0476190476190474
375,18,52,6,1.75,0.12760416666666663,0.39999999999999997,3.2
376,18,58,6,1.75,0.09375,0.39999999999999997,3.2
377,18,55,2,1.75,0.0859375,0.39999999999999997,3.2
378,18,52,9,1.75,0.1640625,0.39999999999999997,3.2
379,19,51,8,1.7894736842105263,0.16145833333333331,0.4823763889427201,3.3684210526315788
380,18,50,7,1.75,0.15885416666666666,0.39999999999999997,3.2
381,19,49,9,1.7894736842105263,0.1796875,0.4823763889427201,3.3684210526315788
382,17,56,4,1.7142857142857142,0.09114583333333333,0.21295885499997994,3.0476190476190474
383,20,53,8,1.8333333333333333,0.14583333333333334,0.49690399499995325,3.5555555555555554
384,17,48,11,1.6666666666666667,0.20833333333333331,0.21295885499997994,3.0476190476190474
385,17,48,8,1.7142857142857142,0.18229166666666669,0.21295885499997994,3.0476190476190474
386,19,52,7,1.7894736842105263,0.14322916666666666,0.4823763889427201,3.3684210526315788
387,18,52,8,1.75,0.15104166666666666,0.39999999999999997,3.2
388,18,49,8,1.75,0.16927083333333334,0.39999999999999997,3.2
389,18,51,7,1.75,0.1484375,0.39999999999999997,3.2
390,19,52,8,1.7894736842105263,0.15104166666666669,0.4823763889427201,3.3684210526315788
391,18,53,8,1.75,0.1484375,0.39999999999999997,3.2
392,17,48,9,1.7142857142857142,0.18489583333333331,0.21295885499997994,3.0476190476190474
393,19,49,10,1.736842105263158,0.19010416666666669,0.48237638894272,3.3684210526315788
394,17,53,6,1.7142857142857142,0.12760416666666669,0.21295885499997994,3.0476190476190474
395,19,52,7,1.7894736842105263,0.14583333333333331,0.4823763889427201,3.3684210526315788
396,18,50,5,1.7,0.13541666666666666,0.39999999999999997,3.2
397,17,56,4,1.7142857142857142,0.09114583333333333,0.21295885499997994,3.0476190476190474
398,18,50,4,1.75,0.13802083333333331,0.39999999999999997,3.2
399,18,47,10,1.7,0.19576719576719578,0.47696960070847283,3.15
400,18,46,12,1.75,0.23177083333333331,0.39999999999999997,3.2
401,18,53,5,1.75,0.11979166666666666,0.39999999999999997,3.2
402,19,50,8,1.7894736842105263,0.16145833333333334,0.4823763889427201,3.3684210526315788
403,18,48,10,1.75,0.19270833333333334,0.39999999999999997,3.2
404,17,51,6,1.7142857142857142,0.13802083333333331,0.21295885499997994,3.0476190476190474
405,19,50,11,1.736842105263158,0.19270833333333331,0.4823763889427201,3.3684210526315788
406,18,49,5,1.7,0.15104166666666666,0.39999999999999997,3.2
407,18,52,7,1.7,0.1484375,0.39999999999999997,3.2
408,17,53,7,1.7142857142857142,0.13802083333333334,0.21295885499997994,3.0476190476190474
409,18,52,9,1.75,0.1640625,0.39999999999999997,3.2
410,19,45,12,1.7894736842105263,0.23177083333333334,0.4823763889427201,3.3684210526315788
411,19,50,8,1.7894736842105263,0.16666666666666669,0.48237638894272,3.3684210526315788
412,18,49,11,1.75,0.20052083333333331,0.39999999999999997,3.2
413,18,55,6,1.75,0.11197916666666667,0.39999999999999997,3.2
414,18,50,8,1.7,0.16145833333333334,0.39999999999999997,3.2
415,17,52,8,1.7142857142857142,0.15364583333333331,0.21295885499997994,3.0476190476190474
416,17,50,6,1.7142857142857142,0.1484375,0.21295885499997994,3.0476190476190474
417,17,45,10,1.7142857142857142,0.21874999999999997,0.21295885499997994,3.0476190476190474
418,18,52,8,1.75,0.15364583333333331,0.39999999999999997,3.2
419,18,50,9,1.75,0.17708333333333331,0.39999999999999997,3.2
420,18,48,12,1.75,0.21875,0.39999999999999997,3.2
421,19,50,9,1.7894736842105263,0.171875,0.4823763889427201,3.3684210526315788
422,18,50,10,1.7,0.18229166666666666,0.39999999999999997,3.2
423,18,49,10,1.7,0.1953125,0.39999999999999997,3.2
424,18,45,11,1.75,0.22916666666666666,0.39999999999999997,3.2
425,19,49,10,1.736842105263158,0.19010416666666666,0.4823763889427201,3.3684210526315788
426,19,49,9,1.736842105263158,0.1798941798941799,0.5668594533825794,3.3157894736842106
427,18,51,11,1.75,0.1875,0.39999999999999997,3.2
428,18,45,11,1.75,0.22916666666666669,0.39999999999999997,3.2
429,18,51,8,1.75,0.16145833333333334,0.39999999999999997,3.2
430,18,50,9,1.75,0.1796875,0.39999999999999997,3.2
431,19,49,9,1.7894736842105263,0.1796875,0.48237638894272,3.3684210526315788
432,18,47,6,1.75,0.16927083333333331,0.39999999999999997,3.2
433,18,47,12,1.75,0.22395833333333331,0.39999999999999997,3.2
434,19,49,10,1.7894736842105263,0.19270833333333334,0.4823763889427201,3.3684210526315788
435,18,54,6,1.75,0.11979166666666666,0.39999999999999997,3.2
436,17,44,13,1.7142857142857142,0.25520833333333337,0.21295885499997994,3.0476190476190474
437,19,50,10,1.7894736842105263,0.18489583333333334,0.4823763889427201,3.3684210526315788
438,19,48,10,1.7894736842105263,0.19270833333333331,0.4823763889427201,3.3684210526315788
439,18,42,12,1.75,0.2578125,0.39999999999999997,3.2
440,19,47,7,1.7894736842105263,0.17708333333333331,0.4823763889427201,3.3684210526315788
441,19,45,18,1.736842105263158,0.2890625,0.4823763889427201,3.3684210526315788
442,18,46,10,1.75,0.21354166666666666,0.39999999999999997,3.2
443,18,47,8,1.75,0.1875,0.39999999999999997,3.2
444,17,48,12,1.7142857142857142,0.21354166666666669,0.21295885499997994,3.0476190476190474
445,19,54,5,1.7894736842105263,0.11197916666666666,0.4823763889427201,3.3684210526315788
446,17,48,9,1.7142857142857142,0.19010416666666666,0.21295885499997994,3.0476190476190474
447,17,48,6,1.6666666666666667,0.15079365079365079,0.3086066999241838,3.0
448,18,49,10,1.7,0.19010416666666666,0.39999999999999997,3.2
449,19,47,12,1.7894736842105263,0.21875,0.4823763889427201,3.3684210526315788
450,17,54,6,1.7142857142857142,0.11718749999999999,0.21295885499997994,3.0476190476190474
451,18,51,10,1.75,0.17708333333333331,0.39999999999999997,3.2
452,18,43,8,1.75,0.20833333333333331,0.39999999999999997,3.2
453,18,54,9,1.7,0.1484375,0.39999999999999997,3.2
454,18,51,10,1.75,0.17708333333333331,0.39999999999999997,3.2
455,18,44,10,1.75,0.22135416666666669,0.39999999999999997,3.2
456,19,49,12,1.7894736842105263,0.20572916666666669,0.4823763889427201,3.3684210526315788
457,17,50,10,1.7142857142857142,0.1875,0.21295885499997994,3.0476190476190474
458,18,46,13,1.7,0.234375,0.39999999999999997,3.2
459,18,50,9,1.75,0.16927083333333331,0.39999999999999997,3.2
460,18,43,10,1.75,0.23697916666666663,0.39999999999999997,3.2
461,18,49,8,1.75,0.171875,0.39999999999999997,3.2
462,18,51,7,1.75,0.14583333333333331,0.39999999999999997,3.2
463,17,52,6,1.7142857142857142,0.13541666666666666,0.21295885499997994,3.0476190476190474
464,18,54,6,1.7,0.12239583333333334,0.39999999999999997,3.2
465,17,51,8,1.7142857142857142,0.15625,0.21295885499997994,3.0476190476190474
466,17,47,12,1.6666666666666667,0.21875,0.21295885499997994,3.0476190476190474
467,18,52,9,1.75,0.15885416666666666,0.39999999999999997,3.2
468,17,49,12,1.619047619047619,0.20572916666666666,0.21295885499997994,3.0476190476190474
469,19,46,12,1.7894736842105263,0.23177083333333331,0.4823763889427201,3.3684210526315788
470,19,46,13,1.7894736842105263,0.23697916666666666,0.4823763889427201,3.3684210526315788
471,18,43,11,1.75,0.24479166666666663,0.39999999999999997,3.2
472,18,45,10,1.75,0.21875,0.39999999999999997,3.2
473,18,45,13,1.7,0.25,0.39999999999999997,3.2
474,17,45,15,1.7142857142857142,0.26041666666666663,0.21295885499997994,3.0476190476190474
475,18,48,11,1.75,0.203125,0.39999999999999997,3.2
476,19,46,8,1.736842105263158,0.19010416666666666,0.4823763889427201,3.3684210526315788
477,18,47,10,1.75,0.20572916666666666,0.39999999999999997,3.2
478,19,48,9,1.7894736842105263,0.18489583333333331,0.4823763889427201,3.3684210526315788
479,19,49,9,1.7894736842105263,0.18229166666666669,0.4823763889427201,3.3684210526315788
480,18,48,11,1.75,0.20572916666666666,0.39999999999999997,3.2
481,18,42,13,1.75,0.2630208333333333,0.39999999999999997,3.2
482,18,52,9,1.75,0.16145833333333331,0.39999999999999997,3.2
483,19,51,8,1.7894736842105263,0.15885416666666669,0.4823763889427201,3.3684210526315788
484,18,43,16,1.7,0.28042328042328046,0.47696960070847283,3.15
485,18,44,9,1.75,0.21614583333333331,0.39999999999999997,3.2
486,19,46,12,1.7894736842105263,0.2265625,0.4823763889427201,3.3684210526315788
487,19,49,10,1.7894736842105263,0.19010416666666666,0.4823763889427201,3.3684210526315788
488,18,48,12,1.7,0.21614583333333334,0.39999999999999997,3.2
489,18,45,13,1.75,0.24739583333333334,0.39999999999999997,3.2
490,19,47,12,1.7894736842105263,0.21614583333333331,0.4823763889427201,3.3684210526315788
491,19,48,9,1.7894736842105263,0.18489583333333331,0.4823763889427201,3.3684210526315788
492,19,46,14,1.7894736842105263,0.24739583333333334,0.4823763889427201,3.3684210526315788
493,19,49,11,1.7894736842105263,0.203125,0.48237638894272,3.3684210526315788
494,18,51,10,1.75,0.17708333333333334,0.39999999999999997,3.2
495,17,46,12,1.6666666666666667,0.22916666666666666,0.21295885499997994,3.0476190476190474
496,19,46,13,1.7894736842105263,0.23697916666666663,0.4823763889427201,3.3684210526315788
497,18,46,14,1.75,0.24479166666666666,0.39999999999999997,3.2
498,18,48,9,1.75,0.19270833333333331,0.39999999999999997,3.2
499,18,49,12,1.75,0.20833333333333331,0.39999999999999997,3.2
500,19,45,13,1.7894736842105263,0.24739583333333334,0.4823763889427201,3.3684210526315788
501,19,43,14,1.7894736842105263,0.26822916666666663,0.4823763889427201,3.3684210526315788
502,18,48,11,1.75,0.20572916666666669,0.39999999999999997,3.2
503,19,48,10,1.736842105263158,0.19791666666666666,0.48237638894272,3.3684210526315788
504,19,48,12,1.736842105263158,0.21354166666666666,0.4823763889427201,3.3684210526315788
505,18,52,6,1.75,0.1328125,0.39999999999999997,3.2
506,18,43,16,1.7,0.28385416666666663,0.39999999999999997,3.2
507,18,47,10,1.75,0.20572916666666669,0.39999999999999997,3.2
508,19,42,15,1.7894736842105263,0.2864583333333333,0.4823763889427201,3.3684210526315788
509,18,50,9,1.75,0.17447916666666666,0.39999999999999997,3.2
510,19,43,13,1.7894736842105263,0.26041666666666663,0.4823763889427201,3.3684210526315788
511,19,45,10,1.7894736842105263,0.21875,0.4823763889427201,3.3684210526315788
512,18,49,10,1.75,0.19270833333333331,0.39999999999999997,3.2
513,19,41,18,1.736842105263158,0.3177083333333333,0.4823763889427201,3.3684210526315788
514,18,42,15,1.75,0.28125,0.39999999999999997,3.2
515,18,45,11,1.7,0.22656249999999997,0.39999999999999997,3.2
516,19,47,13,1.7894736842105263,0.22916666666666669,0.4823763889427201,3.3684210526315788
517,18,43,11,1.7,0.23697916666666663,0.39999999999999997,3.2
518,19,48,14,1.736842105263158,0.23177083333333334,0.4823763889427201,3.3684210526315788
519,18,43,13,1.75,0.25,0.39999999999999997,3.2
520,18,45,13,1.75,0.2421875,0.39999999999999997,3.2
521,18,45,14,1.7,0.25,0.39999999999999997,3.2
522,18,44,10,1.65,0.2265625,0.39999999999999997,3.2
523,17,48,13,1.7142857142857142,0.22395833333333331,0.21295885499997994,3.0476190476190474
524,18,43,14,1.7,0.26822916666666663,0.39999999999999997,3.2
525,19,44,13,1.7894736842105263,0.24479166666666666,0.4823763889427201,3.3684210526315788
526,17,43,16,1.7142857142857142,0.27864583333333337,0.21295885499997994,3.0476190476190474
527,18,43,15,1.7,0.2760416666666667,0.39999999999999997,3.2
528,18,41,16,1.75,0.296875,0.39999999999999997,3.2
529,19,40,18,1.7894736842105263,0.32552083333333337,0.4823763889427201,3.3684210526315788
530,18,45,11,1.7,0.2265625,0.39999999999999997,3.2
531,17,43,15,1.7142857142857142,0.2786458333333333,0.21295885499997994,3.0476190476190474
532,18,45,14,1.75,0.2552083333333333,0.39999999999999997,3.2
533,18,43,15,1.7,0.27604166666666663,0.39999999999999997,3.2
534,19,45,14,1.7894736842105263,0.2552083333333333,0.4823763889427201,3.3684210526315788
535,19,43,14,1.7894736842105263,0.2682291666666667,0.4823763889427201,3.3684210526315788
536,18,44,15,1.75,0.27083333333333337,0.39999999999999997,3.2
537,18,43,18,1.7,0.30208333333333337,0.39999999999999997,3.2
538,17,50,10,1.7142857142857142,0.18489583333333331,0.21295885499997994,3.0476190476190474
539,19,41,14,1.7894736842105263,0.28125,0.4823763889427201,3.3684210526315788
540,18,43,14,1.75,0.2682291666666667,0.39999999999999997,3.2
541,18,42,17,1.7,0.296875,0.39999999999999997,3.2
542,17,45,14,1.7142857142857142,0.2578125,0.21295885499997994,3.0476190476190474
543,19,45,14,1.7894736842105263,0.2552083333333333,0.4823763889427201,3.3684210526315788
544,19,44,15,1.7894736842105263,0.2734375,0.4823763889427201,3.3684210526315788
545,18,47,11,1.7,0.21354166666666666,0.39999999999999997,3.2
546,19,43,14,1.7894736842105263,0.26822916666666663,0.4823763889427201,3.3684210526315788
547,20,44,14,1.8333333333333333,0.2604166666666667,0.49690399499995325,3.5555555555555554
548,18,43,14,1.7,0.2734375,0.39999999999999997,3.2
549,18,43,13,1.7,0.2578125,0.39999999999999997,3.2
550,19,46,12,1.7894736842105263,0.22395833333333331,0.4823763889427201,3.3684210526315788
551,19,42,11,1.7894736842105263,0.24479166666666666,0.4823763889427201,3.3684210526315788
552,17,37,17,1.7142857142857142,0.33854166666666663,0.21295885499997994,3.0476190476190474
553,19,45,15,1.7894736842105263,0.2630208333333333,0.4823763889427201,3.3684210526315788
554,19,44,14,1.7894736842105263,0.25520833333333337,0.4823763889427201,3.3684210526315788
555,19,43,14,1.7894736842105263,0.2682291666666667,0.4823763889427201,3.3684210526315788
556,19,45,11,1.7894736842105263,0.22395833333333331,0.4823763889427201,3.3684210526315788
557,19,38,21,1.736842105263158,0.3619791666666667,0.4823763889427201,3.3684210526315788
558,18,44,16,1.7,0.27864583333333337,0.39999999999999997,3.2
559,18,37,17,1.7,0.3359375,0.39999999999999997,3.2
560,19,45,14,1.7894736842105263,0.25260416666666663,0.4823763889427201,3.3684210526315788
561,17,41,16,1.6666666666666667,0.2994791666666667,0.21295885499997994,3.0476190476190474
562,18,44,15,1.75,0.26822916666666663,0.39999999999999997,3.2
563,19,45,13,1.736842105263158,0.24074074074074073,0.5668594533825794,3.3157894736842106
564,17,41,18,1.7142857142857142,0.3177083333333333,0.21295885499997994,3.0476190476190474
565,18,46,13,1.75,0.23697916666666666,0.39999999999999997,3.2
566,18,47,11,1.7,0.21354166666666666,0.39999999999999997,3.2
567,19,38,20,1.736842105263158,0.34895833333333337,0.4823763889427201,3.3684210526315788
568,19,42,19,1.736842105263158,0.31770833333333337,0.4823763889427201,3.3684210526315788
569,18,44,14,1.7,0.26302083333333337,0.39999999999999997,3.2
570,19,42,15,1.7894736842105263,0.2864583333333333,0.48237638894272,3.3684210526315788
571,19,41,18,1.736842105263158,0.3203125,0.4823763889427201,3.3684210526315788
572,19,48,12,1.7894736842105263,0.21875,0.4823763889427201,3.3684210526315788
573,19,45,14,1.6842105263157894,0.2513227513227513,0.5668594533825794,3.3157894736842106
574,20,44,14,1.7777777777777777,0.26041666666666663,0.49690399499995325,3.5555555555555554
575,17,46,15,1.7142857142857142,0.2578125,0.21295885499997994,3.0476190476190474
576,18,46,12,1.7,0.22751322751322753,0.47696960070847283,3.15
577,18,44,15,1.7,0.2708333333333333,0.39999999999999997,3.2
578,19,42,18,1.7894736842105263,0.3098958333333333,0.4823763889427201,3.3684210526315788
579,18,43,15,1.7,0.2751322751322751,0.47696960070847283,3.15
580,18,41,15,1.65,0.28835978835978837,0.47696960070847283,3.15
581,17,43,17,1.6666666666666667,0.296875,0.21295885499997994,3.0476190476190474
582,19,44,17,1.7894736842105263,0.2890625,0.48237638894272,3.3684210526315788
583,18,42,15,1.7,0.28645833333333337,0.39999999999999997,3.2
584,19,47,14,1.7894736842105263,0.23958333333333334,0.4823763889427201,3.3684210526315788
585,18,38,20,1.75,0.3567708333333333,0.39999999999999997,3.2
586,18,43,15,1.7,0.2786458333333333,0.39999999999999997,3.2
587,19,40,18,1.736842105263158,0.32552083333333337,0.4823763889427201,3.3684210526315788
588,19,44,15,1.736842105263158,0.26822916666666663,0.4823763889427201,3.3684210526315788
589,21,49,11,1.8823529411764706,0.20052083333333331,0.42418250299576343,3.764705882352941
590,17,46,12,1.7142857142857142,0.23177083333333331,0.21295885499997994,3.0476190476190474
591,19,44,17,1.6842105263157894,0.2830687830687831,0.5668594533825794,3.3157894736842106
592,18,45,14,1.75,0.2552083333333333,0.39999999999999997,3.2
593,19,47,11,1.736842105263158,0.21354166666666666,0.4823763889427201,3.3684210526315788
594,18,44,15,1.7,0.27083333333333337,0.39999999999999997,3.2
595,18,42,16,1.7,0.29427083333333337,0.39999999999999997,3.2
596,19,41,17,1.736842105263158,0.3125,0.4823763889427201,3.3684210526315788
597,17,46,13,1.7142857142857142,0.23958333333333334,0.21295885499997994,3.0476190476190474
598,18,39,15,1.75,0.30729166666666663,0.39999999999999997,3.2
599,18,43,14,1.7,0.2708333333333333,0.39999999999999997,3.2
600,19,44,17,1.736842105263158,0.2890625,0.4823763889427201,3.3684210526315788
601,18,42,13,1.75,0.265625,0.39999999999999997,3.2
602,18,41,16,1.75,0.296875,0.39999999999999997,3.2
603,19,41,19,1.736842105263158,0.328125,0.4823763889427201,3.3684210526315788
604,18,40,18,1.7,0.32291666666666663,0.39999999999999997,3.2
605,19,44,17,1.736842105263158,0.2890625,0.48237638894272,3.3684210526315788
606,17,42,16,1.6666666666666667,0.29427083333333337,0.21295885499997994,3.0476190476190474
607,18,44,17,1.7,0.2890625,0.39999999999999997,3.2
608,18,42,18,1.75,0.3072916666666667,0.39999999999999997,3.2
609,19,45,16,1.736842105263158,0.27083333333333337,0.4823763889427201,3.3684210526315788
610,20,49,10,1.8333333333333333,0.19010416666666666,0.49690399499995325,3.5555555555555554
611,20,39,16,1.7777777777777777,0.3151041666666667,0.49690399499995325,3.5555555555555554
612,19,45,14,1.6842105263157894,0.2513227513227513,0.5668594533825794,3.3157894736842106
613,18,40,16,1.7,0.3125,0.39999999999999997,3.2
614,19,45,15,1.7894736842105263,0.265625,0.4823763889427201,3.3684210526315788
615,18,44,16,1.7,0.27864583333333337,0.39999999999999997,3.2
616,20,40,19,1.7777777777777777,0.33333333333333337,0.49690399499995325,3.5555555555555554
617,18,44,16,1.7,0.28125,0.39999999999999997,3.2
618,18,40,17,1.7,0.31510416666666663,0.39999999999999997,3.2
619,19,43,15,1.7894736842105263,0.28125,0.4823763889427201,3.3684210526315788
620,18,43,16,1.75,0.2890625,0.39999999999999997,3.2
621,19,43,17,1.736842105263158,0.29427083333333337,0.4823763889427201,3.3684210526315788
622,18,43,14,1.7,0.26822916666666663,0.39999999999999997,3.2
623,18,42,15,1.7,0.28385416666666663,0.39999999999999997,3.2
624,18,42,17,1.75,0.30208333333333337,0.39999999999999997,3.2
625,18,41,16,1.7,0.29947916666666663,0.39999999999999997,3.2
626,18,42,17,1.75,0.3046875,0.39999999999999997,3.2
627,18,40,17,1.7,0.3177083333333333,0.39999999999999997,3.2
628,18,40,15,1.7,0.30208333333333337,0.39999999999999997,3.2
629,18,41,18,1.7,0.31770833333333337,0.39999999999999997,3.2
630,18,41,17,1.7,0.3072916666666667,0.39999999999999997,3.2
631,18,39,19,1.7,0.3385416666666667,0.39999999999999997,3.2
632,19,41,19,1.7894736842105263,0.328125,0.48237638894272,3.3684210526315788
633,18,42,17,1.7,0.3046875,0.39999999999999997,3.2
634,19,42,17,1.736842105263158,0.30208333333333337,0.4823763889427201,3.3684210526315788
635,19,45,13,1.736842105263158,0.25,0.4823763889427201,3.3684210526315788
636,18,45,17,1.7,0.28125,0.39999999999999997,3.2
637,18,42,16,1.75,0.2890625,0.39999999999999997,3.2
638,18,38,19,1.75,0.34635416666666663,0.39999999999999997,3.2
639,20,42,17,1.7777777777777777,0.30208333333333337,0.49690399499995325,3.5555555555555554
640,18,44,15,1.7,0.27083333333333337,0.39999999999999997,3.2
641,18,40,18,1.7,0.3203125,0.39999999999999997,3.2
642,19,43,16,1.736842105263158,0.28645833333333337,0.4823763889427201,3.3684210526315788
643,19,41,18,1.736842105263158,0.31770833333333337,0.48237638894272,3.3684210526315788
644,19,38,19,1.736842105263158,0.34895833333333337,0.4823763889427201,3.3684210526315788
645,18,42,18,1.7,0.3098958333333333,0.39999999999999997,3.2
646,19,43,17,1.736842105263158,0.296875,0.4823763889427201,3.3684210526315788
647,19,42,15,1.736842105263158,0.28645833333333337,0.4823763889427201,3.3684210526315788
648,19,40,19,1.736842105263158,0.33333333333333337,0.4823763889427201,3.3684210526315788
649,18,40,17,1.7,0.31770833333333337,0.39999999999999997,3.2
650,19,45,12,1.736842105263158,0.23958333333333331,0.4823763889427201,3.3684210526315788
651,18,45,16,1.7,0.27083333333333337,0.39999999999999997,3.2
652,20,43,16,1.8333333333333333,0.28645833333333337,0.49690399499995325,3.5555555555555554
653,20,39,18,1.7777777777777777,0.3359375,0.49690399499995325,3.5555555555555554
654,18,41,17,1.7,0.3098958333333333,0.39999999999999997,3.2
655,18,40,18,1.7,0.3229166666666667,0.39999999999999997,3.2
656,19,43,17,1.736842105263158,0.2942708333333333,0.48237638894272,3.3684210526315788
657,18,38,22,1.7,0.375,0.39999999999999997,3.2
658,18,39,19,1.7,0.34114583333333337,0.39999999999999997,3.2
659,19,36,20,1.736842105263158,0.36458333333333337,0.4823763889427201,3.3684210526315788
660,19,38,18,1.736842105263158,0.3411458333333333,0.48237638894272,3.3684210526315788
661,18,46,14,1.7,0.25,0.39999999999999997,3.2
662,18,46,15,1.75,0.2578125,0.39999999999999997,3.2
663,18,43,13,1.7,0.2604166666666667,0.39999999999999997,3.2
664,20,41,14,1.7777777777777777,0.2734375,0.49690399499995325,3.5555555555555554
665,18,42,17,1.7,0.30208333333333337,0.39999999999999997,3.2
666,18,39,21,1.7,0.35677083333333337,0.39999999999999997,3.2
667,19,39,19,1.736842105263158,0.34114583333333337,0.4823763889427201,3.3684210526315788
668,17,44,15,1.7142857142857142,0.2708333333333333,0.21295885499997994,3.0476190476190474
669,18,44,12,1.75,0.24218750000000003,0.39999999999999997,3.2
670,20,41,17,1.7777777777777777,0.3072916666666667,0.49690399499995325,3.5555555555555554
671,18,45,16,1.7,0.2708333333333333,0.39999999999999997,3.2
672,18,42,19,1.7,0.31770833333333337,0.39999999999999997,3.2
673,18,45,12,1.75,0.234375,0.39999999999999997,3.2
674,19,44,17,1.736842105263158,0.2890625,0.4823763889427201,3.3684210526315788
675,18,40,20,1.7,0.34375,0.39999999999999997,3.2
676,18,39,19,1.7,0.3385416666666667,0.39999999999999997,3.2
677,19,42,19,1.736842105263158,0.3203125,0.4823763889427201,3.3684210526315788
678,19,42,18,1.736842105263158,0.3046875,0.4823763889427201,3.3684210526315788
679,19,39,20,1.736842105263158,0.3515625,0.4823763889427201,3.3684210526315788
680,19,39,20,1.736842105263158,0.3463541666666667,0.48237638894272,3.3684210526315788
681,19,43,18,1.736842105263158,0.3046875,0.4823763889427201,3.3684210526315788
682,19,39,17,1.7894736842105263,0.3229166666666667,0.4823763889427201,3.3684210526315788
683,19,39,18,1.736842105263158,0.328125,0.4823763889427201,3.3684210526315788
684,18,39,20,1.7,0.34895833333333337,0.39999999999999997,3.2
685,18,42,17,1.7,0.3020833333333333,0.39999999999999997,3.2
686,18,41,18,1.7,0.3177083333333333,0.39999999999999997,3.2
687,19,44,13,1.736842105263158,0.25520833333333337,0.4823763889427201,3.3684210526315788
688,20,43,19,1.7777777777777777,0.3125,0.49690399499995325,3.5555555555555554
689,18,45,17,1.7,0.27864583333333337,0.39999999999999997,3.2
690,18,40,19,1.7,0.33333333333333337,0.39999999999999997,3.2
691,19,42,17,1.736842105263158,0.30208333333333337,0.4823763889427201,3.3684210526315788
692,18,45,14,1.7,0.2578125,0.39999999999999997,3.2
693,18,40,17,1.7,0.3177083333333333,0.39999999999999997,3.2
694,18,43,18,1.7,0.3046875,0.39999999999999997,3.2
695,19,37,20,1.736842105263158,0.35677083333333337,0.4823763889427201,3.3684210526315788
696,19,43,15,1.736842105263158,0.27864583333333337,0.4823763889427201,3.3684210526315788
697,18,43,19,1.7,0.3125,0.39999999999999997,3.2
698,18,43,16,1.7,0.2838541666666667,0.39999999999999997,3.2
699,19,43,18,1.736842105263158,0.3020833333333333,0.4823763889427201,3.3684210526315788
700,18,41,15,1.7,0.2890625,0.39999999999999997,3.2
701,19,41,19,1.736842105263158,0.32552083333333337,0.48237638894272,3.3684210526315788
702,18,44,17,1.7,0.2890625,0.39999999999999997,3.2
703,18,40,18,1.7,0.328125,0.39999999999999997,3.2
704,19,37,18,1.736842105263158,0.33597883597883593,0.5668594533825794,3.3157894736842106
705,19,40,20,1.736842105263158,0.34114583333333337,0.4823763889427201,3.3684210526315788
706,19,44,15,1.736842105263158,0.27083333333333337,0.48237638894272,3.3684210526315788
707,19,39,19,1.736842105263158,0.33854166666666663,0.4823763889427201,3.3684210526315788
708,18,45,16,1.75,0.2734375,0.39999999999999997,3.2
709,18,40,19,1.7,0.3359375,0.39999999999999997,3.2
710,19,38,19,1.736842105263158,0.3463541666666667,0.4823763889427201,3.3684210526315788
711,19,46,17,1.736842105263158,0.2734375,0.4823763889427201,3.3684210526315788
712,18,41,20,1.7,0.33333333333333337,0.39999999999999997,3.2
713,19,42,15,1.7894736842105263,0.2864583333333333,0.4823763889427201,3.3684210526315788
714,18,41,19,1.65,0.3253968253968254,0.47696960070847283,3.15
715,19,44,16,1.736842105263158,0.2786458333333333,0.4823763889427201,3.3684210526315788
716,18,41,19,1.7,0.328125,0.39999999999999997,3.2
717,19,43,17,1.736842105263158,0.296875,0.4823763889427201,3.3684210526315788
718,18,42,16,1.75,0.296875,0.39999999999999997,3.2
719,19,42,13,1.736842105263158,0.26822916666666663,0.4823763889427201,3.3684210526315788
720,20,47,15,1.7777777777777777,0.25,0.49690399499995325,3.5555555555555554
721,18,40,19,1.75,0.33072916666666663,0.39999999999999997,3.2
722,20,39,21,1.7777777777777777,0.359375,0.49690399499995325,3.5555555555555554
723,19,41,19,1.736842105263158,0.3255208333333333,0.4823763889427201,3.3684210526315788
724,18,35,18,1.7,0.3619791666666667,0.39999999999999997,3.2
725,19,45,17,1.736842105263158,0.28125,0.4823763889427201,3.3684210526315788
726,18,44,16,1.7,0.28125,0.39999999999999997,3.2
727,19,39,19,1.736842105263158,0.34375,0.4823763889427201,3.3684210526315788
728,18,41,18,1.65,0.31481481481481477,0.47696960070847283,3.15
729,18,42,17,1.75,0.30208333333333337,0.39999999999999997,3.2
730,18,37,19,1.65,0.3518518518518518,0.47696960070847283,3.15
731,20,43,17,1.7777777777777777,0.296875,0.49690399499995325,3.5555555555555554
732,18,42,18,1.7,0.3125,0.39999999999999997,3.2
733,19,45,17,1.736842105263158,0.27604166666666663,0.4823763889427201,3.3684210526315788
734,18,45,15,1.7,0.265625,0.39999999999999997,3.2
735,17,43,18,1.7142857142857142,0.3046875,0.21295885499997994,3.0476190476190474
736,18,41,16,1.7,0.3020833333333333,0.39999999999999997,3.2
737,18,45,16,1.7,0.27083333333333337,0.39999999999999997,3.2
738,19,40,18,1.736842105263158,0.3203125,0.4823763889427201,3.3684210526315788
739,19,38,18,1.736842105263158,0.33854166666666663,0.48237638894272,3.3684210526315788
740,19,40,18,1.7894736842105263,0.328125,0.48237638894272,3.3684210526315788
741,19,42,18,1.7894736842105263,0.30989583333333337,0.4823763889427201,3.3684210526315788
742,19,43,17,1.736842105263158,0.296875,0.4823763889427201,3.3684210526315788
743,18,44,17,1.7,0.28645833333333337,0.39999999999999997,3.2
744,18,38,20,1.7,0.35416666666666663,0.39999999999999997,3.2
745,19,41,19,1.736842105263158,0.3255208333333333,0.4823763889427201,3.3684210526315788
746,18,41,17,1.65,0.30423280423280424,0.47696960070847283,3.15
747,18,37,19,1.7,0.35677083333333337,0.39999999999999997,3.2
748,19,40,16,1.736842105263158,0.3125,0.4823763889427201,3.3684210526315788
749,18,37,21,1.7,0.375,0.39999999999999997,3.2
750,18,40,19,1.7,0.33333333333333337,0.39999999999999997,3.2
751,18,41,16,1.7,0.2994791666666667,0.39999999999999997,3.2
752,19,36,22,1.736842105263158,0.38541666666666663,0.4823763889427201,3.3684210526315788
753,18,41,17,1.7,0.3098958333333333,0.39999999999999997,3.2
754,19,40,18,1.736842105263158,0.3255208333333333,0.4823763889427201,3.3684210526315788
755,19,36,21,1.736842105263158,0.38020833333333337,0.4823763889427201,3.3684210526315788
756,19,43,17,1.7894736842105263,0.29166666666666663,0.4823763889427201,3.3684210526315788
757,18,41,17,1.7,0.3125,0.39999999999999997,3.2
758,19,41,18,1.736842105263158,0.3203125,0.4823763889427201,3.3684210526315788
759,19,39,20,1.736842105263158,0.3515625,0.4823763889427201,3.3684210526315788
760,19,40,19,1.736842105263158,0.33333333333333337,0.4823763889427201,3.3684210526315788
761,19,43,15,1.7894736842105263,0.2734375,0.48237638894272,3.3684210526315788
762,19,43,14,1.736842105263158,0.2708333333333333,0.4823763889427201,3.3684210526315788
763,18,36,18,1.7,0.3515625,0.39999999999999997,3.2
764,18,39,19,1.7,0.34114583333333337,0.39999999999999997,3.2
765,19,43,17,1.736842105263158,0.29427083333333337,0.48237638894272,3.3684210526315788
766,18,42,17,1.7,0.3020833333333333,0.39999999999999997,3.2
767,19,42,18,1.7894736842105263,0.3098958333333333,0.4823763889427201,3.3684210526315788
768,18,39,20,1.7,0.34635416666666663,0.39999999999999997,3.2
769,19,41,17,1.7894736842105263,0.3125,0.4823763889427201,3.3684210526315788
770,18,37,20,1.7,0.3645833333333333,0.39999999999999997,3.2
771,18,40,18,1.7,0.328125,0.39999999999999997,3.2
772,19,39,21,1.736842105263158,0.359375,0.4823763889427201,3.3684210526315788
773,18,42,18,1.7,0.30989583333333337,0.39999999999999997,3.2
774,19,39,19,1.736842105263158,0.33854166666666663,0.4823763889427201,3.3684210526315788
775,19,38,22,1.736842105263158,0.3697916666666667,0.4823763889427201,3.3684210526315788
776,18,40,19,1.75,0.33333333333333337,0.39999999999999997,3.2
777,18,38,17,1.7,0.3307291666666667,0.39999999999999997,3.2
778,19,40,20,1.736842105263158,0.3385416666666667,0.4823763889427201,3.3684210526315788
779,17,37,21,1.6666666666666667,0.3723958333333333,0.21295885499997994,3.0476190476190474
780,20,42,18,1.7777777777777777,0.3125,0.49690399499995325,3.5555555555555554
781,18,40,17,1.7,0.3098958333333333,0.39999999999999997,3.2
782,17,44,16,1.7142857142857142,0.28125,0.21295885499997994,3.0476190476190474
783,19,42,15,1.736842105263158,0.28645833333333337,0.4823763889427201,3.3684210526315788
784,18,46,17,1.7,0.2734375,0.39999999999999997,3.2
785,19,39,20,1.736842105263158,0.3463541666666667,0.4823763889427201,3.3684210526315788
786,19,39,20,1.736842105263158,0.3489583333333333,0.4823763889427201,3.3684210526315788
787,19,44,17,1.736842105263158,0.2890625,0.4823763889427201,3.3684210526315788
788,20,38,20,1.8333333333333333,0.35677083333333337,0.49690399499995325,3.5555555555555554
789,21,39,20,1.8235294117647058,0.3515625,0.42418250299576343,3.764705882352941
790,18,38,17,1.75,0.3307291666666667,0.39999999999999997,3.2
791,18,40,18,1.7,0.328125,0.39999999999999997,3.2
792,18,35,23,1.7,0.40364583333333337,0.39999999999999997,3.2
793,18,41,16,1.7,0.29947916666666663,0.39999999999999997,3.2
794,20,36,20,1.8333333333333333,0.3697916666666667,0.49690399499995325,3.5555555555555554
795,18,39,21,1.7,0.3541666666666667,0.39999999999999997,3.2
796,18,38,20,1.7,0.35416666666666663,0.39999999999999997,3.2
797,18,38,19,1.7,0.34895833333333337,0.39999999999999997,3.2
798,19,38,20,1.736842105263158,0.3567708333333333,0.4823763889427201,3.3684210526315788
799,18,36,18,1.7,0.3515625,0.39999999999999997,3.2
800,18,37,21,1.7,0.3723958333333333,0.39999999999999997,3.2
801,19,41,14,1.736842105263158,0.28645833333333337,0.4823763889427201,3.3684210526315788
802,19,43,18,1.7894736842105263,0.3046875,0.4823763889427201,3.3684210526315788
803,19,39,19,1.736842105263158,0.3411458333333333,0.4823763889427201,3.3684210526315788
804,19,39,17,1.736842105263158,0.3255208333333333,0.4823763889427201,3.3684210526315788
805,19,40,19,1.736842105263158,0.3333333333333333,0.4823763889427201,3.3684210526315788
806,19,39,16,1.736842105263158,0.3177083333333333,0.4823763889427201,3.3684210526315788
807,19,43,16,1.736842105263158,0.2890625,0.4823763889427201,3.3684210526315788
808,18,39,20,1.7,0.34635416666666663,0.39999999999999997,3.2
809,19,41,18,1.736842105263158,0.3177083333333333,0.4823763889427201,3.3684210526315788
810,18,37,17,1.7,0.33072916666666663,0.39999999999999997,3.2
811,19,38,20,1.736842105263158,0.3541666666666667,0.48237638894272,3.3684210526315788
812,19,38,20,1.736842105263158,0.359375,0.4823763889427201,3.3684210526315788
813,20,39,19,1.7777777777777777,0.3411458333333333,0.49690399499995325,3.5555555555555554
814,18,41,20,1.7,0.33072916666666663,0.39999999999999997,3.2
815,19,40,20,1.736842105263158,0.34375,0.48237638894272,3.3684210526315788
816,18,36,22,1.7,0.38802083333333337,0.39999999999999997,3.2
817,18,41,18,1.7,0.31510416666666663,0.39999999999999997,3.2
818,20,38,19,1.7777777777777777,0.3463541666666667,0.49690399499995325,3.5555555555555554
819,18,39,18,1.7,0.328125,0.39999999999999997,3.2
820,17,41,17,1.619047619047619,0.30952380952380953,0.3086066999241838,3.0
821,19,41,17,1.736842105263158,0.3125,0.4823763889427201,3.3684210526315788
822,19,36,23,1.736842105263158,0.3984375,0.4823763889427201,3.3684210526315788
823,18,39,20,1.7,0.3489583333333333,0.39999999999999997,3.2
824,18,38,20,1.65,0.3544973544973545,0.47696960070847283,3.15
825,18,38,19,1.7,0.3489583333333333,0.39999999999999997,3.2
826,19,37,17,1.736842105263158,0.3333333333333333,0.48237638894272,3.3684210526315788
827,19,38,18,1.736842105263158,0.34375,0.4823763889427201,3.3684210526315788
828,20,43,18,1.7777777777777777,0.3046875,0.49690399499995325,3.5555555555555554
829,19,45,16,1.6842105263157894,0.2671957671957672,0.5668594533825794,3.3157894736842106
830,19,40,18,1.736842105263158,0.3229166666666667,0.4823763889427201,3.3684210526315788
831,19,43,17,1.736842105263158,0.29427083333333337,0.4823763889427201,3.3684210526315788
832,19,43,18,1.736842105263158,0.3020833333333333,0.4823763889427201,3.3684210526315788
833,18,34,21,1.7,0.39322916666666663,0.39999999999999997,3.2
834,18,40,19,1.7,0.33333333333333337,0.39999999999999997,3.2
835,18,38,21,1.75,0.36197916666666663,0.39999999999999997,3.2
836,19,42,19,1.736842105263158,0.31770833333333337,0.48237638894272,3.3684210526315788
837,18,40,19,1.7,0.3359375,0.39999999999999997,3.2
838,18,41,19,1.7,0.32552083333333337,0.39999999999999997,3.2
839,19,34,18,1.736842105263158,0.3697916666666667,0.4823763889427201,3.3684210526315788
840,19,40,20,1.736842105263158,0.3411458333333333,0.4823763889427201,3.3684210526315788
841,18,41,22,1.7,0.3515625,0.39999999999999997,3.2
842,19,38,20,1.736842105263158,0.3541666666666667,0.4823763889427201,3.3684210526315788
843,19,43,17,1.736842105263158,0.2942708333333333,0.4823763889427201,3.3684210526315788
844,18,41,19,1.7,0.3229166666666667,0.39999999999999997,3.2
845,18,39,18,1.7,0.33333333333333337,0.39999999999999997,3.2
846,17,41,18,1.6666666666666667,0.3151041666666667,0.21295885499997994,3.0476190476190474
847,19,38,21,1.736842105263158,0.3671875,0.48237638894272,3.3684210526315788
848,18,39,19,1.7,0.34375,0.39999999999999997,3.2
849,18,42,18,1.7,0.3125,0.39999999999999997,3.2
850,19,40,20,1.736842105263158,0.34375,0.4823763889427201,3.3684210526315788
851,20,41,19,1.7777777777777777,0.328125,0.49690399499995325,3.5555555555555554
852,19,33,22,1.7894736842105263,0.40364583333333337,0.4823763889427201,3.3684210526315788
853,20,41,19,1.7777777777777777,0.328125,0.49690399499995325,3.5555555555555554
854,19,38,20,1.736842105263158,0.35677083333333337,0.4823763889427201,3.3684210526315788
855,19,37,18,1.736842105263158,0.34114583333333337,0.4823763889427201,3.3684210526315788
856,19,42,13,1.736842105263158,0.2682291666666667,0.4823763889427201,3.3684210526315788
857,19,40,20,1.736842105263158,0.34114583333333337,0.4823763889427201,3.3684210526315788
858,19,37,20,1.736842105263158,0.36458333333333337,0.4823763889427201,3.3684210526315788
859,19,34,21,1.6842105263157894,0.3968253968253968,0.5668594533825794,3.3157894736842106
860,18,40,19,1.7,0.3359375,0.39999999999999997,3.2
861,19,37,20,1.736842105263158,0.359375,0.4823763889427201,3.3684210526315788
862,19,40,20,1.7894736842105263,0.3385416666666667,0.4823763889427201,3.3684210526315788
863,18,38,22,1.7,0.37239583333333337,0.39999999999999997,3.2
864,19,36,20,1.736842105263158,0.3723958333333333,0.48237638894272,3.3684210526315788
865,19,36,23,1.736842105263158,0.3958333333333333,0.48237638894272,3.3684210526315788
866,19,40,16,1.736842105263158,0.3072916666666667,0.4823763889427201,3.3684210526315788
867,18,38,19,1.65,0.3439153439153439,0.47696960070847283,3.15
868,18,39,20,1.7,0.3489583333333333,0.39999999999999997,3.2
869,19,39,19,1.736842105263158,0.34375,0.4823763889427201,3.3684210526315788
870,20,39,20,1.7777777777777777,0.3463541666666667,0.49690399499995325,3.5555555555555554
871,18,37,21,1.7,0.375,0.39999999999999997,3.2
872,18,37,21,1.7,0.37239583333333337,0.39999999999999997,3.2
873,19,39,18,1.736842105263158,0.3307291666666667,0.48237638894272,3.3684210526315788
874,18,41,18,1.7,0.3151041666666667,0.39999999999999997,3.2
875,19,36,19,1.736842105263158,0.3645833333333333,0.4823763889427201,3.3684210526315788
876,19,37,22,1.736842105263158,0.3802083333333333,0.4823763889427201,3.3684210526315788
877,18,38,20,1.7,0.3515625,0.39999999999999997,3.2
878,19,35,20,1.736842105263158,0.375,0.4823763889427201,3.3684210526315788
879,18,39,20,1.7,0.34895833333333337,0.39999999999999997,3.2
880,19,37,19,1.6842105263157894,0.35714285714285715,0.5668594533825794,3.3157894736842106
881,19,34,24,1.736842105263158,0.421875,0.4823763889427201,3.3684210526315788
882,18,37,18,1.7,0.3463541666666667,0.39999999999999997,3.2
883,18,37,21,1.65,0.3703703703703704,0.47696960070847283,3.15
884,20,39,18,1.7777777777777777,0.3333333333333333,0.49690399499995325,3.5555555555555554
885,18,43,16,1.75,0.2890625,0.39999999999999997,3.2
886,19,36,22,1.736842105263158,0.390625,0.4823763889427201,3.3684210526315788
887,19,42,18,1.736842105263158,0.3072916666666667,0.48237638894272,3.3684210526315788
888,18,39,20,1.7,0.3489583333333333,0.39999999999999997,3.2
889,18,43,16,1.7,0.2890625,0.39999999999999997,3.2
890,17,33,22,1.6666666666666667,0.40885416666666663,0.21295885499997994,3.0476190476190474
891,19,41,20,1.736842105263158,0.3359375,0.4823763889427201,3.3684210526315788
892,17,41,18,1.6666666666666667,0.3177083333333333,0.21295885499997994,3.0476190476190474
893,19,38,22,1.736842105263158,0.375,0.4823763889427201,3.3684210526315788
894,19,40,17,1.736842105263158,0.3177083333333333,0.4823763889427201,3.3684210526315788
895,19,35,21,1.736842105263158,0.3854166666666667,0.48237638894272,3.3684210526315788
896,18,36,21,1.7,0.37239583333333337,0.39999999999999997,3.2
897,19,39,19,1.736842105263158,0.34375,0.4823763889427201,3.3684210526315788
898,19,38,21,1.7894736842105263,0.3671875,0.48237638894272,3.3684210526315788
899,19,31,22,1.736842105263158,0.421875,0.4823763889427201,3.3684210526315788
900,18,38,18,1.7,0.3385416666666667,0.39999999999999997,3.2
901,18,45,17,1.7,0.2786458333333333,0.39999999999999997,3.2
902,18,40,20,1.7,0.3411458333333333,0.39999999999999997,3.2
903,19,41,19,1.736842105263158,0.328125,0.4823763889427201,3.3684210526315788
904,18,38,19,1.7,0.34635416666666663,0.39999999999999997,3.2
905,20,37,19,1.7777777777777777,0.3541666666666667,0.49690399499995325,3.5555555555555554
906,17,38,19,1.6666666666666667,0.34375,0.21295885499997994,3.0476190476190474
907,19,35,20,1.736842105263158,0.37239583333333337,0.4823763889427201,3.3684210526315788
908,18,37,19,1.65,0.35449735449735453,0.47696960070847283,3.15
909,19,35,20,1.736842105263158,0.375,0.4823763889427201,3.3684210526315788
910,18,39,19,1.7,0.3385416666666667,0.39999999999999997,3.2
911,18,39,20,1.7,0.3515625,0.39999999999999997,3.2
912,19,37,20,1.736842105263158,0.3645833333333333,0.4823763889427201,3.3684210526315788
913,19,40,17,1.736842105263158,0.31770833333333337,0.4823763889427201,3.3684210526315788
914,18,43,17,1.7,0.29427083333333337,0.39999999999999997,3.2
915,18,39,17,1.7,0.3203125,0.39999999999999997,3.2
916,19,37,19,1.736842105263158,0.3567708333333333,0.4823763889427201,3.3684210526315788
917,19,38,19,1.736842105263158,0.34895833333333337,0.48237638894272,3.3684210526315788
918,17,40,18,1.6666666666666667,0.3229166666666667,0.21295885499997994,3.0476190476190474
919,18,37,22,1.7,0.38020833333333337,0.39999999999999997,3.2
920,19,38,19,1.736842105263158,0.3489583333333333,0.4823763889427201,3.3684210526315788
921,19,36,20,1.736842105263158,0.375,0.48237638894272,3.3684210526315788
922,19,36,20,1.736842105263158,0.37239583333333337,0.4823763889427201,3.3684210526315788
923,18,39,19,1.7,0.3411458333333333,0.39999999999999997,3.2
924,19,37,20,1.736842105263158,0.3645833333333333,0.4823763889427201,3.3684210526315788
925,19,38,19,1.736842105263158,0.34635416666666663,0.4823763889427201,3.3684210526315788
926,18,39,20,1.7,0.34895833333333337,0.39999999999999997,3.2
927,18,37,19,1.7,0.35416666666666663,0.39999999999999997,3.2
928,19,38,21,1.736842105263158,0.3671875,0.48237638894272,3.3684210526315788
929,19,37,19,1.736842105263158,0.3567708333333333,0.4823763889427201,3.3684210526315788
930,18,36,20,1.65,0.36772486772486773,0.47696960070847283,3.15
931,18,36,21,1.65,0.37566137566137564,0.47696960070847283,3.15
932,19,34,22,1.736842105263158,0.4036458333333333,0.4823763889427201,3.3684210526315788
933,18,37,18,1.7,0.34375,0.39999999999999997,3.2
934,19,41,20,1.7894736842105263,0.33072916666666663,0.4823763889427201,3.3684210526315788
935,20,37,22,1.7777777777777777,0.38020833333333337,0.49690399499995325,3.5555555555555554
936,18,37,19,1.7,0.3567708333333333,0.39999999999999997,3.2
937,20,41,20,1.7777777777777777,0.3359375,0.49690399499995325,3.5555555555555554
938,19,36,19,1.6842105263157894,0.35714285714285715,0.5668594533825794,3.3157894736842106
939,18,34,23,1.7,0.4088541666666667,0.39999999999999997,3.2
940,19,40,18,1.736842105263158,0.32552083333333337,0.4823763889427201,3.3684210526315788
941,18,38,21,1.7,0.3671875,0.39999999999999997,3.2
942,17,41,21,1.6666666666666667,0.34375,0.21295885499997994,3.0476190476190474
943,19,41,18,1.6842105263157894,0.3148148148148148,0.5668594533825794,3.3157894736842106
944,18,37,21,1.7,0.3723958333333333,0.39999999999999997,3.2
945,19,34,24,1.6842105263157894,0.4153439153439153,0.5668594533825794,3.3157894736842106
946,18,45,16,1.7,0.2734375,0.39999999999999997,3.2
947,18,35,20,1.75,0.375,0.39999999999999997,3.2
948,19,34,21,1.736842105263158,0.3932291666666667,0.4823763889427201,3.3684210526315788
949,18,38,21,1.7,0.3671875,0.39999999999999997,3.2
950,19,39,20,1.736842105263158,0.3515625,0.4823763889427201,3.3684210526315788
951,19,38,19,1.736842105263158,0.3489583333333333,0.4823763889427201,3.3684210526315788
952,18,34,20,1.7,0.38541666666666663,0.39999999999999997,3.2
953,18,42,17,1.7,0.3046875,0.39999999999999997,3.2
954,19,35,20,1.736842105263158,0.37760416666666663,0.4823763889427201,3.3684210526315788
955,19,42,18,1.736842105263158,0.30989583333333337,0.48237638894272,3.3684210526315788
956,18,37,19,1.65,0.3518518518518518,0.47696960070847283,3.15
957,19,31,22,1.736842105263158,0.4270833333333333,0.4823763889427201,3.3684210526315788
958,19,42,19,1.736842105263158,0.3203125,0.4823763889427201,3.3684210526315788
959,19,36,20,1.736842105263158,0.36979166666666663,0.4823763889427201,3.3684210526315788
960,19,37,19,1.736842105263158,0.35416666666666663,0.4823763889427201,3.3684210526315788
961,18,38,19,1.7,0.34635416666666663,0.39999999999999997,3.2
962,19,35,21,1.736842105263158,0.3828125,0.4823763889427201,3.3684210526315788
963,20,40,20,1.7777777777777777,0.3411458333333333,0.49690399499995325,3.5555555555555554
964,19,36,21,1.736842105263158,0.38020833333333337,0.4823763889427201,3.3684210526315788
965,19,34,23,1.736842105263158,0.41145833333333337,0.4823763889427201,3.3684210526315788
966,18,37,22,1.7,0.38020833333333337,0.39999999999999997,3.2
967,19,40,20,1.736842105263158,0.34375,0.4823763889427201,3.3684210526315788
968,19,36,19,1.736842105263158,0.3645833333333333,0.4823763889427201,3.3684210526315788
969,19,37,20,1.736842105263158,0.36197916666666663,0.4823763889427201,3.3684210526315788
970,19,34,21,1.736842105263158,0.3880208333333333,0.4823763889427201,3.3684210526315788
971,18,34,21,1.7,0.390625,0.39999999999999997,3.2
972,18,39,18,1.7,0.328125,0.39999999999999997,3.2
973,19,37,20,1.736842105263158,0.36458333333333337,0.4823763889427201,3.3684210526315788
974,18,35,20,1.7,0.37760416666666663,0.39999999999999997,3.2
975,19,40,21,1.736842105263158,0.3489583333333333,0.48237638894272,3.3684210526315788
976,19,40,17,1.736842105263158,0.3203125,0.4823763889427201,3.3684210526315788
977,18,39,20,1.7,0.34895833333333337,0.39999999999999997,3.2
978,19,37,20,1.736842105263158,0.36197916666666663,0.4823763889427201,3.3684210526315788
979,18,34,21,1.65,0.3941798941798942,0.47696960070847283,3.15
980,19,35,20,1.736842105263158,0.3723958333333333,0.4823763889427201,3.3684210526315788
981,20,33,19,1.7777777777777777,0.38541666666666663,0.49690399499995325,3.5555555555555554
982,19,41,18,1.736842105263158,0.31770833333333337,0.4823763889427201,3.3684210526315788
983,19,37,20,1.736842105263158,0.36458333333333337,0.4823763889427201,3.3684210526315788
984,18,42,14,1.75,0.27864583333333337,0.39999999999999997,3.2
985,18,37,21,1.7,0.36979166666666663,0.39999999999999997,3.2
986,20,41,18,1.7777777777777777,0.3151041666666667,0.49690399499995325,3.5555555555555554
987,18,39,19,1.7,0.34375,0.39999999999999997,3.2
988,18,39,21,1.7,0.35677083333333337,0.39999999999999997,3.2
989,19,40,18,1.736842105263158,0.3229166666666667,0.4823763889427201,3.3684210526315788
990,20,40,18,1.7777777777777777,0.328125,0.49690399499995325,3.5555555555555554
991,18,42,17,1.7,0.3020833333333333,0.39999999999999997,3.2
992,19,39,21,1.736842105263158,0.359375,0.4823763889427201,3.3684210526315788
993,19,36,22,1.736842105263158,0.38541666666666663,0.4823763889427201,3.3684210526315788
994,19,36,20,1.736842105263158,0.3671875,0.4823763889427201,3.3684210526315788
995,19,37,20,1.736842105263158,0.359375,0.4823763889427201,3.3684210526315788
996,20,36,20,1.7777777777777777,0.36979166666666663,0.49690399499995325,3.5555555555555554
997,18,36,21,1.7,0.38020833333333337,0.39999999999999997,3.2
998,19,37,21,1.736842105263158,0.36979166666666663,0.48237638894272,3.3684210526315788
999,18,36,20,1.7,0.3723958333333333,0.39999999999999997,3.2
1000,20,39,19,1.8333333333333333,0.3411458333333333,0.49690399499995325,3.5555555555555554
1001,19,37,21,1.736842105263158,0.3723958333333333,0.4823763889427201,3.3684210526315788
1002,19,37,23,1.736842105263158,0.3880208333333333,0.4823763889427201,3.3684210526315788
1003,19,32,23,1.736842105263158,0.42708333333333337,0.4823763889427201,3.3684210526315788
1004,20,37,18,1.7777777777777777,0.3489583333333333,0.49690399499995325,3.5555555555555554
1005,18,36,20,1.7,0.3671875,0.39999999999999997,3.2
1006,18,41,16,1.7,0.3020833333333333,0.39999999999999997,3.2
1007,19,37,20,1.6842105263157894,0.36507936507936506,0.5668594533825794,3.3157894736842106
1008,19,36,20,1.736842105263158,0.3697916666666667,0.4823763889427201,3.3684210526315788
1009,18,34,20,1.65,0.3783068783068783,0.47696960070847283,3.15
1010,19,41,18,1.7894736842105263,0.3203125,0.48237638894272,3.3684210526315788
1011,20,39,20,1.7777777777777777,0.3515625,0.49690399499995325,3.5555555555555554
1012,20,38,21,1.7777777777777777,0.36197916666666663,0.49690399499995325,3.5555555555555554
1013,19,31,24,1.736842105263158,0.44010416666666663,0.4823763889427201,3.3684210526315788
1014,18,36,20,1.65,0.3677248677248677,0.47696960070847283,3.15
1015,19,38,22,1.736842105263158,0.36979166666666663,0.48237638894272,3.3684210526315788
1016,18,41,19,1.7,0.32552083333333337,0.39999999999999997,3.2
1017,19,37,20,1.736842105263158,0.36197916666666663,0.4823763889427201,3.3684210526315788
1018,18,41,20,1.65,0.33068783068783064,0.47696960070847283,3.15
1019,19,39,20,1.736842105263158,0.3515625,0.4823763889427201,3.3684210526315788
1020,19,33,20,1.736842105263158,0.390625,0.4823763889427201,3.3684210526315788
1021,20,33,20,1.7777777777777777,0.39322916666666663,0.49690399499995325,3.5555555555555554
1022,18,41,20,1.7,0.3359375,0.39999999999999997,3.2
1023,18,39,20,1.7,0.34635416666666663,0.39999999999999997,3.2
1024,18,33,22,1.7,0.4036458333333333,0.39999999999999997,3.2
1025,18,38,19,1.75,0.3489583333333333,0.39999999999999997,3.2
1026,18,34,24,1.7,0.4166666666666667,0.39999999999999997,3.2
1027,18,33,21,1.7,0.40364583333333337,0.39999999999999997,3.2
1028,19,42,14,1.736842105263158,0.2786458333333333,0.4823763889427201,3.3684210526315788
1029,18,40,19,1.7,0.33072916666666663,0.39999999999999997,3.2
1030,19,39,21,1.736842105263158,0.3567708333333333,0.4823763889427201,3.3684210526315788
1031,18,33,22,1.7,0.40625,0.39999999999999997,3.2
1032,19,39,17,1.6842105263157894,0.3201058201058201,0.5668594533825794,3.3157894736842106
1033,19,42,19,1.736842105263158,0.31770833333333337,0.4823763889427201,3.3684210526315788
1034,19,32,23,1.736842105263158,0.421875,0.4823763889427201,3.3684210526315788
1035,18,38,21,1.7,0.3645833333333333,0.39999999999999997,3.2
1036,18,35,19,1.65,0.3677248677248677,0.47696960070847283,3.15
1037,18,39,19,1.7,0.3385416666666667,0.39999999999999997,3.2
1038,18,37,21,1.7,0.375,0.39999999999999997,3.2
1039,18,41,17,1.7,0.3072916666666667,0.39999999999999997,3.2
1040,19,33,21,1.736842105263158,0.3984375,0.4823763889427201,3.3684210526315788
1041,19,35,21,1.6842105263157894,0.38359788359788355,0.5668594533825794,3.3157894736842106
1042,19,35,19,1.736842105263158,0.37239583333333337,0.4823763889427201,3.3684210526315788
1043,18,39,19,1.7,0.3411458333333333,0.39999999999999997,3.2
1044,18,34,20,1.7,0.38541666666666663,0.39999999999999997,3.2
1045,18,39,20,1.7,0.34635416666666663,0.39999999999999997,3.2
1046,19,34,22,1.736842105263158,0.4036458333333333,0.4823763889427201,3.3684210526315788
1047,19,36,24,1.736842105263158,0.40364583333333337,0.4823763889427201,3.3684210526315788
1048,20,35,20,1.7777777777777777,0.3697916666666667,0.49690399499995325,3.5555555555555554
1049,18,40,19,1.7,0.3359375,0.39999999999999997,3.2
1050,18,37,21,1.65,0.3703703703703704,0.47696960070847283,3.15
1051,18,36,18,1.7,0.3541666666666667,0.39999999999999997,3.2
1052,19,38,20,1.736842105263158,0.35677083333333337,0.4823763889427201,3.3684210526315788
1053,18,34,20,1.7,0.3802083333333333,0.39999999999999997,3.2
1054,18,37,20,1.7,0.359375,0.39999999999999997,3.2
1055,19,35,19,1.736842105263158,0.3671875,0.4823763889427201,3.3684210526315788
1056,18,33,22,1.7,0.40625,0.39999999999999997,3.2
1057,18,37,22,1.7,0.37760416666666663,0.39999999999999997,3.2
1058,18,33,20,1.65,0.3915343915343915,0.47696960070847283,3.15
1059,18,38,21,1.65,0.3597883597883598,0.47696960070847283,3.15
1060,18,34,23,1.7,0.40885416666666663,0.39999999999999997,3.2
1061,20,37,20,1.7777777777777777,0.3619791666666667,0.49690399499995325,3.5555555555555554
1062,18,35,21,1.7,0.38541666666666663,0.39999999999999997,3.2
1063,18,38,19,1.7,0.3463541666666667,0.39999999999999997,3.2
1064,20,31,21,1.7777777777777777,0.40625,0.49690399499995325,3.5555555555555554
1065,18,35,20,1.7,0.375,0.39999999999999997,3.2
1066,19,37,20,1.736842105263158,0.36197916666666663,0.4823763889427201,3.3684210526315788
1067,19,34,19,1.736842105263158,0.375,0.4823763889427201,3.3684210526315788
1068,18,36,22,1.7,0.3828125,0.39999999999999997,3.2
1069,19,37,20,1.736842105263158,0.36197916666666663,0.4823763889427201,3.3684210526315788
1070,19,34,22,1.736842105263158,0.4010416666666667,0.4823763889427201,3.3684210526315788
1071,18,35,21,1.7,0.3854166666666667,0.39999999999999997,3.2
1072,18,37,20,1.7,0.3645833333333333,0.39999999999999997,3.2
1073,18,38,17,1.7,0.328125,0.39999999999999997,3.2
1074,19,33,20,1.6842105263157894,0.3941798941798942,0.5668594533825794,3.3157894736842106
1075,20,41,19,1.7777777777777777,0.328125,0.49690399499995325,3.5555555555555554
1076,19,38,20,1.736842105263158,0.3567708333333333,0.4823763889427201,3.3684210526315788
1077,18,35,18,1.7,0.359375,0.39999999999999997,3.2
1078,19,41,20,1.736842105263158,0.33333333333333337,0.4823763889427201,3.3684210526315788
1079,19,39,18,1.736842105263158,0.33072916666666663,0.48237638894272,3.3684210526315788
1080,19,40,20,1.736842105263158,0.3411458333333333,0.4823763889427201,3.3684210526315788
1081,18,42,17,1.75,0.3020833333333333,0.39999999999999997,3.2
1082,18,33,22,1.65,0.4021164021164021,0.47696960070847283,3.15
1083,20,36,21,1.7777777777777777,0.3802083333333333,0.49690399499995325,3.5555555555555554
1084,19,38,20,1.736842105263158,0.35416666666666663,0.4823763889427201,3.3684210526315788
1085,19,39,18,1.736842105263158,0.3333333333333333,0.4823763889427201,3.3684210526315788
1086,18,39,21,1.75,0.359375,0.39999999999999997,3.2
1087,18,37,19,1.7,0.35416666666666663,0.39999999999999997,3.2
1088,18,34,22,1.7,0.40104166666666663,0.39999999999999997,3.2
1089,19,35,21,1.736842105263158,0.390625,0.4823763889427201,3.3684210526315788
1090,19,37,18,1.736842105263158,0.3489583333333333,0.4823763889427201,3.3684210526315788
1091,20,33,25,1.7777777777777777,0.4348958333333333,0.49690399499995325,3.5555555555555554
1092,19,33,21,1.736842105263158,0.390625,0.4823763889427201,3.3684210526315788
1093,20,37,21,1.7777777777777777,0.36979166666666663,0.49690399499995325,3.5555555555555554
1094,19,34,20,1.6842105263157894,0.3862433862433863,0.5668594533825794,3.3157894736842106
1095,17,42,18,1.7142857142857142,0.3125,0.21295885499997994,3.0476190476190474
1096,18,35,21,1.7,0.38541666666666663,0.39999999999999997,3.2
1097,18,35,21,1.7,0.3880208333333333,0.39999999999999997,3.2
1098,20,39,20,1.7777777777777777,0.3489583333333333,0.49690399499995325,3.5555555555555554
1099,19,34,23,1.736842105263158,0.40885416666666663,0.4823763889427201,3.3684210526315788
1100,18,36,22,1.7,0.390625,0.39999999999999997,3.2
1101,18,34,23,1.65,0.4126984126984127,0.47696960070847283,3.15
1102,19,40,20,1.736842105263158,0.34375,0.4823763889427201,3.3684210526315788
1103,18,35,21,1.7,0.38541666666666663,0.39999999999999997,3.2
1104,18,37,18,1.7,0.34375,0.39999999999999997,3.2
1105,18,39,17,1.7,0.32552083333333337,0.39999999999999997,3.2
1106,18,36,21,1.7,0.3802083333333333,0.39999999999999997,3.2
1107,19,39,21,1.736842105263158,0.359375,0.48237638894272,3.3684210526315788
1108,18,36,19,1.7,0.36197916666666663,0.39999999999999997,3.2
1109,19,38,20,1.736842105263158,0.3567708333333333,0.4823763889427201,3.3684210526315788
1110,18,38,19,1.7,0.3411458333333333,0.39999999999999997,3.2
1111,19,35,21,1.736842105263158,0.38541666666666663,0.4823763889427201,3.3684210526315788
1112,19,35,18,1.6842105263157894,0.35978835978835977,0.5668594533825794,3.3157894736842106
1113,18,33,24,1.7,0.4270833333333333,0.39999999999999997,3.2
1114,18,34,20,1.7,0.38020833333333337,0.39999999999999997,3.2
1115,18,37,19,1.7,0.3515625,0.39999999999999997,3.2
1116,20,34,21,1.7777777777777777,0.39322916666666663,0.49690399499995325,3.5555555555555554
1117,19,36,22,1.736842105263158,0.3828125,0.48237638894272,3.3684210526315788
1118,20,35,20,1.7222222222222223,0.373015873015873,0.6009252125773316,3.5
1119,18,42,18,1.7,0.3125,0.39999999999999997,3.2
1120,19,36,20,1.736842105263158,0.3723958333333333,0.4823763889427201,3.3684210526315788
1121,19,33,22,1.736842105263158,0.40885416666666663,0.4823763889427201,3.3684210526315788
1122,18,37,22,1.7,0.3828125,0.39999999999999997,3.2
1123,18,35,18,1.7,0.359375,0.39999999999999997,3.2
1124,18,35,22,1.65,0.3968253968253968,0.47696960070847283,3.15
1125,18,38,21,1.7,0.3645833333333333,0.39999999999999997,3.2
1126,20,39,19,1.7777777777777777,0.3411458333333333,0.49690399499995325,3.5555555555555554
1127,19,38,20,1.736842105263158,0.359375,0.4823763889427201,3.3684210526315788
1128,18,38,19,1.7,0.34635416666666663,0.39999999999999997,3.2
1129,19,34,23,1.736842105263158,0.40625,0.4823763889427201,3.3684210526315788
1130,19,34,21,1.736842105263158,0.3958333333333333,0.4823763889427201,3.3684210526315788
1131,18,34,21,1.7,0.3932291666666667,0.39999999999999997,3.2
1132,18,36,20,1.7,0.3723958333333333,0.39999999999999997,3.2
1133,18,31,20,1.7,0.40104166666666663,0.39999999999999997,3.2
1134,18,35,19,1.7,0.37239583333333337,0.39999999999999997,3.2
1135,19,33,23,1.6842105263157894,0.4153439153439153,0.5668594533825794,3.3157894736842106
1136,18,34,23,1.7,0.40885416666666663,0.39999999999999997,3.2
1137,20,33,23,1.7777777777777777,0.41666666666666663,0.49690399499995325,3.5555555555555554
1138,19,33,23,1.736842105263158,0.4192708333333333,0.4823763889427201,3.3684210526315788
1139,19,36,22,1.736842105263158,0.38541666666666663,0.4823763889427201,3.3684210526315788
1140,18,35,20,1.7,0.37239583333333337,0.39999999999999997,3.2
1141,19,32,21,1.736842105263158,0.4036458333333333,0.4823763889427201,3.3684210526315788
1142,18,36,24,1.7,0.4036458333333333,0.39999999999999997,3.2
1143,18,35,21,1.7,0.3880208333333333,0.39999999999999997,3.2
1144,18,35,22,1.7,0.3958333333333333,0.39999999999999997,3.2
1145,19,32,22,1.736842105263158,0.41666666666666663,0.4823763889427201,3.3684210526315788
1146,18,35,19,1.7,0.3723958333333333,0.39999999999999997,3.2
1147,19,38,21,1.736842105263158,0.3645833333333333,0.4823763889427201,3.3684210526315788
1148,19,33,20,1.736842105263158,0.390625,0.4823763889427201,3.3684210526315788
1149,18,36,18,1.7,0.3541666666666667,0.39999999999999997,3.2
1150,18,37,22,1.7,0.3828125,0.39999999999999997,3.2
1151,18,38,18,1.7,0.3359375,0.39999999999999997,3.2
1152,18,35,24,1.7,0.40885416666666663,0.39999999999999997,3.2
1153,18,33,23,1.7,0.41666666666666663,0.39999999999999997,3.2
1154,19,35,20,1.736842105263158,0.375,0.48237638894272,3.3684210526315788
1155,18,31,22,1.7,0.421875,0.39999999999999997,3.2
1156,19,30,24,1.736842105263158,0.44010416666666663,0.4823763889427201,3.3684210526315788
1157,18,37,20,1.7,0.359375,0.39999999999999997,3.2
1158,19,35,20,1.736842105263158,0.37239583333333337,0.4823763889427201,3.3684210526315788
1159,19,32,21,1.6842105263157894,0.40211640211640215,0.5668594533825794,3.3157894736842106
1160,19,32,23,1.736842105263158,0.4270833333333333,0.4823763889427201,3.3684210526315788
1161,20,38,21,1.7777777777777777,0.36197916666666663,0.49690399499995325,3.5555555555555554
1162,18,35,22,1.7,0.3984375,0.39999999999999997,3.2
1163,19,37,18,1.6842105263157894,0.34656084656084657,0.5668594533825794,3.3157894736842106
1164,19,34,23,1.736842105263158,0.40625,0.4823763889427201,3.3684210526315788
1165,18,37,19,1.75,0.359375,0.39999999999999997,3.2
1166,20,37,19,1.7777777777777777,0.3515625,0.49690399499995325,3.5555555555555554
1167,19,37,21,1.736842105263158,0.37239583333333337,0.4823763889427201,3.3684210526315788
1168,18,38,18,1.7,0.33854166666666663,0.39999999999999997,3.2
1169,20,36,21,1.7777777777777777,0.38020833333333337,0.49690399499995325,3.5555555555555554
1170,18,36,22,1.7,0.38541666666666663,0.39999999999999997,3.2
1171,19,33,21,1.736842105263158,0.40104166666666663,0.4823763889427201,3.3684210526315788
1172,18,33,23,1.7,0.4140625,0.39999999999999997,3.2
1173,20,37,20,1.7777777777777777,0.359375,0.49690399499995325,3.5555555555555554
1174,18,34,21,1.7,0.39322916666666663,0.39999999999999997,3.2
1175,18,34,21,1.7,0.390625,0.39999999999999997,3.2
1176,18,33,22,1.7,0.4114583333333333,0.39999999999999997,3.2
1177,18,37,19,1.7,0.35416666666666663,0.39999999999999997,3.2
1178,19,33,20,1.736842105263158,0.3958333333333333,0.4823763889427201,3.3684210526315788
1179,19,31,21,1.736842105263158,0.41145833333333337,0.4823763889427201,3.3684210526315788
1180,18,37,19,1.7,0.35677083333333337,0.39999999999999997,3.2
1181,18,31,22,1.7,0.421875,0.39999999999999997,3.2
1182,19,34,23,1.6842105263157894,0.41005291005291006,0.5668594533825794,3.3157894736842106
1183,19,35,21,1.736842105263158,0.3828125,0.4823763889427201,3.3684210526315788
1184,18,30,22,1.7,0.42447916666666663,0.39999999999999997,3.2
1185,18,37,22,1.7,0.3802083333333333,0.39999999999999997,3.2
1186,19,36,21,1.736842105263158,0.3828125,0.4823763889427201,3.3684210526315788
1187,19,37,20,1.736842105263158,0.3645833333333333,0.4823763889427201,3.3684210526315788
1188,19,36,22,1.736842105263158,0.38541666666666663,0.4823763889427201,3.3684210526315788
1189,19,32,23,1.736842105263158,0.42447916666666663,0.4823763889427201,3.3684210526315788
1190,19,35,22,1.736842105263158,0.3958333333333333,0.4823763889427201,3.3684210526315788
1191,19,37,22,1.736842105263158,0.38020833333333337,0.4823763889427201,3.3684210526315788
1192,19,37,20,1.736842105263158,0.3671875,0.4823763889427201,3.3684210526315788
1193,19,34,22,1.736842105263158,0.40104166666666663,0.4823763889427201,3.3684210526315788
1194,20,35,21,1.7777777777777777,0.38541666666666663,0.49690399499995325,3.5555555555555554
1195,20,35,23,1.7777777777777777,0.40104166666666663,0.49690399499995325,3.5555555555555554
1196,19,35,20,1.736842105263158,0.37760416666666663,0.4823763889427201,3.3684210526315788
1197,20,34,21,1.7777777777777777,0.3880208333333333,0.49690399499995325,3.5555555555555554
1198,19,36,21,1.736842105263158,0.3828125,0.4823763889427201,3.3684210526315788
1199,19,36,23,1.736842105263158,0.3958333333333333,0.4823763889427201,3.3684210526315788
1200,18,31,23,1.7,0.4270833333333333,0.39999999999999997,3.2
1201,18,32,23,1.65,0.42592592592592593,0.47696960070847283,3.15
1202,19,34,21,1.6842105263157894,0.3915343915343915,0.5668594533825794,3.3157894736842106
1203,20,41,19,1.7777777777777777,0.328125,0.49690399499995325,3.5555555555555554
1204,19,34,20,1.736842105263158,0.3828125,0.48237638894272,3.3684210526315788
1205,18,37,20,1.65,0.36243386243386244,0.47696960070847283,3.15
1206,18,37,20,1.7,0.36197916666666663,0.39999999999999997,3.2
1207,19,33,22,1.736842105263158,0.40885416666666663,0.4823763889427201,3.3684210526315788
1208,19,41,17,1.7894736842105263,0.3125,0.4823763889427201,3.3684210526315788
1209,18,34,20,1.7,0.3880208333333333,0.39999999999999997,3.2
1210,19,33,22,1.736842105263158,0.40625,0.4823763889427201,3.3684210526315788
1211,20,35,20,1.7777777777777777,0.38020833333333337,0.49690399499995325,3.5555555555555554
1212,21,35,19,1.8235294117647058,0.3697916666666667,0.42418250299576343,3.764705882352941
1213,18,36,22,1.7,0.3880208333333333,0.39999999999999997,3.2
1214,19,37,18,1.736842105263158,0.3411458333333333,0.4823763889427201,3.3684210526315788
1215,19,33,23,1.736842105263158,0.4166666666666667,0.4823763889427201,3.3684210526315788
1216,19,34,22,1.736842105263158,0.39583333333333337,0.4823763889427201,3.3684210526315788
1217,19,32,24,1.736842105263158,0.4296875,0.48237638894272,3.3684210526315788
1218,19,35,17,1.736842105263158,0.35677083333333337,0.4823763889427201,3.3684210526315788
1219,18,34,20,1.7,0.38020833333333337,0.39999999999999997,3.2
1220,19,40,19,1.736842105263158,0.3359375,0.4823763889427201,3.3684210526315788
1221,19,39,20,1.736842105263158,0.3489583333333333,0.4823763889427201,3.3684210526315788
1222,18,34,21,1.7,0.390625,0.39999999999999997,3.2
1223,19,36,21,1.736842105263158,0.375,0.48237638894272,3.3684210526315788
1224,18,31,24,1.7,0.44270833333333337,0.39999999999999997,3.2
1225,18,36,21,1.7,0.37239583333333337,0.39999999999999997,3.2
1226,19,36,19,1.736842105263158,0.359375,0.4823763889427201,3.3684210526315788
1227,19,35,20,1.736842105263158,0.3828125,0.4823763889427201,3.3684210526315788
1228,18,33,22,1.7,0.40625,0.39999999999999997,3.2
1229,18,37,20,1.7,0.36197916666666663,0.39999999999999997,3.2
1230,20,30,23,1.7777777777777777,0.4296875,0.49690399499995325,3.5555555555555554
1231,19,36,18,1.736842105263158,0.34895833333333337,0.4823763889427201,3.3684210526315788
1232,18,35,21,1.7,0.3854166666666667,0.39999999999999997,3.2
1233,18,36,19,1.7,0.3645833333333333,0.39999999999999997,3.2
1234,19,33,22,1.736842105263158,0.40625,0.4823763889427201,3.3684210526315788
1235,20,34,24,1.7777777777777777,0.41666666666666663,0.49690399499995325,3.5555555555555554
1236,19,34,23,1.736842105263158,0.4114583333333333,0.48237638894272,3.3684210526315788
1237,18,35,19,1.7,0.3671875,0.39999999999999997,3.2
1238,19,30,25,1.736842105263158,0.45572916666666663,0.4823763889427201,3.3684210526315788
1239,19,29,24,1.736842105263158,0.4479166666666667,0.4823763889427201,3.3684210526315788
1240,20,36,23,1.7777777777777777,0.3958333333333333,0.49690399499995325,3.5555555555555554
1241,19,34,21,1.6842105263157894,0.3888888888888889,0.5668594533825794,3.3157894736842106
1242,18,35,22,1.7,0.390625,0.39999999999999997,3.2
1243,19,31,24,1.736842105263158,0.4375,0.4823763889427201,3.3684210526315788
1244,18,31,23,1.7,0.4296875,0.39999999999999997,3.2
1245,19,35,20,1.736842105263158,0.375,0.4823763889427201,3.3684210526315788
1246,19,33,21,1.736842105263158,0.39322916666666663,0.4823763889427201,3.3684210526315788
1247,19,29,26,1.736842105263158,0.46614583333333337,0.4823763889427201,3.3684210526315788
1248,18,35,22,1.7,0.390625,0.39999999999999997,3.2
1249,18,35,23,1.7,0.4036458333333333,0.39999999999999997,3.2
1250,18,36,20,1.7,0.36979166666666663,0.39999999999999997,3.2
1251,18,35,23,1.7,0.40104166666666663,0.39999999999999997,3.2
1252,19,34,24,1.736842105263158,0.4114583333333333,0.4823763889427201,3.3684210526315788
1253,19,34,22,1.736842105263158,0.40104166666666663,0.4823763889427201,3.3684210526315788
1254,18,35,24,1.7,0.4140625,0.39999999999999997,3.2
1255,18,38,21,1.7,0.359375,0.39999999999999997,3.2
1256,20,33,24,1.7777777777777777,0.42447916666666663,0.49690399499995325,3.5555555555555554
1257,19,33,21,1.736842105263158,0.3984375,0.4823763889427201,3.3684210526315788
1258,18,32,24,1.7,0.4296875,0.39999999999999997,3.2
1259,19,33,24,1.736842105263158,0.42447916666666663,0.4823763889427201,3.3684210526315788
1260,19,33,25,1.736842105263158,0.4348958333333333,0.48237638894272,3.3684210526315788
1261,19,36,22,1.736842105263158,0.390625,0.48237638894272,3.3684210526315788
1262,18,35,20,1.7,0.3802083333333333,0.39999999999999997,3.2
1263,18,34,23,1.7,0.40885416666666663,0.39999999999999997,3.2
1264,18,33,24,1.7,0.4244791666666667,0.39999999999999997,3.2
1265,18,34,22,1.7,0.40104166666666663,0.39999999999999997,3.2
1266,18,35,21,1.7,0.38541666666666663,0.39999999999999997,3.2
1267,18,34,23,1.7,0.40885416666666663,0.39999999999999997,3.2
1268,19,31,24,1.736842105263158,0.44010416666666663,0.4823763889427201,3.3684210526315788
1269,20,32,22,1.7777777777777777,0.4140625,0.49690399499995325,3.5555555555555554
1270,20,30,24,1.7777777777777777,0.44270833333333337,0.49690399499995325,3.5555555555555554
1271,19,30,25,1.6842105263157894,0.455026455026455,0.5668594533825794,3.3157894736842106
1272,19,36,19,1.736842105263158,0.3645833333333333,0.4823763889427201,3.3684210526315788
1273,20,35,19,1.7777777777777777,0.36458333333333337,0.49690399499995325,3.5555555555555554
1274,18,32,23,1.65,0.42063492063492064,0.47696960070847283,3.15
1275,19,35,21,1.736842105263158,0.38802083333333337,0.4823763889427201,3.3684210526315788
1276,19,31,21,1.736842105263158,0.40625,0.4823763889427201,3.3684210526315788
1277,19,32,23,1.736842105263158,0.421875,0.4823763889427201,3.3684210526315788
1278,18,32,19,1.7,0.39322916666666663,0.39999999999999997,3.2
1279,19,33,23,1.736842105263158,0.4192708333333333,0.4823763889427201,3.3684210526315788
1280,18,33,24,1.7,0.42447916666666663,0.39999999999999997,3.2
1281,19,35,22,1.736842105263158,0.3958333333333333,0.4823763889427201,3.3684210526315788
1282,20,34,22,1.7777777777777777,0.40104166666666663,0.49690399499995325,3.5555555555555554
1283,19,31,23,1.6842105263157894,0.43386243386243384,0.5668594533825794,3.3157894736842106
1284,19,35,22,1.736842105263158,0.3932291666666667,0.4823763889427201,3.3684210526315788
1285,19,35,22,1.736842105263158,0.3932291666666667,0.4823763889427201,3.3684210526315788
1286,18,35,22,1.7,0.39322916666666663,0.39999999999999997,3.2
1287,20,31,23,1.7777777777777777,0.4296875,0.49690399499995325,3.5555555555555554
1288,19,30,22,1.736842105263158,0.43229166666666663,0.4823763889427201,3.3684210526315788
1289,19,35,22,1.736842105263158,0.3932291666666667,0.4823763889427201,3.3684210526315788
1290,18,38,21,1.7,0.3645833333333333,0.39999999999999997,3.2
1291,19,35,19,1.736842105263158,0.36458333333333337,0.4823763889427201,3.3684210526315788
1292,19,34,22,1.6842105263157894,0.4021164021164021,0.5668594533825794,3.3157894736842106
1293,19,34,23,1.736842105263158,0.40364583333333337,0.4823763889427201,3.3684210526315788
1294,19,35,22,1.736842105263158,0.390625,0.4823763889427201,3.3684210526315788
1295,19,28,24,1.736842105263158,0.45572916666666674,0.4823763889427201,3.3684210526315788
1296,19,34,22,1.736842105263158,0.4010416666666667,0.4823763889427201,3.3684210526315788
1297,19,36,21,1.736842105263158,0.3802083333333333,0.4823763889427201,3.3684210526315788
1298,18,35,21,1.7,0.38541666666666663,0.39999999999999997,3.2
1299,19,35,21,1.736842105263158,0.38541666666666663,0.4823763889427201,3.3684210526315788
1300,19,33,24,1.736842105263158,0.42447916666666663,0.4823763889427201,3.3684210526315788
1301,19,36,21,1.736842105263158,0.37760416666666663,0.4823763889427201,3.3684210526315788
1302,19,37,21,1.7894736842105263,0.37239583333333337,0.48237638894272,3.3684210526315788
1303,19,32,21,1.736842105263158,0.40625,0.4823763889427201,3.3684210526315788
1304,19,36,22,1.736842105263158,0.3854166666666667,0.4823763889427201,3.3684210526315788
1305,18,37,19,1.7,0.3515625,0.39999999999999997,3.2
1306,18,33,22,1.7,0.40885416666666663,0.39999999999999997,3.2
1307,19,33,24,1.736842105263158,0.421875,0.4823763889427201,3.3684210526315788
1308,18,34,23,1.7,0.4114583333333333,0.39999999999999997,3.2
1309,19,37,19,1.736842105263158,0.3515625,0.4823763889427201,3.3684210526315788
1310,19,37,24,1.736842105263158,0.3958333333333333,0.48237638894272,3.3684210526315788
1311,18,35,23,1.7,0.4036458333333333,0.39999999999999997,3.2
1312,19,31,22,1.736842105263158,0.4244791666666667,0.4823763889427201,3.3684210526315788
1313,20,33,23,1.7777777777777777,0.4140625,0.49690399499995325,3.5555555555555554
1314,19,30,24,1.736842105263158,0.4453125,0.4823763889427201,3.3684210526315788
1315,19,35,23,1.736842105263158,0.40104166666666663,0.4823763889427201,3.3684210526315788
1316,19,34,20,1.736842105263158,0.38541666666666663,0.4823763889427201,3.3684210526315788
1317,19,37,20,1.736842105263158,0.3619791666666667,0.48237638894272,3.3684210526315788
1318,18,32,24,1.7,0.4296875,0.39999999999999997,3.2
1319,19,29,25,1.736842105263158,0.4609375,0.4823763889427201,3.3684210526315788
1320,18,32,22,1.7,0.4140625,0.39999999999999997,3.2
1321,20,36,23,1.7777777777777777,0.3958333333333333,0.49690399499995325,3.5555555555555554
1322,18,33,23,1.7,0.41666666666666663,0.39999999999999997,3.2
1323,19,33,22,1.736842105263158,0.40364583333333337,0.4823763889427201,3.3684210526315788
1324,19,33,25,1.736842105263158,0.43229166666666663,0.48237638894272,3.3684210526315788
1325,19,32,23,1.736842105263158,0.41927083333333337,0.48237638894272,3.3684210526315788
1326,19,33,22,1.736842105263158,0.40625,0.4823763889427201,3.3684210526315788
1327,19,29,26,1.736842105263158,0.46875,0.48237638894272,3.3684210526315788
1328,18,35,22,1.7,0.38802083333333337,0.39999999999999997,3.2
1329,18,31,23,1.7,0.4296875,0.39999999999999997,3.2
1330,19,33,21,1.7894736842105263,0.40364583333333337,0.48237638894272,3.3684210526315788
1331,18,33,22,1.7,0.40885416666666663,0.39999999999999997,3.2
1332,18,33,23,1.7,0.4140625,0.39999999999999997,3.2
1333,19,32,23,1.736842105263158,0.421875,0.48237638894272,3.3684210526315788
1334,19,36,19,1.736842105263158,0.3645833333333333,0.4823763889427201,3.3684210526315788
1335,19,30,24,1.736842105263158,0.44791666666666663,0.4823763889427201,3.3684210526315788
1336,19,31,24,1.736842105263158,0.44010416666666663,0.48237638894272,3.3684210526315788
1337,18,37,21,1.7,0.36979166666666663,0.39999999999999997,3.2
1338,19,35,20,1.736842105263158,0.37239583333333337,0.4823763889427201,3.3684210526315788
1339,18,33,22,1.7,0.4114583333333333,0.39999999999999997,3.2
1340,20,32,25,1.7777777777777777,0.44010416666666663,0.49690399499995325,3.5555555555555554
1341,19,35,21,1.736842105263158,0.3828125,0.4823763889427201,3.3684210526315788
1342,19,33,22,1.736842105263158,0.4036458333333333,0.4823763889427201,3.3684210526315788
1343,18,33,23,1.7,0.4140625,0.39999999999999997,3.2
1344,19,30,23,1.736842105263158,0.4322916666666667,0.4823763889427201,3.3684210526315788
1345,19,37,21,1.736842105263158,0.3671875,0.4823763889427201,3.3684210526315788
1346,18,36,23,1.75,0.39583333333333337,0.39999999999999997,3.2
1347,20,34,23,1.7777777777777777,0.4114583333333333,0.49690399499995325,3.5555555555555554
1348,19,34,24,1.736842105263158,0.421875,0.4823763889427201,3.3684210526315788
1349,19,31,23,1.736842105263158,0.4322916666666667,0.4823763889427201,3.3684210526315788
1350,19,36,23,1.736842105263158,0.3958333333333333,0.4823763889427201,3.3684210526315788
1351,19,33,23,1.736842105263158,0.4140625,0.4823763889427201,3.3684210526315788
1352,18,29,27,1.7,0.47916666666666663,0.39999999999999997,3.2
1353,18,30,23,1.7,0.44010416666666663,0.39999999999999997,3.2
1354,19,33,23,1.736842105263158,0.4140625,0.4823763889427201,3.3684210526315788
1355,19,34,22,1.736842105263158,0.4036458333333333,0.4823763889427201,3.3684210526315788
1356,19,29,24,1.736842105263158,0.4453125,0.4823763889427201,3.3684210526315788
1357,19,34,21,1.736842105263158,0.3958333333333333,0.4823763889427201,3.3684210526315788
1358,18,30,23,1.7,0.43489583333333337,0.39999999999999997,3.2
1359,20,36,22,1.7777777777777777,0.38541666666666663,0.49690399499995325,3.5555555555555554
1360,18,33,24,1.7,0.4270833333333333,0.39999999999999997,3.2
1361,19,35,21,1.736842105263158,0.3880208333333333,0.4823763889427201,3.3684210526315788
1362,20,34,23,1.7777777777777777,0.4114583333333333,0.49690399499995325,3.5555555555555554
1363,19,35,23,1.736842105263158,0.4010416666666667,0.48237638894272,3.3684210526315788
1364,19,35,21,1.7894736842105263,0.38020833333333337,0.4823763889427201,3.3684210526315788
1365,18,30,25,1.7,0.45052083333333337,0.39999999999999997,3.2
1366,19,32,21,1.6842105263157894,0.40476190476190477,0.5668594533825794,3.3157894736842106
1367,18,35,18,1.7,0.359375,0.39999999999999997,3.2
1368,19,31,25,1.736842105263158,0.4453125,0.48237638894272,3.3684210526315788
1369,20,30,25,1.7777777777777777,0.44791666666666663,0.49690399499995325,3.5555555555555554
1370,19,29,23,1.736842105263158,0.4375,0.4823763889427201,3.3684210526315788
1371,20,33,22,1.7777777777777777,0.41145833333333337,0.49690399499995325,3.5555555555555554
1372,18,30,24,1.7,0.44791666666666663,0.39999999999999997,3.2
1373,19,35,22,1.736842105263158,0.390625,0.4823763889427201,3.3684210526315788
1374,19,32,23,1.736842105263158,0.421875,0.4823763889427201,3.3684210526315788
1375,19,32,21,1.736842105263158,0.4036458333333333,0.4823763889427201,3.3684210526315788
1376,20,32,23,1.7777777777777777,0.4244791666666667,0.49690399499995325,3.5555555555555554
1377,20,31,25,1.7777777777777777,0.44791666666666663,0.49690399499995325,3.5555555555555554
1378,19,35,25,1.736842105263158,0.4192708333333333,0.48237638894272,3.3684210526315788
1379,18,30,24,1.7,0.44270833333333337,0.39999999999999997,3.2
1380,19,36,21,1.736842105263158,0.3802083333333333,0.4823763889427201,3.3684210526315788
1381,19,34,22,1.736842105263158,0.4036458333333333,0.4823763889427201,3.3684210526315788
1382,19,31,21,1.736842105263158,0.4088541666666667,0.4823763889427201,3.3684210526315788
1383,19,31,25,1.736842105263158,0.4505208333333333,0.4823763889427201,3.3684210526315788
1384,20,28,27,1.7777777777777777,0.484375,0.49690399499995325,3.5555555555555554
1385,20,33,24,1.7777777777777777,0.4244791666666667,0.49690399499995325,3.5555555555555554
1386,20,32,23,1.7777777777777777,0.4270833333333333,0.49690399499995325,3.5555555555555554
1387,19,32,22,1.736842105263158,0.4140625,0.4823763889427201,3.3684210526315788
1388,19,29,23,1.736842105263158,0.44270833333333337,0.4823763889427201,3.3684210526315788
1389,19,34,21,1.736842105263158,0.3932291666666667,0.4823763889427201,3.3684210526315788
1390,20,36,19,1.7777777777777777,0.3619791666666667,0.49690399499995325,3.5555555555555554
1391,19,37,22,1.736842105263158,0.37760416666666663,0.48237638894272,3.3684210526315788
1392,20,33,22,1.7777777777777777,0.40364583333333337,0.49690399499995325,3.5555555555555554
1393,20,32,22,1.7777777777777777,0.4140625,0.49690399499995325,3.5555555555555554
1394,19,34,22,1.736842105263158,0.3984375,0.4823763889427201,3.3684210526315788
1395,19,29,22,1.736842105263158,0.4296875,0.4823763889427201,3.3684210526315788
1396,19,32,23,1.736842105263158,0.4192708333333333,0.4823763889427201,3.3684210526315788
1397,19,34,21,1.736842105263158,0.3958333333333333,0.4823763889427201,3.3684210526315788
1398,20,32,24,1.7777777777777777,0.43229166666666663,0.49690399499995325,3.5555555555555554
1399,19,33,22,1.736842105263158,0.40364583333333337,0.4823763889427201,3.3684210526315788
1400,19,31,23,1.736842105263158,0.4296875,0.48237638894272,3.3684210526315788
1401,18,31,25,1.7,0.4453125,0.39999999999999997,3.2
1402,19,30,22,1.736842105263158,0.42708333333333337,0.4823763889427201,3.3684210526315788
1403,20,34,22,1.7777777777777777,0.4036458333333333,0.49690399499995325,3.5555555555555554
1404,19,28,24,1.736842105263158,0.4609375,0.4823763889427201,3.3684210526315788
1405,19,33,25,1.736842105263158,0.4348958333333333,0.4823763889427201,3.3684210526315788
1406,19,33,23,1.736842105263158,0.41145833333333337,0.4823763889427201,3.3684210526315788
1407,19,31,26,1.736842105263158,0.4583333333333333,0.48237638894272,3.3684210526315788
1408,19,31,22,1.6842105263157894,0.42328042328042326,0.5668594533825794,3.3157894736842106
1409,19,29,25,1.736842105263158,0.4635416666666667,0.48237638894272,3.3684210526315788
1410,20,32,24,1.7777777777777777,0.4375,0.49690399499995325,3.5555555555555554
1411,18,29,27,1.7,0.4765625,0.39999999999999997,3.2
1412,19,33,23,1.736842105263158,0.41145833333333337,0.4823763889427201,3.3684210526315788
1413,18,32,23,1.7,0.4270833333333333,0.39999999999999997,3.2
1414,18,34,22,1.7,0.3984375,0.39999999999999997,3.2
1415,19,33,24,1.736842105263158,0.4244791666666667,0.4823763889427201,3.3684210526315788
1416,19,33,23,1.736842105263158,0.4166666666666667,0.4823763889427201,3.3684210526315788
1417,18,31,24,1.7,0.4453125,0.39999999999999997,3.2
1418,19,34,24,1.736842105263158,0.4192708333333333,0.4823763889427201,3.3684210526315788
1419,20,36,18,1.8333333333333333,0.3515625,0.49690399499995325,3.5555555555555554
1420,20,29,26,1.7222222222222223,0.4708994708994709,0.6009252125773316,3.5
1421,19,33,23,1.736842105263158,0.4088541666666667,0.48237638894272,3.3684210526315788
1422,19,31,22,1.736842105263158,0.42447916666666663,0.4823763889427201,3.3684210526315788
1423,20,30,22,1.7777777777777777,0.42708333333333337,0.49690399499995325,3.5555555555555554
1424,19,33,22,1.736842105263158,0.40625,0.4823763889427201,3.3684210526315788
1425,19,29,24,1.736842105263158,0.453125,0.4823763889427201,3.3684210526315788
1426,18,32,23,1.7,0.4270833333333333,0.39999999999999997,3.2
1427,19,35,21,1.736842105263158,0.3828125,0.4823763889427201,3.3684210526315788
1428,19,30,25,1.736842105263158,0.453125,0.4823763889427201,3.3684210526315788
1429,19,31,25,1.736842105263158,0.44791666666666663,0.48237638894272,3.3684210526315788
1430,19,34,21,1.736842105263158,0.3958333333333333,0.48237638894272,3.3684210526315788
1431,19,33,24,1.736842105263158,0.4270833333333333,0.48237638894272,3.3684210526315788
1432,19,31,24,1.736842105263158,0.4401041666666667,0.4823763889427201,3.3684210526315788
1433,20,33,21,1.7777777777777777,0.40364583333333337,0.49690399499995325,3.5555555555555554
1434,19,31,23,1.736842105263158,0.4296875,0.4823763889427201,3.3684210526315788
1435,18,32,22,1.7,0.41145833333333326,0.39999999999999997,3.2
1436,19,29,23,1.6842105263157894,0.4417989417989418,0.5668594533825794,3.3157894736842106
1437,19,35,22,1.736842105263158,0.3958333333333333,0.4823763889427201,3.3684210526315788
1438,19,32,24,1.736842105263158,0.42708333333333337,0.48237638894272,3.3684210526315788
1439,20,31,24,1.7777777777777777,0.4375,0.49690399499995325,3.5555555555555554
1440,19,31,23,1.736842105263158,0.43229166666666663,0.4823763889427201,3.3684210526315788
1441,19,34,22,1.736842105263158,0.3932291666666667,0.48237638894272,3.3684210526315788
1442,20,31,24,1.7777777777777777,0.44010416666666663,0.49690399499995325,3.5555555555555554
1443,18,31,26,1.7,0.4557291666666667,0.39999999999999997,3.2
1444,20,32,22,1.7777777777777777,0.4140625,0.49690399499995325,3.5555555555555554
1445,18,31,21,1.7,0.4140625,0.39999999999999997,3.2
1446,19,32,24,1.736842105263158,0.4322916666666667,0.4823763889427201,3.3684210526315788
1447,19,30,24,1.736842105263158,0.4479166666666667,0.48237638894272,3.3684210526315788
1448,19,32,23,1.736842105263158,0.421875,0.4823763889427201,3.3684210526315788
1449,19,34,23,1.736842105263158,0.4114583333333333,0.4823763889427201,3.3684210526315788
1450,19,36,20,1.736842105263158,0.3671875,0.48237638894272,3.3684210526315788
1451,18,34,24,1.7,0.4140625,0.39999999999999997,3.2
1452,19,31,22,1.736842105263158,0.421875,0.4823763889427201,3.3684210526315788
1453,19,30,23,1.736842105263158,0.4348958333333333,0.48237638894272,3.3684210526315788
1454,19,33,21,1.736842105263158,0.40104166666666663,0.4823763889427201,3.3684210526315788
1455,19,36,22,1.6842105263157894,0.38359788359788355,0.5668594533825794,3.3157894736842106
1456,19,31,24,1.736842105263158,0.4401041666666667,0.4823763889427201,3.3684210526315788
1457,19,30,22,1.736842105263158,0.4270833333333333,0.4823763889427201,3.3684210526315788
1458,19,31,22,1.736842105263158,0.4192708333333333,0.4823763889427201,3.3684210526315788
1459,19,31,24,1.736842105263158,0.44010416666666663,0.4823763889427201,3.3684210526315788
1460,18,32,23,1.7,0.4244791666666667,0.39999999999999997,3.2
1461,19,31,21,1.736842105263158,0.4088541666666667,0.4823763889427201,3.3684210526315788
1462,19,30,24,1.736842105263158,0.4453125,0.4823763889427201,3.3684210526315788
1463,18,30,22,1.7,0.4296875,0.39999999999999997,3.2
1464,20,36,19,1.7777777777777777,0.359375,0.49690399499995325,3.5555555555555554
1465,19,29,22,1.736842105263158,0.4375,0.4823763889427201,3.3684210526315788
1466,18,32,23,1.7,0.4244791666666667,0.39999999999999997,3.2
1467,19,32,24,1.736842105263158,0.42708333333333337,0.4823763889427201,3.3684210526315788
1468,20,33,24,1.7777777777777777,0.421875,0.49690399499995325,3.5555555555555554
1469,18,29,23,1.7,0.44270833333333337,0.39999999999999997,3.2
1470,19,30,24,1.736842105263158,0.44270833333333337,0.4823763889427201,3.3684210526315788
1471,18,30,24,1.7,0.4453125,0.39999999999999997,3.2
1472,19,33,22,1.736842105263158,0.4088541666666667,0.4823763889427201,3.3684210526315788
1473,19,30,24,1.736842105263158,0.44270833333333337,0.48237638894272,3.3684210526315788
1474,19,29,22,1.736842105263158,0.4322916666666667,0.4823763889427201,3.3684210526315788
1475,19,32,23,1.736842105263158,0.42447916666666663,0.48237638894272,3.3684210526315788
1476,18,33,22,1.7,0.40625,0.39999999999999997,3.2
1477,18,32,25,1.7,0.4401041666666667,0.39999999999999997,3.2
1478,18,30,25,1.7,0.45052083333333337,0.39999999999999997,3.2
1479,18,34,23,1.7,0.4088541666666667,0.39999999999999997,3.2
1480,19,30,26,1.736842105263158,0.4635416666666667,0.48237638894272,3.3684210526315788
1481,18,29,26,1.7,0.46614583333333337,0.39999999999999997,3.2
1482,19,29,23,1.736842105263158,0.44791666666666663,0.4823763889427201,3.3684210526315788
1483,19,30,22,1.736842105263158,0.42708333333333337,0.4823763889427201,3.3684210526315788
1484,18,33,21,1.7,0.3994708994708994,0.47696960070847283,3.15
1485,19,28,26,1.736842105263158,0.4765625,0.48237638894272,3.3684210526315788
1486,19,30,23,1.736842105263158,0.4375,0.4823763889427201,3.3684210526315788
1487,18,31,23,1.7,0.421875,0.39999999999999997,3.2
1488,18,31,22,1.7,0.41927083333333337,0.39999999999999997,3.2
1489,20,33,19,1.7777777777777777,0.3828125,0.49690399499995325,3.5555555555555554
1490,18,30,25,1.7,0.453125,0.39999999999999997,3.2
1491,19,32,25,1.736842105263158,0.4401041666666667,0.4823763889427201,3.3684210526315788
1492,18,31,25,1.7,0.4453125,0.39999999999999997,3.2
1493,18,34,22,1.7,0.4010416666666667,0.39999999999999997,3.2
1494,19,33,24,1.736842105263158,0.4270833333333333,0.4823763889427201,3.3684210526315788
1495,20,36,22,1.7777777777777777,0.3854166666666667,0.49690399499995325,3.5555555555555554
1496,18,34,25,1.7,0.4244791666666667,0.39999999999999997,3.2
1497,20,33,23,1.7777777777777777,0.4166666666666667,0.49690399499995325,3.5555555555555554
1498,19,33,23,1.736842105263158,0.4140625,0.48237638894272,3.3684210526315788
1499,19,31,24,1.736842105263158,0.44010416666666663,0.4823763889427201,3.3684210526315788
1500,20,27,26,1.7777777777777777,0.48697916666666663,0.49690399499995325,3.5555555555555554
1501,19,36,22,1.736842105263158,0.3854166666666667,0.4823763889427201,3.3684210526315788
1502,19,30,24,1.736842105263158,0.4453125,0.4823763889427201,3.3684210526315788
1503,19,36,21,1.736842105263158,0.3802083333333333,0.4823763889427201,3.3684210526315788
1504,19,31,23,1.6842105263157894,0.4338624338624339,0.5668594533825794,3.3157894736842106
1505,19,30,26,1.736842105263158,0.4609375,0.4823763889427201,3.3684210526315788
1506,19,32,24,1.736842105263158,0.4322916666666667,0.4823763889427201,3.3684210526315788
1507,19,34,22,1.736842105263158,0.40104166666666663,0.4823763889427201,3.3684210526315788
1508,19,30,27,1.736842105263158,0.4713541666666667,0.4823763889427201,3.3684210526315788
1509,18,39,20,1.75,0.3515625,0.39999999999999997,3.2
1510,19,33,23,1.736842105263158,0.4166666666666667,0.4823763889427201,3.3684210526315788
1511,19,33,23,1.736842105263158,0.4192708333333333,0.4823763889427201,3.3684210526315788
1512,20,32,24,1.7777777777777777,0.4270833333333333,0.49690399499995325,3.5555555555555554
1513,20,32,22,1.7777777777777777,0.4140625,0.49690399499995325,3.5555555555555554
1514,19,34,24,1.736842105263158,0.4140625,0.48237638894272,3.3684210526315788
1515,19,30,24,1.736842105263158,0.44270833333333337,0.48237638894272,3.3684210526315788
1516,19,32,23,1.736842105263158,0.4296875,0.4823763889427201,3.3684210526315788
1517,19,29,25,1.736842105263158,0.4635416666666667,0.4823763889427201,3.3684210526315788
1518,19,32,23,1.736842105263158,0.41927083333333337,0.4823763889427201,3.3684210526315788
1519,19,37,20,1.736842105263158,0.36458333333333337,0.4823763889427201,3.3684210526315788
1520,19,31,24,1.736842105263158,0.4375,0.4823763889427201,3.3684210526315788
1521,19,31,23,1.736842105263158,0.4348958333333333,0.4823763889427201,3.3684210526315788
1522,19,33,23,1.736842105263158,0.41145833333333337,0.4823763889427201,3.3684210526315788
1523,19,30,24,1.736842105263158,0.44270833333333337,0.4823763889427201,3.3684210526315788
1524,20,30,27,1.7777777777777777,0.4739583333333333,0.49690399499995325,3.5555555555555554
1525,19,32,23,1.736842105263158,0.421875,0.4823763889427201,3.3684210526315788
1526,19,34,20,1.6842105263157894,0.3835978835978836,0.5668594533825794,3.3157894736842106
1527,19,30,24,1.6842105263157894,0.4470899470899471,0.5668594533825794,3.3157894736842106
1528,19,32,23,1.736842105263158,0.4244791666666667,0.4823763889427201,3.3684210526315788
1529,20,31,25,1.7777777777777777,0.4505208333333333,0.49690399499995325,3.5555555555555554
1530,19,32,21,1.736842105263158,0.40625,0.48237638894272,3.3684210526315788
1531,20,31,25,1.7777777777777777,0.4479166666666667,0.49690399499995325,3.5555555555555554
1532,19,32,24,1.736842105263158,0.4322916666666667,0.4823763889427201,3.3684210526315788
1533,18,32,25,1.7,0.4401041666666667,0.39999999999999997,3.2
1534,19,32,23,1.736842105263158,0.421875,0.4823763889427201,3.3684210526315788
1535,20,29,23,1.7777777777777777,0.4453125,0.49690399499995325,3.5555555555555554
1536,19,33,23,1.736842105263158,0.4140625,0.48237638894272,3.3684210526315788
1537,19,30,24,1.736842105263158,0.4453125,0.4823763889427201,3.3684210526315788
1538,19,35,23,1.736842105263158,0.40104166666666663,0.4823763889427201,3.3684210526315788
1539,20,31,22,1.7777777777777777,0.41927083333333337,0.49690399499995325,3.5555555555555554
1540,19,31,25,1.736842105263158,0.44270833333333337,0.4823763889427201,3.3684210526315788
1541,19,30,24,1.736842105263158,0.4453125,0.4823763889427201,3.3684210526315788
1542,19,32,24,1.736842105263158,0.4322916666666667,0.4823763889427201,3.3684210526315788
1543,20,31,23,1.7777777777777777,0.4296875,0.49690399499995325,3.5555555555555554
1544,18,34,22,1.7,0.4010416666666667,0.39999999999999997,3.2
1545,19,32,22,1.736842105263158,0.4166666666666667,0.48237638894272,3.3684210526315788
1546,19,32,25,1.736842105263158,0.4427083333333333,0.4823763889427201,3.3684210526315788
1547,19,32,22,1.736842105263158,0.4140625,0.4823763889427201,3.3684210526315788
1548,18,28,26,1.65,0.47619047619047616,0.47696960070847283,3.15
1549,19,34,21,1.736842105263158,0.3880208333333333,0.4823763889427201,3.3684210526315788
1550,19,37,20,1.7894736842105263,0.3671875,0.48237638894272,3.3684210526315788
1551,19,29,25,1.736842105263158,0.4609375,0.4823763889427201,3.3684210526315788
1552,18,25,24,1.7,0.48177083333333337,0.39999999999999997,3.2
1553,18,31,24,1.7,0.4401041666666667,0.39999999999999997,3.2
1554,19,31,23,1.736842105263158,0.4296875,0.4823763889427201,3.3684210526315788
1555,19,32,25,1.736842105263158,0.4427083333333333,0.4823763889427201,3.3684210526315788
1556,18,32,24,1.7,0.43229166666666663,0.39999999999999997,3.2
1557,19,33,22,1.736842105263158,0.40625,0.4823763889427201,3.3684210526315788
1558,19,31,24,1.736842105263158,0.4401041666666667,0.48237638894272,3.3684210526315788
1559,19,31,26,1.736842105263158,0.45052083333333337,0.4823763889427201,3.3684210526315788
1560,19,30,24,1.736842105263158,0.4453125,0.4823763889427201,3.3684210526315788
1561,19,31,23,1.736842105263158,0.4296875,0.4823763889427201,3.3684210526315788
1562,19,29,25,1.736842105263158,0.4661458333333333,0.4823763889427201,3.3684210526315788
1563,20,31,23,1.7777777777777777,0.42708333333333337,0.49690399499995325,3.5555555555555554
1564,19,31,25,1.736842105263158,0.4505208333333333,0.4823763889427201,3.3684210526315788
1565,20,29,25,1.7777777777777777,0.4609375,0.49690399499995325,3.5555555555555554
1566,19,33,23,1.736842105263158,0.41145833333333337,0.48237638894272,3.3684210526315788
1567,19,30,24,1.736842105263158,0.44270833333333337,0.48237638894272,3.3684210526315788
1568,18,31,26,1.7,0.4583333333333333,0.39999999999999997,3.2
1569,19,33,23,1.736842105263158,0.4192708333333333,0.4823763889427201,3.3684210526315788
1570,19,30,24,1.736842105263158,0.44270833333333337,0.4823763889427201,3.3684210526315788
1571,19,29,24,1.736842105263158,0.45052083333333337,0.4823763889427201,3.3684210526315788
1572,19,29,24,1.736842105263158,0.453125,0.4823763889427201,3.3684210526315788
1573,19,34,24,1.736842105263158,0.4166666666666667,0.48237638894272,3.3684210526315788
1574,20,28,24,1.7777777777777777,0.45833333333333337,0.49690399499995325,3.5555555555555554
1575,19,31,23,1.736842105263158,0.4322916666666667,0.4823763889427201,3.3684210526315788
1576,19,29,24,1.736842105263158,0.453125,0.48237638894272,3.3684210526315788
1577,19,38,22,1.736842105263158,0.36979166666666663,0.48237638894272,3.3684210526315788
1578,19,33,22,1.736842105263158,0.4088541666666667,0.48237638894272,3.3684210526315788
1579,19,28,24,1.736842105263158,0.45572916666666663,0.4823763889427201,3.3684210526315788
1580,19,33,22,1.736842105263158,0.4088541666666667,0.4823763889427201,3.3684210526315788
1581,18,29,24,1.7,0.453125,0.39999999999999997,3.2
1582,19,29,24,1.736842105263158,0.45572916666666663,0.48237638894272,3.3684210526315788
1583,19,32,23,1.736842105263158,0.4244791666666667,0.48237638894272,3.3684210526315788
1584,19,29,24,1.736842105263158,0.453125,0.4823763889427201,3.3684210526315788
1585,19,32,24,1.736842105263158,0.4322916666666667,0.4823763889427201,3.3684210526315788
1586,18,31,26,1.7,0.4557291666666667,0.39999999999999997,3.2
1587,18,31,24,1.7,0.43489583333333337,0.39999999999999997,3.2
1588,19,30,26,1.736842105263158,0.46354166666666663,0.4823763889427201,3.3684210526315788
1589,20,29,23,1.7777777777777777,0.44270833333333337,0.49690399499995325,3.5555555555555554
1590,19,29,25,1.736842105263158,0.4609375,0.48237638894272,3.3684210526315788
1591,19,31,24,1.736842105263158,0.4401041666666667,0.4823763889427201,3.3684210526315788
1592,18,32,23,1.7,0.42447916666666663,0.39999999999999997,3.2
1593,19,27,24,1.736842105263158,0.46875,0.4823763889427201,3.3684210526315788
1594,19,29,25,1.736842105263158,0.45833333333333337,0.4823763889427201,3.3684210526315788
1595,19,31,24,1.736842105263158,0.4427083333333333,0.48237638894272,3.3684210526315788
1596,19,32,24,1.736842105263158,0.4322916666666667,0.48237638894272,3.3684210526315788
1597,19,30,25,1.736842105263158,0.453125,0.48237638894272,3.3684210526315788
1598,20,34,21,1.7777777777777777,0.390625,0.49690399499995325,3.5555555555555554
1599,19,30,24,1.736842105263158,0.4453125,0.4823763889427201,3.3684210526315788
1600,19,32,22,1.736842105263158,0.4166666666666667,0.4823763889427201,3.3684210526315788
1601,18,31,23,1.7,0.4270833333333333,0.39999999999999997,3.2
1602,19,27,24,1.736842105263158,0.46614583333333337,0.4823763889427201,3.3684210526315788
1603,20,33,23,1.7777777777777777,0.41927083333333337,0.49690399499995325,3.5555555555555554
1604,18,30,26,1.7,0.4609375,0.39999999999999997,3.2
1605,19,27,25,1.736842105263158,0.4713541666666667,0.4823763889427201,3.3684210526315788
1606,18,30,24,1.7,0.4453125,0.39999999999999997,3.2
1607,20,31,24,1.7777777777777777,0.4401041666666667,0.49690399499995325,3.5555555555555554
1608,18,27,23,1.7,0.45833333333333337,0.39999999999999997,3.2
1609,18,31,25,1.7,0.4505208333333333,0.39999999999999997,3.2
1610,18,32,22,1.65,0.41534391534391535,0.47696960070847283,3.15
1611,18,28,23,1.7,0.45052083333333337,0.39999999999999997,3.2
1612,20,30,23,1.7777777777777777,0.43489583333333337,0.49690399499995325,3.5555555555555554
1613,19,28,24,1.736842105263158,0.45833333333333337,0.48237638894272,3.3684210526315788
1614,19,32,24,1.736842105263158,0.4348958333333333,0.4823763889427201,3.3684210526315788
1615,18,33,22,1.7,0.4088541666666667,0.39999999999999997,3.2
1616,19,31,23,1.736842105263158,0.4322916666666667,0.48237638894272,3.3684210526315788
1617,19,32,22,1.736842105263158,0.41666666666666663,0.4823763889427201,3.3684210526315788
1618,18,35,24,1.7,0.4114583333333333,0.39999999999999997,3.2
1619,19,30,25,1.736842105263158,0.4557291666666667,0.48237638894272,3.3684210526315788
1620,19,28,27,1.736842105263158,0.484375,0.48237638894272,3.3684210526315788
1621,19,26,26,1.736842105263158,0.48437500000000006,0.4823763889427201,3.3684210526315788
1622,19,32,22,1.736842105263158,0.4192708333333333,0.4823763889427201,3.3684210526315788
1623,20,31,23,1.7777777777777777,0.43229166666666663,0.49690399499995325,3.5555555555555554
1624,19,28,24,1.736842105263158,0.45833333333333337,0.48237638894272,3.3684210526315788
1625,19,32,24,1.736842105263158,0.4322916666666667,0.4823763889427201,3.3684210526315788
1626,19,31,24,1.736842105263158,0.4401041666666667,0.4823763889427201,3.3684210526315788
1627,19,28,23,1.6842105263157894,0.4523809523809524,0.5668594533825794,3.3157894736842106
1628,19,35,22,1.736842105263158,0.3932291666666667,0.4823763889427201,3.3684210526315788
1629,19,32,24,1.736842105263158,0.4296875,0.4823763889427201,3.3684210526315788
1630,19,34,21,1.736842105263158,0.390625,0.4823763889427201,3.3684210526315788
1631,18,29,23,1.7,0.44270833333333337,0.39999999999999997,3.2
1632,19,32,24,1.736842105263158,0.43229166666666663,0.4823763889427201,3.3684210526315788
1633,18,29,25,1.7,0.4635416666666667,0.39999999999999997,3.2
1634,19,33,22,1.736842105263158,0.40625,0.48237638894272,3.3684210526315788
1635,18,32,25,1.7,0.4401041666666667,0.39999999999999997,3.2
1636,18,30,24,1.7,0.4453125,0.39999999999999997,3.2
1637,19,31,23,1.736842105263158,0.4322916666666667,0.48237638894272,3.3684210526315788
1638,20,29,25,1.7777777777777777,0.4661458333333333,0.49690399499995325,3.5555555555555554
1639,20,32,22,1.7777777777777777,0.41145833333333337,0.49690399499995325,3.5555555555555554
1640,19,34,21,1.736842105263158,0.390625,0.4823763889427201,3.3684210526315788
1641,19,31,24,1.736842105263158,0.4427083333333333,0.4823763889427201,3.3684210526315788
1642,19,31,24,1.736842105263158,0.43489583333333337,0.4823763889427201,3.3684210526315788
1643,19,32,23,1.736842105263158,0.4244791666666667,0.4823763889427201,3.3684210526315788
1644,19,31,23,1.736842105263158,0.4322916666666667,0.4823763889427201,3.3684210526315788
1645,19,28,25,1.736842105263158,0.46614583333333337,0.4823763889427201,3.3684210526315788
1646,20,29,23,1.7777777777777777,0.4401041666666667,0.49690399499995325,3.5555555555555554
1647,19,30,23,1.736842105263158,0.43489583333333337,0.4823763889427201,3.3684210526315788
1648,19,32,24,1.736842105263158,0.4296875,0.4823763889427201,3.3684210526315788
1649,20,26,27,1.7777777777777777,0.5026041666666666,0.49690399499995325,3.5555555555555554
1650,19,31,24,1.736842105263158,0.4401041666666667,0.4823763889427201,3.3684210526315788
1651,18,28,24,1.7,0.45833333333333337,0.39999999999999997,3.2
1652,19,33,22,1.6842105263157894,0.40476190476190477,0.5668594533825794,3.3157894736842106
1653,19,31,22,1.736842105263158,0.421875,0.48237638894272,3.3684210526315788
1654,19,31,24,1.736842105263158,0.4401041666666667,0.4823763889427201,3.3684210526315788
1655,19,30,23,1.736842105263158,0.4375,0.4823763889427201,3.3684210526315788
1656,20,31,23,1.7777777777777777,0.4296875,0.49690399499995325,3.5555555555555554
1657,19,32,25,1.736842105263158,0.44010416666666663,0.4823763889427201,3.3684210526315788
1658,19,29,24,1.736842105263158,0.453125,0.48237638894272,3.3684210526315788
1659,19,26,26,1.736842105263158,0.48958333333333337,0.4823763889427201,3.3684210526315788
1660,19,30,26,1.736842105263158,0.45572916666666674,0.48237638894272,3.3684210526315788
1661,18,27,26,1.7,0.484375,0.39999999999999997,3.2
1662,19,31,25,1.736842105263158,0.4479166666666667,0.4823763889427201,3.3684210526315788
1663,20,31,22,1.7777777777777777,0.41927083333333337,0.49690399499995325,3.5555555555555554
1664,18,29,26,1.7,0.46875,0.39999999999999997,3.2
1665,19,26,24,1.736842105263158,0.4713541666666667,0.4823763889427201,3.3684210526315788
1666,19,30,24,1.736842105263158,0.44270833333333337,0.4823763889427201,3.3684210526315788
1667,19,28,27,1.736842105263158,0.4869791666666667,0.48237638894272,3.3684210526315788
1668,19,30,23,1.736842105263158,0.43489583333333337,0.4823763889427201,3.3684210526315788
1669,19,32,24,1.736842105263158,0.4348958333333333,0.4823763889427201,3.3684210526315788
1670,19,30,24,1.736842105263158,0.4453125,0.4823763889427201,3.3684210526315788
1671,18,31,26,1.7,0.4557291666666667,0.39999999999999997,3.2
1672,19,30,24,1.736842105263158,0.4479166666666667,0.48237638894272,3.3684210526315788
1673,20,30,23,1.7777777777777777,0.4375,0.49690399499995325,3.5555555555555554
1674,19,32,23,1.736842105263158,0.4244791666666667,0.4823763889427201,3.3684210526315788
1675,19,30,24,1.736842105263158,0.4453125,0.48237638894272,3.3684210526315788
1676,18,29,23,1.7,0.44270833333333337,0.39999999999999997,3.2
1677,19,29,24,1.736842105263158,0.453125,0.4823763889427201,3.3684210526315788
1678,19,30,26,1.736842105263158,0.46354166666666663,0.4823763889427201,3.3684210526315788
1679,19,27,23,1.736842105263158,0.4557291666666667,0.48237638894272,3.3684210526315788
1680,19,29,24,1.736842105263158,0.45572916666666663,0.4823763889427201,3.3684210526315788
1681,19,29,23,1.736842105263158,0.4453125,0.4823763889427201,3.3684210526315788
1682,20,29,24,1.7777777777777777,0.453125,0.49690399499995325,3.5555555555555554
1683,19,28,24,1.736842105263158,0.4609375,0.48237638894272,3.3684210526315788
1684,19,33,23,1.736842105263158,0.4166666666666667,0.4823763889427201,3.3684210526315788
1685,18,31,21,1.7,0.4166666666666667,0.39999999999999997,3.2
1686,19,29,24,1.736842105263158,0.4505208333333333,0.48237638894272,3.3684210526315788
1687,19,31,25,1.736842105263158,0.4479166666666667,0.4823763889427201,3.3684210526315788
1688,19,30,24,1.736842105263158,0.44270833333333337,0.4823763889427201,3.3684210526315788
1689,19,30,24,1.736842105263158,0.4453125,0.4823763889427201,3.3684210526315788
1690,19,33,24,1.736842105263158,0.421875,0.4823763889427201,3.3684210526315788
1691,18,30,24,1.7,0.4479166666666667,0.39999999999999997,3.2
1692,19,31,24,1.736842105263158,0.43489583333333337,0.4823763889427201,3.3684210526315788
1693,20,33,23,1.7777777777777777,0.41927083333333337,0.49690399499995325,3.5555555555555554
1694,18,30,24,1.7,0.4427083333333333,0.39999999999999997,3.2
1695,18,29,25,1.7,0.45833333333333337,0.39999999999999997,3.2
1696,19,32,23,1.736842105263158,0.4244791666666667,0.4823763889427201,3.3684210526315788
1697,19,31,23,1.736842105263158,0.4296875,0.4823763889427201,3.3684210526315788
1698,20,30,24,1.7777777777777777,0.44791666666666663,0.49690399499995325,3.5555555555555554
1699,18,28,24,1.65,0.4603174603174603,0.47696960070847283,3.15
1700,18,32,25,1.7,0.4375,0.39999999999999997,3.2
1701,19,31,23,1.736842105263158,0.4296875,0.4823763889427201,3.3684210526315788
1702,19,32,25,1.736842105263158,0.43489583333333337,0.48237638894272,3.3684210526315788
1703,19,28,25,1.736842105263158,0.46875,0.4823763889427201,3.3684210526315788
1704,19,33,25,1.736842105263158,0.43489583333333337,0.4823763889427201,3.3684210526315788
1705,18,32,24,1.7,0.4348958333333333,0.39999999999999997,3.2
1706,19,30,24,1.736842105263158,0.4453125,0.4823763889427201,3.3684210526315788
1707,19,26,27,1.736842105263158,0.5,0.4823763889427201,3.3684210526315788
1708,19,32,21,1.736842105263158,0.40625,0.4823763889427201,3.3684210526315788
1709,19,28,24,1.736842105263158,0.4609375,0.4823763889427201,3.3684210526315788
1710,18,27,25,1.7,0.47395833333333337,0.39999999999999997,3.2
1711,19,30,24,1.736842105263158,0.4453125,0.48237638894272,3.3684210526315788
1712,19,28,24,1.736842105263158,0.4583333333333333,0.4823763889427201,3.3684210526315788
1713,19,28,26,1.736842105263158,0.4765625,0.4823763889427201,3.3684210526315788
1714,19,29,25,1.736842105263158,0.45833333333333337,0.48237638894272,3.3684210526315788
1715,18,30,24,1.65,0.4470899470899471,0.47696960070847283,3.15
1716,19,33,24,1.736842105263158,0.421875,0.48237638894272,3.3684210526315788
1717,19,30,24,1.736842105263158,0.4453125,0.4823763889427201,3.3684210526315788
1718,19,28,25,1.736842105263158,0.47135416666666663,0.4823763889427201,3.3684210526315788
1719,20,31,23,1.7777777777777777,0.4348958333333333,0.49690399499995325,3.5555555555555554
1720,18,31,24,1.7,0.4401041666666667,0.39999999999999997,3.2
1721,19,30,24,1.736842105263158,0.44270833333333337,0.48237638894272,3.3684210526315788
1722,19,30,23,1.736842105263158,0.4348958333333333,0.4823763889427201,3.3684210526315788
1723,19,30,25,1.736842105263158,0.453125,0.4823763889427201,3.3684210526315788
1724,19,31,24,1.736842105263158,0.44010416666666663,0.4823763889427201,3.3684210526315788
1725,19,29,24,1.736842105263158,0.4557291666666667,0.4823763889427201,3.3684210526315788
1726,18,31,24,1.7,0.4401041666666667,0.39999999999999997,3.2
1727,19,31,25,1.736842105263158,0.4479166666666667,0.4823763889427201,3.3684210526315788
1728,18,28,24,1.7,0.4583333333333333,0.39999999999999997,3.2
1729,19,29,25,1.736842105263158,0.4583333333333333,0.4823763889427201,3.3684210526315788
1730,19,32,23,1.736842105263158,0.421875,0.4823763889427201,3.3684210526315788
1731,19,32,23,1.736842105263158,0.4244791666666667,0.48237638894272,3.3684210526315788
1732,18,30,24,1.7,0.4453125,0.39999999999999997,3.2
1733,20,33,23,1.7777777777777777,0.4140625,0.49690399499995325,3.5555555555555554
1734,19,29,25,1.736842105263158,0.4609375,0.48237638894272,3.3684210526315788
1735,18,30,23,1.7,0.4375,0.39999999999999997,3.2
1736,19,27,26,1.736842105263158,0.484375,0.48237638894272,3.3684210526315788
1737,18,28,25,1.7,0.46354166666666663,0.39999999999999997,3.2
1738,18,32,23,1.7,0.41927083333333337,0.39999999999999997,3.2
1739,19,31,23,1.736842105263158,0.42708333333333337,0.4823763889427201,3.3684210526315788
1740,18,28,26,1.7,0.4791666666666667,0.39999999999999997,3.2
1741,18,28,25,1.7,0.46875,0.39999999999999997,3.2
1742,20,29,25,1.7777777777777777,0.4609375,0.49690399499995325,3.5555555555555554
1743,18,30,23,1.7,0.4322916666666667,0.39999999999999997,3.2
1744,19,31,23,1.736842105263158,0.4296875,0.4823763889427201,3.3684210526315788
1745,19,30,25,1.736842105263158,0.453125,0.4823763889427201,3.3684210526315788
1746,18,35,21,1.75,0.38802083333333337,0.39999999999999997,3.2
1747,19,30,24,1.736842105263158,0.4453125,0.4823763889427201,3.3684210526315788
1748,19,27,25,1.736842105263158,0.4765625,0.4823763889427201,3.3684210526315788
1749,19,31,24,1.736842105263158,0.4401041666666667,0.4823763889427201,3.3684210526315788
1750,18,29,26,1.7,0.4713541666666667,0.39999999999999997,3.2
1751,19,29,24,1.736842105263158,0.45052083333333337,0.48237638894272,3.3684210526315788
1752,19,31,24,1.6842105263157894,0.4338624338624339,0.5668594533825794,3.3157894736842106
1753,19,29,22,1.736842105263158,0.4375,0.48237638894272,3.3684210526315788
1754,20,31,24,1.7777777777777777,0.4401041666666667,0.49690399499995325,3.5555555555555554
1755,19,27,24,1.736842105263158,0.4635416666666667,0.4823763889427201,3.3684210526315788
1756,19,26,26,1.736842105263158,0.48697916666666674,0.4823763889427201,3.3684210526315788
1757,19,30,26,1.736842105263158,0.4609375,0.4823763889427201,3.3684210526315788
1758,19,30,24,1.736842105263158,0.4453125,0.4823763889427201,3.3684210526315788
1759,19,36,22,1.7894736842105263,0.390625,0.4823763889427201,3.3684210526315788
1760,18,31,26,1.7,0.45833333333333337,0.39999999999999997,3.2
1761,19,34,20,1.6842105263157894,0.3835978835978836,0.5668594533825794,3.3157894736842106
1762,19,31,22,1.736842105263158,0.4166666666666667,0.4823763889427201,3.3684210526315788
1763,20,30,23,1.7777777777777777,0.4375,0.49690399499995325,3.5555555555555554
1764,19,30,24,1.736842105263158,0.4479166666666667,0.4823763889427201,3.3684210526315788
1765,19,32,23,1.736842105263158,0.4244791666666667,0.4823763889427201,3.3684210526315788
1766,18,27,24,1.7,0.46614583333333337,0.39999999999999997,3.2
1767,18,26,25,1.7,0.484375,0.39999999999999997,3.2
1768,18,35,22,1.75,0.39583333333333337,0.39999999999999997,3.2
1769,19,30,23,1.736842105263158,0.43489583333333337,0.4823763889427201,3.3684210526315788
1770,18,27,26,1.7,0.484375,0.39999999999999997,3.2
1771,19,28,25,1.736842105263158,0.46875,0.4823763889427201,3.3684210526315788
1772,19,29,25,1.736842105263158,0.4635416666666667,0.4823763889427201,3.3684210526315788
1773,18,31,25,1.7,0.4453125,0.39999999999999997,3.2
1774,18,32,23,1.7,0.41666666666666663,0.39999999999999997,3.2
1775,18,32,25,1.7,0.4375,0.39999999999999997,3.2
1776,18,31,23,1.7,0.4322916666666667,0.39999999999999997,3.2
1777,19,29,24,1.736842105263158,0.453125,0.48237638894272,3.3684210526315788
1778,19,29,24,1.736842105263158,0.453125,0.48237638894272,3.3684210526315788
1779,18,27,24,1.65,0.46825396825396826,0.47696960070847283,3.15
1780,19,28,24,1.736842105263158,0.45572916666666674,0.48237638894272,3.3684210526315788
1781,19,33,25,1.736842105263158,0.43489583333333337,0.4823763889427201,3.3684210526315788
1782,18,26,25,1.65,0.48148148148148145,0.47696960070847283,3.15
1783,19,30,26,1.736842105263158,0.46354166666666663,0.4823763889427201,3.3684210526315788
1784,19,27,26,1.736842105263158,0.48177083333333337,0.48237638894272,3.3684210526315788
1785,19,29,26,1.736842105263158,0.47135416666666663,0.48237638894272,3.3684210526315788
1786,19,28,26,1.736842105263158,0.47916666666666663,0.4823763889427201,3.3684210526315788
1787,18,27,24,1.7,0.46875,0.39999999999999997,3.2
1788,19,30,25,1.736842105263158,0.45052083333333337,0.48237638894272,3.3684210526315788
1789,19,30,24,1.736842105263158,0.4453125,0.4823763889427201,3.3684210526315788
1790,19,27,24,1.6842105263157894,0.46825396825396826,0.5668594533825794,3.3157894736842106
1791,18,30,26,1.7,0.4635416666666667,0.39999999999999997,3.2
1792,19,32,24,1.736842105263158,0.4348958333333333,0.48237638894272,3.3684210526315788
1793,19,30,26,1.736842105263158,0.4635416666666667,0.48237638894272,3.3684210526315788
1794,18,31,25,1.7,0.4479166666666667,0.39999999999999997,3.2
1795,19,32,23,1.736842105263158,0.4244791666666667,0.4823763889427201,3.3684210526315788
1796,19,29,24,1.736842105263158,0.453125,0.4823763889427201,3.3684210526315788
1797,19,30,26,1.736842105263158,0.4635416666666667,0.48237638894272,3.3684210526315788
1798,19,28,25,1.736842105263158,0.46614583333333337,0.4823763889427201,3.3684210526315788
1799,19,26,26,1.6842105263157894,0.4894179894179895,0.5668594533825794,3.3157894736842106
1800,18,28,24,1.7,0.4609375,0.39999999999999997,3.2
1801,19,29,25,1.736842105263158,0.4609375,0.48237638894272,3.3684210526315788
1802,19,27,25,1.736842105263158,0.47395833333333337,0.4823763889427201,3.3684210526315788
1803,18,27,26,1.7,0.484375,0.39999999999999997,3.2
1804,19,30,24,1.736842105263158,0.44270833333333337,0.4823763889427201,3.3684210526315788
1805,18,28,24,1.7,0.4609375,0.39999999999999997,3.2
1806,19,27,25,1.736842105263158,0.47395833333333337,0.4823763889427201,3.3684210526315788
1807,19,25,26,1.6842105263157894,0.4973544973544973,0.5668594533825794,3.3157894736842106
1808,18,28,26,1.7,0.4713541666666667,0.39999999999999997,3.2
1809,18,29,24,1.7,0.453125,0.39999999999999997,3.2
1810,19,27,26,1.736842105263158,0.484375,0.4823763889427201,3.3684210526315788
1811,18,29,25,1.7,0.4609375,0.39999999999999997,3.2
1812,20,28,23,1.7777777777777777,0.4453125,0.49690399499995325,3.5555555555555554
1813,19,27,23,1.6842105263157894,0.45502645502645506,0.5668594533825794,3.3157894736842106
1814,18,30,24,1.7,0.4401041666666667,0.39999999999999997,3.2
1815,19,29,26,1.736842105263158,0.4661458333333333,0.4823763889427201,3.3684210526315788
1816,19,28,24,1.736842105263158,0.4557291666666667,0.4823763889427201,3.3684210526315788
1817,18,30,24,1.7,0.4427083333333333,0.39999999999999997,3.2
1818,19,32,23,1.736842105263158,0.421875,0.4823763889427201,3.3684210526315788
1819,18,32,21,1.7,0.40625,0.39999999999999997,3.2
1820,19,27,25,1.736842105263158,0.4713541666666667,0.48237638894272,3.3684210526315788
1821,18,29,24,1.7,0.44791666666666663,0.39999999999999997,3.2
1822,18,29,24,1.7,0.453125,0.39999999999999997,3.2
1823,19,29,25,1.736842105263158,0.4609375,0.4823763889427201,3.3684210526315788
1824,18,30,24,1.7,0.44270833333333337,0.39999999999999997,3.2
1825,20,28,24,1.7777777777777777,0.45833333333333337,0.49690399499995325,3.5555555555555554
1826,18,29,23,1.7,0.44791666666666663,0.39999999999999997,3.2
1827,19,26,24,1.736842105263158,0.4713541666666667,0.4823763889427201,3.3684210526315788
1828,19,31,25,1.736842105263158,0.4479166666666667,0.4823763889427201,3.3684210526315788
1829,18,26,27,1.65,0.4973544973544974,0.47696960070847283,3.15
1830,19,34,24,1.736842105263158,0.41927083333333337,0.4823763889427201,3.3684210526315788
1831,18,27,24,1.65,0.46560846560846564,0.47696960070847283,3.15
1832,19,30,26,1.736842105263158,0.46354166666666663,0.4823763889427201,3.3684210526315788
1833,19,30,25,1.736842105263158,0.4583333333333333,0.4823763889427201,3.3684210526315788
1834,19,30,25,1.736842105263158,0.45052083333333337,0.48237638894272,3.3684210526315788
1835,19,27,24,1.736842105263158,0.46354166666666674,0.4823763889427201,3.3684210526315788
1836,19,27,26,1.736842105263158,0.484375,0.4823763889427201,3.3684210526315788
1837,18,29,25,1.7,0.45833333333333337,0.39999999999999997,3.2
1838,19,28,24,1.736842105263158,0.4609375,0.4823763889427201,3.3684210526315788
1839,19,26,26,1.736842105263158,0.4921875,0.48237638894272,3.3684210526315788
1840,19,27,26,1.736842105263158,0.484375,0.4823763889427201,3.3684210526315788
1841,18,26,25,1.7,0.48177083333333337,0.39999999999999997,3.2
1842,19,30,25,1.736842105263158,0.45312499999999994,0.4823763889427201,3.3684210526315788
1843,18,28,24,1.7,0.45833333333333337,0.39999999999999997,3.2
1844,18,30,26,1.7,0.4609375,0.39999999999999997,3.2
1845,19,28,25,1.736842105263158,0.46354166666666663,0.48237638894272,3.3684210526315788
1846,18,25,26,1.65,0.5,0.47696960070847283,3.15
1847,18,28,26,1.7,0.47395833333333337,0.39999999999999997,3.2
1848,19,29,24,1.736842105263158,0.45052083333333337,0.4823763889427201,3.3684210526315788
1849,19,26,25,1.736842105263158,0.4791666666666667,0.4823763889427201,3.3684210526315788
1850,18,29,24,1.7,0.453125,0.39999999999999997,3.2
1851,19,25,28,1.736842105263158,0.515625,0.4823763889427201,3.3684210526315788
1852,18,26,27,1.7,0.5026041666666666,0.39999999999999997,3.2
1853,19,29,25,1.736842105263158,0.4583333333333333,0.4823763889427201,3.3684210526315788
1854,18,26,26,1.7,0.48697916666666674,0.39999999999999997,3.2
1855,18,29,24,1.7,0.4557291666666667,0.39999999999999997,3.2
1856,18,28,26,1.7,0.4765625,0.39999999999999997,3.2
1857,19,28,23,1.736842105263158,0.45052083333333337,0.4823763889427201,3.3684210526315788
1858,19,27,25,1.6842105263157894,0.4735449735449736,0.5668594533825794,3.3157894736842106
1859,18,26,27,1.7,0.5,0.39999999999999997,3.2
1860,18,26,26,1.65,0.49206349206349204,0.47696960070847283,3.15
1861,18,28,27,1.7,0.484375,0.39999999999999997,3.2
1862,18,31,25,1.7,0.4505208333333333,0.39999999999999997,3.2
1863,18,25,28,1.7,0.515625,0.39999999999999997,3.2
1864,18,28,26,1.7,0.4765625,0.39999999999999997,3.2
1865,20,30,25,1.7777777777777777,0.4583333333333333,0.49690399499995325,3.5555555555555554
1866,18,31,24,1.7,0.4401041666666667,0.39999999999999997,3.2
1867,19,27,29,1.736842105263158,0.5104166666666666,0.48237638894272,3.3684210526315788
1868,19,27,26,1.736842105263158,0.484375,0.4823763889427201,3.3684210526315788
1869,18,26,24,1.7,0.47135416666666674,0.39999999999999997,3.2
1870,18,28,24,1.7,0.45572916666666663,0.39999999999999997,3.2
1871,19,29,24,1.736842105263158,0.45052083333333337,0.4823763889427201,3.3684210526315788
1872,18,33,23,1.7,0.41145833333333337,0.39999999999999997,3.2
1873,18,30,26,1.7,0.4635416666666667,0.39999999999999997,3.2
1874,18,27,26,1.7,0.4791666666666667,0.39999999999999997,3.2
1875,19,28,24,1.736842105263158,0.45572916666666663,0.48237638894272,3.3684210526315788
1876,18,28,23,1.7,0.4453125,0.39999999999999997,3.2
1877,18,28,25,1.7,0.46875,0.39999999999999997,3.2
1878,19,32,25,1.736842105263158,0.4375,0.4823763889427201,3.3684210526315788
1879,18,28,25,1.7,0.46875,0.39999999999999997,3.2
1880,19,26,25,1.736842105263158,0.4791666666666667,0.4823763889427201,3.3684210526315788
1881,20,30,24,1.7777777777777777,0.4453125,0.49690399499995325,3.5555555555555554
1882,19,29,25,1.736842105263158,0.46354166666666663,0.48237638894272,3.3684210526315788
1884,18,25,28,1.7,0.515625,0.39999999999999997,3.2
1885,18,25,28,1.7,0.515625,0.39999999999999997,3.2
1886,18,25,28,1.7,0.515625,0.39999999999999997,3.2
1887,18,25,28,1.7,0.515625,0.39999999999999997,3.2
1888,18,25,28,1.7,0.515625,0.39999999999999997,3.2
1889,18,25,28,1.7,0.515625,0.39999999999999997,3.2
1890,18,25,28,1.7,0.515625,0.39999999999999997,3.2
1891,18,25,28,1.7,0.515625,0.39999999999999997,3.2
1892,18,25,28,1.7,0.515625,0.39999999999999997,3.2
1893,18,25,28,1.7,0.515625,0.39999999999999997,3.2
