Episode,Desafios_sin_equipo,Estudiantes_fuera_preferencias,Estudiantes_primera_prioridad,Promedio_carreras_por_equipo,Satisfaccion_promedio,STD_tamano_equipos,Tamano_promedio_equipo
2,18,62,0,1.75,0.010416666666666666,0.39999999999999997,3.2
3,17,62,1,1.7142857142857142,0.020833333333333332,0.21295885499997994,3.0476190476190474
4,18,56,3,1.75,0.07552083333333333,0.39999999999999997,3.2
5,17,61,1,1.7142857142857142,0.03125,0.21295885499997994,3.0476190476190474
6,17,55,3,1.7142857142857142,0.08072916666666666,0.21295885499997994,3.0476190476190474
7,18,59,1,1.75,0.0390625,0.39999999999999997,3.2
8,18,61,0,1.75,0.018229166666666664,0.39999999999999997,3.2
9,17,61,1,1.7142857142857142,0.026041666666666664,0.21295885499997994,3.0476190476190474
10,18,59,0,1.75,0.033854166666666664,0.39999999999999997,3.2
11,18,57,1,1.7,0.04761904761904761,0.47696960070847283,3.15
12,19,60,1,1.7894736842105263,0.03645833333333333,0.4823763889427201,3.3684210526315788
13,18,61,2,1.75,0.036458333333333336,0.39999999999999997,3.2
14,18,62,1,1.7,0.020833333333333332,0.39999999999999997,3.2
15,18,57,2,1.75,0.06510416666666666,0.39999999999999997,3.2
16,18,59,2,1.75,0.05208333333333333,0.39999999999999997,3.2
17,17,62,0,1.7142857142857142,0.010416666666666666,0.21295885499997994,3.0476190476190474
18,19,61,0,1.7894736842105263,0.018229166666666664,0.4823763889427201,3.3684210526315788
19,18,61,1,1.75,0.028645833333333332,0.39999999999999997,3.2
20,17,59,2,1.7142857142857142,0.05208333333333333,0.21295885499997994,3.0476190476190474
21,18,61,0,1.75,0.018229166666666664,0.39999999999999997,3.2
22,17,61,2,1.6666666666666667,0.03645833333333333,0.21295885499997994,3.0476190476190474
23,17,59,3,1.7142857142857142,0.05989583333333333,0.21295885499997994,3.0476190476190474
24,18,61,0,1.75,0.020833333333333332,0.39999999999999997,3.2
25,19,59,1,1.7894736842105263,0.046875,0.4823763889427201,3.3684210526315788
26,19,59,1,1.7894736842105263,0.0390625,0.4823763889427201,3.3684210526315788
27,17,58,3,1.7142857142857142,0.06510416666666666,0.21295885499997994,3.0476190476190474
28,18,60,1,1.75,0.03645833333333333,0.39999999999999997,3.2
29,17,62,0,1.7142857142857142,0.013020833333333332,0.21295885499997996,3.0476190476190474
30,18,56,4,1.75,0.09114583333333333,0.39999999999999997,3.2
31,18,60,1,1.75,0.033854166666666664,0.39999999999999997,3.2
32,19,63,1,1.7894736842105263,0.015625,0.4823763889427201,3.3684210526315788
33,18,60,0,1.75,0.023437499999999997,0.39999999999999997,3.2
34,18,61,2,1.75,0.036458333333333336,0.39999999999999997,3.2
35,18,63,0,1.75,0.0078125,0.39999999999999997,3.2
36,18,58,4,1.75,0.078125,0.39999999999999997,3.2
37,18,58,2,1.75,0.05729166666666666,0.39999999999999997,3.2
38,17,56,5,1.7142857142857142,0.09635416666666666,0.21295885499997994,3.0476190476190474
39,18,62,1,1.75,0.0234375,0.39999999999999997,3.2
40,17,59,2,1.7142857142857142,0.05208333333333333,0.21295885499997994,3.0476190476190474
41,18,60,2,1.75,0.041666666666666664,0.39999999999999997,3.2
42,18,63,1,1.75,0.015625,0.39999999999999997,3.2
43,18,60,0,1.75,0.026041666666666664,0.39999999999999997,3.2
44,18,56,2,1.75,0.07552083333333333,0.39999999999999997,3.2
45,18,63,0,1.7,0.0,0.47696960070847283,3.15
46,18,55,3,1.75,0.08854166666666666,0.39999999999999997,3.2
47,18,57,2,1.75,0.06510416666666666,0.39999999999999997,3.2
48,19,55,1,1.7894736842105263,0.0703125,0.4823763889427201,3.3684210526315788
49,18,58,0,1.75,0.033854166666666664,0.39999999999999997,3.2
50,17,59,1,1.7142857142857142,0.046875,0.21295885499997994,3.0476190476190474
51,19,61,1,1.7894736842105263,0.028645833333333332,0.4823763889427201,3.3684210526315788
52,18,58,0,1.75,0.0390625,0.39999999999999997,3.2
53,17,57,3,1.6666666666666667,0.07142857142857142,0.3086066999241838,3.0
54,18,56,3,1.75,0.08333333333333333,0.39999999999999997,3.2
55,17,62,0,1.7142857142857142,0.015625,0.21295885499997994,3.0476190476190474
56,18,60,1,1.75,0.03125,0.39999999999999997,3.2
57,19,59,2,1.7894736842105263,0.05208333333333333,0.4823763889427201,3.3684210526315788
58,18,58,1,1.75,0.049479166666666664,0.39999999999999997,3.2
59,19,61,1,1.7894736842105263,0.03125,0.4823763889427201,3.3684210526315788
60,17,58,3,1.7142857142857142,0.06510416666666667,0.21295885499997994,3.0476190476190474
61,18,60,2,1.75,0.04427083333333333,0.39999999999999997,3.2
62,20,55,5,1.8333333333333333,0.09895833333333331,0.49690399499995325,3.5555555555555554
63,17,55,3,1.7142857142857142,0.0859375,0.21295885499997994,3.0476190476190474
64,19,60,2,1.736842105263158,0.037037037037037035,0.5668594533825794,3.3157894736842106
65,18,58,2,1.75,0.057291666666666664,0.39999999999999997,3.2
66,18,60,2,1.75,0.04427083333333333,0.39999999999999997,3.2
67,19,61,1,1.7894736842105263,0.028645833333333332,0.4823763889427201,3.3684210526315788
68,18,55,3,1.75,0.08854166666666666,0.39999999999999997,3.2
69,17,57,4,1.7142857142857142,0.0859375,0.21295885499997994,3.0476190476190474
70,17,56,4,1.7142857142857142,0.09114583333333333,0.21295885499997994,3.0476190476190474
71,18,59,1,1.75,0.04427083333333333,0.39999999999999997,3.2
72,17,56,3,1.7142857142857142,0.08072916666666667,0.21295885499997994,3.0476190476190474
73,18,60,3,1.75,0.0546875,0.39999999999999997,3.2
74,18,59,3,1.75,0.05989583333333333,0.39999999999999997,3.2
75,17,58,2,1.7142857142857142,0.05729166666666666,0.21295885499997994,3.0476190476190474
76,18,61,0,1.75,0.020833333333333332,0.39999999999999997,3.2
77,18,60,0,1.75,0.0234375,0.39999999999999997,3.2
78,17,62,2,1.6666666666666667,0.03125,0.21295885499997994,3.0476190476190474
79,19,60,1,1.7894736842105263,0.031249999999999997,0.4823763889427201,3.3684210526315788
80,18,56,2,1.7,0.0703125,0.39999999999999997,3.2
81,17,58,2,1.7142857142857142,0.057291666666666664,0.21295885499997994,3.0476190476190474
82,19,63,1,1.7894736842105263,0.015625,0.4823763889427201,3.3684210526315788
83,18,63,0,1.75,0.005208333333333333,0.39999999999999997,3.2
84,18,57,5,1.75,0.09114583333333334,0.39999999999999997,3.2
85,18,54,6,1.7,0.1171875,0.39999999999999997,3.2
86,18,60,0,1.75,0.026041666666666664,0.39999999999999997,3.2
87,18,59,2,1.75,0.049479166666666664,0.39999999999999997,3.2
88,17,57,3,1.7142857142857142,0.07552083333333333,0.21295885499997994,3.0476190476190474
89,18,60,0,1.75,0.028645833333333332,0.39999999999999997,3.2
90,19,59,1,1.7894736842105263,0.04427083333333333,0.48237638894272,3.3684210526315788
91,17,54,3,1.7142857142857142,0.0859375,0.21295885499997994,3.0476190476190474
92,19,52,3,1.7894736842105263,0.10677083333333333,0.4823763889427201,3.3684210526315788
93,18,59,1,1.75,0.0390625,0.39999999999999997,3.2
94,18,56,1,1.75,0.06249999999999999,0.39999999999999997,3.2
95,19,57,4,1.7894736842105263,0.08333333333333333,0.4823763889427201,3.3684210526315788
96,17,55,1,1.7142857142857142,0.07291666666666666,0.21295885499997994,3.0476190476190474
97,17,53,2,1.6666666666666667,0.08854166666666666,0.21295885499997994,3.0476190476190474
98,17,59,3,1.7142857142857142,0.05989583333333333,0.21295885499997994,3.0476190476190474
99,17,57,3,1.7142857142857142,0.0703125,0.21295885499997994,3.0476190476190474
100,17,59,1,1.7142857142857142,0.03645833333333333,0.21295885499997994,3.0476190476190474
101,18,58,2,1.75,0.05729166666666667,0.39999999999999997,3.2
102,19,53,4,1.7894736842105263,0.109375,0.4823763889427201,3.3684210526315788
103,18,59,0,1.75,0.03645833333333333,0.39999999999999997,3.2
104,17,57,2,1.7142857142857142,0.0625,0.21295885499997994,3.0476190476190474
105,17,63,0,1.7142857142857142,0.005208333333333333,0.21295885499997994,3.0476190476190474
106,17,58,0,1.6666666666666667,0.0390625,0.21295885499997994,3.0476190476190474
107,18,54,3,1.75,0.09114583333333331,0.39999999999999997,3.2
108,17,59,3,1.7142857142857142,0.05989583333333333,0.21295885499997994,3.0476190476190474
109,17,58,4,1.7142857142857142,0.07552083333333333,0.21295885499997994,3.0476190476190474
110,18,57,5,1.75,0.08854166666666666,0.39999999999999997,3.2
111,19,60,1,1.7894736842105263,0.03645833333333333,0.4823763889427201,3.3684210526315788
112,17,60,1,1.7142857142857142,0.0390625,0.21295885499997994,3.0476190476190474
113,18,57,2,1.75,0.0625,0.39999999999999997,3.2
114,18,57,0,1.75,0.049479166666666664,0.39999999999999997,3.2
115,18,56,4,1.75,0.08854166666666666,0.39999999999999997,3.2
116,18,62,1,1.7,0.0234375,0.39999999999999997,3.2
117,19,56,3,1.7894736842105263,0.08072916666666666,0.4823763889427201,3.3684210526315788
118,17,56,2,1.7142857142857142,0.0703125,0.21295885499997994,3.0476190476190474
119,20,57,3,1.8333333333333333,0.07291666666666666,0.49690399499995325,3.5555555555555554
120,19,58,3,1.7894736842105263,0.06770833333333333,0.4823763889427201,3.3684210526315788
121,18,58,3,1.75,0.06770833333333333,0.39999999999999997,3.2
122,18,61,1,1.75,0.03125,0.39999999999999997,3.2
123,18,57,3,1.75,0.07552083333333333,0.39999999999999997,3.2
124,17,58,1,1.7142857142857142,0.049479166666666664,0.21295885499997994,3.0476190476190474
125,19,56,3,1.7894736842105263,0.078125,0.4823763889427201,3.3684210526315788
126,18,57,3,1.75,0.07552083333333333,0.39999999999999997,3.2
127,19,57,1,1.7894736842105263,0.05729166666666666,0.4823763889427201,3.3684210526315788
128,18,59,2,1.75,0.049479166666666664,0.39999999999999997,3.2
129,19,56,2,1.736842105263158,0.06349206349206349,0.5668594533825794,3.3157894736842106
130,18,55,4,1.75,0.09635416666666666,0.39999999999999997,3.2
131,18,61,1,1.75,0.028645833333333332,0.39999999999999997,3.2
132,17,60,2,1.7142857142857142,0.044270833333333336,0.21295885499997994,3.0476190476190474
133,18,59,1,1.75,0.04427083333333333,0.39999999999999997,3.2
134,18,57,1,1.75,0.0546875,0.39999999999999997,3.2
135,17,58,2,1.7142857142857142,0.05989583333333333,0.21295885499997994,3.0476190476190474
136,19,60,1,1.7894736842105263,0.0390625,0.48237638894272,3.3684210526315788
137,17,59,1,1.7142857142857142,0.041666666666666664,0.21295885499997994,3.0476190476190474
138,18,52,9,1.7,0.1640625,0.39999999999999997,3.2
139,19,53,3,1.7894736842105263,0.109375,0.4823763889427201,3.3684210526315788
140,18,54,4,1.75,0.10677083333333333,0.39999999999999997,3.2
141,18,56,4,1.75,0.09114583333333333,0.39999999999999997,3.2
142,20,55,3,1.8333333333333333,0.09114583333333333,0.49690399499995325,3.5555555555555554
143,17,57,1,1.7142857142857142,0.0546875,0.21295885499997994,3.0476190476190474
144,18,60,2,1.75,0.041666666666666664,0.39999999999999997,3.2
145,18,50,7,1.7,0.1455026455026455,0.47696960070847283,3.15
146,18,54,3,1.75,0.09895833333333333,0.39999999999999997,3.2
147,18,57,3,1.75,0.07291666666666667,0.39999999999999997,3.2
148,18,57,1,1.75,0.0546875,0.39999999999999997,3.2
149,18,53,5,1.75,0.11458333333333333,0.39999999999999997,3.2
150,20,52,6,1.8333333333333333,0.13020833333333331,0.49690399499995325,3.5555555555555554
151,18,54,4,1.75,0.10416666666666666,0.39999999999999997,3.2
152,18,56,5,1.75,0.09895833333333333,0.39999999999999997,3.2
153,19,58,1,1.736842105263158,0.046875,0.4823763889427201,3.3684210526315788
154,18,57,3,1.75,0.07552083333333333,0.39999999999999997,3.2
155,19,57,3,1.736842105263158,0.07552083333333333,0.4823763889427201,3.3684210526315788
156,17,55,2,1.7142857142857142,0.07812499999999999,0.21295885499997994,3.0476190476190474
157,18,57,3,1.75,0.07552083333333333,0.39999999999999997,3.2
158,19,51,6,1.6842105263157894,0.140625,0.4823763889427201,3.3684210526315788
159,17,55,2,1.7142857142857142,0.08333333333333333,0.21295885499997994,3.0476190476190474
160,18,58,4,1.75,0.078125,0.39999999999999997,3.2
161,17,54,4,1.7142857142857142,0.1015625,0.21295885499997994,3.0476190476190474
162,17,54,5,1.7142857142857142,0.11197916666666667,0.21295885499997994,3.0476190476190474
163,18,58,3,1.75,0.0703125,0.39999999999999997,3.2
164,17,47,4,1.6666666666666667,0.15625,0.21295885499997994,3.0476190476190474
165,17,51,5,1.7142857142857142,0.1328125,0.21295885499997994,3.0476190476190474
166,19,56,2,1.7894736842105263,0.07291666666666666,0.4823763889427201,3.3684210526315788
167,19,55,4,1.7894736842105263,0.09635416666666666,0.4823763889427201,3.3684210526315788
168,17,54,6,1.7142857142857142,0.12239583333333333,0.21295885499997994,3.0476190476190474
169,19,50,8,1.7894736842105263,0.16927083333333331,0.4823763889427201,3.3684210526315788
170,17,54,4,1.6666666666666667,0.09895833333333334,0.21295885499997994,3.0476190476190474
171,17,54,4,1.7142857142857142,0.1015625,0.21295885499997994,3.0476190476190474
172,19,50,6,1.7894736842105263,0.14583333333333331,0.4823763889427201,3.3684210526315788
173,18,54,5,1.75,0.11197916666666667,0.39999999999999997,3.2
174,17,55,4,1.7142857142857142,0.09635416666666666,0.21295885499997994,3.0476190476190474
175,17,50,2,1.7142857142857142,0.10677083333333333,0.21295885499997994,3.0476190476190474
176,18,55,5,1.75,0.10677083333333333,0.39999999999999997,3.2
177,18,57,3,1.75,0.07552083333333333,0.39999999999999997,3.2
178,17,51,7,1.7142857142857142,0.14583333333333331,0.21295885499997994,3.0476190476190474
179,18,57,3,1.7,0.07552083333333334,0.39999999999999997,3.2
180,18,57,6,1.75,0.1015625,0.39999999999999997,3.2
181,19,60,2,1.7894736842105263,0.041666666666666664,0.4823763889427201,3.3684210526315788
182,19,53,7,1.7894736842105263,0.13802083333333331,0.4823763889427201,3.3684210526315788
183,18,58,3,1.75,0.0703125,0.39999999999999997,3.2
184,18,55,5,1.75,0.1015625,0.39999999999999997,3.2
185,19,50,8,1.736842105263158,0.16666666666666666,0.48237638894272,3.3684210526315788
186,17,51,6,1.6666666666666667,0.140625,0.21295885499997994,3.0476190476190474
187,17,53,5,1.6666666666666667,0.125,0.21295885499997994,3.0476190476190474
188,17,54,6,1.7142857142857142,0.11979166666666666,0.21295885499997994,3.0476190476190474
189,17,54,4,1.6666666666666667,0.109375,0.21295885499997994,3.0476190476190474
190,19,49,7,1.7894736842105263,0.15885416666666666,0.4823763889427201,3.3684210526315788
191,18,55,4,1.75,0.09375,0.39999999999999997,3.2
192,18,52,5,1.65,0.12499999999999999,0.39999999999999997,3.2
193,18,50,6,1.75,0.1484375,0.39999999999999997,3.2
194,18,53,7,1.75,0.1328125,0.39999999999999997,3.2
195,18,52,5,1.75,0.12239583333333331,0.39999999999999997,3.2
196,18,54,6,1.75,0.12239583333333333,0.39999999999999997,3.2
197,18,51,10,1.65,0.17708333333333331,0.39999999999999997,3.2
198,18,51,10,1.75,0.17708333333333334,0.39999999999999997,3.2
199,19,54,5,1.736842105263158,0.11197916666666666,0.4823763889427201,3.3684210526315788
200,18,54,3,1.75,0.09895833333333333,0.39999999999999997,3.2
201,19,52,6,1.7894736842105263,0.1328125,0.4823763889427201,3.3684210526315788
202,18,50,6,1.75,0.1484375,0.39999999999999997,3.2
203,18,51,9,1.75,0.1640625,0.39999999999999997,3.2
204,17,49,10,1.7142857142857142,0.19010416666666666,0.21295885499997994,3.0476190476190474
205,19,51,3,1.7894736842105263,0.12239583333333333,0.4823763889427201,3.3684210526315788
206,18,52,6,1.7,0.1328125,0.39999999999999997,3.2
207,18,53,3,1.75,0.109375,0.39999999999999997,3.2
208,17,49,7,1.7142857142857142,0.16145833333333331,0.21295885499997994,3.0476190476190474
209,19,52,5,1.736842105263158,0.13020833333333334,0.4823763889427201,3.3684210526315788
210,18,49,10,1.75,0.19270833333333331,0.39999999999999997,3.2
211,19,50,11,1.6842105263157894,0.19010416666666669,0.4823763889427201,3.3684210526315788
212,18,53,6,1.7,0.13020833333333331,0.39999999999999997,3.2
213,20,49,7,1.8333333333333333,0.16927083333333331,0.49690399499995325,3.5555555555555554
214,18,55,5,1.75,0.10416666666666666,0.39999999999999997,3.2
215,18,56,6,1.75,0.10677083333333333,0.39999999999999997,3.2
216,19,48,8,1.736842105263158,0.18489583333333331,0.4823763889427201,3.3684210526315788
217,17,51,8,1.6666666666666667,0.16145833333333331,0.21295885499997994,3.0476190476190474
218,19,55,3,1.736842105263158,0.08854166666666666,0.4823763889427201,3.3684210526315788
219,19,51,4,1.7894736842105263,0.125,0.4823763889427201,3.3684210526315788
220,18,51,7,1.7,0.15625,0.39999999999999997,3.2
221,18,52,9,1.75,0.16145833333333331,0.39999999999999997,3.2
222,17,53,6,1.619047619047619,0.12169312169312169,0.3086066999241838,3.0
223,19,51,6,1.736842105263158,0.14322916666666666,0.4823763889427201,3.3684210526315788
224,18,48,8,1.65,0.1796875,0.39999999999999997,3.2
225,19,51,5,1.7894736842105263,0.1328125,0.4823763889427201,3.3684210526315788
226,19,51,8,1.736842105263158,0.15885416666666666,0.4823763889427201,3.3684210526315788
227,19,48,8,1.736842105263158,0.1796875,0.4823763889427201,3.3684210526315788
228,18,51,6,1.65,0.14322916666666666,0.39999999999999997,3.2
229,17,51,10,1.6666666666666667,0.17708333333333331,0.21295885499997994,3.0476190476190474
230,18,50,11,1.7,0.1953125,0.39999999999999997,3.2
231,18,48,5,1.7,0.15104166666666666,0.39999999999999997,3.2
232,17,53,6,1.6666666666666667,0.125,0.21295885499997994,3.0476190476190474
233,18,54,7,1.75,0.1328125,0.39999999999999997,3.2
234,18,46,9,1.65,0.20312499999999997,0.39999999999999997,3.2
235,18,47,11,1.7,0.21614583333333331,0.39999999999999997,3.2
236,19,54,6,1.736842105263158,0.11979166666666666,0.4823763889427201,3.3684210526315788
237,17,47,9,1.6666666666666667,0.19791666666666666,0.21295885499997994,3.0476190476190474
238,19,48,10,1.736842105263158,0.203125,0.4823763889427201,3.3684210526315788
239,17,53,6,1.6666666666666667,0.1328125,0.21295885499997994,3.0476190476190474
240,17,48,9,1.6666666666666667,0.18489583333333331,0.21295885499997994,3.0476190476190474
241,19,47,11,1.736842105263158,0.2109375,0.4823763889427201,3.3684210526315788
242,19,46,11,1.736842105263158,0.22395833333333331,0.4823763889427201,3.3684210526315788
243,18,49,8,1.75,0.16927083333333331,0.39999999999999997,3.2
244,18,43,12,1.7,0.24739583333333334,0.39999999999999997,3.2
245,18,52,6,1.65,0.140625,0.39999999999999997,3.2
246,18,46,10,1.65,0.21093749999999997,0.39999999999999997,3.2
247,17,47,11,1.6666666666666667,0.2109375,0.21295885499997994,3.0476190476190474
248,17,49,10,1.6666666666666667,0.19010416666666663,0.21295885499997994,3.0476190476190474
249,19,51,8,1.7894736842105263,0.1640625,0.4823763889427201,3.3684210526315788
250,18,47,8,1.7,0.18489583333333331,0.39999999999999997,3.2
251,19,45,12,1.6842105263157894,0.2328042328042328,0.5668594533825794,3.3157894736842106
252,18,50,7,1.7,0.15885416666666666,0.39999999999999997,3.2
253,19,48,11,1.736842105263158,0.20833333333333334,0.4823763889427201,3.3684210526315788
254,18,48,8,1.7,0.1796875,0.39999999999999997,3.2
255,19,46,11,1.736842105263158,0.21875,0.4823763889427201,3.3684210526315788
256,18,47,10,1.7,0.20572916666666666,0.39999999999999997,3.2
257,18,47,10,1.7,0.20052083333333331,0.39999999999999997,3.2
258,18,49,8,1.7,0.17447916666666666,0.39999999999999997,3.2
259,18,45,10,1.7,0.21874999999999997,0.39999999999999997,3.2
260,18,43,13,1.7,0.2578125,0.39999999999999997,3.2
261,17,49,8,1.6666666666666667,0.171875,0.21295885499997994,3.0476190476190474
262,18,54,7,1.7,0.13020833333333331,0.39999999999999997,3.2
263,17,49,8,1.6666666666666667,0.17708333333333331,0.21295885499997994,3.0476190476190474
264,19,44,9,1.736842105263158,0.21354166666666666,0.4823763889427201,3.3684210526315788
265,18,45,12,1.65,0.2328042328042328,0.47696960070847283,3.15
266,18,46,11,1.7,0.22135416666666663,0.39999999999999997,3.2
267,18,41,16,1.65,0.296875,0.39999999999999997,3.2
268,18,49,9,1.7,0.18229166666666669,0.39999999999999997,3.2
269,19,48,9,1.736842105263158,0.19270833333333334,0.48237638894272,3.3684210526315788
270,17,50,9,1.6666666666666667,0.17447916666666666,0.21295885499997994,3.0476190476190474
271,18,49,8,1.7,0.17708333333333334,0.39999999999999997,3.2
272,17,45,10,1.6666666666666667,0.22135416666666663,0.21295885499997994,3.0476190476190474
273,18,50,10,1.7,0.18489583333333331,0.39999999999999997,3.2
274,18,50,9,1.7,0.171875,0.39999999999999997,3.2
275,18,43,10,1.7,0.22916666666666663,0.39999999999999997,3.2
276,18,47,11,1.7,0.21354166666666663,0.39999999999999997,3.2
277,18,45,12,1.7,0.23697916666666666,0.39999999999999997,3.2
278,19,43,15,1.736842105263158,0.2734375,0.4823763889427201,3.3684210526315788
279,18,47,11,1.65,0.21354166666666669,0.39999999999999997,3.2
280,18,44,12,1.7,0.23697916666666666,0.39999999999999997,3.2
281,19,44,10,1.736842105263158,0.22135416666666669,0.4823763889427201,3.3684210526315788
282,18,44,13,1.7,0.2552083333333333,0.39999999999999997,3.2
283,18,47,9,1.7,0.19270833333333334,0.39999999999999997,3.2
284,18,47,11,1.7,0.21354166666666666,0.39999999999999997,3.2
285,18,53,6,1.7,0.13020833333333334,0.39999999999999997,3.2
286,18,48,8,1.7,0.1796875,0.39999999999999997,3.2
287,18,45,14,1.7,0.25520833333333337,0.39999999999999997,3.2
288,18,47,9,1.7,0.1953125,0.39999999999999997,3.2
289,19,49,9,1.736842105263158,0.1796875,0.4823763889427201,3.3684210526315788
290,18,46,8,1.7,0.19270833333333331,0.39999999999999997,3.2
291,19,51,10,1.736842105263158,0.17447916666666666,0.4823763889427201,3.3684210526315788
292,19,48,11,1.736842105263158,0.20572916666666663,0.4823763889427201,3.3684210526315788
293,19,48,10,1.736842105263158,0.203125,0.4823763889427201,3.3684210526315788
294,18,49,11,1.7,0.20052083333333331,0.39999999999999997,3.2
295,18,47,10,1.7,0.2109375,0.39999999999999997,3.2
296,18,47,11,1.7,0.20833333333333334,0.39999999999999997,3.2
297,17,40,11,1.619047619047619,0.26822916666666663,0.21295885499997994,3.0476190476190474
298,17,44,13,1.6666666666666667,0.24739583333333334,0.21295885499997994,3.0476190476190474
299,19,42,12,1.7894736842105263,0.26041666666666663,0.48237638894272,3.3684210526315788
300,19,46,11,1.736842105263158,0.22135416666666666,0.4823763889427201,3.3684210526315788
301,18,42,16,1.7,0.2916666666666667,0.39999999999999997,3.2
302,18,44,12,1.65,0.24739583333333331,0.39999999999999997,3.2
303,17,47,11,1.619047619047619,0.21614583333333334,0.21295885499997994,3.0476190476190474
304,18,52,8,1.7,0.15364583333333334,0.39999999999999997,3.2
305,17,46,10,1.619047619047619,0.20634920634920634,0.3086066999241838,3.0
306,18,46,14,1.7,0.24739583333333334,0.39999999999999997,3.2
307,17,51,11,1.619047619047619,0.18489583333333331,0.21295885499997994,3.0476190476190474
308,18,47,8,1.7,0.19270833333333334,0.39999999999999997,3.2
309,18,43,13,1.7,0.26302083333333337,0.39999999999999997,3.2
310,18,44,13,1.7,0.25260416666666663,0.39999999999999997,3.2
311,18,48,7,1.65,0.17447916666666669,0.39999999999999997,3.2
312,17,51,11,1.619047619047619,0.1875,0.21295885499997994,3.0476190476190474
313,18,45,14,1.7,0.25520833333333337,0.39999999999999997,3.2
314,17,48,14,1.6666666666666667,0.234375,0.21295885499997994,3.0476190476190474
315,19,46,13,1.736842105263158,0.23697916666666669,0.4823763889427201,3.3684210526315788
316,18,43,16,1.65,0.2857142857142857,0.47696960070847283,3.15
317,18,42,14,1.7,0.26822916666666663,0.39999999999999997,3.2
318,19,47,14,1.736842105263158,0.2421875,0.4823763889427201,3.3684210526315788
319,18,47,11,1.7,0.21354166666666669,0.39999999999999997,3.2
320,18,45,14,1.7,0.25260416666666663,0.39999999999999997,3.2
321,17,45,12,1.6666666666666667,0.23958333333333334,0.21295885499997994,3.0476190476190474
322,19,44,15,1.736842105263158,0.2734375,0.4823763889427201,3.3684210526315788
323,19,47,8,1.736842105263158,0.1875,0.4823763889427201,3.3684210526315788
324,17,43,10,1.6666666666666667,0.22916666666666666,0.21295885499997994,3.0476190476190474
325,18,43,13,1.7,0.2578125,0.39999999999999997,3.2
326,19,41,14,1.736842105263158,0.28125,0.48237638894272,3.3684210526315788
327,17,45,12,1.6666666666666667,0.23958333333333334,0.21295885499997994,3.0476190476190474
328,19,49,8,1.7894736842105263,0.17447916666666669,0.4823763889427201,3.3684210526315788
329,18,48,10,1.7,0.20052083333333331,0.39999999999999997,3.2
330,20,47,12,1.7777777777777777,0.22395833333333334,0.49690399499995325,3.5555555555555554
331,18,44,15,1.7,0.2630208333333333,0.39999999999999997,3.2
332,18,45,14,1.7,0.2526041666666667,0.39999999999999997,3.2
333,18,44,15,1.7,0.2734375,0.39999999999999997,3.2
334,19,45,16,1.736842105263158,0.26822916666666663,0.4823763889427201,3.3684210526315788
335,19,46,15,1.736842105263158,0.2526041666666667,0.4823763889427201,3.3684210526315788
336,18,49,10,1.7,0.1875,0.39999999999999997,3.2
337,18,47,13,1.7,0.23177083333333334,0.39999999999999997,3.2
338,18,45,13,1.7,0.24479166666666666,0.39999999999999997,3.2
339,18,44,16,1.7,0.2786458333333333,0.39999999999999997,3.2
340,19,45,13,1.736842105263158,0.24739583333333331,0.4823763889427201,3.3684210526315788
341,18,44,16,1.7,0.2786458333333333,0.39999999999999997,3.2
342,17,45,13,1.6666666666666667,0.24479166666666666,0.21295885499997994,3.0476190476190474
343,18,46,11,1.7,0.22135416666666666,0.39999999999999997,3.2
344,18,43,14,1.75,0.2604166666666667,0.39999999999999997,3.2
345,18,45,13,1.7,0.24479166666666666,0.39999999999999997,3.2
346,18,43,15,1.7,0.27604166666666663,0.39999999999999997,3.2
347,19,43,15,1.736842105263158,0.2734375,0.48237638894272,3.3684210526315788
348,19,47,15,1.736842105263158,0.24739583333333331,0.4823763889427201,3.3684210526315788
349,18,46,12,1.7,0.234375,0.39999999999999997,3.2
350,19,45,16,1.736842105263158,0.27083333333333337,0.4823763889427201,3.3684210526315788
351,17,46,13,1.6666666666666667,0.23697916666666666,0.21295885499997994,3.0476190476190474
352,18,44,14,1.7,0.2578125,0.39999999999999997,3.2
353,19,43,17,1.736842105263158,0.29166666666666663,0.48237638894272,3.3684210526315788
354,19,43,13,1.736842105263158,0.2604166666666667,0.4823763889427201,3.3684210526315788
355,19,46,15,1.736842105263158,0.2552083333333333,0.4823763889427201,3.3684210526315788
356,18,43,15,1.7,0.27864583333333337,0.39999999999999997,3.2
357,19,44,13,1.736842105263158,0.24479166666666666,0.4823763889427201,3.3684210526315788
358,18,44,14,1.7,0.2604166666666667,0.39999999999999997,3.2
359,18,42,14,1.7,0.2786458333333333,0.39999999999999997,3.2
360,20,44,15,1.7777777777777777,0.2708333333333333,0.49690399499995325,3.5555555555555554
361,19,47,14,1.736842105263158,0.2421875,0.4823763889427201,3.3684210526315788
362,20,40,16,1.7777777777777777,0.3072916666666667,0.49690399499995325,3.5555555555555554
363,18,45,13,1.7,0.24479166666666666,0.39999999999999997,3.2
364,19,43,15,1.736842105263158,0.27604166666666663,0.4823763889427201,3.3684210526315788
365,20,42,16,1.7777777777777777,0.2890625,0.49690399499995325,3.5555555555555554
366,19,41,14,1.736842105263158,0.28385416666666663,0.48237638894272,3.3684210526315788
367,19,45,14,1.736842105263158,0.25,0.4823763889427201,3.3684210526315788
368,19,45,13,1.736842105263158,0.24218750000000003,0.4823763889427201,3.3684210526315788
369,18,46,14,1.7,0.24739583333333334,0.39999999999999997,3.2
370,17,42,17,1.6666666666666667,0.30208333333333337,0.21295885499997994,3.0476190476190474
371,18,46,13,1.7,0.2421875,0.39999999999999997,3.2
372,19,41,14,1.736842105263158,0.2864583333333333,0.4823763889427201,3.3684210526315788
373,18,46,12,1.7,0.22916666666666666,0.39999999999999997,3.2
374,19,47,10,1.736842105263158,0.203125,0.48237638894272,3.3684210526315788
375,19,43,16,1.736842105263158,0.2786458333333333,0.4823763889427201,3.3684210526315788
376,18,38,17,1.7,0.3333333333333333,0.47696960070847283,3.15
377,19,42,15,1.736842105263158,0.2890625,0.4823763889427201,3.3684210526315788
378,18,42,14,1.7,0.2734375,0.39999999999999997,3.2
379,19,42,16,1.736842105263158,0.2942708333333333,0.4823763889427201,3.3684210526315788
380,18,44,14,1.7,0.2604166666666667,0.39999999999999997,3.2
381,19,45,16,1.736842105263158,0.2734375,0.4823763889427201,3.3684210526315788
382,18,46,13,1.7,0.2421875,0.39999999999999997,3.2
383,18,44,14,1.7,0.2604166666666667,0.39999999999999997,3.2
384,19,45,12,1.736842105263158,0.23958333333333331,0.4823763889427201,3.3684210526315788
385,20,46,12,1.7777777777777777,0.22395833333333334,0.49690399499995325,3.5555555555555554
386,18,42,15,1.7,0.2864583333333333,0.39999999999999997,3.2
387,19,41,16,1.736842105263158,0.296875,0.4823763889427201,3.3684210526315788
388,19,42,16,1.736842105263158,0.2890625,0.4823763889427201,3.3684210526315788
389,18,45,17,1.7,0.28125,0.39999999999999997,3.2
390,18,44,15,1.7,0.27083333333333337,0.39999999999999997,3.2
391,18,45,14,1.7,0.2552083333333333,0.39999999999999997,3.2
392,18,44,16,1.7,0.2786458333333333,0.39999999999999997,3.2
393,18,43,16,1.7,0.28125,0.39999999999999997,3.2
394,18,43,17,1.7,0.2942708333333333,0.39999999999999997,3.2
395,19,45,14,1.736842105263158,0.2578125,0.4823763889427201,3.3684210526315788
396,19,39,14,1.736842105263158,0.3020833333333333,0.4823763889427201,3.3684210526315788
397,18,45,14,1.7,0.2526041666666667,0.39999999999999997,3.2
398,18,41,14,1.7,0.28125,0.39999999999999997,3.2
399,18,42,15,1.7,0.28125,0.39999999999999997,3.2
400,20,40,15,1.7777777777777777,0.3020833333333333,0.49690399499995325,3.5555555555555554
401,18,41,15,1.7,0.29166666666666663,0.39999999999999997,3.2
402,18,43,15,1.7,0.27864583333333337,0.39999999999999997,3.2
403,19,42,17,1.736842105263158,0.30208333333333337,0.4823763889427201,3.3684210526315788
404,19,42,14,1.6842105263157894,0.27248677248677244,0.5668594533825794,3.3157894736842106
405,18,46,14,1.7,0.2421875,0.39999999999999997,3.2
406,19,46,13,1.736842105263158,0.23958333333333331,0.48237638894272,3.3684210526315788
407,18,43,16,1.7,0.2890625,0.39999999999999997,3.2
408,18,45,14,1.7,0.2578125,0.39999999999999997,3.2
409,18,42,14,1.7,0.2682291666666667,0.39999999999999997,3.2
410,18,41,15,1.7,0.29427083333333337,0.39999999999999997,3.2
411,19,45,14,1.736842105263158,0.2578125,0.4823763889427201,3.3684210526315788
412,18,41,16,1.7,0.3020833333333333,0.39999999999999997,3.2
413,19,43,14,1.736842105263158,0.26822916666666663,0.4823763889427201,3.3684210526315788
414,19,41,15,1.736842105263158,0.28645833333333337,0.48237638894272,3.3684210526315788
415,18,43,15,1.75,0.2786458333333333,0.39999999999999997,3.2
416,18,41,18,1.7,0.3203125,0.39999999999999997,3.2
417,18,43,16,1.7,0.2864583333333333,0.39999999999999997,3.2
418,19,43,13,1.736842105263158,0.26302083333333337,0.4823763889427201,3.3684210526315788
419,18,40,18,1.7,0.32552083333333337,0.39999999999999997,3.2
420,18,44,15,1.7,0.2734375,0.39999999999999997,3.2
421,19,45,13,1.736842105263158,0.24739583333333331,0.4823763889427201,3.3684210526315788
422,18,40,15,1.7,0.29427083333333337,0.39999999999999997,3.2
423,19,44,14,1.736842105263158,0.2630208333333333,0.4823763889427201,3.3684210526315788
424,19,46,15,1.736842105263158,0.2578125,0.4823763889427201,3.3684210526315788
425,19,44,15,1.736842105263158,0.2708333333333333,0.4823763889427201,3.3684210526315788
426,19,44,11,1.736842105263158,0.23958333333333334,0.4823763889427201,3.3684210526315788
427,19,43,15,1.7894736842105263,0.27864583333333337,0.48237638894272,3.3684210526315788
428,18,38,17,1.7,0.3280423280423281,0.47696960070847283,3.15
429,18,46,13,1.7,0.23958333333333331,0.39999999999999997,3.2
430,18,43,13,1.75,0.2578125,0.39999999999999997,3.2
431,18,41,15,1.7,0.29427083333333337,0.39999999999999997,3.2
432,19,42,16,1.736842105263158,0.29427083333333337,0.4823763889427201,3.3684210526315788
433,19,39,15,1.736842105263158,0.3046875,0.4823763889427201,3.3684210526315788
434,18,40,16,1.7,0.30208333333333337,0.39999999999999997,3.2
435,18,42,16,1.7,0.2890625,0.39999999999999997,3.2
436,18,42,16,1.7,0.296875,0.39999999999999997,3.2
437,18,46,13,1.7,0.2421875,0.39999999999999997,3.2
438,19,42,15,1.736842105263158,0.28645833333333337,0.4823763889427201,3.3684210526315788
439,18,36,16,1.7,0.33333333333333337,0.39999999999999997,3.2
440,18,40,18,1.7,0.32291666666666663,0.39999999999999997,3.2
441,18,38,18,1.7,0.3411458333333333,0.39999999999999997,3.2
442,18,45,12,1.7,0.2421875,0.39999999999999997,3.2
443,19,44,15,1.736842105263158,0.27083333333333337,0.4823763889427201,3.3684210526315788
444,18,41,15,1.7,0.296875,0.39999999999999997,3.2
445,18,40,14,1.7,0.28385416666666663,0.39999999999999997,3.2
446,19,38,18,1.736842105263158,0.3385416666666667,0.4823763889427201,3.3684210526315788
447,18,42,18,1.7,0.30989583333333337,0.39999999999999997,3.2
448,19,42,16,1.736842105263158,0.2916666666666667,0.4823763889427201,3.3684210526315788
449,18,39,15,1.7,0.30208333333333337,0.39999999999999997,3.2
450,17,40,16,1.6666666666666667,0.30729166666666663,0.21295885499997994,3.0476190476190474
451,19,41,16,1.736842105263158,0.296875,0.4823763889427201,3.3684210526315788
452,18,40,18,1.7,0.3255208333333333,0.39999999999999997,3.2
453,19,38,18,1.736842105263158,0.3411458333333333,0.4823763889427201,3.3684210526315788
454,18,42,15,1.65,0.283068783068783,0.47696960070847283,3.15
455,18,42,18,1.7,0.30989583333333337,0.39999999999999997,3.2
456,18,43,16,1.7,0.28645833333333337,0.39999999999999997,3.2
457,18,40,17,1.7,0.3151041666666667,0.39999999999999997,3.2
458,18,40,17,1.7,0.3203125,0.39999999999999997,3.2
459,20,40,16,1.7777777777777777,0.30729166666666663,0.49690399499995325,3.5555555555555554
460,19,42,15,1.736842105263158,0.2864583333333333,0.4823763889427201,3.3684210526315788
461,18,43,15,1.7,0.27604166666666663,0.39999999999999997,3.2
462,19,40,18,1.736842105263158,0.32552083333333337,0.48237638894272,3.3684210526315788
463,19,43,16,1.736842105263158,0.28645833333333337,0.4823763889427201,3.3684210526315788
464,19,39,16,1.6842105263157894,0.31481481481481477,0.5668594533825794,3.3157894736842106
465,18,40,16,1.65,0.3098958333333333,0.39999999999999997,3.2
466,18,43,17,1.7,0.296875,0.39999999999999997,3.2
467,19,43,16,1.736842105263158,0.28645833333333337,0.4823763889427201,3.3684210526315788
468,19,38,16,1.736842105263158,0.32291666666666663,0.48237638894272,3.3684210526315788
469,18,39,17,1.65,0.32010582010582006,0.47696960070847283,3.15
470,18,40,18,1.7,0.3229166666666667,0.39999999999999997,3.2
471,19,40,15,1.736842105263158,0.29947916666666663,0.4823763889427201,3.3684210526315788
472,18,43,18,1.7,0.3046875,0.39999999999999997,3.2
473,19,41,16,1.736842105263158,0.3020833333333333,0.4823763889427201,3.3684210526315788
474,19,41,17,1.736842105263158,0.3125,0.4823763889427201,3.3684210526315788
475,18,43,16,1.65,0.2857142857142857,0.47696960070847283,3.15
476,19,37,17,1.736842105263158,0.33333333333333337,0.4823763889427201,3.3684210526315788
477,18,43,17,1.7,0.2916666666666667,0.39999999999999997,3.2
478,21,38,20,1.7647058823529411,0.3548387096774194,0.47788461203740945,3.6470588235294117
479,18,43,16,1.7,0.28645833333333337,0.39999999999999997,3.2
480,18,42,16,1.7,0.29166666666666663,0.39999999999999997,3.2
481,18,41,16,1.7,0.2994791666666667,0.39999999999999997,3.2
482,18,42,17,1.7,0.30208333333333337,0.39999999999999997,3.2
483,19,39,15,1.736842105263158,0.30208333333333337,0.4823763889427201,3.3684210526315788
484,19,40,17,1.736842105263158,0.31510416666666663,0.48237638894272,3.3684210526315788
485,19,43,16,1.736842105263158,0.2890625,0.48237638894272,3.3684210526315788
486,18,47,11,1.7,0.21354166666666666,0.39999999999999997,3.2
487,19,39,18,1.736842105263158,0.32552083333333337,0.4823763889427201,3.3684210526315788
488,18,41,17,1.65,0.30952380952380953,0.47696960070847283,3.15
489,18,41,14,1.7,0.27604166666666663,0.39999999999999997,3.2
490,19,43,16,1.736842105263158,0.2864583333333333,0.4823763889427201,3.3684210526315788
491,19,39,16,1.736842105263158,0.3125,0.4823763889427201,3.3684210526315788
492,18,37,15,1.75,0.3203125,0.39999999999999997,3.2
493,19,43,17,1.736842105263158,0.29427083333333337,0.4823763889427201,3.3684210526315788
494,18,41,17,1.7,0.3098958333333333,0.39999999999999997,3.2
495,17,40,19,1.6666666666666667,0.3359375,0.21295885499997994,3.0476190476190474
496,18,41,15,1.7,0.29427083333333337,0.39999999999999997,3.2
497,18,38,18,1.65,0.3412698412698413,0.47696960070847283,3.15
498,19,40,16,1.736842105263158,0.30729166666666663,0.4823763889427201,3.3684210526315788
499,19,40,16,1.736842105263158,0.3072916666666667,0.4823763889427201,3.3684210526315788
500,19,42,17,1.6842105263157894,0.29894179894179895,0.5668594533825794,3.3157894736842106
501,18,39,18,1.7,0.3307291666666667,0.39999999999999997,3.2
502,18,39,19,1.7,0.3411458333333333,0.39999999999999997,3.2
503,19,41,19,1.736842105263158,0.32552083333333337,0.4823763889427201,3.3684210526315788
504,18,42,18,1.7,0.3125,0.39999999999999997,3.2
505,18,39,20,1.7,0.3515625,0.39999999999999997,3.2
506,19,45,15,1.736842105263158,0.26302083333333337,0.48237638894272,3.3684210526315788
507,18,43,16,1.7,0.28645833333333337,0.39999999999999997,3.2
508,17,42,18,1.6666666666666667,0.30989583333333337,0.21295885499997994,3.0476190476190474
509,18,40,19,1.7,0.3307291666666667,0.39999999999999997,3.2
510,18,41,17,1.7,0.3072916666666667,0.39999999999999997,3.2
511,19,38,19,1.736842105263158,0.3515625,0.4823763889427201,3.3684210526315788
512,18,42,17,1.7,0.30208333333333337,0.39999999999999997,3.2
513,19,44,17,1.736842105263158,0.2890625,0.4823763889427201,3.3684210526315788
514,18,36,17,1.7,0.34114583333333337,0.39999999999999997,3.2
515,18,40,16,1.7,0.30989583333333337,0.39999999999999997,3.2
516,19,41,14,1.6842105263157894,0.2804232804232804,0.5668594533825794,3.3157894736842106
517,18,41,17,1.65,0.3068783068783069,0.47696960070847283,3.15
518,18,40,16,1.7,0.3046875,0.39999999999999997,3.2
519,18,41,17,1.7,0.3098958333333333,0.39999999999999997,3.2
520,19,41,16,1.736842105263158,0.2994791666666667,0.4823763889427201,3.3684210526315788
521,19,43,18,1.736842105263158,0.3046875,0.4823763889427201,3.3684210526315788
522,19,41,19,1.736842105263158,0.328125,0.4823763889427201,3.3684210526315788
523,18,40,17,1.7,0.3177083333333333,0.39999999999999997,3.2
524,18,42,13,1.7,0.2630208333333333,0.39999999999999997,3.2
525,18,39,16,1.7,0.31510416666666663,0.39999999999999997,3.2
526,19,39,18,1.736842105263158,0.33072916666666663,0.4823763889427201,3.3684210526315788
527,18,39,20,1.7,0.3515625,0.39999999999999997,3.2
528,18,34,20,1.7,0.3828125,0.39999999999999997,3.2
529,18,38,17,1.65,0.3280423280423281,0.47696960070847283,3.15
530,19,36,20,1.736842105263158,0.3671875,0.4823763889427201,3.3684210526315788
531,18,42,16,1.7,0.29427083333333337,0.39999999999999997,3.2
532,18,42,17,1.7,0.30208333333333337,0.39999999999999997,3.2
533,19,37,19,1.6842105263157894,0.3544973544973545,0.5668594533825794,3.3157894736842106
534,18,36,19,1.7,0.36458333333333337,0.39999999999999997,3.2
535,18,35,19,1.7,0.36458333333333337,0.39999999999999997,3.2
536,18,42,17,1.7,0.2994791666666667,0.39999999999999997,3.2
537,18,39,18,1.7,0.33072916666666663,0.39999999999999997,3.2
538,17,43,16,1.6666666666666667,0.2838541666666667,0.21295885499997994,3.0476190476190474
539,18,40,19,1.7,0.3307291666666667,0.39999999999999997,3.2
540,18,40,19,1.7,0.33072916666666663,0.39999999999999997,3.2
541,18,39,20,1.7,0.34635416666666663,0.39999999999999997,3.2
542,18,44,15,1.7,0.265625,0.39999999999999997,3.2
543,18,39,18,1.7,0.3307291666666667,0.39999999999999997,3.2
544,19,39,16,1.736842105263158,0.3177083333333333,0.4823763889427201,3.3684210526315788
545,18,37,22,1.7,0.3776041666666667,0.39999999999999997,3.2
546,19,39,22,1.736842105263158,0.36458333333333337,0.4823763889427201,3.3684210526315788
547,19,42,18,1.736842105263158,0.30989583333333337,0.4823763889427201,3.3684210526315788
548,18,39,16,1.7,0.30989583333333337,0.39999999999999997,3.2
549,18,42,17,1.7,0.30208333333333337,0.39999999999999997,3.2
550,18,39,19,1.7,0.34375,0.39999999999999997,3.2
551,19,39,20,1.736842105263158,0.3515625,0.4823763889427201,3.3684210526315788
552,19,36,19,1.736842105263158,0.36458333333333337,0.4823763889427201,3.3684210526315788
553,18,42,18,1.7,0.30989583333333337,0.39999999999999997,3.2
554,19,39,18,1.736842105263158,0.3359375,0.4823763889427201,3.3684210526315788
555,18,37,20,1.7,0.36197916666666663,0.39999999999999997,3.2
556,19,41,17,1.736842105263158,0.3125,0.4823763889427201,3.3684210526315788
557,19,39,20,1.736842105263158,0.34895833333333337,0.48237638894272,3.3684210526315788
558,19,40,19,1.736842105263158,0.33333333333333337,0.4823763889427201,3.3684210526315788
559,18,35,16,1.65,0.34656084656084657,0.47696960070847283,3.15
560,18,39,20,1.7,0.3515625,0.39999999999999997,3.2
561,18,39,20,1.7,0.34895833333333337,0.39999999999999997,3.2
562,19,43,15,1.7894736842105263,0.2786458333333333,0.48237638894272,3.3684210526315788
563,19,43,16,1.736842105263158,0.28385416666666663,0.4823763889427201,3.3684210526315788
564,18,42,17,1.7,0.3046875,0.39999999999999997,3.2
565,18,42,19,1.7,0.31770833333333337,0.39999999999999997,3.2
566,19,42,17,1.736842105263158,0.30208333333333337,0.4823763889427201,3.3684210526315788
567,19,41,18,1.736842105263158,0.3151041666666667,0.4823763889427201,3.3684210526315788
568,18,40,19,1.7,0.33333333333333337,0.39999999999999997,3.2
569,19,36,19,1.736842105263158,0.359375,0.4823763889427201,3.3684210526315788
570,18,40,18,1.7,0.3229166666666667,0.39999999999999997,3.2
571,19,37,19,1.736842105263158,0.359375,0.4823763889427201,3.3684210526315788
572,18,39,19,1.7,0.33854166666666663,0.39999999999999997,3.2
573,19,41,18,1.736842105263158,0.3203125,0.4823763889427201,3.3684210526315788
574,18,40,18,1.7,0.3229166666666667,0.39999999999999997,3.2
575,18,36,15,1.7,0.3229166666666667,0.39999999999999997,3.2
576,18,39,19,1.7,0.34114583333333337,0.39999999999999997,3.2
577,19,36,19,1.736842105263158,0.359375,0.4823763889427201,3.3684210526315788
578,19,37,19,1.736842105263158,0.3541666666666667,0.4823763889427201,3.3684210526315788
579,18,37,20,1.7,0.359375,0.39999999999999997,3.2
580,18,41,19,1.7,0.328125,0.39999999999999997,3.2
581,18,39,18,1.7,0.33072916666666663,0.39999999999999997,3.2
582,18,38,18,1.65,0.3333333333333333,0.47696960070847283,3.15
583,19,39,19,1.736842105263158,0.3359375,0.4823763889427201,3.3684210526315788
584,19,37,17,1.736842105263158,0.3385416666666667,0.48237638894272,3.3684210526315788
585,19,34,20,1.736842105263158,0.3828125,0.4823763889427201,3.3684210526315788
586,19,37,18,1.736842105263158,0.34375,0.48237638894272,3.3684210526315788
587,18,36,19,1.7,0.3619791666666667,0.39999999999999997,3.2
588,18,37,19,1.7,0.3515625,0.39999999999999997,3.2
589,18,38,21,1.7,0.36458333333333337,0.39999999999999997,3.2
590,18,38,18,1.7,0.3359375,0.39999999999999997,3.2
591,18,36,17,1.7,0.34635416666666663,0.39999999999999997,3.2
592,19,37,19,1.736842105263158,0.3567708333333333,0.4823763889427201,3.3684210526315788
593,19,42,18,1.736842105263158,0.3125,0.4823763889427201,3.3684210526315788
594,18,38,20,1.7,0.3515625,0.39999999999999997,3.2
595,19,38,19,1.736842105263158,0.34895833333333337,0.4823763889427201,3.3684210526315788
596,18,37,19,1.7,0.359375,0.39999999999999997,3.2
597,18,42,17,1.7,0.3046875,0.39999999999999997,3.2
598,18,40,17,1.7,0.3177083333333333,0.39999999999999997,3.2
599,17,36,21,1.6666666666666667,0.38020833333333337,0.21295885499997994,3.0476190476190474
600,19,34,20,1.736842105263158,0.37760416666666663,0.4823763889427201,3.3684210526315788
601,19,39,18,1.736842105263158,0.3333333333333333,0.4823763889427201,3.3684210526315788
602,19,41,16,1.736842105263158,0.29947916666666663,0.4823763889427201,3.3684210526315788
603,19,37,22,1.736842105263158,0.38020833333333337,0.4823763889427201,3.3684210526315788
604,19,41,17,1.736842105263158,0.30729166666666663,0.48237638894272,3.3684210526315788
605,18,39,19,1.65,0.3412698412698413,0.47696960070847283,3.15
606,18,38,18,1.7,0.3359375,0.39999999999999997,3.2
607,18,40,17,1.7,0.3203125,0.39999999999999997,3.2
608,19,37,19,1.736842105263158,0.3515625,0.4823763889427201,3.3684210526315788
609,18,39,17,1.7,0.32552083333333337,0.39999999999999997,3.2
610,18,39,18,1.7,0.3333333333333333,0.39999999999999997,3.2
611,18,39,19,1.7,0.34114583333333337,0.39999999999999997,3.2
612,19,42,17,1.736842105263158,0.30208333333333337,0.4823763889427201,3.3684210526315788
613,18,34,20,1.65,0.3783068783068783,0.47696960070847283,3.15
614,18,39,19,1.7,0.34114583333333337,0.39999999999999997,3.2
615,18,41,19,1.7,0.32552083333333337,0.39999999999999997,3.2
616,18,38,18,1.7,0.3385416666666667,0.39999999999999997,3.2
617,18,41,19,1.7,0.32552083333333337,0.39999999999999997,3.2
618,18,38,19,1.7,0.34895833333333337,0.39999999999999997,3.2
619,19,43,14,1.736842105263158,0.265625,0.4823763889427201,3.3684210526315788
620,18,38,18,1.7,0.3359375,0.39999999999999997,3.2
621,19,36,20,1.736842105263158,0.37239583333333337,0.4823763889427201,3.3684210526315788
622,18,42,17,1.75,0.30208333333333337,0.39999999999999997,3.2
623,18,43,16,1.7,0.2864583333333333,0.39999999999999997,3.2
624,18,37,20,1.7,0.359375,0.39999999999999997,3.2
625,18,34,22,1.7,0.39583333333333337,0.39999999999999997,3.2
626,18,38,17,1.7,0.33333333333333337,0.39999999999999997,3.2
627,19,39,20,1.736842105263158,0.3489583333333333,0.4823763889427201,3.3684210526315788
628,20,35,21,1.7777777777777777,0.38802083333333337,0.49690399499995325,3.5555555555555554
629,19,40,18,1.736842105263158,0.3203125,0.4823763889427201,3.3684210526315788
630,20,34,19,1.7777777777777777,0.375,0.49690399499995325,3.5555555555555554
631,18,39,19,1.7,0.34114583333333337,0.39999999999999997,3.2
632,18,38,20,1.7,0.35677083333333337,0.39999999999999997,3.2
633,18,40,19,1.7,0.33333333333333337,0.39999999999999997,3.2
634,19,37,18,1.736842105263158,0.34895833333333337,0.48237638894272,3.3684210526315788
635,18,37,20,1.7,0.36458333333333337,0.39999999999999997,3.2
636,18,36,21,1.7,0.37760416666666663,0.39999999999999997,3.2
637,20,34,19,1.7777777777777777,0.37239583333333337,0.49690399499995325,3.5555555555555554
638,18,37,20,1.7,0.36197916666666663,0.39999999999999997,3.2
639,18,36,19,1.75,0.36458333333333337,0.39999999999999997,3.2
640,20,37,19,1.7777777777777777,0.3515625,0.49690399499995325,3.5555555555555554
641,19,36,21,1.736842105263158,0.37760416666666663,0.4823763889427201,3.3684210526315788
642,19,40,18,1.736842105263158,0.32552083333333337,0.4823763889427201,3.3684210526315788
643,18,36,21,1.7,0.3776041666666667,0.39999999999999997,3.2
644,18,35,20,1.7,0.3776041666666667,0.39999999999999997,3.2
645,18,43,18,1.7,0.3046875,0.39999999999999997,3.2
646,18,39,20,1.7,0.3463541666666667,0.39999999999999997,3.2
647,18,37,18,1.7,0.34635416666666663,0.39999999999999997,3.2
648,19,39,20,1.736842105263158,0.34895833333333337,0.4823763889427201,3.3684210526315788
649,19,40,17,1.736842105263158,0.3203125,0.48237638894272,3.3684210526315788
650,19,36,20,1.736842105263158,0.375,0.4823763889427201,3.3684210526315788
651,19,37,20,1.736842105263158,0.359375,0.4823763889427201,3.3684210526315788
652,18,39,19,1.7,0.3385416666666667,0.39999999999999997,3.2
653,20,37,20,1.7777777777777777,0.3619791666666667,0.49690399499995325,3.5555555555555554
654,19,39,19,1.736842105263158,0.34114583333333337,0.48237638894272,3.3684210526315788
655,19,37,19,1.736842105263158,0.35677083333333337,0.4823763889427201,3.3684210526315788
656,19,37,20,1.736842105263158,0.36197916666666663,0.4823763889427201,3.3684210526315788
657,18,35,22,1.7,0.39583333333333337,0.39999999999999997,3.2
658,19,36,20,1.736842105263158,0.3697916666666667,0.4823763889427201,3.3684210526315788
659,19,36,19,1.736842105263158,0.36458333333333337,0.4823763889427201,3.3684210526315788
660,20,38,19,1.7777777777777777,0.34895833333333337,0.49690399499995325,3.5555555555555554
661,18,33,19,1.7,0.3828125,0.39999999999999997,3.2
662,18,39,18,1.65,0.3333333333333333,0.47696960070847283,3.15
663,19,39,19,1.7894736842105263,0.34114583333333337,0.4823763889427201,3.3684210526315788
664,18,37,20,1.65,0.36507936507936506,0.47696960070847283,3.15
665,18,38,19,1.7,0.34895833333333337,0.39999999999999997,3.2
666,18,38,19,1.7,0.3463541666666667,0.39999999999999997,3.2
667,19,35,19,1.736842105263158,0.37239583333333337,0.4823763889427201,3.3684210526315788
668,18,33,21,1.7,0.40364583333333337,0.39999999999999997,3.2
669,18,34,20,1.7,0.3828125,0.39999999999999997,3.2
670,19,39,20,1.736842105263158,0.3515625,0.48237638894272,3.3684210526315788
671,17,39,17,1.6666666666666667,0.3229166666666667,0.21295885499997994,3.0476190476190474
672,18,36,21,1.7,0.38020833333333337,0.39999999999999997,3.2
673,18,38,20,1.7,0.35677083333333337,0.39999999999999997,3.2
674,19,35,20,1.736842105263158,0.3802083333333333,0.4823763889427201,3.3684210526315788
675,18,36,19,1.7,0.36458333333333337,0.39999999999999997,3.2
676,19,37,19,1.736842105263158,0.359375,0.4823763889427201,3.3684210526315788
677,17,38,18,1.6666666666666667,0.34375,0.21295885499997994,3.0476190476190474
678,19,34,17,1.736842105263158,0.359375,0.48237638894272,3.3684210526315788
679,18,39,16,1.7,0.3151041666666667,0.39999999999999997,3.2
680,19,35,21,1.736842105263158,0.38802083333333337,0.4823763889427201,3.3684210526315788
681,18,37,19,1.65,0.35714285714285715,0.47696960070847283,3.15
682,19,36,18,1.7894736842105263,0.35677083333333337,0.4823763889427201,3.3684210526315788
683,18,36,20,1.7,0.37239583333333337,0.39999999999999997,3.2
684,18,38,19,1.7,0.3515625,0.39999999999999997,3.2
685,19,37,18,1.736842105263158,0.34375,0.48237638894272,3.3684210526315788
686,19,38,20,1.736842105263158,0.3541666666666667,0.4823763889427201,3.3684210526315788
687,19,37,21,1.736842105263158,0.375,0.4823763889427201,3.3684210526315788
688,19,36,22,1.736842105263158,0.38802083333333337,0.4823763889427201,3.3684210526315788
689,18,39,19,1.7,0.34114583333333337,0.39999999999999997,3.2
690,19,39,20,1.736842105263158,0.3515625,0.4823763889427201,3.3684210526315788
691,19,38,19,1.736842105263158,0.34895833333333337,0.48237638894272,3.3684210526315788
692,18,39,18,1.7,0.3359375,0.39999999999999997,3.2
693,19,39,20,1.736842105263158,0.3515625,0.48237638894272,3.3684210526315788
694,19,37,20,1.736842105263158,0.36458333333333337,0.4823763889427201,3.3684210526315788
695,19,40,11,1.6842105263157894,0.2708333333333333,0.4823763889427201,3.3684210526315788
696,19,36,20,1.736842105263158,0.37239583333333337,0.4823763889427201,3.3684210526315788
697,19,34,22,1.736842105263158,0.4036458333333333,0.4823763889427201,3.3684210526315788
698,18,37,20,1.7,0.3671875,0.39999999999999997,3.2
699,18,39,19,1.7,0.34375,0.39999999999999997,3.2
700,19,38,17,1.736842105263158,0.328125,0.48237638894272,3.3684210526315788
701,18,38,22,1.7,0.375,0.39999999999999997,3.2
702,19,40,18,1.736842105263158,0.32552083333333337,0.4823763889427201,3.3684210526315788
703,19,42,16,1.736842105263158,0.29427083333333337,0.48237638894272,3.3684210526315788
704,18,36,20,1.7,0.375,0.39999999999999997,3.2
705,18,35,20,1.7,0.3802083333333333,0.39999999999999997,3.2
706,19,35,20,1.736842105263158,0.37760416666666663,0.48237638894272,3.3684210526315788
707,19,37,20,1.6842105263157894,0.36507936507936506,0.5668594533825794,3.3157894736842106
708,19,36,20,1.736842105263158,0.36979166666666663,0.4823763889427201,3.3684210526315788
709,19,35,18,1.7894736842105263,0.359375,0.4823763889427201,3.3684210526315788
710,19,39,19,1.736842105263158,0.34375,0.4823763889427201,3.3684210526315788
711,18,37,20,1.7,0.36458333333333337,0.39999999999999997,3.2
712,18,36,21,1.7,0.3828125,0.39999999999999997,3.2
713,19,35,21,1.736842105263158,0.38802083333333337,0.4823763889427201,3.3684210526315788
714,19,34,21,1.736842105263158,0.3984375,0.4823763889427201,3.3684210526315788
715,20,38,21,1.7777777777777777,0.3671875,0.49690399499995325,3.5555555555555554
716,19,37,19,1.736842105263158,0.359375,0.4823763889427201,3.3684210526315788
717,20,34,20,1.7777777777777777,0.38802083333333337,0.49690399499995325,3.5555555555555554
718,18,38,20,1.7,0.359375,0.39999999999999997,3.2
719,18,38,19,1.7,0.3515625,0.39999999999999997,3.2
720,18,37,20,1.7,0.36458333333333337,0.39999999999999997,3.2
721,18,36,19,1.7,0.3645833333333333,0.39999999999999997,3.2
722,18,36,18,1.75,0.35677083333333337,0.39999999999999997,3.2
723,19,36,19,1.736842105263158,0.36458333333333337,0.48237638894272,3.3684210526315788
724,19,36,20,1.736842105263158,0.375,0.48237638894272,3.3684210526315788
725,19,39,18,1.736842105263158,0.3333333333333333,0.4823763889427201,3.3684210526315788
726,19,36,20,1.736842105263158,0.375,0.48237638894272,3.3684210526315788
727,18,37,20,1.65,0.3597883597883598,0.47696960070847283,3.15
728,19,34,22,1.736842105263158,0.40625,0.4823763889427201,3.3684210526315788
729,18,35,20,1.7,0.3776041666666667,0.39999999999999997,3.2
730,18,37,19,1.7,0.35677083333333337,0.39999999999999997,3.2
731,18,40,19,1.7,0.3359375,0.39999999999999997,3.2
732,19,37,17,1.7894736842105263,0.34375,0.4823763889427201,3.3684210526315788
733,18,38,20,1.7,0.35677083333333337,0.39999999999999997,3.2
734,19,36,19,1.736842105263158,0.36197916666666663,0.48237638894272,3.3684210526315788
735,19,37,19,1.736842105263158,0.35677083333333337,0.48237638894272,3.3684210526315788
736,18,37,20,1.7,0.3671875,0.39999999999999997,3.2
737,18,35,19,1.7,0.3697916666666667,0.39999999999999997,3.2
738,18,35,19,1.7,0.36979166666666663,0.39999999999999997,3.2
739,18,35,20,1.7,0.3802083333333333,0.39999999999999997,3.2
740,19,37,19,1.736842105263158,0.35677083333333337,0.48237638894272,3.3684210526315788
741,20,40,19,1.7777777777777777,0.3359375,0.49690399499995325,3.5555555555555554
742,18,37,19,1.7,0.35677083333333337,0.39999999999999997,3.2
743,18,34,21,1.7,0.39583333333333337,0.39999999999999997,3.2
744,18,39,20,1.7,0.3515625,0.39999999999999997,3.2
745,18,36,21,1.7,0.38020833333333337,0.39999999999999997,3.2
746,18,37,19,1.7,0.359375,0.39999999999999997,3.2
747,19,35,20,1.736842105263158,0.38020833333333337,0.4823763889427201,3.3684210526315788
748,18,36,19,1.7,0.3671875,0.39999999999999997,3.2
749,18,37,21,1.7,0.375,0.39999999999999997,3.2
750,18,34,19,1.7,0.3723958333333333,0.39999999999999997,3.2
751,18,35,19,1.7,0.37239583333333337,0.39999999999999997,3.2
752,18,37,19,1.7,0.35677083333333337,0.39999999999999997,3.2
753,19,36,20,1.736842105263158,0.375,0.4823763889427201,3.3684210526315788
754,18,37,20,1.7,0.36458333333333337,0.39999999999999997,3.2
755,19,34,20,1.736842105263158,0.38802083333333337,0.48237638894272,3.3684210526315788
756,18,36,19,1.7,0.3671875,0.39999999999999997,3.2
757,19,38,20,1.736842105263158,0.35677083333333337,0.4823763889427201,3.3684210526315788
758,19,38,20,1.736842105263158,0.35677083333333337,0.48237638894272,3.3684210526315788
759,19,35,20,1.736842105263158,0.3828125,0.48237638894272,3.3684210526315788
760,18,34,19,1.7,0.375,0.39999999999999997,3.2
761,20,39,19,1.7777777777777777,0.3411458333333333,0.49690399499995325,3.5555555555555554
762,19,37,22,1.736842105263158,0.3828125,0.4823763889427201,3.3684210526315788
763,18,39,18,1.7,0.3333333333333333,0.39999999999999997,3.2
764,17,37,17,1.7142857142857142,0.3385416666666667,0.21295885499997994,3.0476190476190474
765,18,35,17,1.7,0.3567708333333333,0.39999999999999997,3.2
766,19,38,19,1.736842105263158,0.34895833333333337,0.48237638894272,3.3684210526315788
767,19,37,21,1.736842105263158,0.375,0.4823763889427201,3.3684210526315788
768,19,38,20,1.736842105263158,0.35677083333333337,0.48237638894272,3.3684210526315788
769,18,37,20,1.7,0.3671875,0.39999999999999997,3.2
770,18,37,17,1.75,0.34114583333333337,0.39999999999999997,3.2
771,19,35,23,1.7894736842105263,0.40364583333333337,0.4823763889427201,3.3684210526315788
772,18,35,20,1.7,0.3828125,0.39999999999999997,3.2
773,18,34,20,1.7,0.38802083333333337,0.39999999999999997,3.2
774,19,40,17,1.736842105263158,0.3177083333333333,0.4823763889427201,3.3684210526315788
775,18,34,21,1.7,0.39583333333333337,0.39999999999999997,3.2
776,18,36,19,1.65,0.35714285714285715,0.47696960070847283,3.15
777,19,36,21,1.736842105263158,0.3828125,0.4823763889427201,3.3684210526315788
778,19,35,21,1.736842105263158,0.390625,0.4823763889427201,3.3684210526315788
779,18,35,19,1.7,0.37239583333333337,0.39999999999999997,3.2
780,18,36,19,1.7,0.3645833333333333,0.39999999999999997,3.2
781,19,37,20,1.6842105263157894,0.36507936507936506,0.5668594533825794,3.3157894736842106
782,19,36,20,1.736842105263158,0.375,0.4823763889427201,3.3684210526315788
783,18,38,18,1.7,0.33854166666666663,0.39999999999999997,3.2
784,18,37,21,1.7,0.375,0.39999999999999997,3.2
785,18,37,20,1.7,0.3671875,0.39999999999999997,3.2
786,17,33,20,1.7142857142857142,0.39583333333333337,0.21295885499997994,3.0476190476190474
787,19,35,21,1.736842105263158,0.3880208333333333,0.4823763889427201,3.3684210526315788
788,19,36,21,1.736842105263158,0.3828125,0.48237638894272,3.3684210526315788
789,19,36,21,1.736842105263158,0.3828125,0.48237638894272,3.3684210526315788
790,18,37,19,1.7,0.35677083333333337,0.39999999999999997,3.2
791,18,35,20,1.65,0.38095238095238093,0.47696960070847283,3.15
792,18,36,21,1.7,0.3828125,0.39999999999999997,3.2
793,18,37,20,1.7,0.3645833333333333,0.39999999999999997,3.2
794,19,37,20,1.736842105263158,0.36197916666666663,0.4823763889427201,3.3684210526315788
795,18,37,19,1.7,0.3567708333333333,0.39999999999999997,3.2
796,20,36,20,1.7777777777777777,0.37239583333333337,0.49690399499995325,3.5555555555555554
797,19,37,20,1.736842105263158,0.3671875,0.4823763889427201,3.3684210526315788
798,19,38,20,1.736842105263158,0.359375,0.4823763889427201,3.3684210526315788
799,18,37,19,1.7,0.359375,0.39999999999999997,3.2
800,19,32,22,1.736842105263158,0.41927083333333337,0.4823763889427201,3.3684210526315788
801,19,38,21,1.736842105263158,0.3645833333333333,0.4823763889427201,3.3684210526315788
802,19,37,20,1.736842105263158,0.3645833333333333,0.4823763889427201,3.3684210526315788
803,19,35,21,1.736842105263158,0.390625,0.4823763889427201,3.3684210526315788
804,19,37,19,1.736842105263158,0.35677083333333337,0.4823763889427201,3.3684210526315788
805,18,37,19,1.7,0.35677083333333337,0.39999999999999997,3.2
806,18,34,21,1.7,0.3984375,0.39999999999999997,3.2
807,18,37,18,1.7,0.3489583333333333,0.39999999999999997,3.2
808,18,34,21,1.7,0.39583333333333337,0.39999999999999997,3.2
809,18,32,21,1.65,0.4074074074074074,0.47696960070847283,3.15
810,18,37,20,1.7,0.3671875,0.39999999999999997,3.2
811,19,38,18,1.736842105263158,0.33333333333333337,0.4823763889427201,3.3684210526315788
812,18,34,20,1.65,0.3862433862433862,0.47696960070847283,3.15
813,19,38,20,1.736842105263158,0.359375,0.4823763889427201,3.3684210526315788
814,18,36,20,1.7,0.37239583333333337,0.39999999999999997,3.2
815,18,35,20,1.7,0.3828125,0.39999999999999997,3.2
816,18,36,19,1.7,0.3645833333333333,0.39999999999999997,3.2
817,18,37,21,1.7,0.375,0.39999999999999997,3.2
818,18,36,21,1.7,0.38020833333333337,0.39999999999999997,3.2
819,19,37,20,1.736842105263158,0.3619791666666667,0.4823763889427201,3.3684210526315788
820,19,36,20,1.736842105263158,0.375,0.4823763889427201,3.3684210526315788
821,18,38,20,1.7,0.359375,0.39999999999999997,3.2
822,20,38,21,1.7777777777777777,0.3671875,0.49690399499995325,3.5555555555555554
823,19,35,20,1.736842105263158,0.3828125,0.4823763889427201,3.3684210526315788
824,18,35,21,1.7,0.3854166666666667,0.39999999999999997,3.2
825,18,38,19,1.7,0.3463541666666667,0.39999999999999997,3.2
826,18,34,18,1.7,0.36458333333333337,0.39999999999999997,3.2
827,18,35,22,1.7,0.39583333333333337,0.39999999999999997,3.2
828,19,39,19,1.736842105263158,0.34375,0.4823763889427201,3.3684210526315788
829,17,36,18,1.7142857142857142,0.3541666666666667,0.21295885499997994,3.0476190476190474
830,19,38,20,1.736842105263158,0.35677083333333337,0.4823763889427201,3.3684210526315788
831,19,36,21,1.736842105263158,0.37760416666666663,0.4823763889427201,3.3684210526315788
832,19,35,20,1.736842105263158,0.38020833333333337,0.48237638894272,3.3684210526315788
833,19,36,20,1.736842105263158,0.375,0.48237638894272,3.3684210526315788
834,19,33,21,1.736842105263158,0.40364583333333337,0.48237638894272,3.3684210526315788
835,19,36,20,1.736842105263158,0.375,0.48237638894272,3.3684210526315788
836,19,36,22,1.736842105263158,0.390625,0.4823763889427201,3.3684210526315788
837,18,37,20,1.7,0.36458333333333337,0.39999999999999997,3.2
838,18,34,20,1.65,0.3862433862433863,0.47696960070847283,3.15
839,18,38,19,1.7,0.34895833333333337,0.39999999999999997,3.2
840,18,39,20,1.7,0.3515625,0.39999999999999997,3.2
841,19,35,20,1.736842105263158,0.3828125,0.4823763889427201,3.3684210526315788
842,19,38,20,1.736842105263158,0.359375,0.4823763889427201,3.3684210526315788
843,18,38,19,1.7,0.3515625,0.39999999999999997,3.2
844,19,35,22,1.7894736842105263,0.3984375,0.4823763889427201,3.3684210526315788
845,19,37,21,1.736842105263158,0.37239583333333337,0.4823763889427201,3.3684210526315788
846,18,37,21,1.7,0.375,0.39999999999999997,3.2
847,18,36,19,1.7,0.3671875,0.39999999999999997,3.2
848,18,37,20,1.7,0.3645833333333333,0.39999999999999997,3.2
849,18,34,21,1.7,0.3984375,0.39999999999999997,3.2
850,19,35,21,1.736842105263158,0.390625,0.48237638894272,3.3684210526315788
851,18,37,19,1.65,0.35714285714285715,0.47696960070847283,3.15
852,18,34,20,1.7,0.390625,0.39999999999999997,3.2
853,18,35,20,1.7,0.38020833333333337,0.39999999999999997,3.2
854,18,36,19,1.75,0.36458333333333337,0.39999999999999997,3.2
855,18,35,20,1.7,0.3828125,0.39999999999999997,3.2
856,18,36,21,1.7,0.3828125,0.39999999999999997,3.2
857,19,38,20,1.736842105263158,0.35677083333333337,0.4823763889427201,3.3684210526315788
858,18,36,20,1.7,0.375,0.39999999999999997,3.2
859,18,35,21,1.7,0.390625,0.39999999999999997,3.2
860,18,35,21,1.7,0.38802083333333337,0.39999999999999997,3.2
861,19,35,24,1.736842105263158,0.41145833333333337,0.4823763889427201,3.3684210526315788
862,18,35,19,1.7,0.37239583333333337,0.39999999999999997,3.2
863,18,34,20,1.65,0.3888888888888889,0.47696960070847283,3.15
864,19,35,21,1.736842105263158,0.38802083333333337,0.4823763889427201,3.3684210526315788
865,18,35,22,1.7,0.3984375,0.39999999999999997,3.2
866,19,36,20,1.736842105263158,0.3723958333333333,0.48237638894272,3.3684210526315788
867,18,36,20,1.7,0.37239583333333337,0.39999999999999997,3.2
868,19,38,21,1.736842105263158,0.3671875,0.4823763889427201,3.3684210526315788
869,19,35,20,1.736842105263158,0.3802083333333333,0.48237638894272,3.3684210526315788
870,19,38,20,1.736842105263158,0.359375,0.4823763889427201,3.3684210526315788
871,19,37,20,1.736842105263158,0.36458333333333337,0.4823763889427201,3.3684210526315788
872,18,35,21,1.65,0.3888888888888889,0.47696960070847283,3.15
873,19,38,21,1.736842105263158,0.36458333333333337,0.4823763889427201,3.3684210526315788
874,18,37,21,1.7,0.3723958333333333,0.39999999999999997,3.2
875,19,38,18,1.736842105263158,0.34375,0.48237638894272,3.3684210526315788
876,18,36,20,1.7,0.375,0.39999999999999997,3.2
877,18,35,20,1.7,0.37760416666666663,0.39999999999999997,3.2
878,18,34,19,1.75,0.3828125,0.39999999999999997,3.2
879,18,36,21,1.7,0.3828125,0.39999999999999997,3.2
880,19,37,20,1.736842105263158,0.3619791666666667,0.4823763889427201,3.3684210526315788
881,19,35,20,1.736842105263158,0.3828125,0.48237638894272,3.3684210526315788
882,19,36,20,1.736842105263158,0.375,0.4823763889427201,3.3684210526315788
883,19,36,21,1.736842105263158,0.38020833333333337,0.4823763889427201,3.3684210526315788
884,19,37,20,1.736842105263158,0.3671875,0.4823763889427201,3.3684210526315788
885,18,34,23,1.7,0.4140625,0.39999999999999997,3.2
886,18,35,24,1.7,0.4140625,0.39999999999999997,3.2
887,19,36,20,1.6842105263157894,0.373015873015873,0.5668594533825794,3.3157894736842106
888,18,34,20,1.7,0.3880208333333333,0.39999999999999997,3.2
889,18,36,20,1.7,0.375,0.39999999999999997,3.2
890,19,35,20,1.736842105263158,0.3828125,0.4823763889427201,3.3684210526315788
891,18,35,21,1.7,0.38802083333333337,0.39999999999999997,3.2
892,18,37,20,1.7,0.3671875,0.39999999999999997,3.2
893,18,36,20,1.7,0.375,0.39999999999999997,3.2
894,18,35,21,1.7,0.390625,0.39999999999999997,3.2
895,18,33,21,1.7,0.40364583333333337,0.39999999999999997,3.2
896,18,38,21,1.7,0.36458333333333337,0.39999999999999997,3.2
897,18,34,21,1.7,0.3984375,0.39999999999999997,3.2
898,17,34,19,1.619047619047619,0.3828125,0.21295885499997994,3.0476190476190474
899,17,31,18,1.619047619047619,0.38802083333333337,0.21295885499997994,3.0476190476190474
900,19,37,19,1.736842105263158,0.359375,0.48237638894272,3.3684210526315788
901,19,36,21,1.736842105263158,0.3828125,0.4823763889427201,3.3684210526315788
902,18,38,20,1.7,0.359375,0.39999999999999997,3.2
903,18,34,21,1.7,0.39583333333333337,0.39999999999999997,3.2
904,18,35,20,1.7,0.3828125,0.39999999999999997,3.2
905,19,37,20,1.736842105263158,0.3671875,0.4823763889427201,3.3684210526315788
906,19,36,20,1.736842105263158,0.375,0.4823763889427201,3.3684210526315788
907,18,37,19,1.7,0.359375,0.39999999999999997,3.2
908,18,35,21,1.7,0.3880208333333333,0.39999999999999997,3.2
909,19,35,20,1.736842105263158,0.3802083333333333,0.48237638894272,3.3684210526315788
910,18,35,21,1.7,0.390625,0.39999999999999997,3.2
911,18,36,20,1.7,0.37239583333333337,0.39999999999999997,3.2
912,18,36,20,1.7,0.375,0.39999999999999997,3.2
913,19,36,19,1.736842105263158,0.36458333333333337,0.4823763889427201,3.3684210526315788
914,18,38,21,1.7,0.3671875,0.39999999999999997,3.2
915,19,33,21,1.736842105263158,0.40104166666666663,0.4823763889427201,3.3684210526315788
916,18,34,20,1.7,0.3854166666666667,0.39999999999999997,3.2
917,18,35,20,1.7,0.38020833333333337,0.39999999999999997,3.2
918,18,35,20,1.7,0.3828125,0.39999999999999997,3.2
919,19,38,20,1.736842105263158,0.359375,0.4823763889427201,3.3684210526315788
920,18,35,21,1.7,0.38802083333333337,0.39999999999999997,3.2
921,18,37,20,1.7,0.36458333333333337,0.39999999999999997,3.2
922,19,35,20,1.736842105263158,0.38020833333333337,0.48237638894272,3.3684210526315788
923,19,39,20,1.736842105263158,0.34895833333333337,0.4823763889427201,3.3684210526315788
924,19,37,21,1.736842105263158,0.375,0.48237638894272,3.3684210526315788
925,18,35,20,1.65,0.38095238095238093,0.47696960070847283,3.15
926,18,33,21,1.7,0.4010416666666667,0.39999999999999997,3.2
927,18,34,20,1.7,0.38802083333333337,0.39999999999999997,3.2
928,19,36,21,1.736842105263158,0.3828125,0.4823763889427201,3.3684210526315788
929,18,37,20,1.7,0.3671875,0.39999999999999997,3.2
930,19,37,20,1.736842105263158,0.3671875,0.4823763889427201,3.3684210526315788
931,18,35,21,1.7,0.390625,0.39999999999999997,3.2
932,19,36,22,1.736842105263158,0.38802083333333337,0.4823763889427201,3.3684210526315788
933,19,35,20,1.736842105263158,0.3828125,0.48237638894272,3.3684210526315788
934,18,38,20,1.7,0.359375,0.39999999999999997,3.2
935,19,36,19,1.736842105263158,0.3671875,0.4823763889427201,3.3684210526315788
936,19,35,21,1.736842105263158,0.390625,0.48237638894272,3.3684210526315788
937,18,36,20,1.7,0.37239583333333337,0.39999999999999997,3.2
938,18,33,19,1.75,0.38802083333333337,0.39999999999999997,3.2
939,18,34,20,1.7,0.3828125,0.39999999999999997,3.2
940,18,36,21,1.7,0.3828125,0.39999999999999997,3.2
941,18,34,22,1.7,0.40364583333333337,0.39999999999999997,3.2
942,19,36,21,1.736842105263158,0.3802083333333333,0.4823763889427201,3.3684210526315788
943,18,37,21,1.7,0.3723958333333333,0.39999999999999997,3.2
944,18,35,21,1.7,0.3880208333333333,0.39999999999999997,3.2
945,17,37,20,1.6666666666666667,0.3671875,0.21295885499997994,3.0476190476190474
946,18,32,22,1.7,0.41927083333333337,0.39999999999999997,3.2
947,19,36,23,1.736842105263158,0.3984375,0.48237638894272,3.3684210526315788
948,18,35,20,1.7,0.38020833333333337,0.39999999999999997,3.2
949,18,36,22,1.7,0.390625,0.39999999999999997,3.2
950,18,36,20,1.7,0.375,0.39999999999999997,3.2
951,18,34,22,1.7,0.40625,0.39999999999999997,3.2
952,18,38,18,1.7,0.34375,0.39999999999999997,3.2
953,18,36,23,1.7,0.3984375,0.39999999999999997,3.2
954,19,37,19,1.736842105263158,0.3541666666666667,0.4823763889427201,3.3684210526315788
955,19,34,22,1.736842105263158,0.40625,0.4823763889427201,3.3684210526315788
956,18,34,21,1.7,0.3984375,0.39999999999999997,3.2
957,18,35,20,1.7,0.3828125,0.39999999999999997,3.2
958,19,37,18,1.736842105263158,0.34895833333333337,0.4823763889427201,3.3684210526315788
959,18,36,20,1.7,0.375,0.39999999999999997,3.2
960,18,37,22,1.7,0.3828125,0.39999999999999997,3.2
961,19,34,21,1.736842105263158,0.3984375,0.48237638894272,3.3684210526315788
962,18,38,21,1.7,0.3671875,0.39999999999999997,3.2
963,17,38,17,1.6666666666666667,0.328125,0.21295885499997994,3.0476190476190474
964,18,35,20,1.7,0.38020833333333337,0.39999999999999997,3.2
965,18,35,21,1.7,0.390625,0.39999999999999997,3.2
966,18,34,21,1.7,0.3984375,0.39999999999999997,3.2
967,19,35,20,1.736842105263158,0.37760416666666663,0.4823763889427201,3.3684210526315788
968,19,35,21,1.736842105263158,0.390625,0.4823763889427201,3.3684210526315788
969,19,35,22,1.736842105263158,0.3984375,0.4823763889427201,3.3684210526315788
970,18,35,21,1.7,0.390625,0.39999999999999997,3.2
971,19,36,20,1.736842105263158,0.375,0.48237638894272,3.3684210526315788
972,18,35,20,1.7,0.38020833333333337,0.39999999999999997,3.2
973,18,36,20,1.7,0.375,0.39999999999999997,3.2
974,19,37,19,1.736842105263158,0.359375,0.48237638894272,3.3684210526315788
975,19,32,23,1.736842105263158,0.4270833333333333,0.4823763889427201,3.3684210526315788
976,18,34,22,1.65,0.40476190476190477,0.47696960070847283,3.15
977,19,39,20,1.736842105263158,0.3515625,0.4823763889427201,3.3684210526315788
978,18,35,20,1.7,0.3828125,0.39999999999999997,3.2
979,19,36,22,1.736842105263158,0.390625,0.4823763889427201,3.3684210526315788
980,18,37,21,1.7,0.375,0.39999999999999997,3.2
981,18,36,19,1.65,0.3671875,0.39999999999999997,3.2
982,18,37,20,1.7,0.36197916666666663,0.39999999999999997,3.2
983,18,32,21,1.7,0.4036458333333333,0.39999999999999997,3.2
984,18,35,21,1.7,0.390625,0.39999999999999997,3.2
985,18,39,19,1.65,0.3412698412698413,0.47696960070847283,3.15
986,20,36,23,1.7777777777777777,0.3984375,0.49690399499995325,3.5555555555555554
987,18,35,20,1.7,0.3802083333333333,0.39999999999999997,3.2
988,19,36,19,1.736842105263158,0.36458333333333337,0.4823763889427201,3.3684210526315788
989,19,36,20,1.736842105263158,0.37239583333333337,0.4823763889427201,3.3684210526315788
990,19,38,21,1.736842105263158,0.3671875,0.4823763889427201,3.3684210526315788
991,17,35,18,1.6666666666666667,0.3671875,0.21295885499997994,3.0476190476190474
992,18,35,21,1.7,0.390625,0.39999999999999997,3.2
993,19,36,22,1.736842105263158,0.390625,0.4823763889427201,3.3684210526315788
994,19,36,20,1.736842105263158,0.3723958333333333,0.4823763889427201,3.3684210526315788
995,19,34,20,1.736842105263158,0.390625,0.48237638894272,3.3684210526315788
996,19,32,22,1.736842105263158,0.4192708333333333,0.4823763889427201,3.3684210526315788
997,18,37,20,1.7,0.3671875,0.39999999999999997,3.2
998,19,38,20,1.736842105263158,0.35677083333333337,0.4823763889427201,3.3684210526315788
999,18,37,21,1.7,0.3723958333333333,0.39999999999999997,3.2
1000,18,35,20,1.7,0.38020833333333337,0.39999999999999997,3.2
1001,18,37,21,1.7,0.375,0.39999999999999997,3.2
1002,18,33,21,1.7,0.40104166666666663,0.39999999999999997,3.2
1003,19,34,19,1.6842105263157894,0.3756613756613757,0.5668594533825794,3.3157894736842106
1004,19,31,20,1.6842105263157894,0.40740740740740744,0.5668594533825794,3.3157894736842106
1005,18,35,21,1.7,0.390625,0.39999999999999997,3.2
1006,18,33,23,1.7,0.41927083333333337,0.39999999999999997,3.2
1007,18,34,21,1.7,0.3984375,0.39999999999999997,3.2
1008,18,33,22,1.7,0.4140625,0.39999999999999997,3.2
1009,19,34,22,1.736842105263158,0.40364583333333337,0.4823763889427201,3.3684210526315788
1010,19,34,23,1.736842105263158,0.41145833333333337,0.4823763889427201,3.3684210526315788
1011,18,33,21,1.65,0.40476190476190477,0.47696960070847283,3.15
1012,18,34,19,1.7,0.37760416666666663,0.39999999999999997,3.2
1013,19,36,20,1.736842105263158,0.375,0.48237638894272,3.3684210526315788
1014,18,35,20,1.7,0.3828125,0.39999999999999997,3.2
1015,19,38,20,1.736842105263158,0.3567708333333333,0.4823763889427201,3.3684210526315788
1016,18,33,23,1.7,0.421875,0.39999999999999997,3.2
1017,17,33,20,1.619047619047619,0.39417989417989424,0.3086066999241838,3.0
1018,19,34,22,1.736842105263158,0.40625,0.4823763889427201,3.3684210526315788
1019,19,37,21,1.736842105263158,0.37239583333333337,0.4823763889427201,3.3684210526315788
1020,18,35,20,1.65,0.38095238095238093,0.47696960070847283,3.15
1021,19,35,20,1.736842105263158,0.3828125,0.4823763889427201,3.3684210526315788
1022,18,33,23,1.65,0.42063492063492064,0.47696960070847283,3.15
1023,19,37,20,1.736842105263158,0.3671875,0.4823763889427201,3.3684210526315788
1024,18,35,18,1.7,0.3671875,0.39999999999999997,3.2
1025,19,35,21,1.736842105263158,0.390625,0.4823763889427201,3.3684210526315788
1026,19,36,20,1.736842105263158,0.3723958333333333,0.48237638894272,3.3684210526315788
1027,18,36,20,1.7,0.375,0.39999999999999997,3.2
1028,18,36,22,1.7,0.390625,0.39999999999999997,3.2
1029,19,34,22,1.736842105263158,0.40625,0.48237638894272,3.3684210526315788
1030,18,35,22,1.7,0.3984375,0.39999999999999997,3.2
1031,18,35,20,1.7,0.3828125,0.39999999999999997,3.2
1032,18,35,21,1.7,0.390625,0.39999999999999997,3.2
1033,19,33,21,1.6842105263157894,0.40476190476190477,0.5668594533825794,3.3157894736842106
1034,19,38,20,1.736842105263158,0.359375,0.48237638894272,3.3684210526315788
1035,18,35,20,1.7,0.3828125,0.39999999999999997,3.2
1036,18,34,21,1.7,0.39583333333333337,0.39999999999999997,3.2
1037,19,34,23,1.736842105263158,0.4140625,0.4823763889427201,3.3684210526315788
1038,19,33,22,1.736842105263158,0.4140625,0.4823763889427201,3.3684210526315788
1039,18,35,22,1.7,0.3984375,0.39999999999999997,3.2
1040,19,34,22,1.736842105263158,0.40364583333333337,0.4823763889427201,3.3684210526315788
1041,18,34,21,1.7,0.3984375,0.39999999999999997,3.2
1042,18,35,21,1.7,0.390625,0.39999999999999997,3.2
1043,19,32,20,1.6842105263157894,0.3994708994708995,0.5668594533825794,3.3157894736842106
1044,19,35,22,1.736842105263158,0.3984375,0.4823763889427201,3.3684210526315788
1045,18,35,21,1.7,0.38802083333333337,0.39999999999999997,3.2
1046,17,33,19,1.619047619047619,0.3854166666666667,0.21295885499997994,3.0476190476190474
1047,18,34,20,1.7,0.38802083333333337,0.39999999999999997,3.2
1048,18,35,20,1.7,0.3802083333333333,0.39999999999999997,3.2
1049,17,36,19,1.6666666666666667,0.3619791666666667,0.21295885499997994,3.0476190476190474
1050,18,32,22,1.7,0.421875,0.39999999999999997,3.2
1051,19,33,21,1.736842105263158,0.4010416666666667,0.4823763889427201,3.3684210526315788
1052,18,34,21,1.7,0.3958333333333333,0.39999999999999997,3.2
1053,19,35,21,1.736842105263158,0.390625,0.48237638894272,3.3684210526315788
1054,19,36,21,1.736842105263158,0.3828125,0.48237638894272,3.3684210526315788
1055,18,36,20,1.7,0.375,0.39999999999999997,3.2
1056,18,35,20,1.7,0.38020833333333337,0.39999999999999997,3.2
1057,18,37,20,1.7,0.3671875,0.39999999999999997,3.2
1058,18,33,22,1.7,0.4140625,0.39999999999999997,3.2
1059,18,35,21,1.65,0.3862433862433862,0.47696960070847283,3.15
1060,18,33,20,1.65,0.3968253968253968,0.47696960070847283,3.15
1061,18,36,21,1.7,0.3828125,0.39999999999999997,3.2
1062,18,35,19,1.65,0.373015873015873,0.47696960070847283,3.15
1063,18,33,22,1.7,0.4140625,0.39999999999999997,3.2
1064,19,34,23,1.736842105263158,0.4114583333333333,0.4823763889427201,3.3684210526315788
1065,19,37,19,1.736842105263158,0.359375,0.4823763889427201,3.3684210526315788
1066,18,38,19,1.7,0.3515625,0.39999999999999997,3.2
1067,18,33,20,1.65,0.3968253968253968,0.47696960070847283,3.15
1068,19,33,22,1.736842105263158,0.4140625,0.4823763889427201,3.3684210526315788
1069,18,33,20,1.7,0.39583333333333337,0.39999999999999997,3.2
1070,18,35,20,1.7,0.3828125,0.39999999999999997,3.2
1071,18,33,21,1.65,0.4021164021164021,0.47696960070847283,3.15
1072,18,32,21,1.7,0.4140625,0.39999999999999997,3.2
1073,19,36,21,1.736842105263158,0.3828125,0.48237638894272,3.3684210526315788
1074,19,32,23,1.736842105263158,0.4296875,0.4823763889427201,3.3684210526315788
1075,18,34,18,1.65,0.37037037037037035,0.47696960070847283,3.15
1076,19,35,21,1.736842105263158,0.390625,0.4823763889427201,3.3684210526315788
1077,18,35,22,1.7,0.3984375,0.39999999999999997,3.2
1078,18,34,20,1.65,0.3888888888888889,0.47696960070847283,3.15
1079,18,34,20,1.7,0.390625,0.39999999999999997,3.2
1080,17,33,19,1.619047619047619,0.3835978835978836,0.3086066999241838,3.0
1081,19,35,20,1.736842105263158,0.3828125,0.4823763889427201,3.3684210526315788
1082,18,38,20,1.7,0.359375,0.39999999999999997,3.2
1083,18,34,21,1.65,0.3941798941798942,0.47696960070847283,3.15
1084,19,35,20,1.736842105263158,0.3802083333333333,0.48237638894272,3.3684210526315788
1085,18,35,19,1.7,0.3697916666666667,0.39999999999999997,3.2
1086,18,37,20,1.7,0.3671875,0.39999999999999997,3.2
1087,19,35,20,1.736842105263158,0.3828125,0.48237638894272,3.3684210526315788
1088,18,34,21,1.7,0.3984375,0.39999999999999997,3.2
1089,19,33,21,1.736842105263158,0.40625,0.4823763889427201,3.3684210526315788
1090,19,35,22,1.736842105263158,0.3984375,0.4823763889427201,3.3684210526315788
1091,18,34,20,1.7,0.3854166666666667,0.39999999999999997,3.2
1092,18,32,21,1.65,0.40476190476190477,0.47696960070847283,3.15
1093,18,34,20,1.7,0.38802083333333337,0.39999999999999997,3.2
1094,19,37,21,1.736842105263158,0.36979166666666663,0.4823763889427201,3.3684210526315788
1095,19,38,21,1.736842105263158,0.3671875,0.4823763889427201,3.3684210526315788
1096,18,36,20,1.7,0.375,0.39999999999999997,3.2
1097,19,31,22,1.736842105263158,0.42708333333333337,0.48237638894272,3.3684210526315788
1098,19,33,20,1.736842105263158,0.3984375,0.48237638894272,3.3684210526315788
1099,18,35,22,1.65,0.3968253968253968,0.47696960070847283,3.15
1100,18,35,22,1.65,0.3968253968253968,0.47696960070847283,3.15
1101,19,33,21,1.6842105263157894,0.40476190476190477,0.5668594533825794,3.3157894736842106
1102,18,35,23,1.7,0.40625,0.39999999999999997,3.2
1103,17,35,19,1.7142857142857142,0.3671875,0.21295885499997994,3.0476190476190474
1104,19,36,20,1.7894736842105263,0.37239583333333337,0.4823763889427201,3.3684210526315788
1105,18,38,20,1.7,0.359375,0.39999999999999997,3.2
1106,19,35,21,1.736842105263158,0.38802083333333337,0.4823763889427201,3.3684210526315788
1107,18,33,21,1.65,0.40476190476190477,0.47696960070847283,3.15
1108,18,35,20,1.7,0.3828125,0.39999999999999997,3.2
1109,18,34,24,1.7,0.421875,0.39999999999999997,3.2
1110,19,35,20,1.736842105263158,0.3828125,0.48237638894272,3.3684210526315788
1111,19,33,22,1.736842105263158,0.4140625,0.4823763889427201,3.3684210526315788
1112,18,35,23,1.7,0.40625,0.39999999999999997,3.2
1113,19,33,20,1.736842105263158,0.3984375,0.48237638894272,3.3684210526315788
1114,18,35,20,1.7,0.3828125,0.39999999999999997,3.2
1115,18,38,20,1.7,0.359375,0.39999999999999997,3.2
1116,19,32,21,1.6842105263157894,0.4126984126984127,0.5668594533825794,3.3157894736842106
1117,17,37,20,1.619047619047619,0.3671875,0.21295885499997994,3.0476190476190474
1118,19,34,21,1.736842105263158,0.3984375,0.48237638894272,3.3684210526315788
1119,19,40,19,1.736842105263158,0.33333333333333337,0.48237638894272,3.3684210526315788
1120,18,35,20,1.7,0.3828125,0.39999999999999997,3.2
1121,19,34,21,1.6842105263157894,0.3968253968253968,0.5668594533825794,3.3157894736842106
1122,18,37,21,1.7,0.375,0.39999999999999997,3.2
1123,19,35,20,1.736842105263158,0.3802083333333333,0.4823763889427201,3.3684210526315788
1124,19,34,21,1.736842105263158,0.3984375,0.4823763889427201,3.3684210526315788
1125,18,35,22,1.7,0.3984375,0.39999999999999997,3.2
1126,19,34,20,1.6842105263157894,0.3888888888888889,0.5668594533825794,3.3157894736842106
1127,19,36,21,1.736842105263158,0.3828125,0.4823763889427201,3.3684210526315788
1128,19,37,20,1.736842105263158,0.3671875,0.4823763889427201,3.3684210526315788
1129,19,33,20,1.736842105263158,0.39583333333333337,0.48237638894272,3.3684210526315788
1130,18,33,20,1.65,0.3968253968253968,0.47696960070847283,3.15
1131,20,36,21,1.7777777777777777,0.3828125,0.49690399499995325,3.5555555555555554
1132,18,32,23,1.7,0.4296875,0.39999999999999997,3.2
1133,19,37,21,1.736842105263158,0.375,0.4823763889427201,3.3684210526315788
1134,18,35,21,1.7,0.390625,0.39999999999999997,3.2
1135,18,34,21,1.7,0.3984375,0.39999999999999997,3.2
1136,18,34,21,1.7,0.3984375,0.39999999999999997,3.2
1137,19,32,22,1.736842105263158,0.4192708333333333,0.48237638894272,3.3684210526315788
1138,18,33,21,1.7,0.40625,0.39999999999999997,3.2
1139,18,35,22,1.7,0.3984375,0.39999999999999997,3.2
1140,19,32,21,1.736842105263158,0.4140625,0.48237638894272,3.3684210526315788
1141,19,32,23,1.736842105263158,0.4296875,0.4823763889427201,3.3684210526315788
1142,18,35,20,1.7,0.3828125,0.39999999999999997,3.2
1143,18,34,23,1.7,0.4140625,0.39999999999999997,3.2
1144,18,34,24,1.7,0.421875,0.39999999999999997,3.2
1145,19,37,20,1.736842105263158,0.3645833333333333,0.4823763889427201,3.3684210526315788
1146,19,32,23,1.736842105263158,0.4296875,0.48237638894272,3.3684210526315788
1147,18,36,22,1.7,0.390625,0.39999999999999997,3.2
1148,19,32,21,1.736842105263158,0.4140625,0.48237638894272,3.3684210526315788
1149,18,37,19,1.7,0.35677083333333337,0.39999999999999997,3.2
1150,18,34,21,1.7,0.3984375,0.39999999999999997,3.2
1151,18,36,22,1.7,0.390625,0.39999999999999997,3.2
1152,18,36,21,1.7,0.3828125,0.39999999999999997,3.2
1153,18,36,22,1.7,0.390625,0.39999999999999997,3.2
1154,19,34,21,1.736842105263158,0.39583333333333337,0.4823763889427201,3.3684210526315788
1155,18,36,21,1.7,0.3828125,0.39999999999999997,3.2
1156,18,36,22,1.7,0.390625,0.39999999999999997,3.2
1157,19,33,22,1.736842105263158,0.4140625,0.4823763889427201,3.3684210526315788
1158,18,35,21,1.7,0.390625,0.39999999999999997,3.2
1159,19,34,20,1.736842105263158,0.38802083333333337,0.4823763889427201,3.3684210526315788
1160,18,35,19,1.7,0.375,0.39999999999999997,3.2
1161,18,31,22,1.65,0.42857142857142855,0.47696960070847283,3.15
1162,19,36,21,1.736842105263158,0.3828125,0.48237638894272,3.3684210526315788
1163,19,34,22,1.736842105263158,0.40625,0.48237638894272,3.3684210526315788
1164,18,34,21,1.7,0.3984375,0.39999999999999997,3.2
1165,18,33,19,1.65,0.3862433862433862,0.47696960070847283,3.15
1166,18,34,21,1.7,0.3984375,0.39999999999999997,3.2
1167,18,36,21,1.7,0.38020833333333337,0.39999999999999997,3.2
1168,18,38,19,1.7,0.3515625,0.39999999999999997,3.2
1169,19,34,24,1.736842105263158,0.421875,0.4823763889427201,3.3684210526315788
1170,18,35,22,1.65,0.3968253968253968,0.47696960070847283,3.15
1171,19,31,22,1.736842105263158,0.4270833333333333,0.48237638894272,3.3684210526315788
1172,18,30,25,1.7,0.4557291666666667,0.39999999999999997,3.2
1173,19,34,22,1.736842105263158,0.40625,0.48237638894272,3.3684210526315788
1174,18,36,19,1.7,0.3671875,0.39999999999999997,3.2
1175,18,33,22,1.7,0.4140625,0.39999999999999997,3.2
1176,18,36,22,1.7,0.390625,0.39999999999999997,3.2
1177,18,34,20,1.7,0.390625,0.39999999999999997,3.2
1178,19,36,21,1.736842105263158,0.3828125,0.48237638894272,3.3684210526315788
1179,18,36,20,1.7,0.37239583333333337,0.39999999999999997,3.2
1180,18,32,24,1.7,0.43489583333333337,0.39999999999999997,3.2
1181,19,36,21,1.6842105263157894,0.38095238095238093,0.5668594533825794,3.3157894736842106
1182,18,33,22,1.7,0.4088541666666667,0.39999999999999997,3.2
1183,18,36,22,1.7,0.390625,0.39999999999999997,3.2
1184,19,35,21,1.736842105263158,0.390625,0.4823763889427201,3.3684210526315788
1185,17,36,19,1.7142857142857142,0.3619791666666667,0.21295885499997994,3.0476190476190474
1186,19,36,22,1.736842105263158,0.390625,0.4823763889427201,3.3684210526315788
1187,18,33,22,1.7,0.4140625,0.39999999999999997,3.2
1188,19,36,23,1.736842105263158,0.3984375,0.4823763889427201,3.3684210526315788
1189,18,34,24,1.7,0.421875,0.39999999999999997,3.2
1190,18,34,25,1.7,0.4296875,0.39999999999999997,3.2
1191,18,33,21,1.65,0.3968253968253968,0.47696960070847283,3.15
1192,19,35,20,1.736842105263158,0.3828125,0.4823763889427201,3.3684210526315788
1193,18,32,18,1.65,0.38359788359788355,0.47696960070847283,3.15
1194,19,37,20,1.736842105263158,0.3645833333333333,0.4823763889427201,3.3684210526315788
1195,18,31,24,1.65,0.4444444444444444,0.47696960070847283,3.15
1196,18,35,22,1.7,0.3984375,0.39999999999999997,3.2
1197,18,30,25,1.7,0.45833333333333337,0.39999999999999997,3.2
1198,17,34,20,1.619047619047619,0.38802083333333337,0.21295885499997994,3.0476190476190474
1199,19,34,22,1.736842105263158,0.40364583333333337,0.4823763889427201,3.3684210526315788
1200,18,36,22,1.7,0.390625,0.39999999999999997,3.2
1201,19,35,19,1.736842105263158,0.37239583333333337,0.48237638894272,3.3684210526315788
1202,19,37,20,1.736842105263158,0.3645833333333333,0.4823763889427201,3.3684210526315788
1203,19,33,21,1.736842105263158,0.40364583333333337,0.4823763889427201,3.3684210526315788
1204,19,32,23,1.736842105263158,0.4296875,0.48237638894272,3.3684210526315788
1205,18,34,23,1.7,0.41145833333333337,0.39999999999999997,3.2
1206,18,34,21,1.7,0.3984375,0.39999999999999997,3.2
1207,18,35,22,1.7,0.3984375,0.39999999999999997,3.2
1208,19,32,22,1.736842105263158,0.421875,0.48237638894272,3.3684210526315788
1209,18,34,23,1.7,0.4114583333333333,0.39999999999999997,3.2
1210,18,31,22,1.7,0.42708333333333337,0.39999999999999997,3.2
1211,18,32,21,1.7,0.4140625,0.39999999999999997,3.2
1212,18,35,22,1.7,0.3984375,0.39999999999999997,3.2
1213,19,35,22,1.736842105263158,0.3984375,0.4823763889427201,3.3684210526315788
1214,18,36,21,1.7,0.3828125,0.39999999999999997,3.2
1215,19,35,22,1.736842105263158,0.39583333333333337,0.4823763889427201,3.3684210526315788
1216,18,35,22,1.7,0.3984375,0.39999999999999997,3.2
1217,17,34,23,1.6666666666666667,0.4114583333333333,0.21295885499997994,3.0476190476190474
1218,18,34,22,1.7,0.40364583333333337,0.39999999999999997,3.2
1219,18,32,24,1.7,0.43489583333333337,0.39999999999999997,3.2
1220,19,36,22,1.736842105263158,0.390625,0.4823763889427201,3.3684210526315788
1221,18,34,23,1.7,0.4140625,0.39999999999999997,3.2
1222,18,36,22,1.7,0.390625,0.39999999999999997,3.2
1223,18,35,20,1.7,0.3828125,0.39999999999999997,3.2
1224,18,35,22,1.7,0.3984375,0.39999999999999997,3.2
1225,19,34,21,1.736842105263158,0.3984375,0.48237638894272,3.3684210526315788
1226,18,34,23,1.7,0.4140625,0.39999999999999997,3.2
1227,19,35,22,1.736842105263158,0.3984375,0.4823763889427201,3.3684210526315788
1228,19,33,21,1.736842105263158,0.4036458333333333,0.48237638894272,3.3684210526315788
1229,19,36,21,1.736842105263158,0.3828125,0.4823763889427201,3.3684210526315788
1230,18,37,21,1.7,0.375,0.39999999999999997,3.2
1231,19,35,23,1.736842105263158,0.40625,0.4823763889427201,3.3684210526315788
1232,19,36,21,1.736842105263158,0.38020833333333337,0.4823763889427201,3.3684210526315788
1233,18,33,20,1.7,0.39322916666666663,0.39999999999999997,3.2
1234,18,36,22,1.7,0.390625,0.39999999999999997,3.2
1235,19,37,20,1.736842105263158,0.3645833333333333,0.4823763889427201,3.3684210526315788
1236,18,33,22,1.7,0.4140625,0.39999999999999997,3.2
1237,18,36,21,1.7,0.3828125,0.39999999999999997,3.2
1238,18,32,23,1.7,0.4296875,0.39999999999999997,3.2
1239,18,31,24,1.7,0.44270833333333337,0.39999999999999997,3.2
1240,18,34,24,1.7,0.421875,0.39999999999999997,3.2
1241,19,36,21,1.736842105263158,0.3828125,0.4823763889427201,3.3684210526315788
1242,19,35,23,1.736842105263158,0.40625,0.4823763889427201,3.3684210526315788
1243,19,31,23,1.736842105263158,0.43489583333333337,0.4823763889427201,3.3684210526315788
1244,18,33,23,1.7,0.4192708333333333,0.39999999999999997,3.2
1245,19,37,21,1.736842105263158,0.375,0.4823763889427201,3.3684210526315788
1246,18,37,18,1.7,0.34895833333333337,0.39999999999999997,3.2
1247,18,28,27,1.7,0.48958333333333337,0.39999999999999997,3.2
1248,18,34,23,1.7,0.4140625,0.39999999999999997,3.2
1249,18,32,25,1.7,0.4453125,0.39999999999999997,3.2
1250,19,33,21,1.736842105263158,0.40625,0.4823763889427201,3.3684210526315788
1251,19,34,21,1.736842105263158,0.3984375,0.4823763889427201,3.3684210526315788
1252,18,36,22,1.7,0.390625,0.39999999999999997,3.2
1253,18,36,19,1.7,0.3671875,0.39999999999999997,3.2
1254,18,30,26,1.7,0.46875,0.39999999999999997,3.2
1255,18,32,23,1.7,0.4296875,0.39999999999999997,3.2
1256,18,34,21,1.7,0.39583333333333337,0.39999999999999997,3.2
1257,18,34,23,1.7,0.4140625,0.39999999999999997,3.2
1258,18,36,20,1.7,0.37239583333333337,0.39999999999999997,3.2
1259,18,34,24,1.7,0.421875,0.39999999999999997,3.2
1260,18,35,24,1.7,0.4140625,0.39999999999999997,3.2
1261,18,37,21,1.7,0.375,0.39999999999999997,3.2
1262,19,36,20,1.736842105263158,0.375,0.48237638894272,3.3684210526315788
1263,19,34,20,1.736842105263158,0.390625,0.48237638894272,3.3684210526315788
1264,19,37,21,1.736842105263158,0.3723958333333333,0.4823763889427201,3.3684210526315788
1265,18,36,21,1.7,0.3828125,0.39999999999999997,3.2
1266,18,37,21,1.7,0.375,0.39999999999999997,3.2
1267,18,32,25,1.7,0.4427083333333333,0.39999999999999997,3.2
1268,18,34,24,1.7,0.421875,0.39999999999999997,3.2
1269,18,34,24,1.7,0.421875,0.39999999999999997,3.2
1270,18,34,23,1.7,0.4114583333333333,0.39999999999999997,3.2
1271,18,37,21,1.7,0.375,0.39999999999999997,3.2
1272,18,37,22,1.7,0.3828125,0.39999999999999997,3.2
1273,18,31,25,1.7,0.453125,0.39999999999999997,3.2
1274,18,34,24,1.7,0.421875,0.39999999999999997,3.2
1275,19,33,24,1.736842105263158,0.4296875,0.4823763889427201,3.3684210526315788
1276,18,33,24,1.7,0.4296875,0.39999999999999997,3.2
1277,18,36,22,1.7,0.390625,0.39999999999999997,3.2
1278,18,32,23,1.7,0.4296875,0.39999999999999997,3.2
1279,18,36,22,1.7,0.390625,0.39999999999999997,3.2
1280,18,32,24,1.7,0.43489583333333337,0.39999999999999997,3.2
1281,18,34,22,1.7,0.40364583333333337,0.39999999999999997,3.2
1282,19,34,24,1.736842105263158,0.421875,0.4823763889427201,3.3684210526315788
1283,18,33,24,1.7,0.4296875,0.39999999999999997,3.2
1284,18,34,23,1.7,0.4140625,0.39999999999999997,3.2
1285,18,31,25,1.7,0.45052083333333337,0.39999999999999997,3.2
1286,18,40,18,1.7,0.328125,0.39999999999999997,3.2
1287,19,37,21,1.736842105263158,0.375,0.4823763889427201,3.3684210526315788
1288,19,36,22,1.6842105263157894,0.3888888888888889,0.5668594533825794,3.3157894736842106
1289,18,33,25,1.7,0.4375,0.39999999999999997,3.2
1290,18,36,22,1.7,0.390625,0.39999999999999997,3.2
1291,19,36,21,1.736842105263158,0.3802083333333333,0.4823763889427201,3.3684210526315788
1292,19,36,21,1.736842105263158,0.3828125,0.48237638894272,3.3684210526315788
1293,19,33,22,1.736842105263158,0.41145833333333337,0.4823763889427201,3.3684210526315788
1294,18,32,24,1.7,0.43489583333333337,0.39999999999999997,3.2
1295,18,35,20,1.65,0.38095238095238093,0.47696960070847283,3.15
1296,18,37,21,1.7,0.375,0.39999999999999997,3.2
1297,19,36,20,1.736842105263158,0.375,0.48237638894272,3.3684210526315788
1298,18,33,24,1.7,0.42708333333333337,0.39999999999999997,3.2
1299,19,33,21,1.736842105263158,0.40625,0.4823763889427201,3.3684210526315788
1300,18,37,22,1.7,0.3828125,0.39999999999999997,3.2
1301,18,37,20,1.7,0.3671875,0.39999999999999997,3.2
1302,18,32,23,1.7,0.4296875,0.39999999999999997,3.2
1303,18,36,21,1.7,0.3828125,0.39999999999999997,3.2
1304,18,35,24,1.7,0.4140625,0.39999999999999997,3.2
1305,18,34,23,1.7,0.41145833333333337,0.39999999999999997,3.2
1306,18,32,26,1.7,0.453125,0.39999999999999997,3.2
1307,19,35,23,1.736842105263158,0.4036458333333333,0.4823763889427201,3.3684210526315788
1308,18,34,24,1.7,0.421875,0.39999999999999997,3.2
1309,17,35,22,1.6666666666666667,0.39583333333333337,0.21295885499997994,3.0476190476190474
1310,18,34,23,1.65,0.4126984126984127,0.47696960070847283,3.15
1311,19,34,24,1.736842105263158,0.41927083333333337,0.4823763889427201,3.3684210526315788
1312,18,36,21,1.7,0.38020833333333337,0.39999999999999997,3.2
1313,18,36,22,1.7,0.390625,0.39999999999999997,3.2
1314,19,33,22,1.736842105263158,0.40625,0.4823763889427201,3.3684210526315788
1315,19,33,24,1.736842105263158,0.4296875,0.48237638894272,3.3684210526315788
1316,18,35,21,1.7,0.390625,0.39999999999999997,3.2
1317,18,33,23,1.7,0.41927083333333337,0.39999999999999997,3.2
1318,18,36,21,1.7,0.3802083333333333,0.39999999999999997,3.2
1319,18,35,23,1.7,0.40625,0.39999999999999997,3.2
1320,18,33,24,1.7,0.4296875,0.39999999999999997,3.2
1321,18,35,23,1.7,0.40625,0.39999999999999997,3.2
1322,18,37,22,1.7,0.3828125,0.39999999999999997,3.2
1323,18,34,24,1.7,0.41927083333333337,0.39999999999999997,3.2
1324,18,35,23,1.7,0.40364583333333337,0.39999999999999997,3.2
1325,18,32,25,1.7,0.4427083333333333,0.39999999999999997,3.2
1326,18,32,24,1.7,0.4348958333333333,0.39999999999999997,3.2
1327,19,31,24,1.6842105263157894,0.43915343915343913,0.5668594533825794,3.3157894736842106
1328,18,34,23,1.7,0.41145833333333337,0.39999999999999997,3.2
1329,18,34,21,1.7,0.3958333333333333,0.39999999999999997,3.2
1330,18,29,26,1.7,0.47395833333333337,0.39999999999999997,3.2
1331,19,34,22,1.6842105263157894,0.40476190476190477,0.5668594533825794,3.3157894736842106
1332,18,35,23,1.7,0.40625,0.39999999999999997,3.2
1333,19,33,22,1.736842105263158,0.4140625,0.48237638894272,3.3684210526315788
1334,18,33,24,1.7,0.4296875,0.39999999999999997,3.2
1335,18,34,22,1.7,0.40625,0.39999999999999997,3.2
1336,17,36,20,1.6666666666666667,0.37239583333333337,0.21295885499997994,3.0476190476190474
1337,19,36,20,1.736842105263158,0.375,0.4823763889427201,3.3684210526315788
1338,18,31,22,1.7,0.4296875,0.39999999999999997,3.2
1339,18,33,24,1.7,0.4296875,0.39999999999999997,3.2
1340,19,37,19,1.736842105263158,0.35677083333333337,0.4823763889427201,3.3684210526315788
1341,18,30,26,1.7,0.46614583333333337,0.39999999999999997,3.2
1342,19,34,23,1.736842105263158,0.4140625,0.4823763889427201,3.3684210526315788
1343,19,34,20,1.736842105263158,0.38802083333333337,0.48237638894272,3.3684210526315788
1344,18,33,24,1.7,0.4296875,0.39999999999999997,3.2
1345,18,34,24,1.7,0.421875,0.39999999999999997,3.2
1346,18,36,20,1.65,0.373015873015873,0.47696960070847283,3.15
1347,19,33,24,1.736842105263158,0.4296875,0.4823763889427201,3.3684210526315788
1348,18,35,21,1.7,0.390625,0.39999999999999997,3.2
1349,18,34,23,1.7,0.4140625,0.39999999999999997,3.2
1350,18,33,25,1.7,0.4375,0.39999999999999997,3.2
1351,19,34,23,1.736842105263158,0.4140625,0.4823763889427201,3.3684210526315788
1352,18,32,25,1.7,0.4453125,0.39999999999999997,3.2
1353,18,32,24,1.7,0.4375,0.39999999999999997,3.2
1354,19,34,22,1.736842105263158,0.40364583333333337,0.4823763889427201,3.3684210526315788
1355,18,33,25,1.7,0.4375,0.39999999999999997,3.2
1356,19,36,21,1.736842105263158,0.3802083333333333,0.4823763889427201,3.3684210526315788
1357,17,36,22,1.6666666666666667,0.390625,0.21295885499997994,3.0476190476190474
1358,19,34,23,1.736842105263158,0.4140625,0.4823763889427201,3.3684210526315788
1359,19,35,23,1.736842105263158,0.40364583333333337,0.4823763889427201,3.3684210526315788
1360,18,36,22,1.7,0.390625,0.39999999999999997,3.2
1361,19,37,21,1.736842105263158,0.375,0.4823763889427201,3.3684210526315788
1362,18,36,22,1.7,0.390625,0.39999999999999997,3.2
1363,19,34,24,1.736842105263158,0.421875,0.4823763889427201,3.3684210526315788
1364,18,34,23,1.7,0.4140625,0.39999999999999997,3.2
1365,18,35,23,1.7,0.40625,0.39999999999999997,3.2
1366,19,35,23,1.736842105263158,0.40625,0.4823763889427201,3.3684210526315788
1367,18,36,23,1.7,0.3984375,0.39999999999999997,3.2
1368,19,34,24,1.736842105263158,0.421875,0.4823763889427201,3.3684210526315788
1369,18,32,25,1.7,0.44270833333333337,0.39999999999999997,3.2
1370,18,33,23,1.7,0.421875,0.39999999999999997,3.2
1371,18,30,26,1.7,0.4661458333333333,0.39999999999999997,3.2
1372,19,35,23,1.736842105263158,0.40364583333333337,0.4823763889427201,3.3684210526315788
1373,18,33,26,1.7,0.4453125,0.39999999999999997,3.2
1374,18,31,26,1.7,0.4609375,0.39999999999999997,3.2
1375,19,34,24,1.736842105263158,0.421875,0.4823763889427201,3.3684210526315788
1376,18,36,22,1.7,0.390625,0.39999999999999997,3.2
1377,18,30,26,1.7,0.46875,0.39999999999999997,3.2
1378,19,36,22,1.736842105263158,0.390625,0.4823763889427201,3.3684210526315788
1379,18,35,19,1.7,0.3697916666666667,0.39999999999999997,3.2
1380,18,31,25,1.7,0.4505208333333333,0.39999999999999997,3.2
1381,18,35,22,1.65,0.3968253968253968,0.47696960070847283,3.15
1382,18,32,25,1.7,0.4453125,0.39999999999999997,3.2
1383,19,31,24,1.6842105263157894,0.43915343915343913,0.5668594533825794,3.3157894736842106
1384,18,31,24,1.7,0.44270833333333337,0.39999999999999997,3.2
1385,18,35,24,1.7,0.4140625,0.39999999999999997,3.2
1386,18,36,21,1.7,0.3828125,0.39999999999999997,3.2
1387,18,35,20,1.7,0.3776041666666667,0.39999999999999997,3.2
1388,19,35,22,1.736842105263158,0.3958333333333333,0.4823763889427201,3.3684210526315788
1389,18,33,24,1.7,0.4296875,0.39999999999999997,3.2
1390,18,35,20,1.7,0.37760416666666663,0.39999999999999997,3.2
1391,17,34,21,1.619047619047619,0.39417989417989424,0.3086066999241838,3.0
1392,18,33,23,1.7,0.41666666666666663,0.39999999999999997,3.2
1393,19,35,23,1.736842105263158,0.40625,0.4823763889427201,3.3684210526315788
1394,18,33,24,1.7,0.4296875,0.39999999999999997,3.2
1395,18,33,24,1.7,0.4296875,0.39999999999999997,3.2
1396,18,32,25,1.7,0.4453125,0.39999999999999997,3.2
1397,19,34,23,1.736842105263158,0.41145833333333337,0.4823763889427201,3.3684210526315788
1398,19,35,22,1.736842105263158,0.3984375,0.48237638894272,3.3684210526315788
1399,19,36,23,1.736842105263158,0.3984375,0.4823763889427201,3.3684210526315788
1400,18,33,25,1.7,0.4375,0.39999999999999997,3.2
1401,18,37,22,1.7,0.3828125,0.39999999999999997,3.2
1402,19,33,24,1.736842105263158,0.4296875,0.4823763889427201,3.3684210526315788
1403,17,37,19,1.6666666666666667,0.35677083333333337,0.21295885499997994,3.0476190476190474
1404,19,36,20,1.736842105263158,0.3723958333333333,0.4823763889427201,3.3684210526315788
1405,18,31,25,1.7,0.453125,0.39999999999999997,3.2
1406,19,32,23,1.736842105263158,0.42708333333333337,0.4823763889427201,3.3684210526315788
1407,19,34,22,1.736842105263158,0.40364583333333337,0.4823763889427201,3.3684210526315788
1408,19,35,22,1.736842105263158,0.3984375,0.4823763889427201,3.3684210526315788
1409,17,35,19,1.5714285714285714,0.3677248677248677,0.3086066999241838,3.0
1410,18,35,22,1.7,0.3984375,0.39999999999999997,3.2
1411,19,34,23,1.736842105263158,0.4140625,0.4823763889427201,3.3684210526315788
1412,18,33,25,1.7,0.4375,0.39999999999999997,3.2
1413,19,35,21,1.736842105263158,0.390625,0.4823763889427201,3.3684210526315788
1414,18,34,24,1.7,0.421875,0.39999999999999997,3.2
1415,18,37,22,1.7,0.3828125,0.39999999999999997,3.2
1416,17,37,21,1.6666666666666667,0.37239583333333337,0.21295885499997994,3.0476190476190474
1417,18,35,23,1.7,0.40625,0.39999999999999997,3.2
1418,18,33,24,1.7,0.4296875,0.39999999999999997,3.2
1419,19,33,24,1.736842105263158,0.4296875,0.4823763889427201,3.3684210526315788
1420,18,35,23,1.7,0.40625,0.39999999999999997,3.2
1421,19,33,23,1.736842105263158,0.421875,0.4823763889427201,3.3684210526315788
1422,19,34,23,1.736842105263158,0.4140625,0.4823763889427201,3.3684210526315788
1423,18,34,23,1.65,0.4126984126984127,0.47696960070847283,3.15
1424,19,36,23,1.736842105263158,0.3984375,0.4823763889427201,3.3684210526315788
1425,18,33,23,1.7,0.421875,0.39999999999999997,3.2
1426,18,35,22,1.7,0.3984375,0.39999999999999997,3.2
1427,19,32,24,1.736842105263158,0.4348958333333333,0.4823763889427201,3.3684210526315788
1428,19,35,23,1.736842105263158,0.40625,0.4823763889427201,3.3684210526315788
1429,19,32,23,1.736842105263158,0.4244791666666667,0.4823763889427201,3.3684210526315788
1430,18,34,24,1.7,0.421875,0.39999999999999997,3.2
1431,18,33,23,1.7,0.421875,0.39999999999999997,3.2
1432,18,32,26,1.7,0.453125,0.39999999999999997,3.2
1433,18,34,22,1.7,0.4036458333333333,0.39999999999999997,3.2
1434,18,34,24,1.7,0.421875,0.39999999999999997,3.2
1435,18,29,26,1.7,0.47135416666666663,0.39999999999999997,3.2
1436,18,31,24,1.7,0.44010416666666663,0.39999999999999997,3.2
1437,18,34,21,1.7,0.3984375,0.39999999999999997,3.2
1438,18,35,24,1.7,0.4140625,0.39999999999999997,3.2
1439,18,33,23,1.7,0.41927083333333337,0.39999999999999997,3.2
1440,18,33,25,1.7,0.4375,0.39999999999999997,3.2
1441,18,35,24,1.7,0.4140625,0.39999999999999997,3.2
1442,18,30,26,1.7,0.46875,0.39999999999999997,3.2
1443,18,34,22,1.7,0.40364583333333337,0.39999999999999997,3.2
1444,18,32,22,1.7,0.4166666666666667,0.39999999999999997,3.2
1445,18,34,24,1.7,0.421875,0.39999999999999997,3.2
1446,18,31,24,1.7,0.4427083333333333,0.39999999999999997,3.2
1447,18,28,25,1.65,0.4735449735449736,0.47696960070847283,3.15
1448,18,34,23,1.7,0.41145833333333337,0.39999999999999997,3.2
1449,18,31,25,1.7,0.44791666666666663,0.39999999999999997,3.2
1450,19,32,22,1.6842105263157894,0.41534391534391535,0.5668594533825794,3.3157894736842106
1451,18,33,24,1.7,0.4296875,0.39999999999999997,3.2
1452,18,32,24,1.7,0.43489583333333337,0.39999999999999997,3.2
1453,18,33,24,1.7,0.4296875,0.39999999999999997,3.2
1454,18,33,25,1.7,0.4375,0.39999999999999997,3.2
1455,18,36,22,1.7,0.390625,0.39999999999999997,3.2
1456,18,32,24,1.7,0.4375,0.39999999999999997,3.2
1457,18,32,23,1.7,0.4296875,0.39999999999999997,3.2
1458,18,31,26,1.7,0.4609375,0.39999999999999997,3.2
1459,18,34,23,1.7,0.4140625,0.39999999999999997,3.2
1460,19,33,23,1.6842105263157894,0.42063492063492064,0.5668594533825794,3.3157894736842106
1461,18,34,23,1.7,0.4140625,0.39999999999999997,3.2
1462,18,32,25,1.65,0.4444444444444444,0.47696960070847283,3.15
1463,18,34,23,1.7,0.4140625,0.39999999999999997,3.2
1464,18,32,24,1.7,0.43489583333333337,0.39999999999999997,3.2
1465,19,33,23,1.736842105263158,0.421875,0.4823763889427201,3.3684210526315788
1466,18,37,22,1.7,0.3828125,0.39999999999999997,3.2
1467,18,32,23,1.65,0.42857142857142855,0.47696960070847283,3.15
1468,19,33,24,1.736842105263158,0.4296875,0.4823763889427201,3.3684210526315788
1469,18,33,23,1.65,0.42063492063492064,0.47696960070847283,3.15
1470,18,37,22,1.7,0.3828125,0.39999999999999997,3.2
1471,19,32,24,1.736842105263158,0.4375,0.4823763889427201,3.3684210526315788
1472,18,33,24,1.7,0.4296875,0.39999999999999997,3.2
1473,18,32,24,1.7,0.43489583333333337,0.39999999999999997,3.2
1474,18,33,24,1.7,0.4296875,0.39999999999999997,3.2
1475,19,32,24,1.736842105263158,0.4375,0.4823763889427201,3.3684210526315788
1476,19,35,21,1.736842105263158,0.390625,0.4823763889427201,3.3684210526315788
1477,18,33,24,1.7,0.4296875,0.39999999999999997,3.2
1478,18,32,25,1.7,0.4453125,0.39999999999999997,3.2
1479,18,33,24,1.7,0.4296875,0.39999999999999997,3.2
1480,18,36,19,1.7,0.3645833333333333,0.39999999999999997,3.2
1481,18,32,23,1.65,0.42328042328042326,0.47696960070847283,3.15
1482,19,35,22,1.6842105263157894,0.3968253968253968,0.5668594533825794,3.3157894736842106
1483,18,36,21,1.7,0.3828125,0.39999999999999997,3.2
1484,18,32,24,1.65,0.4365079365079365,0.47696960070847283,3.15
1485,18,31,25,1.7,0.453125,0.39999999999999997,3.2
1486,18,34,24,1.7,0.421875,0.39999999999999997,3.2
1487,19,32,23,1.6842105263157894,0.425925925925926,0.5668594533825794,3.3157894736842106
1488,19,33,23,1.736842105263158,0.421875,0.4823763889427201,3.3684210526315788
1489,18,31,25,1.7,0.45052083333333337,0.39999999999999997,3.2
1490,18,35,24,1.7,0.4140625,0.39999999999999997,3.2
1491,18,33,24,1.7,0.4296875,0.39999999999999997,3.2
1492,18,36,23,1.7,0.3984375,0.39999999999999997,3.2
1493,18,36,22,1.7,0.390625,0.39999999999999997,3.2
1494,18,31,26,1.7,0.4609375,0.39999999999999997,3.2
1495,18,37,21,1.7,0.375,0.39999999999999997,3.2
1496,18,35,23,1.7,0.40625,0.39999999999999997,3.2
1497,18,34,22,1.7,0.40364583333333337,0.39999999999999997,3.2
1498,18,33,25,1.7,0.4375,0.39999999999999997,3.2
1499,18,31,26,1.7,0.4609375,0.39999999999999997,3.2
1500,18,29,26,1.7,0.47135416666666674,0.39999999999999997,3.2
1501,18,35,24,1.7,0.4140625,0.39999999999999997,3.2
1502,17,34,19,1.7142857142857142,0.375,0.21295885499997994,3.0476190476190474
1503,18,29,24,1.7,0.453125,0.39999999999999997,3.2
1504,18,37,21,1.7,0.375,0.39999999999999997,3.2
1505,18,33,23,1.7,0.421875,0.39999999999999997,3.2
1506,18,33,24,1.7,0.4296875,0.39999999999999997,3.2
1507,18,35,21,1.7,0.390625,0.39999999999999997,3.2
1508,18,32,25,1.7,0.4453125,0.39999999999999997,3.2
1509,18,30,26,1.7,0.46875,0.39999999999999997,3.2
1510,18,33,24,1.7,0.4296875,0.39999999999999997,3.2
1511,18,32,23,1.7,0.4296875,0.39999999999999997,3.2
1512,19,33,23,1.736842105263158,0.421875,0.4823763889427201,3.3684210526315788
1513,18,31,25,1.7,0.45052083333333337,0.39999999999999997,3.2
1514,18,30,26,1.7,0.46875,0.39999999999999997,3.2
1515,18,31,24,1.7,0.4427083333333333,0.39999999999999997,3.2
1516,18,30,24,1.7,0.453125,0.39999999999999997,3.2
1517,18,34,23,1.7,0.4114583333333333,0.39999999999999997,3.2
1518,18,32,24,1.7,0.4348958333333333,0.39999999999999997,3.2
1519,19,32,24,1.736842105263158,0.4348958333333333,0.4823763889427201,3.3684210526315788
1520,17,35,21,1.7142857142857142,0.38802083333333337,0.21295885499997994,3.0476190476190474
1521,18,36,21,1.7,0.38020833333333337,0.39999999999999997,3.2
1522,18,30,25,1.7,0.45833333333333337,0.39999999999999997,3.2
1523,18,32,24,1.7,0.4375,0.39999999999999997,3.2
1524,18,32,24,1.7,0.4322916666666667,0.39999999999999997,3.2
1525,18,31,26,1.7,0.4609375,0.39999999999999997,3.2
1526,18,37,21,1.7,0.375,0.39999999999999997,3.2
1527,18,35,23,1.7,0.40625,0.39999999999999997,3.2
1528,18,36,21,1.7,0.3828125,0.39999999999999997,3.2
1529,18,35,23,1.7,0.40625,0.39999999999999997,3.2
1530,18,32,23,1.7,0.4244791666666667,0.39999999999999997,3.2
1531,18,33,23,1.7,0.41927083333333337,0.39999999999999997,3.2
1532,18,31,25,1.7,0.453125,0.39999999999999997,3.2
1533,18,37,20,1.75,0.3671875,0.39999999999999997,3.2
1534,18,32,25,1.7,0.4453125,0.39999999999999997,3.2
1535,18,33,23,1.7,0.4192708333333333,0.39999999999999997,3.2
1536,18,32,23,1.7,0.4244791666666667,0.39999999999999997,3.2
1537,19,33,24,1.736842105263158,0.4296875,0.4823763889427201,3.3684210526315788
1538,18,33,24,1.7,0.4296875,0.39999999999999997,3.2
1539,18,36,21,1.7,0.3828125,0.39999999999999997,3.2
1540,18,31,24,1.7,0.44270833333333337,0.39999999999999997,3.2
1541,18,32,24,1.7,0.43489583333333337,0.39999999999999997,3.2
1542,18,31,23,1.7,0.43489583333333337,0.39999999999999997,3.2
1543,18,33,24,1.7,0.4296875,0.39999999999999997,3.2
1544,18,33,24,1.7,0.4296875,0.39999999999999997,3.2
1545,18,32,25,1.7,0.4453125,0.39999999999999997,3.2
1546,18,33,23,1.7,0.421875,0.39999999999999997,3.2
1547,19,34,21,1.736842105263158,0.39583333333333337,0.4823763889427201,3.3684210526315788
1548,18,34,24,1.7,0.421875,0.39999999999999997,3.2
1549,18,32,25,1.7,0.4453125,0.39999999999999997,3.2
1550,18,31,23,1.7,0.4322916666666667,0.39999999999999997,3.2
1551,19,32,23,1.6842105263157894,0.42857142857142855,0.5668594533825794,3.3157894736842106
1552,19,32,24,1.736842105263158,0.4348958333333333,0.4823763889427201,3.3684210526315788
1553,19,33,23,1.6842105263157894,0.42063492063492064,0.5668594533825794,3.3157894736842106
1554,18,31,25,1.7,0.453125,0.39999999999999997,3.2
1555,18,29,26,1.7,0.47395833333333337,0.39999999999999997,3.2
1556,18,31,26,1.7,0.45833333333333337,0.39999999999999997,3.2
1557,18,30,24,1.65,0.4497354497354497,0.47696960070847283,3.15
1558,18,30,25,1.7,0.45833333333333337,0.39999999999999997,3.2
1559,18,29,22,1.65,0.4417989417989418,0.47696960070847283,3.15
1560,18,30,24,1.65,0.4523809523809524,0.47696960070847283,3.15
1561,18,31,26,1.7,0.4609375,0.39999999999999997,3.2
1562,18,35,21,1.7,0.38802083333333337,0.39999999999999997,3.2
1563,18,29,26,1.7,0.47395833333333337,0.39999999999999997,3.2
1564,18,33,24,1.7,0.4296875,0.39999999999999997,3.2
1565,19,34,23,1.736842105263158,0.4140625,0.4823763889427201,3.3684210526315788
1566,19,33,23,1.736842105263158,0.41927083333333337,0.4823763889427201,3.3684210526315788
1567,19,32,23,1.736842105263158,0.4296875,0.4823763889427201,3.3684210526315788
1568,18,30,25,1.7,0.4609375,0.39999999999999997,3.2
1569,18,29,25,1.7,0.46354166666666674,0.39999999999999997,3.2
1570,18,30,25,1.65,0.4603174603174603,0.47696960070847283,3.15
1571,18,31,25,1.7,0.453125,0.39999999999999997,3.2
1572,18,35,20,1.65,0.3756613756613757,0.47696960070847283,3.15
1573,18,30,26,1.7,0.46875,0.39999999999999997,3.2
1574,18,32,25,1.7,0.4453125,0.39999999999999997,3.2
1575,18,35,19,1.7,0.37239583333333337,0.39999999999999997,3.2
1576,17,35,20,1.6666666666666667,0.375,0.21295885499997994,3.0476190476190474
1577,19,33,24,1.736842105263158,0.4296875,0.4823763889427201,3.3684210526315788
1578,18,29,26,1.7,0.47395833333333337,0.39999999999999997,3.2
1579,18,31,23,1.7,0.43489583333333337,0.39999999999999997,3.2
1580,18,33,25,1.7,0.4375,0.39999999999999997,3.2
1581,19,32,22,1.736842105263158,0.421875,0.48237638894272,3.3684210526315788
1582,18,34,23,1.7,0.4140625,0.39999999999999997,3.2
1583,18,34,22,1.65,0.40476190476190477,0.47696960070847283,3.15
1584,19,32,24,1.736842105263158,0.4348958333333333,0.4823763889427201,3.3684210526315788
1585,18,31,23,1.7,0.43489583333333337,0.39999999999999997,3.2
1586,18,31,25,1.7,0.453125,0.39999999999999997,3.2
1587,19,32,24,1.736842105263158,0.4375,0.4823763889427201,3.3684210526315788
1588,19,32,24,1.736842105263158,0.4375,0.4823763889427201,3.3684210526315788
1589,19,32,24,1.736842105263158,0.4375,0.4823763889427201,3.3684210526315788
1590,18,31,24,1.65,0.4444444444444444,0.47696960070847283,3.15
1591,18,30,24,1.7,0.44791666666666663,0.39999999999999997,3.2
1592,18,32,25,1.7,0.4453125,0.39999999999999997,3.2
1593,18,35,22,1.65,0.3968253968253968,0.47696960070847283,3.15
1594,18,33,24,1.7,0.4296875,0.39999999999999997,3.2
1595,18,32,25,1.7,0.4453125,0.39999999999999997,3.2
1596,17,38,20,1.6666666666666667,0.359375,0.21295885499997994,3.0476190476190474
1597,17,37,21,1.6666666666666667,0.375,0.21295885499997994,3.0476190476190474
1598,18,31,25,1.7,0.45052083333333337,0.39999999999999997,3.2
1599,18,29,25,1.7,0.46354166666666674,0.39999999999999997,3.2
1600,19,31,23,1.736842105263158,0.43489583333333337,0.4823763889427201,3.3684210526315788
1601,18,30,25,1.7,0.45572916666666663,0.39999999999999997,3.2
1602,18,32,24,1.7,0.4375,0.39999999999999997,3.2
1603,18,30,26,1.7,0.46875,0.39999999999999997,3.2
1604,18,31,25,1.7,0.453125,0.39999999999999997,3.2
1605,18,30,25,1.7,0.45833333333333337,0.39999999999999997,3.2
1606,18,31,25,1.7,0.453125,0.39999999999999997,3.2
1607,18,35,17,1.7,0.34895833333333337,0.39999999999999997,3.2
1608,18,33,24,1.7,0.4296875,0.39999999999999997,3.2
1609,18,29,26,1.7,0.47395833333333337,0.39999999999999997,3.2
1610,18,32,25,1.7,0.4453125,0.39999999999999997,3.2
1611,18,29,27,1.7,0.484375,0.39999999999999997,3.2
1612,18,29,25,1.7,0.46354166666666674,0.39999999999999997,3.2
1613,19,34,23,1.736842105263158,0.4140625,0.4823763889427201,3.3684210526315788
1614,17,36,19,1.6666666666666667,0.3619791666666667,0.21295885499997994,3.0476190476190474
1615,18,31,23,1.7,0.43489583333333337,0.39999999999999997,3.2
1616,18,32,25,1.7,0.4453125,0.39999999999999997,3.2
1617,18,31,24,1.65,0.43915343915343913,0.47696960070847283,3.15
1618,19,32,24,1.736842105263158,0.4375,0.4823763889427201,3.3684210526315788
1619,18,32,24,1.7,0.4348958333333333,0.39999999999999997,3.2
1620,18,31,24,1.65,0.4444444444444444,0.47696960070847283,3.15
1621,19,31,24,1.6842105263157894,0.4417989417989418,0.5668594533825794,3.3157894736842106
1622,18,31,24,1.7,0.4427083333333333,0.39999999999999997,3.2
1623,19,32,23,1.736842105263158,0.4270833333333333,0.4823763889427201,3.3684210526315788
1624,18,36,22,1.7,0.3880208333333333,0.39999999999999997,3.2
1625,19,34,23,1.736842105263158,0.4140625,0.4823763889427201,3.3684210526315788
1626,18,31,24,1.65,0.4444444444444444,0.47696960070847283,3.15
1627,19,32,24,1.736842105263158,0.4375,0.4823763889427201,3.3684210526315788
1628,19,31,24,1.736842105263158,0.44270833333333337,0.4823763889427201,3.3684210526315788
1629,19,33,22,1.736842105263158,0.4140625,0.4823763889427201,3.3684210526315788
1630,18,29,26,1.7,0.47395833333333337,0.39999999999999997,3.2
1631,18,31,24,1.7,0.44270833333333337,0.39999999999999997,3.2
1632,19,32,23,1.6842105263157894,0.42857142857142855,0.5668594533825794,3.3157894736842106
1633,19,33,22,1.736842105263158,0.41145833333333337,0.4823763889427201,3.3684210526315788
1634,19,34,22,1.6842105263157894,0.40476190476190477,0.5668594533825794,3.3157894736842106
1635,18,34,23,1.7,0.4140625,0.39999999999999997,3.2
1636,18,33,24,1.7,0.4296875,0.39999999999999997,3.2
1637,18,32,25,1.7,0.4453125,0.39999999999999997,3.2
1638,18,31,24,1.7,0.4453125,0.39999999999999997,3.2
1639,18,33,23,1.7,0.421875,0.39999999999999997,3.2
1640,19,36,21,1.6842105263157894,0.38095238095238093,0.5668594533825794,3.3157894736842106
1641,18,35,21,1.7,0.38802083333333337,0.39999999999999997,3.2
1642,18,34,22,1.65,0.40476190476190477,0.47696960070847283,3.15
1643,19,32,24,1.736842105263158,0.4375,0.48237638894272,3.3684210526315788
1644,19,33,24,1.736842105263158,0.4296875,0.4823763889427201,3.3684210526315788
1645,19,33,22,1.736842105263158,0.4140625,0.48237638894272,3.3684210526315788
1646,18,32,24,1.7,0.4375,0.39999999999999997,3.2
1647,18,31,25,1.7,0.453125,0.39999999999999997,3.2
1648,18,31,24,1.65,0.44179894179894186,0.47696960070847283,3.15
1649,18,31,25,1.7,0.45052083333333337,0.39999999999999997,3.2
1650,18,36,20,1.75,0.37239583333333337,0.39999999999999997,3.2
1651,19,32,24,1.736842105263158,0.4375,0.4823763889427201,3.3684210526315788
1652,18,32,24,1.7,0.4375,0.39999999999999997,3.2
1653,18,32,23,1.7,0.4244791666666667,0.39999999999999997,3.2
1654,18,30,26,1.7,0.46875,0.39999999999999997,3.2
1655,18,30,25,1.7,0.45833333333333337,0.39999999999999997,3.2
1656,18,31,24,1.65,0.4417989417989418,0.47696960070847283,3.15
1657,19,35,21,1.736842105263158,0.3880208333333333,0.4823763889427201,3.3684210526315788
1658,18,35,22,1.7,0.3984375,0.39999999999999997,3.2
1659,18,32,25,1.7,0.4453125,0.39999999999999997,3.2
1660,18,34,22,1.7,0.4036458333333333,0.39999999999999997,3.2
1661,18,29,25,1.7,0.46354166666666674,0.39999999999999997,3.2
1662,18,31,24,1.7,0.4401041666666667,0.39999999999999997,3.2
1663,18,35,21,1.65,0.3888888888888889,0.47696960070847283,3.15
1664,19,31,25,1.736842105263158,0.45052083333333337,0.4823763889427201,3.3684210526315788
1665,19,32,24,1.736842105263158,0.4375,0.4823763889427201,3.3684210526315788
1666,18,32,23,1.7,0.4296875,0.39999999999999997,3.2
1667,18,34,20,1.65,0.38359788359788355,0.47696960070847283,3.15
1668,19,36,22,1.736842105263158,0.390625,0.4823763889427201,3.3684210526315788
1669,18,29,24,1.7,0.4609375,0.39999999999999997,3.2
1670,18,33,24,1.7,0.4296875,0.39999999999999997,3.2
1671,18,32,23,1.7,0.4296875,0.39999999999999997,3.2
1672,18,31,25,1.7,0.453125,0.39999999999999997,3.2
1673,18,35,19,1.7,0.3697916666666667,0.39999999999999997,3.2
1674,18,32,22,1.65,0.42063492063492064,0.47696960070847283,3.15
1675,18,35,19,1.7,0.3671875,0.39999999999999997,3.2
1676,19,32,23,1.736842105263158,0.4296875,0.4823763889427201,3.3684210526315788
1677,18,34,23,1.7,0.4140625,0.39999999999999997,3.2
1678,19,34,23,1.736842105263158,0.4140625,0.4823763889427201,3.3684210526315788
1679,18,31,24,1.7,0.4427083333333333,0.39999999999999997,3.2
1680,18,30,25,1.7,0.45833333333333337,0.39999999999999997,3.2
1681,18,30,24,1.7,0.44791666666666674,0.39999999999999997,3.2
1682,18,30,24,1.65,0.4523809523809524,0.47696960070847283,3.15
1683,18,29,25,1.7,0.46354166666666674,0.39999999999999997,3.2
1684,18,33,23,1.7,0.421875,0.39999999999999997,3.2
1685,18,34,23,1.7,0.4140625,0.39999999999999997,3.2
1686,18,32,23,1.7,0.42708333333333337,0.39999999999999997,3.2
1687,19,35,21,1.736842105263158,0.3880208333333333,0.4823763889427201,3.3684210526315788
1688,18,32,23,1.7,0.42708333333333337,0.39999999999999997,3.2
1689,19,34,23,1.736842105263158,0.4140625,0.4823763889427201,3.3684210526315788
1690,18,31,25,1.7,0.453125,0.39999999999999997,3.2
1691,18,32,23,1.7,0.42708333333333337,0.39999999999999997,3.2
1692,18,32,24,1.7,0.4375,0.39999999999999997,3.2
1693,19,33,23,1.6842105263157894,0.42063492063492064,0.5668594533825794,3.3157894736842106
1694,18,32,23,1.7,0.4244791666666667,0.39999999999999997,3.2
1695,19,34,23,1.736842105263158,0.4140625,0.4823763889427201,3.3684210526315788
1696,19,33,23,1.736842105263158,0.421875,0.4823763889427201,3.3684210526315788
1697,18,30,25,1.7,0.45833333333333337,0.39999999999999997,3.2
1698,18,31,23,1.65,0.4338624338624339,0.47696960070847283,3.15
1699,18,30,25,1.7,0.45833333333333337,0.39999999999999997,3.2
1700,18,36,20,1.75,0.37239583333333337,0.39999999999999997,3.2
1701,17,35,22,1.619047619047619,0.3958333333333333,0.21295885499997994,3.0476190476190474
1702,18,31,25,1.7,0.4505208333333333,0.39999999999999997,3.2
1703,19,32,24,1.736842105263158,0.4375,0.4823763889427201,3.3684210526315788
1704,18,30,25,1.7,0.45833333333333337,0.39999999999999997,3.2
1705,18,33,23,1.7,0.41927083333333337,0.39999999999999997,3.2
1706,18,32,24,1.7,0.4375,0.39999999999999997,3.2
1707,18,34,23,1.7,0.41145833333333337,0.39999999999999997,3.2
1708,18,30,26,1.7,0.46875,0.39999999999999997,3.2
1709,18,30,25,1.65,0.4603174603174603,0.47696960070847283,3.15
1710,18,31,25,1.7,0.453125,0.39999999999999997,3.2
1711,18,34,22,1.65,0.40476190476190477,0.47696960070847283,3.15
1712,18,32,24,1.7,0.4375,0.39999999999999997,3.2
1713,18,33,20,1.65,0.3941798941798942,0.47696960070847283,3.15
1714,18,32,23,1.7,0.4296875,0.39999999999999997,3.2
1715,18,31,25,1.7,0.453125,0.39999999999999997,3.2
1716,18,33,24,1.7,0.4296875,0.39999999999999997,3.2
1717,18,33,21,1.65,0.3994708994708994,0.47696960070847283,3.15
1718,18,31,23,1.65,0.4365079365079365,0.47696960070847283,3.15
1719,19,32,23,1.6842105263157894,0.42857142857142855,0.5668594533825794,3.3157894736842106
1720,19,32,23,1.736842105263158,0.42708333333333337,0.4823763889427201,3.3684210526315788
1721,18,33,24,1.7,0.4296875,0.39999999999999997,3.2
1722,18,29,25,1.7,0.46354166666666663,0.39999999999999997,3.2
1723,18,29,26,1.7,0.47395833333333337,0.39999999999999997,3.2
1724,18,31,25,1.7,0.453125,0.39999999999999997,3.2
1725,18,40,18,1.7,0.328125,0.39999999999999997,3.2
1726,18,29,26,1.7,0.47395833333333337,0.39999999999999997,3.2
1727,18,33,24,1.7,0.42708333333333337,0.39999999999999997,3.2
1728,18,32,24,1.7,0.4375,0.39999999999999997,3.2
1729,18,31,26,1.7,0.4609375,0.39999999999999997,3.2
1730,18,34,22,1.7,0.40625,0.39999999999999997,3.2
1731,18,30,25,1.7,0.45833333333333337,0.39999999999999997,3.2
1732,18,34,22,1.7,0.40364583333333337,0.39999999999999997,3.2
1733,18,32,23,1.65,0.42328042328042326,0.47696960070847283,3.15
1734,18,31,25,1.7,0.45052083333333337,0.39999999999999997,3.2
1735,18,32,23,1.7,0.4270833333333333,0.39999999999999997,3.2
1736,18,33,23,1.65,0.42063492063492064,0.47696960070847283,3.15
1737,18,30,25,1.7,0.45833333333333337,0.39999999999999997,3.2
1738,18,32,23,1.65,0.42857142857142855,0.47696960070847283,3.15
1739,18,32,24,1.7,0.4375,0.39999999999999997,3.2
1740,18,32,23,1.7,0.42708333333333337,0.39999999999999997,3.2
1741,18,35,21,1.65,0.3888888888888889,0.47696960070847283,3.15
1742,18,34,23,1.7,0.4140625,0.39999999999999997,3.2
1743,18,38,19,1.7,0.3515625,0.39999999999999997,3.2
1744,18,31,24,1.7,0.44270833333333337,0.39999999999999997,3.2
1745,18,31,24,1.7,0.44270833333333337,0.39999999999999997,3.2
1746,19,31,25,1.736842105263158,0.453125,0.4823763889427201,3.3684210526315788
1747,18,31,25,1.7,0.453125,0.39999999999999997,3.2
1748,18,28,26,1.65,0.48412698412698413,0.47696960070847283,3.15
1749,18,29,26,1.7,0.47395833333333337,0.39999999999999997,3.2
1750,18,30,25,1.7,0.45833333333333337,0.39999999999999997,3.2
1751,18,32,24,1.7,0.43489583333333337,0.39999999999999997,3.2
1752,18,28,26,1.7,0.47916666666666674,0.39999999999999997,3.2
1753,18,35,18,1.7,0.3597883597883598,0.47696960070847283,3.15
1754,18,33,24,1.7,0.4296875,0.39999999999999997,3.2
1755,18,30,26,1.7,0.46875,0.39999999999999997,3.2
1756,18,30,25,1.7,0.45833333333333337,0.39999999999999997,3.2
1757,18,30,25,1.7,0.45833333333333337,0.39999999999999997,3.2
1758,18,29,26,1.7,0.47395833333333337,0.39999999999999997,3.2
1759,18,29,25,1.7,0.46354166666666674,0.39999999999999997,3.2
1760,18,29,26,1.7,0.47395833333333337,0.39999999999999997,3.2
1761,18,33,22,1.65,0.4100529100529101,0.47696960070847283,3.15
1762,17,36,22,1.6666666666666667,0.390625,0.21295885499997994,3.0476190476190474
1763,18,31,24,1.65,0.4417989417989418,0.47696960070847283,3.15
1764,18,32,23,1.7,0.42708333333333337,0.39999999999999997,3.2
1765,18,31,26,1.7,0.4609375,0.39999999999999997,3.2
1766,18,29,26,1.7,0.47395833333333337,0.39999999999999997,3.2
1767,18,31,24,1.7,0.44270833333333337,0.39999999999999997,3.2
1768,18,29,26,1.7,0.47395833333333337,0.39999999999999997,3.2
1769,18,29,26,1.7,0.47395833333333337,0.39999999999999997,3.2
1770,18,32,24,1.7,0.4375,0.39999999999999997,3.2
1771,18,29,26,1.7,0.47395833333333337,0.39999999999999997,3.2
1772,18,32,22,1.7,0.4166666666666667,0.39999999999999997,3.2
1773,18,33,23,1.65,0.417989417989418,0.47696960070847283,3.15
1774,18,31,24,1.65,0.4417989417989418,0.47696960070847283,3.15
1775,19,32,23,1.736842105263158,0.42708333333333337,0.4823763889427201,3.3684210526315788
1776,18,29,26,1.7,0.47395833333333337,0.39999999999999997,3.2
1777,18,32,23,1.7,0.42708333333333337,0.39999999999999997,3.2
1778,18,29,26,1.7,0.47395833333333337,0.39999999999999997,3.2
1779,18,30,25,1.7,0.4609375,0.39999999999999997,3.2
1780,18,29,26,1.7,0.47395833333333337,0.39999999999999997,3.2
1781,18,33,24,1.7,0.4296875,0.39999999999999997,3.2
1782,19,32,23,1.736842105263158,0.42708333333333337,0.4823763889427201,3.3684210526315788
1783,18,34,23,1.7,0.4140625,0.39999999999999997,3.2
1784,18,38,20,1.7,0.359375,0.39999999999999997,3.2
1785,18,31,25,1.7,0.453125,0.39999999999999997,3.2
1786,18,32,26,1.7,0.453125,0.39999999999999997,3.2
1787,18,34,23,1.7,0.41145833333333337,0.39999999999999997,3.2
1788,18,32,23,1.7,0.4244791666666667,0.39999999999999997,3.2
1789,18,30,25,1.7,0.45833333333333337,0.39999999999999997,3.2
1790,18,38,20,1.7,0.359375,0.39999999999999997,3.2
1791,18,32,24,1.7,0.4375,0.39999999999999997,3.2
1792,18,36,21,1.7,0.3828125,0.39999999999999997,3.2
1793,18,32,25,1.7,0.4453125,0.39999999999999997,3.2
1794,18,32,24,1.7,0.4375,0.39999999999999997,3.2
1795,18,29,26,1.7,0.47395833333333337,0.39999999999999997,3.2
1796,18,33,24,1.7,0.4296875,0.39999999999999997,3.2
1797,18,29,26,1.7,0.47395833333333337,0.39999999999999997,3.2
1798,18,37,21,1.7,0.3723958333333333,0.39999999999999997,3.2
1799,18,29,26,1.7,0.47395833333333337,0.39999999999999997,3.2
1800,18,30,25,1.7,0.4609375,0.39999999999999997,3.2
1801,18,31,25,1.7,0.453125,0.39999999999999997,3.2
1802,18,30,25,1.7,0.45833333333333337,0.39999999999999997,3.2
1803,18,30,25,1.7,0.45833333333333337,0.39999999999999997,3.2
1804,18,30,26,1.7,0.46875,0.39999999999999997,3.2
1805,18,31,25,1.7,0.453125,0.39999999999999997,3.2
1806,18,32,24,1.7,0.4375,0.39999999999999997,3.2
1807,18,32,24,1.7,0.43489583333333337,0.39999999999999997,3.2
1808,18,30,24,1.7,0.45052083333333337,0.39999999999999997,3.2
1809,18,30,23,1.65,0.44179894179894186,0.47696960070847283,3.15
1810,18,33,24,1.7,0.4296875,0.39999999999999997,3.2
1811,18,32,24,1.7,0.4375,0.39999999999999997,3.2
1812,18,29,25,1.7,0.46614583333333337,0.39999999999999997,3.2
1813,18,32,23,1.65,0.42857142857142855,0.47696960070847283,3.15
1814,18,30,25,1.7,0.45833333333333337,0.39999999999999997,3.2
1815,18,30,25,1.7,0.45833333333333337,0.39999999999999997,3.2
1816,18,31,23,1.65,0.43386243386243384,0.47696960070847283,3.15
1817,18,29,25,1.7,0.46614583333333337,0.39999999999999997,3.2
1818,18,30,25,1.7,0.45833333333333337,0.39999999999999997,3.2
1819,19,32,23,1.736842105263158,0.42447916666666663,0.4823763889427201,3.3684210526315788
1820,18,30,26,1.7,0.46875,0.39999999999999997,3.2
1821,18,29,24,1.7,0.45312500000000006,0.39999999999999997,3.2
1822,18,34,24,1.7,0.421875,0.39999999999999997,3.2
1823,18,32,24,1.7,0.4375,0.39999999999999997,3.2
1824,18,33,26,1.7,0.4453125,0.39999999999999997,3.2
1825,18,33,24,1.7,0.4296875,0.39999999999999997,3.2
1826,19,37,20,1.736842105263158,0.36458333333333337,0.4823763889427201,3.3684210526315788
1827,18,31,24,1.65,0.4417989417989418,0.47696960070847283,3.15
1828,18,31,25,1.7,0.453125,0.39999999999999997,3.2
1829,18,29,25,1.7,0.46354166666666674,0.39999999999999997,3.2
1830,18,30,25,1.7,0.45833333333333337,0.39999999999999997,3.2
1831,18,32,25,1.7,0.4453125,0.39999999999999997,3.2
1832,19,34,21,1.6842105263157894,0.39417989417989424,0.5668594533825794,3.3157894736842106
1833,18,29,26,1.7,0.47395833333333337,0.39999999999999997,3.2
1834,18,28,27,1.7,0.48958333333333337,0.39999999999999997,3.2
1835,18,30,25,1.7,0.45833333333333337,0.39999999999999997,3.2
1836,18,35,22,1.7,0.3984375,0.39999999999999997,3.2
1837,18,29,26,1.7,0.47395833333333337,0.39999999999999997,3.2
1838,18,29,26,1.7,0.47395833333333337,0.39999999999999997,3.2
1839,18,29,25,1.7,0.46354166666666674,0.39999999999999997,3.2
1840,18,30,23,1.7,0.4375,0.39999999999999997,3.2
1841,18,29,25,1.65,0.46825396825396826,0.47696960070847283,3.15
1842,19,38,21,1.736842105263158,0.3671875,0.4823763889427201,3.3684210526315788
1843,18,31,26,1.7,0.4609375,0.39999999999999997,3.2
1844,18,34,22,1.7,0.4036458333333333,0.39999999999999997,3.2
1845,18,29,25,1.65,0.46825396825396826,0.47696960070847283,3.15
1846,18,34,22,1.7,0.40364583333333337,0.39999999999999997,3.2
1847,18,34,23,1.7,0.4140625,0.39999999999999997,3.2
1848,19,33,23,1.736842105263158,0.421875,0.4823763889427201,3.3684210526315788
1849,18,31,25,1.65,0.4523809523809524,0.47696960070847283,3.15
1850,18,30,25,1.7,0.45833333333333337,0.39999999999999997,3.2
1851,18,30,23,1.65,0.44179894179894186,0.47696960070847283,3.15
1852,18,29,26,1.7,0.47395833333333337,0.39999999999999997,3.2
1853,19,33,21,1.6842105263157894,0.3994708994708994,0.5668594533825794,3.3157894736842106
1854,18,31,25,1.7,0.45052083333333337,0.39999999999999997,3.2
1855,18,35,22,1.7,0.39583333333333337,0.39999999999999997,3.2
1856,18,30,23,1.7,0.4375,0.39999999999999997,3.2
1857,18,30,25,1.7,0.45833333333333337,0.39999999999999997,3.2
1858,19,31,24,1.736842105263158,0.4453125,0.4823763889427201,3.3684210526315788
1859,18,32,23,1.65,0.42857142857142855,0.47696960070847283,3.15
1860,18,32,22,1.7,0.41666666666666663,0.39999999999999997,3.2
1861,18,32,23,1.65,0.42857142857142855,0.47696960070847283,3.15
1862,18,28,23,1.65,0.45502645502645506,0.47696960070847283,3.15
1863,18,30,25,1.7,0.45833333333333337,0.39999999999999997,3.2
1864,18,29,25,1.7,0.46354166666666674,0.39999999999999997,3.2
1865,18,29,26,1.7,0.47395833333333337,0.39999999999999997,3.2
1866,18,31,24,1.7,0.4427083333333333,0.39999999999999997,3.2
1867,18,30,24,1.7,0.44791666666666674,0.39999999999999997,3.2
1868,18,29,24,1.7,0.45833333333333337,0.39999999999999997,3.2
1869,18,29,26,1.7,0.47395833333333337,0.39999999999999997,3.2
1870,18,31,24,1.7,0.44270833333333337,0.39999999999999997,3.2
1871,19,35,19,1.6842105263157894,0.3703703703703704,0.5668594533825794,3.3157894736842106
1872,18,31,23,1.7,0.43489583333333337,0.39999999999999997,3.2
1873,18,35,23,1.7,0.40625,0.39999999999999997,3.2
1874,18,30,23,1.7,0.44270833333333337,0.39999999999999997,3.2
1875,18,29,26,1.7,0.47395833333333337,0.39999999999999997,3.2
1876,18,30,25,1.7,0.45833333333333337,0.39999999999999997,3.2
1877,18,28,23,1.65,0.4523809523809524,0.47696960070847283,3.15
1878,18,30,25,1.7,0.45572916666666663,0.39999999999999997,3.2
1879,18,31,25,1.7,0.453125,0.39999999999999997,3.2
1880,18,30,25,1.7,0.45833333333333337,0.39999999999999997,3.2
1881,18,34,20,1.65,0.3888888888888889,0.47696960070847283,3.15
1882,18,29,26,1.7,0.47395833333333337,0.39999999999999997,3.2
1884,18,29,26,1.7,0.47395833333333337,0.39999999999999997,3.2
1885,18,29,26,1.7,0.47395833333333337,0.39999999999999997,3.2
1886,18,29,26,1.7,0.47395833333333337,0.39999999999999997,3.2
1887,18,29,26,1.7,0.47395833333333337,0.39999999999999997,3.2
1888,18,29,26,1.7,0.47395833333333337,0.39999999999999997,3.2
1889,18,29,26,1.7,0.47395833333333337,0.39999999999999997,3.2
1890,18,29,26,1.7,0.47395833333333337,0.39999999999999997,3.2
1891,18,29,26,1.7,0.47395833333333337,0.39999999999999997,3.2
1892,18,29,26,1.7,0.47395833333333337,0.39999999999999997,3.2
1893,18,29,26,1.7,0.47395833333333337,0.39999999999999997,3.2
