Episode,Desafios_sin_equipo,Estudiantes_fuera_preferencias,Estudiantes_primera_prioridad,Promedio_carreras_por_equipo,Satisfaccion_promedio,STD_tamano_equipos,Tamano_promedio_equipo
2,18,63,1,1.75,0.015625,0.39999999999999997,3.2
3,18,58,1,1.7,0.049479166666666664,0.39999999999999997,3.2
4,18,59,1,1.75,0.041666666666666664,0.39999999999999997,3.2
5,18,61,2,1.75,0.036458333333333336,0.39999999999999997,3.2
6,17,56,2,1.7142857142857142,0.07291666666666666,0.21295885499997994,3.0476190476190474
7,18,60,1,1.75,0.0390625,0.39999999999999997,3.2
8,17,58,2,1.7142857142857142,0.05729166666666666,0.21295885499997994,3.0476190476190474
9,18,61,2,1.75,0.03645833333333333,0.39999999999999997,3.2
10,18,58,2,1.75,0.05989583333333333,0.39999999999999997,3.2
11,18,58,1,1.75,0.05208333333333333,0.39999999999999997,3.2
12,18,59,2,1.75,0.046875,0.39999999999999997,3.2
13,18,60,2,1.75,0.044270833333333336,0.39999999999999997,3.2
14,19,60,1,1.7894736842105263,0.0390625,0.4823763889427201,3.3684210526315788
15,18,60,1,1.75,0.033854166666666664,0.39999999999999997,3.2
16,18,62,1,1.75,0.0234375,0.39999999999999997,3.2
17,19,57,2,1.7894736842105263,0.06770833333333333,0.48237638894272,3.3684210526315788
18,18,60,1,1.75,0.033854166666666664,0.39999999999999997,3.2
19,20,58,2,1.8333333333333333,0.05989583333333333,0.49690399499995325,3.5555555555555554
20,17,59,1,1.7142857142857142,0.03645833333333333,0.21295885499997994,3.0476190476190474
21,17,58,1,1.6666666666666667,0.042328042328042326,0.3086066999241838,3.0
22,18,60,3,1.75,0.05208333333333333,0.39999999999999997,3.2
23,17,57,5,1.7142857142857142,0.09114583333333334,0.21295885499997994,3.0476190476190474
24,18,56,2,1.75,0.06510416666666666,0.39999999999999997,3.2
25,18,56,3,1.75,0.08333333333333333,0.39999999999999997,3.2
26,18,58,3,1.75,0.06249999999999999,0.39999999999999997,3.2
27,19,60,2,1.7894736842105263,0.04427083333333333,0.4823763889427201,3.3684210526315788
28,17,62,0,1.7142857142857142,0.010416666666666666,0.21295885499997994,3.0476190476190474
29,18,59,2,1.75,0.049479166666666664,0.39999999999999997,3.2
30,18,61,1,1.75,0.028645833333333332,0.39999999999999997,3.2
31,17,55,3,1.7142857142857142,0.0859375,0.21295885499997994,3.0476190476190474
32,18,55,6,1.75,0.11458333333333333,0.39999999999999997,3.2
33,18,58,4,1.75,0.07552083333333333,0.39999999999999997,3.2
34,18,62,1,1.75,0.0234375,0.39999999999999997,3.2
35,18,56,5,1.75,0.09895833333333333,0.39999999999999997,3.2
36,19,60,1,1.7894736842105263,0.033854166666666664,0.4823763889427201,3.3684210526315788
37,18,59,2,1.75,0.0546875,0.39999999999999997,3.2
38,19,61,1,1.7894736842105263,0.026041666666666664,0.4823763889427201,3.3684210526315788
39,17,57,2,1.7142857142857142,0.06510416666666666,0.21295885499997994,3.0476190476190474
40,18,60,1,1.75,0.033854166666666664,0.39999999999999997,3.2
41,18,60,1,1.75,0.033854166666666664,0.39999999999999997,3.2
42,18,61,1,1.75,0.03125,0.39999999999999997,3.2
43,17,56,3,1.7142857142857142,0.07291666666666666,0.21295885499997994,3.0476190476190474
44,18,59,1,1.75,0.04427083333333333,0.39999999999999997,3.2
45,17,61,0,1.7142857142857142,0.020833333333333332,0.21295885499997994,3.0476190476190474
46,19,57,3,1.7894736842105263,0.07291666666666666,0.4823763889427201,3.3684210526315788
47,18,60,3,1.75,0.05208333333333333,0.39999999999999997,3.2
48,18,59,4,1.75,0.06770833333333334,0.39999999999999997,3.2
49,17,57,3,1.7142857142857142,0.078125,0.21295885499997994,3.0476190476190474
50,19,61,1,1.7894736842105263,0.028645833333333332,0.4823763889427201,3.3684210526315788
51,18,59,2,1.75,0.04947916666666666,0.39999999999999997,3.2
52,18,58,2,1.75,0.057291666666666664,0.39999999999999997,3.2
53,18,64,0,1.75,0.0,0.39999999999999997,3.2
54,18,60,3,1.75,0.0546875,0.39999999999999997,3.2
55,17,60,2,1.7142857142857142,0.046875,0.21295885499997994,3.0476190476190474
56,18,58,2,1.7,0.05026455026455026,0.47696960070847283,3.15
57,17,57,3,1.7142857142857142,0.07552083333333333,0.21295885499997994,3.0476190476190474
58,18,51,4,1.75,0.11458333333333331,0.39999999999999997,3.2
59,18,59,3,1.75,0.05989583333333333,0.39999999999999997,3.2
60,18,60,2,1.75,0.04166666666666667,0.39999999999999997,3.2
61,17,58,3,1.7142857142857142,0.06510416666666667,0.21295885499997994,3.0476190476190474
62,18,61,2,1.75,0.0390625,0.39999999999999997,3.2
63,18,63,0,1.75,0.005208333333333333,0.39999999999999997,3.2
64,17,58,4,1.7142857142857142,0.07291666666666667,0.21295885499997994,3.0476190476190474
65,17,55,4,1.6666666666666667,0.09375,0.21295885499997994,3.0476190476190474
66,19,60,2,1.7894736842105263,0.044270833333333336,0.4823763889427201,3.3684210526315788
67,17,57,4,1.7142857142857142,0.08333333333333333,0.21295885499997994,3.0476190476190474
68,18,57,1,1.75,0.0625,0.39999999999999997,3.2
69,17,57,1,1.7142857142857142,0.0546875,0.21295885499997994,3.0476190476190474
70,17,55,4,1.7142857142857142,0.09374999999999999,0.21295885499997994,3.0476190476190474
71,19,58,3,1.7894736842105263,0.06510416666666667,0.4823763889427201,3.3684210526315788
72,18,57,4,1.75,0.078125,0.39999999999999997,3.2
73,18,58,4,1.75,0.07291666666666666,0.39999999999999997,3.2
74,17,61,1,1.7142857142857142,0.03125,0.21295885499997994,3.0476190476190474
75,18,60,1,1.75,0.033854166666666664,0.39999999999999997,3.2
76,18,59,1,1.75,0.0390625,0.39999999999999997,3.2
77,19,50,6,1.736842105263158,0.14285714285714285,0.5668594533825794,3.3157894736842106
78,19,62,0,1.7894736842105263,0.015625,0.4823763889427201,3.3684210526315788
79,17,59,1,1.7142857142857142,0.041666666666666664,0.21295885499997994,3.0476190476190474
80,17,60,2,1.7142857142857142,0.04427083333333333,0.21295885499997994,3.0476190476190474
81,18,59,1,1.75,0.04427083333333333,0.39999999999999997,3.2
82,17,59,3,1.7142857142857142,0.059895833333333336,0.21295885499997994,3.0476190476190474
83,17,57,3,1.7142857142857142,0.0703125,0.21295885499997994,3.0476190476190474
84,17,55,1,1.6666666666666667,0.0625,0.21295885499997994,3.0476190476190474
85,19,54,7,1.7894736842105263,0.13020833333333331,0.4823763889427201,3.3684210526315788
86,18,59,1,1.75,0.04427083333333333,0.39999999999999997,3.2
87,18,61,0,1.75,0.020833333333333332,0.39999999999999997,3.2
88,18,57,2,1.75,0.05989583333333333,0.39999999999999997,3.2
89,17,57,5,1.7142857142857142,0.09114583333333333,0.21295885499997994,3.0476190476190474
90,17,55,3,1.7142857142857142,0.0859375,0.21295885499997994,3.0476190476190474
91,18,57,4,1.7,0.07671957671957672,0.47696960070847283,3.15
92,17,55,8,1.7142857142857142,0.13020833333333334,0.21295885499997994,3.0476190476190474
93,18,62,0,1.75,0.015625,0.39999999999999997,3.2
94,18,63,1,1.75,0.015625,0.39999999999999997,3.2
95,17,58,3,1.7142857142857142,0.0625,0.21295885499997994,3.0476190476190474
96,19,56,4,1.7894736842105263,0.08854166666666666,0.4823763889427201,3.3684210526315788
97,19,53,3,1.7894736842105263,0.09375,0.48237638894272,3.3684210526315788
98,19,58,2,1.7894736842105263,0.05468749999999999,0.48237638894272,3.3684210526315788
99,17,56,4,1.7142857142857142,0.08854166666666666,0.21295885499997994,3.0476190476190474
100,19,57,2,1.7894736842105263,0.06249999999999999,0.4823763889427201,3.3684210526315788
101,20,54,3,1.8333333333333333,0.08854166666666666,0.49690399499995325,3.5555555555555554
102,17,60,3,1.6666666666666667,0.05208333333333333,0.21295885499997994,3.0476190476190474
103,18,59,3,1.75,0.05729166666666666,0.39999999999999997,3.2
104,19,55,3,1.7894736842105263,0.09114583333333333,0.4823763889427201,3.3684210526315788
105,18,52,7,1.75,0.13802083333333331,0.39999999999999997,3.2
106,17,54,5,1.7142857142857142,0.11197916666666666,0.21295885499997994,3.0476190476190474
107,18,56,3,1.7,0.07552083333333333,0.39999999999999997,3.2
108,19,59,1,1.7894736842105263,0.04427083333333333,0.4823763889427201,3.3684210526315788
109,18,56,5,1.75,0.09895833333333333,0.39999999999999997,3.2
110,19,54,6,1.7894736842105263,0.125,0.4823763889427201,3.3684210526315788
111,19,54,4,1.736842105263158,0.09895833333333333,0.4823763889427201,3.3684210526315788
112,17,59,1,1.7142857142857142,0.0390625,0.21295885499997994,3.0476190476190474
113,19,57,3,1.7894736842105263,0.078125,0.48237638894272,3.3684210526315788
114,17,59,2,1.619047619047619,0.052083333333333336,0.21295885499997994,3.0476190476190474
115,17,62,1,1.7142857142857142,0.020833333333333332,0.21295885499997994,3.0476190476190474
116,19,57,3,1.7894736842105263,0.07552083333333333,0.4823763889427201,3.3684210526315788
117,18,54,9,1.75,0.1484375,0.39999999999999997,3.2
118,18,53,7,1.75,0.1328125,0.39999999999999997,3.2
119,18,52,5,1.75,0.125,0.39999999999999997,3.2
120,19,54,5,1.7894736842105263,0.109375,0.4823763889427201,3.3684210526315788
121,18,56,2,1.75,0.0703125,0.39999999999999997,3.2
122,18,53,5,1.75,0.10937499999999999,0.39999999999999997,3.2
123,18,56,7,1.7,0.11458333333333333,0.39999999999999997,3.2
124,18,51,6,1.75,0.14583333333333331,0.39999999999999997,3.2
125,18,56,3,1.75,0.078125,0.39999999999999997,3.2
126,18,55,3,1.7,0.08072916666666666,0.39999999999999997,3.2
127,19,50,6,1.7894736842105263,0.14583333333333331,0.4823763889427201,3.3684210526315788
128,18,45,9,1.75,0.19791666666666663,0.39999999999999997,3.2
129,18,56,5,1.75,0.09895833333333333,0.39999999999999997,3.2
130,17,51,5,1.7142857142857142,0.13541666666666666,0.21295885499997994,3.0476190476190474
131,20,53,6,1.8333333333333333,0.13020833333333334,0.49690399499995325,3.5555555555555554
132,18,47,9,1.75,0.19791666666666666,0.39999999999999997,3.2
133,18,55,5,1.75,0.1015625,0.39999999999999997,3.2
134,18,52,8,1.7,0.14583333333333331,0.39999999999999997,3.2
135,18,56,3,1.75,0.08333333333333333,0.39999999999999997,3.2
136,18,55,6,1.75,0.11458333333333333,0.39999999999999997,3.2
137,18,53,5,1.75,0.11197916666666666,0.39999999999999997,3.2
138,17,52,5,1.7142857142857142,0.11979166666666666,0.21295885499997994,3.0476190476190474
139,18,49,11,1.75,0.1953125,0.39999999999999997,3.2
140,18,48,8,1.7,0.1796875,0.39999999999999997,3.2
141,18,46,8,1.75,0.1875,0.39999999999999997,3.2
142,18,51,6,1.75,0.140625,0.39999999999999997,3.2
143,18,48,9,1.75,0.18489583333333331,0.39999999999999997,3.2
144,17,52,8,1.7142857142857142,0.1484375,0.21295885499997994,3.0476190476190474
145,18,51,10,1.7,0.1796875,0.39999999999999997,3.2
146,18,50,6,1.75,0.140625,0.39999999999999997,3.2
147,19,52,10,1.736842105263158,0.171875,0.4823763889427201,3.3684210526315788
148,18,50,8,1.75,0.16145833333333334,0.39999999999999997,3.2
149,18,47,6,1.75,0.171875,0.39999999999999997,3.2
150,18,55,5,1.75,0.109375,0.39999999999999997,3.2
151,18,50,9,1.75,0.17447916666666669,0.39999999999999997,3.2
152,18,48,9,1.75,0.1796875,0.39999999999999997,3.2
153,19,49,6,1.736842105263158,0.15364583333333334,0.4823763889427201,3.3684210526315788
154,18,49,11,1.75,0.19791666666666666,0.39999999999999997,3.2
155,19,50,8,1.7894736842105263,0.1640625,0.4823763889427201,3.3684210526315788
156,17,48,4,1.7142857142857142,0.1484375,0.21295885499997994,3.0476190476190474
157,18,51,7,1.75,0.15364583333333331,0.39999999999999997,3.2
158,19,48,8,1.7894736842105263,0.1796875,0.48237638894272,3.3684210526315788
159,19,47,7,1.7894736842105263,0.171875,0.4823763889427201,3.3684210526315788
160,17,51,7,1.7142857142857142,0.15104166666666666,0.21295885499997994,3.0476190476190474
161,19,52,8,1.7894736842105263,0.1484375,0.4823763889427201,3.3684210526315788
162,18,51,10,1.75,0.17447916666666666,0.39999999999999997,3.2
163,18,49,8,1.75,0.17447916666666666,0.39999999999999997,3.2
164,19,50,9,1.7894736842105263,0.171875,0.4823763889427201,3.3684210526315788
165,18,46,8,1.75,0.19010416666666669,0.39999999999999997,3.2
166,20,46,11,1.8333333333333333,0.21875,0.49690399499995325,3.5555555555555554
167,17,49,7,1.7142857142857142,0.15885416666666669,0.21295885499997994,3.0476190476190474
168,18,51,10,1.75,0.17708333333333331,0.39999999999999997,3.2
169,18,45,13,1.65,0.24479166666666669,0.39999999999999997,3.2
170,19,47,10,1.7894736842105263,0.20572916666666666,0.4823763889427201,3.3684210526315788
171,19,50,10,1.7894736842105263,0.18489583333333331,0.4823763889427201,3.3684210526315788
172,19,48,9,1.7894736842105263,0.18489583333333331,0.4823763889427201,3.3684210526315788
173,19,52,7,1.7894736842105263,0.14583333333333331,0.4823763889427201,3.3684210526315788
174,18,52,6,1.75,0.13020833333333331,0.39999999999999997,3.2
175,19,49,11,1.7894736842105263,0.19791666666666666,0.4823763889427201,3.3684210526315788
176,18,45,8,1.7,0.19312169312169314,0.47696960070847283,3.15
177,18,49,9,1.75,0.18489583333333331,0.39999999999999997,3.2
178,18,50,10,1.75,0.18229166666666669,0.39999999999999997,3.2
179,19,49,11,1.7894736842105263,0.203125,0.4823763889427201,3.3684210526315788
180,18,50,10,1.75,0.18229166666666666,0.39999999999999997,3.2
181,19,46,13,1.736842105263158,0.23544973544973544,0.5668594533825794,3.3157894736842106
182,19,49,10,1.7894736842105263,0.19270833333333331,0.48237638894272,3.3684210526315788
183,18,46,11,1.75,0.21875,0.39999999999999997,3.2
184,18,47,13,1.75,0.23177083333333331,0.39999999999999997,3.2
185,19,49,10,1.7894736842105263,0.19010416666666669,0.48237638894272,3.3684210526315788
186,19,43,13,1.7894736842105263,0.25520833333333337,0.4823763889427201,3.3684210526315788
187,19,48,13,1.7894736842105263,0.22395833333333334,0.4823763889427201,3.3684210526315788
188,17,48,13,1.7142857142857142,0.2265625,0.21295885499997994,3.0476190476190474
189,17,47,10,1.7142857142857142,0.203125,0.21295885499997994,3.0476190476190474
190,19,46,16,1.7894736842105263,0.265625,0.4823763889427201,3.3684210526315788
191,19,47,12,1.7894736842105263,0.21875,0.4823763889427201,3.3684210526315788
192,18,47,10,1.75,0.203125,0.39999999999999997,3.2
193,19,43,13,1.7894736842105263,0.2604166666666667,0.4823763889427201,3.3684210526315788
194,18,50,9,1.75,0.17708333333333331,0.39999999999999997,3.2
195,19,45,12,1.7894736842105263,0.23697916666666663,0.48237638894272,3.3684210526315788
196,18,48,11,1.75,0.20833333333333331,0.39999999999999997,3.2
197,18,43,14,1.75,0.2682291666666667,0.39999999999999997,3.2
198,20,47,9,1.8333333333333333,0.20052083333333331,0.49690399499995325,3.5555555555555554
199,18,50,10,1.75,0.1875,0.39999999999999997,3.2
200,18,45,12,1.75,0.22916666666666669,0.39999999999999997,3.2
201,19,49,10,1.7894736842105263,0.1953125,0.4823763889427201,3.3684210526315788
202,19,46,11,1.736842105263158,0.22135416666666669,0.4823763889427201,3.3684210526315788
203,19,49,12,1.7894736842105263,0.2109375,0.4823763889427201,3.3684210526315788
204,19,47,13,1.7894736842105263,0.22916666666666669,0.4823763889427201,3.3684210526315788
205,19,43,12,1.7894736842105263,0.25,0.4823763889427201,3.3684210526315788
206,20,43,12,1.8333333333333333,0.24739583333333334,0.49690399499995325,3.5555555555555554
207,19,51,10,1.7894736842105263,0.17708333333333331,0.48237638894272,3.3684210526315788
208,19,49,10,1.736842105263158,0.18783068783068782,0.5668594533825794,3.3157894736842106
209,19,47,11,1.7894736842105263,0.21614583333333331,0.4823763889427201,3.3684210526315788
210,18,49,11,1.75,0.203125,0.39999999999999997,3.2
211,18,42,12,1.75,0.2552083333333333,0.39999999999999997,3.2
212,18,40,13,1.75,0.27083333333333337,0.39999999999999997,3.2
213,17,43,12,1.6666666666666667,0.246031746031746,0.3086066999241838,3.0
214,18,44,15,1.75,0.2682291666666667,0.39999999999999997,3.2
215,19,47,14,1.7894736842105263,0.23697916666666666,0.4823763889427201,3.3684210526315788
216,19,44,14,1.736842105263158,0.265625,0.4823763889427201,3.3684210526315788
217,18,46,10,1.75,0.20572916666666666,0.39999999999999997,3.2
218,18,48,11,1.75,0.20572916666666666,0.39999999999999997,3.2
219,19,43,11,1.7894736842105263,0.2421875,0.4823763889427201,3.3684210526315788
220,19,41,13,1.736842105263158,0.265625,0.4823763889427201,3.3684210526315788
221,18,42,14,1.7,0.27248677248677244,0.47696960070847283,3.15
222,18,49,11,1.7,0.20052083333333331,0.39999999999999997,3.2
223,19,44,13,1.7894736842105263,0.2526041666666667,0.4823763889427201,3.3684210526315788
224,18,41,13,1.75,0.2734375,0.39999999999999997,3.2
225,19,43,13,1.7894736842105263,0.26041666666666663,0.48237638894272,3.3684210526315788
226,20,47,13,1.8333333333333333,0.234375,0.49690399499995325,3.5555555555555554
227,18,45,13,1.75,0.24479166666666666,0.39999999999999997,3.2
228,19,47,12,1.7894736842105263,0.22395833333333334,0.4823763889427201,3.3684210526315788
229,19,46,12,1.7894736842105263,0.23177083333333334,0.4823763889427201,3.3684210526315788
230,18,43,14,1.7,0.2619047619047619,0.47696960070847283,3.15
231,18,43,16,1.75,0.28385416666666663,0.39999999999999997,3.2
232,19,45,15,1.7894736842105263,0.2630208333333333,0.4823763889427201,3.3684210526315788
233,18,43,15,1.75,0.2786458333333333,0.39999999999999997,3.2
234,18,41,17,1.75,0.3072916666666667,0.39999999999999997,3.2
235,19,41,15,1.7894736842105263,0.2864583333333333,0.4823763889427201,3.3684210526315788
236,19,44,14,1.7894736842105263,0.26041666666666663,0.48237638894272,3.3684210526315788
237,18,44,13,1.75,0.25260416666666663,0.39999999999999997,3.2
238,19,43,17,1.7894736842105263,0.2942708333333333,0.4823763889427201,3.3684210526315788
239,19,44,13,1.736842105263158,0.25260416666666663,0.4823763889427201,3.3684210526315788
240,19,40,16,1.7894736842105263,0.30208333333333337,0.4823763889427201,3.3684210526315788
241,18,46,12,1.7,0.22916666666666669,0.39999999999999997,3.2
242,18,44,15,1.7,0.2708333333333333,0.39999999999999997,3.2
243,20,43,16,1.7777777777777777,0.28385416666666663,0.49690399499995325,3.5555555555555554
244,19,47,14,1.7894736842105263,0.2421875,0.4823763889427201,3.3684210526315788
245,19,46,13,1.7894736842105263,0.23697916666666666,0.4823763889427201,3.3684210526315788
246,19,42,17,1.7894736842105263,0.29947916666666663,0.4823763889427201,3.3684210526315788
247,19,41,16,1.7894736842105263,0.296875,0.4823763889427201,3.3684210526315788
248,19,45,16,1.7894736842105263,0.2708333333333333,0.4823763889427201,3.3684210526315788
249,18,45,13,1.75,0.24479166666666663,0.39999999999999997,3.2
250,18,45,12,1.7,0.23809523809523808,0.47696960070847283,3.15
251,19,44,15,1.7894736842105263,0.26822916666666663,0.4823763889427201,3.3684210526315788
252,19,45,13,1.7894736842105263,0.2421875,0.4823763889427201,3.3684210526315788
253,19,45,12,1.7894736842105263,0.23958333333333331,0.4823763889427201,3.3684210526315788
254,19,43,15,1.736842105263158,0.2734375,0.4823763889427201,3.3684210526315788
255,18,44,16,1.75,0.27604166666666663,0.39999999999999997,3.2
256,18,40,16,1.75,0.30208333333333337,0.39999999999999997,3.2
257,19,43,16,1.7894736842105263,0.28385416666666663,0.4823763889427201,3.3684210526315788
258,18,44,15,1.7,0.2708333333333333,0.39999999999999997,3.2
259,18,40,15,1.7,0.2994791666666667,0.39999999999999997,3.2
260,19,41,16,1.7894736842105263,0.296875,0.4823763889427201,3.3684210526315788
261,19,42,16,1.7894736842105263,0.2890625,0.4823763889427201,3.3684210526315788
262,19,43,13,1.7894736842105263,0.26041666666666663,0.4823763889427201,3.3684210526315788
263,18,43,16,1.75,0.28125,0.39999999999999997,3.2
264,18,42,16,1.75,0.2916666666666667,0.39999999999999997,3.2
265,18,44,14,1.7,0.26041666666666663,0.39999999999999997,3.2
266,19,41,19,1.7894736842105263,0.3203125,0.4823763889427201,3.3684210526315788
267,19,42,16,1.7894736842105263,0.2942708333333333,0.48237638894272,3.3684210526315788
268,19,43,18,1.7894736842105263,0.3020833333333333,0.4823763889427201,3.3684210526315788
269,18,42,14,1.75,0.27604166666666663,0.39999999999999997,3.2
270,18,39,17,1.75,0.3255208333333333,0.39999999999999997,3.2
271,18,44,16,1.75,0.2786458333333333,0.39999999999999997,3.2
272,18,38,16,1.75,0.32552083333333337,0.39999999999999997,3.2
273,19,39,17,1.7894736842105263,0.3229166666666667,0.4823763889427201,3.3684210526315788
274,19,43,16,1.7894736842105263,0.28385416666666663,0.4823763889427201,3.3684210526315788
275,20,42,19,1.7777777777777777,0.3203125,0.49690399499995325,3.5555555555555554
276,19,39,18,1.7894736842105263,0.33333333333333337,0.4823763889427201,3.3684210526315788
277,19,43,19,1.736842105263158,0.30989583333333337,0.4823763889427201,3.3684210526315788
278,18,41,17,1.7,0.3046875,0.39999999999999997,3.2
279,19,43,17,1.7894736842105263,0.2916666666666667,0.4823763889427201,3.3684210526315788
280,20,44,15,1.8333333333333333,0.2734375,0.49690399499995325,3.5555555555555554
281,19,43,15,1.7894736842105263,0.2786458333333333,0.4823763889427201,3.3684210526315788
282,19,37,20,1.736842105263158,0.35677083333333337,0.4823763889427201,3.3684210526315788
283,17,40,18,1.7142857142857142,0.328125,0.21295885499997994,3.0476190476190474
284,18,42,14,1.75,0.2760416666666667,0.39999999999999997,3.2
285,17,40,16,1.7142857142857142,0.30208333333333337,0.21295885499997994,3.0476190476190474
286,19,40,18,1.7894736842105263,0.3255208333333333,0.4823763889427201,3.3684210526315788
287,18,42,17,1.75,0.3020833333333333,0.39999999999999997,3.2
288,18,40,18,1.75,0.3229166666666667,0.39999999999999997,3.2
289,18,44,14,1.75,0.2578125,0.39999999999999997,3.2
290,18,38,20,1.7,0.3515625,0.39999999999999997,3.2
291,18,45,16,1.75,0.27083333333333337,0.39999999999999997,3.2
292,17,43,18,1.7142857142857142,0.3046875,0.21295885499997994,3.0476190476190474
293,19,41,18,1.736842105263158,0.31770833333333337,0.4823763889427201,3.3684210526315788
294,19,43,16,1.736842105263158,0.283068783068783,0.5668594533825794,3.3157894736842106
295,18,40,18,1.7,0.3229166666666667,0.39999999999999997,3.2
296,20,43,16,1.8333333333333333,0.28645833333333337,0.49690399499995325,3.5555555555555554
297,20,42,15,1.8333333333333333,0.28125,0.49690399499995325,3.5555555555555554
298,18,45,16,1.7,0.2682291666666667,0.39999999999999997,3.2
299,18,41,15,1.75,0.2890625,0.39999999999999997,3.2
300,19,42,16,1.7894736842105263,0.2942708333333333,0.4823763889427201,3.3684210526315788
301,18,42,15,1.7,0.2864583333333333,0.39999999999999997,3.2
302,19,42,18,1.7894736842105263,0.3125,0.4823763889427201,3.3684210526315788
303,19,39,17,1.736842105263158,0.3229166666666667,0.4823763889427201,3.3684210526315788
304,19,40,17,1.7894736842105263,0.3151041666666667,0.4823763889427201,3.3684210526315788
305,19,42,17,1.736842105263158,0.2994791666666667,0.4823763889427201,3.3684210526315788
306,18,43,18,1.75,0.3046875,0.39999999999999997,3.2
307,19,40,19,1.736842105263158,0.33072916666666663,0.4823763889427201,3.3684210526315788
308,18,39,16,1.75,0.30729166666666663,0.39999999999999997,3.2
309,20,42,18,1.8333333333333333,0.3098958333333333,0.49690399499995325,3.5555555555555554
310,17,38,20,1.6666666666666667,0.35677083333333337,0.21295885499997994,3.0476190476190474
311,18,40,20,1.7,0.3385416666666667,0.39999999999999997,3.2
312,18,40,19,1.7,0.328125,0.39999999999999997,3.2
313,18,39,19,1.75,0.3385416666666667,0.39999999999999997,3.2
314,19,38,20,1.736842105263158,0.35416666666666663,0.4823763889427201,3.3684210526315788
315,19,43,18,1.7894736842105263,0.30208333333333337,0.4823763889427201,3.3684210526315788
316,19,42,17,1.736842105263158,0.3046875,0.4823763889427201,3.3684210526315788
317,18,41,17,1.7,0.30208333333333337,0.39999999999999997,3.2
318,19,40,19,1.736842105263158,0.328125,0.4823763889427201,3.3684210526315788
319,19,44,15,1.7894736842105263,0.26822916666666663,0.4823763889427201,3.3684210526315788
320,18,41,18,1.7,0.31770833333333337,0.39999999999999997,3.2
321,18,40,19,1.7,0.3359375,0.39999999999999997,3.2
322,18,36,22,1.7,0.390625,0.39999999999999997,3.2
323,18,40,20,1.7,0.3359375,0.39999999999999997,3.2
324,18,40,20,1.7,0.34114583333333337,0.39999999999999997,3.2
325,18,41,20,1.7,0.3333333333333333,0.39999999999999997,3.2
326,19,44,17,1.736842105263158,0.28645833333333337,0.4823763889427201,3.3684210526315788
327,17,38,19,1.6666666666666667,0.34375,0.21295885499997994,3.0476190476190474
328,18,36,20,1.7,0.3671875,0.39999999999999997,3.2
329,18,39,17,1.7,0.31770833333333337,0.39999999999999997,3.2
330,18,39,19,1.7,0.34114583333333337,0.39999999999999997,3.2
331,19,37,20,1.736842105263158,0.359375,0.4823763889427201,3.3684210526315788
332,18,40,19,1.65,0.33068783068783075,0.47696960070847283,3.15
333,19,44,15,1.736842105263158,0.2708333333333333,0.4823763889427201,3.3684210526315788
334,18,36,18,1.7,0.3463541666666667,0.39999999999999997,3.2
335,17,42,18,1.6666666666666667,0.30729166666666663,0.21295885499997994,3.0476190476190474
336,18,42,16,1.7,0.2890625,0.39999999999999997,3.2
337,19,36,21,1.736842105263158,0.375,0.4823763889427201,3.3684210526315788
338,19,39,18,1.736842105263158,0.3307291666666667,0.4823763889427201,3.3684210526315788
339,19,44,15,1.736842105263158,0.27083333333333337,0.4823763889427201,3.3684210526315788
340,20,37,18,1.7777777777777777,0.34114583333333337,0.49690399499995325,3.5555555555555554
341,19,38,21,1.736842105263158,0.3619791666666667,0.4823763889427201,3.3684210526315788
342,18,38,18,1.7,0.3359375,0.39999999999999997,3.2
343,18,39,20,1.7,0.34114583333333337,0.39999999999999997,3.2
344,18,38,20,1.7,0.3567708333333333,0.39999999999999997,3.2
345,19,36,21,1.736842105263158,0.38020833333333337,0.48237638894272,3.3684210526315788
346,19,41,20,1.736842105263158,0.33333333333333337,0.4823763889427201,3.3684210526315788
347,17,41,19,1.7142857142857142,0.32552083333333337,0.21295885499997994,3.0476190476190474
348,18,39,20,1.7,0.34635416666666663,0.39999999999999997,3.2
349,17,39,21,1.6666666666666667,0.359375,0.21295885499997994,3.0476190476190474
350,19,37,21,1.736842105263158,0.3671875,0.48237638894272,3.3684210526315788
351,18,41,16,1.7,0.2994791666666667,0.39999999999999997,3.2
352,18,39,21,1.65,0.35449735449735453,0.47696960070847283,3.15
353,19,38,21,1.736842105263158,0.36458333333333337,0.48237638894272,3.3684210526315788
354,18,39,19,1.7,0.34375,0.39999999999999997,3.2
355,20,35,19,1.7777777777777777,0.3697916666666667,0.49690399499995325,3.5555555555555554
356,18,39,21,1.7,0.35677083333333337,0.39999999999999997,3.2
357,20,38,21,1.7777777777777777,0.36197916666666663,0.49690399499995325,3.5555555555555554
358,19,38,20,1.736842105263158,0.3541666666666667,0.4823763889427201,3.3684210526315788
359,17,37,18,1.6666666666666667,0.3385416666666667,0.21295885499997994,3.0476190476190474
360,19,39,20,1.736842105263158,0.34635416666666663,0.4823763889427201,3.3684210526315788
361,19,40,20,1.736842105263158,0.34375,0.48237638894272,3.3684210526315788
362,18,40,20,1.7,0.34375,0.39999999999999997,3.2
363,17,42,18,1.6666666666666667,0.3072916666666667,0.21295885499997994,3.0476190476190474
364,18,40,18,1.7,0.3203125,0.39999999999999997,3.2
365,18,40,17,1.7,0.3125,0.39999999999999997,3.2
366,18,37,22,1.7,0.37760416666666663,0.39999999999999997,3.2
367,18,40,21,1.7,0.3515625,0.39999999999999997,3.2
368,18,36,20,1.7,0.3671875,0.39999999999999997,3.2
369,20,39,22,1.7777777777777777,0.3671875,0.49690399499995325,3.5555555555555554
370,17,43,18,1.6666666666666667,0.3020833333333333,0.21295885499997994,3.0476190476190474
371,18,38,21,1.7,0.36458333333333337,0.39999999999999997,3.2
372,18,36,21,1.7,0.375,0.39999999999999997,3.2
373,19,39,20,1.736842105263158,0.34895833333333337,0.4823763889427201,3.3684210526315788
374,19,36,20,1.736842105263158,0.3671875,0.4823763889427201,3.3684210526315788
375,19,40,16,1.736842105263158,0.3072916666666667,0.4823763889427201,3.3684210526315788
376,17,38,20,1.6666666666666667,0.35416666666666663,0.21295885499997994,3.0476190476190474
377,18,38,22,1.7,0.375,0.39999999999999997,3.2
378,20,34,22,1.7777777777777777,0.3984375,0.49690399499995325,3.5555555555555554
379,18,37,20,1.7,0.36197916666666663,0.39999999999999997,3.2
380,19,40,18,1.736842105263158,0.32552083333333337,0.48237638894272,3.3684210526315788
381,17,38,19,1.6666666666666667,0.34895833333333337,0.21295885499997994,3.0476190476190474
382,19,40,17,1.736842105263158,0.3125,0.4823763889427201,3.3684210526315788
383,19,36,22,1.736842105263158,0.3828125,0.4823763889427201,3.3684210526315788
384,19,37,21,1.736842105263158,0.3671875,0.48237638894272,3.3684210526315788
385,18,35,23,1.7,0.4010416666666667,0.39999999999999997,3.2
386,18,37,21,1.7,0.3671875,0.39999999999999997,3.2
387,18,40,20,1.7,0.34375,0.39999999999999997,3.2
388,18,39,18,1.7,0.33333333333333337,0.39999999999999997,3.2
389,19,38,19,1.736842105263158,0.34375,0.4823763889427201,3.3684210526315788
390,19,42,19,1.736842105263158,0.31770833333333337,0.4823763889427201,3.3684210526315788
391,17,37,21,1.6666666666666667,0.3697916666666667,0.21295885499997994,3.0476190476190474
392,18,33,21,1.7,0.3984375,0.39999999999999997,3.2
393,19,33,20,1.736842105263158,0.390625,0.4823763889427201,3.3684210526315788
394,18,40,19,1.7,0.328125,0.39999999999999997,3.2
395,19,39,19,1.736842105263158,0.3359375,0.4823763889427201,3.3684210526315788
396,19,41,20,1.736842105263158,0.3359375,0.4823763889427201,3.3684210526315788
397,17,36,22,1.6666666666666667,0.390625,0.21295885499997994,3.0476190476190474
398,18,31,22,1.7,0.41927083333333337,0.39999999999999997,3.2
399,20,36,20,1.7777777777777777,0.3671875,0.49690399499995325,3.5555555555555554
400,19,42,20,1.7894736842105263,0.328125,0.4823763889427201,3.3684210526315788
401,19,37,20,1.736842105263158,0.36197916666666663,0.4823763889427201,3.3684210526315788
402,18,38,22,1.7,0.36979166666666663,0.39999999999999997,3.2
403,18,39,21,1.7,0.3567708333333333,0.39999999999999997,3.2
404,18,38,20,1.75,0.35416666666666663,0.39999999999999997,3.2
405,18,37,21,1.7,0.3671875,0.39999999999999997,3.2
406,19,37,20,1.7894736842105263,0.359375,0.4823763889427201,3.3684210526315788
407,19,36,23,1.6842105263157894,0.39153439153439157,0.5668594533825794,3.3157894736842106
408,19,40,19,1.736842105263158,0.33333333333333337,0.4823763889427201,3.3684210526315788
409,18,37,20,1.7,0.359375,0.39999999999999997,3.2
410,18,37,21,1.7,0.3697916666666667,0.39999999999999997,3.2
411,19,36,21,1.736842105263158,0.375,0.4823763889427201,3.3684210526315788
412,18,39,20,1.7,0.3463541666666667,0.39999999999999997,3.2
413,18,39,19,1.7,0.33333333333333337,0.39999999999999997,3.2
414,19,32,22,1.736842105263158,0.4140625,0.4823763889427201,3.3684210526315788
415,19,38,20,1.736842105263158,0.3515625,0.48237638894272,3.3684210526315788
416,19,39,19,1.736842105263158,0.3385416666666667,0.4823763889427201,3.3684210526315788
417,19,37,22,1.736842105263158,0.38020833333333337,0.4823763889427201,3.3684210526315788
418,17,37,22,1.6666666666666667,0.3802083333333333,0.21295885499997994,3.0476190476190474
419,17,35,20,1.6666666666666667,0.375,0.21295885499997994,3.0476190476190474
420,17,29,23,1.6666666666666667,0.44270833333333337,0.21295885499997994,3.0476190476190474
421,19,36,21,1.736842105263158,0.3776041666666667,0.4823763889427201,3.3684210526315788
422,19,34,20,1.736842105263158,0.3828125,0.4823763889427201,3.3684210526315788
423,17,36,19,1.6666666666666667,0.3567708333333333,0.21295885499997994,3.0476190476190474
424,19,35,22,1.736842105263158,0.390625,0.4823763889427201,3.3684210526315788
425,18,37,20,1.7,0.359375,0.39999999999999997,3.2
426,18,33,21,1.7,0.4010416666666667,0.39999999999999997,3.2
427,18,37,23,1.7,0.38541666666666663,0.39999999999999997,3.2
428,19,35,22,1.736842105263158,0.3958333333333333,0.4823763889427201,3.3684210526315788
429,19,40,20,1.736842105263158,0.34375,0.4823763889427201,3.3684210526315788
430,19,38,21,1.736842105263158,0.3619791666666667,0.4823763889427201,3.3684210526315788
431,18,39,20,1.7,0.34375,0.39999999999999997,3.2
432,18,36,21,1.7,0.3776041666666667,0.39999999999999997,3.2
433,18,35,21,1.7,0.3828125,0.39999999999999997,3.2
434,19,34,21,1.7894736842105263,0.390625,0.4823763889427201,3.3684210526315788
435,18,37,20,1.7,0.36197916666666663,0.39999999999999997,3.2
436,18,35,22,1.7,0.38802083333333337,0.39999999999999997,3.2
437,18,35,21,1.7,0.3828125,0.39999999999999997,3.2
438,18,33,22,1.7,0.40625,0.39999999999999997,3.2
439,19,37,21,1.736842105263158,0.3723958333333333,0.4823763889427201,3.3684210526315788
440,18,37,23,1.7,0.38541666666666663,0.39999999999999997,3.2
441,20,37,20,1.7777777777777777,0.3619791666666667,0.49690399499995325,3.5555555555555554
442,17,36,22,1.6666666666666667,0.3854166666666667,0.21295885499997994,3.0476190476190474
443,18,35,23,1.7,0.4010416666666667,0.39999999999999997,3.2
444,19,39,21,1.736842105263158,0.35416666666666663,0.4823763889427201,3.3684210526315788
445,19,38,22,1.736842105263158,0.3723958333333333,0.4823763889427201,3.3684210526315788
446,19,33,21,1.6842105263157894,0.3994708994708994,0.5668594533825794,3.3157894736842106
447,19,36,20,1.736842105263158,0.3671875,0.48237638894272,3.3684210526315788
448,20,37,18,1.7777777777777777,0.3411458333333333,0.49690399499995325,3.5555555555555554
449,18,33,25,1.7,0.43229166666666663,0.39999999999999997,3.2
450,17,33,21,1.6666666666666667,0.3932291666666667,0.21295885499997994,3.0476190476190474
451,19,29,22,1.6842105263157894,0.42328042328042326,0.5668594533825794,3.3157894736842106
452,19,31,23,1.736842105263158,0.4244791666666667,0.4823763889427201,3.3684210526315788
453,18,34,22,1.7,0.3984375,0.39999999999999997,3.2
454,18,36,22,1.7,0.38541666666666663,0.39999999999999997,3.2
455,19,34,21,1.736842105263158,0.390625,0.4823763889427201,3.3684210526315788
456,18,36,20,1.7,0.36979166666666663,0.39999999999999997,3.2
457,18,37,19,1.7,0.3515625,0.39999999999999997,3.2
458,18,31,23,1.7,0.4244791666666667,0.39999999999999997,3.2
459,19,35,23,1.736842105263158,0.3984375,0.4823763889427201,3.3684210526315788
460,17,33,20,1.6666666666666667,0.390625,0.21295885499997994,3.0476190476190474
461,18,31,23,1.7,0.4244791666666667,0.39999999999999997,3.2
462,18,32,21,1.7,0.40625,0.39999999999999997,3.2
463,18,34,20,1.7,0.38020833333333337,0.39999999999999997,3.2
464,19,33,23,1.736842105263158,0.41666666666666663,0.4823763889427201,3.3684210526315788
465,19,31,22,1.6842105263157894,0.417989417989418,0.5668594533825794,3.3157894736842106
466,18,32,22,1.7,0.41145833333333337,0.39999999999999997,3.2
467,20,36,22,1.7777777777777777,0.3776041666666667,0.49690399499995325,3.5555555555555554
468,19,38,19,1.736842105263158,0.34114583333333337,0.4823763889427201,3.3684210526315788
469,18,31,24,1.7,0.4375,0.39999999999999997,3.2
470,19,32,26,1.736842105263158,0.44270833333333337,0.48237638894272,3.3684210526315788
471,19,33,23,1.736842105263158,0.4166666666666667,0.4823763889427201,3.3684210526315788
472,18,35,22,1.7,0.390625,0.39999999999999997,3.2
473,17,36,21,1.6666666666666667,0.375,0.21295885499997994,3.0476190476190474
474,18,31,22,1.65,0.42063492063492064,0.47696960070847283,3.15
475,20,39,20,1.7777777777777777,0.34375,0.49690399499995325,3.5555555555555554
476,18,33,22,1.7,0.4010416666666667,0.39999999999999997,3.2
477,19,33,20,1.736842105263158,0.3854166666666667,0.4823763889427201,3.3684210526315788
478,19,32,21,1.736842105263158,0.40364583333333337,0.4823763889427201,3.3684210526315788
479,19,37,22,1.736842105263158,0.3776041666666667,0.48237638894272,3.3684210526315788
480,18,33,20,1.7,0.390625,0.39999999999999997,3.2
481,19,35,22,1.736842105263158,0.390625,0.4823763889427201,3.3684210526315788
482,18,37,22,1.7,0.38020833333333337,0.39999999999999997,3.2
483,18,34,21,1.7,0.3854166666666667,0.39999999999999997,3.2
484,20,35,21,1.7777777777777777,0.38020833333333337,0.49690399499995325,3.5555555555555554
485,19,37,19,1.736842105263158,0.3567708333333333,0.4823763889427201,3.3684210526315788
486,20,33,24,1.7777777777777777,0.42447916666666663,0.49690399499995325,3.5555555555555554
487,20,34,23,1.7777777777777777,0.40364583333333337,0.49690399499995325,3.5555555555555554
488,19,34,23,1.736842105263158,0.40625,0.4823763889427201,3.3684210526315788
489,19,36,23,1.736842105263158,0.39583333333333337,0.4823763889427201,3.3684210526315788
490,19,36,22,1.736842105263158,0.3854166666666667,0.48237638894272,3.3684210526315788
491,19,35,23,1.736842105263158,0.4036458333333333,0.4823763889427201,3.3684210526315788
492,18,35,24,1.7,0.40625,0.39999999999999997,3.2
493,19,34,24,1.736842105263158,0.41145833333333337,0.48237638894272,3.3684210526315788
494,18,35,20,1.7,0.37760416666666663,0.39999999999999997,3.2
495,17,37,19,1.6666666666666667,0.35677083333333337,0.21295885499997994,3.0476190476190474
496,18,34,22,1.7,0.4010416666666667,0.39999999999999997,3.2
497,19,34,22,1.736842105263158,0.40364583333333337,0.4823763889427201,3.3684210526315788
498,18,37,20,1.7,0.359375,0.39999999999999997,3.2
499,18,34,23,1.7,0.40364583333333337,0.39999999999999997,3.2
500,17,37,22,1.6666666666666667,0.38020833333333337,0.21295885499997994,3.0476190476190474
501,18,33,21,1.7,0.3984375,0.39999999999999997,3.2
502,19,30,25,1.736842105263158,0.453125,0.4823763889427201,3.3684210526315788
503,19,33,23,1.736842105263158,0.41666666666666663,0.48237638894272,3.3684210526315788
504,18,34,22,1.7,0.39583333333333337,0.39999999999999997,3.2
505,18,34,21,1.7,0.38802083333333337,0.39999999999999997,3.2
506,17,34,20,1.6666666666666667,0.3828125,0.21295885499997994,3.0476190476190474
507,18,33,24,1.7,0.4244791666666667,0.39999999999999997,3.2
508,18,35,23,1.7,0.3984375,0.39999999999999997,3.2
509,18,30,27,1.7,0.46875,0.39999999999999997,3.2
510,19,31,22,1.736842105263158,0.41927083333333337,0.48237638894272,3.3684210526315788
511,19,35,23,1.736842105263158,0.3984375,0.4823763889427201,3.3684210526315788
512,18,32,25,1.7,0.4375,0.39999999999999997,3.2
513,19,34,21,1.736842105263158,0.38802083333333337,0.4823763889427201,3.3684210526315788
514,19,33,24,1.736842105263158,0.421875,0.4823763889427201,3.3684210526315788
515,18,36,22,1.7,0.38802083333333337,0.39999999999999997,3.2
516,19,34,22,1.736842105263158,0.3958333333333333,0.48237638894272,3.3684210526315788
517,19,34,22,1.736842105263158,0.3984375,0.4823763889427201,3.3684210526315788
518,18,35,23,1.7,0.4010416666666667,0.39999999999999997,3.2
519,18,35,24,1.7,0.4088541666666667,0.39999999999999997,3.2
520,18,28,26,1.7,0.47656249999999994,0.39999999999999997,3.2
521,18,37,21,1.75,0.37239583333333337,0.39999999999999997,3.2
522,19,32,26,1.736842105263158,0.4453125,0.4823763889427201,3.3684210526315788
523,19,32,21,1.736842105263158,0.40885416666666663,0.4823763889427201,3.3684210526315788
524,19,35,22,1.736842105263158,0.39322916666666663,0.4823763889427201,3.3684210526315788
525,19,33,23,1.736842105263158,0.41666666666666663,0.4823763889427201,3.3684210526315788
526,19,32,24,1.6842105263157894,0.42857142857142855,0.5668594533825794,3.3157894736842106
527,18,36,20,1.7,0.36458333333333337,0.39999999999999997,3.2
528,19,34,23,1.736842105263158,0.40364583333333337,0.4823763889427201,3.3684210526315788
529,18,37,20,1.7,0.35677083333333337,0.39999999999999997,3.2
530,19,32,20,1.736842105263158,0.3932291666666667,0.4823763889427201,3.3684210526315788
531,18,30,26,1.7,0.4609375,0.39999999999999997,3.2
532,18,31,22,1.7,0.421875,0.39999999999999997,3.2
533,18,35,23,1.75,0.4010416666666667,0.39999999999999997,3.2
534,19,31,23,1.736842105263158,0.4244791666666667,0.4823763889427201,3.3684210526315788
535,19,33,27,1.736842105263158,0.4505208333333333,0.4823763889427201,3.3684210526315788
536,19,34,22,1.736842105263158,0.40104166666666663,0.48237638894272,3.3684210526315788
537,18,30,25,1.7,0.45052083333333337,0.39999999999999997,3.2
538,17,34,19,1.6666666666666667,0.37239583333333337,0.21295885499997994,3.0476190476190474
539,18,31,23,1.7,0.4244791666666667,0.39999999999999997,3.2
540,19,34,21,1.736842105263158,0.3932291666666667,0.4823763889427201,3.3684210526315788
541,18,33,23,1.7,0.41666666666666663,0.39999999999999997,3.2
542,19,34,22,1.736842105263158,0.4010416666666667,0.4823763889427201,3.3684210526315788
543,18,34,25,1.7,0.4296875,0.39999999999999997,3.2
544,19,34,23,1.736842105263158,0.40625,0.4823763889427201,3.3684210526315788
545,19,36,23,1.736842105263158,0.3958333333333333,0.4823763889427201,3.3684210526315788
546,18,37,23,1.7,0.3854166666666667,0.39999999999999997,3.2
547,19,32,23,1.736842105263158,0.41927083333333337,0.4823763889427201,3.3684210526315788
548,18,35,23,1.7,0.4010416666666667,0.39999999999999997,3.2
549,18,33,26,1.7,0.4427083333333333,0.39999999999999997,3.2
550,19,32,25,1.736842105263158,0.44010416666666663,0.48237638894272,3.3684210526315788
551,19,41,21,1.736842105263158,0.3411458333333333,0.4823763889427201,3.3684210526315788
552,18,31,24,1.7,0.44270833333333337,0.39999999999999997,3.2
553,19,33,25,1.736842105263158,0.4322916666666667,0.4823763889427201,3.3684210526315788
554,19,35,22,1.736842105263158,0.3958333333333333,0.48237638894272,3.3684210526315788
555,19,36,22,1.736842105263158,0.38020833333333337,0.4823763889427201,3.3684210526315788
556,18,28,27,1.7,0.4817708333333333,0.39999999999999997,3.2
557,19,32,27,1.736842105263158,0.45572916666666663,0.4823763889427201,3.3684210526315788
558,18,30,24,1.7,0.44010416666666663,0.39999999999999997,3.2
559,19,32,24,1.736842105263158,0.4322916666666667,0.4823763889427201,3.3684210526315788
560,18,33,24,1.7,0.42447916666666663,0.39999999999999997,3.2
561,20,29,25,1.7777777777777777,0.45833333333333337,0.49690399499995325,3.5555555555555554
562,17,29,26,1.6666666666666667,0.46875,0.21295885499997994,3.0476190476190474
563,18,30,25,1.7,0.45052083333333337,0.39999999999999997,3.2
564,18,32,23,1.7,0.421875,0.39999999999999997,3.2
565,18,30,24,1.7,0.4427083333333333,0.39999999999999997,3.2
566,20,31,23,1.7777777777777777,0.42708333333333337,0.49690399499995325,3.5555555555555554
567,19,34,23,1.736842105263158,0.40625,0.4823763889427201,3.3684210526315788
568,18,35,23,1.7,0.4010416666666667,0.39999999999999997,3.2
569,18,33,22,1.7,0.40625,0.39999999999999997,3.2
570,20,39,23,1.8333333333333333,0.375,0.49690399499995325,3.5555555555555554
571,19,33,23,1.736842105263158,0.4140625,0.48237638894272,3.3684210526315788
572,18,33,23,1.7,0.41666666666666663,0.39999999999999997,3.2
573,19,28,26,1.736842105263158,0.4765625,0.4823763889427201,3.3684210526315788
574,18,34,21,1.7,0.390625,0.39999999999999997,3.2
575,18,33,21,1.7,0.39322916666666663,0.39999999999999997,3.2
576,18,29,25,1.7,0.4609375,0.39999999999999997,3.2
577,18,33,20,1.7,0.390625,0.39999999999999997,3.2
578,18,33,24,1.7,0.42447916666666663,0.39999999999999997,3.2
579,17,30,24,1.6666666666666667,0.4401041666666667,0.21295885499997994,3.0476190476190474
580,17,28,25,1.6666666666666667,0.46614583333333337,0.21295885499997994,3.0476190476190474
581,17,33,22,1.6666666666666667,0.4088541666666667,0.21295885499997994,3.0476190476190474
582,19,29,23,1.736842105263158,0.4453125,0.4823763889427201,3.3684210526315788
583,19,37,22,1.736842105263158,0.38020833333333337,0.48237638894272,3.3684210526315788
584,18,28,24,1.7,0.4557291666666667,0.39999999999999997,3.2
585,18,29,24,1.65,0.4470899470899471,0.47696960070847283,3.15
586,19,28,26,1.736842105263158,0.4765625,0.4823763889427201,3.3684210526315788
587,17,31,25,1.6666666666666667,0.4479166666666667,0.21295885499997994,3.0476190476190474
588,19,33,24,1.736842105263158,0.421875,0.4823763889427201,3.3684210526315788
589,20,33,22,1.7777777777777777,0.40625,0.49690399499995325,3.5555555555555554
590,18,31,25,1.7,0.44791666666666663,0.39999999999999997,3.2
591,19,29,26,1.736842105263158,0.46875,0.4823763889427201,3.3684210526315788
592,19,31,23,1.736842105263158,0.4296875,0.4823763889427201,3.3684210526315788
593,18,32,24,1.7,0.42708333333333337,0.39999999999999997,3.2
594,18,33,23,1.7,0.4140625,0.39999999999999997,3.2
595,19,35,23,1.736842105263158,0.39583333333333337,0.48237638894272,3.3684210526315788
596,18,34,24,1.7,0.4140625,0.39999999999999997,3.2
597,19,35,21,1.736842105263158,0.3828125,0.4823763889427201,3.3684210526315788
598,17,33,24,1.6666666666666667,0.4244791666666667,0.21295885499997994,3.0476190476190474
599,19,39,21,1.736842105263158,0.359375,0.4823763889427201,3.3684210526315788
600,17,32,25,1.619047619047619,0.4365079365079365,0.3086066999241838,3.0
601,18,30,26,1.7,0.46354166666666663,0.39999999999999997,3.2
602,19,31,25,1.736842105263158,0.4479166666666667,0.4823763889427201,3.3684210526315788
603,17,29,24,1.6666666666666667,0.453125,0.21295885499997994,3.0476190476190474
604,18,31,24,1.7,0.4375,0.39999999999999997,3.2
605,18,32,23,1.7,0.41927083333333337,0.39999999999999997,3.2
606,19,38,21,1.736842105263158,0.359375,0.4823763889427201,3.3684210526315788
607,17,29,24,1.6666666666666667,0.453125,0.21295885499997994,3.0476190476190474
608,17,32,21,1.6666666666666667,0.40364583333333337,0.21295885499997994,3.0476190476190474
609,17,34,21,1.6666666666666667,0.3854166666666667,0.21295885499997994,3.0476190476190474
610,18,29,24,1.7,0.45052083333333337,0.39999999999999997,3.2
611,17,32,24,1.6666666666666667,0.4322916666666667,0.21295885499997994,3.0476190476190474
612,19,34,24,1.736842105263158,0.4166666666666667,0.4823763889427201,3.3684210526315788
613,18,33,25,1.7,0.43229166666666663,0.39999999999999997,3.2
614,19,27,27,1.736842105263158,0.48958333333333337,0.4823763889427201,3.3684210526315788
615,19,29,27,1.736842105263158,0.47916666666666663,0.4823763889427201,3.3684210526315788
616,18,32,23,1.7,0.41927083333333337,0.39999999999999997,3.2
617,19,29,25,1.736842105263158,0.45833333333333337,0.48237638894272,3.3684210526315788
618,18,31,25,1.7,0.44270833333333337,0.39999999999999997,3.2
619,18,30,24,1.7,0.44791666666666663,0.39999999999999997,3.2
620,18,33,25,1.7,0.4296875,0.39999999999999997,3.2
621,19,29,26,1.736842105263158,0.4713541666666667,0.48237638894272,3.3684210526315788
622,18,32,23,1.7,0.4270833333333333,0.39999999999999997,3.2
623,18,32,23,1.65,0.42063492063492064,0.47696960070847283,3.15
624,18,30,25,1.7,0.453125,0.39999999999999997,3.2
625,18,30,26,1.7,0.4609375,0.39999999999999997,3.2
626,18,31,24,1.7,0.44010416666666663,0.39999999999999997,3.2
627,18,32,23,1.7,0.421875,0.39999999999999997,3.2
628,17,26,25,1.6666666666666667,0.4765625,0.21295885499997994,3.0476190476190474
629,18,30,25,1.7,0.453125,0.39999999999999997,3.2
630,20,34,21,1.7777777777777777,0.38802083333333337,0.49690399499995325,3.5555555555555554
631,17,32,23,1.6666666666666667,0.41927083333333337,0.21295885499997994,3.0476190476190474
632,17,30,25,1.6666666666666667,0.45052083333333337,0.21295885499997994,3.0476190476190474
633,17,30,25,1.6666666666666667,0.453125,0.21295885499997994,3.0476190476190474
634,18,29,26,1.7,0.46875,0.39999999999999997,3.2
635,18,29,25,1.7,0.4609375,0.39999999999999997,3.2
636,18,30,24,1.7,0.4453125,0.39999999999999997,3.2
637,18,30,25,1.7,0.453125,0.39999999999999997,3.2
638,18,26,26,1.7,0.48958333333333337,0.39999999999999997,3.2
639,18,30,22,1.7,0.4244791666666667,0.39999999999999997,3.2
640,19,34,23,1.736842105263158,0.40625,0.4823763889427201,3.3684210526315788
641,18,29,26,1.7,0.46875,0.39999999999999997,3.2
642,18,32,23,1.7,0.41927083333333337,0.39999999999999997,3.2
643,18,29,24,1.7,0.4479166666666667,0.39999999999999997,3.2
644,19,27,26,1.736842105263158,0.484375,0.4823763889427201,3.3684210526315788
645,19,32,26,1.736842105263158,0.4453125,0.48237638894272,3.3684210526315788
646,18,33,23,1.7,0.4166666666666667,0.39999999999999997,3.2
647,17,32,24,1.6666666666666667,0.42708333333333337,0.21295885499997994,3.0476190476190474
648,19,35,24,1.736842105263158,0.40885416666666663,0.4823763889427201,3.3684210526315788
649,18,30,24,1.7,0.4453125,0.39999999999999997,3.2
650,18,32,25,1.7,0.44010416666666663,0.39999999999999997,3.2
651,18,30,25,1.7,0.453125,0.39999999999999997,3.2
652,18,27,24,1.7,0.46614583333333337,0.39999999999999997,3.2
653,17,31,25,1.6666666666666667,0.44791666666666663,0.21295885499997994,3.0476190476190474
654,19,29,25,1.736842105263158,0.4609375,0.4823763889427201,3.3684210526315788
655,18,33,22,1.7,0.40625,0.39999999999999997,3.2
656,18,34,24,1.7,0.41666666666666663,0.39999999999999997,3.2
657,18,30,24,1.7,0.44791666666666663,0.39999999999999997,3.2
658,19,30,26,1.736842105263158,0.46354166666666663,0.4823763889427201,3.3684210526315788
659,18,31,25,1.7,0.4453125,0.39999999999999997,3.2
660,18,29,25,1.7,0.4609375,0.39999999999999997,3.2
661,19,29,24,1.6842105263157894,0.44973544973544977,0.5668594533825794,3.3157894736842106
662,18,35,23,1.7,0.40364583333333337,0.39999999999999997,3.2
663,19,31,24,1.6842105263157894,0.43121693121693117,0.5668594533825794,3.3157894736842106
664,18,31,25,1.7,0.4453125,0.39999999999999997,3.2
665,19,30,25,1.736842105263158,0.453125,0.4823763889427201,3.3684210526315788
666,18,30,24,1.7,0.44270833333333337,0.39999999999999997,3.2
667,19,29,25,1.736842105263158,0.4583333333333333,0.48237638894272,3.3684210526315788
668,18,31,25,1.7,0.4479166666666667,0.39999999999999997,3.2
669,17,32,24,1.6666666666666667,0.4296875,0.21295885499997994,3.0476190476190474
670,18,28,25,1.7,0.46614583333333337,0.39999999999999997,3.2
671,17,29,25,1.6666666666666667,0.4557291666666667,0.21295885499997994,3.0476190476190474
672,19,27,25,1.736842105263158,0.47135416666666674,0.4823763889427201,3.3684210526315788
673,19,28,25,1.736842105263158,0.46354166666666663,0.4823763889427201,3.3684210526315788
674,19,27,26,1.736842105263158,0.48697916666666663,0.48237638894272,3.3684210526315788
675,18,30,24,1.7,0.45052083333333337,0.39999999999999997,3.2
676,19,31,24,1.736842105263158,0.4322916666666667,0.48237638894272,3.3684210526315788
677,18,31,26,1.7,0.45572916666666663,0.39999999999999997,3.2
678,18,27,25,1.7,0.47395833333333337,0.39999999999999997,3.2
679,19,33,23,1.736842105263158,0.4140625,0.4823763889427201,3.3684210526315788
680,17,29,24,1.6666666666666667,0.45052083333333337,0.21295885499997994,3.0476190476190474
681,18,31,24,1.7,0.4375,0.39999999999999997,3.2
682,18,33,23,1.7,0.41927083333333337,0.39999999999999997,3.2
683,19,30,25,1.6842105263157894,0.4523809523809524,0.5668594533825794,3.3157894736842106
684,17,32,24,1.6666666666666667,0.4322916666666667,0.21295885499997994,3.0476190476190474
685,17,28,25,1.6666666666666667,0.46875,0.21295885499997994,3.0476190476190474
686,17,30,23,1.6666666666666667,0.4296875,0.21295885499997994,3.0476190476190474
687,18,27,25,1.7,0.47395833333333337,0.39999999999999997,3.2
688,18,29,25,1.7,0.45833333333333337,0.39999999999999997,3.2
689,18,29,24,1.65,0.4523809523809524,0.47696960070847283,3.15
690,17,30,25,1.6666666666666667,0.45052083333333337,0.21295885499997994,3.0476190476190474
691,18,25,27,1.7,0.5026041666666666,0.39999999999999997,3.2
692,18,28,26,1.65,0.47619047619047616,0.47696960070847283,3.15
693,19,34,23,1.6842105263157894,0.4074074074074074,0.5668594533825794,3.3157894736842106
694,17,30,25,1.6666666666666667,0.453125,0.21295885499997994,3.0476190476190474
695,17,27,25,1.6666666666666667,0.47135416666666674,0.21295885499997994,3.0476190476190474
696,19,29,24,1.6842105263157894,0.4523809523809524,0.5668594533825794,3.3157894736842106
697,19,34,21,1.736842105263158,0.39322916666666663,0.4823763889427201,3.3684210526315788
698,19,25,26,1.736842105263158,0.49479166666666663,0.4823763889427201,3.3684210526315788
699,17,29,25,1.6666666666666667,0.45833333333333337,0.21295885499997994,3.0476190476190474
700,19,28,24,1.736842105263158,0.45572916666666663,0.4823763889427201,3.3684210526315788
701,18,29,25,1.7,0.4609375,0.39999999999999997,3.2
702,17,27,25,1.6666666666666667,0.47395833333333337,0.21295885499997994,3.0476190476190474
703,17,25,26,1.6666666666666667,0.49739583333333337,0.21295885499997994,3.0476190476190474
704,19,27,26,1.736842105263158,0.48177083333333337,0.4823763889427201,3.3684210526315788
705,19,31,25,1.736842105263158,0.4453125,0.4823763889427201,3.3684210526315788
706,19,34,23,1.736842105263158,0.4088541666666667,0.4823763889427201,3.3684210526315788
707,18,28,24,1.65,0.45767195767195773,0.47696960070847283,3.15
708,18,26,25,1.65,0.47883597883597884,0.47696960070847283,3.15
709,19,26,25,1.736842105263158,0.4765625,0.4823763889427201,3.3684210526315788
710,18,28,25,1.65,0.4708994708994709,0.47696960070847283,3.15
711,18,31,24,1.7,0.4375,0.39999999999999997,3.2
712,19,32,24,1.6842105263157894,0.42857142857142855,0.5668594533825794,3.3157894736842106
713,18,25,28,1.65,0.5158730158730159,0.47696960070847283,3.15
714,18,26,25,1.65,0.47883597883597884,0.47696960070847283,3.15
715,18,28,25,1.7,0.46875,0.39999999999999997,3.2
716,17,28,25,1.6666666666666667,0.4635416666666667,0.21295885499997994,3.0476190476190474
717,17,25,25,1.6666666666666667,0.48177083333333337,0.21295885499997994,3.0476190476190474
718,18,32,25,1.7,0.44010416666666663,0.39999999999999997,3.2
719,18,24,27,1.7,0.5104166666666667,0.39999999999999997,3.2
720,19,26,25,1.736842105263158,0.47916666666666663,0.4823763889427201,3.3684210526315788
721,19,26,26,1.736842105263158,0.48958333333333337,0.4823763889427201,3.3684210526315788
722,19,27,27,1.736842105263158,0.48958333333333337,0.48237638894272,3.3684210526315788
723,18,25,27,1.7,0.5052083333333334,0.39999999999999997,3.2
724,18,32,20,1.65,0.39153439153439157,0.47696960070847283,3.15
725,17,29,24,1.6666666666666667,0.4479166666666667,0.21295885499997994,3.0476190476190474
726,18,26,26,1.65,0.49206349206349204,0.47696960070847283,3.15
727,18,30,26,1.65,0.46031746031746024,0.47696960070847283,3.15
728,17,30,25,1.6666666666666667,0.453125,0.21295885499997994,3.0476190476190474
729,17,30,24,1.6666666666666667,0.44270833333333337,0.21295885499997994,3.0476190476190474
730,18,33,24,1.7,0.421875,0.39999999999999997,3.2
731,19,35,22,1.736842105263158,0.3932291666666667,0.4823763889427201,3.3684210526315788
732,18,28,26,1.7,0.47916666666666663,0.39999999999999997,3.2
733,18,27,24,1.65,0.46296296296296297,0.47696960070847283,3.15
734,18,26,27,1.7,0.49739583333333337,0.39999999999999997,3.2
735,17,30,24,1.619047619047619,0.4444444444444444,0.3086066999241838,3.0
736,17,28,26,1.6666666666666667,0.4765625,0.21295885499997994,3.0476190476190474
737,19,26,27,1.736842105263158,0.5,0.4823763889427201,3.3684210526315788
738,19,26,26,1.736842105263158,0.48697916666666663,0.4823763889427201,3.3684210526315788
739,19,25,27,1.736842105263158,0.5078125,0.4823763889427201,3.3684210526315788
740,18,24,26,1.65,0.5026455026455027,0.47696960070847283,3.15
741,19,23,27,1.6842105263157894,0.5185185185185186,0.5668594533825794,3.3157894736842106
742,18,28,25,1.65,0.46560846560846564,0.47696960070847283,3.15
743,18,23,28,1.65,0.5317460317460317,0.47696960070847283,3.15
744,17,26,25,1.6666666666666667,0.47656250000000006,0.21295885499997994,3.0476190476190474
745,18,28,24,1.7,0.4609375,0.39999999999999997,3.2
746,18,27,26,1.65,0.48412698412698413,0.47696960070847283,3.15
747,17,26,26,1.619047619047619,0.4894179894179895,0.3086066999241838,3.0
748,18,30,25,1.7,0.453125,0.39999999999999997,3.2
749,18,29,23,1.65,0.4391534391534392,0.47696960070847283,3.15
750,18,25,27,1.65,0.5079365079365079,0.47696960070847283,3.15
751,18,24,28,1.7,0.5208333333333334,0.39999999999999997,3.2
752,18,35,22,1.7,0.3932291666666667,0.39999999999999997,3.2
753,19,30,25,1.736842105263158,0.45572916666666663,0.4823763889427201,3.3684210526315788
754,18,26,27,1.7,0.5,0.39999999999999997,3.2
755,20,36,21,1.7777777777777777,0.3828125,0.49690399499995325,3.5555555555555554
756,19,26,27,1.736842105263158,0.49739583333333337,0.4823763889427201,3.3684210526315788
757,18,28,27,1.7,0.48177083333333337,0.39999999999999997,3.2
758,19,28,27,1.736842105263158,0.48177083333333337,0.48237638894272,3.3684210526315788
759,17,26,27,1.619047619047619,0.5,0.3086066999241838,3.0
760,19,30,27,1.736842105263158,0.47135416666666663,0.48237638894272,3.3684210526315788
761,19,34,22,1.7894736842105263,0.40364583333333337,0.4823763889427201,3.3684210526315788
762,18,27,25,1.7,0.47395833333333337,0.39999999999999997,3.2
763,17,27,24,1.6666666666666667,0.46614583333333337,0.21295885499997994,3.0476190476190474
764,18,27,25,1.7,0.4739583333333333,0.39999999999999997,3.2
765,19,35,24,1.736842105263158,0.40364583333333337,0.48237638894272,3.3684210526315788
766,17,26,27,1.6666666666666667,0.49739583333333337,0.21295885499997994,3.0476190476190474
767,17,26,26,1.619047619047619,0.49206349206349204,0.3086066999241838,3.0
768,18,25,26,1.7,0.49739583333333337,0.39999999999999997,3.2
769,19,24,29,1.736842105263158,0.5286458333333334,0.48237638894272,3.3684210526315788
770,17,25,26,1.6666666666666667,0.49479166666666674,0.21295885499997994,3.0476190476190474
771,18,27,26,1.7,0.484375,0.39999999999999997,3.2
772,19,26,26,1.6842105263157894,0.4894179894179894,0.5668594533825794,3.3157894736842106
773,18,26,26,1.65,0.48677248677248675,0.47696960070847283,3.15
774,19,25,28,1.736842105263158,0.5130208333333334,0.4823763889427201,3.3684210526315788
775,19,25,26,1.6842105263157894,0.4973544973544974,0.5668594533825794,3.3157894736842106
776,18,25,28,1.7,0.515625,0.39999999999999997,3.2
777,18,32,21,1.7,0.4088541666666667,0.39999999999999997,3.2
778,19,32,26,1.736842105263158,0.44791666666666663,0.4823763889427201,3.3684210526315788
779,18,25,26,1.65,0.4947089947089947,0.47696960070847283,3.15
780,18,25,26,1.65,0.4973544973544973,0.47696960070847283,3.15
781,18,24,28,1.65,0.5211640211640212,0.47696960070847283,3.15
782,18,27,24,1.65,0.46296296296296297,0.47696960070847283,3.15
783,19,27,27,1.736842105263158,0.48958333333333337,0.4823763889427201,3.3684210526315788
784,18,26,26,1.7,0.48958333333333337,0.39999999999999997,3.2
785,18,26,28,1.7,0.5078125,0.39999999999999997,3.2
786,18,26,26,1.7,0.4921875,0.39999999999999997,3.2
787,18,27,24,1.65,0.4656084656084656,0.47696960070847283,3.15
788,17,26,26,1.619047619047619,0.49206349206349204,0.3086066999241838,3.0
789,19,28,25,1.736842105263158,0.46354166666666674,0.48237638894272,3.3684210526315788
790,18,23,27,1.65,0.5211640211640212,0.47696960070847283,3.15
791,18,27,27,1.7,0.4921875,0.39999999999999997,3.2
792,18,28,25,1.7,0.4635416666666667,0.39999999999999997,3.2
793,17,26,26,1.6666666666666667,0.48697916666666674,0.21295885499997994,3.0476190476190474
794,19,27,26,1.736842105263158,0.48177083333333337,0.4823763889427201,3.3684210526315788
795,19,24,29,1.736842105263158,0.5286458333333334,0.4823763889427201,3.3684210526315788
796,19,24,26,1.6842105263157894,0.5026455026455027,0.5668594533825794,3.3157894736842106
797,17,26,26,1.6666666666666667,0.48697916666666674,0.21295885499997994,3.0476190476190474
798,18,34,22,1.7,0.4010416666666667,0.39999999999999997,3.2
799,18,24,27,1.7,0.5130208333333334,0.39999999999999997,3.2
800,19,23,28,1.6842105263157894,0.5291005291005292,0.5668594533825794,3.3157894736842106
801,18,30,24,1.7,0.4453125,0.39999999999999997,3.2
802,17,26,27,1.6666666666666667,0.49739583333333337,0.21295885499997994,3.0476190476190474
803,19,28,28,1.736842105263158,0.49479166666666663,0.4823763889427201,3.3684210526315788
804,17,26,27,1.6666666666666667,0.49739583333333337,0.21295885499997994,3.0476190476190474
805,18,26,25,1.7,0.48177083333333337,0.39999999999999997,3.2
806,18,26,27,1.7,0.49739583333333337,0.39999999999999997,3.2
807,19,25,28,1.736842105263158,0.5130208333333334,0.48237638894272,3.3684210526315788
808,19,32,23,1.6842105263157894,0.4232804232804233,0.5668594533825794,3.3157894736842106
809,18,26,27,1.65,0.5,0.47696960070847283,3.15
810,18,24,26,1.65,0.5052910052910052,0.47696960070847283,3.15
811,18,25,26,1.7,0.49739583333333337,0.39999999999999997,3.2
812,18,25,28,1.7,0.5130208333333334,0.39999999999999997,3.2
813,18,26,28,1.7,0.5078125,0.39999999999999997,3.2
814,18,30,26,1.7,0.45833333333333337,0.39999999999999997,3.2
815,18,24,28,1.65,0.5238095238095238,0.47696960070847283,3.15
816,18,34,23,1.7,0.4114583333333333,0.39999999999999997,3.2
817,18,25,28,1.7,0.5130208333333334,0.39999999999999997,3.2
818,18,25,27,1.65,0.5079365079365079,0.47696960070847283,3.15
819,18,27,26,1.65,0.48148148148148145,0.47696960070847283,3.15
820,18,24,28,1.65,0.5211640211640212,0.47696960070847283,3.15
821,19,29,26,1.6842105263157894,0.4656084656084656,0.5668594533825794,3.3157894736842106
822,18,25,28,1.7,0.5130208333333334,0.39999999999999997,3.2
823,18,23,28,1.65,0.5291005291005292,0.47696960070847283,3.15
824,17,27,26,1.6666666666666667,0.484375,0.21295885499997994,3.0476190476190474
825,17,27,26,1.619047619047619,0.48412698412698413,0.3086066999241838,3.0
826,17,26,26,1.6666666666666667,0.48958333333333337,0.21295885499997994,3.0476190476190474
827,18,31,23,1.65,0.425925925925926,0.47696960070847283,3.15
828,18,25,28,1.7,0.5130208333333334,0.39999999999999997,3.2
829,18,24,27,1.7,0.5104166666666667,0.39999999999999997,3.2
830,18,27,26,1.7,0.48177083333333337,0.39999999999999997,3.2
831,18,24,28,1.65,0.5211640211640212,0.47696960070847283,3.15
832,18,32,24,1.65,0.4312169312169312,0.47696960070847283,3.15
833,19,30,24,1.736842105263158,0.4479166666666667,0.4823763889427201,3.3684210526315788
834,18,33,24,1.65,0.42592592592592593,0.47696960070847283,3.15
835,18,25,28,1.7,0.515625,0.39999999999999997,3.2
836,18,24,28,1.7,0.5208333333333334,0.39999999999999997,3.2
837,19,23,28,1.6842105263157894,0.5317460317460317,0.5668594533825794,3.3157894736842106
838,19,36,21,1.736842105263158,0.38020833333333337,0.48237638894272,3.3684210526315788
839,18,25,28,1.7,0.515625,0.39999999999999997,3.2
840,18,23,28,1.65,0.5291005291005292,0.47696960070847283,3.15
841,18,24,27,1.65,0.5079365079365079,0.47696960070847283,3.15
842,17,26,26,1.6666666666666667,0.48697916666666674,0.21295885499997994,3.0476190476190474
843,19,25,25,1.6842105263157894,0.4867724867724868,0.5668594533825794,3.3157894736842106
844,18,25,28,1.7,0.515625,0.39999999999999997,3.2
845,17,26,25,1.6666666666666667,0.48177083333333337,0.21295885499997994,3.0476190476190474
846,18,23,29,1.65,0.5396825396825397,0.47696960070847283,3.15
847,18,23,28,1.65,0.5317460317460317,0.47696960070847283,3.15
848,18,25,26,1.65,0.4973544973544974,0.47696960070847283,3.15
849,19,29,26,1.736842105263158,0.46875,0.4823763889427201,3.3684210526315788
850,18,25,28,1.7,0.5130208333333334,0.39999999999999997,3.2
851,18,28,26,1.65,0.4788359788359788,0.47696960070847283,3.15
852,18,25,26,1.65,0.4973544973544973,0.47696960070847283,3.15
853,18,31,24,1.7,0.4375,0.39999999999999997,3.2
854,18,25,28,1.7,0.515625,0.39999999999999997,3.2
855,19,28,25,1.736842105263158,0.46614583333333337,0.4823763889427201,3.3684210526315788
856,18,25,28,1.7,0.5130208333333334,0.39999999999999997,3.2
857,19,35,22,1.736842105263158,0.3932291666666667,0.4823763889427201,3.3684210526315788
858,18,25,26,1.7,0.5,0.39999999999999997,3.2
859,18,25,28,1.7,0.5130208333333334,0.39999999999999997,3.2
860,19,32,25,1.736842105263158,0.44270833333333337,0.4823763889427201,3.3684210526315788
861,18,25,28,1.7,0.515625,0.39999999999999997,3.2
862,18,28,25,1.7,0.4661458333333333,0.39999999999999997,3.2
863,17,25,27,1.6666666666666667,0.5052083333333334,0.21295885499997994,3.0476190476190474
864,18,26,27,1.7,0.5,0.39999999999999997,3.2
865,18,26,26,1.7,0.4921875,0.39999999999999997,3.2
866,18,24,29,1.65,0.5317460317460317,0.47696960070847283,3.15
867,18,24,28,1.7,0.5208333333333334,0.39999999999999997,3.2
868,19,23,28,1.6842105263157894,0.5264550264550265,0.5668594533825794,3.3157894736842106
869,18,24,28,1.65,0.5211640211640212,0.47696960070847283,3.15
870,18,24,28,1.7,0.5208333333333334,0.39999999999999997,3.2
871,19,24,28,1.6842105263157894,0.5238095238095238,0.5668594533825794,3.3157894736842106
872,18,25,28,1.7,0.515625,0.39999999999999997,3.2
873,18,25,28,1.7,0.515625,0.39999999999999997,3.2
874,18,29,27,1.7,0.4765625,0.39999999999999997,3.2
875,17,27,26,1.6666666666666667,0.48177083333333337,0.21295885499997994,3.0476190476190474
876,18,26,28,1.7,0.5078125,0.39999999999999997,3.2
877,18,25,28,1.7,0.515625,0.39999999999999997,3.2
878,18,25,28,1.7,0.5130208333333334,0.39999999999999997,3.2
879,17,26,27,1.6666666666666667,0.5,0.21295885499997994,3.0476190476190474
880,18,25,28,1.7,0.515625,0.39999999999999997,3.2
881,17,29,25,1.6666666666666667,0.4609375,0.21295885499997994,3.0476190476190474
882,18,24,26,1.65,0.5026455026455027,0.47696960070847283,3.15
883,18,25,28,1.65,0.5158730158730159,0.47696960070847283,3.15
884,18,33,22,1.7,0.40364583333333337,0.39999999999999997,3.2
885,18,23,27,1.65,0.5238095238095238,0.47696960070847283,3.15
886,18,31,26,1.7,0.453125,0.39999999999999997,3.2
887,18,24,28,1.7,0.5234375,0.39999999999999997,3.2
888,17,27,25,1.6666666666666667,0.4765625,0.21295885499997994,3.0476190476190474
889,18,23,28,1.65,0.5317460317460317,0.47696960070847283,3.15
890,17,27,25,1.6666666666666667,0.4791666666666667,0.21295885499997994,3.0476190476190474
891,17,28,25,1.6666666666666667,0.46614583333333337,0.21295885499997994,3.0476190476190474
892,18,23,28,1.65,0.5317460317460317,0.47696960070847283,3.15
893,17,25,27,1.6666666666666667,0.5078125,0.21295885499997994,3.0476190476190474
894,18,25,28,1.65,0.5158730158730159,0.47696960070847283,3.15
895,18,24,28,1.7,0.5208333333333334,0.39999999999999997,3.2
896,18,25,28,1.7,0.515625,0.39999999999999997,3.2
897,17,30,24,1.6666666666666667,0.4453125,0.21295885499997994,3.0476190476190474
898,18,25,27,1.65,0.5079365079365079,0.47696960070847283,3.15
899,18,25,26,1.65,0.5,0.47696960070847283,3.15
900,17,30,27,1.6666666666666667,0.46875,0.21295885499997994,3.0476190476190474
901,18,25,28,1.7,0.515625,0.39999999999999997,3.2
902,17,28,25,1.6666666666666667,0.4713541666666667,0.21295885499997994,3.0476190476190474
903,18,25,28,1.7,0.515625,0.39999999999999997,3.2
904,17,25,25,1.619047619047619,0.4894179894179895,0.3086066999241838,3.0
905,18,25,28,1.7,0.515625,0.39999999999999997,3.2
906,19,24,28,1.736842105263158,0.5234375,0.4823763889427201,3.3684210526315788
907,18,24,29,1.7,0.53125,0.39999999999999997,3.2
908,18,29,27,1.7,0.484375,0.39999999999999997,3.2
909,18,25,28,1.7,0.515625,0.39999999999999997,3.2
910,18,25,28,1.7,0.515625,0.39999999999999997,3.2
911,18,24,28,1.7,0.5208333333333334,0.39999999999999997,3.2
912,18,29,24,1.7,0.453125,0.39999999999999997,3.2
913,18,25,28,1.65,0.5158730158730159,0.47696960070847283,3.15
914,18,25,28,1.7,0.515625,0.39999999999999997,3.2
915,18,26,28,1.7,0.5078125,0.39999999999999997,3.2
916,18,29,24,1.7,0.45052083333333337,0.39999999999999997,3.2
917,18,24,28,1.7,0.5234375,0.39999999999999997,3.2
918,18,25,28,1.7,0.515625,0.39999999999999997,3.2
919,18,24,28,1.7,0.5234375,0.39999999999999997,3.2
920,18,24,28,1.65,0.5238095238095238,0.47696960070847283,3.15
921,18,24,28,1.7,0.5234375,0.39999999999999997,3.2
922,18,25,26,1.65,0.5,0.47696960070847283,3.15
923,18,24,27,1.7,0.515625,0.39999999999999997,3.2
924,18,23,28,1.65,0.5317460317460317,0.47696960070847283,3.15
925,17,26,25,1.6666666666666667,0.484375,0.21295885499997994,3.0476190476190474
926,17,27,25,1.6666666666666667,0.4791666666666667,0.21295885499997994,3.0476190476190474
927,18,25,28,1.65,0.5158730158730159,0.47696960070847283,3.15
928,18,27,25,1.7,0.4791666666666667,0.39999999999999997,3.2
929,18,24,28,1.65,0.5238095238095238,0.47696960070847283,3.15
930,17,26,25,1.619047619047619,0.4867724867724868,0.3086066999241838,3.0
931,18,27,24,1.65,0.4656084656084656,0.47696960070847283,3.15
932,17,27,25,1.619047619047619,0.47883597883597884,0.3086066999241838,3.0
933,19,29,25,1.736842105263158,0.45833333333333337,0.48237638894272,3.3684210526315788
934,18,25,27,1.65,0.5079365079365079,0.47696960070847283,3.15
935,19,40,18,1.736842105263158,0.3253968253968254,0.5668594533825794,3.3157894736842106
936,18,24,28,1.65,0.5238095238095238,0.47696960070847283,3.15
937,17,25,26,1.619047619047619,0.5026455026455027,0.3086066999241838,3.0
938,18,25,25,1.65,0.49206349206349204,0.47696960070847283,3.15
939,18,23,28,1.65,0.5317460317460317,0.47696960070847283,3.15
940,18,25,28,1.7,0.515625,0.39999999999999997,3.2
941,18,27,25,1.65,0.47883597883597884,0.47696960070847283,3.15
942,18,25,28,1.7,0.515625,0.39999999999999997,3.2
943,18,26,25,1.65,0.4867724867724868,0.47696960070847283,3.15
944,17,27,25,1.619047619047619,0.47883597883597884,0.3086066999241838,3.0
945,19,31,25,1.736842105263158,0.45052083333333337,0.4823763889427201,3.3684210526315788
946,19,24,28,1.736842105263158,0.5234375,0.4823763889427201,3.3684210526315788
947,18,27,26,1.7,0.4869791666666667,0.39999999999999997,3.2
948,18,28,25,1.7,0.4713541666666667,0.39999999999999997,3.2
949,18,24,25,1.65,0.5026455026455027,0.47696960070847283,3.15
950,17,29,25,1.619047619047619,0.4656084656084656,0.3086066999241838,3.0
951,17,25,25,1.619047619047619,0.4947089947089947,0.3086066999241838,3.0
952,17,25,25,1.619047619047619,0.4947089947089947,0.3086066999241838,3.0
953,19,33,27,1.736842105263158,0.45052083333333337,0.4823763889427201,3.3684210526315788
954,17,26,25,1.619047619047619,0.4867724867724868,0.3086066999241838,3.0
955,17,26,25,1.6666666666666667,0.484375,0.21295885499997994,3.0476190476190474
956,18,25,27,1.65,0.5079365079365079,0.47696960070847283,3.15
957,18,27,25,1.65,0.47883597883597884,0.47696960070847283,3.15
958,17,26,25,1.619047619047619,0.4867724867724868,0.3086066999241838,3.0
959,18,31,26,1.65,0.4576719576719577,0.47696960070847283,3.15
960,18,27,25,1.65,0.47883597883597884,0.47696960070847283,3.15
961,18,28,26,1.65,0.4788359788359789,0.47696960070847283,3.15
962,17,26,25,1.619047619047619,0.4867724867724868,0.3086066999241838,3.0
963,17,29,24,1.619047619047619,0.45502645502645506,0.3086066999241838,3.0
964,17,26,26,1.6666666666666667,0.4947916666666667,0.21295885499997994,3.0476190476190474
965,17,26,25,1.619047619047619,0.4867724867724868,0.3086066999241838,3.0
966,18,34,23,1.7,0.41145833333333337,0.39999999999999997,3.2
967,18,25,26,1.65,0.5026455026455027,0.47696960070847283,3.15
968,17,26,26,1.6666666666666667,0.4947916666666667,0.21295885499997994,3.0476190476190474
969,17,25,26,1.619047619047619,0.5026455026455027,0.3086066999241838,3.0
970,19,33,23,1.736842105263158,0.421875,0.4823763889427201,3.3684210526315788
971,17,27,24,1.619047619047619,0.47089947089947093,0.3086066999241838,3.0
972,17,26,25,1.6666666666666667,0.4869791666666667,0.21295885499997994,3.0476190476190474
973,18,26,25,1.65,0.4867724867724868,0.47696960070847283,3.15
974,17,26,25,1.6666666666666667,0.484375,0.21295885499997994,3.0476190476190474
975,18,26,26,1.7,0.4947916666666667,0.39999999999999997,3.2
976,17,27,25,1.6666666666666667,0.4791666666666667,0.21295885499997994,3.0476190476190474
977,17,25,25,1.619047619047619,0.4947089947089947,0.3086066999241838,3.0
978,18,25,27,1.65,0.5079365079365079,0.47696960070847283,3.15
979,18,27,25,1.65,0.47883597883597884,0.47696960070847283,3.15
980,17,27,25,1.6666666666666667,0.4791666666666667,0.21295885499997994,3.0476190476190474
981,17,27,25,1.619047619047619,0.47883597883597884,0.3086066999241838,3.0
982,17,26,25,1.619047619047619,0.4867724867724868,0.3086066999241838,3.0
983,17,26,26,1.619047619047619,0.49470899470899476,0.3086066999241838,3.0
984,18,27,25,1.65,0.47883597883597884,0.47696960070847283,3.15
985,17,25,25,1.619047619047619,0.4947089947089947,0.3086066999241838,3.0
986,17,27,25,1.619047619047619,0.47883597883597884,0.3086066999241838,3.0
987,17,25,26,1.619047619047619,0.5026455026455027,0.3086066999241838,3.0
988,18,27,25,1.65,0.47883597883597884,0.47696960070847283,3.15
989,17,25,25,1.619047619047619,0.4947089947089947,0.3086066999241838,3.0
990,18,26,26,1.7,0.4947916666666667,0.39999999999999997,3.2
991,17,29,25,1.619047619047619,0.46560846560846564,0.3086066999241838,3.0
992,17,25,25,1.619047619047619,0.4947089947089947,0.3086066999241838,3.0
993,17,26,25,1.619047619047619,0.48412698412698413,0.3086066999241838,3.0
994,17,25,25,1.619047619047619,0.4947089947089947,0.3086066999241838,3.0
995,17,33,22,1.6666666666666667,0.4088541666666667,0.21295885499997994,3.0476190476190474
996,18,26,25,1.65,0.4867724867724868,0.47696960070847283,3.15
997,17,26,24,1.619047619047619,0.47883597883597884,0.3086066999241838,3.0
998,18,26,26,1.7,0.4947916666666667,0.39999999999999997,3.2
999,17,25,25,1.619047619047619,0.4947089947089947,0.3086066999241838,3.0
1000,17,26,25,1.619047619047619,0.4867724867724868,0.3086066999241838,3.0
1001,17,31,24,1.6666666666666667,0.44010416666666674,0.21295885499997994,3.0476190476190474
1002,17,27,25,1.619047619047619,0.47883597883597884,0.3086066999241838,3.0
1003,17,26,25,1.619047619047619,0.4867724867724868,0.3086066999241838,3.0
1004,17,26,26,1.6666666666666667,0.4947916666666667,0.21295885499997994,3.0476190476190474
1005,17,26,26,1.6666666666666667,0.4947916666666667,0.21295885499997994,3.0476190476190474
1006,17,24,25,1.619047619047619,0.5026455026455027,0.3086066999241838,3.0
1007,18,28,25,1.7,0.46875,0.39999999999999997,3.2
1008,18,26,26,1.7,0.4947916666666667,0.39999999999999997,3.2
1009,18,26,25,1.65,0.4867724867724868,0.47696960070847283,3.15
1010,18,26,25,1.7,0.4869791666666667,0.39999999999999997,3.2
1011,17,31,23,1.6666666666666667,0.4322916666666667,0.21295885499997994,3.0476190476190474
1012,17,25,25,1.619047619047619,0.4947089947089947,0.3086066999241838,3.0
1013,17,26,25,1.619047619047619,0.4867724867724868,0.3086066999241838,3.0
1014,17,23,26,1.6666666666666667,0.5182291666666667,0.21295885499997994,3.0476190476190474
1015,17,26,25,1.6666666666666667,0.4869791666666667,0.21295885499997994,3.0476190476190474
1016,17,24,25,1.619047619047619,0.4973544973544974,0.3086066999241838,3.0
1017,17,25,26,1.619047619047619,0.5026455026455027,0.3086066999241838,3.0
1018,17,25,25,1.6666666666666667,0.4947916666666667,0.21295885499997994,3.0476190476190474
1019,18,29,25,1.65,0.46296296296296297,0.47696960070847283,3.15
1020,18,26,25,1.65,0.4867724867724868,0.47696960070847283,3.15
1021,17,25,26,1.619047619047619,0.5026455026455027,0.3086066999241838,3.0
1022,18,23,28,1.65,0.5317460317460317,0.47696960070847283,3.15
1023,17,26,25,1.619047619047619,0.4867724867724868,0.3086066999241838,3.0
1024,17,26,25,1.619047619047619,0.4867724867724868,0.3086066999241838,3.0
1025,18,35,21,1.7,0.38802083333333337,0.39999999999999997,3.2
1026,18,32,25,1.7,0.44010416666666663,0.39999999999999997,3.2
1027,18,28,25,1.65,0.470899470899471,0.47696960070847283,3.15
1028,17,25,25,1.619047619047619,0.49206349206349204,0.3086066999241838,3.0
1029,17,24,25,1.619047619047619,0.5026455026455027,0.3086066999241838,3.0
1030,17,26,25,1.619047619047619,0.4867724867724868,0.3086066999241838,3.0
1031,17,27,24,1.6666666666666667,0.46875,0.21295885499997994,3.0476190476190474
1032,17,25,25,1.619047619047619,0.4947089947089947,0.3086066999241838,3.0
1033,18,33,22,1.65,0.4100529100529101,0.47696960070847283,3.15
1034,18,25,26,1.7,0.5026041666666667,0.39999999999999997,3.2
1035,18,25,25,1.65,0.4947089947089947,0.47696960070847283,3.15
1036,17,27,25,1.6666666666666667,0.4791666666666667,0.21295885499997994,3.0476190476190474
1037,17,26,25,1.619047619047619,0.4867724867724868,0.3086066999241838,3.0
1038,17,30,24,1.619047619047619,0.44973544973544977,0.3086066999241838,3.0
1039,18,25,25,1.65,0.49206349206349204,0.47696960070847283,3.15
1040,17,24,25,1.619047619047619,0.5026455026455027,0.3086066999241838,3.0
1041,18,26,26,1.7,0.4947916666666667,0.39999999999999997,3.2
1042,18,25,26,1.7,0.5026041666666667,0.39999999999999997,3.2
1043,17,24,25,1.619047619047619,0.5026455026455027,0.3086066999241838,3.0
1044,17,25,25,1.619047619047619,0.4947089947089947,0.3086066999241838,3.0
1045,18,25,26,1.7,0.5026041666666667,0.39999999999999997,3.2
1046,18,30,25,1.7,0.4557291666666667,0.39999999999999997,3.2
1047,17,30,24,1.6666666666666667,0.4479166666666667,0.21295885499997994,3.0476190476190474
1048,18,30,23,1.65,0.4391534391534392,0.47696960070847283,3.15
1049,17,26,25,1.619047619047619,0.4867724867724868,0.3086066999241838,3.0
1050,18,24,26,1.7,0.5104166666666667,0.39999999999999997,3.2
1051,17,25,25,1.619047619047619,0.4947089947089947,0.3086066999241838,3.0
1052,17,25,25,1.619047619047619,0.4894179894179895,0.3086066999241838,3.0
1053,18,25,26,1.7,0.5026041666666667,0.39999999999999997,3.2
1054,17,30,24,1.6666666666666667,0.4479166666666667,0.21295885499997994,3.0476190476190474
1055,17,24,25,1.619047619047619,0.5026455026455027,0.3086066999241838,3.0
1056,17,33,25,1.6666666666666667,0.43489583333333337,0.21295885499997994,3.0476190476190474
1057,19,26,28,1.736842105263158,0.5104166666666666,0.48237638894272,3.3684210526315788
1058,18,27,26,1.7,0.484375,0.39999999999999997,3.2
1059,18,26,25,1.65,0.4867724867724868,0.47696960070847283,3.15
1060,18,29,27,1.7,0.47916666666666663,0.39999999999999997,3.2
1061,17,27,25,1.6666666666666667,0.4765625,0.21295885499997994,3.0476190476190474
1062,17,26,25,1.619047619047619,0.4867724867724868,0.3086066999241838,3.0
1063,18,27,25,1.7,0.4765625,0.39999999999999997,3.2
1064,18,25,26,1.7,0.5026041666666667,0.39999999999999997,3.2
1065,17,26,25,1.619047619047619,0.4867724867724868,0.3086066999241838,3.0
1066,18,34,24,1.7,0.41927083333333337,0.39999999999999997,3.2
1067,18,31,24,1.65,0.44179894179894186,0.47696960070847283,3.15
1068,18,27,25,1.65,0.47883597883597884,0.47696960070847283,3.15
1069,18,25,26,1.7,0.5026041666666667,0.39999999999999997,3.2
1070,17,26,25,1.6666666666666667,0.484375,0.21295885499997994,3.0476190476190474
1071,17,25,25,1.6666666666666667,0.4921875,0.21295885499997994,3.0476190476190474
1072,18,27,25,1.7,0.4765625,0.39999999999999997,3.2
1073,18,24,26,1.7,0.5104166666666667,0.39999999999999997,3.2
1074,18,31,24,1.7,0.4375,0.39999999999999997,3.2
1075,17,25,25,1.619047619047619,0.49206349206349204,0.3086066999241838,3.0
1076,17,27,25,1.6666666666666667,0.4791666666666667,0.21295885499997994,3.0476190476190474
1077,17,25,26,1.6666666666666667,0.5026041666666667,0.21295885499997994,3.0476190476190474
1078,18,27,25,1.7,0.4765625,0.39999999999999997,3.2
1079,18,27,25,1.7,0.4791666666666667,0.39999999999999997,3.2
1080,18,27,25,1.7,0.4791666666666667,0.39999999999999997,3.2
1081,18,26,26,1.7,0.4947916666666667,0.39999999999999997,3.2
1082,18,28,25,1.7,0.4713541666666667,0.39999999999999997,3.2
1083,17,27,25,1.6666666666666667,0.4791666666666667,0.21295885499997994,3.0476190476190474
1084,17,26,25,1.6666666666666667,0.484375,0.21295885499997994,3.0476190476190474
1085,18,26,25,1.65,0.4867724867724868,0.47696960070847283,3.15
1086,17,24,25,1.619047619047619,0.5026455026455027,0.3086066999241838,3.0
1087,18,27,25,1.7,0.4791666666666667,0.39999999999999997,3.2
1088,17,26,25,1.6666666666666667,0.484375,0.21295885499997994,3.0476190476190474
1089,18,24,25,1.7,0.5026041666666667,0.39999999999999997,3.2
1090,17,27,25,1.6666666666666667,0.4791666666666667,0.21295885499997994,3.0476190476190474
1091,18,34,19,1.7,0.3776041666666667,0.39999999999999997,3.2
1092,17,29,25,1.6666666666666667,0.4635416666666667,0.21295885499997994,3.0476190476190474
1093,17,25,25,1.6666666666666667,0.4947916666666667,0.21295885499997994,3.0476190476190474
1094,19,34,22,1.736842105263158,0.4010416666666667,0.4823763889427201,3.3684210526315788
1095,18,25,26,1.7,0.49739583333333337,0.39999999999999997,3.2
1096,17,25,25,1.619047619047619,0.49206349206349204,0.3086066999241838,3.0
1097,17,24,26,1.619047619047619,0.5079365079365079,0.3086066999241838,3.0
1098,17,29,25,1.6666666666666667,0.4635416666666667,0.21295885499997994,3.0476190476190474
1099,18,33,23,1.65,0.417989417989418,0.47696960070847283,3.15
1100,19,28,25,1.736842105263158,0.46614583333333337,0.48237638894272,3.3684210526315788
1101,18,24,25,1.65,0.5026455026455027,0.47696960070847283,3.15
1102,19,25,26,1.736842105263158,0.5026041666666667,0.4823763889427201,3.3684210526315788
1103,18,29,25,1.7,0.46354166666666674,0.39999999999999997,3.2
1104,17,26,25,1.6666666666666667,0.484375,0.21295885499997994,3.0476190476190474
1105,18,26,26,1.7,0.4947916666666667,0.39999999999999997,3.2
1106,17,28,25,1.6666666666666667,0.46875,0.21295885499997994,3.0476190476190474
1107,17,26,25,1.6666666666666667,0.484375,0.21295885499997994,3.0476190476190474
1108,17,25,25,1.6666666666666667,0.4921875,0.21295885499997994,3.0476190476190474
1109,18,29,25,1.65,0.462962962962963,0.47696960070847283,3.15
1110,18,27,25,1.7,0.4791666666666667,0.39999999999999997,3.2
1111,18,24,26,1.7,0.5104166666666667,0.39999999999999997,3.2
1112,17,27,26,1.6666666666666667,0.484375,0.21295885499997994,3.0476190476190474
1113,18,24,26,1.7,0.5104166666666667,0.39999999999999997,3.2
1114,18,25,27,1.7,0.5130208333333334,0.39999999999999997,3.2
1115,18,29,26,1.7,0.47135416666666663,0.39999999999999997,3.2
1116,18,27,26,1.7,0.4869791666666667,0.39999999999999997,3.2
1117,19,35,23,1.736842105263158,0.4010416666666667,0.4823763889427201,3.3684210526315788
1118,18,28,26,1.7,0.4791666666666667,0.39999999999999997,3.2
1119,18,25,28,1.7,0.5130208333333334,0.39999999999999997,3.2
1120,18,27,26,1.7,0.4869791666666667,0.39999999999999997,3.2
1121,18,24,26,1.7,0.5104166666666667,0.39999999999999997,3.2
1122,18,27,26,1.7,0.4869791666666667,0.39999999999999997,3.2
1123,17,26,25,1.619047619047619,0.48412698412698413,0.3086066999241838,3.0
1124,18,30,22,1.7,0.42708333333333337,0.39999999999999997,3.2
1125,18,25,26,1.7,0.5,0.39999999999999997,3.2
1126,18,26,26,1.7,0.4947916666666667,0.39999999999999997,3.2
1127,17,27,25,1.6666666666666667,0.4791666666666667,0.21295885499997994,3.0476190476190474
1128,17,29,24,1.6666666666666667,0.453125,0.21295885499997994,3.0476190476190474
1129,17,26,25,1.6666666666666667,0.4869791666666667,0.21295885499997994,3.0476190476190474
1130,17,26,25,1.6666666666666667,0.4869791666666667,0.21295885499997994,3.0476190476190474
1131,17,25,25,1.6666666666666667,0.4921875,0.21295885499997994,3.0476190476190474
1132,18,26,27,1.7,0.5026041666666667,0.39999999999999997,3.2
1133,17,25,25,1.619047619047619,0.49206349206349204,0.3086066999241838,3.0
1134,18,24,26,1.7,0.5104166666666667,0.39999999999999997,3.2
1135,18,24,26,1.7,0.5104166666666667,0.39999999999999997,3.2
1136,18,25,26,1.7,0.5,0.39999999999999997,3.2
1137,18,25,26,1.7,0.5026041666666667,0.39999999999999997,3.2
1138,18,30,25,1.7,0.453125,0.39999999999999997,3.2
1139,18,26,27,1.7,0.5026041666666667,0.39999999999999997,3.2
1140,18,25,26,1.7,0.5026041666666667,0.39999999999999997,3.2
1141,18,25,26,1.7,0.5026041666666667,0.39999999999999997,3.2
1142,17,26,25,1.6666666666666667,0.4869791666666667,0.21295885499997994,3.0476190476190474
1143,18,26,26,1.7,0.4947916666666667,0.39999999999999997,3.2
1144,18,33,22,1.7,0.40625,0.39999999999999997,3.2
1145,17,28,24,1.6666666666666667,0.4609375,0.21295885499997994,3.0476190476190474
1146,18,24,27,1.7,0.5182291666666667,0.39999999999999997,3.2
1147,18,24,27,1.7,0.5182291666666667,0.39999999999999997,3.2
1148,17,31,23,1.6666666666666667,0.4322916666666667,0.21295885499997994,3.0476190476190474
1149,19,32,22,1.6842105263157894,0.4153439153439153,0.5668594533825794,3.3157894736842106
1150,18,25,26,1.7,0.5026041666666667,0.39999999999999997,3.2
1151,18,25,26,1.7,0.5026041666666667,0.39999999999999997,3.2
1152,19,35,22,1.736842105263158,0.39583333333333337,0.4823763889427201,3.3684210526315788
1153,18,25,27,1.7,0.5104166666666667,0.39999999999999997,3.2
1154,17,26,26,1.6666666666666667,0.4947916666666667,0.21295885499997994,3.0476190476190474
1155,17,26,25,1.6666666666666667,0.4869791666666667,0.21295885499997994,3.0476190476190474
1156,18,32,23,1.7,0.41927083333333337,0.39999999999999997,3.2
1157,17,26,25,1.6666666666666667,0.4869791666666667,0.21295885499997994,3.0476190476190474
1158,18,25,27,1.7,0.5104166666666667,0.39999999999999997,3.2
1159,18,25,27,1.7,0.5104166666666667,0.39999999999999997,3.2
1160,17,26,25,1.619047619047619,0.4867724867724868,0.3086066999241838,3.0
1161,18,26,26,1.7,0.4947916666666667,0.39999999999999997,3.2
1162,17,30,23,1.619047619047619,0.4391534391534392,0.3086066999241838,3.0
1163,18,26,26,1.7,0.4947916666666667,0.39999999999999997,3.2
1164,18,27,25,1.7,0.4791666666666667,0.39999999999999997,3.2
1165,18,26,27,1.7,0.5026041666666667,0.39999999999999997,3.2
1166,17,28,25,1.6666666666666667,0.46875,0.21295885499997994,3.0476190476190474
1167,18,26,27,1.7,0.5026041666666667,0.39999999999999997,3.2
1168,18,24,25,1.7,0.49739583333333337,0.39999999999999997,3.2
1169,17,29,25,1.619047619047619,0.46296296296296297,0.3086066999241838,3.0
1170,20,35,23,1.7777777777777777,0.40364583333333337,0.49690399499995325,3.5555555555555554
1171,18,26,27,1.7,0.5026041666666667,0.39999999999999997,3.2
1172,17,29,25,1.6666666666666667,0.4609375,0.21295885499997994,3.0476190476190474
1173,18,24,27,1.7,0.5182291666666667,0.39999999999999997,3.2
1174,18,24,27,1.7,0.5182291666666667,0.39999999999999997,3.2
1175,18,24,27,1.7,0.5182291666666667,0.39999999999999997,3.2
1176,18,26,26,1.7,0.4947916666666667,0.39999999999999997,3.2
1177,18,24,27,1.7,0.5182291666666667,0.39999999999999997,3.2
1178,18,24,27,1.7,0.5182291666666667,0.39999999999999997,3.2
1179,18,24,27,1.7,0.5182291666666667,0.39999999999999997,3.2
1180,18,24,27,1.7,0.5182291666666667,0.39999999999999997,3.2
1181,18,26,27,1.7,0.5026041666666667,0.39999999999999997,3.2
1182,18,25,27,1.7,0.5104166666666667,0.39999999999999997,3.2
1183,18,25,27,1.7,0.5104166666666667,0.39999999999999997,3.2
1184,18,23,27,1.7,0.5260416666666666,0.39999999999999997,3.2
1185,17,25,26,1.619047619047619,0.5,0.3086066999241838,3.0
1186,18,26,27,1.7,0.5026041666666667,0.39999999999999997,3.2
1187,18,24,27,1.7,0.5182291666666667,0.39999999999999997,3.2
1188,18,24,27,1.7,0.5182291666666667,0.39999999999999997,3.2
1189,18,24,27,1.7,0.5182291666666667,0.39999999999999997,3.2
1190,18,24,27,1.7,0.5182291666666667,0.39999999999999997,3.2
1191,18,25,27,1.7,0.5104166666666667,0.39999999999999997,3.2
1192,18,23,27,1.7,0.5260416666666667,0.39999999999999997,3.2
1193,17,29,23,1.6666666666666667,0.4453125,0.21295885499997994,3.0476190476190474
1194,18,23,27,1.7,0.5260416666666667,0.39999999999999997,3.2
1195,18,25,27,1.7,0.5104166666666667,0.39999999999999997,3.2
1196,18,24,27,1.7,0.5182291666666667,0.39999999999999997,3.2
1197,18,24,27,1.7,0.5182291666666667,0.39999999999999997,3.2
1198,18,24,27,1.7,0.5182291666666667,0.39999999999999997,3.2
1199,18,24,27,1.7,0.5182291666666667,0.39999999999999997,3.2
1200,18,35,22,1.7,0.39583333333333337,0.39999999999999997,3.2
1201,18,24,27,1.7,0.5182291666666667,0.39999999999999997,3.2
1202,18,24,27,1.7,0.5182291666666667,0.39999999999999997,3.2
1203,18,23,27,1.7,0.5260416666666667,0.39999999999999997,3.2
1204,19,29,24,1.6842105263157894,0.45502645502645506,0.5668594533825794,3.3157894736842106
1205,18,25,27,1.7,0.5104166666666667,0.39999999999999997,3.2
1206,18,24,27,1.7,0.5182291666666667,0.39999999999999997,3.2
1207,18,24,27,1.7,0.5182291666666667,0.39999999999999997,3.2
1208,18,24,27,1.7,0.5182291666666667,0.39999999999999997,3.2
1209,18,24,27,1.7,0.5182291666666667,0.39999999999999997,3.2
1210,18,24,27,1.7,0.5182291666666667,0.39999999999999997,3.2
1211,18,23,27,1.65,0.5264550264550265,0.47696960070847283,3.15
1212,18,23,27,1.7,0.5260416666666667,0.39999999999999997,3.2
1213,17,29,24,1.6666666666666667,0.4557291666666667,0.21295885499997994,3.0476190476190474
1214,18,23,27,1.7,0.5260416666666667,0.39999999999999997,3.2
1215,17,27,25,1.6666666666666667,0.4791666666666667,0.21295885499997994,3.0476190476190474
1216,18,23,27,1.65,0.5264550264550265,0.47696960070847283,3.15
1217,18,24,27,1.7,0.5182291666666667,0.39999999999999997,3.2
1218,17,31,28,1.619047619047619,0.4735449735449736,0.3086066999241838,3.0
1219,18,24,27,1.7,0.5182291666666667,0.39999999999999997,3.2
1220,18,24,27,1.7,0.5182291666666667,0.39999999999999997,3.2
1221,18,23,27,1.7,0.5260416666666667,0.39999999999999997,3.2
1222,18,24,27,1.7,0.5182291666666667,0.39999999999999997,3.2
1223,18,25,27,1.7,0.5104166666666667,0.39999999999999997,3.2
1224,18,24,27,1.7,0.5182291666666667,0.39999999999999997,3.2
1225,18,24,27,1.7,0.5182291666666667,0.39999999999999997,3.2
1226,18,30,24,1.7,0.4479166666666667,0.39999999999999997,3.2
1227,18,24,27,1.7,0.5182291666666667,0.39999999999999997,3.2
1228,18,25,27,1.7,0.5104166666666667,0.39999999999999997,3.2
1229,18,24,27,1.7,0.5182291666666667,0.39999999999999997,3.2
1230,18,25,27,1.7,0.5104166666666667,0.39999999999999997,3.2
1231,17,30,25,1.6666666666666667,0.4557291666666667,0.21295885499997994,3.0476190476190474
1232,18,23,27,1.7,0.5260416666666667,0.39999999999999997,3.2
1233,18,25,26,1.7,0.5026041666666667,0.39999999999999997,3.2
1234,17,27,27,1.6666666666666667,0.4947916666666667,0.21295885499997994,3.0476190476190474
1235,18,23,27,1.7,0.5260416666666667,0.39999999999999997,3.2
1236,18,24,27,1.7,0.5182291666666667,0.39999999999999997,3.2
1237,18,23,27,1.7,0.5260416666666667,0.39999999999999997,3.2
1238,18,24,27,1.7,0.5182291666666667,0.39999999999999997,3.2
1239,18,23,27,1.7,0.5260416666666667,0.39999999999999997,3.2
1240,18,24,27,1.7,0.5182291666666667,0.39999999999999997,3.2
1241,18,23,27,1.7,0.5260416666666667,0.39999999999999997,3.2
1242,18,24,27,1.7,0.5182291666666667,0.39999999999999997,3.2
1243,18,24,27,1.7,0.5182291666666667,0.39999999999999997,3.2
1244,18,24,27,1.7,0.5182291666666667,0.39999999999999997,3.2
1245,18,23,27,1.7,0.5260416666666667,0.39999999999999997,3.2
1246,18,24,27,1.7,0.5182291666666667,0.39999999999999997,3.2
1247,17,32,23,1.6666666666666667,0.4244791666666667,0.21295885499997994,3.0476190476190474
1248,18,25,27,1.7,0.5104166666666667,0.39999999999999997,3.2
1249,18,23,27,1.65,0.5264550264550265,0.47696960070847283,3.15
1250,18,23,27,1.7,0.5260416666666667,0.39999999999999997,3.2
1251,18,24,27,1.7,0.5182291666666667,0.39999999999999997,3.2
1252,18,27,26,1.7,0.4869791666666667,0.39999999999999997,3.2
1253,18,23,27,1.7,0.5260416666666667,0.39999999999999997,3.2
1254,18,23,27,1.7,0.5260416666666667,0.39999999999999997,3.2
1255,18,24,27,1.7,0.5182291666666667,0.39999999999999997,3.2
1256,18,24,27,1.7,0.5182291666666667,0.39999999999999997,3.2
1257,18,27,27,1.7,0.48958333333333337,0.39999999999999997,3.2
1258,18,27,27,1.7,0.4947916666666667,0.39999999999999997,3.2
1259,18,23,27,1.7,0.5260416666666667,0.39999999999999997,3.2
1260,18,24,27,1.7,0.5182291666666667,0.39999999999999997,3.2
1261,18,25,27,1.7,0.5104166666666667,0.39999999999999997,3.2
1262,18,24,27,1.7,0.5182291666666667,0.39999999999999997,3.2
1263,18,24,27,1.7,0.5182291666666667,0.39999999999999997,3.2
1264,18,23,27,1.7,0.5260416666666667,0.39999999999999997,3.2
1265,18,21,28,1.7,0.546875,0.39999999999999997,3.2
1266,18,28,27,1.7,0.484375,0.39999999999999997,3.2
1267,18,23,27,1.7,0.5260416666666667,0.39999999999999997,3.2
1268,19,36,21,1.736842105263158,0.3776041666666667,0.4823763889427201,3.3684210526315788
1269,18,23,27,1.7,0.5260416666666667,0.39999999999999997,3.2
1270,18,23,27,1.7,0.5260416666666667,0.39999999999999997,3.2
1271,18,24,27,1.7,0.5182291666666667,0.39999999999999997,3.2
1272,18,28,27,1.7,0.4869791666666667,0.39999999999999997,3.2
1273,18,23,27,1.7,0.5260416666666667,0.39999999999999997,3.2
1274,18,23,27,1.7,0.5260416666666667,0.39999999999999997,3.2
1275,18,24,27,1.7,0.5182291666666667,0.39999999999999997,3.2
1276,18,23,27,1.7,0.5260416666666667,0.39999999999999997,3.2
1277,18,24,27,1.7,0.5182291666666667,0.39999999999999997,3.2
1278,18,23,27,1.7,0.5260416666666667,0.39999999999999997,3.2
1279,18,24,27,1.7,0.5182291666666667,0.39999999999999997,3.2
1280,18,25,27,1.7,0.5104166666666667,0.39999999999999997,3.2
1281,18,25,27,1.7,0.5104166666666667,0.39999999999999997,3.2
1282,18,23,27,1.7,0.5260416666666667,0.39999999999999997,3.2
1283,18,27,26,1.65,0.48677248677248686,0.47696960070847283,3.15
1284,18,24,27,1.7,0.5182291666666667,0.39999999999999997,3.2
1285,18,23,27,1.7,0.5260416666666667,0.39999999999999997,3.2
1286,18,23,27,1.7,0.5260416666666667,0.39999999999999997,3.2
1287,18,23,27,1.7,0.5260416666666667,0.39999999999999997,3.2
1288,18,23,27,1.7,0.5260416666666667,0.39999999999999997,3.2
1289,18,23,27,1.7,0.5260416666666667,0.39999999999999997,3.2
1290,18,25,27,1.7,0.5104166666666667,0.39999999999999997,3.2
1291,18,23,27,1.7,0.5260416666666667,0.39999999999999997,3.2
1292,18,23,27,1.7,0.5260416666666667,0.39999999999999997,3.2
1293,19,29,27,1.736842105263158,0.48177083333333337,0.4823763889427201,3.3684210526315788
1294,18,23,27,1.7,0.5260416666666667,0.39999999999999997,3.2
1295,18,23,27,1.7,0.5260416666666667,0.39999999999999997,3.2
1296,18,24,27,1.7,0.5182291666666667,0.39999999999999997,3.2
1297,18,23,27,1.7,0.5260416666666667,0.39999999999999997,3.2
1298,18,23,27,1.7,0.5260416666666667,0.39999999999999997,3.2
1299,18,23,27,1.7,0.5260416666666667,0.39999999999999997,3.2
1300,18,23,27,1.7,0.5260416666666667,0.39999999999999997,3.2
1301,18,23,27,1.7,0.5260416666666667,0.39999999999999997,3.2
1302,18,23,27,1.7,0.5260416666666667,0.39999999999999997,3.2
1303,18,24,27,1.7,0.5182291666666667,0.39999999999999997,3.2
1304,18,23,27,1.7,0.5260416666666667,0.39999999999999997,3.2
1305,18,23,27,1.7,0.5260416666666667,0.39999999999999997,3.2
1306,18,23,27,1.7,0.5260416666666667,0.39999999999999997,3.2
1307,18,24,27,1.7,0.5182291666666667,0.39999999999999997,3.2
1308,18,23,27,1.7,0.5260416666666667,0.39999999999999997,3.2
1309,18,23,27,1.7,0.5260416666666667,0.39999999999999997,3.2
1310,18,24,27,1.7,0.5182291666666667,0.39999999999999997,3.2
1311,18,26,26,1.7,0.4947916666666667,0.39999999999999997,3.2
1312,18,24,27,1.7,0.5182291666666667,0.39999999999999997,3.2
1313,18,24,27,1.7,0.5182291666666667,0.39999999999999997,3.2
1314,17,33,23,1.6666666666666667,0.4140625,0.21295885499997994,3.0476190476190474
1315,18,24,27,1.7,0.5182291666666667,0.39999999999999997,3.2
1316,18,23,27,1.7,0.5260416666666667,0.39999999999999997,3.2
1317,18,24,27,1.7,0.5182291666666667,0.39999999999999997,3.2
1318,18,24,27,1.7,0.5182291666666667,0.39999999999999997,3.2
1319,18,24,27,1.7,0.5182291666666667,0.39999999999999997,3.2
1320,18,23,27,1.7,0.5260416666666667,0.39999999999999997,3.2
1321,18,23,27,1.7,0.5260416666666667,0.39999999999999997,3.2
1322,18,24,27,1.7,0.5182291666666667,0.39999999999999997,3.2
1323,18,24,27,1.7,0.5182291666666667,0.39999999999999997,3.2
1324,18,23,27,1.7,0.5260416666666667,0.39999999999999997,3.2
1325,18,24,27,1.7,0.5182291666666667,0.39999999999999997,3.2
1326,18,24,27,1.7,0.5182291666666667,0.39999999999999997,3.2
1327,18,33,23,1.7,0.4192708333333333,0.39999999999999997,3.2
1328,19,26,25,1.6842105263157894,0.4867724867724868,0.5668594533825794,3.3157894736842106
1329,18,24,28,1.7,0.5260416666666667,0.39999999999999997,3.2
1330,18,24,27,1.7,0.5182291666666667,0.39999999999999997,3.2
1331,18,24,27,1.7,0.5182291666666667,0.39999999999999997,3.2
1332,18,23,27,1.65,0.5264550264550265,0.47696960070847283,3.15
1333,18,24,27,1.7,0.5182291666666667,0.39999999999999997,3.2
1334,18,23,27,1.7,0.5260416666666667,0.39999999999999997,3.2
1335,18,24,27,1.7,0.5182291666666667,0.39999999999999997,3.2
1336,18,24,27,1.7,0.5182291666666667,0.39999999999999997,3.2
1337,18,24,27,1.7,0.5182291666666667,0.39999999999999997,3.2
1338,18,24,27,1.7,0.5182291666666667,0.39999999999999997,3.2
1339,18,24,27,1.7,0.5182291666666667,0.39999999999999997,3.2
1340,18,24,27,1.7,0.5182291666666667,0.39999999999999997,3.2
1341,18,23,27,1.7,0.5260416666666667,0.39999999999999997,3.2
1342,18,24,27,1.7,0.5182291666666667,0.39999999999999997,3.2
1343,18,25,27,1.7,0.5078125,0.39999999999999997,3.2
1344,18,27,26,1.7,0.4869791666666667,0.39999999999999997,3.2
1345,18,27,26,1.7,0.4869791666666667,0.39999999999999997,3.2
1346,18,23,27,1.7,0.5260416666666667,0.39999999999999997,3.2
1347,18,26,25,1.7,0.48177083333333337,0.39999999999999997,3.2
1348,18,23,27,1.7,0.5260416666666667,0.39999999999999997,3.2
1349,18,24,27,1.7,0.5182291666666667,0.39999999999999997,3.2
1350,18,23,27,1.7,0.5260416666666667,0.39999999999999997,3.2
1351,18,23,27,1.7,0.5260416666666667,0.39999999999999997,3.2
1352,18,23,27,1.7,0.5260416666666667,0.39999999999999997,3.2
1353,18,25,27,1.7,0.5104166666666667,0.39999999999999997,3.2
1354,18,24,27,1.7,0.5182291666666667,0.39999999999999997,3.2
1355,18,26,27,1.7,0.5026041666666667,0.39999999999999997,3.2
1356,18,23,27,1.65,0.5264550264550265,0.47696960070847283,3.15
1357,18,23,27,1.7,0.5260416666666667,0.39999999999999997,3.2
1358,18,23,27,1.7,0.5260416666666667,0.39999999999999997,3.2
1359,18,31,26,1.7,0.4557291666666667,0.39999999999999997,3.2
1360,18,28,26,1.7,0.4791666666666667,0.39999999999999997,3.2
1361,18,23,27,1.7,0.5260416666666667,0.39999999999999997,3.2
1362,17,24,26,1.619047619047619,0.5079365079365079,0.3086066999241838,3.0
1363,18,23,27,1.7,0.5260416666666667,0.39999999999999997,3.2
1364,19,33,21,1.736842105263158,0.3994708994708995,0.5668594533825794,3.3157894736842106
1365,18,23,27,1.65,0.5264550264550265,0.47696960070847283,3.15
1366,18,23,27,1.7,0.5260416666666667,0.39999999999999997,3.2
1367,18,23,27,1.7,0.5260416666666667,0.39999999999999997,3.2
1368,18,23,27,1.7,0.5260416666666667,0.39999999999999997,3.2
1369,18,23,27,1.7,0.5260416666666667,0.39999999999999997,3.2
1370,19,35,22,1.736842105263158,0.3932291666666667,0.4823763889427201,3.3684210526315788
1371,18,23,27,1.7,0.5260416666666667,0.39999999999999997,3.2
1372,18,23,27,1.7,0.5260416666666667,0.39999999999999997,3.2
1373,18,31,25,1.7,0.4479166666666667,0.39999999999999997,3.2
1374,18,23,27,1.7,0.5260416666666667,0.39999999999999997,3.2
1375,18,23,27,1.7,0.5260416666666667,0.39999999999999997,3.2
1376,18,23,27,1.7,0.5260416666666667,0.39999999999999997,3.2
1377,18,23,27,1.7,0.5260416666666667,0.39999999999999997,3.2
1378,18,23,27,1.7,0.5260416666666667,0.39999999999999997,3.2
1379,18,23,27,1.7,0.5260416666666667,0.39999999999999997,3.2
1380,18,24,27,1.7,0.5182291666666667,0.39999999999999997,3.2
1381,18,23,27,1.7,0.5260416666666667,0.39999999999999997,3.2
1382,18,26,26,1.7,0.48697916666666674,0.39999999999999997,3.2
1383,18,34,23,1.7,0.4088541666666667,0.39999999999999997,3.2
1384,18,22,26,1.7,0.5234375,0.39999999999999997,3.2
1385,18,24,27,1.7,0.5182291666666667,0.39999999999999997,3.2
1386,18,23,27,1.7,0.5260416666666667,0.39999999999999997,3.2
1387,18,29,26,1.7,0.4713541666666667,0.39999999999999997,3.2
1388,18,24,27,1.7,0.5182291666666667,0.39999999999999997,3.2
1389,18,27,27,1.7,0.4947916666666667,0.39999999999999997,3.2
1390,19,31,24,1.6842105263157894,0.43915343915343913,0.5668594533825794,3.3157894736842106
1391,18,26,27,1.7,0.5026041666666667,0.39999999999999997,3.2
1392,18,23,27,1.7,0.5260416666666667,0.39999999999999997,3.2
1393,18,23,27,1.7,0.5260416666666667,0.39999999999999997,3.2
1394,18,28,27,1.7,0.4869791666666667,0.39999999999999997,3.2
1395,18,28,27,1.7,0.4869791666666667,0.39999999999999997,3.2
1396,18,23,27,1.7,0.5260416666666667,0.39999999999999997,3.2
1397,18,25,27,1.7,0.5104166666666667,0.39999999999999997,3.2
1398,18,30,22,1.7,0.4296875,0.39999999999999997,3.2
1399,18,23,27,1.7,0.5260416666666667,0.39999999999999997,3.2
1400,18,23,27,1.7,0.5260416666666667,0.39999999999999997,3.2
1401,17,34,23,1.6666666666666667,0.4088541666666667,0.21295885499997994,3.0476190476190474
1402,18,23,27,1.7,0.5260416666666667,0.39999999999999997,3.2
1403,18,28,27,1.7,0.4869791666666667,0.39999999999999997,3.2
1404,18,23,27,1.7,0.5260416666666667,0.39999999999999997,3.2
1405,18,24,27,1.7,0.5182291666666667,0.39999999999999997,3.2
1406,18,23,27,1.7,0.5260416666666667,0.39999999999999997,3.2
1407,18,23,27,1.7,0.5260416666666667,0.39999999999999997,3.2
1408,18,31,26,1.75,0.45833333333333337,0.39999999999999997,3.2
1409,18,24,27,1.7,0.5182291666666667,0.39999999999999997,3.2
1410,18,23,27,1.7,0.5260416666666667,0.39999999999999997,3.2
1411,18,23,27,1.7,0.5260416666666667,0.39999999999999997,3.2
1412,18,23,27,1.7,0.5260416666666667,0.39999999999999997,3.2
1413,18,23,27,1.7,0.5260416666666667,0.39999999999999997,3.2
1414,18,23,27,1.7,0.5260416666666667,0.39999999999999997,3.2
1415,18,24,27,1.7,0.5182291666666667,0.39999999999999997,3.2
1416,18,23,27,1.7,0.5260416666666667,0.39999999999999997,3.2
1417,18,23,27,1.7,0.5260416666666667,0.39999999999999997,3.2
1418,18,24,27,1.7,0.5182291666666667,0.39999999999999997,3.2
1419,18,26,27,1.7,0.5026041666666667,0.39999999999999997,3.2
1420,18,23,27,1.7,0.5260416666666667,0.39999999999999997,3.2
1421,18,28,27,1.7,0.48958333333333337,0.39999999999999997,3.2
1422,18,23,27,1.7,0.5260416666666667,0.39999999999999997,3.2
1423,18,24,27,1.7,0.5182291666666667,0.39999999999999997,3.2
1424,18,26,27,1.7,0.5026041666666667,0.39999999999999997,3.2
1425,18,23,27,1.7,0.5260416666666667,0.39999999999999997,3.2
1426,18,23,27,1.7,0.5260416666666667,0.39999999999999997,3.2
1427,18,24,27,1.7,0.5182291666666667,0.39999999999999997,3.2
1428,18,23,27,1.7,0.5260416666666667,0.39999999999999997,3.2
1429,18,24,27,1.7,0.5182291666666667,0.39999999999999997,3.2
1430,18,25,27,1.7,0.5104166666666667,0.39999999999999997,3.2
1431,18,24,27,1.7,0.5182291666666667,0.39999999999999997,3.2
1432,18,24,27,1.7,0.5182291666666667,0.39999999999999997,3.2
1433,18,24,27,1.7,0.5182291666666667,0.39999999999999997,3.2
1434,18,23,27,1.7,0.5260416666666667,0.39999999999999997,3.2
1435,18,24,27,1.7,0.5182291666666667,0.39999999999999997,3.2
1436,18,24,27,1.7,0.5182291666666667,0.39999999999999997,3.2
1437,18,23,27,1.7,0.5260416666666667,0.39999999999999997,3.2
1438,18,30,27,1.7,0.47395833333333337,0.39999999999999997,3.2
1439,18,23,27,1.7,0.5260416666666667,0.39999999999999997,3.2
1440,18,24,27,1.7,0.5182291666666667,0.39999999999999997,3.2
1441,18,24,27,1.7,0.5182291666666667,0.39999999999999997,3.2
1442,18,23,27,1.7,0.5260416666666667,0.39999999999999997,3.2
1443,18,24,27,1.7,0.5182291666666667,0.39999999999999997,3.2
1444,18,24,27,1.7,0.5182291666666667,0.39999999999999997,3.2
1445,18,24,27,1.7,0.5182291666666667,0.39999999999999997,3.2
1446,18,24,27,1.7,0.5182291666666667,0.39999999999999997,3.2
1447,18,23,27,1.7,0.5260416666666667,0.39999999999999997,3.2
1448,18,23,27,1.7,0.5260416666666667,0.39999999999999997,3.2
1449,18,24,27,1.7,0.5182291666666667,0.39999999999999997,3.2
1450,18,24,27,1.7,0.5182291666666667,0.39999999999999997,3.2
1451,18,24,27,1.7,0.5182291666666667,0.39999999999999997,3.2
1452,17,31,26,1.6666666666666667,0.45833333333333337,0.21295885499997994,3.0476190476190474
1453,18,23,27,1.7,0.5260416666666667,0.39999999999999997,3.2
1454,18,31,24,1.7,0.44010416666666674,0.39999999999999997,3.2
1455,18,24,27,1.7,0.5182291666666667,0.39999999999999997,3.2
1456,18,23,27,1.7,0.5260416666666667,0.39999999999999997,3.2
1457,18,23,27,1.7,0.5260416666666667,0.39999999999999997,3.2
1458,18,24,27,1.7,0.5182291666666667,0.39999999999999997,3.2
1459,18,23,27,1.7,0.5260416666666667,0.39999999999999997,3.2
1460,18,24,28,1.7,0.5260416666666667,0.39999999999999997,3.2
1461,18,24,27,1.7,0.5182291666666667,0.39999999999999997,3.2
1462,18,33,24,1.7,0.4244791666666667,0.39999999999999997,3.2
1463,18,23,27,1.7,0.5260416666666667,0.39999999999999997,3.2
1464,18,23,27,1.7,0.5260416666666667,0.39999999999999997,3.2
1465,18,25,27,1.7,0.5104166666666667,0.39999999999999997,3.2
1466,18,23,27,1.7,0.5260416666666667,0.39999999999999997,3.2
1467,18,23,27,1.7,0.5260416666666667,0.39999999999999997,3.2
1468,18,23,27,1.7,0.5260416666666667,0.39999999999999997,3.2
1469,18,24,27,1.7,0.5182291666666667,0.39999999999999997,3.2
1470,18,23,27,1.7,0.5260416666666667,0.39999999999999997,3.2
1471,18,30,27,1.7,0.47395833333333337,0.39999999999999997,3.2
1472,18,23,27,1.7,0.5260416666666667,0.39999999999999997,3.2
1473,18,23,27,1.7,0.5260416666666667,0.39999999999999997,3.2
1474,18,24,27,1.7,0.5182291666666667,0.39999999999999997,3.2
1475,18,23,27,1.7,0.5260416666666667,0.39999999999999997,3.2
1476,18,24,27,1.7,0.5182291666666667,0.39999999999999997,3.2
1477,18,28,25,1.7,0.4713541666666667,0.39999999999999997,3.2
1478,18,24,27,1.7,0.5182291666666667,0.39999999999999997,3.2
1479,18,23,27,1.7,0.5260416666666667,0.39999999999999997,3.2
1480,18,22,27,1.65,0.5343915343915344,0.47696960070847283,3.15
1481,18,23,27,1.7,0.5260416666666667,0.39999999999999997,3.2
1482,18,23,27,1.7,0.5260416666666667,0.39999999999999997,3.2
1483,18,23,27,1.7,0.5260416666666667,0.39999999999999997,3.2
1484,17,26,26,1.6666666666666667,0.4947916666666667,0.21295885499997994,3.0476190476190474
1485,18,23,27,1.7,0.5260416666666667,0.39999999999999997,3.2
1486,18,23,27,1.7,0.5260416666666667,0.39999999999999997,3.2
1487,18,23,27,1.7,0.5260416666666667,0.39999999999999997,3.2
1488,18,23,27,1.7,0.5260416666666667,0.39999999999999997,3.2
1489,18,23,27,1.7,0.5260416666666667,0.39999999999999997,3.2
1490,17,32,24,1.6666666666666667,0.43489583333333337,0.21295885499997994,3.0476190476190474
1491,19,37,21,1.736842105263158,0.375,0.48237638894272,3.3684210526315788
1492,18,24,27,1.7,0.5182291666666667,0.39999999999999997,3.2
1493,18,23,27,1.7,0.5260416666666667,0.39999999999999997,3.2
1494,17,27,24,1.6666666666666667,0.46875,0.21295885499997994,3.0476190476190474
1495,18,23,27,1.7,0.5260416666666667,0.39999999999999997,3.2
1496,17,27,25,1.6666666666666667,0.4765625,0.21295885499997994,3.0476190476190474
1497,18,23,27,1.7,0.5260416666666667,0.39999999999999997,3.2
1498,18,23,27,1.7,0.5260416666666667,0.39999999999999997,3.2
1499,18,23,27,1.7,0.5260416666666667,0.39999999999999997,3.2
1500,18,23,27,1.7,0.5260416666666667,0.39999999999999997,3.2
1501,18,23,27,1.7,0.5260416666666667,0.39999999999999997,3.2
1502,18,23,27,1.7,0.5260416666666667,0.39999999999999997,3.2
1503,18,23,27,1.7,0.5260416666666667,0.39999999999999997,3.2
1504,18,24,27,1.7,0.5182291666666667,0.39999999999999997,3.2
1505,18,24,27,1.7,0.5182291666666667,0.39999999999999997,3.2
1506,18,23,27,1.7,0.5260416666666667,0.39999999999999997,3.2
1507,18,23,27,1.7,0.5260416666666667,0.39999999999999997,3.2
1508,18,23,27,1.7,0.5260416666666667,0.39999999999999997,3.2
1509,18,23,27,1.7,0.5260416666666667,0.39999999999999997,3.2
1510,18,30,22,1.7,0.4322916666666667,0.39999999999999997,3.2
1511,18,24,27,1.7,0.5182291666666667,0.39999999999999997,3.2
1512,18,23,27,1.7,0.5260416666666667,0.39999999999999997,3.2
1513,18,23,27,1.7,0.5260416666666667,0.39999999999999997,3.2
1514,18,29,25,1.7,0.46614583333333337,0.39999999999999997,3.2
1515,18,24,27,1.7,0.5182291666666667,0.39999999999999997,3.2
1516,18,23,27,1.7,0.5260416666666667,0.39999999999999997,3.2
1517,18,24,27,1.7,0.5182291666666667,0.39999999999999997,3.2
1518,18,24,27,1.7,0.5182291666666667,0.39999999999999997,3.2
1519,18,23,27,1.7,0.5260416666666667,0.39999999999999997,3.2
1520,18,30,27,1.7,0.47135416666666663,0.39999999999999997,3.2
1521,18,24,27,1.7,0.5182291666666667,0.39999999999999997,3.2
1522,18,24,27,1.7,0.5182291666666667,0.39999999999999997,3.2
1523,18,25,27,1.7,0.5104166666666667,0.39999999999999997,3.2
1524,18,24,27,1.7,0.5182291666666667,0.39999999999999997,3.2
1525,18,24,27,1.7,0.5182291666666667,0.39999999999999997,3.2
1526,18,23,27,1.7,0.5260416666666667,0.39999999999999997,3.2
1527,18,24,27,1.7,0.5182291666666667,0.39999999999999997,3.2
1528,18,23,27,1.65,0.5264550264550265,0.47696960070847283,3.15
1529,18,24,27,1.7,0.5182291666666667,0.39999999999999997,3.2
1530,18,24,27,1.7,0.5182291666666667,0.39999999999999997,3.2
1531,18,23,27,1.65,0.5264550264550265,0.47696960070847283,3.15
1532,18,23,27,1.7,0.5260416666666667,0.39999999999999997,3.2
1533,18,25,27,1.7,0.5104166666666667,0.39999999999999997,3.2
1534,17,30,25,1.6666666666666667,0.4557291666666667,0.21295885499997994,3.0476190476190474
1535,17,32,25,1.6666666666666667,0.44010416666666674,0.21295885499997994,3.0476190476190474
1536,18,31,23,1.65,0.4338624338624339,0.47696960070847283,3.15
1537,18,23,27,1.7,0.5260416666666667,0.39999999999999997,3.2
1538,18,23,27,1.7,0.5260416666666667,0.39999999999999997,3.2
1539,18,26,27,1.7,0.5026041666666667,0.39999999999999997,3.2
1540,18,23,27,1.7,0.5260416666666667,0.39999999999999997,3.2
1541,18,23,27,1.7,0.5260416666666667,0.39999999999999997,3.2
1542,18,24,27,1.7,0.5182291666666667,0.39999999999999997,3.2
1543,17,27,25,1.6666666666666667,0.4765625,0.21295885499997994,3.0476190476190474
1544,18,23,27,1.7,0.5260416666666667,0.39999999999999997,3.2
1545,18,26,27,1.7,0.5026041666666667,0.39999999999999997,3.2
1546,18,25,27,1.7,0.5104166666666667,0.39999999999999997,3.2
1547,18,24,27,1.7,0.5182291666666667,0.39999999999999997,3.2
1548,18,23,27,1.7,0.5260416666666667,0.39999999999999997,3.2
1549,18,23,27,1.65,0.5264550264550265,0.47696960070847283,3.15
1550,18,24,27,1.7,0.5182291666666667,0.39999999999999997,3.2
1551,18,24,27,1.7,0.5182291666666667,0.39999999999999997,3.2
1552,18,23,27,1.7,0.5260416666666667,0.39999999999999997,3.2
1553,18,24,27,1.7,0.5182291666666667,0.39999999999999997,3.2
1554,18,24,27,1.7,0.5182291666666667,0.39999999999999997,3.2
1555,18,24,27,1.7,0.5182291666666667,0.39999999999999997,3.2
1556,18,24,27,1.7,0.5182291666666667,0.39999999999999997,3.2
1557,17,29,25,1.6666666666666667,0.4635416666666667,0.21295885499997994,3.0476190476190474
1558,18,23,27,1.7,0.5260416666666667,0.39999999999999997,3.2
1559,18,23,27,1.7,0.5260416666666667,0.39999999999999997,3.2
1560,17,32,23,1.6666666666666667,0.421875,0.21295885499997994,3.0476190476190474
1561,18,23,27,1.7,0.5260416666666667,0.39999999999999997,3.2
1562,18,24,27,1.7,0.5182291666666667,0.39999999999999997,3.2
1563,18,24,27,1.7,0.5182291666666667,0.39999999999999997,3.2
1564,18,24,27,1.7,0.5182291666666667,0.39999999999999997,3.2
1565,18,25,27,1.7,0.5104166666666667,0.39999999999999997,3.2
1566,18,23,27,1.7,0.5260416666666667,0.39999999999999997,3.2
1567,18,24,27,1.7,0.5182291666666667,0.39999999999999997,3.2
1568,18,24,27,1.7,0.5182291666666667,0.39999999999999997,3.2
1569,18,24,27,1.7,0.5182291666666667,0.39999999999999997,3.2
1570,18,23,27,1.7,0.5260416666666667,0.39999999999999997,3.2
1571,18,23,27,1.7,0.5260416666666667,0.39999999999999997,3.2
1572,18,26,24,1.7,0.47395833333333337,0.39999999999999997,3.2
1573,17,30,23,1.6666666666666667,0.4375,0.21295885499997994,3.0476190476190474
1574,18,23,27,1.7,0.5260416666666667,0.39999999999999997,3.2
1575,18,23,27,1.7,0.5260416666666667,0.39999999999999997,3.2
1576,18,23,27,1.7,0.5260416666666667,0.39999999999999997,3.2
1577,18,23,27,1.7,0.5260416666666667,0.39999999999999997,3.2
1578,18,23,27,1.7,0.5260416666666667,0.39999999999999997,3.2
1579,18,23,27,1.7,0.5260416666666667,0.39999999999999997,3.2
1580,19,31,24,1.736842105263158,0.44270833333333337,0.4823763889427201,3.3684210526315788
1581,18,33,24,1.7,0.42708333333333337,0.39999999999999997,3.2
1582,18,24,27,1.7,0.5182291666666667,0.39999999999999997,3.2
1583,18,24,27,1.7,0.5182291666666667,0.39999999999999997,3.2
1584,18,23,27,1.7,0.5260416666666667,0.39999999999999997,3.2
1585,18,23,27,1.7,0.5260416666666667,0.39999999999999997,3.2
1586,18,23,27,1.7,0.5260416666666667,0.39999999999999997,3.2
1587,18,23,27,1.7,0.5260416666666667,0.39999999999999997,3.2
1588,18,24,27,1.7,0.5182291666666667,0.39999999999999997,3.2
1589,18,27,27,1.7,0.4947916666666667,0.39999999999999997,3.2
1590,18,23,27,1.7,0.5260416666666667,0.39999999999999997,3.2
1591,17,26,25,1.6666666666666667,0.48177083333333337,0.21295885499997994,3.0476190476190474
1592,18,23,27,1.7,0.5260416666666667,0.39999999999999997,3.2
1593,18,26,26,1.7,0.4947916666666667,0.39999999999999997,3.2
1594,18,23,27,1.7,0.5260416666666667,0.39999999999999997,3.2
1595,18,23,27,1.7,0.5260416666666667,0.39999999999999997,3.2
1596,18,23,27,1.7,0.5260416666666667,0.39999999999999997,3.2
1597,18,23,27,1.7,0.5260416666666667,0.39999999999999997,3.2
1598,18,23,27,1.7,0.5260416666666667,0.39999999999999997,3.2
1599,18,24,27,1.7,0.5182291666666667,0.39999999999999997,3.2
1600,18,23,27,1.65,0.5264550264550265,0.47696960070847283,3.15
1601,18,24,27,1.7,0.5182291666666667,0.39999999999999997,3.2
1602,18,23,27,1.7,0.5260416666666667,0.39999999999999997,3.2
1603,18,24,27,1.7,0.5182291666666667,0.39999999999999997,3.2
1604,18,23,27,1.7,0.5260416666666667,0.39999999999999997,3.2
1605,18,23,27,1.7,0.5260416666666667,0.39999999999999997,3.2
1606,18,24,27,1.7,0.5182291666666667,0.39999999999999997,3.2
1607,18,23,27,1.7,0.5260416666666667,0.39999999999999997,3.2
1608,18,23,27,1.7,0.5260416666666667,0.39999999999999997,3.2
1609,18,23,27,1.7,0.5260416666666667,0.39999999999999997,3.2
1610,18,24,27,1.7,0.5182291666666667,0.39999999999999997,3.2
1611,18,23,27,1.7,0.5260416666666667,0.39999999999999997,3.2
1612,18,23,27,1.7,0.5260416666666667,0.39999999999999997,3.2
1613,18,28,27,1.7,0.4869791666666667,0.39999999999999997,3.2
1614,18,23,27,1.7,0.5260416666666667,0.39999999999999997,3.2
1615,18,23,27,1.7,0.5260416666666667,0.39999999999999997,3.2
1616,18,33,25,1.7,0.43489583333333337,0.39999999999999997,3.2
1617,18,23,28,1.7,0.5338541666666667,0.39999999999999997,3.2
1618,18,24,27,1.7,0.5182291666666667,0.39999999999999997,3.2
1619,18,23,27,1.7,0.5260416666666667,0.39999999999999997,3.2
1620,18,24,26,1.7,0.5104166666666667,0.39999999999999997,3.2
1621,18,30,24,1.7,0.4453125,0.39999999999999997,3.2
1622,18,21,27,1.65,0.5396825396825398,0.47696960070847283,3.15
1623,18,23,27,1.7,0.5260416666666667,0.39999999999999997,3.2
1624,18,23,27,1.7,0.5260416666666667,0.39999999999999997,3.2
1625,18,24,27,1.7,0.5182291666666667,0.39999999999999997,3.2
1626,18,23,27,1.7,0.5260416666666667,0.39999999999999997,3.2
1627,18,23,27,1.7,0.5260416666666667,0.39999999999999997,3.2
1628,18,23,27,1.7,0.5260416666666667,0.39999999999999997,3.2
1629,18,23,27,1.7,0.5260416666666667,0.39999999999999997,3.2
1630,19,34,22,1.736842105263158,0.40364583333333337,0.4823763889427201,3.3684210526315788
1631,18,28,27,1.7,0.4869791666666667,0.39999999999999997,3.2
1632,18,23,27,1.7,0.5260416666666667,0.39999999999999997,3.2
1633,18,23,27,1.7,0.5260416666666667,0.39999999999999997,3.2
1634,18,24,27,1.7,0.5182291666666667,0.39999999999999997,3.2
1635,18,23,27,1.7,0.5260416666666667,0.39999999999999997,3.2
1636,18,23,27,1.7,0.5260416666666667,0.39999999999999997,3.2
1637,18,23,27,1.7,0.5260416666666667,0.39999999999999997,3.2
1638,18,23,27,1.7,0.5260416666666667,0.39999999999999997,3.2
1639,18,23,27,1.7,0.5260416666666667,0.39999999999999997,3.2
1640,18,23,27,1.7,0.5260416666666667,0.39999999999999997,3.2
1641,18,31,25,1.7,0.45052083333333337,0.39999999999999997,3.2
1642,18,23,27,1.7,0.5260416666666667,0.39999999999999997,3.2
1643,18,23,27,1.7,0.5260416666666667,0.39999999999999997,3.2
1644,18,24,27,1.7,0.5182291666666667,0.39999999999999997,3.2
1645,18,23,27,1.7,0.5260416666666667,0.39999999999999997,3.2
1646,18,24,27,1.7,0.5182291666666667,0.39999999999999997,3.2
1647,18,23,27,1.7,0.5260416666666667,0.39999999999999997,3.2
1648,18,23,27,1.7,0.5260416666666667,0.39999999999999997,3.2
1649,18,23,27,1.7,0.5260416666666667,0.39999999999999997,3.2
1650,18,23,27,1.7,0.5260416666666667,0.39999999999999997,3.2
1651,18,23,27,1.7,0.5260416666666667,0.39999999999999997,3.2
1652,18,24,27,1.7,0.5182291666666667,0.39999999999999997,3.2
1653,18,23,27,1.7,0.5260416666666667,0.39999999999999997,3.2
1654,18,23,27,1.7,0.5260416666666667,0.39999999999999997,3.2
1655,18,30,23,1.7,0.4401041666666667,0.39999999999999997,3.2
1656,18,24,27,1.7,0.5182291666666667,0.39999999999999997,3.2
1657,18,24,27,1.7,0.5182291666666667,0.39999999999999997,3.2
1658,18,23,27,1.7,0.5260416666666667,0.39999999999999997,3.2
1659,18,23,27,1.7,0.5260416666666667,0.39999999999999997,3.2
1660,18,23,27,1.7,0.5260416666666667,0.39999999999999997,3.2
1661,18,23,27,1.7,0.5260416666666667,0.39999999999999997,3.2
1662,18,24,27,1.7,0.5182291666666667,0.39999999999999997,3.2
1663,18,23,27,1.7,0.5260416666666667,0.39999999999999997,3.2
1664,18,23,27,1.7,0.5260416666666667,0.39999999999999997,3.2
1665,18,23,27,1.7,0.5260416666666667,0.39999999999999997,3.2
1666,18,23,27,1.7,0.5260416666666667,0.39999999999999997,3.2
1667,18,23,27,1.7,0.5260416666666667,0.39999999999999997,3.2
1668,18,23,27,1.7,0.5260416666666667,0.39999999999999997,3.2
1669,18,24,27,1.7,0.5182291666666667,0.39999999999999997,3.2
1670,17,35,22,1.6666666666666667,0.39583333333333337,0.21295885499997994,3.0476190476190474
1671,18,33,21,1.7,0.4010416666666667,0.39999999999999997,3.2
1672,18,23,27,1.7,0.5260416666666667,0.39999999999999997,3.2
1673,18,24,27,1.7,0.5182291666666667,0.39999999999999997,3.2
1674,18,25,27,1.7,0.5104166666666667,0.39999999999999997,3.2
1675,18,23,27,1.7,0.5260416666666667,0.39999999999999997,3.2
1676,18,23,27,1.7,0.5260416666666667,0.39999999999999997,3.2
1677,18,24,28,1.7,0.5260416666666667,0.39999999999999997,3.2
1678,18,23,27,1.7,0.5260416666666667,0.39999999999999997,3.2
1679,18,23,27,1.7,0.5260416666666667,0.39999999999999997,3.2
1680,19,28,25,1.736842105263158,0.47395833333333337,0.4823763889427201,3.3684210526315788
1681,18,23,27,1.7,0.5260416666666667,0.39999999999999997,3.2
1682,18,23,27,1.7,0.5260416666666667,0.39999999999999997,3.2
1683,18,24,27,1.7,0.5182291666666667,0.39999999999999997,3.2
1684,18,24,27,1.7,0.5182291666666667,0.39999999999999997,3.2
1685,18,25,26,1.7,0.5026041666666667,0.39999999999999997,3.2
1686,18,35,22,1.7,0.3984375,0.39999999999999997,3.2
1687,18,23,27,1.7,0.5260416666666667,0.39999999999999997,3.2
1688,17,39,19,1.6666666666666667,0.34375,0.21295885499997994,3.0476190476190474
1689,19,31,27,1.736842105263158,0.46614583333333337,0.4823763889427201,3.3684210526315788
1690,18,23,27,1.7,0.5260416666666667,0.39999999999999997,3.2
1691,18,23,27,1.7,0.5260416666666667,0.39999999999999997,3.2
1692,18,24,27,1.7,0.5182291666666667,0.39999999999999997,3.2
1693,18,23,27,1.7,0.5260416666666667,0.39999999999999997,3.2
1694,18,24,27,1.7,0.5182291666666667,0.39999999999999997,3.2
1695,18,23,27,1.7,0.5260416666666667,0.39999999999999997,3.2
1696,18,23,27,1.7,0.5260416666666667,0.39999999999999997,3.2
1697,18,23,27,1.7,0.5260416666666667,0.39999999999999997,3.2
1698,18,23,27,1.7,0.5260416666666667,0.39999999999999997,3.2
1699,18,23,27,1.7,0.5260416666666667,0.39999999999999997,3.2
1700,18,23,27,1.7,0.5260416666666667,0.39999999999999997,3.2
1701,18,35,22,1.7,0.39583333333333337,0.39999999999999997,3.2
1702,18,23,27,1.7,0.5260416666666667,0.39999999999999997,3.2
1703,18,24,27,1.7,0.5182291666666667,0.39999999999999997,3.2
1704,18,23,27,1.7,0.5260416666666667,0.39999999999999997,3.2
1705,18,32,23,1.7,0.42708333333333337,0.39999999999999997,3.2
1706,18,23,27,1.7,0.5260416666666667,0.39999999999999997,3.2
1707,18,23,27,1.7,0.5260416666666667,0.39999999999999997,3.2
1708,18,23,27,1.7,0.5260416666666667,0.39999999999999997,3.2
1709,18,23,27,1.7,0.5260416666666667,0.39999999999999997,3.2
1710,18,23,27,1.7,0.5260416666666667,0.39999999999999997,3.2
1711,18,23,27,1.7,0.5260416666666667,0.39999999999999997,3.2
1712,18,23,27,1.7,0.5260416666666667,0.39999999999999997,3.2
1713,17,27,25,1.6666666666666667,0.47395833333333337,0.21295885499997994,3.0476190476190474
1714,18,23,27,1.7,0.5260416666666667,0.39999999999999997,3.2
1715,18,23,27,1.7,0.5260416666666667,0.39999999999999997,3.2
1716,18,23,27,1.7,0.5260416666666667,0.39999999999999997,3.2
1717,18,23,27,1.7,0.5260416666666667,0.39999999999999997,3.2
1718,18,24,27,1.7,0.5182291666666667,0.39999999999999997,3.2
1719,18,33,23,1.7,0.41927083333333337,0.39999999999999997,3.2
1720,18,23,27,1.7,0.5260416666666667,0.39999999999999997,3.2
1721,18,23,27,1.7,0.5260416666666667,0.39999999999999997,3.2
1722,18,23,27,1.7,0.5260416666666667,0.39999999999999997,3.2
1723,18,23,27,1.7,0.5260416666666667,0.39999999999999997,3.2
1724,18,23,27,1.7,0.5260416666666667,0.39999999999999997,3.2
1725,18,23,27,1.7,0.5260416666666667,0.39999999999999997,3.2
1726,18,24,27,1.7,0.5182291666666667,0.39999999999999997,3.2
1727,18,23,27,1.7,0.5260416666666667,0.39999999999999997,3.2
1728,18,23,27,1.7,0.5260416666666667,0.39999999999999997,3.2
1729,18,23,27,1.7,0.5260416666666667,0.39999999999999997,3.2
1730,18,23,27,1.7,0.5260416666666667,0.39999999999999997,3.2
1731,18,23,27,1.7,0.5260416666666667,0.39999999999999997,3.2
1732,18,35,23,1.7,0.40364583333333337,0.39999999999999997,3.2
1733,18,23,27,1.7,0.5260416666666667,0.39999999999999997,3.2
1734,18,23,27,1.7,0.5260416666666667,0.39999999999999997,3.2
1735,18,23,27,1.7,0.5260416666666667,0.39999999999999997,3.2
1736,18,23,27,1.7,0.5260416666666667,0.39999999999999997,3.2
1737,18,23,27,1.7,0.5260416666666667,0.39999999999999997,3.2
1738,18,23,27,1.7,0.5260416666666667,0.39999999999999997,3.2
1739,18,23,27,1.7,0.5260416666666667,0.39999999999999997,3.2
1740,18,24,27,1.7,0.5182291666666667,0.39999999999999997,3.2
1741,18,23,27,1.7,0.5260416666666667,0.39999999999999997,3.2
1742,18,23,27,1.7,0.5260416666666667,0.39999999999999997,3.2
1743,18,23,26,1.7,0.5182291666666667,0.39999999999999997,3.2
1744,18,24,27,1.7,0.5182291666666667,0.39999999999999997,3.2
1745,18,23,27,1.7,0.5260416666666667,0.39999999999999997,3.2
1746,18,23,27,1.7,0.5260416666666667,0.39999999999999997,3.2
1747,18,23,27,1.7,0.5260416666666667,0.39999999999999997,3.2
1748,18,24,27,1.7,0.5182291666666667,0.39999999999999997,3.2
1749,18,23,27,1.7,0.5260416666666667,0.39999999999999997,3.2
1750,18,23,27,1.7,0.5260416666666667,0.39999999999999997,3.2
1751,18,24,27,1.7,0.5182291666666667,0.39999999999999997,3.2
1752,18,24,27,1.7,0.5182291666666667,0.39999999999999997,3.2
1753,18,23,27,1.7,0.5260416666666667,0.39999999999999997,3.2
1754,18,23,27,1.7,0.5260416666666667,0.39999999999999997,3.2
1755,18,24,27,1.7,0.5182291666666667,0.39999999999999997,3.2
1756,18,27,26,1.65,0.48677248677248686,0.47696960070847283,3.15
1757,18,28,27,1.7,0.4869791666666667,0.39999999999999997,3.2
1758,18,24,27,1.7,0.5182291666666667,0.39999999999999997,3.2
1759,18,23,27,1.7,0.5260416666666667,0.39999999999999997,3.2
1760,18,23,27,1.7,0.5260416666666667,0.39999999999999997,3.2
1761,18,24,27,1.7,0.5182291666666667,0.39999999999999997,3.2
1762,18,24,27,1.7,0.5182291666666667,0.39999999999999997,3.2
1763,18,23,27,1.7,0.5260416666666667,0.39999999999999997,3.2
1764,18,23,27,1.7,0.5260416666666667,0.39999999999999997,3.2
1765,18,23,27,1.7,0.5260416666666667,0.39999999999999997,3.2
1766,18,23,27,1.7,0.5260416666666667,0.39999999999999997,3.2
1767,18,24,27,1.7,0.5182291666666667,0.39999999999999997,3.2
1768,18,23,27,1.7,0.5260416666666667,0.39999999999999997,3.2
1769,18,27,27,1.7,0.4947916666666667,0.39999999999999997,3.2
1770,18,24,27,1.7,0.5182291666666667,0.39999999999999997,3.2
1771,18,23,27,1.7,0.5260416666666667,0.39999999999999997,3.2
1772,18,24,27,1.7,0.5182291666666667,0.39999999999999997,3.2
1773,18,24,27,1.7,0.5182291666666667,0.39999999999999997,3.2
1774,18,24,27,1.7,0.5182291666666667,0.39999999999999997,3.2
1775,18,23,27,1.7,0.5260416666666667,0.39999999999999997,3.2
1776,18,23,27,1.7,0.5260416666666667,0.39999999999999997,3.2
1777,18,24,27,1.7,0.5182291666666667,0.39999999999999997,3.2
1778,18,24,27,1.7,0.5182291666666667,0.39999999999999997,3.2
1779,18,23,27,1.7,0.5260416666666667,0.39999999999999997,3.2
1780,18,24,27,1.7,0.5182291666666667,0.39999999999999997,3.2
1781,18,23,27,1.7,0.5260416666666667,0.39999999999999997,3.2
1782,18,23,27,1.7,0.5260416666666667,0.39999999999999997,3.2
1783,18,32,24,1.7,0.43489583333333337,0.39999999999999997,3.2
1784,18,23,27,1.7,0.5260416666666667,0.39999999999999997,3.2
1785,18,23,27,1.7,0.5260416666666667,0.39999999999999997,3.2
1786,18,22,25,1.7,0.5132275132275133,0.47696960070847283,3.15
1787,18,23,27,1.7,0.5260416666666667,0.39999999999999997,3.2
1788,18,23,27,1.65,0.5264550264550265,0.47696960070847283,3.15
1789,18,28,26,1.7,0.4791666666666667,0.39999999999999997,3.2
1790,18,24,27,1.7,0.5182291666666667,0.39999999999999997,3.2
1791,18,30,24,1.7,0.45052083333333337,0.39999999999999997,3.2
1792,18,23,27,1.7,0.5260416666666667,0.39999999999999997,3.2
1793,18,24,27,1.7,0.5182291666666667,0.39999999999999997,3.2
1794,18,33,21,1.75,0.4010416666666667,0.39999999999999997,3.2
1795,18,23,27,1.7,0.5260416666666667,0.39999999999999997,3.2
1796,18,23,27,1.7,0.5260416666666667,0.39999999999999997,3.2
1797,18,24,27,1.7,0.5182291666666667,0.39999999999999997,3.2
1798,18,33,21,1.75,0.4010416666666667,0.39999999999999997,3.2
1799,18,36,22,1.7,0.390625,0.39999999999999997,3.2
1800,18,23,27,1.7,0.5260416666666667,0.39999999999999997,3.2
1801,18,23,27,1.7,0.5260416666666667,0.39999999999999997,3.2
1802,18,23,27,1.7,0.5260416666666667,0.39999999999999997,3.2
1803,18,23,27,1.7,0.5260416666666667,0.39999999999999997,3.2
1804,18,23,27,1.7,0.5260416666666667,0.39999999999999997,3.2
1805,19,37,19,1.7894736842105263,0.35416666666666663,0.4823763889427201,3.3684210526315788
1806,18,33,24,1.7,0.42708333333333337,0.39999999999999997,3.2
1807,18,23,27,1.7,0.5260416666666667,0.39999999999999997,3.2
1808,18,24,27,1.7,0.5182291666666667,0.39999999999999997,3.2
1809,18,24,27,1.7,0.5182291666666667,0.39999999999999997,3.2
1810,18,36,21,1.7,0.38020833333333337,0.39999999999999997,3.2
1811,18,23,27,1.7,0.5260416666666667,0.39999999999999997,3.2
1812,18,23,27,1.7,0.5260416666666667,0.39999999999999997,3.2
1813,18,23,27,1.7,0.5260416666666667,0.39999999999999997,3.2
1814,18,24,27,1.7,0.5182291666666667,0.39999999999999997,3.2
1815,18,24,27,1.7,0.5182291666666667,0.39999999999999997,3.2
1816,18,23,27,1.7,0.5260416666666667,0.39999999999999997,3.2
1817,18,24,27,1.7,0.5182291666666667,0.39999999999999997,3.2
1818,18,24,27,1.7,0.5182291666666667,0.39999999999999997,3.2
1819,18,23,27,1.7,0.5260416666666667,0.39999999999999997,3.2
1820,18,23,27,1.7,0.5260416666666667,0.39999999999999997,3.2
1821,18,23,27,1.7,0.5260416666666667,0.39999999999999997,3.2
1822,18,23,27,1.7,0.5260416666666667,0.39999999999999997,3.2
1823,18,23,27,1.7,0.5260416666666667,0.39999999999999997,3.2
1824,18,23,27,1.7,0.5260416666666667,0.39999999999999997,3.2
1825,18,24,27,1.7,0.5182291666666667,0.39999999999999997,3.2
1826,18,24,27,1.7,0.5182291666666667,0.39999999999999997,3.2
1827,18,23,27,1.7,0.5260416666666667,0.39999999999999997,3.2
1828,17,30,27,1.6666666666666667,0.47135416666666674,0.21295885499997994,3.0476190476190474
1829,18,23,27,1.7,0.5260416666666667,0.39999999999999997,3.2
1830,18,23,27,1.7,0.5260416666666667,0.39999999999999997,3.2
1831,18,23,27,1.7,0.5260416666666667,0.39999999999999997,3.2
1832,18,23,27,1.7,0.5260416666666667,0.39999999999999997,3.2
1833,18,23,27,1.7,0.5260416666666667,0.39999999999999997,3.2
1834,18,23,27,1.7,0.5260416666666667,0.39999999999999997,3.2
1835,18,23,27,1.7,0.5260416666666667,0.39999999999999997,3.2
1836,18,23,27,1.7,0.5260416666666667,0.39999999999999997,3.2
1837,18,24,27,1.7,0.5182291666666667,0.39999999999999997,3.2
1838,17,31,23,1.6666666666666667,0.4322916666666667,0.21295885499997994,3.0476190476190474
1839,18,23,27,1.7,0.5260416666666667,0.39999999999999997,3.2
1840,18,25,26,1.7,0.5026041666666667,0.39999999999999997,3.2
1841,19,33,24,1.736842105263158,0.42708333333333337,0.48237638894272,3.3684210526315788
1842,18,25,26,1.7,0.5026041666666667,0.39999999999999997,3.2
1843,17,30,24,1.6666666666666667,0.44270833333333337,0.21295885499997994,3.0476190476190474
1844,18,28,27,1.7,0.4869791666666667,0.39999999999999997,3.2
1845,18,23,27,1.7,0.5260416666666667,0.39999999999999997,3.2
1846,18,29,24,1.7,0.453125,0.39999999999999997,3.2
1847,18,23,27,1.7,0.5260416666666667,0.39999999999999997,3.2
1848,18,23,27,1.7,0.5260416666666667,0.39999999999999997,3.2
1849,18,24,27,1.7,0.5182291666666667,0.39999999999999997,3.2
1850,18,24,27,1.7,0.5182291666666667,0.39999999999999997,3.2
1851,18,23,27,1.7,0.5260416666666667,0.39999999999999997,3.2
1852,18,23,27,1.7,0.5260416666666667,0.39999999999999997,3.2
1853,18,24,27,1.7,0.5182291666666667,0.39999999999999997,3.2
1854,18,23,27,1.7,0.5260416666666667,0.39999999999999997,3.2
1855,18,23,27,1.7,0.5260416666666667,0.39999999999999997,3.2
1856,18,23,27,1.7,0.5260416666666667,0.39999999999999997,3.2
1857,18,23,27,1.7,0.5260416666666667,0.39999999999999997,3.2
1858,18,23,27,1.7,0.5260416666666667,0.39999999999999997,3.2
1859,18,24,27,1.7,0.5182291666666667,0.39999999999999997,3.2
1860,18,23,27,1.7,0.5260416666666667,0.39999999999999997,3.2
1861,18,23,27,1.7,0.5260416666666667,0.39999999999999997,3.2
1862,18,23,27,1.7,0.5260416666666667,0.39999999999999997,3.2
1863,18,23,27,1.7,0.5260416666666667,0.39999999999999997,3.2
1864,18,23,27,1.7,0.5260416666666667,0.39999999999999997,3.2
1865,18,23,27,1.7,0.5260416666666667,0.39999999999999997,3.2
1866,18,23,27,1.7,0.5260416666666667,0.39999999999999997,3.2
1867,18,23,27,1.7,0.5260416666666667,0.39999999999999997,3.2
1868,18,24,27,1.7,0.5182291666666667,0.39999999999999997,3.2
1869,18,24,27,1.7,0.5182291666666667,0.39999999999999997,3.2
1870,18,23,27,1.7,0.5260416666666667,0.39999999999999997,3.2
1871,18,24,27,1.7,0.5182291666666667,0.39999999999999997,3.2
1872,18,23,27,1.65,0.5264550264550265,0.47696960070847283,3.15
1873,18,23,27,1.7,0.5260416666666667,0.39999999999999997,3.2
1874,18,24,27,1.7,0.5182291666666667,0.39999999999999997,3.2
1875,18,23,27,1.7,0.5260416666666667,0.39999999999999997,3.2
1876,18,23,27,1.7,0.5260416666666667,0.39999999999999997,3.2
1878,18,23,27,1.7,0.5260416666666667,0.39999999999999997,3.2
1879,18,23,27,1.7,0.5260416666666667,0.39999999999999997,3.2
1880,18,23,27,1.7,0.5260416666666667,0.39999999999999997,3.2
1881,18,23,27,1.7,0.5260416666666667,0.39999999999999997,3.2
1882,18,23,27,1.7,0.5260416666666667,0.39999999999999997,3.2
1883,18,23,27,1.7,0.5260416666666667,0.39999999999999997,3.2
1884,18,23,27,1.7,0.5260416666666667,0.39999999999999997,3.2
1885,18,23,27,1.7,0.5260416666666667,0.39999999999999997,3.2
1886,18,23,27,1.7,0.5260416666666667,0.39999999999999997,3.2
1887,18,23,27,1.7,0.5260416666666667,0.39999999999999997,3.2
