Episode,Desafios_sin_equipo,Estudiantes_fuera_preferencias,Estudiantes_primera_prioridad,Promedio_carreras_por_equipo,Satisfaccion_promedio,STD_tamano_equipos,Tamano_promedio_equipo
2,18,55,1,1.75,0.06770833333333333,0.39999999999999997,3.2
3,18,62,0,1.75,0.013020833333333332,0.39999999999999997,3.2
4,17,60,1,1.7142857142857142,0.033854166666666664,0.21295885499997994,3.0476190476190474
5,18,60,1,1.75,0.0390625,0.39999999999999997,3.2
6,17,58,2,1.7142857142857142,0.0546875,0.21295885499997994,3.0476190476190474
7,20,61,0,1.8333333333333333,0.0234375,0.49690399499995325,3.5555555555555554
8,18,63,0,1.75,0.005208333333333333,0.39999999999999997,3.2
9,17,56,3,1.7142857142857142,0.08333333333333333,0.21295885499997994,3.0476190476190474
10,17,61,2,1.7142857142857142,0.0390625,0.21295885499997994,3.0476190476190474
11,18,58,2,1.75,0.0625,0.39999999999999997,3.2
12,17,60,1,1.7142857142857142,0.03645833333333333,0.21295885499997994,3.0476190476190474
13,18,55,5,1.7,0.1015625,0.39999999999999997,3.2
14,18,56,5,1.75,0.09635416666666666,0.39999999999999997,3.2
15,18,61,2,1.75,0.03645833333333333,0.39999999999999997,3.2
16,17,60,1,1.6666666666666667,0.03645833333333333,0.21295885499997994,3.0476190476190474
17,18,61,1,1.75,0.03125,0.39999999999999997,3.2
18,17,61,1,1.7142857142857142,0.026041666666666664,0.21295885499997994,3.0476190476190474
19,18,55,3,1.75,0.0859375,0.39999999999999997,3.2
20,19,57,2,1.7894736842105263,0.05989583333333333,0.4823763889427201,3.3684210526315788
21,17,60,1,1.7142857142857142,0.03645833333333333,0.21295885499997994,3.0476190476190474
22,17,59,1,1.7142857142857142,0.04427083333333333,0.21295885499997994,3.0476190476190474
23,18,61,0,1.75,0.020833333333333332,0.39999999999999997,3.2
24,19,60,1,1.7894736842105263,0.03645833333333333,0.4823763889427201,3.3684210526315788
25,19,60,1,1.7894736842105263,0.033854166666666664,0.4823763889427201,3.3684210526315788
26,18,62,0,1.75,0.013020833333333332,0.39999999999999997,3.2
27,18,58,1,1.75,0.0546875,0.39999999999999997,3.2
28,18,60,1,1.75,0.033854166666666664,0.39999999999999997,3.2
29,18,60,2,1.75,0.046875,0.39999999999999997,3.2
30,18,59,2,1.75,0.046875,0.39999999999999997,3.2
31,19,59,1,1.7894736842105263,0.046875,0.4823763889427201,3.3684210526315788
32,17,59,1,1.7142857142857142,0.04166666666666667,0.21295885499997994,3.0476190476190474
33,18,61,1,1.75,0.03125,0.39999999999999997,3.2
34,19,60,3,1.7894736842105263,0.05208333333333333,0.4823763889427201,3.3684210526315788
35,18,53,2,1.75,0.08854166666666666,0.39999999999999997,3.2
36,17,58,2,1.7142857142857142,0.05989583333333333,0.21295885499997994,3.0476190476190474
37,17,56,3,1.6666666666666667,0.07552083333333333,0.21295885499997994,3.0476190476190474
38,18,58,3,1.75,0.06510416666666666,0.39999999999999997,3.2
39,19,57,1,1.736842105263158,0.049479166666666664,0.4823763889427201,3.3684210526315788
40,18,61,2,1.75,0.03645833333333333,0.39999999999999997,3.2
41,18,61,0,1.75,0.020833333333333332,0.39999999999999997,3.2
42,18,59,0,1.75,0.031249999999999997,0.39999999999999997,3.2
43,18,61,1,1.75,0.028645833333333332,0.39999999999999997,3.2
44,18,60,0,1.75,0.026041666666666664,0.39999999999999997,3.2
45,18,61,0,1.75,0.020833333333333332,0.39999999999999997,3.2
46,18,61,1,1.75,0.028645833333333332,0.39999999999999997,3.2
47,18,56,3,1.75,0.078125,0.39999999999999997,3.2
48,18,56,3,1.75,0.08072916666666667,0.39999999999999997,3.2
49,19,61,1,1.7894736842105263,0.028645833333333332,0.4823763889427201,3.3684210526315788
50,18,61,1,1.75,0.026041666666666664,0.39999999999999997,3.2
51,17,57,3,1.6666666666666667,0.06613756613756613,0.3086066999241838,3.0
52,18,53,5,1.75,0.1171875,0.39999999999999997,3.2
53,18,54,4,1.75,0.10416666666666667,0.39999999999999997,3.2
54,18,58,2,1.75,0.057291666666666664,0.39999999999999997,3.2
55,18,62,1,1.75,0.0234375,0.39999999999999997,3.2
56,17,58,1,1.7142857142857142,0.049479166666666664,0.21295885499997994,3.0476190476190474
57,18,58,3,1.75,0.06510416666666666,0.39999999999999997,3.2
58,18,62,0,1.75,0.015625,0.39999999999999997,3.2
59,19,59,1,1.7894736842105263,0.041666666666666664,0.4823763889427201,3.3684210526315788
60,18,60,3,1.7,0.0546875,0.39999999999999997,3.2
61,17,55,3,1.7142857142857142,0.08333333333333333,0.21295885499997994,3.0476190476190474
62,17,61,1,1.7142857142857142,0.026041666666666664,0.21295885499997994,3.0476190476190474
63,18,60,2,1.75,0.046875,0.39999999999999997,3.2
64,17,57,2,1.7142857142857142,0.0625,0.21295885499997994,3.0476190476190474
65,17,60,2,1.7142857142857142,0.04427083333333333,0.21295885499997994,3.0476190476190474
66,17,60,1,1.7142857142857142,0.033854166666666664,0.21295885499997994,3.0476190476190474
67,18,57,3,1.75,0.07291666666666667,0.39999999999999997,3.2
68,18,59,2,1.75,0.04947916666666667,0.39999999999999997,3.2
69,18,59,2,1.75,0.049479166666666664,0.39999999999999997,3.2
70,18,56,3,1.75,0.078125,0.39999999999999997,3.2
71,18,56,2,1.75,0.06770833333333333,0.39999999999999997,3.2
72,19,56,4,1.7894736842105263,0.0859375,0.48237638894272,3.3684210526315788
73,18,59,2,1.75,0.049479166666666664,0.39999999999999997,3.2
74,17,56,2,1.6666666666666667,0.07552083333333333,0.21295885499997994,3.0476190476190474
75,17,58,1,1.7142857142857142,0.046875,0.21295885499997994,3.0476190476190474
76,19,55,2,1.7894736842105263,0.07291666666666666,0.4823763889427201,3.3684210526315788
77,18,57,4,1.75,0.08333333333333334,0.39999999999999997,3.2
78,18,60,1,1.75,0.03645833333333333,0.39999999999999997,3.2
79,18,59,2,1.75,0.052083333333333336,0.39999999999999997,3.2
80,18,57,2,1.75,0.06510416666666666,0.39999999999999997,3.2
81,19,59,0,1.7894736842105263,0.028645833333333332,0.4823763889427201,3.3684210526315788
82,18,60,4,1.75,0.0625,0.39999999999999997,3.2
83,17,60,1,1.7142857142857142,0.0390625,0.21295885499997994,3.0476190476190474
84,17,57,3,1.6666666666666667,0.07291666666666666,0.21295885499997994,3.0476190476190474
85,18,57,4,1.75,0.08072916666666666,0.39999999999999997,3.2
86,18,62,1,1.75,0.0234375,0.39999999999999997,3.2
87,19,58,3,1.7894736842105263,0.06770833333333334,0.48237638894272,3.3684210526315788
88,19,58,3,1.7894736842105263,0.0703125,0.4823763889427201,3.3684210526315788
89,17,58,3,1.7142857142857142,0.0625,0.21295885499997994,3.0476190476190474
90,19,58,1,1.7894736842105263,0.046875,0.48237638894272,3.3684210526315788
91,18,59,0,1.75,0.033854166666666664,0.39999999999999997,3.2
92,18,51,6,1.75,0.14322916666666666,0.39999999999999997,3.2
93,17,54,3,1.7142857142857142,0.09635416666666666,0.21295885499997994,3.0476190476190474
94,19,60,2,1.7894736842105263,0.046875,0.4823763889427201,3.3684210526315788
95,17,59,3,1.7142857142857142,0.05989583333333333,0.21295885499997994,3.0476190476190474
96,18,62,0,1.75,0.010416666666666666,0.39999999999999997,3.2
97,17,59,2,1.7142857142857142,0.0546875,0.21295885499997994,3.0476190476190474
98,18,56,3,1.75,0.078125,0.39999999999999997,3.2
99,18,52,4,1.75,0.11197916666666666,0.39999999999999997,3.2
100,18,57,2,1.75,0.06770833333333333,0.39999999999999997,3.2
101,17,56,2,1.7142857142857142,0.07291666666666666,0.21295885499997994,3.0476190476190474
102,19,60,2,1.7894736842105263,0.046875,0.48237638894272,3.3684210526315788
103,18,60,1,1.75,0.03645833333333333,0.39999999999999997,3.2
104,17,59,3,1.7142857142857142,0.057291666666666664,0.21295885499997994,3.0476190476190474
105,17,56,3,1.7142857142857142,0.08072916666666666,0.21295885499997994,3.0476190476190474
106,18,62,0,1.75,0.013020833333333332,0.39999999999999997,3.2
107,18,56,1,1.75,0.0625,0.39999999999999997,3.2
108,18,61,0,1.75,0.018229166666666664,0.39999999999999997,3.2
109,18,56,5,1.75,0.09635416666666666,0.39999999999999997,3.2
110,18,51,6,1.7,0.13541666666666666,0.39999999999999997,3.2
111,18,60,1,1.75,0.033854166666666664,0.39999999999999997,3.2
112,18,56,5,1.75,0.09895833333333333,0.39999999999999997,3.2
113,17,53,1,1.7142857142857142,0.08333333333333333,0.21295885499997994,3.0476190476190474
114,18,58,2,1.75,0.0546875,0.39999999999999997,3.2
115,17,51,2,1.7142857142857142,0.109375,0.21295885499997994,3.0476190476190474
116,18,59,2,1.75,0.049479166666666664,0.39999999999999997,3.2
117,18,59,3,1.75,0.05989583333333333,0.39999999999999997,3.2
118,19,56,4,1.7894736842105263,0.09114583333333333,0.48237638894272,3.3684210526315788
119,18,58,2,1.75,0.05989583333333333,0.39999999999999997,3.2
120,18,60,0,1.7,0.028645833333333332,0.39999999999999997,3.2
121,17,54,5,1.7142857142857142,0.109375,0.21295885499997994,3.0476190476190474
122,18,54,4,1.75,0.1015625,0.39999999999999997,3.2
123,19,57,1,1.6842105263157894,0.05468749999999999,0.4823763889427201,3.3684210526315788
124,18,60,1,1.7,0.0291005291005291,0.47696960070847283,3.15
125,17,54,4,1.7142857142857142,0.09895833333333333,0.21295885499997994,3.0476190476190474
126,18,57,3,1.75,0.06770833333333333,0.39999999999999997,3.2
127,18,58,3,1.75,0.06770833333333333,0.39999999999999997,3.2
128,19,61,1,1.7894736842105263,0.03125,0.4823763889427201,3.3684210526315788
129,19,56,4,1.736842105263158,0.09114583333333334,0.4823763889427201,3.3684210526315788
130,18,57,3,1.75,0.07552083333333333,0.39999999999999997,3.2
131,18,55,5,1.75,0.10677083333333333,0.39999999999999997,3.2
132,18,55,4,1.75,0.09895833333333333,0.39999999999999997,3.2
133,17,60,1,1.7142857142857142,0.033854166666666664,0.21295885499997994,3.0476190476190474
134,18,58,3,1.75,0.06770833333333334,0.39999999999999997,3.2
135,20,54,3,1.7777777777777777,0.09375,0.49690399499995325,3.5555555555555554
136,17,57,5,1.6666666666666667,0.08854166666666666,0.21295885499997994,3.0476190476190474
137,18,61,1,1.75,0.03125,0.39999999999999997,3.2
138,18,58,4,1.75,0.078125,0.39999999999999997,3.2
139,17,55,2,1.7142857142857142,0.07291666666666666,0.21295885499997994,3.0476190476190474
140,19,52,7,1.7894736842105263,0.14322916666666669,0.4823763889427201,3.3684210526315788
141,17,55,5,1.6666666666666667,0.10416666666666666,0.21295885499997994,3.0476190476190474
142,18,58,3,1.75,0.06770833333333333,0.39999999999999997,3.2
143,18,53,3,1.75,0.09375,0.39999999999999997,3.2
144,18,55,1,1.75,0.05989583333333333,0.39999999999999997,3.2
145,17,58,3,1.7142857142857142,0.06770833333333333,0.21295885499997994,3.0476190476190474
146,18,55,4,1.75,0.09635416666666666,0.39999999999999997,3.2
147,18,57,3,1.75,0.078125,0.39999999999999997,3.2
148,18,55,3,1.75,0.09114583333333333,0.39999999999999997,3.2
149,18,62,0,1.7,0.010416666666666666,0.39999999999999997,3.2
150,17,51,5,1.7142857142857142,0.1328125,0.21295885499997994,3.0476190476190474
151,18,56,4,1.75,0.09375,0.39999999999999997,3.2
152,19,54,5,1.7894736842105263,0.109375,0.4823763889427201,3.3684210526315788
153,18,55,4,1.75,0.09635416666666666,0.39999999999999997,3.2
154,19,54,5,1.736842105263158,0.11197916666666667,0.4823763889427201,3.3684210526315788
155,18,58,4,1.75,0.07552083333333333,0.39999999999999997,3.2
156,18,53,4,1.75,0.109375,0.39999999999999997,3.2
157,18,53,5,1.7,0.11197916666666666,0.39999999999999997,3.2
158,18,55,3,1.75,0.08593749999999999,0.39999999999999997,3.2
159,18,55,3,1.75,0.0859375,0.39999999999999997,3.2
160,18,57,4,1.75,0.0859375,0.39999999999999997,3.2
161,17,50,6,1.6666666666666667,0.14583333333333334,0.21295885499997994,3.0476190476190474
162,17,53,7,1.7142857142857142,0.13802083333333331,0.21295885499997994,3.0476190476190474
163,18,52,6,1.75,0.1328125,0.39999999999999997,3.2
164,17,49,8,1.6666666666666667,0.16666666666666666,0.21295885499997994,3.0476190476190474
165,19,53,7,1.6842105263157894,0.13541666666666669,0.4823763889427201,3.3684210526315788
166,18,51,5,1.75,0.1328125,0.39999999999999997,3.2
167,19,52,5,1.7894736842105263,0.125,0.4823763889427201,3.3684210526315788
168,18,55,2,1.75,0.078125,0.39999999999999997,3.2
169,18,57,4,1.75,0.08072916666666666,0.39999999999999997,3.2
170,18,50,8,1.75,0.16927083333333331,0.39999999999999997,3.2
171,18,53,6,1.75,0.12239583333333334,0.39999999999999997,3.2
172,17,52,7,1.7142857142857142,0.14583333333333331,0.21295885499997994,3.0476190476190474
173,18,57,3,1.75,0.07552083333333333,0.39999999999999997,3.2
174,19,56,3,1.736842105263158,0.07142857142857142,0.5668594533825794,3.3157894736842106
175,18,52,5,1.75,0.12239583333333333,0.39999999999999997,3.2
176,18,55,6,1.7,0.11458333333333333,0.39999999999999997,3.2
177,17,54,5,1.7142857142857142,0.11458333333333334,0.21295885499997994,3.0476190476190474
178,19,54,6,1.7894736842105263,0.12239583333333333,0.4823763889427201,3.3684210526315788
179,17,57,5,1.7142857142857142,0.09375,0.21295885499997994,3.0476190476190474
180,19,49,7,1.7894736842105263,0.15885416666666666,0.48237638894272,3.3684210526315788
181,19,54,4,1.7894736842105263,0.10677083333333333,0.4823763889427201,3.3684210526315788
182,17,54,2,1.7142857142857142,0.08854166666666666,0.21295885499997994,3.0476190476190474
183,19,51,7,1.7894736842105263,0.14583333333333331,0.4823763889427201,3.3684210526315788
184,18,49,6,1.7,0.15364583333333331,0.39999999999999997,3.2
185,18,55,4,1.75,0.09375,0.39999999999999997,3.2
186,18,56,4,1.75,0.08854166666666666,0.39999999999999997,3.2
187,20,53,5,1.8333333333333333,0.11979166666666666,0.49690399499995325,3.5555555555555554
188,18,52,4,1.7,0.11458333333333331,0.39999999999999997,3.2
189,18,49,5,1.75,0.14583333333333331,0.39999999999999997,3.2
190,18,49,9,1.75,0.18229166666666666,0.39999999999999997,3.2
191,17,56,2,1.7142857142857142,0.0703125,0.21295885499997994,3.0476190476190474
192,18,51,7,1.7,0.15104166666666666,0.39999999999999997,3.2
193,18,57,2,1.7,0.06084656084656084,0.47696960070847283,3.15
194,20,52,6,1.8333333333333333,0.1328125,0.49690399499995325,3.5555555555555554
195,18,51,4,1.7,0.13020833333333331,0.39999999999999997,3.2
196,18,51,5,1.7,0.1328125,0.39999999999999997,3.2
197,19,51,6,1.736842105263158,0.1349206349206349,0.5668594533825794,3.3157894736842106
198,17,50,7,1.6666666666666667,0.15625,0.21295885499997994,3.0476190476190474
199,19,46,7,1.736842105263158,0.1796875,0.4823763889427201,3.3684210526315788
200,18,54,3,1.75,0.09635416666666666,0.39999999999999997,3.2
201,18,48,9,1.75,0.18489583333333331,0.39999999999999997,3.2
202,19,55,4,1.7894736842105263,0.09375,0.4823763889427201,3.3684210526315788
203,18,51,7,1.7,0.1484375,0.39999999999999997,3.2
204,18,59,3,1.75,0.05989583333333333,0.39999999999999997,3.2
205,19,51,7,1.736842105263158,0.1484375,0.48237638894272,3.3684210526315788
206,19,45,10,1.7894736842105263,0.21614583333333331,0.4823763889427201,3.3684210526315788
207,18,50,4,1.7,0.12760416666666669,0.39999999999999997,3.2
208,18,54,3,1.7,0.09374999999999999,0.39999999999999997,3.2
209,19,51,5,1.736842105263158,0.12760416666666666,0.4823763889427201,3.3684210526315788
210,18,50,8,1.75,0.1640625,0.39999999999999997,3.2
211,19,49,7,1.7894736842105263,0.1640625,0.4823763889427201,3.3684210526315788
212,18,52,7,1.75,0.14322916666666666,0.39999999999999997,3.2
213,18,48,8,1.7,0.17989417989417988,0.47696960070847283,3.15
214,19,47,9,1.7894736842105263,0.1953125,0.4823763889427201,3.3684210526315788
215,18,49,8,1.7,0.17447916666666666,0.39999999999999997,3.2
216,18,56,6,1.75,0.10677083333333333,0.39999999999999997,3.2
217,17,57,3,1.7142857142857142,0.07291666666666666,0.21295885499997994,3.0476190476190474
218,17,49,5,1.619047619047619,0.14021164021164023,0.3086066999241838,3.0
219,18,46,7,1.75,0.17447916666666663,0.39999999999999997,3.2
220,18,50,7,1.7,0.16145833333333331,0.39999999999999997,3.2
221,19,52,7,1.736842105263158,0.14583333333333331,0.4823763889427201,3.3684210526315788
222,18,49,6,1.7,0.15079365079365079,0.47696960070847283,3.15
223,19,48,7,1.7894736842105263,0.171875,0.4823763889427201,3.3684210526315788
224,19,50,9,1.7894736842105263,0.17708333333333334,0.4823763889427201,3.3684210526315788
225,18,49,5,1.75,0.1484375,0.39999999999999997,3.2
226,18,50,7,1.65,0.15079365079365079,0.47696960070847283,3.15
227,18,51,7,1.75,0.15364583333333334,0.39999999999999997,3.2
228,17,51,8,1.6666666666666667,0.15625,0.21295885499997994,3.0476190476190474
229,18,57,3,1.7,0.0703125,0.39999999999999997,3.2
230,18,50,9,1.7,0.17447916666666666,0.39999999999999997,3.2
231,17,50,6,1.6666666666666667,0.15364583333333331,0.21295885499997994,3.0476190476190474
232,19,49,5,1.7894736842105263,0.14322916666666666,0.4823763889427201,3.3684210526315788
233,20,48,12,1.7777777777777777,0.21614583333333331,0.49690399499995325,3.5555555555555554
234,20,49,8,1.7777777777777777,0.17708333333333331,0.49690399499995325,3.5555555555555554
235,17,41,11,1.6666666666666667,0.25,0.21295885499997994,3.0476190476190474
236,20,49,10,1.8333333333333333,0.19010416666666666,0.49690399499995325,3.5555555555555554
237,19,45,11,1.7894736842105263,0.22395833333333331,0.4823763889427201,3.3684210526315788
238,17,48,5,1.7142857142857142,0.15364583333333331,0.21295885499997994,3.0476190476190474
239,19,49,11,1.7894736842105263,0.203125,0.4823763889427201,3.3684210526315788
240,18,50,8,1.75,0.16666666666666666,0.39999999999999997,3.2
241,18,47,11,1.75,0.21354166666666666,0.39999999999999997,3.2
242,18,52,9,1.7,0.16145833333333334,0.39999999999999997,3.2
243,20,53,5,1.8333333333333333,0.12239583333333333,0.49690399499995325,3.5555555555555554
244,18,51,8,1.7,0.1640625,0.39999999999999997,3.2
245,18,52,8,1.7,0.15364583333333334,0.39999999999999997,3.2
246,18,49,10,1.7,0.19270833333333331,0.39999999999999997,3.2
247,17,52,7,1.7142857142857142,0.14583333333333331,0.21295885499997994,3.0476190476190474
248,18,53,7,1.75,0.140625,0.39999999999999997,3.2
249,18,45,14,1.7,0.25260416666666663,0.39999999999999997,3.2
250,17,43,15,1.6666666666666667,0.28125,0.21295885499997994,3.0476190476190474
251,17,45,10,1.7142857142857142,0.21875,0.21295885499997994,3.0476190476190474
252,19,45,10,1.736842105263158,0.21614583333333331,0.4823763889427201,3.3684210526315788
253,19,49,10,1.736842105263158,0.19270833333333331,0.4823763889427201,3.3684210526315788
254,19,50,8,1.736842105263158,0.16666666666666666,0.4823763889427201,3.3684210526315788
255,18,50,9,1.7,0.17447916666666669,0.39999999999999997,3.2
256,18,45,12,1.7,0.23958333333333334,0.39999999999999997,3.2
257,18,49,9,1.75,0.18229166666666666,0.39999999999999997,3.2
258,19,46,10,1.736842105263158,0.20572916666666669,0.4823763889427201,3.3684210526315788
259,17,44,12,1.7142857142857142,0.25,0.21295885499997994,3.0476190476190474
260,19,44,10,1.736842105263158,0.23177083333333331,0.4823763889427201,3.3684210526315788
261,18,50,10,1.75,0.18489583333333331,0.39999999999999997,3.2
262,18,48,9,1.75,0.19010416666666666,0.39999999999999997,3.2
263,18,44,12,1.7,0.24074074074074073,0.47696960070847283,3.15
264,19,46,10,1.7894736842105263,0.21354166666666666,0.48237638894272,3.3684210526315788
265,19,44,12,1.7894736842105263,0.2421875,0.4823763889427201,3.3684210526315788
266,18,47,11,1.75,0.21354166666666663,0.39999999999999997,3.2
267,19,47,11,1.7894736842105263,0.21354166666666669,0.4823763889427201,3.3684210526315788
268,19,50,9,1.736842105263158,0.1796875,0.4823763889427201,3.3684210526315788
269,19,41,11,1.7894736842105263,0.25,0.4823763889427201,3.3684210526315788
270,18,44,9,1.75,0.2109375,0.39999999999999997,3.2
271,19,43,11,1.7894736842105263,0.24479166666666666,0.4823763889427201,3.3684210526315788
272,18,47,11,1.7,0.21354166666666669,0.39999999999999997,3.2
273,18,49,10,1.75,0.19270833333333331,0.39999999999999997,3.2
274,19,48,5,1.7894736842105263,0.15625,0.4823763889427201,3.3684210526315788
275,19,48,9,1.736842105263158,0.19010416666666669,0.4823763889427201,3.3684210526315788
276,18,46,13,1.7,0.23697916666666663,0.39999999999999997,3.2
277,18,46,14,1.7,0.25,0.39999999999999997,3.2
278,17,48,13,1.6666666666666667,0.22395833333333331,0.21295885499997994,3.0476190476190474
279,19,46,13,1.7894736842105263,0.234375,0.4823763889427201,3.3684210526315788
280,18,44,10,1.7,0.2265625,0.39999999999999997,3.2
281,18,44,12,1.75,0.23958333333333331,0.39999999999999997,3.2
282,19,46,13,1.7894736842105263,0.23958333333333331,0.4823763889427201,3.3684210526315788
283,18,48,11,1.7,0.20572916666666666,0.39999999999999997,3.2
284,17,44,11,1.6666666666666667,0.23544973544973544,0.3086066999241838,3.0
285,19,47,9,1.7894736842105263,0.19791666666666669,0.4823763889427201,3.3684210526315788
286,19,50,9,1.736842105263158,0.1796875,0.48237638894272,3.3684210526315788
287,18,51,8,1.7,0.16145833333333331,0.39999999999999997,3.2
288,19,43,10,1.736842105263158,0.22916666666666666,0.4823763889427201,3.3684210526315788
289,19,47,9,1.7894736842105263,0.19791666666666666,0.4823763889427201,3.3684210526315788
290,19,44,12,1.736842105263158,0.24338624338624337,0.5668594533825794,3.3157894736842106
291,19,42,17,1.736842105263158,0.3046875,0.4823763889427201,3.3684210526315788
292,18,45,12,1.7,0.2421875,0.39999999999999997,3.2
293,18,48,8,1.7,0.18489583333333331,0.39999999999999997,3.2
294,18,49,9,1.75,0.1875,0.39999999999999997,3.2
295,17,44,11,1.7142857142857142,0.23177083333333331,0.21295885499997994,3.0476190476190474
296,18,45,13,1.65,0.2421875,0.39999999999999997,3.2
297,19,45,14,1.736842105263158,0.25260416666666663,0.4823763889427201,3.3684210526315788
298,18,48,9,1.75,0.18489583333333331,0.39999999999999997,3.2
299,18,45,12,1.75,0.23958333333333331,0.39999999999999997,3.2
300,18,44,11,1.7,0.2328042328042328,0.47696960070847283,3.15
301,17,44,11,1.6666666666666667,0.234375,0.21295885499997994,3.0476190476190474
302,20,39,14,1.7777777777777777,0.296875,0.49690399499995325,3.5555555555555554
303,19,42,12,1.6842105263157894,0.25396825396825395,0.5668594533825794,3.3157894736842106
304,19,47,11,1.7894736842105263,0.21614583333333331,0.4823763889427201,3.3684210526315788
305,18,44,15,1.75,0.2734375,0.39999999999999997,3.2
306,19,41,15,1.736842105263158,0.296875,0.4823763889427201,3.3684210526315788
307,20,39,14,1.8333333333333333,0.29427083333333337,0.49690399499995325,3.5555555555555554
308,19,41,15,1.7894736842105263,0.29427083333333337,0.4823763889427201,3.3684210526315788
309,19,45,12,1.7894736842105263,0.23697916666666669,0.4823763889427201,3.3684210526315788
310,19,45,16,1.7894736842105263,0.2734375,0.4823763889427201,3.3684210526315788
311,18,42,14,1.75,0.27604166666666663,0.39999999999999997,3.2
312,18,42,15,1.7,0.28385416666666663,0.39999999999999997,3.2
313,19,42,15,1.7894736842105263,0.28385416666666663,0.4823763889427201,3.3684210526315788
314,19,42,14,1.7894736842105263,0.2734375,0.4823763889427201,3.3684210526315788
315,18,45,10,1.75,0.22135416666666669,0.39999999999999997,3.2
316,17,44,12,1.6666666666666667,0.24479166666666669,0.21295885499997994,3.0476190476190474
317,18,51,7,1.7,0.15364583333333334,0.39999999999999997,3.2
318,18,44,14,1.75,0.26302083333333337,0.39999999999999997,3.2
319,19,41,15,1.7894736842105263,0.296875,0.48237638894272,3.3684210526315788
320,19,40,15,1.736842105263158,0.29365079365079366,0.5668594533825794,3.3157894736842106
321,18,44,12,1.7,0.24739583333333331,0.39999999999999997,3.2
322,19,45,11,1.7894736842105263,0.2265625,0.4823763889427201,3.3684210526315788
323,17,46,11,1.7142857142857142,0.22395833333333331,0.21295885499997994,3.0476190476190474
324,18,40,17,1.7,0.3125,0.39999999999999997,3.2
325,19,46,13,1.7894736842105263,0.23697916666666666,0.4823763889427201,3.3684210526315788
326,18,42,14,1.7,0.2734375,0.39999999999999997,3.2
327,17,45,15,1.7142857142857142,0.2630208333333333,0.21295885499997994,3.0476190476190474
328,19,39,17,1.736842105263158,0.3203125,0.4823763889427201,3.3684210526315788
329,19,43,13,1.7894736842105263,0.2578125,0.4823763889427201,3.3684210526315788
330,19,44,13,1.7894736842105263,0.24999999999999997,0.4823763889427201,3.3684210526315788
331,18,48,11,1.75,0.20833333333333331,0.39999999999999997,3.2
332,19,44,13,1.7894736842105263,0.2552083333333333,0.4823763889427201,3.3684210526315788
333,19,39,15,1.736842105263158,0.29947916666666663,0.48237638894272,3.3684210526315788
334,18,38,14,1.7,0.30208333333333337,0.39999999999999997,3.2
335,19,43,12,1.736842105263158,0.2552083333333333,0.4823763889427201,3.3684210526315788
336,18,42,19,1.7,0.3177083333333333,0.39999999999999997,3.2
337,19,45,14,1.736842105263158,0.25260416666666663,0.4823763889427201,3.3684210526315788
338,18,43,12,1.75,0.25260416666666663,0.39999999999999997,3.2
339,18,43,12,1.75,0.2552083333333333,0.39999999999999997,3.2
340,18,38,17,1.7,0.3307291666666667,0.39999999999999997,3.2
341,17,45,13,1.6666666666666667,0.24739583333333331,0.21295885499997994,3.0476190476190474
342,19,47,14,1.736842105263158,0.23697916666666663,0.4823763889427201,3.3684210526315788
343,18,46,13,1.75,0.23958333333333331,0.39999999999999997,3.2
344,18,47,9,1.7,0.1953125,0.39999999999999997,3.2
345,19,35,20,1.736842105263158,0.375,0.4823763889427201,3.3684210526315788
346,19,43,15,1.736842105263158,0.27604166666666663,0.4823763889427201,3.3684210526315788
347,19,44,13,1.736842105263158,0.25,0.48237638894272,3.3684210526315788
348,18,41,15,1.7,0.2890625,0.39999999999999997,3.2
349,19,46,14,1.736842105263158,0.24739583333333331,0.48237638894272,3.3684210526315788
350,18,37,15,1.75,0.3177083333333333,0.39999999999999997,3.2
351,18,41,13,1.75,0.2734375,0.39999999999999997,3.2
352,18,42,13,1.75,0.26302083333333337,0.39999999999999997,3.2
353,18,39,14,1.7,0.296875,0.39999999999999997,3.2
354,18,38,17,1.75,0.328125,0.39999999999999997,3.2
355,17,42,14,1.7142857142857142,0.2734375,0.21295885499997994,3.0476190476190474
356,18,42,16,1.7,0.2942708333333333,0.39999999999999997,3.2
357,20,42,16,1.7777777777777777,0.29166666666666663,0.49690399499995325,3.5555555555555554
358,19,47,11,1.7894736842105263,0.21875,0.4823763889427201,3.3684210526315788
359,18,43,13,1.7,0.2578125,0.39999999999999997,3.2
360,19,42,14,1.7894736842105263,0.2734375,0.4823763889427201,3.3684210526315788
361,20,39,19,1.7777777777777777,0.3411458333333333,0.49690399499995325,3.5555555555555554
362,18,40,16,1.7,0.3125,0.39999999999999997,3.2
363,19,38,16,1.7894736842105263,0.3203125,0.4823763889427201,3.3684210526315788
364,19,41,14,1.736842105263158,0.28125,0.4823763889427201,3.3684210526315788
365,17,40,14,1.6666666666666667,0.2864583333333333,0.21295885499997994,3.0476190476190474
366,19,40,16,1.736842105263158,0.3125,0.4823763889427201,3.3684210526315788
367,19,36,16,1.7894736842105263,0.3359375,0.4823763889427201,3.3684210526315788
368,18,40,17,1.75,0.3125,0.39999999999999997,3.2
369,18,43,17,1.7,0.29166666666666663,0.39999999999999997,3.2
370,19,41,14,1.7894736842105263,0.27864583333333337,0.4823763889427201,3.3684210526315788
371,18,43,14,1.75,0.26822916666666663,0.39999999999999997,3.2
372,18,40,16,1.7,0.3046875,0.39999999999999997,3.2
373,18,42,16,1.75,0.29166666666666663,0.39999999999999997,3.2
374,19,41,17,1.736842105263158,0.30989583333333337,0.4823763889427201,3.3684210526315788
375,19,41,15,1.6842105263157894,0.2916666666666667,0.4823763889427201,3.3684210526315788
376,19,41,15,1.736842105263158,0.291005291005291,0.5668594533825794,3.3157894736842106
377,18,42,18,1.7,0.30989583333333337,0.39999999999999997,3.2
378,18,41,16,1.75,0.29947916666666663,0.39999999999999997,3.2
379,19,41,16,1.7894736842105263,0.3020833333333333,0.4823763889427201,3.3684210526315788
380,17,40,14,1.7142857142857142,0.2890625,0.21295885499997994,3.0476190476190474
381,18,39,19,1.75,0.33854166666666663,0.39999999999999997,3.2
382,19,36,17,1.7894736842105263,0.34375,0.4823763889427201,3.3684210526315788
383,19,42,15,1.7894736842105263,0.2864583333333333,0.4823763889427201,3.3684210526315788
384,18,37,19,1.75,0.3515625,0.39999999999999997,3.2
385,17,42,16,1.7142857142857142,0.29166666666666663,0.21295885499997994,3.0476190476190474
386,18,40,18,1.7,0.32291666666666663,0.39999999999999997,3.2
387,19,40,16,1.736842105263158,0.30158730158730157,0.5668594533825794,3.3157894736842106
388,18,46,13,1.75,0.23697916666666669,0.39999999999999997,3.2
389,18,37,18,1.75,0.34114583333333337,0.39999999999999997,3.2
390,18,38,16,1.75,0.3203125,0.39999999999999997,3.2
391,19,42,18,1.7894736842105263,0.3098958333333333,0.4823763889427201,3.3684210526315788
392,19,39,16,1.736842105263158,0.31510416666666663,0.4823763889427201,3.3684210526315788
393,18,40,15,1.75,0.30208333333333337,0.39999999999999997,3.2
394,20,40,13,1.8333333333333333,0.27604166666666663,0.49690399499995325,3.5555555555555554
395,18,41,16,1.7,0.296875,0.39999999999999997,3.2
396,18,44,16,1.75,0.2786458333333333,0.39999999999999997,3.2
397,19,41,15,1.736842105263158,0.296875,0.4823763889427201,3.3684210526315788
398,19,38,19,1.7894736842105263,0.34635416666666663,0.4823763889427201,3.3684210526315788
399,18,43,15,1.7,0.2760416666666667,0.39999999999999997,3.2
400,19,41,15,1.7894736842105263,0.29166666666666663,0.4823763889427201,3.3684210526315788
401,19,38,16,1.7894736842105263,0.3203125,0.4823763889427201,3.3684210526315788
402,18,42,16,1.7,0.2890625,0.39999999999999997,3.2
403,19,38,18,1.736842105263158,0.33854166666666663,0.48237638894272,3.3684210526315788
404,19,41,15,1.736842105263158,0.2942708333333333,0.4823763889427201,3.3684210526315788
405,19,41,14,1.7894736842105263,0.2786458333333333,0.4823763889427201,3.3684210526315788
406,18,39,16,1.75,0.3177083333333333,0.39999999999999997,3.2
407,20,38,19,1.7777777777777777,0.34375,0.49690399499995325,3.5555555555555554
408,19,39,18,1.736842105263158,0.3333333333333333,0.4823763889427201,3.3684210526315788
409,18,40,15,1.75,0.296875,0.39999999999999997,3.2
410,18,40,16,1.7,0.30729166666666663,0.39999999999999997,3.2
411,19,42,16,1.736842105263158,0.2942708333333333,0.48237638894272,3.3684210526315788
412,19,37,15,1.736842105263158,0.31770833333333337,0.4823763889427201,3.3684210526315788
413,18,36,19,1.7,0.359375,0.39999999999999997,3.2
414,19,40,18,1.736842105263158,0.32291666666666663,0.4823763889427201,3.3684210526315788
415,18,36,16,1.75,0.33333333333333337,0.39999999999999997,3.2
416,18,38,17,1.7,0.3333333333333333,0.39999999999999997,3.2
417,20,42,11,1.8333333333333333,0.25,0.49690399499995325,3.5555555555555554
418,19,38,18,1.7894736842105263,0.33854166666666663,0.4823763889427201,3.3684210526315788
419,19,45,14,1.7894736842105263,0.25520833333333337,0.4823763889427201,3.3684210526315788
420,18,38,15,1.75,0.3046875,0.39999999999999997,3.2
421,19,39,17,1.7894736842105263,0.32291666666666663,0.48237638894272,3.3684210526315788
422,18,36,20,1.7,0.3671875,0.39999999999999997,3.2
423,19,45,15,1.736842105263158,0.2630208333333333,0.4823763889427201,3.3684210526315788
424,19,35,17,1.6842105263157894,0.34391534391534395,0.5668594533825794,3.3157894736842106
425,19,41,18,1.7894736842105263,0.31510416666666663,0.4823763889427201,3.3684210526315788
426,19,40,15,1.736842105263158,0.296875,0.4823763889427201,3.3684210526315788
427,18,38,21,1.7,0.36197916666666663,0.39999999999999997,3.2
428,19,42,17,1.736842105263158,0.3020833333333333,0.4823763889427201,3.3684210526315788
429,17,39,18,1.7142857142857142,0.33072916666666663,0.21295885499997994,3.0476190476190474
430,19,43,16,1.736842105263158,0.28385416666666663,0.4823763889427201,3.3684210526315788
431,20,40,17,1.7777777777777777,0.3177083333333333,0.49690399499995325,3.5555555555555554
432,19,41,18,1.7894736842105263,0.3177083333333333,0.4823763889427201,3.3684210526315788
433,18,43,15,1.7,0.2760416666666667,0.39999999999999997,3.2
434,18,44,14,1.7,0.26041666666666663,0.39999999999999997,3.2
435,18,37,19,1.7,0.3515625,0.39999999999999997,3.2
436,19,37,18,1.736842105263158,0.34375,0.4823763889427201,3.3684210526315788
437,18,39,17,1.75,0.31770833333333337,0.39999999999999997,3.2
438,18,39,18,1.75,0.328125,0.39999999999999997,3.2
439,19,40,17,1.736842105263158,0.3125,0.48237638894272,3.3684210526315788
440,18,39,19,1.7,0.33854166666666663,0.39999999999999997,3.2
441,19,41,18,1.736842105263158,0.31510416666666663,0.4823763889427201,3.3684210526315788
442,18,38,17,1.7,0.32552083333333337,0.39999999999999997,3.2
443,19,39,18,1.736842105263158,0.33333333333333337,0.4823763889427201,3.3684210526315788
444,19,40,19,1.736842105263158,0.33072916666666663,0.48237638894272,3.3684210526315788
445,19,37,17,1.7894736842105263,0.3333333333333333,0.4823763889427201,3.3684210526315788
446,19,38,19,1.736842105263158,0.34635416666666663,0.4823763889427201,3.3684210526315788
447,19,39,17,1.736842105263158,0.3203125,0.4823763889427201,3.3684210526315788
448,19,41,17,1.736842105263158,0.30729166666666663,0.4823763889427201,3.3684210526315788
449,19,37,17,1.736842105263158,0.33072916666666663,0.4823763889427201,3.3684210526315788
450,20,38,17,1.7777777777777777,0.3255208333333333,0.49690399499995325,3.5555555555555554
451,18,37,14,1.7,0.30729166666666663,0.39999999999999997,3.2
452,19,33,22,1.736842105263158,0.4010416666666667,0.4823763889427201,3.3684210526315788
453,18,35,20,1.7,0.37239583333333337,0.39999999999999997,3.2
454,18,36,19,1.7,0.359375,0.39999999999999997,3.2
455,18,35,18,1.7,0.35677083333333337,0.39999999999999997,3.2
456,18,38,17,1.65,0.3253968253968254,0.47696960070847283,3.15
457,19,35,19,1.736842105263158,0.3671875,0.48237638894272,3.3684210526315788
458,18,33,20,1.7,0.3854166666666667,0.39999999999999997,3.2
459,19,34,20,1.736842105263158,0.3828125,0.4823763889427201,3.3684210526315788
460,18,36,19,1.7,0.3567708333333333,0.39999999999999997,3.2
461,19,40,19,1.736842105263158,0.33072916666666663,0.4823763889427201,3.3684210526315788
462,19,36,17,1.736842105263158,0.34114583333333337,0.4823763889427201,3.3684210526315788
463,18,41,17,1.7,0.30729166666666663,0.39999999999999997,3.2
464,20,37,19,1.7777777777777777,0.3515625,0.49690399499995325,3.5555555555555554
465,19,35,20,1.736842105263158,0.375,0.4823763889427201,3.3684210526315788
466,19,35,18,1.736842105263158,0.35416666666666663,0.4823763889427201,3.3684210526315788
467,19,38,18,1.736842105263158,0.3359375,0.4823763889427201,3.3684210526315788
468,20,38,20,1.7777777777777777,0.3515625,0.49690399499995325,3.5555555555555554
469,18,38,19,1.7,0.34635416666666663,0.39999999999999997,3.2
470,19,40,17,1.736842105263158,0.3125,0.4823763889427201,3.3684210526315788
471,20,35,20,1.7777777777777777,0.3776041666666667,0.49690399499995325,3.5555555555555554
472,18,39,18,1.7,0.32552083333333337,0.39999999999999997,3.2
473,19,34,20,1.736842105263158,0.3828125,0.4823763889427201,3.3684210526315788
474,19,34,19,1.736842105263158,0.375,0.4823763889427201,3.3684210526315788
475,19,36,20,1.6842105263157894,0.3677248677248677,0.5668594533825794,3.3157894736842106
476,18,37,17,1.7,0.33072916666666663,0.39999999999999997,3.2
477,20,36,18,1.7777777777777777,0.3515625,0.49690399499995325,3.5555555555555554
478,19,39,17,1.736842105263158,0.32291666666666663,0.4823763889427201,3.3684210526315788
479,19,37,18,1.736842105263158,0.34114583333333337,0.4823763889427201,3.3684210526315788
480,19,34,21,1.736842105263158,0.39322916666666663,0.4823763889427201,3.3684210526315788
481,19,40,19,1.736842105263158,0.3333333333333333,0.4823763889427201,3.3684210526315788
482,18,37,20,1.7,0.36197916666666663,0.39999999999999997,3.2
483,19,39,18,1.736842105263158,0.328125,0.4823763889427201,3.3684210526315788
484,19,39,19,1.736842105263158,0.33854166666666663,0.4823763889427201,3.3684210526315788
485,18,37,19,1.7,0.3515625,0.39999999999999997,3.2
486,19,41,17,1.736842105263158,0.3098958333333333,0.4823763889427201,3.3684210526315788
487,19,39,17,1.736842105263158,0.3203125,0.48237638894272,3.3684210526315788
488,18,40,18,1.7,0.32291666666666663,0.39999999999999997,3.2
489,19,38,20,1.736842105263158,0.35416666666666663,0.4823763889427201,3.3684210526315788
490,19,38,18,1.736842105263158,0.33854166666666663,0.4823763889427201,3.3684210526315788
491,18,39,17,1.7,0.3255208333333333,0.39999999999999997,3.2
492,19,35,21,1.736842105263158,0.3828125,0.4823763889427201,3.3684210526315788
493,18,36,20,1.7,0.36979166666666663,0.39999999999999997,3.2
494,19,38,19,1.736842105263158,0.34635416666666663,0.4823763889427201,3.3684210526315788
495,19,34,19,1.736842105263158,0.375,0.4823763889427201,3.3684210526315788
496,19,39,19,1.736842105263158,0.33854166666666663,0.4823763889427201,3.3684210526315788
497,19,37,21,1.736842105263158,0.36979166666666663,0.4823763889427201,3.3684210526315788
498,19,33,20,1.736842105263158,0.39322916666666663,0.4823763889427201,3.3684210526315788
499,19,39,17,1.736842105263158,0.3203125,0.4823763889427201,3.3684210526315788
500,19,36,19,1.736842105263158,0.359375,0.4823763889427201,3.3684210526315788
501,19,40,18,1.736842105263158,0.32291666666666663,0.4823763889427201,3.3684210526315788
502,18,34,19,1.65,0.37037037037037035,0.47696960070847283,3.15
503,19,41,18,1.736842105263158,0.31510416666666663,0.48237638894272,3.3684210526315788
504,19,35,20,1.736842105263158,0.375,0.4823763889427201,3.3684210526315788
505,20,33,21,1.7777777777777777,0.40104166666666663,0.49690399499995325,3.5555555555555554
506,20,38,18,1.7777777777777777,0.3411458333333333,0.49690399499995325,3.5555555555555554
507,19,35,21,1.736842105263158,0.3828125,0.4823763889427201,3.3684210526315788
508,18,35,19,1.65,0.36243386243386244,0.47696960070847283,3.15
509,19,36,20,1.736842105263158,0.36979166666666663,0.4823763889427201,3.3684210526315788
510,18,33,20,1.7,0.390625,0.39999999999999997,3.2
511,18,32,21,1.7,0.40364583333333337,0.39999999999999997,3.2
512,19,33,23,1.6842105263157894,0.4126984126984127,0.5668594533825794,3.3157894736842106
513,19,34,19,1.736842105263158,0.3697916666666667,0.4823763889427201,3.3684210526315788
514,18,38,20,1.7,0.359375,0.39999999999999997,3.2
515,19,37,19,1.736842105263158,0.359375,0.48237638894272,3.3684210526315788
516,19,34,21,1.736842105263158,0.3854166666666667,0.4823763889427201,3.3684210526315788
517,19,34,20,1.6842105263157894,0.3783068783068783,0.5668594533825794,3.3157894736842106
518,19,36,20,1.736842105263158,0.36979166666666663,0.4823763889427201,3.3684210526315788
519,20,34,20,1.7777777777777777,0.38020833333333337,0.49690399499995325,3.5555555555555554
520,19,35,21,1.736842105263158,0.390625,0.4823763889427201,3.3684210526315788
521,19,36,20,1.736842105263158,0.36979166666666663,0.4823763889427201,3.3684210526315788
522,19,37,20,1.736842105263158,0.359375,0.4823763889427201,3.3684210526315788
523,20,38,20,1.7777777777777777,0.35416666666666663,0.49690399499995325,3.5555555555555554
524,20,34,19,1.7777777777777777,0.375,0.49690399499995325,3.5555555555555554
525,18,33,21,1.65,0.3994708994708994,0.47696960070847283,3.15
526,18,38,19,1.7,0.34635416666666663,0.39999999999999997,3.2
527,18,36,22,1.7,0.38541666666666663,0.39999999999999997,3.2
528,18,40,19,1.7,0.33333333333333337,0.39999999999999997,3.2
529,20,36,21,1.7777777777777777,0.375,0.49690399499995325,3.5555555555555554
530,19,39,20,1.736842105263158,0.34375,0.4823763889427201,3.3684210526315788
531,18,34,20,1.7,0.3828125,0.39999999999999997,3.2
532,19,37,18,1.736842105263158,0.3489583333333333,0.4823763889427201,3.3684210526315788
533,19,33,21,1.736842105263158,0.40104166666666663,0.4823763889427201,3.3684210526315788
534,18,35,21,1.7,0.38541666666666663,0.39999999999999997,3.2
535,19,40,17,1.736842105263158,0.31510416666666663,0.4823763889427201,3.3684210526315788
536,19,40,17,1.736842105263158,0.3098958333333333,0.4823763889427201,3.3684210526315788
537,19,40,18,1.736842105263158,0.328125,0.4823763889427201,3.3684210526315788
538,18,38,20,1.7,0.35416666666666663,0.39999999999999997,3.2
539,19,37,21,1.736842105263158,0.36979166666666663,0.4823763889427201,3.3684210526315788
540,18,34,17,1.7,0.3515625,0.39999999999999997,3.2
541,19,33,19,1.736842105263158,0.38020833333333337,0.4823763889427201,3.3684210526315788
542,18,36,18,1.7,0.35416666666666663,0.39999999999999997,3.2
543,18,33,21,1.7,0.40104166666666663,0.39999999999999997,3.2
544,19,33,23,1.736842105263158,0.41666666666666663,0.4823763889427201,3.3684210526315788
545,18,36,22,1.7,0.38541666666666663,0.39999999999999997,3.2
546,18,37,20,1.75,0.36458333333333337,0.39999999999999997,3.2
547,19,35,20,1.736842105263158,0.37760416666666663,0.4823763889427201,3.3684210526315788
548,19,37,18,1.736842105263158,0.34375,0.4823763889427201,3.3684210526315788
549,18,33,21,1.7,0.40104166666666663,0.39999999999999997,3.2
550,19,37,18,1.736842105263158,0.34375,0.4823763889427201,3.3684210526315788
551,20,39,17,1.7777777777777777,0.32291666666666663,0.49690399499995325,3.5555555555555554
552,19,39,19,1.736842105263158,0.3411458333333333,0.4823763889427201,3.3684210526315788
553,18,33,21,1.7,0.39322916666666663,0.39999999999999997,3.2
554,19,35,22,1.736842105263158,0.39322916666666663,0.4823763889427201,3.3684210526315788
555,19,37,18,1.736842105263158,0.34375,0.4823763889427201,3.3684210526315788
556,19,33,20,1.736842105263158,0.390625,0.48237638894272,3.3684210526315788
557,20,34,21,1.7777777777777777,0.3880208333333333,0.49690399499995325,3.5555555555555554
558,19,36,22,1.736842105263158,0.38541666666666663,0.4823763889427201,3.3684210526315788
559,19,33,20,1.736842105263158,0.38802083333333337,0.4823763889427201,3.3684210526315788
560,18,34,20,1.7,0.38541666666666663,0.39999999999999997,3.2
561,20,36,20,1.7777777777777777,0.3671875,0.49690399499995325,3.5555555555555554
562,19,36,20,1.736842105263158,0.3671875,0.4823763889427201,3.3684210526315788
563,19,35,23,1.736842105263158,0.40104166666666663,0.4823763889427201,3.3684210526315788
564,18,38,18,1.7,0.33854166666666663,0.39999999999999997,3.2
565,19,34,19,1.736842105263158,0.375,0.4823763889427201,3.3684210526315788
566,19,35,22,1.6842105263157894,0.38888888888888884,0.5668594533825794,3.3157894736842106
567,18,35,18,1.7,0.35416666666666663,0.39999999999999997,3.2
568,20,35,21,1.7777777777777777,0.3828125,0.49690399499995325,3.5555555555555554
569,19,37,20,1.736842105263158,0.359375,0.4823763889427201,3.3684210526315788
570,19,31,23,1.736842105263158,0.43229166666666663,0.4823763889427201,3.3684210526315788
571,20,35,20,1.7777777777777777,0.375,0.49690399499995325,3.5555555555555554
572,18,36,20,1.7,0.36979166666666663,0.39999999999999997,3.2
573,18,33,19,1.7,0.375,0.39999999999999997,3.2
574,19,38,18,1.736842105263158,0.33854166666666663,0.4823763889427201,3.3684210526315788
575,19,33,21,1.736842105263158,0.3932291666666667,0.4823763889427201,3.3684210526315788
576,19,40,18,1.736842105263158,0.3229166666666667,0.4823763889427201,3.3684210526315788
577,19,35,20,1.736842105263158,0.37760416666666663,0.48237638894272,3.3684210526315788
578,18,35,21,1.7,0.38541666666666663,0.39999999999999997,3.2
579,18,31,23,1.7,0.4296875,0.39999999999999997,3.2
580,20,33,22,1.7777777777777777,0.4036458333333333,0.49690399499995325,3.5555555555555554
581,19,35,19,1.736842105263158,0.3671875,0.4823763889427201,3.3684210526315788
582,18,32,23,1.7,0.41927083333333337,0.39999999999999997,3.2
583,19,37,19,1.736842105263158,0.35416666666666663,0.4823763889427201,3.3684210526315788
584,20,37,19,1.7777777777777777,0.35416666666666663,0.49690399499995325,3.5555555555555554
585,19,30,20,1.736842105263158,0.41145833333333337,0.4823763889427201,3.3684210526315788
586,19,35,19,1.736842105263158,0.3671875,0.4823763889427201,3.3684210526315788
587,19,38,19,1.736842105263158,0.34375,0.48237638894272,3.3684210526315788
588,19,38,18,1.736842105263158,0.3307291666666667,0.4823763889427201,3.3684210526315788
589,19,40,17,1.736842105263158,0.3177083333333333,0.4823763889427201,3.3684210526315788
590,19,36,16,1.736842105263158,0.3359375,0.4823763889427201,3.3684210526315788
591,19,32,21,1.736842105263158,0.4036458333333333,0.4823763889427201,3.3684210526315788
592,18,39,20,1.7,0.3489583333333333,0.39999999999999997,3.2
593,18,35,21,1.7,0.3880208333333333,0.39999999999999997,3.2
594,18,34,21,1.7,0.3880208333333333,0.39999999999999997,3.2
595,18,35,20,1.7,0.375,0.39999999999999997,3.2
596,18,37,18,1.7,0.3489583333333333,0.39999999999999997,3.2
597,19,34,19,1.736842105263158,0.3723958333333333,0.4823763889427201,3.3684210526315788
598,19,33,22,1.736842105263158,0.40364583333333337,0.4823763889427201,3.3684210526315788
599,18,33,20,1.7,0.38802083333333337,0.39999999999999997,3.2
600,19,35,22,1.736842105263158,0.39322916666666663,0.4823763889427201,3.3684210526315788
601,19,32,22,1.736842105263158,0.41145833333333337,0.4823763889427201,3.3684210526315788
602,19,33,20,1.736842105263158,0.38802083333333337,0.4823763889427201,3.3684210526315788
603,19,30,23,1.736842105263158,0.4348958333333333,0.4823763889427201,3.3684210526315788
604,18,36,19,1.65,0.35714285714285715,0.47696960070847283,3.15
605,19,35,18,1.736842105263158,0.3567708333333333,0.4823763889427201,3.3684210526315788
606,20,35,19,1.7777777777777777,0.36979166666666663,0.49690399499995325,3.5555555555555554
607,19,34,21,1.736842105263158,0.39322916666666663,0.4823763889427201,3.3684210526315788
608,18,36,20,1.7,0.3671875,0.39999999999999997,3.2
609,19,32,21,1.6842105263157894,0.4021164021164021,0.5668594533825794,3.3157894736842106
610,19,40,16,1.736842105263158,0.3046875,0.4823763889427201,3.3684210526315788
611,18,34,21,1.7,0.390625,0.39999999999999997,3.2
612,19,33,20,1.736842105263158,0.390625,0.4823763889427201,3.3684210526315788
613,19,35,22,1.736842105263158,0.39322916666666663,0.4823763889427201,3.3684210526315788
614,19,35,20,1.736842105263158,0.375,0.4823763889427201,3.3684210526315788
615,19,38,18,1.736842105263158,0.33333333333333337,0.4823763889427201,3.3684210526315788
616,19,36,19,1.736842105263158,0.36197916666666663,0.4823763889427201,3.3684210526315788
617,20,36,21,1.7777777777777777,0.375,0.49690399499995325,3.5555555555555554
618,18,35,20,1.7,0.37239583333333337,0.39999999999999997,3.2
619,18,37,19,1.7,0.35416666666666663,0.39999999999999997,3.2
620,19,37,19,1.6842105263157894,0.3518518518518518,0.5668594533825794,3.3157894736842106
621,18,30,23,1.7,0.43229166666666663,0.39999999999999997,3.2
622,19,34,22,1.736842105263158,0.3984375,0.4823763889427201,3.3684210526315788
623,19,30,24,1.736842105263158,0.4453125,0.4823763889427201,3.3684210526315788
624,19,35,21,1.736842105263158,0.38541666666666663,0.48237638894272,3.3684210526315788
625,18,38,20,1.7,0.35416666666666663,0.39999999999999997,3.2
626,19,37,16,1.736842105263158,0.33072916666666663,0.4823763889427201,3.3684210526315788
627,19,37,20,1.736842105263158,0.359375,0.4823763889427201,3.3684210526315788
628,20,34,19,1.7777777777777777,0.375,0.49690399499995325,3.5555555555555554
629,18,36,22,1.7,0.38541666666666663,0.39999999999999997,3.2
630,19,34,19,1.736842105263158,0.375,0.4823763889427201,3.3684210526315788
631,18,35,20,1.7,0.36979166666666663,0.39999999999999997,3.2
632,19,34,20,1.736842105263158,0.3828125,0.4823763889427201,3.3684210526315788
633,20,34,20,1.7777777777777777,0.3828125,0.49690399499995325,3.5555555555555554
634,19,34,21,1.736842105263158,0.390625,0.4823763889427201,3.3684210526315788
635,19,36,21,1.736842105263158,0.37760416666666663,0.4823763889427201,3.3684210526315788
636,18,37,19,1.7,0.3567708333333333,0.39999999999999997,3.2
637,18,30,23,1.7,0.43489583333333337,0.39999999999999997,3.2
638,19,39,17,1.736842105263158,0.3203125,0.4823763889427201,3.3684210526315788
639,19,38,20,1.736842105263158,0.35416666666666663,0.48237638894272,3.3684210526315788
640,18,29,22,1.7,0.43229166666666663,0.39999999999999997,3.2
641,18,38,19,1.7,0.34635416666666663,0.39999999999999997,3.2
642,19,34,21,1.736842105263158,0.3880208333333333,0.4823763889427201,3.3684210526315788
643,19,34,20,1.736842105263158,0.38020833333333337,0.48237638894272,3.3684210526315788
644,19,36,19,1.736842105263158,0.3567708333333333,0.4823763889427201,3.3684210526315788
645,19,34,21,1.736842105263158,0.38802083333333337,0.48237638894272,3.3684210526315788
646,19,39,19,1.736842105263158,0.33854166666666663,0.48237638894272,3.3684210526315788
647,18,32,23,1.7,0.421875,0.39999999999999997,3.2
648,19,39,18,1.736842105263158,0.328125,0.4823763889427201,3.3684210526315788
649,19,34,20,1.736842105263158,0.3854166666666667,0.4823763889427201,3.3684210526315788
650,19,34,19,1.736842105263158,0.36979166666666663,0.4823763889427201,3.3684210526315788
651,18,34,21,1.7,0.390625,0.39999999999999997,3.2
652,19,32,18,1.736842105263158,0.3776041666666667,0.4823763889427201,3.3684210526315788
653,20,38,18,1.7777777777777777,0.33333333333333337,0.49690399499995325,3.5555555555555554
654,19,34,22,1.6842105263157894,0.3994708994708994,0.5668594533825794,3.3157894736842106
655,19,36,21,1.736842105263158,0.37760416666666663,0.4823763889427201,3.3684210526315788
656,19,37,18,1.736842105263158,0.34635416666666663,0.4823763889427201,3.3684210526315788
657,17,37,19,1.6666666666666667,0.34895833333333337,0.21295885499997994,3.0476190476190474
658,18,35,22,1.7,0.39322916666666663,0.39999999999999997,3.2
659,19,33,22,1.736842105263158,0.40885416666666663,0.4823763889427201,3.3684210526315788
660,19,36,20,1.736842105263158,0.3671875,0.4823763889427201,3.3684210526315788
661,19,32,23,1.736842105263158,0.42447916666666663,0.4823763889427201,3.3684210526315788
662,18,30,22,1.7,0.42447916666666663,0.39999999999999997,3.2
663,18,33,20,1.7,0.38541666666666663,0.39999999999999997,3.2
664,18,29,21,1.7,0.42447916666666663,0.39999999999999997,3.2
665,19,32,20,1.736842105263158,0.39322916666666663,0.48237638894272,3.3684210526315788
666,18,34,20,1.7,0.3828125,0.39999999999999997,3.2
667,19,36,20,1.736842105263158,0.3671875,0.4823763889427201,3.3684210526315788
668,19,36,19,1.736842105263158,0.359375,0.4823763889427201,3.3684210526315788
669,19,39,19,1.736842105263158,0.33854166666666663,0.4823763889427201,3.3684210526315788
670,19,31,22,1.736842105263158,0.42447916666666663,0.4823763889427201,3.3684210526315788
671,19,35,20,1.736842105263158,0.37760416666666663,0.4823763889427201,3.3684210526315788
672,20,31,22,1.7777777777777777,0.4192708333333333,0.49690399499995325,3.5555555555555554
673,18,33,22,1.7,0.40364583333333337,0.39999999999999997,3.2
674,19,34,20,1.736842105263158,0.3828125,0.4823763889427201,3.3684210526315788
675,19,40,18,1.7894736842105263,0.328125,0.4823763889427201,3.3684210526315788
676,19,36,22,1.736842105263158,0.38541666666666663,0.48237638894272,3.3684210526315788
677,19,37,19,1.736842105263158,0.3567708333333333,0.4823763889427201,3.3684210526315788
678,19,35,20,1.736842105263158,0.37760416666666663,0.4823763889427201,3.3684210526315788
679,18,35,22,1.65,0.3915343915343915,0.47696960070847283,3.15
680,18,37,20,1.75,0.36197916666666663,0.39999999999999997,3.2
681,18,34,20,1.7,0.3828125,0.39999999999999997,3.2
682,19,35,20,1.736842105263158,0.375,0.4823763889427201,3.3684210526315788
683,19,36,21,1.736842105263158,0.37239583333333337,0.4823763889427201,3.3684210526315788
684,19,31,22,1.736842105263158,0.42447916666666663,0.4823763889427201,3.3684210526315788
685,19,35,20,1.736842105263158,0.375,0.4823763889427201,3.3684210526315788
686,18,36,20,1.7,0.36458333333333337,0.39999999999999997,3.2
687,19,39,16,1.736842105263158,0.3151041666666667,0.4823763889427201,3.3684210526315788
688,18,39,20,1.7,0.34635416666666663,0.39999999999999997,3.2
689,20,33,22,1.7777777777777777,0.40885416666666663,0.49690399499995325,3.5555555555555554
690,19,34,21,1.736842105263158,0.38802083333333337,0.4823763889427201,3.3684210526315788
691,19,36,19,1.736842105263158,0.35416666666666663,0.4823763889427201,3.3684210526315788
692,19,36,21,1.736842105263158,0.3802083333333333,0.48237638894272,3.3684210526315788
693,18,34,22,1.7,0.40104166666666663,0.39999999999999997,3.2
694,19,32,22,1.736842105263158,0.41145833333333337,0.4823763889427201,3.3684210526315788
695,18,33,21,1.7,0.3984375,0.39999999999999997,3.2
696,18,31,25,1.7,0.44791666666666663,0.39999999999999997,3.2
697,18,31,24,1.7,0.4375,0.39999999999999997,3.2
698,20,31,25,1.7777777777777777,0.4505208333333333,0.49690399499995325,3.5555555555555554
699,18,38,20,1.7,0.35416666666666663,0.39999999999999997,3.2
700,19,33,21,1.736842105263158,0.3958333333333333,0.4823763889427201,3.3684210526315788
701,18,30,23,1.65,0.43121693121693117,0.47696960070847283,3.15
702,19,31,20,1.736842105263158,0.40625,0.48237638894272,3.3684210526315788
703,19,33,21,1.736842105263158,0.3984375,0.4823763889427201,3.3684210526315788
704,19,33,23,1.736842105263158,0.41666666666666663,0.4823763889427201,3.3684210526315788
705,18,36,20,1.7,0.36979166666666663,0.39999999999999997,3.2
706,20,30,22,1.7777777777777777,0.4296875,0.49690399499995325,3.5555555555555554
707,19,34,21,1.736842105263158,0.39322916666666663,0.4823763889427201,3.3684210526315788
708,19,33,24,1.736842105263158,0.42447916666666663,0.4823763889427201,3.3684210526315788
709,18,31,23,1.7,0.4296875,0.39999999999999997,3.2
710,20,32,23,1.7777777777777777,0.421875,0.49690399499995325,3.5555555555555554
711,19,37,19,1.736842105263158,0.3541666666666667,0.4823763889427201,3.3684210526315788
712,18,34,22,1.7,0.40104166666666663,0.39999999999999997,3.2
713,19,36,21,1.736842105263158,0.3802083333333333,0.4823763889427201,3.3684210526315788
714,19,36,21,1.736842105263158,0.375,0.4823763889427201,3.3684210526315788
715,19,35,19,1.736842105263158,0.36979166666666663,0.4823763889427201,3.3684210526315788
716,19,37,20,1.736842105263158,0.3645833333333333,0.4823763889427201,3.3684210526315788
717,19,37,20,1.736842105263158,0.3645833333333333,0.48237638894272,3.3684210526315788
718,18,34,21,1.7,0.39322916666666663,0.39999999999999997,3.2
719,19,35,19,1.736842105263158,0.3645833333333333,0.4823763889427201,3.3684210526315788
720,18,34,22,1.7,0.3984375,0.39999999999999997,3.2
721,19,31,22,1.6842105263157894,0.41798941798941797,0.5668594533825794,3.3157894736842106
722,19,32,20,1.736842105263158,0.3984375,0.4823763889427201,3.3684210526315788
723,20,31,21,1.7222222222222223,0.4126984126984127,0.6009252125773316,3.5
724,19,32,20,1.736842105263158,0.40104166666666663,0.4823763889427201,3.3684210526315788
725,19,37,17,1.736842105263158,0.3307291666666667,0.4823763889427201,3.3684210526315788
726,18,38,18,1.7,0.3359375,0.39999999999999997,3.2
727,19,30,23,1.736842105263158,0.4375,0.48237638894272,3.3684210526315788
728,19,31,23,1.6842105263157894,0.4285714285714285,0.5668594533825794,3.3157894736842106
729,19,33,21,1.6842105263157894,0.3968253968253968,0.5668594533825794,3.3157894736842106
730,18,34,23,1.7,0.40885416666666663,0.39999999999999997,3.2
731,18,35,21,1.7,0.3880208333333333,0.39999999999999997,3.2
732,19,36,21,1.736842105263158,0.37760416666666663,0.4823763889427201,3.3684210526315788
733,19,34,21,1.736842105263158,0.39322916666666663,0.4823763889427201,3.3684210526315788
734,18,36,22,1.7,0.3828125,0.39999999999999997,3.2
735,18,33,19,1.7,0.3776041666666667,0.39999999999999997,3.2
736,20,35,22,1.7777777777777777,0.39322916666666663,0.49690399499995325,3.5555555555555554
737,19,33,22,1.736842105263158,0.40625,0.48237638894272,3.3684210526315788
738,19,34,22,1.736842105263158,0.3984375,0.4823763889427201,3.3684210526315788
739,19,34,21,1.736842105263158,0.390625,0.48237638894272,3.3684210526315788
740,18,35,21,1.7,0.3880208333333333,0.39999999999999997,3.2
741,19,34,20,1.736842105263158,0.38020833333333337,0.4823763889427201,3.3684210526315788
742,19,34,19,1.6842105263157894,0.38095238095238093,0.5668594533825794,3.3157894736842106
743,20,31,20,1.7777777777777777,0.4010416666666667,0.49690399499995325,3.5555555555555554
744,18,33,21,1.7,0.39583333333333337,0.39999999999999997,3.2
745,19,35,20,1.736842105263158,0.37760416666666663,0.48237638894272,3.3684210526315788
746,19,32,24,1.736842105263158,0.43229166666666663,0.4823763889427201,3.3684210526315788
747,19,38,20,1.7894736842105263,0.35677083333333337,0.4823763889427201,3.3684210526315788
748,18,30,23,1.7,0.43229166666666663,0.39999999999999997,3.2
749,18,30,23,1.7,0.4375,0.39999999999999997,3.2
750,19,38,20,1.736842105263158,0.35416666666666663,0.4823763889427201,3.3684210526315788
751,19,36,23,1.736842105263158,0.3958333333333333,0.4823763889427201,3.3684210526315788
752,18,33,22,1.7,0.40625,0.39999999999999997,3.2
753,19,36,20,1.736842105263158,0.36979166666666663,0.4823763889427201,3.3684210526315788
754,18,35,20,1.7,0.375,0.39999999999999997,3.2
755,18,36,20,1.7,0.36979166666666663,0.39999999999999997,3.2
756,18,33,21,1.7,0.3984375,0.39999999999999997,3.2
757,18,34,20,1.7,0.3880208333333333,0.39999999999999997,3.2
758,19,34,22,1.736842105263158,0.40104166666666663,0.4823763889427201,3.3684210526315788
759,18,38,19,1.75,0.34635416666666663,0.39999999999999997,3.2
760,18,36,20,1.7,0.3723958333333333,0.39999999999999997,3.2
761,19,34,19,1.736842105263158,0.3697916666666667,0.4823763889427201,3.3684210526315788
762,18,36,21,1.7,0.3802083333333333,0.39999999999999997,3.2
763,19,39,18,1.736842105263158,0.3333333333333333,0.4823763889427201,3.3684210526315788
764,18,38,18,1.7,0.3411458333333333,0.39999999999999997,3.2
765,19,33,23,1.736842105263158,0.4114583333333333,0.4823763889427201,3.3684210526315788
766,19,32,21,1.736842105263158,0.4036458333333333,0.4823763889427201,3.3684210526315788
767,18,34,22,1.7,0.3958333333333333,0.39999999999999997,3.2
768,19,36,21,1.736842105263158,0.3802083333333333,0.4823763889427201,3.3684210526315788
769,18,36,21,1.7,0.37760416666666663,0.39999999999999997,3.2
770,18,38,20,1.7,0.359375,0.39999999999999997,3.2
771,18,36,21,1.7,0.37760416666666663,0.39999999999999997,3.2
772,19,36,19,1.736842105263158,0.359375,0.4823763889427201,3.3684210526315788
773,19,34,21,1.736842105263158,0.3958333333333333,0.4823763889427201,3.3684210526315788
774,19,35,22,1.736842105263158,0.3958333333333333,0.4823763889427201,3.3684210526315788
775,19,35,21,1.736842105263158,0.38541666666666663,0.4823763889427201,3.3684210526315788
776,19,34,22,1.736842105263158,0.40104166666666663,0.4823763889427201,3.3684210526315788
777,18,40,20,1.7,0.3411458333333333,0.39999999999999997,3.2
778,19,34,23,1.736842105263158,0.40885416666666663,0.4823763889427201,3.3684210526315788
779,19,32,23,1.736842105263158,0.4270833333333333,0.4823763889427201,3.3684210526315788
780,19,34,23,1.736842105263158,0.40885416666666663,0.4823763889427201,3.3684210526315788
781,18,34,23,1.7,0.40885416666666663,0.39999999999999997,3.2
782,19,33,20,1.6842105263157894,0.3862433862433863,0.5668594533825794,3.3157894736842106
783,20,35,20,1.7777777777777777,0.375,0.49690399499995325,3.5555555555555554
784,20,35,22,1.7777777777777777,0.3958333333333333,0.49690399499995325,3.5555555555555554
785,19,36,20,1.736842105263158,0.3671875,0.4823763889427201,3.3684210526315788
786,19,31,22,1.736842105263158,0.421875,0.4823763889427201,3.3684210526315788
787,18,36,20,1.7,0.36458333333333337,0.39999999999999997,3.2
788,18,37,22,1.7,0.37760416666666663,0.39999999999999997,3.2
789,19,36,20,1.736842105263158,0.3697916666666667,0.4823763889427201,3.3684210526315788
790,18,36,19,1.7,0.3645833333333333,0.39999999999999997,3.2
791,19,39,19,1.736842105263158,0.3411458333333333,0.4823763889427201,3.3684210526315788
792,18,34,21,1.7,0.390625,0.39999999999999997,3.2
793,18,36,20,1.7,0.36979166666666663,0.39999999999999997,3.2
794,19,37,20,1.736842105263158,0.36197916666666663,0.48237638894272,3.3684210526315788
795,18,33,22,1.7,0.4114583333333333,0.39999999999999997,3.2
796,18,37,22,1.7,0.3802083333333333,0.39999999999999997,3.2
797,18,32,22,1.65,0.41534391534391535,0.47696960070847283,3.15
798,19,35,22,1.736842105263158,0.390625,0.4823763889427201,3.3684210526315788
799,18,33,22,1.7,0.40885416666666663,0.39999999999999997,3.2
800,18,36,20,1.7,0.3671875,0.39999999999999997,3.2
801,18,33,22,1.7,0.40625,0.39999999999999997,3.2
802,18,33,22,1.7,0.4114583333333333,0.39999999999999997,3.2
803,19,36,21,1.736842105263158,0.3802083333333333,0.4823763889427201,3.3684210526315788
804,18,36,19,1.7,0.3645833333333333,0.39999999999999997,3.2
805,19,39,20,1.736842105263158,0.3489583333333333,0.4823763889427201,3.3684210526315788
806,19,32,23,1.736842105263158,0.42447916666666663,0.4823763889427201,3.3684210526315788
807,19,34,21,1.736842105263158,0.3854166666666667,0.48237638894272,3.3684210526315788
808,19,34,21,1.6842105263157894,0.3941798941798942,0.5668594533825794,3.3157894736842106
809,18,34,23,1.7,0.40625,0.39999999999999997,3.2
810,19,35,20,1.736842105263158,0.3776041666666667,0.4823763889427201,3.3684210526315788
811,19,33,21,1.736842105263158,0.40104166666666663,0.48237638894272,3.3684210526315788
812,18,35,18,1.7,0.359375,0.39999999999999997,3.2
813,19,36,22,1.736842105263158,0.38541666666666663,0.4823763889427201,3.3684210526315788
814,19,35,20,1.736842105263158,0.3802083333333333,0.4823763889427201,3.3684210526315788
815,18,35,18,1.75,0.359375,0.39999999999999997,3.2
816,19,33,21,1.736842105263158,0.39583333333333337,0.4823763889427201,3.3684210526315788
817,18,33,22,1.7,0.40885416666666663,0.39999999999999997,3.2
818,18,33,22,1.7,0.40885416666666663,0.39999999999999997,3.2
819,20,33,24,1.7777777777777777,0.421875,0.49690399499995325,3.5555555555555554
820,17,33,21,1.6666666666666667,0.40104166666666663,0.21295885499997994,3.0476190476190474
821,18,34,22,1.7,0.40104166666666663,0.39999999999999997,3.2
822,18,33,24,1.7,0.4270833333333333,0.39999999999999997,3.2
823,18,35,20,1.7,0.37760416666666663,0.39999999999999997,3.2
824,18,35,21,1.7,0.3880208333333333,0.39999999999999997,3.2
825,19,34,20,1.736842105263158,0.3828125,0.4823763889427201,3.3684210526315788
826,18,32,22,1.7,0.4140625,0.39999999999999997,3.2
827,18,38,18,1.75,0.3385416666666667,0.39999999999999997,3.2
828,18,31,22,1.7,0.4192708333333333,0.39999999999999997,3.2
829,18,32,21,1.7,0.4036458333333333,0.39999999999999997,3.2
830,19,34,22,1.736842105263158,0.3984375,0.4823763889427201,3.3684210526315788
831,19,33,22,1.736842105263158,0.40885416666666663,0.4823763889427201,3.3684210526315788
832,18,37,21,1.7,0.3723958333333333,0.39999999999999997,3.2
833,19,34,23,1.736842105263158,0.4114583333333333,0.48237638894272,3.3684210526315788
834,19,31,24,1.736842105263158,0.44010416666666663,0.4823763889427201,3.3684210526315788
835,19,33,22,1.736842105263158,0.40885416666666663,0.4823763889427201,3.3684210526315788
836,19,39,22,1.736842105263158,0.3671875,0.48237638894272,3.3684210526315788
837,19,31,25,1.736842105263158,0.4505208333333333,0.48237638894272,3.3684210526315788
838,18,34,20,1.7,0.3828125,0.39999999999999997,3.2
839,17,35,17,1.6666666666666667,0.3541666666666667,0.21295885499997994,3.0476190476190474
840,18,33,22,1.7,0.40885416666666663,0.39999999999999997,3.2
841,18,35,21,1.7,0.38541666666666663,0.39999999999999997,3.2
842,18,32,22,1.7,0.41666666666666663,0.39999999999999997,3.2
843,19,35,21,1.6842105263157894,0.3862433862433862,0.5668594533825794,3.3157894736842106
844,19,32,22,1.736842105263158,0.41145833333333337,0.4823763889427201,3.3684210526315788
845,19,31,23,1.736842105263158,0.4296875,0.4823763889427201,3.3684210526315788
846,18,31,23,1.7,0.4270833333333333,0.39999999999999997,3.2
847,19,36,18,1.736842105263158,0.3567708333333333,0.4823763889427201,3.3684210526315788
848,18,30,24,1.7,0.44791666666666663,0.39999999999999997,3.2
849,18,36,21,1.7,0.37760416666666663,0.39999999999999997,3.2
850,19,38,20,1.736842105263158,0.35416666666666663,0.4823763889427201,3.3684210526315788
851,18,37,21,1.7,0.36979166666666663,0.39999999999999997,3.2
852,20,35,21,1.7777777777777777,0.390625,0.49690399499995325,3.5555555555555554
853,19,35,19,1.736842105263158,0.3697916666666667,0.4823763889427201,3.3684210526315788
854,18,35,21,1.7,0.3854166666666667,0.39999999999999997,3.2
855,19,33,24,1.736842105263158,0.4270833333333333,0.48237638894272,3.3684210526315788
856,18,39,21,1.7,0.3541666666666667,0.39999999999999997,3.2
857,18,33,22,1.7,0.40885416666666663,0.39999999999999997,3.2
858,18,30,27,1.7,0.47135416666666663,0.39999999999999997,3.2
859,19,33,23,1.736842105263158,0.41666666666666663,0.4823763889427201,3.3684210526315788
860,18,33,22,1.7,0.40625,0.39999999999999997,3.2
861,18,35,21,1.7,0.38541666666666663,0.39999999999999997,3.2
862,20,34,23,1.7777777777777777,0.4114583333333333,0.49690399499995325,3.5555555555555554
863,19,34,21,1.736842105263158,0.39322916666666663,0.48237638894272,3.3684210526315788
864,18,32,22,1.7,0.4114583333333333,0.39999999999999997,3.2
865,19,37,16,1.7894736842105263,0.328125,0.4823763889427201,3.3684210526315788
866,19,31,22,1.736842105263158,0.4192708333333333,0.48237638894272,3.3684210526315788
867,18,31,24,1.7,0.44010416666666663,0.39999999999999997,3.2
868,19,28,24,1.736842105263158,0.45833333333333337,0.48237638894272,3.3684210526315788
869,19,31,22,1.736842105263158,0.41927083333333337,0.4823763889427201,3.3684210526315788
870,18,31,22,1.7,0.42447916666666663,0.39999999999999997,3.2
871,18,33,21,1.7,0.3984375,0.39999999999999997,3.2
872,18,30,24,1.7,0.4453125,0.39999999999999997,3.2
873,19,36,22,1.736842105263158,0.3880208333333333,0.4823763889427201,3.3684210526315788
874,19,33,24,1.736842105263158,0.42447916666666663,0.4823763889427201,3.3684210526315788
875,18,33,20,1.7,0.38802083333333337,0.39999999999999997,3.2
876,18,30,24,1.7,0.44791666666666663,0.39999999999999997,3.2
877,18,32,21,1.7,0.40364583333333337,0.39999999999999997,3.2
878,18,34,20,1.7,0.38541666666666663,0.39999999999999997,3.2
879,18,32,23,1.7,0.4270833333333333,0.39999999999999997,3.2
880,18,29,24,1.7,0.45572916666666663,0.39999999999999997,3.2
881,20,35,20,1.7777777777777777,0.37760416666666663,0.49690399499995325,3.5555555555555554
882,18,29,22,1.7,0.4375,0.39999999999999997,3.2
883,19,34,21,1.736842105263158,0.39322916666666663,0.4823763889427201,3.3684210526315788
884,18,30,24,1.7,0.44791666666666663,0.39999999999999997,3.2
885,19,32,24,1.736842105263158,0.43229166666666663,0.48237638894272,3.3684210526315788
886,18,33,21,1.7,0.4010416666666667,0.39999999999999997,3.2
887,19,30,24,1.736842105263158,0.4427083333333333,0.48237638894272,3.3684210526315788
888,18,30,23,1.7,0.4375,0.39999999999999997,3.2
889,18,33,23,1.7,0.41666666666666663,0.39999999999999997,3.2
890,19,32,20,1.736842105263158,0.39583333333333337,0.48237638894272,3.3684210526315788
891,18,37,19,1.7,0.3515625,0.39999999999999997,3.2
892,19,38,20,1.7894736842105263,0.35677083333333337,0.4823763889427201,3.3684210526315788
893,18,30,22,1.7,0.4296875,0.39999999999999997,3.2
894,18,33,22,1.7,0.40625,0.39999999999999997,3.2
895,19,35,21,1.6842105263157894,0.3888888888888889,0.5668594533825794,3.3157894736842106
896,19,30,22,1.736842105263158,0.42447916666666663,0.48237638894272,3.3684210526315788
897,18,32,23,1.7,0.42187499999999994,0.39999999999999997,3.2
898,18,31,23,1.7,0.4296875,0.39999999999999997,3.2
899,19,33,22,1.6842105263157894,0.40476190476190477,0.5668594533825794,3.3157894736842106
900,18,33,22,1.7,0.4114583333333333,0.39999999999999997,3.2
901,18,34,23,1.7,0.4114583333333333,0.39999999999999997,3.2
902,19,31,23,1.736842105263158,0.4296875,0.4823763889427201,3.3684210526315788
903,19,31,25,1.736842105263158,0.44791666666666663,0.4823763889427201,3.3684210526315788
904,20,31,22,1.7777777777777777,0.41927083333333337,0.49690399499995325,3.5555555555555554
905,18,34,20,1.7,0.3828125,0.39999999999999997,3.2
906,18,35,21,1.7,0.38541666666666663,0.39999999999999997,3.2
907,18,32,23,1.7,0.42447916666666663,0.39999999999999997,3.2
908,19,31,22,1.736842105263158,0.42447916666666663,0.4823763889427201,3.3684210526315788
909,18,33,23,1.7,0.41666666666666663,0.39999999999999997,3.2
910,18,35,20,1.7,0.3802083333333333,0.39999999999999997,3.2
911,19,38,21,1.736842105263158,0.3671875,0.48237638894272,3.3684210526315788
912,19,32,23,1.736842105263158,0.421875,0.4823763889427201,3.3684210526315788
913,18,33,19,1.7,0.3828125,0.39999999999999997,3.2
914,19,40,19,1.736842105263158,0.3359375,0.4823763889427201,3.3684210526315788
915,18,32,24,1.7,0.43229166666666663,0.39999999999999997,3.2
916,19,31,24,1.736842105263158,0.44010416666666663,0.48237638894272,3.3684210526315788
917,18,36,20,1.7,0.36979166666666663,0.39999999999999997,3.2
918,19,33,19,1.736842105263158,0.3802083333333333,0.48237638894272,3.3684210526315788
919,18,34,23,1.7,0.40885416666666663,0.39999999999999997,3.2
920,18,33,23,1.7,0.41666666666666663,0.39999999999999997,3.2
921,18,31,24,1.7,0.44010416666666663,0.39999999999999997,3.2
922,18,33,23,1.7,0.41666666666666663,0.39999999999999997,3.2
923,18,31,22,1.7,0.421875,0.39999999999999997,3.2
924,19,33,21,1.736842105263158,0.3958333333333333,0.48237638894272,3.3684210526315788
925,18,37,21,1.7,0.3723958333333333,0.39999999999999997,3.2
926,19,34,22,1.736842105263158,0.4036458333333333,0.4823763889427201,3.3684210526315788
927,18,35,23,1.7,0.40104166666666663,0.39999999999999997,3.2
928,18,32,22,1.7,0.41145833333333337,0.39999999999999997,3.2
929,19,31,23,1.736842105263158,0.4296875,0.48237638894272,3.3684210526315788
930,18,34,22,1.7,0.40104166666666663,0.39999999999999997,3.2
931,18,33,22,1.7,0.40625,0.39999999999999997,3.2
932,18,32,23,1.7,0.421875,0.39999999999999997,3.2
933,19,39,18,1.736842105263158,0.3359375,0.4823763889427201,3.3684210526315788
934,19,31,24,1.736842105263158,0.4427083333333333,0.48237638894272,3.3684210526315788
935,19,29,25,1.736842105263158,0.4609375,0.4823763889427201,3.3684210526315788
936,19,32,21,1.736842105263158,0.40885416666666663,0.4823763889427201,3.3684210526315788
937,19,26,27,1.736842105263158,0.49739583333333326,0.4823763889427201,3.3684210526315788
938,18,30,23,1.7,0.4375,0.39999999999999997,3.2
939,18,32,21,1.7,0.40885416666666663,0.39999999999999997,3.2
940,18,32,23,1.7,0.421875,0.39999999999999997,3.2
941,19,31,24,1.736842105263158,0.4375,0.48237638894272,3.3684210526315788
942,19,34,23,1.736842105263158,0.40885416666666663,0.48237638894272,3.3684210526315788
943,18,36,17,1.7,0.3411458333333333,0.39999999999999997,3.2
944,18,33,23,1.7,0.4192708333333333,0.39999999999999997,3.2
945,18,31,24,1.7,0.44010416666666663,0.39999999999999997,3.2
946,18,35,21,1.7,0.38541666666666663,0.39999999999999997,3.2
947,18,32,22,1.7,0.41666666666666663,0.39999999999999997,3.2
948,19,34,19,1.736842105263158,0.375,0.4823763889427201,3.3684210526315788
949,18,32,23,1.7,0.42447916666666663,0.39999999999999997,3.2
950,19,30,24,1.736842105263158,0.4453125,0.4823763889427201,3.3684210526315788
951,19,30,24,1.736842105263158,0.44791666666666663,0.48237638894272,3.3684210526315788
952,18,32,24,1.7,0.43229166666666663,0.39999999999999997,3.2
953,18,37,21,1.7,0.375,0.39999999999999997,3.2
954,18,34,22,1.7,0.40104166666666663,0.39999999999999997,3.2
955,19,33,22,1.736842105263158,0.40625,0.4823763889427201,3.3684210526315788
956,19,30,22,1.736842105263158,0.42447916666666663,0.4823763889427201,3.3684210526315788
957,19,33,24,1.736842105263158,0.421875,0.4823763889427201,3.3684210526315788
958,18,33,23,1.75,0.421875,0.39999999999999997,3.2
959,18,32,23,1.7,0.42447916666666663,0.39999999999999997,3.2
960,18,32,23,1.65,0.42328042328042326,0.47696960070847283,3.15
961,18,37,18,1.7,0.34375,0.39999999999999997,3.2
962,19,30,25,1.736842105263158,0.453125,0.4823763889427201,3.3684210526315788
963,18,34,22,1.7,0.4036458333333333,0.39999999999999997,3.2
964,18,29,24,1.7,0.453125,0.39999999999999997,3.2
965,19,33,22,1.736842105263158,0.40885416666666663,0.48237638894272,3.3684210526315788
966,18,35,21,1.7,0.3880208333333333,0.39999999999999997,3.2
967,18,33,21,1.7,0.3958333333333333,0.39999999999999997,3.2
968,19,32,22,1.736842105263158,0.4140625,0.4823763889427201,3.3684210526315788
969,19,32,25,1.736842105263158,0.4427083333333333,0.48237638894272,3.3684210526315788
970,19,31,22,1.736842105263158,0.41927083333333337,0.4823763889427201,3.3684210526315788
971,20,37,20,1.7777777777777777,0.359375,0.49690399499995325,3.5555555555555554
972,18,31,22,1.7,0.41927083333333337,0.39999999999999997,3.2
973,19,30,24,1.736842105263158,0.4453125,0.48237638894272,3.3684210526315788
974,19,38,19,1.736842105263158,0.34375,0.4823763889427201,3.3684210526315788
975,18,30,25,1.7,0.45572916666666663,0.39999999999999997,3.2
976,18,35,21,1.7,0.38541666666666663,0.39999999999999997,3.2
977,18,31,23,1.7,0.4296875,0.39999999999999997,3.2
978,19,30,24,1.736842105263158,0.44791666666666663,0.4823763889427201,3.3684210526315788
979,18,34,23,1.7,0.40885416666666663,0.39999999999999997,3.2
980,19,29,24,1.736842105263158,0.4505208333333333,0.48237638894272,3.3684210526315788
981,18,33,23,1.7,0.41666666666666663,0.39999999999999997,3.2
982,18,32,24,1.7,0.43229166666666663,0.39999999999999997,3.2
983,19,32,24,1.736842105263158,0.43229166666666663,0.48237638894272,3.3684210526315788
984,19,33,24,1.736842105263158,0.42447916666666663,0.4823763889427201,3.3684210526315788
985,19,31,23,1.736842105263158,0.4296875,0.48237638894272,3.3684210526315788
986,18,32,24,1.7,0.43229166666666663,0.39999999999999997,3.2
987,19,31,24,1.736842105263158,0.4375,0.4823763889427201,3.3684210526315788
988,18,34,21,1.7,0.390625,0.39999999999999997,3.2
989,18,35,22,1.7,0.39322916666666663,0.39999999999999997,3.2
990,18,31,24,1.7,0.44010416666666663,0.39999999999999997,3.2
991,18,33,24,1.7,0.42447916666666663,0.39999999999999997,3.2
992,19,32,25,1.736842105263158,0.44010416666666663,0.4823763889427201,3.3684210526315788
993,19,30,24,1.736842105263158,0.44791666666666663,0.48237638894272,3.3684210526315788
994,18,32,22,1.7,0.4088541666666667,0.39999999999999997,3.2
995,19,31,24,1.736842105263158,0.4375,0.48237638894272,3.3684210526315788
996,19,29,25,1.736842105263158,0.4609375,0.48237638894272,3.3684210526315788
997,18,33,23,1.7,0.41666666666666663,0.39999999999999997,3.2
998,19,34,21,1.736842105263158,0.390625,0.4823763889427201,3.3684210526315788
999,18,33,21,1.7,0.3984375,0.39999999999999997,3.2
1000,18,30,24,1.7,0.44791666666666663,0.39999999999999997,3.2
1001,18,37,20,1.7,0.3619791666666667,0.39999999999999997,3.2
1002,19,34,23,1.736842105263158,0.40885416666666663,0.48237638894272,3.3684210526315788
1003,18,34,23,1.7,0.40885416666666663,0.39999999999999997,3.2
1004,18,34,23,1.7,0.40885416666666663,0.39999999999999997,3.2
1005,18,35,21,1.7,0.38541666666666663,0.39999999999999997,3.2
1006,18,32,22,1.7,0.4140625,0.39999999999999997,3.2
1007,19,30,25,1.736842105263158,0.4583333333333333,0.4823763889427201,3.3684210526315788
1008,18,31,23,1.7,0.43229166666666663,0.39999999999999997,3.2
1009,18,34,20,1.7,0.38020833333333337,0.39999999999999997,3.2
1010,18,30,23,1.7,0.44010416666666663,0.39999999999999997,3.2
1011,18,38,20,1.7,0.3567708333333333,0.39999999999999997,3.2
1012,19,33,23,1.736842105263158,0.4140625,0.4823763889427201,3.3684210526315788
1013,19,32,22,1.736842105263158,0.41145833333333337,0.4823763889427201,3.3684210526315788
1014,18,28,24,1.7,0.4609375,0.39999999999999997,3.2
1015,19,32,22,1.736842105263158,0.41666666666666663,0.4823763889427201,3.3684210526315788
1016,18,33,23,1.7,0.41666666666666663,0.39999999999999997,3.2
1017,18,31,23,1.7,0.43229166666666663,0.39999999999999997,3.2
1018,18,31,23,1.7,0.4270833333333333,0.39999999999999997,3.2
1019,18,34,22,1.7,0.40104166666666663,0.39999999999999997,3.2
1020,18,31,22,1.7,0.41666666666666663,0.39999999999999997,3.2
1021,18,28,23,1.7,0.44791666666666663,0.39999999999999997,3.2
1022,18,33,23,1.7,0.41666666666666663,0.39999999999999997,3.2
1023,18,33,23,1.7,0.41666666666666663,0.39999999999999997,3.2
1024,18,33,23,1.7,0.41666666666666663,0.39999999999999997,3.2
1025,19,31,23,1.736842105263158,0.4270833333333333,0.48237638894272,3.3684210526315788
1026,18,29,25,1.7,0.46354166666666663,0.39999999999999997,3.2
1027,18,34,20,1.7,0.3828125,0.39999999999999997,3.2
1028,18,36,21,1.75,0.3776041666666667,0.39999999999999997,3.2
1029,18,34,20,1.7,0.3828125,0.39999999999999997,3.2
1030,18,31,23,1.7,0.4296875,0.39999999999999997,3.2
1031,19,35,22,1.736842105263158,0.390625,0.4823763889427201,3.3684210526315788
1032,18,34,24,1.7,0.4192708333333333,0.39999999999999997,3.2
1033,19,31,24,1.736842105263158,0.44010416666666663,0.4823763889427201,3.3684210526315788
1034,18,31,23,1.7,0.4296875,0.39999999999999997,3.2
1035,18,34,22,1.7,0.40104166666666663,0.39999999999999997,3.2
1036,19,35,18,1.736842105263158,0.3541666666666667,0.4823763889427201,3.3684210526315788
1037,18,32,23,1.7,0.42447916666666663,0.39999999999999997,3.2
1038,18,30,24,1.7,0.4427083333333333,0.39999999999999997,3.2
1039,19,32,22,1.736842105263158,0.4140625,0.4823763889427201,3.3684210526315788
1040,18,30,21,1.65,0.42063492063492064,0.47696960070847283,3.15
1041,18,29,25,1.7,0.45833333333333337,0.39999999999999997,3.2
1042,18,33,22,1.7,0.40885416666666663,0.39999999999999997,3.2
1043,19,31,23,1.736842105263158,0.4296875,0.4823763889427201,3.3684210526315788
1044,18,33,22,1.7,0.40885416666666663,0.39999999999999997,3.2
1045,19,28,24,1.736842105263158,0.4557291666666667,0.4823763889427201,3.3684210526315788
1046,18,32,24,1.7,0.43229166666666663,0.39999999999999997,3.2
1047,18,32,23,1.7,0.42447916666666663,0.39999999999999997,3.2
1048,19,31,24,1.736842105263158,0.44010416666666663,0.48237638894272,3.3684210526315788
1049,19,32,22,1.736842105263158,0.40885416666666663,0.4823763889427201,3.3684210526315788
1050,18,33,23,1.7,0.41666666666666663,0.39999999999999997,3.2
1051,19,28,25,1.736842105263158,0.47135416666666663,0.4823763889427201,3.3684210526315788
1052,19,30,25,1.736842105263158,0.453125,0.48237638894272,3.3684210526315788
1053,18,29,25,1.7,0.4609375,0.39999999999999997,3.2
1054,19,30,26,1.736842105263158,0.4661458333333333,0.4823763889427201,3.3684210526315788
1055,18,28,23,1.7,0.4505208333333333,0.39999999999999997,3.2
1056,18,30,23,1.7,0.44010416666666663,0.39999999999999997,3.2
1057,19,28,25,1.736842105263158,0.46614583333333337,0.4823763889427201,3.3684210526315788
1058,19,30,23,1.736842105263158,0.4348958333333333,0.4823763889427201,3.3684210526315788
1059,19,32,23,1.736842105263158,0.42447916666666663,0.4823763889427201,3.3684210526315788
1060,18,34,22,1.7,0.4010416666666667,0.39999999999999997,3.2
1061,20,40,19,1.7777777777777777,0.3333333333333333,0.49690399499995325,3.5555555555555554
1062,18,32,23,1.7,0.42447916666666663,0.39999999999999997,3.2
1063,19,35,22,1.736842105263158,0.3958333333333333,0.48237638894272,3.3684210526315788
1064,18,33,23,1.7,0.41666666666666663,0.39999999999999997,3.2
1065,18,31,24,1.7,0.4427083333333333,0.39999999999999997,3.2
1066,18,33,24,1.7,0.42447916666666663,0.39999999999999997,3.2
1067,18,30,23,1.7,0.44010416666666663,0.39999999999999997,3.2
1068,18,31,23,1.7,0.4296875,0.39999999999999997,3.2
1069,19,32,24,1.736842105263158,0.42708333333333337,0.4823763889427201,3.3684210526315788
1070,18,33,23,1.7,0.41666666666666663,0.39999999999999997,3.2
1071,19,31,25,1.736842105263158,0.44791666666666663,0.48237638894272,3.3684210526315788
1072,18,30,24,1.7,0.44010416666666663,0.39999999999999997,3.2
1073,18,31,23,1.7,0.42708333333333337,0.39999999999999997,3.2
1074,19,33,23,1.736842105263158,0.4192708333333333,0.48237638894272,3.3684210526315788
1075,18,33,22,1.7,0.40885416666666663,0.39999999999999997,3.2
1076,18,30,23,1.7,0.44010416666666663,0.39999999999999997,3.2
1077,19,30,25,1.736842105263158,0.45572916666666663,0.48237638894272,3.3684210526315788
1078,18,35,21,1.7,0.3880208333333333,0.39999999999999997,3.2
1079,19,29,24,1.736842105263158,0.453125,0.4823763889427201,3.3684210526315788
1080,18,31,25,1.7,0.44791666666666663,0.39999999999999997,3.2
1081,18,31,24,1.7,0.44010416666666663,0.39999999999999997,3.2
1082,18,30,24,1.7,0.4453125,0.39999999999999997,3.2
1083,18,31,23,1.7,0.4296875,0.39999999999999997,3.2
1084,18,35,21,1.7,0.3828125,0.39999999999999997,3.2
1085,19,26,26,1.736842105263158,0.48958333333333337,0.48237638894272,3.3684210526315788
1086,19,29,25,1.736842105263158,0.46354166666666663,0.4823763889427201,3.3684210526315788
1087,18,32,22,1.7,0.4140625,0.39999999999999997,3.2
1088,19,32,23,1.736842105263158,0.42447916666666663,0.4823763889427201,3.3684210526315788
1089,18,31,23,1.7,0.4296875,0.39999999999999997,3.2
1090,18,27,23,1.7,0.45572916666666663,0.39999999999999997,3.2
1091,19,36,22,1.736842105263158,0.3880208333333333,0.48237638894272,3.3684210526315788
1092,18,34,23,1.7,0.40885416666666663,0.39999999999999997,3.2
1093,18,32,23,1.7,0.421875,0.39999999999999997,3.2
1094,18,30,23,1.7,0.4375,0.39999999999999997,3.2
1095,18,31,25,1.7,0.44791666666666663,0.39999999999999997,3.2
1096,18,31,23,1.7,0.43229166666666663,0.39999999999999997,3.2
1097,18,29,24,1.7,0.453125,0.39999999999999997,3.2
1098,18,33,23,1.7,0.41666666666666663,0.39999999999999997,3.2
1099,19,30,26,1.736842105263158,0.46354166666666663,0.48237638894272,3.3684210526315788
1100,19,32,23,1.736842105263158,0.4270833333333333,0.4823763889427201,3.3684210526315788
1101,18,30,24,1.7,0.44791666666666663,0.39999999999999997,3.2
1102,19,28,25,1.736842105263158,0.46875,0.4823763889427201,3.3684210526315788
1103,18,31,24,1.7,0.44010416666666663,0.39999999999999997,3.2
1104,18,32,23,1.7,0.421875,0.39999999999999997,3.2
1105,19,27,27,1.736842105263158,0.49479166666666663,0.4823763889427201,3.3684210526315788
1106,19,37,21,1.7894736842105263,0.3697916666666667,0.48237638894272,3.3684210526315788
1107,19,29,23,1.736842105263158,0.4453125,0.4823763889427201,3.3684210526315788
1108,18,32,24,1.7,0.43229166666666663,0.39999999999999997,3.2
1109,18,30,24,1.7,0.4453125,0.39999999999999997,3.2
1110,18,37,20,1.7,0.3645833333333333,0.39999999999999997,3.2
1111,19,31,25,1.736842105263158,0.44791666666666663,0.48237638894272,3.3684210526315788
1112,18,33,23,1.7,0.41666666666666663,0.39999999999999997,3.2
1113,19,32,22,1.736842105263158,0.41145833333333337,0.4823763889427201,3.3684210526315788
1114,18,32,24,1.7,0.43229166666666663,0.39999999999999997,3.2
1115,19,27,25,1.736842105263158,0.4739583333333333,0.4823763889427201,3.3684210526315788
1116,18,32,24,1.7,0.43229166666666663,0.39999999999999997,3.2
1117,18,31,24,1.7,0.4375,0.39999999999999997,3.2
1118,18,31,23,1.7,0.43229166666666663,0.39999999999999997,3.2
1119,18,29,23,1.7,0.4427083333333333,0.39999999999999997,3.2
1120,19,33,21,1.736842105263158,0.3958333333333333,0.4823763889427201,3.3684210526315788
1121,18,33,24,1.7,0.42447916666666663,0.39999999999999997,3.2
1122,18,31,23,1.7,0.4296875,0.39999999999999997,3.2
1123,18,30,24,1.7,0.44791666666666663,0.39999999999999997,3.2
1124,19,32,23,1.736842105263158,0.42447916666666663,0.4823763889427201,3.3684210526315788
1125,18,30,24,1.7,0.4453125,0.39999999999999997,3.2
1126,19,32,23,1.736842105263158,0.421875,0.4823763889427201,3.3684210526315788
1127,19,32,24,1.736842105263158,0.4348958333333333,0.4823763889427201,3.3684210526315788
1128,18,29,25,1.7,0.4609375,0.39999999999999997,3.2
1129,18,32,22,1.7,0.41145833333333337,0.39999999999999997,3.2
1130,18,30,24,1.7,0.4453125,0.39999999999999997,3.2
1131,18,35,21,1.7,0.3828125,0.39999999999999997,3.2
1132,18,30,24,1.7,0.44791666666666663,0.39999999999999997,3.2
1133,18,31,23,1.7,0.4296875,0.39999999999999997,3.2
1134,18,30,24,1.7,0.44791666666666663,0.39999999999999997,3.2
1135,18,38,19,1.75,0.34895833333333337,0.39999999999999997,3.2
1136,19,30,25,1.736842105263158,0.45572916666666663,0.4823763889427201,3.3684210526315788
1137,18,30,25,1.7,0.453125,0.39999999999999997,3.2
1138,19,35,17,1.736842105263158,0.3515625,0.4823763889427201,3.3684210526315788
1139,18,29,23,1.7,0.4453125,0.39999999999999997,3.2
1140,19,31,25,1.736842105263158,0.44791666666666663,0.4823763889427201,3.3684210526315788
1141,19,34,21,1.736842105263158,0.390625,0.4823763889427201,3.3684210526315788
1142,18,31,25,1.7,0.4479166666666667,0.39999999999999997,3.2
1143,18,32,24,1.7,0.43229166666666663,0.39999999999999997,3.2
1144,19,30,25,1.736842105263158,0.453125,0.4823763889427201,3.3684210526315788
1145,18,32,23,1.7,0.42447916666666663,0.39999999999999997,3.2
1146,18,32,24,1.7,0.43229166666666663,0.39999999999999997,3.2
1147,18,32,23,1.7,0.42447916666666663,0.39999999999999997,3.2
1148,18,33,23,1.7,0.41666666666666663,0.39999999999999997,3.2
1149,18,29,25,1.7,0.46354166666666663,0.39999999999999997,3.2
1150,18,30,24,1.7,0.44791666666666663,0.39999999999999997,3.2
1151,18,30,24,1.7,0.44791666666666663,0.39999999999999997,3.2
1152,18,33,22,1.7,0.40625,0.39999999999999997,3.2
1153,19,28,26,1.736842105263158,0.4765625,0.4823763889427201,3.3684210526315788
1154,18,33,23,1.7,0.41666666666666663,0.39999999999999997,3.2
1155,18,31,24,1.7,0.44010416666666663,0.39999999999999997,3.2
1156,18,30,23,1.7,0.4375,0.39999999999999997,3.2
1157,19,31,23,1.736842105263158,0.42708333333333337,0.4823763889427201,3.3684210526315788
1158,18,33,23,1.7,0.41666666666666663,0.39999999999999997,3.2
1159,18,28,24,1.7,0.4583333333333333,0.39999999999999997,3.2
1160,18,31,24,1.7,0.44010416666666663,0.39999999999999997,3.2
1161,18,32,23,1.7,0.421875,0.39999999999999997,3.2
1162,18,30,24,1.7,0.44791666666666663,0.39999999999999997,3.2
1163,18,34,20,1.7,0.38020833333333337,0.39999999999999997,3.2
1164,18,30,25,1.7,0.453125,0.39999999999999997,3.2
1165,18,33,23,1.7,0.41666666666666663,0.39999999999999997,3.2
1166,18,30,23,1.7,0.4348958333333333,0.39999999999999997,3.2
1167,18,30,24,1.7,0.4453125,0.39999999999999997,3.2
1168,18,31,24,1.7,0.44010416666666663,0.39999999999999997,3.2
1169,18,29,25,1.7,0.46354166666666663,0.39999999999999997,3.2
1170,18,30,24,1.7,0.44791666666666663,0.39999999999999997,3.2
1171,18,33,23,1.7,0.41666666666666663,0.39999999999999997,3.2
1172,18,31,23,1.7,0.4296875,0.39999999999999997,3.2
1173,18,31,24,1.7,0.44010416666666663,0.39999999999999997,3.2
1174,18,33,22,1.7,0.40625,0.39999999999999997,3.2
1175,18,33,23,1.7,0.41666666666666663,0.39999999999999997,3.2
1176,18,38,19,1.7,0.34635416666666663,0.39999999999999997,3.2
1177,18,31,23,1.7,0.42708333333333337,0.39999999999999997,3.2
1178,19,33,23,1.736842105263158,0.4192708333333333,0.4823763889427201,3.3684210526315788
1179,19,32,24,1.736842105263158,0.43229166666666663,0.4823763889427201,3.3684210526315788
1180,18,32,22,1.7,0.41666666666666663,0.39999999999999997,3.2
1181,19,30,24,1.736842105263158,0.4453125,0.4823763889427201,3.3684210526315788
1182,18,33,22,1.7,0.40885416666666663,0.39999999999999997,3.2
1183,18,30,24,1.7,0.4453125,0.39999999999999997,3.2
1184,18,31,22,1.7,0.421875,0.39999999999999997,3.2
1185,19,33,22,1.736842105263158,0.40625,0.4823763889427201,3.3684210526315788
1186,18,30,24,1.7,0.4427083333333333,0.39999999999999997,3.2
1187,18,29,23,1.65,0.43915343915343913,0.47696960070847283,3.15
1188,18,30,21,1.7,0.4140625,0.39999999999999997,3.2
1189,19,29,25,1.736842105263158,0.4609375,0.4823763889427201,3.3684210526315788
1190,18,30,24,1.7,0.4453125,0.39999999999999997,3.2
1191,18,31,24,1.7,0.4375,0.39999999999999997,3.2
1192,18,31,25,1.7,0.44791666666666663,0.39999999999999997,3.2
1193,19,29,23,1.736842105263158,0.4427083333333333,0.4823763889427201,3.3684210526315788
1194,18,31,24,1.7,0.44010416666666663,0.39999999999999997,3.2
1195,19,30,24,1.736842105263158,0.4453125,0.48237638894272,3.3684210526315788
1196,18,30,24,1.7,0.4453125,0.39999999999999997,3.2
1197,18,34,22,1.7,0.40104166666666663,0.39999999999999997,3.2
1198,18,30,24,1.7,0.44791666666666663,0.39999999999999997,3.2
1199,18,32,23,1.7,0.42447916666666663,0.39999999999999997,3.2
1200,18,30,24,1.7,0.44791666666666663,0.39999999999999997,3.2
1201,18,30,24,1.7,0.4453125,0.39999999999999997,3.2
1202,19,33,20,1.736842105263158,0.3854166666666667,0.4823763889427201,3.3684210526315788
1203,18,32,22,1.7,0.4114583333333333,0.39999999999999997,3.2
1204,19,37,19,1.736842105263158,0.3515625,0.4823763889427201,3.3684210526315788
1205,19,26,24,1.736842105263158,0.47395833333333337,0.4823763889427201,3.3684210526315788
1206,18,31,24,1.7,0.44010416666666663,0.39999999999999997,3.2
1207,18,32,22,1.7,0.4114583333333333,0.39999999999999997,3.2
1208,18,30,24,1.7,0.44791666666666663,0.39999999999999997,3.2
1209,18,33,21,1.7,0.39583333333333337,0.39999999999999997,3.2
1210,18,31,21,1.7,0.41145833333333337,0.39999999999999997,3.2
1211,18,28,24,1.7,0.4609375,0.39999999999999997,3.2
1212,18,32,21,1.7,0.40625,0.39999999999999997,3.2
1213,18,30,23,1.7,0.43489583333333337,0.39999999999999997,3.2
1214,19,37,20,1.736842105263158,0.3645833333333333,0.4823763889427201,3.3684210526315788
1215,18,33,22,1.7,0.40364583333333337,0.39999999999999997,3.2
1216,18,31,23,1.7,0.4296875,0.39999999999999997,3.2
1217,19,32,23,1.736842105263158,0.42447916666666663,0.4823763889427201,3.3684210526315788
1218,18,31,21,1.7,0.41145833333333337,0.39999999999999997,3.2
1219,18,29,25,1.7,0.4609375,0.39999999999999997,3.2
1220,18,37,20,1.7,0.3645833333333333,0.39999999999999997,3.2
1221,18,32,20,1.7,0.3932291666666667,0.39999999999999997,3.2
1222,18,31,24,1.7,0.4375,0.39999999999999997,3.2
1223,19,36,19,1.736842105263158,0.359375,0.4823763889427201,3.3684210526315788
1224,19,33,21,1.736842105263158,0.3958333333333333,0.48237638894272,3.3684210526315788
1225,18,29,24,1.7,0.453125,0.39999999999999997,3.2
1226,18,31,22,1.7,0.4192708333333333,0.39999999999999997,3.2
1227,18,30,24,1.7,0.4453125,0.39999999999999997,3.2
1228,18,34,22,1.7,0.4036458333333333,0.39999999999999997,3.2
1229,19,29,24,1.736842105263158,0.4505208333333333,0.4823763889427201,3.3684210526315788
1230,18,32,21,1.7,0.40625,0.39999999999999997,3.2
1231,18,31,24,1.7,0.44010416666666663,0.39999999999999997,3.2
1232,18,33,21,1.7,0.39322916666666663,0.39999999999999997,3.2
1233,19,36,21,1.736842105263158,0.3802083333333333,0.4823763889427201,3.3684210526315788
1234,18,32,21,1.7,0.40625,0.39999999999999997,3.2
1235,18,31,24,1.7,0.4375,0.39999999999999997,3.2
1236,18,31,24,1.7,0.44010416666666663,0.39999999999999997,3.2
1237,18,29,23,1.7,0.44270833333333337,0.39999999999999997,3.2
1238,19,27,26,1.736842105263158,0.484375,0.4823763889427201,3.3684210526315788
1239,18,33,20,1.7,0.390625,0.39999999999999997,3.2
1240,18,30,23,1.7,0.4375,0.39999999999999997,3.2
1241,18,29,21,1.7,0.42708333333333337,0.39999999999999997,3.2
1242,18,33,23,1.7,0.41666666666666663,0.39999999999999997,3.2
1243,19,29,23,1.736842105263158,0.4375,0.48237638894272,3.3684210526315788
1244,18,30,23,1.65,0.4365079365079365,0.47696960070847283,3.15
1245,18,33,21,1.7,0.39583333333333337,0.39999999999999997,3.2
1246,18,32,22,1.7,0.4140625,0.39999999999999997,3.2
1247,18,31,22,1.7,0.421875,0.39999999999999997,3.2
1248,18,32,22,1.7,0.41666666666666663,0.39999999999999997,3.2
1249,18,30,22,1.7,0.42708333333333337,0.39999999999999997,3.2
1250,18,32,21,1.7,0.40104166666666663,0.39999999999999997,3.2
1251,18,29,24,1.7,0.453125,0.39999999999999997,3.2
1252,18,29,22,1.7,0.43489583333333337,0.39999999999999997,3.2
1253,18,31,21,1.7,0.41145833333333337,0.39999999999999997,3.2
1254,19,28,25,1.736842105263158,0.46354166666666663,0.4823763889427201,3.3684210526315788
1255,18,33,21,1.7,0.3984375,0.39999999999999997,3.2
1256,18,35,21,1.7,0.38541666666666663,0.39999999999999997,3.2
1257,18,32,22,1.7,0.4140625,0.39999999999999997,3.2
1258,18,31,22,1.7,0.421875,0.39999999999999997,3.2
1259,19,32,20,1.736842105263158,0.39583333333333337,0.4823763889427201,3.3684210526315788
1260,19,32,22,1.736842105263158,0.4114583333333333,0.4823763889427201,3.3684210526315788
1261,18,31,23,1.7,0.42708333333333337,0.39999999999999997,3.2
1262,18,32,21,1.7,0.40625,0.39999999999999997,3.2
1263,19,31,22,1.736842105263158,0.4192708333333333,0.4823763889427201,3.3684210526315788
1264,18,32,21,1.7,0.40364583333333337,0.39999999999999997,3.2
1265,19,33,21,1.736842105263158,0.39583333333333337,0.4823763889427201,3.3684210526315788
1266,19,29,23,1.736842105263158,0.44010416666666663,0.4823763889427201,3.3684210526315788
1267,18,29,22,1.7,0.4322916666666667,0.39999999999999997,3.2
1268,18,31,24,1.7,0.4375,0.39999999999999997,3.2
1269,18,32,21,1.7,0.40625,0.39999999999999997,3.2
1270,18,29,22,1.7,0.4375,0.39999999999999997,3.2
1271,18,30,22,1.7,0.42447916666666663,0.39999999999999997,3.2
1272,19,29,23,1.736842105263158,0.44010416666666663,0.4823763889427201,3.3684210526315788
1273,18,31,23,1.7,0.4244791666666667,0.39999999999999997,3.2
1274,18,31,21,1.7,0.41145833333333337,0.39999999999999997,3.2
1275,18,31,22,1.7,0.421875,0.39999999999999997,3.2
1276,19,32,23,1.736842105263158,0.421875,0.48237638894272,3.3684210526315788
1277,19,32,21,1.736842105263158,0.4036458333333333,0.48237638894272,3.3684210526315788
1278,19,30,23,1.736842105263158,0.43229166666666663,0.4823763889427201,3.3684210526315788
1279,18,32,22,1.7,0.4140625,0.39999999999999997,3.2
1280,18,35,19,1.7,0.3671875,0.39999999999999997,3.2
1281,18,33,21,1.7,0.39583333333333337,0.39999999999999997,3.2
1282,18,28,22,1.7,0.4401041666666667,0.39999999999999997,3.2
1283,19,32,22,1.736842105263158,0.41145833333333337,0.4823763889427201,3.3684210526315788
1284,18,30,21,1.7,0.421875,0.39999999999999997,3.2
1285,18,34,21,1.7,0.38802083333333337,0.39999999999999997,3.2
1286,18,32,22,1.7,0.4140625,0.39999999999999997,3.2
1287,18,31,23,1.7,0.42708333333333337,0.39999999999999997,3.2
1288,18,34,20,1.7,0.38020833333333337,0.39999999999999997,3.2
1289,18,34,22,1.7,0.3984375,0.39999999999999997,3.2
1290,18,30,22,1.7,0.42708333333333337,0.39999999999999997,3.2
1291,18,32,21,1.7,0.40625,0.39999999999999997,3.2
1292,18,30,24,1.7,0.44270833333333337,0.39999999999999997,3.2
1293,18,31,22,1.7,0.421875,0.39999999999999997,3.2
1294,18,31,23,1.7,0.4296875,0.39999999999999997,3.2
1295,19,35,19,1.736842105263158,0.3619791666666667,0.4823763889427201,3.3684210526315788
1296,18,30,22,1.7,0.42708333333333337,0.39999999999999997,3.2
1297,18,34,22,1.7,0.3984375,0.39999999999999997,3.2
1298,19,29,22,1.736842105263158,0.4348958333333333,0.4823763889427201,3.3684210526315788
1299,19,31,23,1.736842105263158,0.4270833333333333,0.4823763889427201,3.3684210526315788
1300,18,31,22,1.7,0.41666666666666663,0.39999999999999997,3.2
1301,18,31,22,1.7,0.421875,0.39999999999999997,3.2
1302,18,32,22,1.7,0.4140625,0.39999999999999997,3.2
1303,18,37,20,1.7,0.359375,0.39999999999999997,3.2
1304,18,37,20,1.7,0.3645833333333333,0.39999999999999997,3.2
1305,19,28,22,1.736842105263158,0.44010416666666663,0.4823763889427201,3.3684210526315788
1306,18,34,21,1.7,0.38802083333333337,0.39999999999999997,3.2
1307,19,29,20,1.736842105263158,0.41666666666666663,0.4823763889427201,3.3684210526315788
1308,19,28,24,1.736842105263158,0.45572916666666663,0.4823763889427201,3.3684210526315788
1309,18,31,23,1.7,0.42708333333333337,0.39999999999999997,3.2
1310,18,28,23,1.7,0.4505208333333333,0.39999999999999997,3.2
1311,18,30,21,1.7,0.41927083333333337,0.39999999999999997,3.2
1312,19,33,25,1.736842105263158,0.43229166666666663,0.4823763889427201,3.3684210526315788
1313,19,31,24,1.736842105263158,0.4375,0.4823763889427201,3.3684210526315788
1314,19,31,23,1.736842105263158,0.42708333333333337,0.4823763889427201,3.3684210526315788
1315,18,33,20,1.7,0.38802083333333337,0.39999999999999997,3.2
1316,18,29,22,1.7,0.4296875,0.39999999999999997,3.2
1317,19,36,17,1.736842105263158,0.34114583333333337,0.4823763889427201,3.3684210526315788
1318,18,30,23,1.7,0.4322916666666667,0.39999999999999997,3.2
1319,18,30,23,1.7,0.43489583333333337,0.39999999999999997,3.2
1320,18,30,22,1.7,0.4296875,0.39999999999999997,3.2
1321,18,31,22,1.7,0.421875,0.39999999999999997,3.2
1322,18,33,23,1.7,0.4140625,0.39999999999999997,3.2
1323,18,34,22,1.7,0.39583333333333337,0.39999999999999997,3.2
1324,18,30,24,1.65,0.44708994708994704,0.47696960070847283,3.15
1325,18,29,25,1.7,0.46354166666666663,0.39999999999999997,3.2
1326,18,31,22,1.7,0.41666666666666663,0.39999999999999997,3.2
1327,18,30,23,1.7,0.43489583333333337,0.39999999999999997,3.2
1328,18,31,24,1.7,0.44010416666666663,0.39999999999999997,3.2
1329,18,33,21,1.7,0.3984375,0.39999999999999997,3.2
1330,19,37,20,1.736842105263158,0.359375,0.4823763889427201,3.3684210526315788
1331,18,32,23,1.7,0.42447916666666663,0.39999999999999997,3.2
1332,18,32,23,1.7,0.41927083333333337,0.39999999999999997,3.2
1333,19,32,23,1.736842105263158,0.421875,0.4823763889427201,3.3684210526315788
1334,19,29,24,1.736842105263158,0.45572916666666663,0.48237638894272,3.3684210526315788
1335,18,28,23,1.7,0.4453125,0.39999999999999997,3.2
1336,18,31,22,1.7,0.421875,0.39999999999999997,3.2
1337,19,31,22,1.736842105263158,0.41666666666666663,0.4823763889427201,3.3684210526315788
1338,18,32,22,1.7,0.4140625,0.39999999999999997,3.2
1339,18,32,22,1.7,0.4140625,0.39999999999999997,3.2
1340,18,31,22,1.7,0.421875,0.39999999999999997,3.2
1341,18,31,22,1.7,0.421875,0.39999999999999997,3.2
1342,18,31,23,1.7,0.4270833333333333,0.39999999999999997,3.2
1343,19,30,23,1.736842105263158,0.43229166666666663,0.4823763889427201,3.3684210526315788
1344,18,32,22,1.7,0.4140625,0.39999999999999997,3.2
1345,18,29,23,1.7,0.44270833333333337,0.39999999999999997,3.2
1346,18,32,22,1.7,0.41145833333333337,0.39999999999999997,3.2
1347,18,32,23,1.7,0.42447916666666663,0.39999999999999997,3.2
1348,18,32,22,1.7,0.4140625,0.39999999999999997,3.2
1349,18,36,20,1.7,0.36458333333333337,0.39999999999999997,3.2
1350,18,29,23,1.7,0.4453125,0.39999999999999997,3.2
1351,18,31,23,1.7,0.43229166666666663,0.39999999999999997,3.2
1352,18,30,22,1.7,0.4296875,0.39999999999999997,3.2
1353,19,29,25,1.736842105263158,0.4609375,0.4823763889427201,3.3684210526315788
1354,18,29,22,1.7,0.4375,0.39999999999999997,3.2
1355,18,27,24,1.7,0.46614583333333337,0.39999999999999997,3.2
1356,19,36,21,1.736842105263158,0.3776041666666667,0.4823763889427201,3.3684210526315788
1357,19,29,23,1.736842105263158,0.4453125,0.4823763889427201,3.3684210526315788
1358,18,33,20,1.7,0.38541666666666663,0.39999999999999997,3.2
1359,18,32,22,1.7,0.4140625,0.39999999999999997,3.2
1360,18,28,23,1.7,0.45052083333333337,0.39999999999999997,3.2
1361,18,32,22,1.7,0.4140625,0.39999999999999997,3.2
1362,18,30,23,1.7,0.43489583333333337,0.39999999999999997,3.2
1363,19,33,22,1.736842105263158,0.40364583333333337,0.4823763889427201,3.3684210526315788
1364,18,30,22,1.7,0.4296875,0.39999999999999997,3.2
1365,19,29,22,1.736842105263158,0.43489583333333337,0.4823763889427201,3.3684210526315788
1366,18,32,22,1.7,0.41145833333333337,0.39999999999999997,3.2
1367,18,39,17,1.7,0.3203125,0.39999999999999997,3.2
1368,18,30,22,1.7,0.4296875,0.39999999999999997,3.2
1369,18,32,22,1.7,0.4140625,0.39999999999999997,3.2
1370,18,31,22,1.7,0.421875,0.39999999999999997,3.2
1371,18,29,23,1.7,0.4453125,0.39999999999999997,3.2
1372,18,33,20,1.7,0.38802083333333337,0.39999999999999997,3.2
1373,18,31,23,1.7,0.42708333333333337,0.39999999999999997,3.2
1374,18,28,23,1.7,0.45052083333333337,0.39999999999999997,3.2
1375,18,28,23,1.7,0.45052083333333337,0.39999999999999997,3.2
1376,18,38,20,1.7,0.35416666666666663,0.39999999999999997,3.2
1377,19,32,21,1.736842105263158,0.4010416666666667,0.4823763889427201,3.3684210526315788
1378,18,38,17,1.75,0.33072916666666663,0.39999999999999997,3.2
1379,18,32,23,1.7,0.42447916666666663,0.39999999999999997,3.2
1380,18,32,22,1.7,0.4140625,0.39999999999999997,3.2
1381,18,32,23,1.7,0.42447916666666663,0.39999999999999997,3.2
1382,19,35,18,1.736842105263158,0.359375,0.4823763889427201,3.3684210526315788
1383,18,29,23,1.7,0.4375,0.39999999999999997,3.2
1384,18,36,18,1.75,0.3515625,0.39999999999999997,3.2
1385,18,27,23,1.7,0.4557291666666667,0.39999999999999997,3.2
1386,18,32,22,1.7,0.4140625,0.39999999999999997,3.2
1387,18,33,22,1.7,0.40885416666666663,0.39999999999999997,3.2
1388,19,29,25,1.736842105263158,0.45833333333333337,0.4823763889427201,3.3684210526315788
1389,18,34,21,1.7,0.3880208333333333,0.39999999999999997,3.2
1390,18,33,22,1.7,0.40625,0.39999999999999997,3.2
1391,19,26,24,1.736842105263158,0.47135416666666663,0.4823763889427201,3.3684210526315788
1392,18,31,22,1.7,0.4166666666666667,0.39999999999999997,3.2
1393,19,29,23,1.736842105263158,0.44010416666666663,0.4823763889427201,3.3684210526315788
1394,18,35,21,1.7,0.38541666666666663,0.39999999999999997,3.2
1395,18,31,23,1.7,0.42708333333333337,0.39999999999999997,3.2
1396,18,28,23,1.7,0.45052083333333337,0.39999999999999997,3.2
1397,19,31,24,1.736842105263158,0.43229166666666663,0.4823763889427201,3.3684210526315788
1398,18,31,23,1.7,0.42708333333333337,0.39999999999999997,3.2
1399,18,31,23,1.7,0.42708333333333337,0.39999999999999997,3.2
1400,18,33,24,1.7,0.421875,0.39999999999999997,3.2
1401,18,31,23,1.7,0.4296875,0.39999999999999997,3.2
1402,18,35,21,1.7,0.3828125,0.39999999999999997,3.2
1403,19,29,25,1.736842105263158,0.4609375,0.4823763889427201,3.3684210526315788
1404,18,30,23,1.7,0.4375,0.39999999999999997,3.2
1405,19,27,24,1.736842105263158,0.46354166666666663,0.4823763889427201,3.3684210526315788
1406,18,34,20,1.7,0.3828125,0.39999999999999997,3.2
1407,19,27,24,1.736842105263158,0.46875,0.4823763889427201,3.3684210526315788
1408,18,29,22,1.7,0.4375,0.39999999999999997,3.2
1409,18,32,22,1.7,0.41145833333333337,0.39999999999999997,3.2
1410,19,27,24,1.736842105263158,0.46354166666666663,0.4823763889427201,3.3684210526315788
1411,19,27,24,1.736842105263158,0.4661458333333333,0.4823763889427201,3.3684210526315788
1412,18,30,23,1.7,0.43489583333333337,0.39999999999999997,3.2
1413,18,31,21,1.7,0.40885416666666663,0.39999999999999997,3.2
1414,18,30,23,1.7,0.4375,0.39999999999999997,3.2
1415,18,32,23,1.7,0.41927083333333337,0.39999999999999997,3.2
1416,19,29,24,1.736842105263158,0.4479166666666667,0.4823763889427201,3.3684210526315788
1417,18,29,22,1.7,0.4375,0.39999999999999997,3.2
1418,18,29,23,1.7,0.4401041666666667,0.39999999999999997,3.2
1419,18,29,24,1.7,0.4479166666666667,0.39999999999999997,3.2
1420,18,32,23,1.7,0.42447916666666663,0.39999999999999997,3.2
1421,19,31,23,1.736842105263158,0.421875,0.4823763889427201,3.3684210526315788
1422,19,26,24,1.736842105263158,0.47395833333333337,0.4823763889427201,3.3684210526315788
1423,19,33,21,1.736842105263158,0.39322916666666663,0.4823763889427201,3.3684210526315788
1424,18,31,22,1.7,0.41927083333333337,0.39999999999999997,3.2
1425,19,29,21,1.736842105263158,0.4270833333333333,0.48237638894272,3.3684210526315788
1426,19,34,21,1.736842105263158,0.39322916666666663,0.4823763889427201,3.3684210526315788
1427,18,28,24,1.7,0.4609375,0.39999999999999997,3.2
1428,19,29,23,1.736842105263158,0.44791666666666663,0.4823763889427201,3.3684210526315788
1429,18,29,23,1.7,0.44270833333333337,0.39999999999999997,3.2
1430,18,32,23,1.7,0.42447916666666663,0.39999999999999997,3.2
1431,19,33,22,1.736842105263158,0.40885416666666663,0.4823763889427201,3.3684210526315788
1432,18,29,22,1.7,0.4375,0.39999999999999997,3.2
1433,18,32,22,1.7,0.41145833333333337,0.39999999999999997,3.2
1434,18,34,22,1.7,0.3984375,0.39999999999999997,3.2
1435,18,32,23,1.7,0.42447916666666663,0.39999999999999997,3.2
1436,19,29,23,1.736842105263158,0.44270833333333337,0.4823763889427201,3.3684210526315788
1437,19,30,21,1.736842105263158,0.4140625,0.4823763889427201,3.3684210526315788
1438,18,30,23,1.7,0.43489583333333337,0.39999999999999997,3.2
1439,18,29,23,1.7,0.4453125,0.39999999999999997,3.2
1440,18,30,24,1.7,0.44791666666666663,0.39999999999999997,3.2
1441,18,31,23,1.7,0.4296875,0.39999999999999997,3.2
1442,18,35,21,1.7,0.38541666666666663,0.39999999999999997,3.2
1443,19,29,25,1.736842105263158,0.4609375,0.4823763889427201,3.3684210526315788
1444,18,32,23,1.7,0.41927083333333337,0.39999999999999997,3.2
1445,18,31,22,1.7,0.421875,0.39999999999999997,3.2
1446,18,33,19,1.65,0.38095238095238093,0.47696960070847283,3.15
1447,18,29,23,1.7,0.4453125,0.39999999999999997,3.2
1448,18,31,23,1.7,0.4244791666666667,0.39999999999999997,3.2
1449,18,32,24,1.7,0.42708333333333337,0.39999999999999997,3.2
1450,18,34,22,1.7,0.40104166666666663,0.39999999999999997,3.2
1451,18,36,21,1.7,0.37760416666666663,0.39999999999999997,3.2
1452,19,31,22,1.736842105263158,0.4192708333333333,0.48237638894272,3.3684210526315788
1453,18,27,22,1.7,0.453125,0.39999999999999997,3.2
1454,18,30,22,1.7,0.4244791666666667,0.39999999999999997,3.2
1455,19,32,23,1.736842105263158,0.42447916666666663,0.48237638894272,3.3684210526315788
1456,18,28,23,1.7,0.45052083333333337,0.39999999999999997,3.2
1457,18,32,23,1.7,0.42447916666666663,0.39999999999999997,3.2
1458,19,27,23,1.736842105263158,0.4609375,0.48237638894272,3.3684210526315788
1459,18,30,24,1.7,0.44270833333333337,0.39999999999999997,3.2
1460,19,31,25,1.736842105263158,0.44791666666666663,0.4823763889427201,3.3684210526315788
1461,18,30,23,1.7,0.4296875,0.39999999999999997,3.2
1462,19,33,24,1.736842105263158,0.42447916666666663,0.4823763889427201,3.3684210526315788
1463,18,37,20,1.7,0.359375,0.39999999999999997,3.2
1464,18,30,23,1.7,0.4296875,0.39999999999999997,3.2
1465,18,28,24,1.7,0.453125,0.39999999999999997,3.2
1466,18,30,21,1.7,0.41666666666666663,0.39999999999999997,3.2
1467,19,27,24,1.736842105263158,0.46614583333333337,0.4823763889427201,3.3684210526315788
1468,19,31,25,1.736842105263158,0.44791666666666663,0.4823763889427201,3.3684210526315788
1469,18,31,23,1.7,0.421875,0.39999999999999997,3.2
1470,18,32,23,1.7,0.42447916666666663,0.39999999999999997,3.2
1471,18,30,21,1.7,0.41927083333333337,0.39999999999999997,3.2
1472,19,33,21,1.736842105263158,0.39322916666666663,0.48237638894272,3.3684210526315788
1473,18,31,22,1.7,0.41927083333333337,0.39999999999999997,3.2
1474,18,31,22,1.7,0.4166666666666667,0.39999999999999997,3.2
1475,19,38,16,1.736842105263158,0.3151041666666667,0.4823763889427201,3.3684210526315788
1476,19,39,16,1.7894736842105263,0.31510416666666663,0.4823763889427201,3.3684210526315788
1477,19,33,22,1.736842105263158,0.40625,0.4823763889427201,3.3684210526315788
1478,18,29,22,1.7,0.4322916666666667,0.39999999999999997,3.2
1479,19,33,22,1.736842105263158,0.4036458333333333,0.4823763889427201,3.3684210526315788
1480,18,30,22,1.7,0.42708333333333337,0.39999999999999997,3.2
1481,18,31,22,1.7,0.41927083333333337,0.39999999999999997,3.2
1482,18,32,23,1.7,0.42447916666666663,0.39999999999999997,3.2
1483,18,35,22,1.7,0.39322916666666663,0.39999999999999997,3.2
1484,18,30,22,1.7,0.4270833333333333,0.39999999999999997,3.2
1485,18,34,23,1.7,0.4114583333333333,0.39999999999999997,3.2
1486,19,31,24,1.736842105263158,0.4375,0.4823763889427201,3.3684210526315788
1487,18,31,24,1.7,0.4375,0.39999999999999997,3.2
1488,18,30,22,1.7,0.4296875,0.39999999999999997,3.2
1489,19,32,23,1.736842105263158,0.42447916666666663,0.48237638894272,3.3684210526315788
1490,19,32,24,1.736842105263158,0.43229166666666663,0.48237638894272,3.3684210526315788
1491,18,29,23,1.7,0.4375,0.39999999999999997,3.2
1492,19,31,24,1.736842105263158,0.44010416666666663,0.48237638894272,3.3684210526315788
1493,19,32,24,1.736842105263158,0.43229166666666663,0.48237638894272,3.3684210526315788
1494,19,32,23,1.736842105263158,0.41666666666666663,0.4823763889427201,3.3684210526315788
1495,18,34,21,1.7,0.38802083333333337,0.39999999999999997,3.2
1496,19,32,23,1.736842105263158,0.42447916666666663,0.4823763889427201,3.3684210526315788
1497,19,31,25,1.736842105263158,0.44791666666666663,0.48237638894272,3.3684210526315788
1498,18,30,23,1.7,0.43489583333333337,0.39999999999999997,3.2
1499,19,30,25,1.736842105263158,0.4505208333333333,0.48237638894272,3.3684210526315788
1500,18,30,23,1.7,0.43489583333333337,0.39999999999999997,3.2
1501,19,31,25,1.736842105263158,0.44791666666666663,0.4823763889427201,3.3684210526315788
1502,18,28,23,1.7,0.4479166666666667,0.39999999999999997,3.2
1503,19,27,24,1.736842105263158,0.4609375,0.4823763889427201,3.3684210526315788
1504,18,30,23,1.7,0.43489583333333337,0.39999999999999997,3.2
1505,19,32,25,1.736842105263158,0.44010416666666663,0.48237638894272,3.3684210526315788
1506,18,29,23,1.7,0.4401041666666667,0.39999999999999997,3.2
1507,18,33,22,1.7,0.40885416666666663,0.39999999999999997,3.2
1508,18,29,23,1.7,0.44270833333333337,0.39999999999999997,3.2
1509,18,32,23,1.7,0.421875,0.39999999999999997,3.2
1510,18,30,23,1.7,0.43489583333333337,0.39999999999999997,3.2
1511,19,30,22,1.736842105263158,0.42708333333333337,0.4823763889427201,3.3684210526315788
1512,20,33,22,1.7777777777777777,0.40625,0.49690399499995325,3.5555555555555554
1513,19,28,24,1.736842105263158,0.453125,0.48237638894272,3.3684210526315788
1514,18,31,23,1.7,0.4296875,0.39999999999999997,3.2
1515,18,28,23,1.7,0.4453125,0.39999999999999997,3.2
1516,18,30,22,1.7,0.42708333333333337,0.39999999999999997,3.2
1517,18,36,19,1.7,0.359375,0.39999999999999997,3.2
1518,19,29,24,1.736842105263158,0.453125,0.4823763889427201,3.3684210526315788
1519,18,30,22,1.7,0.4244791666666667,0.39999999999999997,3.2
1520,18,29,24,1.7,0.45052083333333337,0.39999999999999997,3.2
1521,19,29,24,1.736842105263158,0.45052083333333337,0.4823763889427201,3.3684210526315788
1522,19,28,25,1.736842105263158,0.46614583333333337,0.4823763889427201,3.3684210526315788
1523,18,33,23,1.7,0.41666666666666663,0.39999999999999997,3.2
1524,18,32,23,1.7,0.42447916666666663,0.39999999999999997,3.2
1525,19,28,24,1.736842105263158,0.4609375,0.4823763889427201,3.3684210526315788
1526,18,33,22,1.7,0.40885416666666663,0.39999999999999997,3.2
1527,19,30,23,1.736842105263158,0.43489583333333337,0.4823763889427201,3.3684210526315788
1528,18,29,23,1.7,0.4401041666666667,0.39999999999999997,3.2
1529,19,33,25,1.736842105263158,0.4296875,0.4823763889427201,3.3684210526315788
1530,18,30,23,1.7,0.44010416666666663,0.39999999999999997,3.2
1531,18,31,23,1.7,0.4296875,0.39999999999999997,3.2
1532,18,31,24,1.7,0.44010416666666663,0.39999999999999997,3.2
1533,18,33,23,1.7,0.41666666666666663,0.39999999999999997,3.2
1534,18,33,22,1.7,0.4114583333333333,0.39999999999999997,3.2
1535,18,31,24,1.7,0.4375,0.39999999999999997,3.2
1536,18,34,22,1.7,0.40104166666666663,0.39999999999999997,3.2
1537,18,29,23,1.7,0.4401041666666667,0.39999999999999997,3.2
1538,20,32,23,1.7777777777777777,0.421875,0.49690399499995325,3.5555555555555554
1539,19,28,26,1.736842105263158,0.4765625,0.4823763889427201,3.3684210526315788
1540,19,32,23,1.736842105263158,0.42447916666666663,0.48237638894272,3.3684210526315788
1541,18,31,23,1.7,0.4296875,0.39999999999999997,3.2
1542,18,30,24,1.7,0.44270833333333337,0.39999999999999997,3.2
1543,19,30,25,1.736842105263158,0.45572916666666663,0.4823763889427201,3.3684210526315788
1544,19,30,24,1.736842105263158,0.44791666666666663,0.48237638894272,3.3684210526315788
1545,18,29,23,1.7,0.44270833333333337,0.39999999999999997,3.2
1546,18,32,23,1.7,0.42447916666666663,0.39999999999999997,3.2
1547,18,29,24,1.7,0.45052083333333337,0.39999999999999997,3.2
1548,19,32,23,1.736842105263158,0.42447916666666663,0.4823763889427201,3.3684210526315788
1549,19,29,24,1.736842105263158,0.45572916666666663,0.4823763889427201,3.3684210526315788
1550,19,30,25,1.736842105263158,0.45572916666666663,0.4823763889427201,3.3684210526315788
1551,19,31,25,1.736842105263158,0.44791666666666663,0.48237638894272,3.3684210526315788
1552,18,29,24,1.7,0.45052083333333337,0.39999999999999997,3.2
1553,19,29,23,1.736842105263158,0.4401041666666667,0.4823763889427201,3.3684210526315788
1554,18,32,21,1.7,0.40364583333333337,0.39999999999999997,3.2
1555,19,29,25,1.736842105263158,0.46354166666666663,0.48237638894272,3.3684210526315788
1556,18,28,23,1.7,0.4453125,0.39999999999999997,3.2
1557,19,30,24,1.736842105263158,0.4453125,0.48237638894272,3.3684210526315788
1558,19,38,17,1.7894736842105263,0.328125,0.4823763889427201,3.3684210526315788
1559,19,31,25,1.736842105263158,0.44791666666666663,0.48237638894272,3.3684210526315788
1560,19,31,24,1.736842105263158,0.44010416666666663,0.4823763889427201,3.3684210526315788
1561,18,32,21,1.7,0.40625,0.39999999999999997,3.2
1562,19,31,24,1.736842105263158,0.4375,0.4823763889427201,3.3684210526315788
1563,19,32,24,1.736842105263158,0.43229166666666663,0.48237638894272,3.3684210526315788
1564,18,32,22,1.7,0.41666666666666663,0.39999999999999997,3.2
1565,19,32,24,1.736842105263158,0.43229166666666663,0.48237638894272,3.3684210526315788
1566,18,33,22,1.7,0.40885416666666663,0.39999999999999997,3.2
1567,20,35,23,1.7777777777777777,0.4036458333333333,0.49690399499995325,3.5555555555555554
1568,18,31,23,1.7,0.42708333333333337,0.39999999999999997,3.2
1569,19,32,23,1.736842105263158,0.4192708333333333,0.48237638894272,3.3684210526315788
1570,19,30,22,1.736842105263158,0.4270833333333333,0.4823763889427201,3.3684210526315788
1571,19,33,23,1.736842105263158,0.41666666666666663,0.48237638894272,3.3684210526315788
1572,19,31,25,1.736842105263158,0.44791666666666663,0.48237638894272,3.3684210526315788
1573,18,31,22,1.7,0.41927083333333337,0.39999999999999997,3.2
1574,18,30,22,1.7,0.42708333333333337,0.39999999999999997,3.2
1575,18,32,23,1.7,0.421875,0.39999999999999997,3.2
1576,18,29,23,1.7,0.4401041666666667,0.39999999999999997,3.2
1577,18,28,23,1.7,0.4453125,0.39999999999999997,3.2
1578,18,31,23,1.7,0.4296875,0.39999999999999997,3.2
1579,19,29,25,1.736842105263158,0.46354166666666663,0.4823763889427201,3.3684210526315788
1580,19,33,23,1.736842105263158,0.4140625,0.4823763889427201,3.3684210526315788
1581,19,29,25,1.736842105263158,0.4609375,0.4823763889427201,3.3684210526315788
1582,18,34,22,1.7,0.40104166666666663,0.39999999999999997,3.2
1583,19,33,24,1.736842105263158,0.42447916666666663,0.4823763889427201,3.3684210526315788
1584,19,28,24,1.736842105263158,0.45572916666666663,0.4823763889427201,3.3684210526315788
1585,18,31,23,1.7,0.42708333333333337,0.39999999999999997,3.2
1586,18,33,21,1.7,0.3984375,0.39999999999999997,3.2
1587,18,34,23,1.7,0.40625,0.39999999999999997,3.2
1588,19,27,25,1.736842105263158,0.4713541666666667,0.4823763889427201,3.3684210526315788
1589,18,28,23,1.7,0.4479166666666667,0.39999999999999997,3.2
1590,19,30,25,1.736842105263158,0.45572916666666663,0.48237638894272,3.3684210526315788
1591,19,31,23,1.736842105263158,0.43229166666666663,0.48237638894272,3.3684210526315788
1592,19,33,23,1.736842105263158,0.4140625,0.48237638894272,3.3684210526315788
1593,19,27,25,1.736842105263158,0.4765625,0.4823763889427201,3.3684210526315788
1594,19,30,23,1.736842105263158,0.44010416666666663,0.4823763889427201,3.3684210526315788
1595,19,28,25,1.736842105263158,0.46614583333333337,0.48237638894272,3.3684210526315788
1596,19,33,23,1.736842105263158,0.41666666666666663,0.48237638894272,3.3684210526315788
1597,19,34,21,1.736842105263158,0.38802083333333326,0.48237638894272,3.3684210526315788
1598,19,32,22,1.736842105263158,0.41666666666666663,0.48237638894272,3.3684210526315788
1599,18,30,22,1.7,0.42708333333333337,0.39999999999999997,3.2
1600,19,28,23,1.736842105263158,0.45052083333333337,0.48237638894272,3.3684210526315788
1601,18,28,23,1.7,0.4453125,0.39999999999999997,3.2
1602,18,31,23,1.7,0.421875,0.39999999999999997,3.2
1603,18,31,23,1.7,0.4296875,0.39999999999999997,3.2
1604,19,29,24,1.736842105263158,0.45052083333333337,0.48237638894272,3.3684210526315788
1605,18,32,24,1.7,0.4244791666666667,0.39999999999999997,3.2
1606,19,33,23,1.736842105263158,0.41666666666666663,0.4823763889427201,3.3684210526315788
1607,18,29,23,1.7,0.4375,0.39999999999999997,3.2
1608,19,30,24,1.736842105263158,0.4453125,0.48237638894272,3.3684210526315788
1609,19,31,23,1.736842105263158,0.43229166666666663,0.48237638894272,3.3684210526315788
1610,18,30,23,1.7,0.4322916666666667,0.39999999999999997,3.2
1611,18,30,23,1.7,0.4375,0.39999999999999997,3.2
1612,18,32,21,1.7,0.40885416666666663,0.39999999999999997,3.2
1613,19,31,24,1.736842105263158,0.44010416666666663,0.48237638894272,3.3684210526315788
1614,18,28,23,1.7,0.4453125,0.39999999999999997,3.2
1615,19,35,21,1.736842105263158,0.3828125,0.48237638894272,3.3684210526315788
1616,18,31,23,1.7,0.4296875,0.39999999999999997,3.2
1617,18,31,24,1.7,0.44010416666666663,0.39999999999999997,3.2
1618,19,26,24,1.736842105263158,0.46875,0.4823763889427201,3.3684210526315788
1619,18,31,23,1.7,0.4296875,0.39999999999999997,3.2
1620,19,34,23,1.736842105263158,0.4088541666666667,0.4823763889427201,3.3684210526315788
1621,19,32,23,1.736842105263158,0.42447916666666663,0.48237638894272,3.3684210526315788
1622,18,28,25,1.7,0.46875,0.39999999999999997,3.2
1623,19,31,24,1.736842105263158,0.43489583333333337,0.48237638894272,3.3684210526315788
1624,18,34,23,1.7,0.40885416666666663,0.39999999999999997,3.2
1625,19,28,26,1.736842105263158,0.4765625,0.4823763889427201,3.3684210526315788
1626,18,30,23,1.7,0.4375,0.39999999999999997,3.2
1627,19,25,25,1.736842105263158,0.48958333333333326,0.4823763889427201,3.3684210526315788
1628,19,32,24,1.736842105263158,0.43229166666666663,0.48237638894272,3.3684210526315788
1629,19,32,23,1.736842105263158,0.42447916666666663,0.4823763889427201,3.3684210526315788
1630,18,31,23,1.7,0.42708333333333337,0.39999999999999997,3.2
1631,18,31,22,1.7,0.42447916666666663,0.39999999999999997,3.2
1632,18,29,23,1.7,0.4453125,0.39999999999999997,3.2
1633,19,32,24,1.736842105263158,0.43229166666666663,0.48237638894272,3.3684210526315788
1634,18,27,24,1.7,0.4609375,0.39999999999999997,3.2
1635,19,31,24,1.736842105263158,0.44010416666666663,0.48237638894272,3.3684210526315788
1636,18,34,22,1.7,0.40104166666666663,0.39999999999999997,3.2
1637,19,34,24,1.736842105263158,0.4140625,0.4823763889427201,3.3684210526315788
1638,19,28,25,1.736842105263158,0.46614583333333337,0.4823763889427201,3.3684210526315788
1639,18,33,23,1.7,0.41666666666666663,0.39999999999999997,3.2
1640,18,29,23,1.7,0.4401041666666667,0.39999999999999997,3.2
1641,19,34,22,1.736842105263158,0.40104166666666663,0.48237638894272,3.3684210526315788
1642,19,31,23,1.736842105263158,0.43229166666666663,0.4823763889427201,3.3684210526315788
1643,19,30,23,1.736842105263158,0.44010416666666663,0.4823763889427201,3.3684210526315788
1644,18,31,23,1.7,0.421875,0.39999999999999997,3.2
1645,18,33,21,1.7,0.3958333333333333,0.39999999999999997,3.2
1646,19,29,25,1.736842105263158,0.45833333333333337,0.4823763889427201,3.3684210526315788
1647,19,30,24,1.736842105263158,0.44270833333333337,0.4823763889427201,3.3684210526315788
1648,18,30,22,1.7,0.42447916666666663,0.39999999999999997,3.2
1649,18,29,23,1.7,0.4401041666666667,0.39999999999999997,3.2
1650,19,30,24,1.736842105263158,0.44270833333333337,0.48237638894272,3.3684210526315788
1651,19,28,24,1.736842105263158,0.4609375,0.48237638894272,3.3684210526315788
1652,19,30,23,1.736842105263158,0.4375,0.48237638894272,3.3684210526315788
1653,18,30,23,1.7,0.43489583333333337,0.39999999999999997,3.2
1654,19,29,24,1.736842105263158,0.45572916666666663,0.4823763889427201,3.3684210526315788
1655,18,36,21,1.7,0.375,0.39999999999999997,3.2
1656,19,34,22,1.736842105263158,0.39583333333333337,0.4823763889427201,3.3684210526315788
1657,18,31,23,1.7,0.42708333333333337,0.39999999999999997,3.2
1658,19,28,25,1.736842105263158,0.46614583333333337,0.4823763889427201,3.3684210526315788
1659,18,32,23,1.7,0.42447916666666663,0.39999999999999997,3.2
1660,18,32,23,1.7,0.42447916666666663,0.39999999999999997,3.2
1661,19,32,23,1.736842105263158,0.42447916666666663,0.48237638894272,3.3684210526315788
1662,18,29,22,1.7,0.43229166666666663,0.39999999999999997,3.2
1663,20,31,22,1.7777777777777777,0.41927083333333337,0.49690399499995325,3.5555555555555554
1664,18,31,24,1.7,0.44010416666666663,0.39999999999999997,3.2
1665,19,29,24,1.736842105263158,0.45052083333333337,0.48237638894272,3.3684210526315788
1666,19,29,25,1.736842105263158,0.4609375,0.4823763889427201,3.3684210526315788
1667,18,32,22,1.7,0.4140625,0.39999999999999997,3.2
1668,19,32,23,1.736842105263158,0.421875,0.48237638894272,3.3684210526315788
1669,18,31,23,1.7,0.43229166666666663,0.39999999999999997,3.2
1670,21,34,21,1.8235294117647058,0.39322916666666663,0.42418250299576343,3.764705882352941
1671,19,34,21,1.736842105263158,0.39322916666666663,0.48237638894272,3.3684210526315788
1672,19,29,24,1.736842105263158,0.45052083333333337,0.4823763889427201,3.3684210526315788
1673,18,31,23,1.7,0.4296875,0.39999999999999997,3.2
1674,18,32,21,1.7,0.40625,0.39999999999999997,3.2
1675,19,32,23,1.736842105263158,0.421875,0.48237638894272,3.3684210526315788
1676,19,26,27,1.736842105263158,0.49739583333333337,0.4823763889427201,3.3684210526315788
1677,19,31,24,1.736842105263158,0.44010416666666663,0.48237638894272,3.3684210526315788
1678,19,27,26,1.736842105263158,0.48177083333333337,0.4823763889427201,3.3684210526315788
1679,19,30,23,1.736842105263158,0.4375,0.48237638894272,3.3684210526315788
1680,19,28,27,1.736842105263158,0.48697916666666663,0.4823763889427201,3.3684210526315788
1681,19,30,23,1.736842105263158,0.4375,0.48237638894272,3.3684210526315788
1682,19,28,25,1.736842105263158,0.46614583333333337,0.4823763889427201,3.3684210526315788
1683,19,32,24,1.736842105263158,0.43229166666666663,0.4823763889427201,3.3684210526315788
1684,19,32,24,1.736842105263158,0.43229166666666663,0.4823763889427201,3.3684210526315788
1685,18,28,24,1.7,0.45572916666666663,0.39999999999999997,3.2
1686,18,31,23,1.7,0.43229166666666663,0.39999999999999997,3.2
1687,18,33,20,1.7,0.390625,0.39999999999999997,3.2
1688,18,31,23,1.7,0.42708333333333337,0.39999999999999997,3.2
1689,19,31,21,1.736842105263158,0.4140625,0.4823763889427201,3.3684210526315788
1690,19,29,23,1.736842105263158,0.44010416666666663,0.4823763889427201,3.3684210526315788
1691,19,31,25,1.736842105263158,0.44270833333333337,0.4823763889427201,3.3684210526315788
1692,19,28,24,1.736842105263158,0.4609375,0.48237638894272,3.3684210526315788
1693,19,32,24,1.736842105263158,0.43229166666666663,0.48237638894272,3.3684210526315788
1694,19,32,23,1.736842105263158,0.42447916666666663,0.4823763889427201,3.3684210526315788
1695,19,33,22,1.736842105263158,0.40885416666666663,0.4823763889427201,3.3684210526315788
1696,19,32,19,1.736842105263158,0.3828125,0.4823763889427201,3.3684210526315788
1697,19,31,23,1.736842105263158,0.43229166666666663,0.48237638894272,3.3684210526315788
1698,19,33,23,1.736842105263158,0.41666666666666663,0.48237638894272,3.3684210526315788
1699,18,32,23,1.7,0.421875,0.39999999999999997,3.2
1700,19,29,24,1.736842105263158,0.45572916666666663,0.48237638894272,3.3684210526315788
1701,19,30,25,1.736842105263158,0.453125,0.48237638894272,3.3684210526315788
1702,18,31,23,1.7,0.4296875,0.39999999999999997,3.2
1703,19,32,23,1.736842105263158,0.42447916666666663,0.48237638894272,3.3684210526315788
1704,19,26,26,1.736842105263158,0.4895833333333333,0.4823763889427201,3.3684210526315788
1705,19,26,27,1.736842105263158,0.49739583333333337,0.4823763889427201,3.3684210526315788
1706,19,31,23,1.736842105263158,0.43229166666666663,0.48237638894272,3.3684210526315788
1707,18,31,22,1.7,0.4166666666666667,0.39999999999999997,3.2
1708,18,32,24,1.7,0.43229166666666663,0.39999999999999997,3.2
1709,19,31,23,1.736842105263158,0.42708333333333337,0.4823763889427201,3.3684210526315788
1710,19,30,23,1.736842105263158,0.4375,0.48237638894272,3.3684210526315788
1711,19,29,25,1.736842105263158,0.4609375,0.4823763889427201,3.3684210526315788
1712,19,32,22,1.736842105263158,0.4140625,0.48237638894272,3.3684210526315788
1713,19,27,23,1.736842105263158,0.45572916666666663,0.4823763889427201,3.3684210526315788
1714,18,31,24,1.7,0.4375,0.39999999999999997,3.2
1715,19,27,26,1.736842105263158,0.48177083333333337,0.48237638894272,3.3684210526315788
1716,19,29,21,1.736842105263158,0.421875,0.4823763889427201,3.3684210526315788
1717,18,30,22,1.7,0.42447916666666663,0.39999999999999997,3.2
1718,20,28,24,1.7777777777777777,0.453125,0.49690399499995325,3.5555555555555554
1719,19,32,22,1.736842105263158,0.4140625,0.4823763889427201,3.3684210526315788
1720,19,29,25,1.736842105263158,0.4557291666666667,0.48237638894272,3.3684210526315788
1721,20,25,26,1.7777777777777777,0.4921875,0.49690399499995325,3.5555555555555554
1722,18,33,22,1.7,0.40885416666666663,0.39999999999999997,3.2
1723,18,31,23,1.7,0.42708333333333337,0.39999999999999997,3.2
1724,19,34,23,1.736842105263158,0.40885416666666663,0.48237638894272,3.3684210526315788
1725,20,28,24,1.7777777777777777,0.45572916666666663,0.49690399499995325,3.5555555555555554
1726,18,30,23,1.7,0.43489583333333337,0.39999999999999997,3.2
1727,18,31,23,1.7,0.4296875,0.39999999999999997,3.2
1728,20,26,26,1.7777777777777777,0.4895833333333333,0.49690399499995325,3.5555555555555554
1729,18,29,24,1.7,0.4479166666666667,0.39999999999999997,3.2
1730,20,34,23,1.7777777777777777,0.4088541666666667,0.49690399499995325,3.5555555555555554
1731,19,29,22,1.736842105263158,0.4375,0.48237638894272,3.3684210526315788
1732,18,32,23,1.7,0.42447916666666663,0.39999999999999997,3.2
1733,19,30,23,1.736842105263158,0.43489583333333337,0.4823763889427201,3.3684210526315788
1734,18,33,22,1.7,0.40625,0.39999999999999997,3.2
1735,18,32,21,1.7,0.4036458333333333,0.39999999999999997,3.2
1736,18,29,23,1.7,0.44270833333333337,0.39999999999999997,3.2
1737,19,27,27,1.736842105263158,0.48958333333333337,0.4823763889427201,3.3684210526315788
1738,18,32,23,1.7,0.42447916666666663,0.39999999999999997,3.2
1739,19,33,21,1.736842105263158,0.40104166666666663,0.4823763889427201,3.3684210526315788
1740,19,29,24,1.736842105263158,0.4505208333333333,0.48237638894272,3.3684210526315788
1741,18,33,23,1.7,0.41666666666666663,0.39999999999999997,3.2
1742,18,34,22,1.7,0.40104166666666663,0.39999999999999997,3.2
1743,19,30,23,1.736842105263158,0.4296875,0.4823763889427201,3.3684210526315788
1744,18,30,24,1.7,0.44791666666666663,0.39999999999999997,3.2
1745,19,28,25,1.736842105263158,0.46614583333333337,0.48237638894272,3.3684210526315788
1746,19,34,22,1.736842105263158,0.40104166666666663,0.48237638894272,3.3684210526315788
1747,19,29,26,1.736842105263158,0.47135416666666663,0.4823763889427201,3.3684210526315788
1748,19,29,24,1.736842105263158,0.45052083333333337,0.4823763889427201,3.3684210526315788
1749,18,33,21,1.7,0.3984375,0.39999999999999997,3.2
1750,19,34,22,1.736842105263158,0.39583333333333337,0.4823763889427201,3.3684210526315788
1751,19,30,24,1.736842105263158,0.44791666666666663,0.48237638894272,3.3684210526315788
1752,19,31,24,1.736842105263158,0.44010416666666663,0.4823763889427201,3.3684210526315788
1753,19,29,22,1.736842105263158,0.43229166666666663,0.4823763889427201,3.3684210526315788
1754,18,30,23,1.7,0.43489583333333337,0.39999999999999997,3.2
1755,19,28,24,1.736842105263158,0.45572916666666663,0.4823763889427201,3.3684210526315788
1756,18,32,21,1.7,0.40364583333333337,0.39999999999999997,3.2
1757,18,32,22,1.7,0.4140625,0.39999999999999997,3.2
1758,19,32,23,1.736842105263158,0.41666666666666663,0.4823763889427201,3.3684210526315788
1759,19,33,22,1.736842105263158,0.40885416666666663,0.48237638894272,3.3684210526315788
1760,19,30,23,1.736842105263158,0.4348958333333333,0.4823763889427201,3.3684210526315788
1761,18,30,23,1.7,0.44010416666666663,0.39999999999999997,3.2
1762,18,32,23,1.7,0.42447916666666663,0.39999999999999997,3.2
1763,19,28,23,1.736842105263158,0.45052083333333337,0.4823763889427201,3.3684210526315788
1764,19,27,24,1.736842105263158,0.4609375,0.4823763889427201,3.3684210526315788
1765,19,26,24,1.736842105263158,0.47135416666666663,0.4823763889427201,3.3684210526315788
1766,18,33,22,1.7,0.40625,0.39999999999999997,3.2
1767,18,30,23,1.7,0.43489583333333337,0.39999999999999997,3.2
1768,19,29,23,1.6842105263157894,0.43915343915343913,0.5668594533825794,3.3157894736842106
1769,19,36,21,1.736842105263158,0.3776041666666667,0.4823763889427201,3.3684210526315788
1770,20,31,24,1.7777777777777777,0.4375,0.49690399499995325,3.5555555555555554
1771,20,26,25,1.7777777777777777,0.4765625,0.49690399499995325,3.5555555555555554
1772,18,29,25,1.7,0.45833333333333337,0.39999999999999997,3.2
1773,18,29,24,1.7,0.44791666666666663,0.39999999999999997,3.2
1774,19,33,22,1.736842105263158,0.4036458333333333,0.48237638894272,3.3684210526315788
1775,19,31,21,1.736842105263158,0.41145833333333337,0.4823763889427201,3.3684210526315788
1776,18,29,24,1.7,0.45052083333333337,0.39999999999999997,3.2
1777,19,36,23,1.736842105263158,0.39583333333333337,0.4823763889427201,3.3684210526315788
1778,19,29,24,1.736842105263158,0.45052083333333337,0.4823763889427201,3.3684210526315788
1779,19,26,26,1.736842105263158,0.49479166666666663,0.4823763889427201,3.3684210526315788
1780,18,32,23,1.7,0.42447916666666663,0.39999999999999997,3.2
1781,19,31,24,1.736842105263158,0.44010416666666663,0.48237638894272,3.3684210526315788
1782,19,30,23,1.736842105263158,0.4348958333333333,0.4823763889427201,3.3684210526315788
1783,19,31,23,1.736842105263158,0.4296875,0.48237638894272,3.3684210526315788
1784,19,30,25,1.736842105263158,0.453125,0.4823763889427201,3.3684210526315788
1785,19,31,23,1.736842105263158,0.42708333333333337,0.4823763889427201,3.3684210526315788
1786,18,30,23,1.7,0.43489583333333337,0.39999999999999997,3.2
1787,19,30,22,1.736842105263158,0.42708333333333337,0.48237638894272,3.3684210526315788
1788,19,27,25,1.736842105263158,0.4713541666666667,0.4823763889427201,3.3684210526315788
1789,18,31,23,1.7,0.42708333333333337,0.39999999999999997,3.2
1790,19,29,24,1.736842105263158,0.4505208333333333,0.4823763889427201,3.3684210526315788
1791,19,29,24,1.736842105263158,0.45052083333333337,0.48237638894272,3.3684210526315788
1792,19,27,23,1.736842105263158,0.453125,0.4823763889427201,3.3684210526315788
1793,19,26,24,1.736842105263158,0.46875,0.4823763889427201,3.3684210526315788
1794,19,28,24,1.736842105263158,0.45833333333333337,0.4823763889427201,3.3684210526315788
1795,19,29,25,1.736842105263158,0.4609375,0.4823763889427201,3.3684210526315788
1796,19,29,24,1.736842105263158,0.4479166666666667,0.4823763889427201,3.3684210526315788
1797,19,28,23,1.736842105263158,0.44791666666666663,0.4823763889427201,3.3684210526315788
1798,19,30,24,1.736842105263158,0.44791666666666663,0.48237638894272,3.3684210526315788
1799,19,26,26,1.736842105263158,0.484375,0.4823763889427201,3.3684210526315788
1800,19,32,21,1.736842105263158,0.4010416666666667,0.48237638894272,3.3684210526315788
1801,20,27,26,1.7777777777777777,0.48177083333333337,0.49690399499995325,3.5555555555555554
1802,19,25,26,1.736842105263158,0.4921875,0.4823763889427201,3.3684210526315788
1803,19,32,22,1.736842105263158,0.41145833333333337,0.4823763889427201,3.3684210526315788
1804,19,30,24,1.736842105263158,0.4453125,0.48237638894272,3.3684210526315788
1805,19,28,22,1.736842105263158,0.4375,0.4823763889427201,3.3684210526315788
1806,20,29,24,1.7777777777777777,0.45052083333333337,0.49690399499995325,3.5555555555555554
1807,20,25,26,1.7777777777777777,0.4921875,0.49690399499995325,3.5555555555555554
1808,19,28,23,1.736842105263158,0.44791666666666663,0.4823763889427201,3.3684210526315788
1809,19,27,25,1.736842105263158,0.4739583333333333,0.4823763889427201,3.3684210526315788
1810,19,28,25,1.736842105263158,0.4661458333333333,0.4823763889427201,3.3684210526315788
1811,19,28,23,1.736842105263158,0.4479166666666667,0.4823763889427201,3.3684210526315788
1812,18,28,23,1.7,0.44791666666666663,0.39999999999999997,3.2
1813,19,34,20,1.736842105263158,0.3828125,0.48237638894272,3.3684210526315788
1814,19,29,23,1.736842105263158,0.44270833333333337,0.4823763889427201,3.3684210526315788
1815,19,28,23,1.736842105263158,0.44791666666666663,0.4823763889427201,3.3684210526315788
1816,20,27,25,1.7777777777777777,0.46875,0.49690399499995325,3.5555555555555554
1817,19,29,23,1.736842105263158,0.44010416666666663,0.4823763889427201,3.3684210526315788
1818,19,23,27,1.736842105263158,0.5208333333333333,0.4823763889427201,3.3684210526315788
1819,19,27,25,1.736842105263158,0.47135416666666663,0.4823763889427201,3.3684210526315788
1820,19,24,26,1.736842105263158,0.49739583333333337,0.4823763889427201,3.3684210526315788
1821,19,32,24,1.736842105263158,0.43229166666666663,0.4823763889427201,3.3684210526315788
1822,19,29,25,1.736842105263158,0.4609375,0.4823763889427201,3.3684210526315788
1823,20,26,25,1.7777777777777777,0.4765625,0.49690399499995325,3.5555555555555554
1824,19,27,25,1.736842105263158,0.47135416666666663,0.4823763889427201,3.3684210526315788
1825,19,31,22,1.736842105263158,0.41927083333333337,0.4823763889427201,3.3684210526315788
1826,19,28,24,1.736842105263158,0.45572916666666663,0.4823763889427201,3.3684210526315788
1827,19,31,22,1.736842105263158,0.41927083333333337,0.4823763889427201,3.3684210526315788
1828,20,27,23,1.7777777777777777,0.4583333333333333,0.49690399499995325,3.5555555555555554
1829,19,26,26,1.736842105263158,0.4869791666666667,0.4823763889427201,3.3684210526315788
1830,19,26,24,1.736842105263158,0.46875,0.4823763889427201,3.3684210526315788
1831,19,27,24,1.736842105263158,0.46354166666666663,0.4823763889427201,3.3684210526315788
1832,19,27,23,1.736842105263158,0.453125,0.4823763889427201,3.3684210526315788
1833,19,26,24,1.736842105263158,0.46875,0.4823763889427201,3.3684210526315788
1834,20,27,26,1.7777777777777777,0.4817708333333333,0.49690399499995325,3.5555555555555554
1835,19,26,25,1.736842105263158,0.4765625,0.4823763889427201,3.3684210526315788
1836,19,27,26,1.736842105263158,0.484375,0.4823763889427201,3.3684210526315788
1837,19,31,22,1.736842105263158,0.41927083333333337,0.4823763889427201,3.3684210526315788
1838,19,26,26,1.736842105263158,0.484375,0.4823763889427201,3.3684210526315788
1839,19,33,24,1.736842105263158,0.421875,0.4823763889427201,3.3684210526315788
1840,19,28,24,1.736842105263158,0.45572916666666663,0.4823763889427201,3.3684210526315788
1841,19,30,21,1.736842105263158,0.4166666666666667,0.4823763889427201,3.3684210526315788
1842,19,28,26,1.736842105263158,0.47395833333333337,0.4823763889427201,3.3684210526315788
1843,18,25,25,1.7,0.4895833333333333,0.39999999999999997,3.2
1844,19,26,26,1.6842105263157894,0.4894179894179894,0.5668594533825794,3.3157894736842106
1845,18,26,24,1.7,0.46875,0.39999999999999997,3.2
1846,19,29,24,1.736842105263158,0.44791666666666663,0.4823763889427201,3.3684210526315788
1847,20,29,25,1.7777777777777777,0.4609375,0.49690399499995325,3.5555555555555554
1848,19,25,27,1.736842105263158,0.5052083333333333,0.4823763889427201,3.3684210526315788
1849,19,26,25,1.736842105263158,0.4817708333333333,0.4823763889427201,3.3684210526315788
1850,20,27,25,1.7777777777777777,0.46875,0.49690399499995325,3.5555555555555554
1851,19,29,25,1.736842105263158,0.45833333333333337,0.4823763889427201,3.3684210526315788
1852,19,28,25,1.736842105263158,0.46354166666666663,0.4823763889427201,3.3684210526315788
1853,19,28,25,1.736842105263158,0.4661458333333333,0.4823763889427201,3.3684210526315788
1854,18,31,23,1.7,0.4296875,0.39999999999999997,3.2
1855,19,29,25,1.736842105263158,0.45833333333333337,0.4823763889427201,3.3684210526315788
1856,18,28,23,1.7,0.44791666666666663,0.39999999999999997,3.2
1857,19,30,23,1.736842105263158,0.43489583333333337,0.4823763889427201,3.3684210526315788
1858,19,29,22,1.736842105263158,0.43229166666666663,0.4823763889427201,3.3684210526315788
1859,20,27,26,1.7777777777777777,0.4817708333333333,0.49690399499995325,3.5555555555555554
1860,19,26,25,1.736842105263158,0.47916666666666663,0.4823763889427201,3.3684210526315788
1861,19,28,23,1.736842105263158,0.44791666666666663,0.4823763889427201,3.3684210526315788
1862,19,30,24,1.736842105263158,0.4453125,0.4823763889427201,3.3684210526315788
1863,19,29,23,1.736842105263158,0.44270833333333337,0.4823763889427201,3.3684210526315788
1864,19,31,22,1.736842105263158,0.4192708333333333,0.48237638894272,3.3684210526315788
1865,19,35,21,1.736842105263158,0.3828125,0.4823763889427201,3.3684210526315788
1866,19,28,24,1.736842105263158,0.45572916666666663,0.4823763889427201,3.3684210526315788
1867,19,28,24,1.736842105263158,0.45572916666666663,0.4823763889427201,3.3684210526315788
1868,19,35,20,1.736842105263158,0.36979166666666663,0.4823763889427201,3.3684210526315788
1869,19,30,24,1.736842105263158,0.44270833333333337,0.4823763889427201,3.3684210526315788
1870,18,34,21,1.7,0.38802083333333337,0.39999999999999997,3.2
1871,19,25,26,1.736842105263158,0.4921875,0.4823763889427201,3.3684210526315788
1872,19,27,24,1.736842105263158,0.46354166666666663,0.4823763889427201,3.3684210526315788
1873,19,26,23,1.736842105263158,0.4609375,0.4823763889427201,3.3684210526315788
1874,19,28,24,1.736842105263158,0.45833333333333337,0.48237638894272,3.3684210526315788
1875,19,27,25,1.736842105263158,0.47135416666666663,0.4823763889427201,3.3684210526315788
1876,18,29,25,1.7,0.4609375,0.39999999999999997,3.2
1877,19,27,26,1.736842105263158,0.4817708333333333,0.4823763889427201,3.3684210526315788
1879,19,26,25,1.736842105263158,0.47916666666666663,0.4823763889427201,3.3684210526315788
1880,19,26,25,1.736842105263158,0.47916666666666663,0.4823763889427201,3.3684210526315788
1881,19,26,25,1.736842105263158,0.47916666666666663,0.4823763889427201,3.3684210526315788
1882,19,26,25,1.736842105263158,0.47916666666666663,0.4823763889427201,3.3684210526315788
1883,19,26,25,1.736842105263158,0.47916666666666663,0.4823763889427201,3.3684210526315788
1884,19,26,25,1.736842105263158,0.47916666666666663,0.4823763889427201,3.3684210526315788
1885,19,26,25,1.736842105263158,0.47916666666666663,0.4823763889427201,3.3684210526315788
1886,19,26,25,1.736842105263158,0.47916666666666663,0.4823763889427201,3.3684210526315788
1887,19,26,25,1.736842105263158,0.47916666666666663,0.4823763889427201,3.3684210526315788
1888,19,26,25,1.736842105263158,0.47916666666666663,0.4823763889427201,3.3684210526315788
