Episode,Desafios_sin_equipo,Estudiantes_fuera_preferencias,Estudiantes_primera_prioridad,Promedio_carreras_por_equipo,Satisfaccion_promedio,STD_tamano_equipos,Tamano_promedio_equipo
2,18,59,2,1.75,0.049479166666666664,0.39999999999999997,3.2
3,17,54,3,1.7142857142857142,0.09375,0.21295885499997994,3.0476190476190474
4,17,59,1,1.7142857142857142,0.04427083333333333,0.21295885499997994,3.0476190476190474
5,17,60,0,1.7142857142857142,0.026041666666666664,0.21295885499997994,3.0476190476190474
6,18,60,1,1.75,0.03645833333333333,0.39999999999999997,3.2
7,18,62,2,1.75,0.03125,0.39999999999999997,3.2
8,18,57,1,1.75,0.05208333333333333,0.39999999999999997,3.2
9,17,60,1,1.7142857142857142,0.033854166666666664,0.21295885499997994,3.0476190476190474
10,18,60,2,1.75,0.046875,0.39999999999999997,3.2
11,18,62,1,1.7,0.020833333333333332,0.39999999999999997,3.2
12,18,62,2,1.75,0.03125,0.39999999999999997,3.2
13,18,58,2,1.75,0.052083333333333336,0.39999999999999997,3.2
14,18,59,2,1.7,0.049479166666666664,0.39999999999999997,3.2
15,17,61,2,1.7142857142857142,0.03645833333333333,0.21295885499997996,3.0476190476190474
16,18,61,2,1.75,0.036458333333333336,0.39999999999999997,3.2
17,18,61,0,1.7,0.0234375,0.39999999999999997,3.2
18,18,62,1,1.7,0.020833333333333332,0.39999999999999997,3.2
19,18,59,0,1.75,0.028645833333333332,0.39999999999999997,3.2
20,17,59,1,1.7142857142857142,0.041666666666666664,0.21295885499997994,3.0476190476190474
21,17,62,2,1.7142857142857142,0.03125,0.21295885499997994,3.0476190476190474
22,17,62,0,1.7142857142857142,0.010416666666666666,0.21295885499997994,3.0476190476190474
23,18,56,2,1.75,0.07552083333333333,0.39999999999999997,3.2
24,19,61,2,1.7894736842105263,0.03645833333333333,0.4823763889427201,3.3684210526315788
25,19,61,1,1.7894736842105263,0.028645833333333332,0.4823763889427201,3.3684210526315788
26,18,62,0,1.75,0.013020833333333332,0.39999999999999997,3.2
27,18,57,3,1.75,0.07552083333333333,0.39999999999999997,3.2
28,17,62,1,1.7142857142857142,0.020833333333333332,0.21295885499997994,3.0476190476190474
29,18,55,2,1.75,0.078125,0.39999999999999997,3.2
30,17,59,2,1.7142857142857142,0.049479166666666664,0.21295885499997994,3.0476190476190474
31,18,54,3,1.75,0.09635416666666666,0.39999999999999997,3.2
32,17,62,0,1.7142857142857142,0.013020833333333332,0.21295885499997994,3.0476190476190474
33,19,55,1,1.736842105263158,0.0582010582010582,0.5668594533825794,3.3157894736842106
34,19,60,1,1.7894736842105263,0.036458333333333336,0.4823763889427201,3.3684210526315788
35,18,61,0,1.75,0.020833333333333332,0.39999999999999997,3.2
36,17,58,1,1.5714285714285714,0.042328042328042326,0.3086066999241838,3.0
37,18,57,3,1.75,0.07552083333333333,0.39999999999999997,3.2
38,18,58,2,1.75,0.0546875,0.39999999999999997,3.2
39,17,59,0,1.7142857142857142,0.03645833333333333,0.21295885499997994,3.0476190476190474
40,18,56,4,1.75,0.09114583333333334,0.39999999999999997,3.2
41,17,57,1,1.7142857142857142,0.0546875,0.21295885499997994,3.0476190476190474
42,19,61,0,1.7894736842105263,0.020833333333333332,0.4823763889427201,3.3684210526315788
43,18,61,0,1.75,0.020833333333333332,0.39999999999999997,3.2
44,17,55,4,1.7142857142857142,0.09114583333333333,0.21295885499997994,3.0476190476190474
45,17,58,3,1.7142857142857142,0.06510416666666666,0.21295885499997994,3.0476190476190474
46,18,62,1,1.75,0.0234375,0.39999999999999997,3.2
47,18,60,1,1.75,0.031249999999999997,0.39999999999999997,3.2
48,18,59,4,1.75,0.0703125,0.39999999999999997,3.2
49,17,58,0,1.7142857142857142,0.03645833333333333,0.21295885499997994,3.0476190476190474
50,18,59,2,1.75,0.04687499999999999,0.39999999999999997,3.2
51,18,60,2,1.75,0.04427083333333333,0.39999999999999997,3.2
52,18,60,2,1.75,0.044270833333333336,0.39999999999999997,3.2
53,18,57,5,1.75,0.09114583333333333,0.39999999999999997,3.2
54,20,59,3,1.8333333333333333,0.05989583333333333,0.49690399499995325,3.5555555555555554
55,17,58,2,1.7142857142857142,0.05989583333333333,0.21295885499997994,3.0476190476190474
56,18,53,4,1.75,0.10416666666666666,0.39999999999999997,3.2
57,18,58,0,1.75,0.0390625,0.39999999999999997,3.2
58,18,61,2,1.7,0.0390625,0.39999999999999997,3.2
59,18,62,1,1.75,0.0234375,0.39999999999999997,3.2
60,18,61,2,1.75,0.03645833333333333,0.39999999999999997,3.2
61,18,60,0,1.75,0.026041666666666664,0.39999999999999997,3.2
62,18,57,2,1.75,0.0703125,0.39999999999999997,3.2
63,17,61,2,1.6666666666666667,0.0390625,0.21295885499997994,3.0476190476190474
64,18,63,0,1.75,0.005208333333333333,0.39999999999999997,3.2
65,18,58,2,1.75,0.0546875,0.39999999999999997,3.2
66,18,56,4,1.75,0.08854166666666667,0.39999999999999997,3.2
67,19,56,1,1.7894736842105263,0.057291666666666664,0.4823763889427201,3.3684210526315788
68,18,56,1,1.75,0.06510416666666666,0.39999999999999997,3.2
69,18,59,0,1.75,0.033854166666666664,0.39999999999999997,3.2
70,17,58,3,1.7142857142857142,0.06770833333333333,0.21295885499997994,3.0476190476190474
71,18,59,2,1.75,0.049479166666666664,0.39999999999999997,3.2
72,18,57,2,1.75,0.06510416666666666,0.39999999999999997,3.2
73,19,57,2,1.7894736842105263,0.06510416666666666,0.48237638894272,3.3684210526315788
74,18,59,0,1.75,0.031249999999999997,0.39999999999999997,3.2
75,18,57,3,1.75,0.07291666666666667,0.39999999999999997,3.2
76,18,61,1,1.75,0.03125,0.39999999999999997,3.2
77,19,53,2,1.7894736842105263,0.09114583333333333,0.4823763889427201,3.3684210526315788
78,20,56,5,1.8333333333333333,0.09895833333333333,0.49690399499995325,3.5555555555555554
79,18,62,0,1.75,0.015625,0.39999999999999997,3.2
80,18,57,3,1.75,0.07552083333333333,0.39999999999999997,3.2
81,18,59,1,1.75,0.04427083333333333,0.39999999999999997,3.2
82,18,58,3,1.75,0.06770833333333333,0.39999999999999997,3.2
83,19,61,2,1.7894736842105263,0.036458333333333336,0.4823763889427201,3.3684210526315788
84,18,61,1,1.7,0.03125,0.39999999999999997,3.2
85,18,60,0,1.75,0.0234375,0.39999999999999997,3.2
86,17,58,3,1.7142857142857142,0.0703125,0.21295885499997994,3.0476190476190474
87,17,59,1,1.7142857142857142,0.041666666666666664,0.21295885499997994,3.0476190476190474
88,17,56,3,1.6666666666666667,0.07407407407407407,0.3086066999241838,3.0
89,19,56,5,1.7894736842105263,0.09895833333333333,0.4823763889427201,3.3684210526315788
90,18,60,3,1.7,0.0546875,0.39999999999999997,3.2
91,17,54,5,1.7142857142857142,0.1171875,0.21295885499997994,3.0476190476190474
92,18,56,3,1.75,0.08072916666666666,0.39999999999999997,3.2
93,18,55,6,1.75,0.11458333333333333,0.39999999999999997,3.2
94,19,61,2,1.7894736842105263,0.0390625,0.4823763889427201,3.3684210526315788
95,18,58,4,1.75,0.07552083333333333,0.39999999999999997,3.2
96,17,59,1,1.7142857142857142,0.041666666666666664,0.21295885499997994,3.0476190476190474
97,17,59,3,1.7142857142857142,0.05989583333333333,0.21295885499997994,3.0476190476190474
98,18,59,1,1.75,0.046875,0.39999999999999997,3.2
99,18,57,2,1.75,0.0703125,0.39999999999999997,3.2
100,18,59,3,1.75,0.0625,0.39999999999999997,3.2
101,18,62,0,1.75,0.015625,0.39999999999999997,3.2
102,18,59,1,1.75,0.04427083333333333,0.39999999999999997,3.2
103,19,59,2,1.7894736842105263,0.05208333333333333,0.4823763889427201,3.3684210526315788
104,17,59,2,1.7142857142857142,0.05208333333333333,0.21295885499997994,3.0476190476190474
105,18,61,0,1.75,0.020833333333333332,0.39999999999999997,3.2
106,17,59,4,1.7142857142857142,0.06770833333333333,0.21295885499997994,3.0476190476190474
107,17,59,3,1.7142857142857142,0.05989583333333333,0.21295885499997994,3.0476190476190474
108,17,57,3,1.6666666666666667,0.07552083333333334,0.21295885499997994,3.0476190476190474
109,18,58,3,1.75,0.06510416666666666,0.39999999999999997,3.2
110,17,59,4,1.7142857142857142,0.06770833333333334,0.21295885499997994,3.0476190476190474
111,18,60,3,1.75,0.0546875,0.39999999999999997,3.2
112,18,57,2,1.75,0.05989583333333333,0.39999999999999997,3.2
113,18,58,2,1.75,0.057291666666666664,0.39999999999999997,3.2
114,19,58,1,1.7894736842105263,0.05208333333333333,0.4823763889427201,3.3684210526315788
115,18,55,3,1.75,0.08333333333333333,0.39999999999999997,3.2
116,18,60,1,1.75,0.03645833333333333,0.39999999999999997,3.2
117,18,57,4,1.75,0.0859375,0.39999999999999997,3.2
118,18,59,2,1.75,0.049479166666666664,0.39999999999999997,3.2
119,17,56,3,1.7142857142857142,0.08333333333333333,0.21295885499997994,3.0476190476190474
120,17,56,1,1.7142857142857142,0.06770833333333333,0.21295885499997994,3.0476190476190474
121,18,55,2,1.7,0.07407407407407407,0.47696960070847283,3.15
122,19,57,2,1.7894736842105263,0.0703125,0.48237638894272,3.3684210526315788
123,18,57,4,1.75,0.08072916666666666,0.39999999999999997,3.2
124,17,54,3,1.7142857142857142,0.09635416666666666,0.21295885499997994,3.0476190476190474
125,19,56,5,1.7894736842105263,0.09895833333333333,0.48237638894272,3.3684210526315788
126,18,56,5,1.75,0.09895833333333334,0.39999999999999997,3.2
127,19,59,4,1.7894736842105263,0.0703125,0.4823763889427201,3.3684210526315788
128,18,60,1,1.75,0.03645833333333333,0.39999999999999997,3.2
129,18,57,0,1.75,0.046875,0.39999999999999997,3.2
130,18,55,4,1.75,0.09895833333333333,0.39999999999999997,3.2
131,18,56,6,1.75,0.10416666666666666,0.39999999999999997,3.2
132,18,60,2,1.75,0.046875,0.39999999999999997,3.2
133,19,60,0,1.7894736842105263,0.0234375,0.4823763889427201,3.3684210526315788
134,19,56,4,1.7894736842105263,0.08854166666666667,0.48237638894272,3.3684210526315788
135,18,54,7,1.75,0.12760416666666666,0.39999999999999997,3.2
136,19,57,3,1.7894736842105263,0.078125,0.4823763889427201,3.3684210526315788
137,17,57,3,1.7142857142857142,0.07291666666666666,0.21295885499997994,3.0476190476190474
138,18,52,5,1.75,0.125,0.39999999999999997,3.2
139,19,60,2,1.7894736842105263,0.04427083333333333,0.4823763889427201,3.3684210526315788
140,17,54,2,1.7142857142857142,0.08854166666666666,0.21295885499997994,3.0476190476190474
141,17,55,4,1.6666666666666667,0.08994708994708994,0.3086066999241838,3.0
142,18,56,5,1.75,0.09895833333333333,0.39999999999999997,3.2
143,18,59,3,1.75,0.05989583333333333,0.39999999999999997,3.2
144,18,55,4,1.75,0.09635416666666666,0.39999999999999997,3.2
145,18,55,6,1.75,0.1171875,0.39999999999999997,3.2
146,19,55,4,1.7894736842105263,0.1015625,0.4823763889427201,3.3684210526315788
147,19,50,6,1.7894736842105263,0.1484375,0.4823763889427201,3.3684210526315788
148,18,53,4,1.75,0.109375,0.39999999999999997,3.2
149,18,56,6,1.65,0.10052910052910052,0.47696960070847283,3.15
150,20,55,6,1.8333333333333333,0.11458333333333333,0.49690399499995325,3.5555555555555554
151,18,56,4,1.75,0.0859375,0.39999999999999997,3.2
152,19,56,0,1.7894736842105263,0.0546875,0.4823763889427201,3.3684210526315788
153,19,61,3,1.7894736842105263,0.046875,0.4823763889427201,3.3684210526315788
154,18,49,8,1.75,0.171875,0.39999999999999997,3.2
155,19,53,8,1.7894736842105263,0.14583333333333331,0.4823763889427201,3.3684210526315788
156,18,53,7,1.75,0.13802083333333331,0.39999999999999997,3.2
157,18,55,5,1.75,0.10416666666666667,0.39999999999999997,3.2
158,17,53,8,1.7142857142857142,0.14322916666666666,0.21295885499997994,3.0476190476190474
159,19,54,6,1.7894736842105263,0.12239583333333333,0.4823763889427201,3.3684210526315788
160,18,54,6,1.7,0.11979166666666666,0.39999999999999997,3.2
161,18,53,7,1.75,0.13802083333333331,0.39999999999999997,3.2
162,18,54,3,1.75,0.09895833333333333,0.39999999999999997,3.2
163,17,51,5,1.6666666666666667,0.13541666666666666,0.21295885499997994,3.0476190476190474
164,19,57,5,1.7894736842105263,0.09375,0.4823763889427201,3.3684210526315788
165,18,56,7,1.75,0.11458333333333333,0.39999999999999997,3.2
166,19,49,5,1.736842105263158,0.14021164021164023,0.5668594533825794,3.3157894736842106
167,18,51,4,1.75,0.12499999999999999,0.39999999999999997,3.2
168,19,50,8,1.7894736842105263,0.1640625,0.4823763889427201,3.3684210526315788
169,18,52,5,1.75,0.12239583333333334,0.39999999999999997,3.2
170,18,52,5,1.75,0.125,0.39999999999999997,3.2
171,19,55,8,1.7894736842105263,0.1328125,0.48237638894272,3.3684210526315788
172,19,54,7,1.7894736842105263,0.1328125,0.4823763889427201,3.3684210526315788
173,17,51,5,1.7142857142857142,0.1328125,0.21295885499997994,3.0476190476190474
174,19,55,4,1.7894736842105263,0.09375,0.4823763889427201,3.3684210526315788
175,17,53,7,1.7142857142857142,0.1328125,0.21295885499997994,3.0476190476190474
176,20,49,8,1.8333333333333333,0.17708333333333331,0.49690399499995325,3.5555555555555554
177,17,51,9,1.7142857142857142,0.171875,0.21295885499997994,3.0476190476190474
178,18,51,6,1.75,0.140625,0.39999999999999997,3.2
179,19,53,5,1.7894736842105263,0.1171875,0.4823763889427201,3.3684210526315788
180,18,52,5,1.75,0.12499999999999999,0.39999999999999997,3.2
181,18,51,7,1.75,0.15104166666666666,0.39999999999999997,3.2
182,19,47,11,1.736842105263158,0.21354166666666666,0.4823763889427201,3.3684210526315788
183,19,50,6,1.7894736842105263,0.15104166666666666,0.48237638894272,3.3684210526315788
184,18,49,9,1.75,0.18229166666666666,0.39999999999999997,3.2
185,18,52,3,1.75,0.109375,0.39999999999999997,3.2
186,18,52,6,1.75,0.13541666666666666,0.39999999999999997,3.2
187,18,51,5,1.75,0.1328125,0.39999999999999997,3.2
188,18,43,13,1.75,0.2604166666666667,0.39999999999999997,3.2
189,18,54,5,1.75,0.11197916666666666,0.39999999999999997,3.2
190,19,47,11,1.736842105263158,0.21354166666666663,0.4823763889427201,3.3684210526315788
191,18,51,11,1.75,0.1875,0.39999999999999997,3.2
192,18,45,11,1.75,0.2265625,0.39999999999999997,3.2
193,18,54,7,1.75,0.13020833333333331,0.39999999999999997,3.2
194,18,52,9,1.75,0.16145833333333334,0.39999999999999997,3.2
195,18,48,12,1.7,0.21614583333333331,0.39999999999999997,3.2
196,18,59,2,1.75,0.049479166666666664,0.39999999999999997,3.2
197,18,49,10,1.75,0.1953125,0.39999999999999997,3.2
198,19,48,8,1.7894736842105263,0.1796875,0.4823763889427201,3.3684210526315788
199,19,49,7,1.7894736842105263,0.15885416666666666,0.4823763889427201,3.3684210526315788
200,19,50,9,1.736842105263158,0.17708333333333331,0.4823763889427201,3.3684210526315788
201,17,47,13,1.6666666666666667,0.23177083333333331,0.21295885499997994,3.0476190476190474
202,19,50,11,1.7894736842105263,0.19270833333333331,0.4823763889427201,3.3684210526315788
203,17,46,10,1.7142857142857142,0.21354166666666666,0.21295885499997994,3.0476190476190474
204,18,45,10,1.75,0.21354166666666666,0.39999999999999997,3.2
205,19,49,10,1.7894736842105263,0.19010416666666666,0.4823763889427201,3.3684210526315788
206,18,45,13,1.7,0.24479166666666666,0.39999999999999997,3.2
207,20,46,10,1.8333333333333333,0.2109375,0.49690399499995325,3.5555555555555554
208,19,55,6,1.736842105263158,0.10846560846560846,0.5668594533825794,3.3157894736842106
209,19,47,8,1.736842105263158,0.19010416666666666,0.4823763889427201,3.3684210526315788
210,19,46,8,1.736842105263158,0.19047619047619047,0.5668594533825794,3.3157894736842106
211,18,51,7,1.75,0.15104166666666666,0.39999999999999997,3.2
212,17,47,8,1.7142857142857142,0.19010416666666666,0.21295885499997994,3.0476190476190474
213,17,51,7,1.6666666666666667,0.15104166666666666,0.21295885499997994,3.0476190476190474
214,19,53,7,1.7894736842105263,0.13802083333333331,0.4823763889427201,3.3684210526315788
215,19,50,10,1.736842105263158,0.1875,0.4823763889427201,3.3684210526315788
216,19,46,8,1.736842105263158,0.19270833333333331,0.4823763889427201,3.3684210526315788
217,19,46,10,1.7894736842105263,0.2109375,0.48237638894272,3.3684210526315788
218,18,47,11,1.65,0.21354166666666666,0.39999999999999997,3.2
219,19,46,13,1.736842105263158,0.234375,0.4823763889427201,3.3684210526315788
220,19,42,12,1.736842105263158,0.2578125,0.4823763889427201,3.3684210526315788
221,19,44,10,1.7894736842105263,0.22916666666666669,0.48237638894272,3.3684210526315788
222,19,48,13,1.736842105263158,0.2265625,0.4823763889427201,3.3684210526315788
223,18,49,9,1.7,0.17708333333333331,0.39999999999999997,3.2
224,18,47,10,1.75,0.20572916666666666,0.39999999999999997,3.2
225,20,50,10,1.7777777777777777,0.18489583333333331,0.49690399499995325,3.5555555555555554
226,18,48,9,1.75,0.19270833333333331,0.39999999999999997,3.2
227,18,48,13,1.75,0.2265625,0.39999999999999997,3.2
228,19,49,9,1.7894736842105263,0.18229166666666666,0.4823763889427201,3.3684210526315788
229,18,51,11,1.7,0.1875,0.39999999999999997,3.2
230,18,45,11,1.7,0.2265625,0.39999999999999997,3.2
231,18,43,15,1.7,0.27864583333333337,0.39999999999999997,3.2
232,18,47,11,1.75,0.21875,0.39999999999999997,3.2
233,19,50,11,1.7894736842105263,0.19270833333333331,0.4823763889427201,3.3684210526315788
234,20,46,13,1.7777777777777777,0.23697916666666666,0.49690399499995325,3.5555555555555554
235,18,42,13,1.7,0.2604166666666667,0.39999999999999997,3.2
236,18,48,11,1.75,0.20833333333333334,0.39999999999999997,3.2
237,18,47,12,1.7,0.22395833333333331,0.39999999999999997,3.2
238,18,45,12,1.75,0.234375,0.39999999999999997,3.2
239,18,50,12,1.7,0.203125,0.39999999999999997,3.2
240,19,44,10,1.6842105263157894,0.2222222222222222,0.5668594533825794,3.3157894736842106
241,19,47,12,1.736842105263158,0.21875,0.4823763889427201,3.3684210526315788
242,19,47,14,1.7894736842105263,0.23958333333333334,0.4823763889427201,3.3684210526315788
243,20,52,7,1.7777777777777777,0.140625,0.49690399499995325,3.5555555555555554
244,19,44,14,1.736842105263158,0.26041666666666663,0.4823763889427201,3.3684210526315788
245,18,46,14,1.7,0.24739583333333331,0.39999999999999997,3.2
246,18,46,13,1.7,0.2421875,0.39999999999999997,3.2
247,18,45,13,1.7,0.24739583333333331,0.39999999999999997,3.2
248,20,45,11,1.7777777777777777,0.2265625,0.49690399499995325,3.5555555555555554
249,19,46,14,1.736842105263158,0.24739583333333331,0.4823763889427201,3.3684210526315788
250,18,46,13,1.7,0.23697916666666666,0.39999999999999997,3.2
251,19,51,10,1.736842105263158,0.17708333333333331,0.4823763889427201,3.3684210526315788
252,20,45,13,1.7777777777777777,0.24074074074074076,0.6009252125773316,3.5
253,19,46,14,1.736842105263158,0.24739583333333331,0.4823763889427201,3.3684210526315788
254,18,45,14,1.75,0.25520833333333337,0.39999999999999997,3.2
255,18,46,11,1.7,0.21614583333333331,0.39999999999999997,3.2
256,18,50,11,1.65,0.19010416666666666,0.39999999999999997,3.2
257,19,49,11,1.7894736842105263,0.20052083333333331,0.48237638894272,3.3684210526315788
258,19,45,12,1.736842105263158,0.23177083333333331,0.4823763889427201,3.3684210526315788
259,20,44,12,1.8333333333333333,0.24479166666666669,0.49690399499995325,3.5555555555555554
260,17,44,15,1.6666666666666667,0.2734375,0.21295885499997994,3.0476190476190474
261,19,47,10,1.736842105263158,0.20634920634920634,0.5668594533825794,3.3157894736842106
262,18,41,16,1.65,0.2989417989417989,0.47696960070847283,3.15
263,18,45,13,1.7,0.24739583333333331,0.39999999999999997,3.2
264,18,46,15,1.7,0.2552083333333333,0.39999999999999997,3.2
265,19,45,15,1.6842105263157894,0.25925925925925924,0.5668594533825794,3.3157894736842106
266,18,44,16,1.7,0.27864583333333337,0.39999999999999997,3.2
267,18,45,14,1.7,0.25260416666666663,0.39999999999999997,3.2
268,18,47,11,1.7,0.21354166666666666,0.39999999999999997,3.2
269,17,46,13,1.6666666666666667,0.23697916666666663,0.21295885499997994,3.0476190476190474
270,17,45,15,1.6666666666666667,0.265625,0.21295885499997994,3.0476190476190474
271,18,46,15,1.7,0.2552083333333333,0.39999999999999997,3.2
272,19,48,14,1.7894736842105263,0.234375,0.4823763889427201,3.3684210526315788
273,18,43,16,1.7,0.28645833333333337,0.39999999999999997,3.2
274,19,47,13,1.7894736842105263,0.23177083333333331,0.4823763889427201,3.3684210526315788
275,18,40,18,1.65,0.31746031746031744,0.47696960070847283,3.15
276,19,44,14,1.736842105263158,0.265625,0.48237638894272,3.3684210526315788
277,18,45,17,1.7,0.28125,0.39999999999999997,3.2
278,19,44,15,1.736842105263158,0.27083333333333337,0.4823763889427201,3.3684210526315788
279,19,43,16,1.7894736842105263,0.2838541666666667,0.4823763889427201,3.3684210526315788
280,19,44,13,1.736842105263158,0.25,0.4823763889427201,3.3684210526315788
281,20,48,10,1.7777777777777777,0.1953125,0.49690399499995325,3.5555555555555554
282,19,42,13,1.6842105263157894,0.27083333333333337,0.48237638894272,3.3684210526315788
283,18,44,15,1.7,0.27083333333333337,0.39999999999999997,3.2
284,18,43,16,1.7,0.2890625,0.39999999999999997,3.2
285,18,46,14,1.7,0.24739583333333331,0.39999999999999997,3.2
286,18,44,16,1.7,0.27864583333333337,0.39999999999999997,3.2
287,18,45,15,1.7,0.2630208333333333,0.39999999999999997,3.2
288,20,43,16,1.7777777777777777,0.2864583333333333,0.49690399499995325,3.5555555555555554
289,19,44,13,1.6842105263157894,0.24603174603174602,0.5668594533825794,3.3157894736842106
290,19,43,15,1.7894736842105263,0.2760416666666667,0.48237638894272,3.3684210526315788
291,18,49,12,1.65,0.20634920634920634,0.47696960070847283,3.15
292,19,42,16,1.736842105263158,0.2890625,0.4823763889427201,3.3684210526315788
293,18,49,13,1.7,0.21614583333333334,0.39999999999999997,3.2
294,19,42,17,1.736842105263158,0.2994791666666667,0.4823763889427201,3.3684210526315788
295,20,41,18,1.7777777777777777,0.31770833333333337,0.49690399499995325,3.5555555555555554
296,19,42,13,1.736842105263158,0.2604166666666667,0.4823763889427201,3.3684210526315788
297,19,45,15,1.736842105263158,0.2604166666666667,0.4823763889427201,3.3684210526315788
298,19,44,15,1.736842105263158,0.27083333333333337,0.4823763889427201,3.3684210526315788
299,18,42,15,1.7,0.28645833333333337,0.39999999999999997,3.2
300,20,42,16,1.7777777777777777,0.2890625,0.49690399499995325,3.5555555555555554
301,18,42,16,1.7,0.29100529100529104,0.47696960070847283,3.15
302,18,44,15,1.75,0.27083333333333337,0.39999999999999997,3.2
303,20,45,14,1.7777777777777777,0.2578125,0.49690399499995325,3.5555555555555554
304,18,38,14,1.7,0.2994791666666667,0.39999999999999997,3.2
305,19,39,18,1.736842105263158,0.33333333333333337,0.48237638894272,3.3684210526315788
306,18,45,12,1.7,0.23697916666666669,0.39999999999999997,3.2
307,19,43,13,1.736842105263158,0.2578125,0.4823763889427201,3.3684210526315788
308,19,44,16,1.736842105263158,0.27864583333333337,0.4823763889427201,3.3684210526315788
309,18,46,15,1.7,0.2578125,0.39999999999999997,3.2
310,20,45,17,1.7777777777777777,0.28125,0.49690399499995325,3.5555555555555554
311,19,41,16,1.736842105263158,0.29427083333333337,0.4823763889427201,3.3684210526315788
312,19,46,13,1.736842105263158,0.23697916666666669,0.4823763889427201,3.3684210526315788
313,20,46,15,1.7777777777777777,0.2578125,0.49690399499995325,3.5555555555555554
314,18,42,16,1.7,0.29427083333333337,0.39999999999999997,3.2
315,20,42,15,1.7777777777777777,0.28385416666666663,0.49690399499995325,3.5555555555555554
316,18,42,17,1.7,0.3046875,0.39999999999999997,3.2
317,19,43,13,1.7894736842105263,0.2578125,0.4823763889427201,3.3684210526315788
318,19,41,19,1.736842105263158,0.32552083333333337,0.4823763889427201,3.3684210526315788
319,19,42,15,1.736842105263158,0.28385416666666663,0.4823763889427201,3.3684210526315788
320,19,42,17,1.6842105263157894,0.30158730158730157,0.5668594533825794,3.3157894736842106
321,19,45,15,1.736842105263158,0.26302083333333337,0.48237638894272,3.3684210526315788
322,20,43,13,1.7777777777777777,0.2578125,0.49690399499995325,3.5555555555555554
323,19,41,17,1.736842105263158,0.30989583333333337,0.4823763889427201,3.3684210526315788
324,18,41,17,1.7,0.30989583333333337,0.39999999999999997,3.2
325,18,41,15,1.7,0.2890625,0.39999999999999997,3.2
326,18,45,15,1.7,0.2630208333333333,0.39999999999999997,3.2
327,18,43,15,1.65,0.2777777777777778,0.47696960070847283,3.15
328,17,44,15,1.6666666666666667,0.2734375,0.21295885499997994,3.0476190476190474
329,19,44,13,1.736842105263158,0.25260416666666663,0.4823763889427201,3.3684210526315788
330,18,41,16,1.7,0.2994791666666667,0.39999999999999997,3.2
331,19,40,16,1.736842105263158,0.3046875,0.4823763889427201,3.3684210526315788
332,19,45,17,1.736842105263158,0.2786458333333333,0.4823763889427201,3.3684210526315788
333,19,37,17,1.736842105263158,0.3333333333333333,0.4823763889427201,3.3684210526315788
334,19,44,16,1.736842105263158,0.28125,0.4823763889427201,3.3684210526315788
335,20,43,15,1.7777777777777777,0.27604166666666663,0.49690399499995325,3.5555555555555554
336,18,47,11,1.7,0.21354166666666666,0.39999999999999997,3.2
337,18,43,14,1.7,0.265625,0.39999999999999997,3.2
338,18,43,16,1.7,0.2890625,0.39999999999999997,3.2
339,19,39,18,1.736842105263158,0.3229166666666667,0.4823763889427201,3.3684210526315788
340,19,41,16,1.7894736842105263,0.296875,0.4823763889427201,3.3684210526315788
341,19,43,15,1.736842105263158,0.2760416666666667,0.4823763889427201,3.3684210526315788
342,18,41,16,1.7,0.296875,0.39999999999999997,3.2
343,19,45,15,1.736842105263158,0.265625,0.4823763889427201,3.3684210526315788
344,20,42,16,1.7777777777777777,0.2916666666666667,0.49690399499995325,3.5555555555555554
345,18,43,15,1.7,0.2760416666666667,0.39999999999999997,3.2
346,19,41,17,1.736842105263158,0.3046875,0.4823763889427201,3.3684210526315788
347,19,42,18,1.736842105263158,0.3072916666666667,0.4823763889427201,3.3684210526315788
348,20,41,17,1.7777777777777777,0.3072916666666667,0.49690399499995325,3.5555555555555554
349,18,41,17,1.7,0.3072916666666667,0.39999999999999997,3.2
350,19,43,17,1.736842105263158,0.29427083333333337,0.48237638894272,3.3684210526315788
351,19,41,17,1.736842105263158,0.30989583333333337,0.4823763889427201,3.3684210526315788
352,19,42,15,1.736842105263158,0.2838541666666667,0.4823763889427201,3.3684210526315788
353,19,41,13,1.736842105263158,0.2760416666666667,0.4823763889427201,3.3684210526315788
354,19,42,18,1.736842105263158,0.3125,0.4823763889427201,3.3684210526315788
355,19,38,18,1.736842105263158,0.33333333333333337,0.48237638894272,3.3684210526315788
356,19,41,17,1.736842105263158,0.3072916666666667,0.48237638894272,3.3684210526315788
357,19,45,16,1.736842105263158,0.2734375,0.4823763889427201,3.3684210526315788
358,18,42,17,1.7,0.3046875,0.39999999999999997,3.2
359,19,42,16,1.736842105263158,0.29427083333333337,0.4823763889427201,3.3684210526315788
360,19,40,16,1.736842105263158,0.3072916666666667,0.4823763889427201,3.3684210526315788
361,19,42,15,1.736842105263158,0.2838541666666667,0.48237638894272,3.3684210526315788
362,19,41,15,1.6842105263157894,0.291005291005291,0.5668594533825794,3.3157894736842106
363,18,44,16,1.7,0.28125,0.39999999999999997,3.2
364,19,41,16,1.736842105263158,0.30208333333333337,0.4823763889427201,3.3684210526315788
365,19,41,18,1.736842105263158,0.31770833333333337,0.4823763889427201,3.3684210526315788
366,19,40,15,1.736842105263158,0.296875,0.4823763889427201,3.3684210526315788
367,19,42,16,1.736842105263158,0.2890625,0.4823763889427201,3.3684210526315788
368,19,40,18,1.736842105263158,0.32552083333333337,0.4823763889427201,3.3684210526315788
369,18,42,17,1.7,0.2994791666666667,0.39999999999999997,3.2
370,18,39,18,1.7,0.3307291666666667,0.39999999999999997,3.2
371,19,40,17,1.736842105263158,0.31770833333333337,0.4823763889427201,3.3684210526315788
372,19,40,16,1.736842105263158,0.3072916666666667,0.4823763889427201,3.3684210526315788
373,18,42,18,1.7,0.30989583333333337,0.39999999999999997,3.2
374,19,40,16,1.6842105263157894,0.30423280423280424,0.5668594533825794,3.3157894736842106
375,18,41,16,1.65,0.29894179894179895,0.47696960070847283,3.15
376,19,39,19,1.736842105263158,0.33333333333333337,0.4823763889427201,3.3684210526315788
377,18,44,16,1.7,0.27864583333333337,0.39999999999999997,3.2
378,19,44,17,1.736842105263158,0.28645833333333337,0.4823763889427201,3.3684210526315788
379,18,40,16,1.65,0.30952380952380953,0.47696960070847283,3.15
380,19,40,16,1.736842105263158,0.3072916666666667,0.4823763889427201,3.3684210526315788
381,20,39,18,1.7777777777777777,0.32552083333333337,0.49690399499995325,3.5555555555555554
382,18,40,18,1.7,0.3229166666666667,0.39999999999999997,3.2
383,18,44,15,1.75,0.2734375,0.39999999999999997,3.2
384,19,39,19,1.6842105263157894,0.3412698412698413,0.5668594533825794,3.3157894736842106
385,19,38,17,1.6842105263157894,0.3280423280423281,0.5668594533825794,3.3157894736842106
386,19,39,16,1.736842105263158,0.3125,0.4823763889427201,3.3684210526315788
387,19,39,15,1.736842105263158,0.30208333333333337,0.4823763889427201,3.3684210526315788
388,19,37,21,1.736842105263158,0.36979166666666663,0.4823763889427201,3.3684210526315788
389,19,39,17,1.736842105263158,0.3203125,0.4823763889427201,3.3684210526315788
390,18,42,17,1.65,0.30158730158730157,0.47696960070847283,3.15
391,18,39,18,1.7,0.3307291666666667,0.39999999999999997,3.2
392,19,39,18,1.736842105263158,0.328125,0.4823763889427201,3.3684210526315788
393,19,42,17,1.736842105263158,0.2994791666666667,0.4823763889427201,3.3684210526315788
394,19,41,16,1.736842105263158,0.30208333333333337,0.4823763889427201,3.3684210526315788
395,18,41,17,1.7,0.3125,0.39999999999999997,3.2
396,19,40,18,1.736842105263158,0.32552083333333337,0.4823763889427201,3.3684210526315788
397,19,38,17,1.736842105263158,0.3307291666666667,0.4823763889427201,3.3684210526315788
398,18,40,19,1.7,0.3307291666666667,0.39999999999999997,3.2
399,19,41,19,1.736842105263158,0.32552083333333337,0.4823763889427201,3.3684210526315788
400,18,38,21,1.7,0.36458333333333337,0.39999999999999997,3.2
401,19,43,15,1.736842105263158,0.2760416666666667,0.4823763889427201,3.3684210526315788
402,18,41,18,1.7,0.3151041666666667,0.39999999999999997,3.2
403,18,38,20,1.7,0.3515625,0.39999999999999997,3.2
404,20,41,18,1.7777777777777777,0.3203125,0.49690399499995325,3.5555555555555554
405,18,43,16,1.7,0.28645833333333337,0.39999999999999997,3.2
406,18,42,16,1.7,0.2916666666666667,0.39999999999999997,3.2
407,19,42,17,1.736842105263158,0.30208333333333337,0.48237638894272,3.3684210526315788
408,19,39,18,1.736842105263158,0.33333333333333337,0.4823763889427201,3.3684210526315788
409,20,37,19,1.7777777777777777,0.3515625,0.49690399499995325,3.5555555555555554
410,18,38,19,1.65,0.3465608465608466,0.47696960070847283,3.15
411,19,41,18,1.736842105263158,0.3203125,0.4823763889427201,3.3684210526315788
412,19,37,17,1.736842105263158,0.3359375,0.4823763889427201,3.3684210526315788
413,20,42,17,1.7777777777777777,0.3046875,0.49690399499995325,3.5555555555555554
414,18,37,19,1.7,0.3541666666666667,0.39999999999999997,3.2
415,19,43,17,1.736842105263158,0.29427083333333337,0.4823763889427201,3.3684210526315788
416,18,38,18,1.7,0.3385416666666667,0.39999999999999997,3.2
417,18,40,17,1.7,0.3203125,0.39999999999999997,3.2
418,18,42,18,1.7,0.30989583333333337,0.39999999999999997,3.2
419,19,39,18,1.736842105263158,0.33333333333333337,0.4823763889427201,3.3684210526315788
420,19,45,15,1.736842105263158,0.26302083333333337,0.4823763889427201,3.3684210526315788
421,18,39,17,1.7,0.32275132275132273,0.47696960070847283,3.15
422,19,41,16,1.7894736842105263,0.30208333333333337,0.48237638894272,3.3684210526315788
423,18,41,16,1.7,0.2994791666666667,0.39999999999999997,3.2
424,18,40,19,1.7,0.3359375,0.39999999999999997,3.2
425,18,38,17,1.7,0.3307291666666667,0.39999999999999997,3.2
426,18,41,17,1.7,0.3072916666666667,0.39999999999999997,3.2
427,19,37,20,1.736842105263158,0.36458333333333337,0.4823763889427201,3.3684210526315788
428,19,39,16,1.736842105263158,0.3125,0.4823763889427201,3.3684210526315788
429,18,39,19,1.7,0.3411458333333333,0.39999999999999997,3.2
430,18,43,17,1.7,0.29427083333333337,0.39999999999999997,3.2
431,20,32,17,1.7777777777777777,0.3671875,0.49690399499995325,3.5555555555555554
432,18,41,16,1.7,0.296875,0.39999999999999997,3.2
433,18,41,17,1.7,0.30989583333333337,0.39999999999999997,3.2
434,18,39,18,1.65,0.3280423280423281,0.47696960070847283,3.15
435,19,38,19,1.736842105263158,0.3515625,0.4823763889427201,3.3684210526315788
436,18,36,19,1.65,0.35714285714285715,0.47696960070847283,3.15
437,19,41,17,1.736842105263158,0.30208333333333337,0.4823763889427201,3.3684210526315788
438,18,42,17,1.7,0.30208333333333337,0.39999999999999997,3.2
439,19,41,17,1.736842105263158,0.3072916666666667,0.4823763889427201,3.3684210526315788
440,19,38,21,1.736842105263158,0.36458333333333337,0.4823763889427201,3.3684210526315788
441,18,39,19,1.65,0.33862433862433866,0.47696960070847283,3.15
442,18,35,19,1.65,0.3677248677248677,0.47696960070847283,3.15
443,18,42,17,1.7,0.30208333333333337,0.39999999999999997,3.2
444,18,40,18,1.7,0.32552083333333337,0.39999999999999997,3.2
445,18,39,19,1.7,0.3385416666666667,0.39999999999999997,3.2
446,20,39,20,1.7777777777777777,0.3489583333333333,0.49690399499995325,3.5555555555555554
447,19,40,18,1.736842105263158,0.32552083333333337,0.4823763889427201,3.3684210526315788
448,19,39,19,1.736842105263158,0.34375,0.4823763889427201,3.3684210526315788
449,19,40,19,1.736842105263158,0.3333333333333333,0.4823763889427201,3.3684210526315788
450,19,37,20,1.736842105263158,0.3619791666666667,0.4823763889427201,3.3684210526315788
451,18,39,18,1.7,0.328125,0.39999999999999997,3.2
452,18,41,18,1.7,0.31770833333333337,0.39999999999999997,3.2
453,18,35,20,1.7,0.3776041666666667,0.39999999999999997,3.2
454,18,39,18,1.7,0.3359375,0.39999999999999997,3.2
455,18,40,17,1.7,0.3151041666666667,0.39999999999999997,3.2
456,18,42,17,1.7,0.30208333333333337,0.39999999999999997,3.2
457,19,38,21,1.736842105263158,0.3671875,0.4823763889427201,3.3684210526315788
458,19,39,16,1.736842105263158,0.3151041666666667,0.4823763889427201,3.3684210526315788
459,20,40,18,1.7777777777777777,0.3229166666666667,0.49690399499995325,3.5555555555555554
460,18,40,18,1.65,0.3253968253968254,0.47696960070847283,3.15
461,18,38,21,1.7,0.36458333333333337,0.39999999999999997,3.2
462,19,40,20,1.736842105263158,0.34114583333333337,0.4823763889427201,3.3684210526315788
463,19,39,19,1.736842105263158,0.34114583333333337,0.48237638894272,3.3684210526315788
464,18,41,17,1.7,0.3125,0.39999999999999997,3.2
465,20,41,16,1.7777777777777777,0.30208333333333337,0.49690399499995325,3.5555555555555554
466,19,39,18,1.736842105263158,0.3307291666666667,0.48237638894272,3.3684210526315788
467,18,42,17,1.7,0.3046875,0.39999999999999997,3.2
468,19,36,22,1.736842105263158,0.38802083333333337,0.4823763889427201,3.3684210526315788
469,18,41,18,1.7,0.31770833333333337,0.39999999999999997,3.2
470,18,38,19,1.65,0.3465608465608466,0.47696960070847283,3.15
471,19,40,17,1.736842105263158,0.3151041666666667,0.4823763889427201,3.3684210526315788
472,18,38,19,1.65,0.3465608465608466,0.47696960070847283,3.15
473,18,40,18,1.7,0.328125,0.39999999999999997,3.2
474,18,37,20,1.7,0.36458333333333337,0.39999999999999997,3.2
475,18,40,19,1.7,0.3359375,0.39999999999999997,3.2
476,18,37,16,1.7,0.3307291666666667,0.39999999999999997,3.2
477,19,37,19,1.736842105263158,0.3541666666666667,0.4823763889427201,3.3684210526315788
478,18,39,17,1.7,0.32552083333333337,0.39999999999999997,3.2
479,20,42,17,1.7777777777777777,0.296875,0.49690399499995325,3.5555555555555554
480,18,39,20,1.7,0.3489583333333333,0.39999999999999997,3.2
481,19,35,18,1.736842105263158,0.36458333333333337,0.48237638894272,3.3684210526315788
482,18,41,18,1.7,0.3151041666666667,0.39999999999999997,3.2
483,19,37,19,1.6842105263157894,0.3544973544973545,0.5668594533825794,3.3157894736842106
484,19,38,22,1.736842105263158,0.3723958333333333,0.4823763889427201,3.3684210526315788
485,18,41,17,1.7,0.3046875,0.39999999999999997,3.2
486,18,37,17,1.65,0.33068783068783064,0.47696960070847283,3.15
487,18,44,17,1.7,0.2890625,0.39999999999999997,3.2
488,20,35,22,1.7777777777777777,0.3932291666666667,0.49690399499995325,3.5555555555555554
489,18,43,16,1.75,0.28645833333333337,0.39999999999999997,3.2
490,19,42,17,1.736842105263158,0.30208333333333337,0.4823763889427201,3.3684210526315788
491,18,39,20,1.7,0.34895833333333337,0.39999999999999997,3.2
492,19,38,19,1.736842105263158,0.34895833333333337,0.4823763889427201,3.3684210526315788
493,18,39,20,1.7,0.3515625,0.39999999999999997,3.2
494,18,37,17,1.7,0.3359375,0.39999999999999997,3.2
495,19,38,21,1.736842105263158,0.3671875,0.4823763889427201,3.3684210526315788
496,18,39,16,1.7,0.3151041666666667,0.39999999999999997,3.2
497,19,39,18,1.736842105263158,0.3359375,0.4823763889427201,3.3684210526315788
498,19,41,17,1.736842105263158,0.30989583333333337,0.4823763889427201,3.3684210526315788
499,19,36,21,1.736842105263158,0.38020833333333337,0.4823763889427201,3.3684210526315788
500,19,40,20,1.736842105263158,0.34375,0.4823763889427201,3.3684210526315788
501,18,34,21,1.65,0.3888888888888889,0.47696960070847283,3.15
502,19,41,18,1.736842105263158,0.31770833333333337,0.4823763889427201,3.3684210526315788
503,19,38,17,1.736842105263158,0.328125,0.48237638894272,3.3684210526315788
504,19,43,18,1.736842105263158,0.3046875,0.4823763889427201,3.3684210526315788
505,19,39,19,1.736842105263158,0.34375,0.4823763889427201,3.3684210526315788
506,19,35,21,1.6842105263157894,0.3862433862433863,0.5668594533825794,3.3157894736842106
507,19,40,18,1.736842105263158,0.32552083333333337,0.4823763889427201,3.3684210526315788
508,19,40,20,1.736842105263158,0.34114583333333337,0.4823763889427201,3.3684210526315788
509,18,38,21,1.7,0.36458333333333337,0.39999999999999997,3.2
510,19,34,22,1.736842105263158,0.4010416666666667,0.4823763889427201,3.3684210526315788
511,19,39,18,1.736842105263158,0.3359375,0.4823763889427201,3.3684210526315788
512,18,36,21,1.7,0.375,0.39999999999999997,3.2
513,19,40,21,1.736842105263158,0.3515625,0.4823763889427201,3.3684210526315788
514,18,41,17,1.75,0.3098958333333333,0.39999999999999997,3.2
515,18,37,17,1.7,0.3359375,0.39999999999999997,3.2
516,19,38,20,1.736842105263158,0.35677083333333337,0.4823763889427201,3.3684210526315788
517,20,39,19,1.7777777777777777,0.34114583333333337,0.49690399499995325,3.5555555555555554
518,19,39,19,1.736842105263158,0.34114583333333337,0.4823763889427201,3.3684210526315788
519,18,39,20,1.7,0.34895833333333337,0.39999999999999997,3.2
520,19,39,18,1.736842105263158,0.33333333333333337,0.4823763889427201,3.3684210526315788
521,18,37,20,1.65,0.36507936507936506,0.47696960070847283,3.15
522,20,34,20,1.7777777777777777,0.3828125,0.49690399499995325,3.5555555555555554
523,19,42,17,1.736842105263158,0.2994791666666667,0.4823763889427201,3.3684210526315788
524,18,40,19,1.7,0.33333333333333337,0.39999999999999997,3.2
525,18,41,19,1.7,0.328125,0.39999999999999997,3.2
526,17,41,19,1.6666666666666667,0.328125,0.21295885499997994,3.0476190476190474
527,18,37,20,1.65,0.3624338624338625,0.47696960070847283,3.15
528,18,42,20,1.7,0.328125,0.39999999999999997,3.2
529,19,39,18,1.736842105263158,0.3307291666666667,0.4823763889427201,3.3684210526315788
530,18,38,21,1.65,0.36507936507936506,0.47696960070847283,3.15
531,18,41,18,1.7,0.3151041666666667,0.39999999999999997,3.2
532,19,39,20,1.736842105263158,0.3463541666666667,0.4823763889427201,3.3684210526315788
533,18,40,17,1.7,0.3151041666666667,0.39999999999999997,3.2
534,19,39,19,1.736842105263158,0.34114583333333337,0.4823763889427201,3.3684210526315788
535,19,37,20,1.736842105263158,0.36458333333333337,0.4823763889427201,3.3684210526315788
536,19,39,18,1.736842105263158,0.3307291666666667,0.48237638894272,3.3684210526315788
537,19,39,21,1.736842105263158,0.35677083333333337,0.4823763889427201,3.3684210526315788
538,18,34,22,1.65,0.40211640211640215,0.47696960070847283,3.15
539,19,34,22,1.736842105263158,0.3984375,0.4823763889427201,3.3684210526315788
540,17,39,20,1.7142857142857142,0.3489583333333333,0.21295885499997994,3.0476190476190474
541,19,35,20,1.736842105263158,0.3697916666666667,0.4823763889427201,3.3684210526315788
542,19,38,21,1.736842105263158,0.36458333333333337,0.4823763889427201,3.3684210526315788
543,19,36,20,1.736842105263158,0.3697916666666667,0.4823763889427201,3.3684210526315788
544,19,43,17,1.736842105263158,0.296875,0.4823763889427201,3.3684210526315788
545,18,40,19,1.7,0.3359375,0.39999999999999997,3.2
546,19,41,17,1.736842105263158,0.30729166666666663,0.4823763889427201,3.3684210526315788
547,19,38,20,1.736842105263158,0.35677083333333337,0.48237638894272,3.3684210526315788
548,19,37,22,1.6842105263157894,0.37830687830687837,0.5668594533825794,3.3157894736842106
549,20,40,20,1.7777777777777777,0.34375,0.49690399499995325,3.5555555555555554
550,19,41,20,1.736842105263158,0.33333333333333337,0.4823763889427201,3.3684210526315788
551,18,34,24,1.7,0.41927083333333337,0.39999999999999997,3.2
552,19,35,23,1.736842105263158,0.40364583333333337,0.48237638894272,3.3684210526315788
553,20,37,21,1.7777777777777777,0.37239583333333337,0.49690399499995325,3.5555555555555554
554,18,37,20,1.7,0.3671875,0.39999999999999997,3.2
555,18,36,19,1.7,0.3619791666666667,0.39999999999999997,3.2
556,20,37,19,1.7777777777777777,0.3567708333333333,0.49690399499995325,3.5555555555555554
557,19,40,20,1.736842105263158,0.34114583333333337,0.4823763889427201,3.3684210526315788
558,19,39,20,1.736842105263158,0.3515625,0.4823763889427201,3.3684210526315788
559,17,40,19,1.6666666666666667,0.3359375,0.21295885499997994,3.0476190476190474
560,18,38,22,1.7,0.375,0.39999999999999997,3.2
561,19,40,16,1.736842105263158,0.3072916666666667,0.48237638894272,3.3684210526315788
562,18,37,22,1.7,0.3828125,0.39999999999999997,3.2
563,18,38,18,1.7,0.3359375,0.39999999999999997,3.2
564,19,39,20,1.736842105263158,0.3489583333333333,0.4823763889427201,3.3684210526315788
565,18,36,22,1.7,0.3854166666666667,0.39999999999999997,3.2
566,18,37,19,1.7,0.3541666666666667,0.39999999999999997,3.2
567,18,38,18,1.7,0.33333333333333337,0.39999999999999997,3.2
568,19,37,18,1.736842105263158,0.3463541666666667,0.4823763889427201,3.3684210526315788
569,18,36,21,1.7,0.38020833333333337,0.39999999999999997,3.2
570,19,40,18,1.736842105263158,0.3255208333333333,0.4823763889427201,3.3684210526315788
571,19,39,19,1.736842105263158,0.34375,0.4823763889427201,3.3684210526315788
572,19,38,17,1.736842105263158,0.3307291666666667,0.4823763889427201,3.3684210526315788
573,18,38,20,1.7,0.3567708333333333,0.39999999999999997,3.2
574,19,40,19,1.736842105263158,0.3307291666666667,0.4823763889427201,3.3684210526315788
575,19,37,19,1.736842105263158,0.3567708333333333,0.4823763889427201,3.3684210526315788
576,18,40,21,1.7,0.3515625,0.39999999999999997,3.2
577,18,37,19,1.7,0.3541666666666667,0.39999999999999997,3.2
578,19,38,19,1.736842105263158,0.34895833333333337,0.48237638894272,3.3684210526315788
579,20,39,20,1.7777777777777777,0.3515625,0.49690399499995325,3.5555555555555554
580,18,38,19,1.7,0.34635416666666663,0.39999999999999997,3.2
581,18,38,19,1.7,0.3463541666666667,0.39999999999999997,3.2
582,18,37,18,1.7,0.34375,0.39999999999999997,3.2
583,18,35,21,1.65,0.3888888888888889,0.47696960070847283,3.15
584,18,39,19,1.7,0.34375,0.39999999999999997,3.2
585,19,38,20,1.736842105263158,0.359375,0.4823763889427201,3.3684210526315788
586,19,37,21,1.736842105263158,0.37239583333333337,0.4823763889427201,3.3684210526315788
587,20,35,21,1.7777777777777777,0.3854166666666667,0.49690399499995325,3.5555555555555554
588,19,40,18,1.736842105263158,0.328125,0.4823763889427201,3.3684210526315788
589,18,35,22,1.7,0.39583333333333337,0.39999999999999997,3.2
590,18,34,23,1.7,0.4088541666666667,0.39999999999999997,3.2
591,19,34,21,1.736842105263158,0.39322916666666663,0.48237638894272,3.3684210526315788
592,19,35,22,1.736842105263158,0.3932291666666667,0.4823763889427201,3.3684210526315788
593,18,38,21,1.7,0.36458333333333337,0.39999999999999997,3.2
594,18,40,20,1.7,0.34375,0.39999999999999997,3.2
595,18,41,18,1.65,0.31746031746031744,0.47696960070847283,3.15
596,19,33,21,1.6842105263157894,0.3994708994708994,0.5668594533825794,3.3157894736842106
597,19,38,18,1.6842105263157894,0.33862433862433866,0.5668594533825794,3.3157894736842106
598,18,36,20,1.7,0.3671875,0.39999999999999997,3.2
599,19,34,21,1.736842105263158,0.3932291666666667,0.4823763889427201,3.3684210526315788
600,18,35,20,1.7,0.375,0.39999999999999997,3.2
601,18,40,19,1.7,0.3359375,0.39999999999999997,3.2
602,19,33,24,1.736842105263158,0.42447916666666663,0.48237638894272,3.3684210526315788
603,19,39,19,1.736842105263158,0.34375,0.4823763889427201,3.3684210526315788
604,18,37,19,1.7,0.359375,0.39999999999999997,3.2
605,20,35,21,1.7777777777777777,0.3854166666666667,0.49690399499995325,3.5555555555555554
606,19,38,21,1.736842105263158,0.3645833333333333,0.4823763889427201,3.3684210526315788
607,19,38,21,1.736842105263158,0.36458333333333337,0.4823763889427201,3.3684210526315788
608,19,36,21,1.736842105263158,0.3776041666666667,0.4823763889427201,3.3684210526315788
609,19,35,22,1.736842105263158,0.39322916666666663,0.4823763889427201,3.3684210526315788
610,18,37,20,1.7,0.3671875,0.39999999999999997,3.2
611,19,39,20,1.736842105263158,0.34895833333333337,0.48237638894272,3.3684210526315788
612,18,35,25,1.7,0.421875,0.39999999999999997,3.2
613,19,39,20,1.736842105263158,0.34895833333333337,0.4823763889427201,3.3684210526315788
614,18,40,18,1.7,0.3255208333333333,0.39999999999999997,3.2
615,18,36,17,1.7,0.34895833333333337,0.39999999999999997,3.2
616,19,38,20,1.736842105263158,0.3567708333333333,0.4823763889427201,3.3684210526315788
617,19,38,20,1.736842105263158,0.359375,0.4823763889427201,3.3684210526315788
618,19,39,19,1.736842105263158,0.3385416666666667,0.4823763889427201,3.3684210526315788
619,18,36,20,1.7,0.3697916666666667,0.39999999999999997,3.2
620,19,36,21,1.736842105263158,0.3828125,0.4823763889427201,3.3684210526315788
621,18,40,19,1.7,0.3359375,0.39999999999999997,3.2
622,18,34,23,1.7,0.41145833333333337,0.39999999999999997,3.2
623,19,38,22,1.736842105263158,0.375,0.48237638894272,3.3684210526315788
624,19,39,20,1.736842105263158,0.3463541666666667,0.48237638894272,3.3684210526315788
625,18,35,23,1.7,0.40625,0.39999999999999997,3.2
626,19,37,20,1.736842105263158,0.3619791666666667,0.4823763889427201,3.3684210526315788
627,19,35,23,1.736842105263158,0.40625,0.4823763889427201,3.3684210526315788
628,18,35,23,1.7,0.40625,0.39999999999999997,3.2
629,18,35,23,1.7,0.4010416666666667,0.39999999999999997,3.2
630,20,36,22,1.7777777777777777,0.38802083333333337,0.49690399499995325,3.5555555555555554
631,19,38,21,1.736842105263158,0.3671875,0.4823763889427201,3.3684210526315788
632,19,36,20,1.736842105263158,0.3697916666666667,0.4823763889427201,3.3684210526315788
633,18,36,21,1.7,0.375,0.39999999999999997,3.2
634,19,37,20,1.6842105263157894,0.3624338624338625,0.5668594533825794,3.3157894736842106
635,19,33,25,1.736842105263158,0.4322916666666667,0.4823763889427201,3.3684210526315788
636,19,38,19,1.736842105263158,0.3515625,0.4823763889427201,3.3684210526315788
637,18,36,22,1.7,0.390625,0.39999999999999997,3.2
638,18,37,20,1.7,0.36458333333333337,0.39999999999999997,3.2
639,19,40,19,1.736842105263158,0.3359375,0.4823763889427201,3.3684210526315788
640,19,33,24,1.736842105263158,0.4244791666666667,0.4823763889427201,3.3684210526315788
641,18,37,20,1.7,0.36458333333333337,0.39999999999999997,3.2
642,19,34,22,1.736842105263158,0.40625,0.4823763889427201,3.3684210526315788
643,18,36,23,1.7,0.3984375,0.39999999999999997,3.2
644,19,38,20,1.736842105263158,0.35677083333333337,0.4823763889427201,3.3684210526315788
645,19,38,19,1.736842105263158,0.34895833333333337,0.4823763889427201,3.3684210526315788
646,18,35,21,1.7,0.3854166666666667,0.39999999999999997,3.2
647,20,40,20,1.7777777777777777,0.34114583333333337,0.49690399499995325,3.5555555555555554
648,19,36,21,1.736842105263158,0.3776041666666667,0.4823763889427201,3.3684210526315788
649,18,39,20,1.7,0.3463541666666667,0.39999999999999997,3.2
650,18,36,22,1.7,0.3880208333333333,0.39999999999999997,3.2
651,19,37,23,1.736842105263158,0.390625,0.48237638894272,3.3684210526315788
652,18,39,20,1.7,0.34895833333333337,0.39999999999999997,3.2
653,20,36,22,1.7777777777777777,0.38802083333333337,0.49690399499995325,3.5555555555555554
654,19,34,20,1.736842105263158,0.38020833333333337,0.4823763889427201,3.3684210526315788
655,19,39,20,1.736842105263158,0.3463541666666667,0.4823763889427201,3.3684210526315788
656,19,37,21,1.736842105263158,0.375,0.48237638894272,3.3684210526315788
657,19,40,19,1.736842105263158,0.3359375,0.48237638894272,3.3684210526315788
658,19,38,22,1.736842105263158,0.3697916666666667,0.4823763889427201,3.3684210526315788
659,18,39,20,1.7,0.3515625,0.39999999999999997,3.2
660,18,35,19,1.7,0.36458333333333337,0.39999999999999997,3.2
661,19,38,22,1.736842105263158,0.375,0.4823763889427201,3.3684210526315788
662,18,38,19,1.7,0.3463541666666667,0.39999999999999997,3.2
663,18,37,22,1.7,0.3828125,0.39999999999999997,3.2
664,19,38,21,1.736842105263158,0.3671875,0.4823763889427201,3.3684210526315788
665,19,30,26,1.736842105263158,0.46354166666666663,0.4823763889427201,3.3684210526315788
666,18,36,23,1.7,0.3984375,0.39999999999999997,3.2
667,19,37,20,1.736842105263158,0.3671875,0.4823763889427201,3.3684210526315788
668,19,34,22,1.736842105263158,0.4010416666666667,0.4823763889427201,3.3684210526315788
669,19,37,22,1.736842105263158,0.3828125,0.48237638894272,3.3684210526315788
670,19,36,23,1.736842105263158,0.3984375,0.48237638894272,3.3684210526315788
671,19,38,20,1.736842105263158,0.35677083333333337,0.48237638894272,3.3684210526315788
672,18,35,22,1.7,0.39322916666666663,0.39999999999999997,3.2
673,18,35,21,1.7,0.38541666666666663,0.39999999999999997,3.2
674,18,37,22,1.7,0.3828125,0.39999999999999997,3.2
675,18,35,21,1.7,0.3854166666666667,0.39999999999999997,3.2
676,18,33,24,1.7,0.42708333333333337,0.39999999999999997,3.2
677,19,35,22,1.736842105263158,0.3932291666666667,0.48237638894272,3.3684210526315788
678,18,34,22,1.7,0.4010416666666667,0.39999999999999997,3.2
679,19,37,21,1.6842105263157894,0.36772486772486773,0.5668594533825794,3.3157894736842106
680,18,33,24,1.7,0.4244791666666667,0.39999999999999997,3.2
681,18,34,23,1.65,0.41005291005291006,0.47696960070847283,3.15
682,18,35,22,1.7,0.39583333333333337,0.39999999999999997,3.2
683,19,30,22,1.736842105263158,0.42708333333333337,0.4823763889427201,3.3684210526315788
684,18,35,21,1.65,0.3888888888888889,0.47696960070847283,3.15
685,18,34,25,1.7,0.4296875,0.39999999999999997,3.2
686,18,38,21,1.7,0.3671875,0.39999999999999997,3.2
687,18,37,21,1.7,0.375,0.39999999999999997,3.2
688,18,37,23,1.7,0.390625,0.39999999999999997,3.2
689,19,35,22,1.6842105263157894,0.3941798941798942,0.5668594533825794,3.3157894736842106
690,18,37,21,1.7,0.37239583333333337,0.39999999999999997,3.2
691,19,35,21,1.736842105263158,0.3880208333333333,0.48237638894272,3.3684210526315788
692,18,40,19,1.7,0.33333333333333337,0.39999999999999997,3.2
693,18,37,21,1.7,0.36979166666666663,0.39999999999999997,3.2
694,19,38,22,1.736842105263158,0.37239583333333337,0.48237638894272,3.3684210526315788
695,19,40,20,1.736842105263158,0.34375,0.4823763889427201,3.3684210526315788
696,18,34,24,1.7,0.41927083333333337,0.39999999999999997,3.2
697,19,37,22,1.736842105263158,0.38020833333333337,0.4823763889427201,3.3684210526315788
698,19,37,20,1.7894736842105263,0.3619791666666667,0.4823763889427201,3.3684210526315788
699,19,38,20,1.736842105263158,0.3515625,0.4823763889427201,3.3684210526315788
700,19,37,20,1.736842105263158,0.3671875,0.4823763889427201,3.3684210526315788
701,19,36,21,1.736842105263158,0.3776041666666667,0.4823763889427201,3.3684210526315788
702,18,38,21,1.7,0.3671875,0.39999999999999997,3.2
703,19,38,21,1.736842105263158,0.3671875,0.48237638894272,3.3684210526315788
704,19,38,20,1.736842105263158,0.35677083333333337,0.48237638894272,3.3684210526315788
705,19,38,21,1.736842105263158,0.3671875,0.4823763889427201,3.3684210526315788
706,18,37,21,1.7,0.37239583333333337,0.39999999999999997,3.2
707,19,35,22,1.736842105263158,0.3932291666666667,0.48237638894272,3.3684210526315788
708,20,39,20,1.7777777777777777,0.3515625,0.49690399499995325,3.5555555555555554
709,18,35,23,1.65,0.4021164021164021,0.47696960070847283,3.15
710,19,35,24,1.6842105263157894,0.4126984126984127,0.5668594533825794,3.3157894736842106
711,19,33,24,1.6842105263157894,0.42592592592592593,0.5668594533825794,3.3157894736842106
712,19,35,21,1.736842105263158,0.390625,0.4823763889427201,3.3684210526315788
713,18,35,23,1.7,0.40625,0.39999999999999997,3.2
714,19,30,22,1.736842105263158,0.42708333333333337,0.4823763889427201,3.3684210526315788
715,19,39,20,1.736842105263158,0.3515625,0.4823763889427201,3.3684210526315788
716,19,35,22,1.736842105263158,0.39322916666666663,0.4823763889427201,3.3684210526315788
717,19,37,23,1.736842105263158,0.390625,0.4823763889427201,3.3684210526315788
718,18,33,22,1.65,0.4100529100529101,0.47696960070847283,3.15
719,18,37,19,1.7,0.35677083333333337,0.39999999999999997,3.2
720,18,34,24,1.7,0.421875,0.39999999999999997,3.2
721,18,38,21,1.7,0.3619791666666667,0.39999999999999997,3.2
722,18,34,26,1.7,0.4375,0.39999999999999997,3.2
723,19,36,23,1.736842105263158,0.3984375,0.48237638894272,3.3684210526315788
724,18,33,22,1.7,0.40625,0.39999999999999997,3.2
725,18,36,21,1.7,0.3828125,0.39999999999999997,3.2
726,19,34,24,1.736842105263158,0.421875,0.4823763889427201,3.3684210526315788
727,19,35,24,1.736842105263158,0.4140625,0.48237638894272,3.3684210526315788
728,18,35,23,1.7,0.40364583333333337,0.39999999999999997,3.2
729,19,39,21,1.736842105263158,0.35677083333333337,0.4823763889427201,3.3684210526315788
730,18,35,22,1.7,0.3984375,0.39999999999999997,3.2
731,18,36,23,1.7,0.3984375,0.39999999999999997,3.2
732,18,36,22,1.7,0.38802083333333337,0.39999999999999997,3.2
733,18,32,25,1.65,0.4417989417989418,0.47696960070847283,3.15
734,18,34,21,1.7,0.390625,0.39999999999999997,3.2
735,19,31,26,1.736842105263158,0.4609375,0.48237638894272,3.3684210526315788
736,19,34,24,1.736842105263158,0.421875,0.48237638894272,3.3684210526315788
737,18,39,21,1.7,0.35677083333333337,0.39999999999999997,3.2
738,19,32,24,1.736842105263158,0.4375,0.48237638894272,3.3684210526315788
739,19,36,23,1.736842105263158,0.3984375,0.48237638894272,3.3684210526315788
740,18,35,22,1.7,0.3958333333333333,0.39999999999999997,3.2
741,18,33,24,1.7,0.4270833333333333,0.39999999999999997,3.2
742,18,39,18,1.7,0.3333333333333333,0.39999999999999997,3.2
743,19,32,23,1.6842105263157894,0.425925925925926,0.5668594533825794,3.3157894736842106
744,18,31,26,1.7,0.4583333333333333,0.39999999999999997,3.2
745,19,35,23,1.736842105263158,0.40364583333333337,0.48237638894272,3.3684210526315788
746,20,34,23,1.7777777777777777,0.4140625,0.49690399499995325,3.5555555555555554
747,19,34,23,1.736842105263158,0.41145833333333337,0.4823763889427201,3.3684210526315788
748,19,32,26,1.736842105263158,0.45052083333333337,0.48237638894272,3.3684210526315788
749,18,36,22,1.7,0.390625,0.39999999999999997,3.2
750,18,36,23,1.7,0.3958333333333333,0.39999999999999997,3.2
751,19,35,24,1.736842105263158,0.41145833333333337,0.4823763889427201,3.3684210526315788
752,18,30,25,1.65,0.45238095238095233,0.47696960070847283,3.15
753,18,35,23,1.7,0.40625,0.39999999999999997,3.2
754,19,31,25,1.736842105263158,0.45052083333333337,0.4823763889427201,3.3684210526315788
755,18,35,24,1.7,0.4140625,0.39999999999999997,3.2
756,18,36,23,1.7,0.3984375,0.39999999999999997,3.2
757,19,33,26,1.736842105263158,0.4453125,0.48237638894272,3.3684210526315788
758,18,31,24,1.65,0.4444444444444444,0.47696960070847283,3.15
759,18,36,23,1.7,0.3958333333333333,0.39999999999999997,3.2
760,19,30,26,1.736842105263158,0.46354166666666663,0.48237638894272,3.3684210526315788
761,18,30,26,1.7,0.4661458333333333,0.39999999999999997,3.2
762,19,37,22,1.736842105263158,0.3828125,0.4823763889427201,3.3684210526315788
763,19,34,24,1.736842105263158,0.41927083333333337,0.4823763889427201,3.3684210526315788
764,19,37,21,1.736842105263158,0.375,0.4823763889427201,3.3684210526315788
765,19,33,24,1.736842105263158,0.4244791666666667,0.4823763889427201,3.3684210526315788
766,18,35,22,1.7,0.3984375,0.39999999999999997,3.2
767,18,33,25,1.65,0.4365079365079365,0.47696960070847283,3.15
768,18,29,26,1.7,0.4739583333333333,0.39999999999999997,3.2
769,18,38,21,1.7,0.3671875,0.39999999999999997,3.2
770,20,30,26,1.7777777777777777,0.4635416666666667,0.49690399499995325,3.5555555555555554
771,18,37,22,1.7,0.3828125,0.39999999999999997,3.2
772,19,35,24,1.736842105263158,0.4114583333333333,0.4823763889427201,3.3684210526315788
773,19,37,22,1.736842105263158,0.3828125,0.4823763889427201,3.3684210526315788
774,18,32,24,1.7,0.43489583333333337,0.39999999999999997,3.2
775,18,35,24,1.7,0.4140625,0.39999999999999997,3.2
776,19,34,24,1.736842105263158,0.41927083333333337,0.4823763889427201,3.3684210526315788
777,19,31,26,1.736842105263158,0.4609375,0.4823763889427201,3.3684210526315788
778,18,33,23,1.65,0.42063492063492064,0.47696960070847283,3.15
779,19,32,25,1.736842105263158,0.4453125,0.48237638894272,3.3684210526315788
780,19,33,26,1.736842105263158,0.4453125,0.4823763889427201,3.3684210526315788
781,18,32,24,1.7,0.43229166666666663,0.39999999999999997,3.2
782,20,33,25,1.7777777777777777,0.4375,0.49690399499995325,3.5555555555555554
783,19,35,23,1.736842105263158,0.40364583333333337,0.48237638894272,3.3684210526315788
784,19,30,28,1.736842105263158,0.484375,0.4823763889427201,3.3684210526315788
785,19,32,25,1.736842105263158,0.44270833333333337,0.48237638894272,3.3684210526315788
786,18,36,20,1.7,0.375,0.39999999999999997,3.2
787,18,35,24,1.7,0.4114583333333333,0.39999999999999997,3.2
788,18,32,21,1.7,0.3958333333333333,0.39999999999999997,3.2
789,19,36,23,1.736842105263158,0.3984375,0.4823763889427201,3.3684210526315788
790,19,31,26,1.736842105263158,0.45833333333333337,0.4823763889427201,3.3684210526315788
791,18,33,23,1.7,0.41666666666666663,0.39999999999999997,3.2
792,19,31,25,1.736842105263158,0.453125,0.4823763889427201,3.3684210526315788
793,18,33,24,1.7,0.42708333333333337,0.39999999999999997,3.2
794,19,34,25,1.736842105263158,0.4296875,0.4823763889427201,3.3684210526315788
795,19,32,25,1.736842105263158,0.4453125,0.4823763889427201,3.3684210526315788
796,19,35,23,1.6842105263157894,0.40476190476190477,0.5668594533825794,3.3157894736842106
797,19,34,25,1.736842105263158,0.4296875,0.4823763889427201,3.3684210526315788
798,19,32,27,1.736842105263158,0.4609375,0.4823763889427201,3.3684210526315788
799,19,32,25,1.736842105263158,0.44270833333333337,0.4823763889427201,3.3684210526315788
800,19,39,20,1.736842105263158,0.3489583333333333,0.4823763889427201,3.3684210526315788
801,18,34,24,1.7,0.4192708333333333,0.39999999999999997,3.2
802,19,36,22,1.736842105263158,0.38802083333333337,0.4823763889427201,3.3684210526315788
803,18,31,25,1.7,0.4479166666666667,0.39999999999999997,3.2
804,19,34,25,1.736842105263158,0.4296875,0.4823763889427201,3.3684210526315788
805,19,32,27,1.736842105263158,0.4609375,0.48237638894272,3.3684210526315788
806,19,35,24,1.736842105263158,0.4140625,0.4823763889427201,3.3684210526315788
807,20,36,24,1.7777777777777777,0.40625,0.49690399499995325,3.5555555555555554
808,19,36,25,1.736842105263158,0.4140625,0.4823763889427201,3.3684210526315788
809,20,35,23,1.7777777777777777,0.40625,0.49690399499995325,3.5555555555555554
810,18,33,25,1.65,0.4365079365079365,0.47696960070847283,3.15
811,19,30,25,1.6842105263157894,0.4603174603174603,0.5668594533825794,3.3157894736842106
812,18,33,26,1.7,0.4453125,0.39999999999999997,3.2
813,18,36,24,1.7,0.40625,0.39999999999999997,3.2
814,18,34,24,1.7,0.421875,0.39999999999999997,3.2
815,19,31,27,1.736842105263158,0.46614583333333337,0.4823763889427201,3.3684210526315788
816,19,34,25,1.736842105263158,0.4296875,0.4823763889427201,3.3684210526315788
817,18,35,23,1.7,0.40625,0.39999999999999997,3.2
818,18,36,24,1.7,0.40625,0.39999999999999997,3.2
819,18,28,26,1.65,0.47354497354497355,0.47696960070847283,3.15
820,19,38,21,1.736842105263158,0.3619791666666667,0.4823763889427201,3.3684210526315788
821,18,32,25,1.7,0.4401041666666667,0.39999999999999997,3.2
822,18,37,22,1.7,0.3828125,0.39999999999999997,3.2
823,19,33,26,1.736842105263158,0.4453125,0.4823763889427201,3.3684210526315788
824,19,35,23,1.736842105263158,0.40364583333333337,0.4823763889427201,3.3684210526315788
825,18,36,22,1.7,0.390625,0.39999999999999997,3.2
826,18,33,25,1.7,0.4375,0.39999999999999997,3.2
827,18,33,25,1.7,0.4375,0.39999999999999997,3.2
828,19,33,24,1.736842105263158,0.42708333333333337,0.4823763889427201,3.3684210526315788
829,19,31,27,1.736842105263158,0.46875,0.48237638894272,3.3684210526315788
830,18,33,24,1.7,0.4296875,0.39999999999999997,3.2
831,19,32,25,1.6842105263157894,0.4417989417989418,0.5668594533825794,3.3157894736842106
832,18,32,26,1.7,0.45052083333333337,0.39999999999999997,3.2
833,20,32,25,1.7777777777777777,0.44270833333333337,0.49690399499995325,3.5555555555555554
834,18,33,25,1.7,0.43229166666666663,0.39999999999999997,3.2
835,20,34,25,1.7777777777777777,0.4296875,0.49690399499995325,3.5555555555555554
836,18,32,27,1.7,0.4609375,0.39999999999999997,3.2
837,19,31,25,1.6842105263157894,0.4497354497354497,0.5668594533825794,3.3157894736842106
838,18,37,24,1.7,0.3984375,0.39999999999999997,3.2
839,18,32,27,1.7,0.4609375,0.39999999999999997,3.2
840,18,34,25,1.7,0.4296875,0.39999999999999997,3.2
841,19,34,23,1.736842105263158,0.41145833333333337,0.4823763889427201,3.3684210526315788
842,19,31,25,1.736842105263158,0.4453125,0.4823763889427201,3.3684210526315788
843,18,30,27,1.7,0.47395833333333337,0.39999999999999997,3.2
844,18,33,23,1.7,0.421875,0.39999999999999997,3.2
845,19,32,26,1.6842105263157894,0.4523809523809524,0.5668594533825794,3.3157894736842106
846,18,31,27,1.7,0.46614583333333337,0.39999999999999997,3.2
847,19,32,26,1.736842105263158,0.4505208333333333,0.48237638894272,3.3684210526315788
848,19,30,24,1.736842105263158,0.44791666666666663,0.4823763889427201,3.3684210526315788
849,18,34,25,1.7,0.4296875,0.39999999999999997,3.2
850,19,30,26,1.736842105263158,0.46614583333333337,0.4823763889427201,3.3684210526315788
851,20,34,24,1.7777777777777777,0.41927083333333337,0.49690399499995325,3.5555555555555554
852,18,29,30,1.7,0.5078125,0.39999999999999997,3.2
853,19,27,26,1.736842105263158,0.4791666666666667,0.4823763889427201,3.3684210526315788
854,18,32,25,1.7,0.44270833333333337,0.39999999999999997,3.2
855,19,30,28,1.736842105263158,0.484375,0.48237638894272,3.3684210526315788
856,18,30,28,1.7,0.48177083333333337,0.39999999999999997,3.2
857,18,35,25,1.7,0.4192708333333333,0.39999999999999997,3.2
858,18,31,25,1.7,0.4479166666666667,0.39999999999999997,3.2
859,19,30,26,1.736842105263158,0.4609375,0.4823763889427201,3.3684210526315788
860,19,38,23,1.736842105263158,0.3828125,0.4823763889427201,3.3684210526315788
861,19,30,26,1.736842105263158,0.46614583333333337,0.4823763889427201,3.3684210526315788
862,18,34,25,1.7,0.4296875,0.39999999999999997,3.2
863,18,33,23,1.7,0.4140625,0.39999999999999997,3.2
864,19,30,26,1.6842105263157894,0.4629629629629629,0.5668594533825794,3.3157894736842106
865,18,35,24,1.7,0.4140625,0.39999999999999997,3.2
866,19,32,26,1.736842105263158,0.45052083333333337,0.48237638894272,3.3684210526315788
867,18,29,28,1.7,0.48958333333333337,0.39999999999999997,3.2
868,20,38,22,1.7777777777777777,0.375,0.49690399499995325,3.5555555555555554
869,19,32,26,1.736842105263158,0.453125,0.48237638894272,3.3684210526315788
870,19,37,23,1.6842105263157894,0.3888888888888889,0.5668594533825794,3.3157894736842106
871,18,33,26,1.7,0.44270833333333337,0.39999999999999997,3.2
872,18,37,22,1.7,0.3828125,0.39999999999999997,3.2
873,18,34,24,1.7,0.421875,0.39999999999999997,3.2
874,18,33,26,1.7,0.44270833333333337,0.39999999999999997,3.2
875,18,33,25,1.7,0.4348958333333333,0.39999999999999997,3.2
876,19,30,24,1.736842105263158,0.45052083333333337,0.4823763889427201,3.3684210526315788
877,18,32,27,1.7,0.4609375,0.39999999999999997,3.2
878,19,31,25,1.6842105263157894,0.4497354497354497,0.5668594533825794,3.3157894736842106
879,18,28,27,1.65,0.4894179894179894,0.47696960070847283,3.15
880,19,32,25,1.736842105263158,0.4453125,0.48237638894272,3.3684210526315788
881,18,33,25,1.7,0.43489583333333337,0.39999999999999997,3.2
882,18,30,25,1.7,0.453125,0.39999999999999997,3.2
883,19,32,24,1.736842105263158,0.4296875,0.4823763889427201,3.3684210526315788
884,19,36,24,1.736842105263158,0.40625,0.4823763889427201,3.3684210526315788
885,18,35,24,1.7,0.4140625,0.39999999999999997,3.2
886,18,32,26,1.7,0.45052083333333337,0.39999999999999997,3.2
887,19,36,23,1.736842105263158,0.39583333333333337,0.4823763889427201,3.3684210526315788
888,19,31,25,1.6842105263157894,0.44708994708994704,0.5668594533825794,3.3157894736842106
889,19,32,25,1.736842105263158,0.44010416666666663,0.4823763889427201,3.3684210526315788
890,18,31,28,1.7,0.4765625,0.39999999999999997,3.2
891,20,39,21,1.7777777777777777,0.359375,0.49690399499995325,3.5555555555555554
892,18,35,23,1.7,0.40364583333333337,0.39999999999999997,3.2
893,18,36,24,1.7,0.40625,0.39999999999999997,3.2
894,19,31,25,1.6842105263157894,0.4497354497354497,0.5668594533825794,3.3157894736842106
895,19,31,26,1.736842105263158,0.45833333333333337,0.4823763889427201,3.3684210526315788
896,18,29,28,1.7,0.48958333333333337,0.39999999999999997,3.2
897,18,32,26,1.65,0.4523809523809524,0.47696960070847283,3.15
898,19,31,26,1.6842105263157894,0.4576719576719577,0.5668594533825794,3.3157894736842106
899,20,33,26,1.7777777777777777,0.4453125,0.49690399499995325,3.5555555555555554
900,18,32,27,1.7,0.4609375,0.39999999999999997,3.2
901,19,33,24,1.736842105263158,0.42708333333333337,0.4823763889427201,3.3684210526315788
902,18,32,25,1.7,0.44010416666666663,0.39999999999999997,3.2
903,19,31,27,1.6842105263157894,0.46825396825396826,0.5668594533825794,3.3157894736842106
904,19,31,28,1.736842105263158,0.4765625,0.4823763889427201,3.3684210526315788
905,18,32,27,1.7,0.4609375,0.39999999999999997,3.2
906,19,33,26,1.736842105263158,0.4453125,0.4823763889427201,3.3684210526315788
907,18,33,26,1.7,0.4453125,0.39999999999999997,3.2
908,18,32,26,1.7,0.453125,0.39999999999999997,3.2
909,19,32,24,1.736842105263158,0.4296875,0.4823763889427201,3.3684210526315788
910,19,31,27,1.736842105263158,0.46875,0.48237638894272,3.3684210526315788
911,20,35,24,1.7777777777777777,0.4140625,0.49690399499995325,3.5555555555555554
912,18,32,25,1.7,0.4401041666666667,0.39999999999999997,3.2
913,18,31,25,1.65,0.44708994708994704,0.47696960070847283,3.15
914,19,32,25,1.736842105263158,0.4401041666666667,0.4823763889427201,3.3684210526315788
915,19,27,27,1.736842105263158,0.4869791666666667,0.4823763889427201,3.3684210526315788
916,18,32,24,1.7,0.4296875,0.39999999999999997,3.2
917,18,34,25,1.7,0.4244791666666667,0.39999999999999997,3.2
918,18,29,28,1.7,0.4869791666666667,0.39999999999999997,3.2
919,18,33,27,1.7,0.4479166666666667,0.39999999999999997,3.2
920,19,32,25,1.736842105263158,0.44270833333333337,0.4823763889427201,3.3684210526315788
921,19,33,25,1.736842105263158,0.4375,0.48237638894272,3.3684210526315788
922,19,30,27,1.736842105263158,0.47395833333333337,0.4823763889427201,3.3684210526315788
923,19,31,27,1.736842105263158,0.46875,0.48237638894272,3.3684210526315788
924,19,39,20,1.7894736842105263,0.34895833333333337,0.4823763889427201,3.3684210526315788
925,19,30,28,1.736842105263158,0.48177083333333337,0.4823763889427201,3.3684210526315788
926,19,31,27,1.736842105263158,0.46875,0.4823763889427201,3.3684210526315788
927,19,32,27,1.736842105263158,0.4609375,0.4823763889427201,3.3684210526315788
928,19,32,26,1.736842105263158,0.45052083333333337,0.4823763889427201,3.3684210526315788
929,18,31,27,1.7,0.46614583333333337,0.39999999999999997,3.2
930,18,32,26,1.65,0.4523809523809524,0.47696960070847283,3.15
931,19,33,25,1.736842105263158,0.43489583333333337,0.4823763889427201,3.3684210526315788
932,19,29,26,1.736842105263158,0.47395833333333337,0.4823763889427201,3.3684210526315788
933,20,30,28,1.7777777777777777,0.48177083333333337,0.49690399499995325,3.5555555555555554
934,18,34,26,1.7,0.4375,0.39999999999999997,3.2
935,18,32,25,1.7,0.4427083333333333,0.39999999999999997,3.2
936,18,29,27,1.7,0.4765625,0.39999999999999997,3.2
937,18,30,26,1.7,0.46354166666666663,0.39999999999999997,3.2
938,19,31,28,1.736842105263158,0.4765625,0.48237638894272,3.3684210526315788
939,19,30,28,1.736842105263158,0.48177083333333337,0.4823763889427201,3.3684210526315788
940,20,33,25,1.7777777777777777,0.43489583333333337,0.49690399499995325,3.5555555555555554
941,18,28,28,1.7,0.49739583333333337,0.39999999999999997,3.2
942,18,30,27,1.7,0.4739583333333333,0.39999999999999997,3.2
943,18,35,22,1.7,0.3932291666666667,0.39999999999999997,3.2
944,19,34,24,1.736842105263158,0.4166666666666667,0.4823763889427201,3.3684210526315788
945,20,31,28,1.7777777777777777,0.4765625,0.49690399499995325,3.5555555555555554
946,18,28,28,1.7,0.4947916666666667,0.39999999999999997,3.2
947,18,32,27,1.7,0.4609375,0.39999999999999997,3.2
948,19,31,27,1.736842105263158,0.46614583333333337,0.4823763889427201,3.3684210526315788
949,19,31,26,1.736842105263158,0.4557291666666667,0.4823763889427201,3.3684210526315788
950,19,37,23,1.736842105263158,0.38802083333333337,0.4823763889427201,3.3684210526315788
951,19,33,26,1.736842105263158,0.4453125,0.4823763889427201,3.3684210526315788
952,18,32,26,1.7,0.453125,0.39999999999999997,3.2
953,19,35,24,1.736842105263158,0.4088541666666667,0.4823763889427201,3.3684210526315788
954,18,36,24,1.7,0.40625,0.39999999999999997,3.2
955,20,35,22,1.7222222222222223,0.39417989417989424,0.6009252125773316,3.5
956,19,38,21,1.7894736842105263,0.3619791666666667,0.4823763889427201,3.3684210526315788
957,20,32,27,1.7777777777777777,0.4609375,0.49690399499995325,3.5555555555555554
958,18,31,27,1.65,0.46825396825396826,0.47696960070847283,3.15
959,19,30,29,1.736842105263158,0.4921875,0.4823763889427201,3.3684210526315788
960,18,31,26,1.7,0.45572916666666663,0.39999999999999997,3.2
961,18,28,29,1.7,0.5026041666666667,0.39999999999999997,3.2
962,19,37,19,1.736842105263158,0.3489583333333333,0.4823763889427201,3.3684210526315788
963,18,31,27,1.7,0.46614583333333337,0.39999999999999997,3.2
964,18,31,27,1.7,0.46875,0.39999999999999997,3.2
965,18,31,25,1.7,0.45052083333333337,0.39999999999999997,3.2
966,19,32,27,1.736842105263158,0.4609375,0.4823763889427201,3.3684210526315788
967,19,32,27,1.736842105263158,0.4609375,0.48237638894272,3.3684210526315788
968,19,33,26,1.736842105263158,0.4453125,0.48237638894272,3.3684210526315788
969,18,31,27,1.7,0.46614583333333337,0.39999999999999997,3.2
970,18,33,25,1.7,0.43489583333333337,0.39999999999999997,3.2
971,18,30,26,1.65,0.4629629629629629,0.47696960070847283,3.15
972,20,35,24,1.7777777777777777,0.4088541666666667,0.49690399499995325,3.5555555555555554
973,19,28,29,1.736842105263158,0.5026041666666667,0.4823763889427201,3.3684210526315788
974,18,34,23,1.65,0.41145833333333337,0.39999999999999997,3.2
975,19,32,26,1.736842105263158,0.45052083333333337,0.48237638894272,3.3684210526315788
976,19,32,26,1.736842105263158,0.453125,0.4823763889427201,3.3684210526315788
977,19,33,24,1.736842105263158,0.42708333333333337,0.4823763889427201,3.3684210526315788
978,19,30,26,1.6842105263157894,0.46296296296296297,0.5668594533825794,3.3157894736842106
979,19,31,28,1.736842105263158,0.4765625,0.4823763889427201,3.3684210526315788
980,18,34,25,1.7,0.4296875,0.39999999999999997,3.2
981,20,32,26,1.7777777777777777,0.45052083333333337,0.49690399499995325,3.5555555555555554
982,19,34,24,1.736842105263158,0.41927083333333337,0.4823763889427201,3.3684210526315788
983,18,34,23,1.7,0.4140625,0.39999999999999997,3.2
984,19,32,25,1.6842105263157894,0.4417989417989418,0.5668594533825794,3.3157894736842106
985,20,32,26,1.7777777777777777,0.45052083333333337,0.49690399499995325,3.5555555555555554
986,18,29,27,1.7,0.4765625,0.39999999999999997,3.2
987,19,29,27,1.736842105263158,0.47916666666666674,0.4823763889427201,3.3684210526315788
988,18,29,27,1.7,0.4765625,0.39999999999999997,3.2
989,18,29,28,1.7,0.48697916666666663,0.39999999999999997,3.2
990,18,31,26,1.7,0.45833333333333337,0.39999999999999997,3.2
991,19,29,29,1.736842105263158,0.49739583333333337,0.4823763889427201,3.3684210526315788
992,19,29,29,1.736842105263158,0.49739583333333337,0.4823763889427201,3.3684210526315788
993,19,30,29,1.736842105263158,0.4921875,0.4823763889427201,3.3684210526315788
994,19,29,30,1.736842105263158,0.5078125,0.4823763889427201,3.3684210526315788
995,19,30,28,1.736842105263158,0.48177083333333337,0.4823763889427201,3.3684210526315788
996,19,29,30,1.736842105263158,0.5078125,0.4823763889427201,3.3684210526315788
997,19,32,26,1.736842105263158,0.45052083333333337,0.4823763889427201,3.3684210526315788
998,18,37,21,1.7,0.375,0.39999999999999997,3.2
999,18,29,28,1.7,0.48697916666666663,0.39999999999999997,3.2
1000,19,34,23,1.736842105263158,0.4088541666666667,0.4823763889427201,3.3684210526315788
1001,18,30,26,1.7,0.4609375,0.39999999999999997,3.2
1002,20,35,25,1.7777777777777777,0.41927083333333337,0.49690399499995325,3.5555555555555554
1003,19,30,28,1.736842105263158,0.48177083333333337,0.4823763889427201,3.3684210526315788
1004,19,31,25,1.6842105263157894,0.44708994708994704,0.5668594533825794,3.3157894736842106
1005,19,40,20,1.7894736842105263,0.34375,0.4823763889427201,3.3684210526315788
1006,19,31,28,1.736842105263158,0.4765625,0.4823763889427201,3.3684210526315788
1007,19,34,28,1.736842105263158,0.453125,0.4823763889427201,3.3684210526315788
1008,19,30,25,1.736842105263158,0.4557291666666667,0.4823763889427201,3.3684210526315788
1009,19,29,29,1.736842105263158,0.49739583333333337,0.4823763889427201,3.3684210526315788
1010,19,30,28,1.736842105263158,0.48177083333333337,0.4823763889427201,3.3684210526315788
1011,19,28,27,1.6842105263157894,0.48412698412698413,0.5668594533825794,3.3157894736842106
1012,19,36,23,1.736842105263158,0.3984375,0.4823763889427201,3.3684210526315788
1013,18,31,28,1.7,0.4765625,0.39999999999999997,3.2
1014,19,29,28,1.736842105263158,0.48958333333333337,0.4823763889427201,3.3684210526315788
1015,18,30,27,1.7,0.4713541666666667,0.39999999999999997,3.2
1016,19,32,27,1.736842105263158,0.4609375,0.4823763889427201,3.3684210526315788
1017,19,30,27,1.736842105263158,0.4713541666666667,0.4823763889427201,3.3684210526315788
1018,18,31,27,1.7,0.46614583333333337,0.39999999999999997,3.2
1019,18,32,24,1.7,0.4375,0.39999999999999997,3.2
1020,19,31,27,1.736842105263158,0.46614583333333337,0.4823763889427201,3.3684210526315788
1021,18,29,29,1.7,0.49739583333333337,0.39999999999999997,3.2
1022,18,28,30,1.7,0.5130208333333334,0.39999999999999997,3.2
1023,19,30,26,1.736842105263158,0.46354166666666674,0.4823763889427201,3.3684210526315788
1024,19,29,29,1.736842105263158,0.49739583333333337,0.4823763889427201,3.3684210526315788
1025,19,35,21,1.736842105263158,0.38020833333333337,0.48237638894272,3.3684210526315788
1026,19,30,27,1.736842105263158,0.4713541666666667,0.4823763889427201,3.3684210526315788
1027,19,27,29,1.736842105263158,0.5078125,0.4823763889427201,3.3684210526315788
1028,19,29,28,1.736842105263158,0.48697916666666674,0.4823763889427201,3.3684210526315788
1029,18,35,22,1.7,0.3932291666666667,0.39999999999999997,3.2
1030,19,28,27,1.736842105263158,0.4869791666666667,0.4823763889427201,3.3684210526315788
1031,18,35,23,1.7,0.4010416666666667,0.39999999999999997,3.2
1032,18,29,28,1.7,0.48697916666666674,0.39999999999999997,3.2
1033,19,29,27,1.736842105263158,0.4765625,0.4823763889427201,3.3684210526315788
1034,19,29,27,1.736842105263158,0.4765625,0.4823763889427201,3.3684210526315788
1035,18,31,27,1.7,0.46875,0.39999999999999997,3.2
1036,19,30,27,1.736842105263158,0.47395833333333337,0.4823763889427201,3.3684210526315788
1037,19,25,29,1.736842105263158,0.5182291666666667,0.4823763889427201,3.3684210526315788
1038,20,30,27,1.7777777777777777,0.4713541666666667,0.49690399499995325,3.5555555555555554
1039,19,27,29,1.736842105263158,0.5078125,0.4823763889427201,3.3684210526315788
1040,19,28,27,1.736842105263158,0.4869791666666667,0.4823763889427201,3.3684210526315788
1041,18,28,28,1.7,0.49739583333333337,0.39999999999999997,3.2
1042,18,29,29,1.7,0.49739583333333337,0.39999999999999997,3.2
1043,19,26,29,1.736842105263158,0.5130208333333333,0.4823763889427201,3.3684210526315788
1044,19,30,28,1.736842105263158,0.48177083333333337,0.4823763889427201,3.3684210526315788
1045,19,28,29,1.6842105263157894,0.5052910052910052,0.5668594533825794,3.3157894736842106
1046,18,26,28,1.7,0.5052083333333333,0.39999999999999997,3.2
1047,19,30,28,1.736842105263158,0.48177083333333337,0.4823763889427201,3.3684210526315788
1048,18,29,28,1.7,0.4869791666666667,0.39999999999999997,3.2
1049,19,29,27,1.736842105263158,0.4765625,0.4823763889427201,3.3684210526315788
1050,19,29,29,1.736842105263158,0.49739583333333337,0.4823763889427201,3.3684210526315788
1051,19,33,25,1.736842105263158,0.4322916666666667,0.4823763889427201,3.3684210526315788
1052,18,31,25,1.65,0.4470899470899471,0.47696960070847283,3.15
1053,18,30,24,1.7,0.44270833333333337,0.39999999999999997,3.2
1054,18,31,27,1.7,0.46614583333333337,0.39999999999999997,3.2
1055,19,28,30,1.736842105263158,0.5130208333333334,0.4823763889427201,3.3684210526315788
1056,19,25,29,1.736842105263158,0.5182291666666667,0.4823763889427201,3.3684210526315788
1057,19,37,21,1.736842105263158,0.36979166666666663,0.4823763889427201,3.3684210526315788
1058,19,28,30,1.736842105263158,0.5130208333333334,0.4823763889427201,3.3684210526315788
1059,19,28,29,1.736842105263158,0.5026041666666667,0.4823763889427201,3.3684210526315788
1060,19,32,27,1.736842105263158,0.4609375,0.4823763889427201,3.3684210526315788
1061,18,34,24,1.7,0.41927083333333337,0.39999999999999997,3.2
1062,18,29,29,1.7,0.49739583333333337,0.39999999999999997,3.2
1063,19,35,25,1.736842105263158,0.41927083333333337,0.4823763889427201,3.3684210526315788
1064,19,30,26,1.736842105263158,0.4609375,0.4823763889427201,3.3684210526315788
1065,19,31,26,1.736842105263158,0.45833333333333337,0.4823763889427201,3.3684210526315788
1066,19,34,26,1.736842105263158,0.4375,0.4823763889427201,3.3684210526315788
1067,18,33,24,1.7,0.42447916666666663,0.39999999999999997,3.2
1068,19,33,25,1.736842105263158,0.43489583333333337,0.4823763889427201,3.3684210526315788
1069,19,38,20,1.736842105263158,0.35416666666666663,0.4823763889427201,3.3684210526315788
1070,19,28,28,1.736842105263158,0.4921875,0.4823763889427201,3.3684210526315788
1071,19,27,29,1.736842105263158,0.5078125,0.4823763889427201,3.3684210526315788
1072,19,30,27,1.736842105263158,0.47395833333333337,0.4823763889427201,3.3684210526315788
1073,18,31,26,1.7,0.4557291666666667,0.39999999999999997,3.2
1074,18,29,28,1.7,0.48697916666666674,0.39999999999999997,3.2
1075,18,33,24,1.7,0.4244791666666667,0.39999999999999997,3.2
1076,18,32,27,1.7,0.4609375,0.39999999999999997,3.2
1077,18,28,29,1.7,0.5026041666666666,0.39999999999999997,3.2
1078,19,28,27,1.736842105263158,0.484375,0.4823763889427201,3.3684210526315788
1079,19,26,29,1.736842105263158,0.5130208333333333,0.4823763889427201,3.3684210526315788
1080,18,31,26,1.7,0.45833333333333337,0.39999999999999997,3.2
1081,18,28,30,1.7,0.5130208333333334,0.39999999999999997,3.2
1082,19,28,28,1.736842105263158,0.4921875,0.48237638894272,3.3684210526315788
1083,19,30,27,1.736842105263158,0.47135416666666674,0.4823763889427201,3.3684210526315788
1084,19,29,27,1.736842105263158,0.484375,0.4823763889427201,3.3684210526315788
1085,19,30,28,1.736842105263158,0.48177083333333337,0.4823763889427201,3.3684210526315788
1086,19,34,25,1.736842105263158,0.4244791666666667,0.4823763889427201,3.3684210526315788
1087,19,36,25,1.736842105263158,0.4140625,0.4823763889427201,3.3684210526315788
1088,19,31,26,1.736842105263158,0.45572916666666663,0.4823763889427201,3.3684210526315788
1089,19,27,29,1.736842105263158,0.5078125,0.4823763889427201,3.3684210526315788
1090,19,28,27,1.736842105263158,0.484375,0.48237638894272,3.3684210526315788
1091,18,29,27,1.7,0.47656250000000006,0.39999999999999997,3.2
1092,19,32,26,1.736842105263158,0.4453125,0.4823763889427201,3.3684210526315788
1093,18,31,27,1.7,0.46614583333333337,0.39999999999999997,3.2
1094,18,31,27,1.7,0.46875,0.39999999999999997,3.2
1095,19,30,27,1.6842105263157894,0.47619047619047616,0.5668594533825794,3.3157894736842106
1096,18,29,28,1.7,0.48697916666666674,0.39999999999999997,3.2
1097,19,34,25,1.736842105263158,0.4244791666666667,0.4823763889427201,3.3684210526315788
1098,18,30,25,1.7,0.453125,0.39999999999999997,3.2
1099,18,33,27,1.7,0.453125,0.39999999999999997,3.2
1100,19,28,27,1.736842105263158,0.48177083333333337,0.48237638894272,3.3684210526315788
1101,19,29,30,1.736842105263158,0.5078125,0.4823763889427201,3.3684210526315788
1102,18,29,27,1.7,0.47656250000000006,0.39999999999999997,3.2
1103,19,31,27,1.736842105263158,0.46875,0.4823763889427201,3.3684210526315788
1104,19,28,27,1.6842105263157894,0.48677248677248675,0.5668594533825794,3.3157894736842106
1105,18,31,27,1.7,0.46614583333333337,0.39999999999999997,3.2
1106,19,30,28,1.736842105263158,0.48177083333333337,0.4823763889427201,3.3684210526315788
1107,19,28,29,1.736842105263158,0.5026041666666667,0.4823763889427201,3.3684210526315788
1108,19,29,28,1.736842105263158,0.48958333333333337,0.4823763889427201,3.3684210526315788
1109,19,27,29,1.736842105263158,0.5078125,0.4823763889427201,3.3684210526315788
1110,18,33,25,1.7,0.4322916666666667,0.39999999999999997,3.2
1111,18,29,27,1.7,0.4765625,0.39999999999999997,3.2
1112,18,28,28,1.7,0.4921875,0.39999999999999997,3.2
1113,18,30,27,1.7,0.47135416666666663,0.39999999999999997,3.2
1114,18,29,28,1.7,0.48697916666666674,0.39999999999999997,3.2
1115,18,29,29,1.7,0.49739583333333337,0.39999999999999997,3.2
1116,19,28,27,1.736842105263158,0.4817708333333333,0.4823763889427201,3.3684210526315788
1117,19,29,27,1.736842105263158,0.4791666666666667,0.4823763889427201,3.3684210526315788
1118,18,34,25,1.7,0.4296875,0.39999999999999997,3.2
1119,18,29,25,1.65,0.4603174603174603,0.47696960070847283,3.15
1120,19,35,22,1.736842105263158,0.3932291666666667,0.4823763889427201,3.3684210526315788
1121,18,38,24,1.7,0.390625,0.39999999999999997,3.2
1122,18,30,26,1.65,0.4629629629629629,0.47696960070847283,3.15
1123,19,25,29,1.736842105263158,0.5182291666666667,0.4823763889427201,3.3684210526315788
1124,18,32,24,1.7,0.43489583333333337,0.39999999999999997,3.2
1125,18,28,28,1.7,0.4947916666666667,0.39999999999999997,3.2
1126,18,29,26,1.7,0.46614583333333337,0.39999999999999997,3.2
1127,18,29,27,1.7,0.4765625,0.39999999999999997,3.2
1128,18,27,28,1.7,0.49739583333333337,0.39999999999999997,3.2
1129,19,26,29,1.736842105263158,0.5130208333333333,0.4823763889427201,3.3684210526315788
1130,18,31,26,1.7,0.4557291666666667,0.39999999999999997,3.2
1131,18,29,28,1.7,0.48958333333333337,0.39999999999999997,3.2
1132,18,29,29,1.7,0.49739583333333337,0.39999999999999997,3.2
1133,19,30,27,1.736842105263158,0.4713541666666667,0.4823763889427201,3.3684210526315788
1134,19,32,25,1.736842105263158,0.4401041666666667,0.4823763889427201,3.3684210526315788
1135,19,28,28,1.6842105263157894,0.49470899470899465,0.5668594533825794,3.3157894736842106
1136,18,31,26,1.7,0.45572916666666663,0.39999999999999997,3.2
1137,18,27,29,1.7,0.5104166666666666,0.39999999999999997,3.2
1138,18,30,27,1.7,0.4713541666666667,0.39999999999999997,3.2
1139,18,27,28,1.7,0.5,0.39999999999999997,3.2
1140,19,31,25,1.6842105263157894,0.4470899470899471,0.5668594533825794,3.3157894736842106
1141,19,31,27,1.736842105263158,0.46614583333333337,0.4823763889427201,3.3684210526315788
1142,18,30,28,1.7,0.48177083333333337,0.39999999999999997,3.2
1143,19,25,29,1.6842105263157894,0.5211640211640212,0.5668594533825794,3.3157894736842106
1144,19,27,29,1.736842105263158,0.5078125,0.4823763889427201,3.3684210526315788
1145,18,29,28,1.7,0.48697916666666663,0.39999999999999997,3.2
1146,18,28,29,1.7,0.5026041666666666,0.39999999999999997,3.2
1147,18,28,29,1.7,0.5026041666666667,0.39999999999999997,3.2
1148,18,30,28,1.7,0.48177083333333337,0.39999999999999997,3.2
1149,19,35,25,1.736842105263158,0.41927083333333337,0.4823763889427201,3.3684210526315788
1150,18,27,29,1.7,0.5078125,0.39999999999999997,3.2
1151,18,28,30,1.7,0.5130208333333334,0.39999999999999997,3.2
1152,18,29,29,1.7,0.49739583333333337,0.39999999999999997,3.2
1153,18,28,28,1.7,0.49218750000000006,0.39999999999999997,3.2
1154,19,30,28,1.736842105263158,0.48177083333333337,0.4823763889427201,3.3684210526315788
1155,18,28,30,1.7,0.5130208333333334,0.39999999999999997,3.2
1156,18,35,26,1.7,0.4270833333333333,0.39999999999999997,3.2
1157,19,26,29,1.736842105263158,0.5130208333333334,0.4823763889427201,3.3684210526315788
1158,18,33,25,1.7,0.43489583333333337,0.39999999999999997,3.2
1159,18,29,28,1.7,0.48697916666666674,0.39999999999999997,3.2
1160,18,31,28,1.7,0.4765625,0.39999999999999997,3.2
1161,18,29,28,1.7,0.4921875,0.39999999999999997,3.2
1162,18,25,29,1.7,0.5182291666666667,0.39999999999999997,3.2
1163,19,29,28,1.736842105263158,0.48697916666666674,0.4823763889427201,3.3684210526315788
1164,19,28,28,1.736842105263158,0.4921875,0.4823763889427201,3.3684210526315788
1165,19,30,28,1.736842105263158,0.48177083333333337,0.4823763889427201,3.3684210526315788
1166,18,30,25,1.7,0.45052083333333337,0.39999999999999997,3.2
1167,19,28,29,1.736842105263158,0.5026041666666667,0.4823763889427201,3.3684210526315788
1168,18,29,26,1.7,0.46614583333333337,0.39999999999999997,3.2
1169,19,30,27,1.736842105263158,0.4713541666666667,0.4823763889427201,3.3684210526315788
1170,18,29,28,1.7,0.4869791666666667,0.39999999999999997,3.2
1171,18,29,28,1.7,0.48958333333333337,0.39999999999999997,3.2
1172,19,30,26,1.736842105263158,0.4609375,0.4823763889427201,3.3684210526315788
1173,18,28,29,1.65,0.5052910052910053,0.47696960070847283,3.15
1174,19,31,27,1.736842105263158,0.4661458333333333,0.4823763889427201,3.3684210526315788
1175,19,26,28,1.6842105263157894,0.5052910052910052,0.5668594533825794,3.3157894736842106
1176,18,30,27,1.7,0.47395833333333337,0.39999999999999997,3.2
1177,19,30,27,1.736842105263158,0.47135416666666674,0.48237638894272,3.3684210526315788
1178,18,32,29,1.7,0.4765625,0.39999999999999997,3.2
1179,19,27,31,1.736842105263158,0.5286458333333333,0.4823763889427201,3.3684210526315788
1180,19,30,27,1.736842105263158,0.4713541666666667,0.4823763889427201,3.3684210526315788
1181,18,33,24,1.7,0.42708333333333337,0.39999999999999997,3.2
1182,19,25,30,1.736842105263158,0.5286458333333334,0.4823763889427201,3.3684210526315788
1183,18,32,27,1.7,0.4609375,0.39999999999999997,3.2
1184,19,30,28,1.736842105263158,0.48177083333333337,0.4823763889427201,3.3684210526315788
1185,19,26,29,1.736842105263158,0.5130208333333334,0.4823763889427201,3.3684210526315788
1186,19,29,27,1.6842105263157894,0.47883597883597884,0.5668594533825794,3.3157894736842106
1187,19,30,27,1.736842105263158,0.47135416666666663,0.48237638894272,3.3684210526315788
1188,18,25,29,1.7,0.5208333333333334,0.39999999999999997,3.2
1189,19,26,30,1.6842105263157894,0.5264550264550265,0.5668594533825794,3.3157894736842106
1190,19,30,27,1.736842105263158,0.47395833333333337,0.4823763889427201,3.3684210526315788
1191,18,30,27,1.7,0.4713541666666667,0.39999999999999997,3.2
1192,18,31,28,1.7,0.4765625,0.39999999999999997,3.2
1193,18,29,26,1.7,0.47135416666666663,0.39999999999999997,3.2
1194,19,37,22,1.6842105263157894,0.3783068783068783,0.5668594533825794,3.3157894736842106
1195,19,33,24,1.6842105263157894,0.4232804232804233,0.5668594533825794,3.3157894736842106
1196,18,28,28,1.7,0.4921875,0.39999999999999997,3.2
1197,18,27,29,1.7,0.5078125,0.39999999999999997,3.2
1198,19,30,28,1.736842105263158,0.48177083333333337,0.4823763889427201,3.3684210526315788
1199,19,28,28,1.736842105263158,0.4921875,0.4823763889427201,3.3684210526315788
1200,19,28,29,1.736842105263158,0.5026041666666667,0.4823763889427201,3.3684210526315788
1201,19,30,28,1.736842105263158,0.48177083333333337,0.4823763889427201,3.3684210526315788
1202,18,30,28,1.7,0.4817708333333333,0.39999999999999997,3.2
1203,18,29,30,1.7,0.5078125,0.39999999999999997,3.2
1204,18,29,28,1.7,0.4869791666666667,0.39999999999999997,3.2
1205,19,28,28,1.6842105263157894,0.4947089947089947,0.5668594533825794,3.3157894736842106
1206,19,28,29,1.736842105263158,0.5026041666666666,0.4823763889427201,3.3684210526315788
1207,18,30,28,1.7,0.48177083333333337,0.39999999999999997,3.2
1208,18,26,30,1.7,0.5260416666666666,0.39999999999999997,3.2
1209,19,30,28,1.736842105263158,0.48177083333333337,0.4823763889427201,3.3684210526315788
1210,18,29,29,1.7,0.49739583333333337,0.39999999999999997,3.2
1211,18,32,26,1.7,0.45052083333333337,0.39999999999999997,3.2
1212,18,30,27,1.7,0.4713541666666667,0.39999999999999997,3.2
1213,19,27,28,1.6842105263157894,0.5026455026455026,0.5668594533825794,3.3157894736842106
1214,19,27,29,1.6842105263157894,0.5105820105820106,0.5668594533825794,3.3157894736842106
1215,18,27,28,1.7,0.49739583333333337,0.39999999999999997,3.2
1216,18,29,29,1.7,0.49739583333333337,0.39999999999999997,3.2
1217,18,29,28,1.7,0.4895833333333333,0.39999999999999997,3.2
1218,18,29,28,1.7,0.4869791666666667,0.39999999999999997,3.2
1219,18,28,29,1.7,0.5026041666666667,0.39999999999999997,3.2
1220,18,29,28,1.7,0.4869791666666667,0.39999999999999997,3.2
1221,18,27,29,1.7,0.5078125,0.39999999999999997,3.2
1222,18,29,29,1.7,0.4973958333333333,0.39999999999999997,3.2
1223,18,32,26,1.7,0.45052083333333337,0.39999999999999997,3.2
1224,18,27,29,1.65,0.5105820105820107,0.47696960070847283,3.15
1225,19,27,28,1.6842105263157894,0.5,0.5668594533825794,3.3157894736842106
1226,18,29,27,1.7,0.4739583333333333,0.39999999999999997,3.2
1227,18,36,24,1.7,0.40625,0.39999999999999997,3.2
1228,18,30,28,1.7,0.48177083333333337,0.39999999999999997,3.2
1229,18,29,30,1.7,0.5078125,0.39999999999999997,3.2
1230,18,27,31,1.7,0.5286458333333334,0.39999999999999997,3.2
1231,17,39,19,1.6666666666666667,0.34375,0.21295885499997994,3.0476190476190474
1232,18,31,25,1.7,0.4479166666666667,0.39999999999999997,3.2
1233,19,35,25,1.736842105263158,0.421875,0.4823763889427201,3.3684210526315788
1234,18,32,26,1.7,0.453125,0.39999999999999997,3.2
1235,18,38,21,1.75,0.36458333333333337,0.39999999999999997,3.2
1236,19,29,28,1.736842105263158,0.4869791666666667,0.4823763889427201,3.3684210526315788
1237,18,30,27,1.7,0.4713541666666667,0.39999999999999997,3.2
1238,19,28,29,1.736842105263158,0.5026041666666667,0.4823763889427201,3.3684210526315788
1239,18,27,28,1.65,0.5,0.47696960070847283,3.15
1240,18,38,22,1.75,0.375,0.39999999999999997,3.2
1241,19,29,29,1.736842105263158,0.49739583333333337,0.4823763889427201,3.3684210526315788
1242,18,28,29,1.7,0.5026041666666667,0.39999999999999997,3.2
1243,18,25,29,1.65,0.5211640211640213,0.47696960070847283,3.15
1244,18,31,26,1.7,0.4557291666666667,0.39999999999999997,3.2
1245,19,28,28,1.736842105263158,0.4921875,0.4823763889427201,3.3684210526315788
1246,18,28,28,1.65,0.4947089947089947,0.47696960070847283,3.15
1247,18,32,28,1.7,0.46875,0.39999999999999997,3.2
1248,19,37,23,1.736842105263158,0.38802083333333337,0.4823763889427201,3.3684210526315788
1249,18,29,28,1.7,0.48697916666666674,0.39999999999999997,3.2
1250,18,28,28,1.7,0.4921875,0.39999999999999997,3.2
1251,18,28,29,1.7,0.5026041666666667,0.39999999999999997,3.2
1252,18,29,28,1.65,0.4894179894179894,0.47696960070847283,3.15
1253,18,27,28,1.7,0.49739583333333337,0.39999999999999997,3.2
1254,18,26,30,1.7,0.5234375,0.39999999999999997,3.2
1255,18,30,28,1.7,0.48177083333333337,0.39999999999999997,3.2
1256,19,29,29,1.736842105263158,0.49739583333333337,0.4823763889427201,3.3684210526315788
1257,18,28,29,1.7,0.5026041666666667,0.39999999999999997,3.2
1258,18,28,28,1.65,0.4947089947089947,0.47696960070847283,3.15
1259,18,28,28,1.7,0.49218750000000006,0.39999999999999997,3.2
1260,19,32,27,1.736842105263158,0.4609375,0.4823763889427201,3.3684210526315788
1261,18,24,29,1.7,0.5260416666666667,0.39999999999999997,3.2
1262,18,39,21,1.7,0.3541666666666667,0.39999999999999997,3.2
1263,19,38,21,1.736842105263158,0.3645833333333333,0.48237638894272,3.3684210526315788
1264,18,40,20,1.7,0.34375,0.39999999999999997,3.2
1265,19,29,28,1.6842105263157894,0.4894179894179894,0.5668594533825794,3.3157894736842106
1266,18,28,30,1.7,0.5130208333333334,0.39999999999999997,3.2
1267,19,27,29,1.736842105263158,0.5078125,0.4823763889427201,3.3684210526315788
1268,18,27,29,1.7,0.5078125,0.39999999999999997,3.2
1269,18,28,29,1.7,0.5026041666666667,0.39999999999999997,3.2
1270,18,31,27,1.7,0.46875,0.39999999999999997,3.2
1271,18,25,28,1.7,0.5078125,0.39999999999999997,3.2
1272,18,26,30,1.7,0.5260416666666666,0.39999999999999997,3.2
1273,19,30,28,1.6842105263157894,0.48412698412698413,0.5668594533825794,3.3157894736842106
1274,19,28,28,1.736842105263158,0.4921875,0.4823763889427201,3.3684210526315788
1275,18,28,29,1.7,0.5026041666666666,0.39999999999999997,3.2
1276,18,30,27,1.7,0.4713541666666667,0.39999999999999997,3.2
1277,18,29,28,1.7,0.4869791666666667,0.39999999999999997,3.2
1278,18,27,29,1.7,0.5104166666666667,0.39999999999999997,3.2
1279,18,29,28,1.65,0.4894179894179895,0.47696960070847283,3.15
1280,18,26,29,1.7,0.5130208333333334,0.39999999999999997,3.2
1281,18,31,25,1.7,0.4453125,0.39999999999999997,3.2
1282,18,29,26,1.7,0.46614583333333337,0.39999999999999997,3.2
1283,18,28,28,1.7,0.4921875,0.39999999999999997,3.2
1284,19,30,27,1.6842105263157894,0.47354497354497355,0.5668594533825794,3.3157894736842106
1285,18,26,31,1.7,0.5338541666666667,0.39999999999999997,3.2
1286,18,30,27,1.7,0.4713541666666667,0.39999999999999997,3.2
1287,19,38,23,1.736842105263158,0.3828125,0.4823763889427201,3.3684210526315788
1288,18,27,29,1.7,0.5078125,0.39999999999999997,3.2
1289,18,27,27,1.7,0.48697916666666674,0.39999999999999997,3.2
1290,18,30,27,1.7,0.4713541666666667,0.39999999999999997,3.2
1291,19,30,27,1.736842105263158,0.47395833333333337,0.4823763889427201,3.3684210526315788
1292,18,28,30,1.7,0.5130208333333334,0.39999999999999997,3.2
1293,18,27,29,1.7,0.5078125,0.39999999999999997,3.2
1294,18,26,30,1.7,0.5234375,0.39999999999999997,3.2
1295,18,28,29,1.7,0.5026041666666667,0.39999999999999997,3.2
1296,19,25,30,1.6842105263157894,0.5317460317460319,0.5668594533825794,3.3157894736842106
1297,18,39,21,1.75,0.359375,0.39999999999999997,3.2
1298,18,25,30,1.7,0.5286458333333333,0.39999999999999997,3.2
1299,18,38,21,1.7,0.3645833333333333,0.39999999999999997,3.2
1300,18,28,29,1.7,0.5026041666666667,0.39999999999999997,3.2
1301,18,28,28,1.7,0.4921875,0.39999999999999997,3.2
1302,19,28,27,1.736842105263158,0.48177083333333337,0.4823763889427201,3.3684210526315788
1303,18,27,28,1.7,0.49739583333333337,0.39999999999999997,3.2
1304,19,28,27,1.736842105263158,0.48177083333333337,0.4823763889427201,3.3684210526315788
1305,18,29,29,1.7,0.49739583333333337,0.39999999999999997,3.2
1306,18,30,28,1.7,0.48177083333333337,0.39999999999999997,3.2
1307,18,32,26,1.7,0.453125,0.39999999999999997,3.2
1308,19,29,29,1.736842105263158,0.49739583333333337,0.4823763889427201,3.3684210526315788
1309,19,30,28,1.736842105263158,0.48177083333333337,0.4823763889427201,3.3684210526315788
1310,18,28,29,1.7,0.5026041666666667,0.39999999999999997,3.2
1311,18,30,27,1.7,0.4713541666666667,0.39999999999999997,3.2
1312,18,30,27,1.7,0.4713541666666667,0.39999999999999997,3.2
1313,18,30,27,1.65,0.4735449735449736,0.47696960070847283,3.15
1314,18,29,29,1.7,0.49739583333333337,0.39999999999999997,3.2
1315,18,26,29,1.7,0.515625,0.39999999999999997,3.2
1316,18,27,29,1.7,0.5078125,0.39999999999999997,3.2
1317,18,27,29,1.7,0.5078125,0.39999999999999997,3.2
1318,18,29,27,1.7,0.4765625,0.39999999999999997,3.2
1319,18,31,27,1.7,0.46614583333333337,0.39999999999999997,3.2
1320,18,30,29,1.7,0.4921875,0.39999999999999997,3.2
1321,18,30,27,1.7,0.46614583333333337,0.39999999999999997,3.2
1322,19,30,27,1.736842105263158,0.4713541666666667,0.4823763889427201,3.3684210526315788
1323,18,27,30,1.7,0.5182291666666667,0.39999999999999997,3.2
1324,19,27,29,1.6842105263157894,0.5105820105820106,0.5668594533825794,3.3157894736842106
1325,18,27,29,1.7,0.5078125,0.39999999999999997,3.2
1326,18,29,28,1.7,0.48697916666666674,0.39999999999999997,3.2
1327,19,26,28,1.6842105263157894,0.5079365079365079,0.5668594533825794,3.3157894736842106
1328,18,29,28,1.7,0.48697916666666663,0.39999999999999997,3.2
1329,19,34,24,1.6842105263157894,0.42063492063492064,0.5668594533825794,3.3157894736842106
1330,19,30,27,1.6842105263157894,0.47354497354497355,0.5668594533825794,3.3157894736842106
1331,18,28,29,1.7,0.5026041666666667,0.39999999999999997,3.2
1332,18,28,28,1.7,0.4921875,0.39999999999999997,3.2
1333,18,27,27,1.7,0.48958333333333337,0.39999999999999997,3.2
1334,18,29,29,1.7,0.49739583333333337,0.39999999999999997,3.2
1335,18,28,29,1.7,0.5026041666666667,0.39999999999999997,3.2
1336,18,30,28,1.7,0.4817708333333333,0.39999999999999997,3.2
1337,18,32,26,1.7,0.4479166666666667,0.39999999999999997,3.2
1338,19,28,29,1.736842105263158,0.5026041666666666,0.4823763889427201,3.3684210526315788
1339,19,29,28,1.736842105263158,0.48697916666666674,0.4823763889427201,3.3684210526315788
1340,18,27,29,1.7,0.5078125,0.39999999999999997,3.2
1341,18,25,30,1.65,0.5317460317460317,0.47696960070847283,3.15
1342,19,28,29,1.736842105263158,0.5026041666666666,0.4823763889427201,3.3684210526315788
1343,18,27,29,1.7,0.5078125,0.39999999999999997,3.2
1344,18,26,30,1.7,0.5234375,0.39999999999999997,3.2
1345,18,35,22,1.7,0.3932291666666667,0.39999999999999997,3.2
1346,18,27,30,1.7,0.5182291666666667,0.39999999999999997,3.2
1347,19,29,28,1.736842105263158,0.48697916666666663,0.4823763889427201,3.3684210526315788
1348,18,27,28,1.7,0.49739583333333337,0.39999999999999997,3.2
1349,19,37,20,1.736842105263158,0.3597883597883598,0.5668594533825794,3.3157894736842106
1350,19,28,30,1.736842105263158,0.5130208333333334,0.4823763889427201,3.3684210526315788
1351,18,27,26,1.7,0.48437500000000006,0.39999999999999997,3.2
1352,19,28,30,1.736842105263158,0.5130208333333334,0.4823763889427201,3.3684210526315788
1353,18,26,28,1.65,0.5052910052910052,0.47696960070847283,3.15
1354,19,34,25,1.6842105263157894,0.425925925925926,0.5668594533825794,3.3157894736842106
1355,18,28,28,1.7,0.4921875,0.39999999999999997,3.2
1356,19,29,28,1.736842105263158,0.4869791666666667,0.48237638894272,3.3684210526315788
1357,19,31,29,1.736842105263158,0.484375,0.4823763889427201,3.3684210526315788
1358,18,27,30,1.7,0.5182291666666667,0.39999999999999997,3.2
1359,18,27,30,1.7,0.5182291666666667,0.39999999999999997,3.2
1360,18,36,21,1.7,0.38095238095238093,0.47696960070847283,3.15
1361,19,34,25,1.736842105263158,0.4244791666666667,0.4823763889427201,3.3684210526315788
1362,18,28,25,1.7,0.46875,0.39999999999999997,3.2
1363,19,26,29,1.6842105263157894,0.515873015873016,0.5668594533825794,3.3157894736842106
1364,18,29,26,1.7,0.46875,0.39999999999999997,3.2
1365,19,29,28,1.736842105263158,0.48697916666666663,0.4823763889427201,3.3684210526315788
1366,19,28,28,1.6842105263157894,0.4973544973544974,0.5668594533825794,3.3157894736842106
1367,18,27,29,1.7,0.5078125,0.39999999999999997,3.2
1368,19,29,29,1.736842105263158,0.49739583333333337,0.4823763889427201,3.3684210526315788
1369,19,30,24,1.736842105263158,0.4453125,0.4823763889427201,3.3684210526315788
1370,18,26,30,1.7,0.5234375,0.39999999999999997,3.2
1371,18,30,27,1.7,0.47135416666666674,0.39999999999999997,3.2
1372,18,26,27,1.65,0.4973544973544973,0.47696960070847283,3.15
1373,18,29,27,1.7,0.4765625,0.39999999999999997,3.2
1374,19,28,29,1.736842105263158,0.5026041666666666,0.4823763889427201,3.3684210526315788
1375,18,29,27,1.7,0.4791666666666667,0.39999999999999997,3.2
1376,18,28,28,1.7,0.4921875,0.39999999999999997,3.2
1377,18,27,31,1.7,0.5286458333333334,0.39999999999999997,3.2
1378,18,28,29,1.7,0.5026041666666667,0.39999999999999997,3.2
1379,18,27,29,1.7,0.5078125,0.39999999999999997,3.2
1380,18,27,28,1.7,0.49739583333333337,0.39999999999999997,3.2
1381,18,26,29,1.7,0.5182291666666667,0.39999999999999997,3.2
1382,19,28,29,1.736842105263158,0.5026041666666666,0.4823763889427201,3.3684210526315788
1383,18,25,29,1.7,0.5208333333333334,0.39999999999999997,3.2
1384,18,27,28,1.7,0.49739583333333337,0.39999999999999997,3.2
1385,18,26,30,1.7,0.5234375,0.39999999999999997,3.2
1386,19,26,30,1.736842105263158,0.5234375,0.4823763889427201,3.3684210526315788
1387,18,28,28,1.7,0.4921875,0.39999999999999997,3.2
1388,18,28,26,1.7,0.47395833333333337,0.39999999999999997,3.2
1389,18,26,30,1.7,0.5234375,0.39999999999999997,3.2
1390,18,25,30,1.7,0.5338541666666667,0.39999999999999997,3.2
1391,18,31,25,1.7,0.4479166666666667,0.39999999999999997,3.2
1392,18,26,30,1.7,0.5234375,0.39999999999999997,3.2
1393,19,28,29,1.736842105263158,0.5026041666666666,0.4823763889427201,3.3684210526315788
1394,18,28,27,1.7,0.4869791666666667,0.39999999999999997,3.2
1395,18,27,28,1.7,0.49739583333333337,0.39999999999999997,3.2
1396,18,27,29,1.7,0.5078125,0.39999999999999997,3.2
1397,19,28,29,1.736842105263158,0.5026041666666667,0.4823763889427201,3.3684210526315788
1398,18,26,30,1.7,0.5234375,0.39999999999999997,3.2
1399,18,27,30,1.7,0.5182291666666667,0.39999999999999997,3.2
1400,19,27,30,1.736842105263158,0.5182291666666666,0.48237638894272,3.3684210526315788
1401,18,30,26,1.65,0.4656084656084656,0.47696960070847283,3.15
1402,18,26,29,1.7,0.5130208333333334,0.39999999999999997,3.2
1403,18,27,31,1.7,0.5286458333333334,0.39999999999999997,3.2
1404,19,34,25,1.736842105263158,0.4244791666666667,0.4823763889427201,3.3684210526315788
1405,18,26,30,1.7,0.5234375,0.39999999999999997,3.2
1406,18,26,30,1.7,0.5234375,0.39999999999999997,3.2
1407,19,28,29,1.736842105263158,0.5026041666666666,0.4823763889427201,3.3684210526315788
1408,18,24,30,1.7,0.5338541666666667,0.39999999999999997,3.2
1409,18,26,30,1.7,0.5234375,0.39999999999999997,3.2
1410,18,26,30,1.7,0.5234375,0.39999999999999997,3.2
1411,18,26,30,1.7,0.5234375,0.39999999999999997,3.2
1412,18,27,29,1.7,0.5078125,0.39999999999999997,3.2
1413,18,26,30,1.7,0.5234375,0.39999999999999997,3.2
1414,18,27,29,1.7,0.5078125,0.39999999999999997,3.2
1415,18,26,30,1.7,0.5234375,0.39999999999999997,3.2
1416,18,27,30,1.7,0.5182291666666667,0.39999999999999997,3.2
1417,19,28,30,1.736842105263158,0.5130208333333334,0.4823763889427201,3.3684210526315788
1418,18,29,28,1.7,0.4869791666666667,0.39999999999999997,3.2
1419,19,38,23,1.736842105263158,0.3828125,0.4823763889427201,3.3684210526315788
1420,18,27,29,1.7,0.5078125,0.39999999999999997,3.2
1421,18,26,30,1.7,0.5234375,0.39999999999999997,3.2
1422,18,28,29,1.7,0.5026041666666666,0.39999999999999997,3.2
1423,18,25,30,1.7,0.5286458333333334,0.39999999999999997,3.2
1424,19,27,30,1.736842105263158,0.5208333333333334,0.4823763889427201,3.3684210526315788
1425,18,26,30,1.7,0.5234375,0.39999999999999997,3.2
1426,18,26,30,1.7,0.5234375,0.39999999999999997,3.2
1427,18,26,30,1.7,0.5234375,0.39999999999999997,3.2
1428,18,29,28,1.7,0.4869791666666667,0.39999999999999997,3.2
1429,19,32,26,1.736842105263158,0.4479166666666667,0.4823763889427201,3.3684210526315788
1430,18,26,30,1.7,0.5234375,0.39999999999999997,3.2
1431,19,33,26,1.736842105263158,0.44010416666666663,0.4823763889427201,3.3684210526315788
1432,18,27,29,1.7,0.5078125,0.39999999999999997,3.2
1433,18,28,28,1.7,0.4921875,0.39999999999999997,3.2
1434,18,26,30,1.7,0.5234375,0.39999999999999997,3.2
1435,18,26,30,1.7,0.5234375,0.39999999999999997,3.2
1436,19,30,28,1.736842105263158,0.48177083333333337,0.4823763889427201,3.3684210526315788
1437,18,26,30,1.7,0.5234375,0.39999999999999997,3.2
1438,18,31,26,1.7,0.4557291666666667,0.39999999999999997,3.2
1439,18,25,30,1.7,0.5338541666666667,0.39999999999999997,3.2
1440,18,28,28,1.7,0.4921875,0.39999999999999997,3.2
1441,18,26,30,1.7,0.5234375,0.39999999999999997,3.2
1442,18,26,30,1.7,0.5234375,0.39999999999999997,3.2
1443,18,28,28,1.7,0.4921875,0.39999999999999997,3.2
1444,18,27,29,1.7,0.5078125,0.39999999999999997,3.2
1445,19,28,29,1.736842105263158,0.5026041666666666,0.48237638894272,3.3684210526315788
1446,19,29,28,1.736842105263158,0.48697916666666663,0.4823763889427201,3.3684210526315788
1447,18,29,27,1.7,0.4765625,0.39999999999999997,3.2
1448,18,27,29,1.7,0.5078125,0.39999999999999997,3.2
1449,19,24,31,1.6842105263157894,0.5476190476190477,0.5668594533825794,3.3157894736842106
1450,19,27,29,1.6842105263157894,0.5105820105820106,0.5668594533825794,3.3157894736842106
1451,18,26,30,1.7,0.5234375,0.39999999999999997,3.2
1452,18,26,30,1.7,0.5234375,0.39999999999999997,3.2
1453,18,30,26,1.7,0.46614583333333337,0.39999999999999997,3.2
1454,18,28,28,1.7,0.4921875,0.39999999999999997,3.2
1455,18,26,30,1.7,0.5234375,0.39999999999999997,3.2
1456,19,27,30,1.736842105263158,0.5182291666666666,0.4823763889427201,3.3684210526315788
1457,18,26,30,1.7,0.5234375,0.39999999999999997,3.2
1458,18,26,30,1.7,0.5234375,0.39999999999999997,3.2
1459,19,27,30,1.736842105263158,0.5182291666666666,0.4823763889427201,3.3684210526315788
1460,18,26,30,1.7,0.5234375,0.39999999999999997,3.2
1461,18,28,29,1.7,0.5026041666666666,0.39999999999999997,3.2
1462,18,27,28,1.7,0.49739583333333337,0.39999999999999997,3.2
1463,18,25,30,1.7,0.5286458333333334,0.39999999999999997,3.2
1464,18,28,29,1.7,0.5026041666666667,0.39999999999999997,3.2
1465,18,28,29,1.7,0.5026041666666667,0.39999999999999997,3.2
1466,18,26,30,1.7,0.5234375,0.39999999999999997,3.2
1467,18,26,30,1.7,0.5234375,0.39999999999999997,3.2
1468,18,26,30,1.7,0.5234375,0.39999999999999997,3.2
1469,18,28,28,1.7,0.49739583333333337,0.39999999999999997,3.2
1470,18,26,30,1.7,0.5234375,0.39999999999999997,3.2
1471,18,26,29,1.7,0.5130208333333334,0.39999999999999997,3.2
1472,18,26,30,1.7,0.5234375,0.39999999999999997,3.2
1473,18,26,30,1.7,0.5234375,0.39999999999999997,3.2
1474,18,26,30,1.7,0.5234375,0.39999999999999997,3.2
1475,19,28,29,1.736842105263158,0.5026041666666666,0.48237638894272,3.3684210526315788
1476,18,26,30,1.7,0.5234375,0.39999999999999997,3.2
1477,19,27,30,1.736842105263158,0.5182291666666666,0.4823763889427201,3.3684210526315788
1478,18,26,30,1.7,0.5234375,0.39999999999999997,3.2
1479,18,27,30,1.7,0.5182291666666666,0.39999999999999997,3.2
1480,18,26,30,1.7,0.5234375,0.39999999999999997,3.2
1481,18,26,30,1.7,0.5234375,0.39999999999999997,3.2
1482,18,26,30,1.7,0.5234375,0.39999999999999997,3.2
1483,18,25,29,1.7,0.5208333333333334,0.39999999999999997,3.2
1484,18,26,30,1.7,0.5234375,0.39999999999999997,3.2
1485,18,26,30,1.7,0.5234375,0.39999999999999997,3.2
1486,18,26,30,1.7,0.5234375,0.39999999999999997,3.2
1487,18,26,30,1.7,0.5234375,0.39999999999999997,3.2
1488,18,27,28,1.7,0.5026041666666667,0.39999999999999997,3.2
1489,18,26,30,1.7,0.5234375,0.39999999999999997,3.2
1490,18,31,27,1.7,0.46614583333333337,0.39999999999999997,3.2
1491,18,24,30,1.7,0.5338541666666667,0.39999999999999997,3.2
1492,18,35,22,1.7,0.3958333333333333,0.39999999999999997,3.2
1493,19,24,30,1.6842105263157894,0.5396825396825397,0.5668594533825794,3.3157894736842106
1494,19,37,18,1.736842105263158,0.34895833333333337,0.48237638894272,3.3684210526315788
1495,18,26,30,1.7,0.5234375,0.39999999999999997,3.2
1496,18,26,30,1.7,0.5234375,0.39999999999999997,3.2
1497,18,26,30,1.7,0.5234375,0.39999999999999997,3.2
1498,18,26,30,1.7,0.5234375,0.39999999999999997,3.2
1499,18,26,30,1.7,0.5234375,0.39999999999999997,3.2
1500,18,26,30,1.7,0.5234375,0.39999999999999997,3.2
1501,18,24,31,1.7,0.546875,0.39999999999999997,3.2
1502,18,26,30,1.7,0.5234375,0.39999999999999997,3.2
1503,19,27,30,1.736842105263158,0.5182291666666666,0.4823763889427201,3.3684210526315788
1504,18,24,30,1.7,0.5338541666666667,0.39999999999999997,3.2
1505,19,24,31,1.6842105263157894,0.5476190476190477,0.5668594533825794,3.3157894736842106
1506,18,26,29,1.7,0.5130208333333334,0.39999999999999997,3.2
1507,19,24,31,1.6842105263157894,0.5476190476190477,0.5668594533825794,3.3157894736842106
1508,18,26,30,1.7,0.5234375,0.39999999999999997,3.2
1509,19,24,30,1.6842105263157894,0.5370370370370371,0.5668594533825794,3.3157894736842106
1510,18,26,30,1.7,0.5234375,0.39999999999999997,3.2
1511,18,26,30,1.65,0.5264550264550264,0.47696960070847283,3.15
1512,18,26,30,1.7,0.5234375,0.39999999999999997,3.2
1513,18,26,30,1.7,0.5234375,0.39999999999999997,3.2
1514,18,26,30,1.7,0.5234375,0.39999999999999997,3.2
1515,18,26,30,1.7,0.5234375,0.39999999999999997,3.2
1516,18,26,30,1.7,0.5234375,0.39999999999999997,3.2
1517,18,26,30,1.7,0.5234375,0.39999999999999997,3.2
1518,19,33,26,1.736842105263158,0.44010416666666663,0.4823763889427201,3.3684210526315788
1519,18,26,30,1.7,0.5234375,0.39999999999999997,3.2
1520,19,24,31,1.6842105263157894,0.5476190476190477,0.5668594533825794,3.3157894736842106
1521,18,25,29,1.7,0.5208333333333334,0.39999999999999997,3.2
1522,19,28,30,1.736842105263158,0.5130208333333333,0.4823763889427201,3.3684210526315788
1523,18,26,30,1.7,0.5234375,0.39999999999999997,3.2
1524,18,26,30,1.7,0.5234375,0.39999999999999997,3.2
1525,18,26,30,1.7,0.5234375,0.39999999999999997,3.2
1526,19,29,29,1.736842105263158,0.4973958333333333,0.4823763889427201,3.3684210526315788
1527,18,24,30,1.7,0.5338541666666667,0.39999999999999997,3.2
1528,18,24,30,1.7,0.5338541666666667,0.39999999999999997,3.2
1529,18,26,30,1.7,0.5234375,0.39999999999999997,3.2
1530,19,24,31,1.6842105263157894,0.5476190476190477,0.5668594533825794,3.3157894736842106
1531,18,24,30,1.7,0.5338541666666667,0.39999999999999997,3.2
1532,18,28,27,1.7,0.484375,0.39999999999999997,3.2
1533,18,24,30,1.7,0.5338541666666667,0.39999999999999997,3.2
1534,18,24,30,1.7,0.5338541666666667,0.39999999999999997,3.2
1535,18,34,23,1.7,0.4088541666666667,0.39999999999999997,3.2
1536,19,26,31,1.736842105263158,0.5338541666666666,0.4823763889427201,3.3684210526315788
1537,18,24,30,1.7,0.5338541666666667,0.39999999999999997,3.2
1538,18,26,30,1.7,0.5234375,0.39999999999999997,3.2
1539,18,26,30,1.7,0.5234375,0.39999999999999997,3.2
1540,19,32,25,1.736842105263158,0.4375,0.4823763889427201,3.3684210526315788
1541,18,24,30,1.7,0.5338541666666667,0.39999999999999997,3.2
1542,18,32,25,1.7,0.44270833333333337,0.39999999999999997,3.2
1543,18,35,21,1.7,0.3862433862433863,0.47696960070847283,3.15
1544,18,27,30,1.7,0.5234375,0.39999999999999997,3.2
1545,18,26,30,1.7,0.5234375,0.39999999999999997,3.2
1546,18,26,30,1.65,0.5264550264550264,0.47696960070847283,3.15
1547,18,24,30,1.7,0.5338541666666667,0.39999999999999997,3.2
1548,18,24,30,1.7,0.5338541666666667,0.39999999999999997,3.2
1549,18,28,28,1.65,0.4947089947089947,0.47696960070847283,3.15
1550,18,26,30,1.7,0.5234375,0.39999999999999997,3.2
1551,19,33,27,1.736842105263158,0.453125,0.4823763889427201,3.3684210526315788
1552,18,24,30,1.7,0.5338541666666667,0.39999999999999997,3.2
1553,18,24,30,1.7,0.5338541666666667,0.39999999999999997,3.2
1554,18,27,29,1.7,0.5104166666666666,0.39999999999999997,3.2
1555,18,24,30,1.7,0.5338541666666667,0.39999999999999997,3.2
1556,19,28,30,1.736842105263158,0.5130208333333334,0.4823763889427201,3.3684210526315788
1557,18,24,30,1.7,0.5338541666666667,0.39999999999999997,3.2
1558,18,24,30,1.7,0.5338541666666667,0.39999999999999997,3.2
1559,18,24,30,1.7,0.5338541666666667,0.39999999999999997,3.2
1560,18,24,30,1.65,0.5370370370370371,0.47696960070847283,3.15
1561,18,28,26,1.7,0.47395833333333337,0.39999999999999997,3.2
1562,18,26,30,1.7,0.5234375,0.39999999999999997,3.2
1563,19,28,29,1.736842105263158,0.5026041666666666,0.48237638894272,3.3684210526315788
1564,18,24,30,1.7,0.5338541666666667,0.39999999999999997,3.2
1565,18,26,30,1.7,0.5234375,0.39999999999999997,3.2
1566,19,24,31,1.6842105263157894,0.5476190476190477,0.5668594533825794,3.3157894736842106
1567,18,27,30,1.7,0.5182291666666667,0.39999999999999997,3.2
1568,18,30,25,1.7,0.4583333333333333,0.39999999999999997,3.2
1569,18,25,29,1.7,0.5182291666666667,0.39999999999999997,3.2
1570,18,24,30,1.7,0.5338541666666667,0.39999999999999997,3.2
1571,18,24,30,1.7,0.5338541666666667,0.39999999999999997,3.2
1572,19,31,27,1.736842105263158,0.46614583333333337,0.4823763889427201,3.3684210526315788
1573,18,24,30,1.7,0.5338541666666667,0.39999999999999997,3.2
1574,18,24,30,1.7,0.5338541666666667,0.39999999999999997,3.2
1575,18,24,30,1.7,0.5338541666666667,0.39999999999999997,3.2
1576,19,27,30,1.736842105263158,0.5182291666666666,0.4823763889427201,3.3684210526315788
1577,18,27,30,1.7,0.5182291666666667,0.39999999999999997,3.2
1578,18,24,30,1.7,0.5338541666666667,0.39999999999999997,3.2
1579,18,30,26,1.7,0.4609375,0.39999999999999997,3.2
1580,18,24,30,1.7,0.5338541666666667,0.39999999999999997,3.2
1581,19,28,30,1.736842105263158,0.5130208333333333,0.4823763889427201,3.3684210526315788
1582,18,24,30,1.7,0.5338541666666667,0.39999999999999997,3.2
1583,18,24,30,1.7,0.5338541666666667,0.39999999999999997,3.2
1584,18,24,30,1.7,0.5338541666666667,0.39999999999999997,3.2
1585,18,24,30,1.7,0.5338541666666667,0.39999999999999997,3.2
1586,18,24,30,1.7,0.5338541666666667,0.39999999999999997,3.2
1587,18,24,30,1.7,0.5338541666666667,0.39999999999999997,3.2
1588,18,24,30,1.7,0.5338541666666667,0.39999999999999997,3.2
1589,18,24,30,1.7,0.5338541666666667,0.39999999999999997,3.2
1590,18,25,30,1.7,0.5286458333333334,0.39999999999999997,3.2
1591,18,24,30,1.7,0.5338541666666667,0.39999999999999997,3.2
1592,18,24,30,1.7,0.5338541666666667,0.39999999999999997,3.2
1593,19,33,25,1.736842105263158,0.43489583333333337,0.4823763889427201,3.3684210526315788
1594,18,24,30,1.7,0.5338541666666667,0.39999999999999997,3.2
1595,18,24,30,1.7,0.5338541666666667,0.39999999999999997,3.2
1596,18,24,30,1.7,0.5338541666666667,0.39999999999999997,3.2
1597,18,29,26,1.7,0.46875,0.39999999999999997,3.2
1598,18,26,30,1.7,0.5234375,0.39999999999999997,3.2
1599,18,24,30,1.7,0.5338541666666667,0.39999999999999997,3.2
1600,18,24,30,1.7,0.5338541666666667,0.39999999999999997,3.2
1601,18,28,27,1.7,0.484375,0.39999999999999997,3.2
1602,18,26,29,1.7,0.5130208333333334,0.39999999999999997,3.2
1603,18,24,30,1.7,0.5338541666666667,0.39999999999999997,3.2
1604,18,24,30,1.7,0.5338541666666667,0.39999999999999997,3.2
1605,18,24,30,1.7,0.5338541666666667,0.39999999999999997,3.2
1606,18,24,30,1.7,0.5338541666666667,0.39999999999999997,3.2
1607,18,24,30,1.7,0.5338541666666667,0.39999999999999997,3.2
1608,18,24,30,1.7,0.5338541666666667,0.39999999999999997,3.2
1609,18,25,31,1.65,0.5423280423280423,0.47696960070847283,3.15
1610,18,24,30,1.7,0.5338541666666667,0.39999999999999997,3.2
1611,18,24,30,1.7,0.5338541666666667,0.39999999999999997,3.2
1612,18,24,29,1.7,0.5260416666666667,0.39999999999999997,3.2
1613,18,24,30,1.7,0.5338541666666667,0.39999999999999997,3.2
1614,18,24,30,1.7,0.5338541666666667,0.39999999999999997,3.2
1615,18,24,30,1.7,0.5338541666666667,0.39999999999999997,3.2
1616,18,24,30,1.7,0.5338541666666667,0.39999999999999997,3.2
1617,18,24,30,1.7,0.5338541666666667,0.39999999999999997,3.2
1618,18,24,30,1.7,0.5338541666666667,0.39999999999999997,3.2
1619,18,24,30,1.7,0.5338541666666667,0.39999999999999997,3.2
1620,18,26,28,1.7,0.5026041666666667,0.39999999999999997,3.2
1621,18,24,30,1.7,0.5338541666666667,0.39999999999999997,3.2
1622,18,26,27,1.7,0.49479166666666674,0.39999999999999997,3.2
1623,18,24,30,1.7,0.5338541666666667,0.39999999999999997,3.2
1624,18,24,30,1.7,0.5338541666666667,0.39999999999999997,3.2
1625,18,24,30,1.7,0.5338541666666667,0.39999999999999997,3.2
1626,18,25,29,1.7,0.5182291666666667,0.39999999999999997,3.2
1627,18,24,30,1.7,0.5338541666666667,0.39999999999999997,3.2
1628,18,24,30,1.7,0.5338541666666667,0.39999999999999997,3.2
1629,18,24,30,1.7,0.5338541666666667,0.39999999999999997,3.2
1630,18,24,30,1.7,0.5338541666666667,0.39999999999999997,3.2
1631,18,36,21,1.65,0.38095238095238093,0.47696960070847283,3.15
1632,18,24,30,1.7,0.5338541666666667,0.39999999999999997,3.2
1633,18,25,30,1.7,0.5286458333333334,0.39999999999999997,3.2
1634,18,32,25,1.65,0.4417989417989418,0.47696960070847283,3.15
1635,18,25,30,1.7,0.5338541666666667,0.39999999999999997,3.2
1636,18,24,30,1.7,0.5338541666666667,0.39999999999999997,3.2
1637,18,24,30,1.7,0.5338541666666667,0.39999999999999997,3.2
1638,18,24,30,1.7,0.5338541666666667,0.39999999999999997,3.2
1639,18,24,30,1.7,0.5338541666666667,0.39999999999999997,3.2
1640,18,24,30,1.7,0.5338541666666667,0.39999999999999997,3.2
1641,18,25,29,1.7,0.5182291666666667,0.39999999999999997,3.2
1642,18,24,30,1.7,0.5338541666666667,0.39999999999999997,3.2
1643,18,29,26,1.7,0.46875,0.39999999999999997,3.2
1644,18,24,30,1.7,0.5338541666666667,0.39999999999999997,3.2
1645,18,24,30,1.7,0.5338541666666667,0.39999999999999997,3.2
1646,18,24,30,1.7,0.5338541666666667,0.39999999999999997,3.2
1647,18,24,30,1.7,0.5338541666666667,0.39999999999999997,3.2
1648,18,24,30,1.7,0.5338541666666667,0.39999999999999997,3.2
1649,18,24,30,1.7,0.5338541666666667,0.39999999999999997,3.2
1650,18,24,30,1.7,0.5338541666666667,0.39999999999999997,3.2
1651,18,24,30,1.7,0.5338541666666667,0.39999999999999997,3.2
1652,18,25,30,1.7,0.5338541666666667,0.39999999999999997,3.2
1653,18,24,30,1.7,0.5338541666666667,0.39999999999999997,3.2
1654,18,26,30,1.7,0.5234375,0.39999999999999997,3.2
1655,18,24,30,1.7,0.5338541666666667,0.39999999999999997,3.2
1656,19,33,25,1.736842105263158,0.4375,0.4823763889427201,3.3684210526315788
1657,18,24,30,1.7,0.5338541666666667,0.39999999999999997,3.2
1658,18,24,30,1.7,0.5338541666666667,0.39999999999999997,3.2
1659,18,24,30,1.7,0.5338541666666667,0.39999999999999997,3.2
1660,18,25,30,1.7,0.5338541666666667,0.39999999999999997,3.2
1661,18,24,30,1.7,0.5338541666666667,0.39999999999999997,3.2
1662,18,25,30,1.7,0.5286458333333334,0.39999999999999997,3.2
1663,18,24,30,1.7,0.5338541666666667,0.39999999999999997,3.2
1664,18,24,30,1.7,0.5338541666666667,0.39999999999999997,3.2
1665,18,27,28,1.7,0.49999999999999994,0.39999999999999997,3.2
1666,18,24,30,1.7,0.5338541666666667,0.39999999999999997,3.2
1667,18,25,30,1.7,0.5286458333333334,0.39999999999999997,3.2
1668,18,24,30,1.7,0.5338541666666667,0.39999999999999997,3.2
1669,18,24,30,1.7,0.5338541666666667,0.39999999999999997,3.2
1670,18,24,30,1.7,0.5338541666666667,0.39999999999999997,3.2
1671,18,24,30,1.7,0.5338541666666667,0.39999999999999997,3.2
1672,18,24,30,1.7,0.5338541666666667,0.39999999999999997,3.2
1673,18,24,30,1.7,0.5338541666666667,0.39999999999999997,3.2
1674,19,27,29,1.6842105263157894,0.5105820105820106,0.5668594533825794,3.3157894736842106
1675,18,24,30,1.7,0.5338541666666667,0.39999999999999997,3.2
1676,18,24,30,1.65,0.5370370370370371,0.47696960070847283,3.15
1677,18,25,30,1.7,0.5338541666666667,0.39999999999999997,3.2
1678,18,24,30,1.7,0.5338541666666667,0.39999999999999997,3.2
1679,18,28,28,1.7,0.49218749999999994,0.39999999999999997,3.2
1680,18,24,30,1.7,0.5338541666666667,0.39999999999999997,3.2
1681,18,24,30,1.7,0.5338541666666667,0.39999999999999997,3.2
1682,19,33,25,1.736842105263158,0.4296875,0.4823763889427201,3.3684210526315788
1683,18,25,30,1.7,0.5338541666666667,0.39999999999999997,3.2
1684,18,24,30,1.7,0.5338541666666667,0.39999999999999997,3.2
1685,18,24,30,1.7,0.5338541666666667,0.39999999999999997,3.2
1686,18,24,30,1.7,0.5338541666666667,0.39999999999999997,3.2
1687,18,24,30,1.7,0.5338541666666667,0.39999999999999997,3.2
1688,18,25,30,1.7,0.5338541666666667,0.39999999999999997,3.2
1689,18,24,30,1.7,0.5338541666666667,0.39999999999999997,3.2
1690,18,24,30,1.7,0.5338541666666667,0.39999999999999997,3.2
1691,18,25,30,1.7,0.5338541666666667,0.39999999999999997,3.2
1692,18,25,29,1.7,0.5234375,0.39999999999999997,3.2
1693,18,29,27,1.7,0.4765625,0.39999999999999997,3.2
1694,18,24,30,1.7,0.5338541666666667,0.39999999999999997,3.2
1695,19,27,30,1.736842105263158,0.5182291666666666,0.4823763889427201,3.3684210526315788
1696,18,25,30,1.7,0.5338541666666667,0.39999999999999997,3.2
1697,18,25,30,1.7,0.5338541666666667,0.39999999999999997,3.2
1698,19,29,28,1.736842105263158,0.48697916666666663,0.4823763889427201,3.3684210526315788
1699,19,34,25,1.736842105263158,0.42708333333333337,0.4823763889427201,3.3684210526315788
1700,18,25,29,1.7,0.5182291666666667,0.39999999999999997,3.2
1701,18,25,30,1.7,0.5338541666666667,0.39999999999999997,3.2
1702,18,32,25,1.65,0.44179894179894186,0.47696960070847283,3.15
1703,18,25,30,1.7,0.5338541666666667,0.39999999999999997,3.2
1704,18,25,30,1.7,0.5338541666666667,0.39999999999999997,3.2
1705,18,25,30,1.7,0.5338541666666667,0.39999999999999997,3.2
1706,18,24,30,1.7,0.5338541666666667,0.39999999999999997,3.2
1707,18,24,30,1.7,0.5338541666666667,0.39999999999999997,3.2
1708,18,31,25,1.7,0.4479166666666667,0.39999999999999997,3.2
1709,18,24,30,1.7,0.5338541666666667,0.39999999999999997,3.2
1710,18,25,30,1.7,0.5338541666666667,0.39999999999999997,3.2
1711,18,25,30,1.7,0.5338541666666667,0.39999999999999997,3.2
1712,18,25,30,1.7,0.5338541666666667,0.39999999999999997,3.2
1713,18,25,30,1.7,0.5338541666666667,0.39999999999999997,3.2
1714,19,27,30,1.736842105263158,0.5182291666666666,0.4823763889427201,3.3684210526315788
1715,18,25,30,1.7,0.5338541666666667,0.39999999999999997,3.2
1716,18,28,28,1.7,0.4921875,0.39999999999999997,3.2
1717,18,25,30,1.7,0.5338541666666667,0.39999999999999997,3.2
1718,18,26,29,1.7,0.5182291666666667,0.39999999999999997,3.2
1719,18,30,26,1.7,0.4609375,0.39999999999999997,3.2
1720,18,26,30,1.7,0.5286458333333334,0.39999999999999997,3.2
1721,18,26,30,1.7,0.5234375,0.39999999999999997,3.2
1722,18,26,30,1.7,0.5286458333333334,0.39999999999999997,3.2
1723,18,24,30,1.7,0.5338541666666667,0.39999999999999997,3.2
1724,18,26,30,1.7,0.5286458333333334,0.39999999999999997,3.2
1725,18,29,27,1.65,0.4814814814814815,0.47696960070847283,3.15
1726,18,24,30,1.7,0.5338541666666667,0.39999999999999997,3.2
1727,19,27,30,1.736842105263158,0.5182291666666666,0.4823763889427201,3.3684210526315788
1728,18,24,30,1.7,0.5338541666666667,0.39999999999999997,3.2
1729,18,25,30,1.7,0.5338541666666667,0.39999999999999997,3.2
1730,18,24,30,1.7,0.5338541666666667,0.39999999999999997,3.2
1731,18,25,30,1.7,0.5338541666666667,0.39999999999999997,3.2
1732,18,25,29,1.7,0.5182291666666667,0.39999999999999997,3.2
1733,18,24,30,1.7,0.5338541666666667,0.39999999999999997,3.2
1734,18,25,30,1.7,0.5338541666666667,0.39999999999999997,3.2
1735,18,31,26,1.7,0.4557291666666667,0.39999999999999997,3.2
1736,18,24,30,1.7,0.5338541666666667,0.39999999999999997,3.2
1737,18,25,30,1.7,0.5338541666666667,0.39999999999999997,3.2
1738,18,25,30,1.7,0.5338541666666667,0.39999999999999997,3.2
1739,18,25,30,1.7,0.5338541666666667,0.39999999999999997,3.2
1740,19,28,29,1.736842105263158,0.5026041666666666,0.4823763889427201,3.3684210526315788
1741,19,24,31,1.6842105263157894,0.5476190476190477,0.5668594533825794,3.3157894736842106
1742,18,28,29,1.7,0.5026041666666666,0.39999999999999997,3.2
1743,18,25,30,1.7,0.5338541666666667,0.39999999999999997,3.2
1744,18,25,30,1.7,0.5338541666666667,0.39999999999999997,3.2
1745,18,25,30,1.7,0.5338541666666667,0.39999999999999997,3.2
1746,18,36,21,1.7,0.3776041666666667,0.39999999999999997,3.2
1747,18,26,29,1.7,0.5182291666666667,0.39999999999999997,3.2
1748,18,25,30,1.7,0.5338541666666667,0.39999999999999997,3.2
1749,18,25,30,1.7,0.5286458333333334,0.39999999999999997,3.2
1750,18,24,30,1.7,0.5338541666666667,0.39999999999999997,3.2
1751,18,24,30,1.7,0.5338541666666667,0.39999999999999997,3.2
1752,18,25,30,1.7,0.5338541666666667,0.39999999999999997,3.2
1753,18,26,30,1.7,0.5286458333333334,0.39999999999999997,3.2
1754,18,25,30,1.7,0.5286458333333334,0.39999999999999997,3.2
1755,18,24,30,1.7,0.5338541666666667,0.39999999999999997,3.2
1756,18,25,30,1.7,0.5338541666666667,0.39999999999999997,3.2
1757,18,25,29,1.7,0.5182291666666667,0.39999999999999997,3.2
1758,18,25,30,1.7,0.5338541666666667,0.39999999999999997,3.2
1759,18,25,30,1.7,0.5338541666666667,0.39999999999999997,3.2
1760,19,28,29,1.736842105263158,0.5078125,0.4823763889427201,3.3684210526315788
1761,18,25,30,1.7,0.5338541666666667,0.39999999999999997,3.2
1762,18,25,30,1.7,0.5338541666666667,0.39999999999999997,3.2
1763,18,25,30,1.7,0.5338541666666667,0.39999999999999997,3.2
1764,18,24,30,1.7,0.5338541666666667,0.39999999999999997,3.2
1765,18,25,30,1.7,0.5338541666666667,0.39999999999999997,3.2
1766,18,25,29,1.7,0.5182291666666667,0.39999999999999997,3.2
1767,18,25,30,1.7,0.5338541666666667,0.39999999999999997,3.2
1768,18,25,30,1.7,0.5338541666666667,0.39999999999999997,3.2
1769,18,25,30,1.7,0.5338541666666667,0.39999999999999997,3.2
1770,18,25,30,1.7,0.5338541666666667,0.39999999999999997,3.2
1771,18,25,30,1.7,0.5338541666666667,0.39999999999999997,3.2
1772,18,25,30,1.7,0.5338541666666667,0.39999999999999997,3.2
1773,18,25,30,1.7,0.5338541666666667,0.39999999999999997,3.2
1774,19,34,23,1.736842105263158,0.4088541666666667,0.4823763889427201,3.3684210526315788
1775,18,24,30,1.7,0.5338541666666667,0.39999999999999997,3.2
1776,18,25,30,1.7,0.5338541666666667,0.39999999999999997,3.2
1777,18,25,30,1.7,0.5338541666666667,0.39999999999999997,3.2
1778,18,24,29,1.7,0.5260416666666666,0.39999999999999997,3.2
1779,18,24,30,1.7,0.5338541666666667,0.39999999999999997,3.2
1780,18,25,30,1.7,0.5338541666666667,0.39999999999999997,3.2
1781,18,25,30,1.7,0.5338541666666667,0.39999999999999997,3.2
1782,18,25,30,1.7,0.5338541666666667,0.39999999999999997,3.2
1783,18,25,30,1.7,0.5338541666666667,0.39999999999999997,3.2
1784,18,25,30,1.7,0.5338541666666667,0.39999999999999997,3.2
1785,18,25,30,1.7,0.5338541666666667,0.39999999999999997,3.2
1786,18,25,30,1.7,0.5338541666666667,0.39999999999999997,3.2
1787,18,24,29,1.7,0.5260416666666666,0.39999999999999997,3.2
1788,18,25,30,1.7,0.5286458333333334,0.39999999999999997,3.2
1789,18,25,30,1.7,0.5338541666666667,0.39999999999999997,3.2
1790,18,25,30,1.7,0.5338541666666667,0.39999999999999997,3.2
1791,19,26,31,1.736842105263158,0.5338541666666666,0.4823763889427201,3.3684210526315788
1792,18,25,30,1.7,0.5338541666666667,0.39999999999999997,3.2
1793,18,25,30,1.7,0.5338541666666667,0.39999999999999997,3.2
1794,18,25,30,1.7,0.5338541666666667,0.39999999999999997,3.2
1795,18,25,30,1.7,0.5338541666666667,0.39999999999999997,3.2
1796,18,25,30,1.7,0.5338541666666667,0.39999999999999997,3.2
1797,18,25,30,1.7,0.5338541666666667,0.39999999999999997,3.2
1798,18,25,30,1.7,0.5338541666666667,0.39999999999999997,3.2
1799,18,25,30,1.7,0.5338541666666667,0.39999999999999997,3.2
1800,18,25,30,1.7,0.5338541666666667,0.39999999999999997,3.2
1801,18,25,30,1.7,0.5338541666666667,0.39999999999999997,3.2
1802,18,25,30,1.7,0.5338541666666667,0.39999999999999997,3.2
1803,18,25,29,1.7,0.5208333333333334,0.39999999999999997,3.2
1804,18,27,29,1.7,0.5130208333333334,0.39999999999999997,3.2
1805,18,31,25,1.7,0.4453125,0.39999999999999997,3.2
1806,18,27,29,1.7,0.5130208333333334,0.39999999999999997,3.2
1807,18,25,29,1.65,0.5264550264550265,0.47696960070847283,3.15
1808,18,26,29,1.65,0.5211640211640212,0.47696960070847283,3.15
1809,18,26,29,1.65,0.5211640211640212,0.47696960070847283,3.15
1810,18,24,30,1.65,0.5423280423280424,0.47696960070847283,3.15
1811,18,27,28,1.65,0.5052910052910053,0.47696960070847283,3.15
1812,18,27,28,1.65,0.5052910052910053,0.47696960070847283,3.15
1813,18,25,29,1.65,0.5264550264550265,0.47696960070847283,3.15
1814,18,25,29,1.65,0.5264550264550265,0.47696960070847283,3.15
1815,18,24,30,1.65,0.5423280423280424,0.47696960070847283,3.15
1816,18,25,30,1.7,0.5338541666666667,0.39999999999999997,3.2
1817,18,24,30,1.65,0.5423280423280424,0.47696960070847283,3.15
1818,19,28,29,1.736842105263158,0.5026041666666666,0.4823763889427201,3.3684210526315788
1819,18,25,28,1.65,0.5185185185185186,0.47696960070847283,3.15
1820,18,27,29,1.7,0.5130208333333334,0.39999999999999997,3.2
1821,18,28,27,1.65,0.4894179894179895,0.47696960070847283,3.15
1822,18,24,30,1.65,0.5423280423280424,0.47696960070847283,3.15
1823,18,23,30,1.65,0.5502645502645503,0.47696960070847283,3.15
1824,18,34,26,1.7,0.4375,0.39999999999999997,3.2
1825,18,26,29,1.65,0.5211640211640212,0.47696960070847283,3.15
1826,18,31,28,1.7,0.4713541666666667,0.39999999999999997,3.2
1827,18,23,30,1.65,0.5502645502645503,0.47696960070847283,3.15
1828,18,25,29,1.65,0.5264550264550265,0.47696960070847283,3.15
1829,18,24,30,1.65,0.544973544973545,0.47696960070847283,3.15
1830,18,24,30,1.65,0.544973544973545,0.47696960070847283,3.15
1831,18,32,25,1.65,0.4417989417989418,0.47696960070847283,3.15
1832,18,24,30,1.65,0.544973544973545,0.47696960070847283,3.15
1833,18,26,29,1.65,0.5211640211640212,0.47696960070847283,3.15
1834,18,23,30,1.65,0.5502645502645503,0.47696960070847283,3.15
1835,18,24,30,1.65,0.544973544973545,0.47696960070847283,3.15
1836,18,23,30,1.65,0.5502645502645503,0.47696960070847283,3.15
1837,18,24,30,1.65,0.544973544973545,0.47696960070847283,3.15
1838,18,33,23,1.65,0.41798941798941797,0.47696960070847283,3.15
1839,18,32,24,1.7,0.4296875,0.39999999999999997,3.2
1840,19,32,27,1.736842105263158,0.45833333333333337,0.48237638894272,3.3684210526315788
1841,18,24,30,1.65,0.544973544973545,0.47696960070847283,3.15
1842,18,25,30,1.65,0.5370370370370371,0.47696960070847283,3.15
1843,18,26,28,1.65,0.5105820105820107,0.47696960070847283,3.15
1844,18,25,30,1.65,0.5370370370370371,0.47696960070847283,3.15
1845,18,23,30,1.65,0.5502645502645503,0.47696960070847283,3.15
1846,18,24,30,1.65,0.5423280423280424,0.47696960070847283,3.15
1847,18,24,30,1.65,0.544973544973545,0.47696960070847283,3.15
1848,18,25,30,1.65,0.5370370370370371,0.47696960070847283,3.15
1849,18,23,30,1.65,0.5502645502645503,0.47696960070847283,3.15
1850,18,23,30,1.65,0.5502645502645503,0.47696960070847283,3.15
1851,18,23,30,1.65,0.5502645502645503,0.47696960070847283,3.15
1852,18,24,30,1.65,0.544973544973545,0.47696960070847283,3.15
1853,18,23,30,1.65,0.5502645502645503,0.47696960070847283,3.15
1854,18,24,30,1.65,0.544973544973545,0.47696960070847283,3.15
1855,18,23,30,1.65,0.5502645502645503,0.47696960070847283,3.15
1856,18,23,30,1.65,0.5502645502645503,0.47696960070847283,3.15
1857,18,23,30,1.65,0.5502645502645503,0.47696960070847283,3.15
1858,18,23,30,1.65,0.5502645502645503,0.47696960070847283,3.15
1859,18,30,27,1.7,0.4765625,0.39999999999999997,3.2
1860,18,25,29,1.65,0.5291005291005292,0.47696960070847283,3.15
1861,18,25,29,1.65,0.5291005291005292,0.47696960070847283,3.15
1862,18,23,30,1.65,0.5502645502645503,0.47696960070847283,3.15
1863,18,25,29,1.65,0.5291005291005292,0.47696960070847283,3.15
1864,19,33,26,1.736842105263158,0.4427083333333333,0.4823763889427201,3.3684210526315788
1865,18,23,30,1.65,0.5502645502645503,0.47696960070847283,3.15
1866,19,33,26,1.736842105263158,0.4427083333333333,0.4823763889427201,3.3684210526315788
1867,18,24,30,1.65,0.5423280423280424,0.47696960070847283,3.15
1868,18,32,27,1.7,0.4583333333333333,0.39999999999999997,3.2
1869,19,33,26,1.736842105263158,0.4427083333333333,0.4823763889427201,3.3684210526315788
1870,18,24,30,1.65,0.544973544973545,0.47696960070847283,3.15
1871,18,23,30,1.65,0.5502645502645503,0.47696960070847283,3.15
1872,19,32,26,1.736842105263158,0.44791666666666663,0.4823763889427201,3.3684210526315788
1873,18,23,30,1.65,0.5502645502645503,0.47696960070847283,3.15
1874,18,32,24,1.65,0.4312169312169312,0.47696960070847283,3.15
1875,19,33,26,1.736842105263158,0.4427083333333333,0.4823763889427201,3.3684210526315788
1876,18,27,28,1.7,0.5052083333333334,0.39999999999999997,3.2
1877,19,33,26,1.736842105263158,0.4427083333333333,0.4823763889427201,3.3684210526315788
1879,18,23,30,1.65,0.5502645502645503,0.47696960070847283,3.15
1880,18,23,30,1.65,0.5502645502645503,0.47696960070847283,3.15
1881,18,23,30,1.65,0.5502645502645503,0.47696960070847283,3.15
1882,18,23,30,1.65,0.5502645502645503,0.47696960070847283,3.15
1883,18,23,30,1.65,0.5502645502645503,0.47696960070847283,3.15
1884,18,23,30,1.65,0.5502645502645503,0.47696960070847283,3.15
1885,18,23,30,1.65,0.5502645502645503,0.47696960070847283,3.15
1886,18,23,30,1.65,0.5502645502645503,0.47696960070847283,3.15
1887,18,23,30,1.65,0.5502645502645503,0.47696960070847283,3.15
1888,18,23,30,1.65,0.5502645502645503,0.47696960070847283,3.15
