Episode,Desafios_sin_equipo,Estudiantes_fuera_preferencias,Estudiantes_primera_prioridad,Promedio_carreras_por_equipo,Satisfaccion_promedio,STD_tamano_equipos,Tamano_promedio_equipo
2,18,60,0,1.75,0.028645833333333332,0.39999999999999997,3.2
3,17,60,1,1.7142857142857142,0.033854166666666664,0.21295885499997994,3.0476190476190474
4,17,60,1,1.7142857142857142,0.03645833333333333,0.21295885499997994,3.0476190476190474
5,18,62,0,1.75,0.013020833333333332,0.39999999999999997,3.2
6,18,55,3,1.75,0.08854166666666666,0.39999999999999997,3.2
7,17,62,1,1.7142857142857142,0.020833333333333332,0.21295885499997994,3.0476190476190474
8,19,54,6,1.7894736842105263,0.11979166666666666,0.4823763889427201,3.3684210526315788
9,18,58,3,1.75,0.06510416666666666,0.39999999999999997,3.2
10,19,60,3,1.7894736842105263,0.0546875,0.4823763889427201,3.3684210526315788
11,18,58,1,1.7,0.049479166666666664,0.39999999999999997,3.2
12,19,61,1,1.7894736842105263,0.028645833333333332,0.4823763889427201,3.3684210526315788
13,17,57,2,1.7142857142857142,0.06510416666666666,0.21295885499997994,3.0476190476190474
14,18,59,4,1.75,0.06770833333333334,0.39999999999999997,3.2
15,17,60,2,1.7142857142857142,0.04427083333333333,0.21295885499997994,3.0476190476190474
16,18,58,1,1.7,0.049479166666666664,0.39999999999999997,3.2
17,18,62,0,1.75,0.013020833333333332,0.39999999999999997,3.2
18,19,62,1,1.7894736842105263,0.020833333333333332,0.4823763889427201,3.3684210526315788
19,18,59,1,1.75,0.041666666666666664,0.39999999999999997,3.2
20,17,54,6,1.6666666666666667,0.11640211640211641,0.3086066999241838,3.0
21,18,59,3,1.7,0.05555555555555555,0.47696960070847283,3.15
22,17,63,0,1.7142857142857142,0.005208333333333333,0.21295885499997994,3.0476190476190474
23,18,56,3,1.75,0.078125,0.39999999999999997,3.2
24,19,58,2,1.7894736842105263,0.0546875,0.48237638894272,3.3684210526315788
25,19,59,3,1.7894736842105263,0.059895833333333336,0.48237638894272,3.3684210526315788
26,18,59,3,1.7,0.05555555555555555,0.47696960070847283,3.15
27,19,57,1,1.7894736842105263,0.0546875,0.4823763889427201,3.3684210526315788
28,19,57,3,1.7894736842105263,0.0703125,0.4823763889427201,3.3684210526315788
29,18,61,0,1.75,0.020833333333333332,0.39999999999999997,3.2
30,18,59,1,1.75,0.046875,0.39999999999999997,3.2
31,17,59,2,1.6666666666666667,0.05208333333333333,0.21295885499997994,3.0476190476190474
32,18,60,3,1.75,0.05208333333333333,0.39999999999999997,3.2
33,17,56,2,1.7142857142857142,0.0703125,0.21295885499997994,3.0476190476190474
34,19,55,3,1.736842105263158,0.08465608465608465,0.5668594533825794,3.3157894736842106
35,18,57,2,1.75,0.06770833333333333,0.39999999999999997,3.2
36,18,59,3,1.75,0.05729166666666666,0.39999999999999997,3.2
37,20,58,3,1.7777777777777777,0.06510416666666666,0.49690399499995325,3.5555555555555554
38,18,60,3,1.75,0.05208333333333333,0.39999999999999997,3.2
39,18,60,2,1.75,0.046875,0.39999999999999997,3.2
40,19,59,0,1.7894736842105263,0.033854166666666664,0.48237638894272,3.3684210526315788
41,18,62,2,1.75,0.03125,0.39999999999999997,3.2
42,18,59,2,1.75,0.05208333333333333,0.39999999999999997,3.2
43,18,56,2,1.75,0.07552083333333333,0.39999999999999997,3.2
44,18,57,1,1.75,0.049479166666666664,0.39999999999999997,3.2
45,17,55,2,1.6666666666666667,0.06878306878306878,0.3086066999241838,3.0
46,18,61,1,1.75,0.028645833333333332,0.39999999999999997,3.2
47,19,60,1,1.7894736842105263,0.0390625,0.4823763889427201,3.3684210526315788
48,17,60,1,1.7142857142857142,0.031249999999999997,0.21295885499997994,3.0476190476190474
49,18,57,4,1.7,0.07936507936507936,0.47696960070847283,3.15
50,18,59,2,1.75,0.049479166666666664,0.39999999999999997,3.2
51,18,60,3,1.75,0.052083333333333336,0.39999999999999997,3.2
52,18,58,2,1.75,0.0546875,0.39999999999999997,3.2
53,18,58,1,1.75,0.0546875,0.39999999999999997,3.2
54,18,58,2,1.75,0.052083333333333336,0.39999999999999997,3.2
55,19,57,1,1.7894736842105263,0.057291666666666664,0.48237638894272,3.3684210526315788
56,17,61,0,1.7142857142857142,0.018229166666666664,0.21295885499997994,3.0476190476190474
57,17,57,1,1.6666666666666667,0.047619047619047616,0.3086066999241838,3.0
58,19,56,2,1.7894736842105263,0.07031249999999999,0.4823763889427201,3.3684210526315788
59,18,62,2,1.75,0.03125,0.39999999999999997,3.2
60,17,60,0,1.7142857142857142,0.028645833333333332,0.21295885499997994,3.0476190476190474
61,19,60,2,1.7894736842105263,0.04427083333333333,0.4823763889427201,3.3684210526315788
62,17,57,2,1.7142857142857142,0.0625,0.21295885499997994,3.0476190476190474
63,18,54,3,1.75,0.09114583333333334,0.39999999999999997,3.2
64,18,57,4,1.75,0.08072916666666667,0.39999999999999997,3.2
65,17,59,2,1.7142857142857142,0.049479166666666664,0.21295885499997994,3.0476190476190474
66,18,59,2,1.75,0.046875,0.39999999999999997,3.2
67,17,58,2,1.7142857142857142,0.05729166666666666,0.21295885499997994,3.0476190476190474
68,17,63,0,1.7142857142857142,0.0078125,0.21295885499997994,3.0476190476190474
69,17,54,5,1.7142857142857142,0.109375,0.21295885499997994,3.0476190476190474
70,18,58,2,1.75,0.05729166666666666,0.39999999999999997,3.2
71,18,62,2,1.75,0.03125,0.39999999999999997,3.2
72,17,58,1,1.7142857142857142,0.041666666666666664,0.21295885499997994,3.0476190476190474
73,18,55,6,1.75,0.11197916666666666,0.39999999999999997,3.2
74,18,51,6,1.75,0.140625,0.39999999999999997,3.2
75,17,59,0,1.7142857142857142,0.028645833333333332,0.21295885499997994,3.0476190476190474
76,18,56,2,1.75,0.0703125,0.39999999999999997,3.2
77,17,57,2,1.6666666666666667,0.06770833333333333,0.21295885499997994,3.0476190476190474
78,18,61,1,1.75,0.028645833333333332,0.39999999999999997,3.2
79,17,61,1,1.7142857142857142,0.03125,0.21295885499997994,3.0476190476190474
80,17,60,1,1.7142857142857142,0.03645833333333333,0.21295885499997994,3.0476190476190474
81,17,59,0,1.7142857142857142,0.033854166666666664,0.21295885499997994,3.0476190476190474
82,17,57,0,1.6666666666666667,0.042328042328042326,0.3086066999241838,3.0
83,19,54,3,1.7894736842105263,0.09635416666666666,0.4823763889427201,3.3684210526315788
84,17,60,1,1.7142857142857142,0.0390625,0.21295885499997994,3.0476190476190474
85,18,57,4,1.75,0.08333333333333333,0.39999999999999997,3.2
86,18,60,2,1.75,0.046875,0.39999999999999997,3.2
87,18,54,2,1.75,0.08333333333333334,0.39999999999999997,3.2
88,18,56,4,1.75,0.09114583333333334,0.39999999999999997,3.2
89,18,58,1,1.75,0.05208333333333333,0.39999999999999997,3.2
90,18,58,2,1.75,0.0546875,0.39999999999999997,3.2
91,18,60,2,1.75,0.046875,0.39999999999999997,3.2
92,18,59,2,1.75,0.0546875,0.39999999999999997,3.2
93,17,57,3,1.7142857142857142,0.0703125,0.21295885499997994,3.0476190476190474
94,18,57,1,1.75,0.057291666666666664,0.39999999999999997,3.2
95,18,56,4,1.75,0.09375,0.39999999999999997,3.2
96,17,59,5,1.7142857142857142,0.078125,0.21295885499997994,3.0476190476190474
97,18,62,0,1.75,0.010416666666666666,0.39999999999999997,3.2
98,19,56,1,1.7894736842105263,0.057291666666666664,0.48237638894272,3.3684210526315788
99,18,56,5,1.75,0.09635416666666666,0.39999999999999997,3.2
100,18,59,1,1.75,0.04427083333333333,0.39999999999999997,3.2
101,18,59,2,1.75,0.0546875,0.39999999999999997,3.2
102,18,58,3,1.75,0.06770833333333333,0.39999999999999997,3.2
103,17,58,2,1.7142857142857142,0.059895833333333336,0.21295885499997994,3.0476190476190474
104,17,61,1,1.7142857142857142,0.028645833333333332,0.21295885499997994,3.0476190476190474
105,18,61,1,1.75,0.03125,0.39999999999999997,3.2
106,17,62,0,1.7142857142857142,0.013020833333333332,0.21295885499997994,3.0476190476190474
107,17,56,4,1.7142857142857142,0.09114583333333333,0.21295885499997994,3.0476190476190474
108,18,57,2,1.75,0.06510416666666666,0.39999999999999997,3.2
109,19,60,3,1.7894736842105263,0.05208333333333333,0.4823763889427201,3.3684210526315788
110,17,57,0,1.7142857142857142,0.049479166666666664,0.21295885499997994,3.0476190476190474
111,17,54,2,1.7142857142857142,0.08072916666666666,0.21295885499997994,3.0476190476190474
112,18,58,3,1.75,0.06770833333333333,0.39999999999999997,3.2
113,18,56,3,1.75,0.078125,0.39999999999999997,3.2
114,18,62,0,1.75,0.013020833333333332,0.39999999999999997,3.2
115,18,58,3,1.75,0.06510416666666667,0.39999999999999997,3.2
116,19,56,2,1.7894736842105263,0.06770833333333333,0.4823763889427201,3.3684210526315788
117,19,58,2,1.7894736842105263,0.05468749999999999,0.4823763889427201,3.3684210526315788
118,17,58,3,1.6666666666666667,0.0703125,0.21295885499997994,3.0476190476190474
119,18,58,2,1.75,0.05468749999999999,0.39999999999999997,3.2
120,18,59,2,1.75,0.05208333333333333,0.39999999999999997,3.2
121,18,57,2,1.7,0.06510416666666666,0.39999999999999997,3.2
122,18,61,1,1.75,0.03125,0.39999999999999997,3.2
123,18,57,2,1.75,0.0625,0.39999999999999997,3.2
124,18,55,3,1.75,0.0859375,0.39999999999999997,3.2
125,19,61,3,1.7894736842105263,0.046875,0.4823763889427201,3.3684210526315788
126,19,57,3,1.7894736842105263,0.0703125,0.4823763889427201,3.3684210526315788
127,19,54,4,1.7894736842105263,0.10416666666666666,0.4823763889427201,3.3684210526315788
128,18,58,2,1.75,0.057291666666666664,0.39999999999999997,3.2
129,19,59,2,1.7894736842105263,0.0546875,0.4823763889427201,3.3684210526315788
130,18,54,3,1.75,0.0859375,0.39999999999999997,3.2
131,17,59,1,1.7142857142857142,0.044270833333333336,0.21295885499997994,3.0476190476190474
132,19,60,1,1.7894736842105263,0.033854166666666664,0.4823763889427201,3.3684210526315788
133,18,59,1,1.75,0.041666666666666664,0.39999999999999997,3.2
134,18,61,0,1.75,0.0234375,0.39999999999999997,3.2
135,20,56,4,1.8333333333333333,0.09114583333333333,0.49690399499995325,3.5555555555555554
136,17,54,4,1.6666666666666667,0.10416666666666666,0.21295885499997994,3.0476190476190474
137,18,59,3,1.75,0.05989583333333333,0.39999999999999997,3.2
138,17,59,1,1.7142857142857142,0.041666666666666664,0.21295885499997994,3.0476190476190474
139,18,57,2,1.75,0.06510416666666667,0.39999999999999997,3.2
140,17,56,5,1.7142857142857142,0.09895833333333333,0.21295885499997994,3.0476190476190474
141,17,58,2,1.7142857142857142,0.0546875,0.21295885499997994,3.0476190476190474
142,19,60,2,1.7894736842105263,0.04427083333333333,0.48237638894272,3.3684210526315788
143,17,59,2,1.7142857142857142,0.04947916666666667,0.21295885499997994,3.0476190476190474
144,18,55,2,1.75,0.078125,0.39999999999999997,3.2
145,19,57,3,1.7894736842105263,0.0703125,0.4823763889427201,3.3684210526315788
146,19,57,2,1.7894736842105263,0.059895833333333336,0.4823763889427201,3.3684210526315788
147,18,62,1,1.75,0.0234375,0.39999999999999997,3.2
148,18,60,1,1.75,0.033854166666666664,0.39999999999999997,3.2
149,17,57,2,1.7142857142857142,0.06770833333333333,0.21295885499997994,3.0476190476190474
150,19,54,2,1.7894736842105263,0.08593749999999999,0.4823763889427201,3.3684210526315788
151,17,56,3,1.7142857142857142,0.078125,0.21295885499997994,3.0476190476190474
152,18,57,0,1.75,0.046875,0.39999999999999997,3.2
153,17,60,2,1.7142857142857142,0.04427083333333333,0.21295885499997994,3.0476190476190474
154,18,53,4,1.75,0.10416666666666666,0.39999999999999997,3.2
155,17,60,1,1.7142857142857142,0.0390625,0.21295885499997994,3.0476190476190474
156,18,55,1,1.75,0.0625,0.39999999999999997,3.2
157,18,57,2,1.75,0.06770833333333333,0.39999999999999997,3.2
158,17,55,3,1.7142857142857142,0.08072916666666666,0.21295885499997994,3.0476190476190474
159,18,58,2,1.75,0.05729166666666666,0.39999999999999997,3.2
160,18,59,0,1.75,0.031249999999999997,0.39999999999999997,3.2
161,20,58,2,1.8333333333333333,0.057291666666666664,0.49690399499995325,3.5555555555555554
162,18,56,1,1.75,0.057291666666666664,0.39999999999999997,3.2
163,18,58,2,1.6,0.05555555555555555,0.47696960070847283,3.15
164,19,60,2,1.736842105263158,0.041666666666666664,0.4823763889427201,3.3684210526315788
165,17,54,3,1.7142857142857142,0.09114583333333334,0.21295885499997994,3.0476190476190474
166,19,57,1,1.7894736842105263,0.05468749999999999,0.4823763889427201,3.3684210526315788
167,18,58,2,1.75,0.05468749999999999,0.39999999999999997,3.2
168,18,53,4,1.7,0.09788359788359789,0.47696960070847283,3.15
169,18,52,3,1.75,0.11197916666666666,0.39999999999999997,3.2
170,18,61,2,1.75,0.03645833333333333,0.39999999999999997,3.2
171,18,55,2,1.75,0.07291666666666666,0.39999999999999997,3.2
172,17,58,2,1.7142857142857142,0.052083333333333336,0.21295885499997994,3.0476190476190474
173,17,57,1,1.7142857142857142,0.057291666666666664,0.21295885499997994,3.0476190476190474
174,19,59,2,1.7894736842105263,0.049479166666666664,0.4823763889427201,3.3684210526315788
175,17,58,3,1.7142857142857142,0.06510416666666667,0.21295885499997994,3.0476190476190474
176,18,58,2,1.75,0.0546875,0.39999999999999997,3.2
177,18,59,2,1.7,0.047619047619047616,0.47696960070847283,3.15
178,19,52,3,1.7894736842105263,0.10677083333333333,0.48237638894272,3.3684210526315788
179,19,60,3,1.7894736842105263,0.05208333333333333,0.4823763889427201,3.3684210526315788
180,17,53,2,1.7142857142857142,0.09374999999999999,0.21295885499997994,3.0476190476190474
181,18,58,2,1.75,0.05729166666666666,0.39999999999999997,3.2
182,17,60,2,1.619047619047619,0.041666666666666664,0.21295885499997994,3.0476190476190474
183,18,55,6,1.7,0.11458333333333333,0.39999999999999997,3.2
184,18,56,3,1.75,0.07552083333333333,0.39999999999999997,3.2
185,17,57,2,1.6666666666666667,0.0582010582010582,0.3086066999241838,3.0
186,18,58,3,1.75,0.06770833333333333,0.39999999999999997,3.2
187,18,59,1,1.75,0.041666666666666664,0.39999999999999997,3.2
188,18,56,5,1.75,0.09895833333333333,0.39999999999999997,3.2
189,19,57,2,1.736842105263158,0.0582010582010582,0.5668594533825794,3.3157894736842106
190,18,56,6,1.75,0.109375,0.39999999999999997,3.2
191,18,56,3,1.75,0.08072916666666666,0.39999999999999997,3.2
192,17,54,6,1.7142857142857142,0.12239583333333333,0.21295885499997994,3.0476190476190474
193,17,56,3,1.7142857142857142,0.07812499999999999,0.21295885499997994,3.0476190476190474
194,18,58,1,1.75,0.046875,0.39999999999999997,3.2
195,17,59,2,1.7142857142857142,0.05208333333333333,0.21295885499997994,3.0476190476190474
196,17,60,3,1.7142857142857142,0.0546875,0.21295885499997994,3.0476190476190474
197,18,60,1,1.75,0.03645833333333333,0.39999999999999997,3.2
198,18,58,4,1.75,0.07552083333333334,0.39999999999999997,3.2
199,18,58,2,1.75,0.0625,0.39999999999999997,3.2
200,17,58,3,1.7142857142857142,0.06510416666666666,0.21295885499997994,3.0476190476190474
201,18,59,2,1.75,0.05208333333333333,0.39999999999999997,3.2
202,17,56,4,1.7142857142857142,0.09114583333333333,0.21295885499997994,3.0476190476190474
203,19,58,3,1.7894736842105263,0.06770833333333333,0.48237638894272,3.3684210526315788
204,18,57,1,1.75,0.0546875,0.39999999999999997,3.2
205,17,54,5,1.7142857142857142,0.109375,0.21295885499997994,3.0476190476190474
206,18,59,2,1.75,0.05208333333333333,0.39999999999999997,3.2
207,17,58,4,1.7142857142857142,0.078125,0.21295885499997994,3.0476190476190474
208,19,53,4,1.7894736842105263,0.10937499999999999,0.4823763889427201,3.3684210526315788
209,18,58,2,1.75,0.05729166666666667,0.39999999999999997,3.2
210,18,56,3,1.75,0.08072916666666666,0.39999999999999997,3.2
211,17,58,2,1.7142857142857142,0.0546875,0.21295885499997994,3.0476190476190474
212,18,59,2,1.75,0.05208333333333333,0.39999999999999997,3.2
213,18,54,4,1.75,0.09895833333333333,0.39999999999999997,3.2
214,17,55,4,1.7142857142857142,0.09114583333333331,0.21295885499997994,3.0476190476190474
215,17,56,3,1.7142857142857142,0.08072916666666666,0.21295885499997994,3.0476190476190474
216,18,55,2,1.75,0.078125,0.39999999999999997,3.2
217,18,53,4,1.75,0.11197916666666666,0.39999999999999997,3.2
218,18,56,4,1.75,0.0859375,0.39999999999999997,3.2
219,18,59,3,1.75,0.059895833333333336,0.39999999999999997,3.2
220,19,57,2,1.7894736842105263,0.06510416666666667,0.48237638894272,3.3684210526315788
221,18,56,4,1.75,0.08333333333333333,0.39999999999999997,3.2
222,18,54,4,1.75,0.10416666666666666,0.39999999999999997,3.2
223,17,54,3,1.7142857142857142,0.09114583333333333,0.21295885499997994,3.0476190476190474
224,18,57,3,1.75,0.07552083333333333,0.39999999999999997,3.2
225,19,59,3,1.7894736842105263,0.05989583333333333,0.4823763889427201,3.3684210526315788
226,18,59,1,1.75,0.041666666666666664,0.39999999999999997,3.2
227,18,53,7,1.75,0.13802083333333331,0.39999999999999997,3.2
228,17,57,3,1.7142857142857142,0.07291666666666666,0.21295885499997994,3.0476190476190474
229,17,57,5,1.7142857142857142,0.08854166666666666,0.21295885499997994,3.0476190476190474
230,18,53,5,1.75,0.11979166666666666,0.39999999999999997,3.2
231,18,59,2,1.75,0.049479166666666664,0.39999999999999997,3.2
232,18,55,3,1.75,0.08854166666666666,0.39999999999999997,3.2
233,18,53,3,1.75,0.09635416666666666,0.39999999999999997,3.2
234,18,54,2,1.75,0.08333333333333331,0.39999999999999997,3.2
235,18,56,5,1.75,0.09375,0.39999999999999997,3.2
236,18,57,1,1.75,0.0546875,0.39999999999999997,3.2
237,19,57,4,1.7894736842105263,0.078125,0.4823763889427201,3.3684210526315788
238,18,53,8,1.75,0.140625,0.39999999999999997,3.2
239,18,57,2,1.75,0.059895833333333336,0.39999999999999997,3.2
240,18,55,6,1.75,0.1171875,0.39999999999999997,3.2
241,17,55,3,1.7142857142857142,0.08333333333333333,0.21295885499997994,3.0476190476190474
242,18,55,5,1.7,0.10416666666666666,0.39999999999999997,3.2
243,19,59,2,1.7894736842105263,0.05208333333333333,0.4823763889427201,3.3684210526315788
244,18,55,2,1.75,0.07552083333333333,0.39999999999999997,3.2
245,17,53,3,1.6666666666666667,0.09895833333333333,0.21295885499997994,3.0476190476190474
246,17,55,5,1.7142857142857142,0.10677083333333333,0.21295885499997994,3.0476190476190474
247,17,55,2,1.7142857142857142,0.08072916666666666,0.21295885499997994,3.0476190476190474
248,18,55,4,1.75,0.09114583333333333,0.39999999999999997,3.2
249,17,55,4,1.7142857142857142,0.09635416666666666,0.21295885499997994,3.0476190476190474
250,18,52,5,1.75,0.125,0.39999999999999997,3.2
251,17,53,5,1.7142857142857142,0.12239583333333333,0.21295885499997994,3.0476190476190474
252,19,57,4,1.7894736842105263,0.08333333333333333,0.4823763889427201,3.3684210526315788
253,19,55,5,1.7894736842105263,0.10677083333333333,0.4823763889427201,3.3684210526315788
254,20,55,4,1.8333333333333333,0.09375,0.49690399499995325,3.5555555555555554
255,18,57,5,1.75,0.09375,0.39999999999999997,3.2
256,18,57,3,1.75,0.0703125,0.39999999999999997,3.2
257,17,54,4,1.7142857142857142,0.1015625,0.21295885499997994,3.0476190476190474
258,17,54,5,1.6666666666666667,0.109375,0.21295885499997994,3.0476190476190474
259,19,51,7,1.7894736842105263,0.15104166666666666,0.4823763889427201,3.3684210526315788
260,17,54,6,1.7142857142857142,0.125,0.21295885499997994,3.0476190476190474
261,18,49,6,1.75,0.15104166666666669,0.39999999999999997,3.2
262,18,52,6,1.75,0.1328125,0.39999999999999997,3.2
263,19,55,5,1.7894736842105263,0.1015625,0.48237638894272,3.3684210526315788
264,18,54,7,1.75,0.12760416666666666,0.39999999999999997,3.2
265,17,57,5,1.7142857142857142,0.09114583333333333,0.21295885499997994,3.0476190476190474
266,17,56,1,1.7142857142857142,0.05989583333333333,0.21295885499997994,3.0476190476190474
267,19,52,6,1.7894736842105263,0.13541666666666666,0.4823763889427201,3.3684210526315788
268,18,52,4,1.75,0.1171875,0.39999999999999997,3.2
269,18,53,4,1.75,0.10416666666666666,0.39999999999999997,3.2
270,17,58,4,1.7142857142857142,0.07552083333333333,0.21295885499997994,3.0476190476190474
271,18,54,4,1.75,0.1015625,0.39999999999999997,3.2
272,17,53,3,1.7142857142857142,0.09895833333333333,0.21295885499997994,3.0476190476190474
273,19,58,3,1.7894736842105263,0.06770833333333334,0.48237638894272,3.3684210526315788
274,18,54,4,1.7,0.1015625,0.39999999999999997,3.2
275,18,57,3,1.75,0.07552083333333333,0.39999999999999997,3.2
276,18,58,5,1.75,0.0859375,0.39999999999999997,3.2
277,17,53,3,1.7142857142857142,0.09895833333333333,0.21295885499997994,3.0476190476190474
278,18,53,4,1.75,0.10416666666666666,0.39999999999999997,3.2
279,19,53,3,1.7894736842105263,0.09635416666666666,0.48237638894272,3.3684210526315788
280,17,55,1,1.7142857142857142,0.07552083333333333,0.21295885499997994,3.0476190476190474
281,17,53,6,1.7142857142857142,0.12499999999999999,0.21295885499997994,3.0476190476190474
282,18,54,3,1.75,0.09114583333333334,0.39999999999999997,3.2
283,17,59,2,1.7142857142857142,0.0546875,0.21295885499997994,3.0476190476190474
284,18,51,8,1.75,0.16145833333333334,0.39999999999999997,3.2
285,18,53,5,1.75,0.11718749999999999,0.39999999999999997,3.2
286,17,53,4,1.7142857142857142,0.10937499999999999,0.21295885499997994,3.0476190476190474
287,18,56,3,1.75,0.08072916666666666,0.39999999999999997,3.2
288,19,55,5,1.7894736842105263,0.10677083333333333,0.4823763889427201,3.3684210526315788
289,19,52,9,1.7894736842105263,0.16145833333333331,0.4823763889427201,3.3684210526315788
290,17,54,4,1.7142857142857142,0.10677083333333333,0.21295885499997994,3.0476190476190474
291,19,57,4,1.7894736842105263,0.08072916666666667,0.4823763889427201,3.3684210526315788
292,19,55,5,1.7894736842105263,0.10677083333333333,0.4823763889427201,3.3684210526315788
293,18,53,6,1.75,0.12760416666666666,0.39999999999999997,3.2
294,17,54,5,1.7142857142857142,0.11197916666666666,0.21295885499997994,3.0476190476190474
295,17,51,6,1.7142857142857142,0.140625,0.21295885499997994,3.0476190476190474
296,18,50,6,1.75,0.1484375,0.39999999999999997,3.2
297,19,55,5,1.7894736842105263,0.109375,0.4823763889427201,3.3684210526315788
298,17,49,7,1.7142857142857142,0.16145833333333331,0.21295885499997994,3.0476190476190474
299,18,51,8,1.75,0.16145833333333331,0.39999999999999997,3.2
300,18,54,7,1.75,0.1328125,0.39999999999999997,3.2
301,19,51,5,1.7894736842105263,0.13541666666666666,0.4823763889427201,3.3684210526315788
302,19,52,9,1.7894736842105263,0.16145833333333331,0.4823763889427201,3.3684210526315788
303,17,57,5,1.7142857142857142,0.09114583333333333,0.21295885499997994,3.0476190476190474
304,19,55,6,1.7894736842105263,0.1171875,0.4823763889427201,3.3684210526315788
305,18,52,9,1.75,0.15885416666666666,0.39999999999999997,3.2
306,18,56,5,1.75,0.09895833333333333,0.39999999999999997,3.2
307,17,53,6,1.7142857142857142,0.12760416666666666,0.21295885499997994,3.0476190476190474
308,19,56,4,1.7894736842105263,0.08854166666666666,0.4823763889427201,3.3684210526315788
309,18,53,7,1.7,0.13541666666666666,0.39999999999999997,3.2
310,18,54,6,1.75,0.11458333333333331,0.39999999999999997,3.2
311,18,59,3,1.7,0.05989583333333333,0.39999999999999997,3.2
312,18,52,8,1.75,0.1484375,0.39999999999999997,3.2
313,17,49,5,1.7142857142857142,0.1484375,0.21295885499997994,3.0476190476190474
314,18,52,8,1.7,0.15364583333333331,0.39999999999999997,3.2
315,19,51,8,1.7894736842105263,0.15885416666666666,0.4823763889427201,3.3684210526315788
316,18,54,3,1.75,0.09114583333333333,0.39999999999999997,3.2
317,18,53,7,1.75,0.13802083333333331,0.39999999999999997,3.2
318,19,51,8,1.7894736842105263,0.15364583333333331,0.4823763889427201,3.3684210526315788
319,18,48,6,1.75,0.15885416666666666,0.39999999999999997,3.2
320,18,49,4,1.75,0.14322916666666666,0.39999999999999997,3.2
321,18,52,7,1.7,0.14322916666666666,0.39999999999999997,3.2
322,18,51,8,1.75,0.15625,0.39999999999999997,3.2
323,19,52,5,1.7894736842105263,0.12760416666666666,0.4823763889427201,3.3684210526315788
324,18,54,5,1.75,0.11458333333333333,0.39999999999999997,3.2
325,18,48,11,1.75,0.20052083333333334,0.39999999999999997,3.2
326,20,52,6,1.8333333333333333,0.1328125,0.49690399499995325,3.5555555555555554
327,17,52,7,1.7142857142857142,0.140625,0.21295885499997994,3.0476190476190474
328,19,51,6,1.736842105263158,0.140625,0.4823763889427201,3.3684210526315788
329,17,53,2,1.7142857142857142,0.09114583333333333,0.21295885499997994,3.0476190476190474
330,17,50,6,1.7142857142857142,0.15104166666666666,0.21295885499997994,3.0476190476190474
331,17,51,7,1.6666666666666667,0.15104166666666666,0.21295885499997994,3.0476190476190474
332,18,46,13,1.75,0.234375,0.39999999999999997,3.2
333,18,55,6,1.65,0.11458333333333333,0.39999999999999997,3.2
334,19,50,9,1.7894736842105263,0.17708333333333331,0.4823763889427201,3.3684210526315788
335,18,53,5,1.75,0.11979166666666666,0.39999999999999997,3.2
336,17,54,3,1.7142857142857142,0.09895833333333334,0.21295885499997994,3.0476190476190474
337,18,50,5,1.75,0.13020833333333331,0.39999999999999997,3.2
338,19,52,6,1.7894736842105263,0.1328125,0.4823763889427201,3.3684210526315788
339,17,51,5,1.7142857142857142,0.13020833333333334,0.21295885499997994,3.0476190476190474
340,18,51,6,1.75,0.140625,0.39999999999999997,3.2
341,18,47,7,1.75,0.17708333333333331,0.39999999999999997,3.2
342,20,48,8,1.8333333333333333,0.1796875,0.49690399499995325,3.5555555555555554
343,17,47,7,1.7142857142857142,0.171875,0.21295885499997994,3.0476190476190474
344,18,54,3,1.75,0.09375,0.39999999999999997,3.2
345,19,48,8,1.7894736842105263,0.1796875,0.48237638894272,3.3684210526315788
346,20,51,8,1.8333333333333333,0.15625,0.49690399499995325,3.5555555555555554
347,18,49,8,1.7,0.16666666666666666,0.39999999999999997,3.2
348,17,55,5,1.619047619047619,0.1015625,0.21295885499997994,3.0476190476190474
349,17,52,5,1.7142857142857142,0.12760416666666666,0.21295885499997994,3.0476190476190474
350,17,55,4,1.7142857142857142,0.09895833333333333,0.21295885499997994,3.0476190476190474
351,17,47,8,1.7142857142857142,0.18489583333333331,0.21295885499997994,3.0476190476190474
352,19,56,5,1.7894736842105263,0.09895833333333333,0.4823763889427201,3.3684210526315788
353,17,52,5,1.7142857142857142,0.12239583333333333,0.21295885499997994,3.0476190476190474
354,17,49,13,1.7142857142857142,0.21614583333333331,0.21295885499997994,3.0476190476190474
355,18,49,9,1.75,0.18229166666666663,0.39999999999999997,3.2
356,18,51,7,1.75,0.15364583333333331,0.39999999999999997,3.2
357,18,47,9,1.75,0.1953125,0.39999999999999997,3.2
358,18,52,9,1.75,0.1640625,0.39999999999999997,3.2
359,17,46,10,1.7142857142857142,0.21354166666666666,0.21295885499997994,3.0476190476190474
360,19,49,5,1.6842105263157894,0.14583333333333331,0.4823763889427201,3.3684210526315788
361,18,46,7,1.75,0.18229166666666666,0.39999999999999997,3.2
362,18,53,7,1.75,0.13541666666666666,0.39999999999999997,3.2
363,17,54,5,1.7142857142857142,0.11197916666666666,0.21295885499997994,3.0476190476190474
364,19,55,7,1.7894736842105263,0.12239583333333334,0.4823763889427201,3.3684210526315788
365,18,47,11,1.75,0.21875,0.39999999999999997,3.2
366,17,50,8,1.7142857142857142,0.16666666666666666,0.21295885499997994,3.0476190476190474
367,19,52,10,1.7894736842105263,0.171875,0.4823763889427201,3.3684210526315788
368,18,49,7,1.75,0.16927083333333331,0.39999999999999997,3.2
369,19,49,14,1.7894736842105263,0.2265625,0.4823763889427201,3.3684210526315788
370,18,47,11,1.7,0.20899470899470898,0.47696960070847283,3.15
371,17,58,3,1.7142857142857142,0.0703125,0.21295885499997994,3.0476190476190474
372,18,52,6,1.75,0.13541666666666666,0.39999999999999997,3.2
373,18,47,13,1.7,0.2265625,0.39999999999999997,3.2
374,19,56,6,1.7894736842105263,0.10677083333333333,0.4823763889427201,3.3684210526315788
375,19,45,12,1.7894736842105263,0.22916666666666669,0.4823763889427201,3.3684210526315788
376,19,50,8,1.7894736842105263,0.16927083333333331,0.4823763889427201,3.3684210526315788
377,18,46,10,1.7,0.21354166666666663,0.39999999999999997,3.2
378,17,49,11,1.7142857142857142,0.19791666666666663,0.21295885499997994,3.0476190476190474
379,18,50,8,1.75,0.16927083333333331,0.39999999999999997,3.2
380,17,48,7,1.7142857142857142,0.17447916666666666,0.21295885499997994,3.0476190476190474
381,19,50,9,1.7894736842105263,0.171875,0.4823763889427201,3.3684210526315788
382,19,50,7,1.7894736842105263,0.15625,0.4823763889427201,3.3684210526315788
383,18,44,8,1.75,0.20572916666666666,0.39999999999999997,3.2
384,17,54,6,1.6666666666666667,0.11458333333333333,0.21295885499997994,3.0476190476190474
385,19,49,9,1.7894736842105263,0.18229166666666666,0.48237638894272,3.3684210526315788
386,18,52,7,1.75,0.14322916666666666,0.39999999999999997,3.2
387,18,48,9,1.75,0.19270833333333331,0.39999999999999997,3.2
388,18,49,11,1.75,0.20052083333333331,0.39999999999999997,3.2
389,18,52,5,1.75,0.12239583333333333,0.39999999999999997,3.2
390,17,47,9,1.7142857142857142,0.19791666666666666,0.21295885499997994,3.0476190476190474
391,18,45,15,1.75,0.26041666666666663,0.39999999999999997,3.2
392,18,44,14,1.75,0.2578125,0.39999999999999997,3.2
393,17,50,6,1.6666666666666667,0.1402116402116402,0.3086066999241838,3.0
394,18,49,10,1.7,0.19010416666666666,0.39999999999999997,3.2
395,18,51,7,1.75,0.15104166666666669,0.39999999999999997,3.2
396,19,48,12,1.736842105263158,0.2109375,0.48237638894272,3.3684210526315788
397,17,48,11,1.7142857142857142,0.20572916666666666,0.21295885499997994,3.0476190476190474
398,17,49,9,1.7142857142857142,0.1875,0.21295885499997994,3.0476190476190474
399,18,47,13,1.75,0.23177083333333331,0.39999999999999997,3.2
400,18,52,10,1.75,0.171875,0.39999999999999997,3.2
401,19,43,15,1.7894736842105263,0.2734375,0.48237638894272,3.3684210526315788
402,19,44,14,1.736842105263158,0.25396825396825395,0.5668594533825794,3.3157894736842106
403,18,49,9,1.75,0.18489583333333334,0.39999999999999997,3.2
404,19,48,9,1.7894736842105263,0.1875,0.4823763889427201,3.3684210526315788
405,18,47,11,1.75,0.21354166666666666,0.39999999999999997,3.2
406,18,45,13,1.75,0.23958333333333331,0.39999999999999997,3.2
407,17,48,13,1.7142857142857142,0.22395833333333331,0.21295885499997994,3.0476190476190474
408,19,45,15,1.7894736842105263,0.2630208333333333,0.48237638894272,3.3684210526315788
409,18,46,12,1.75,0.2265625,0.39999999999999997,3.2
410,19,55,8,1.7894736842105263,0.13020833333333334,0.48237638894272,3.3684210526315788
411,19,48,11,1.7894736842105263,0.20572916666666663,0.4823763889427201,3.3684210526315788
412,18,45,11,1.75,0.22916666666666663,0.39999999999999997,3.2
413,18,48,10,1.75,0.20052083333333331,0.39999999999999997,3.2
414,18,47,9,1.75,0.19791666666666666,0.39999999999999997,3.2
415,19,54,8,1.7894736842105263,0.13541666666666666,0.48237638894272,3.3684210526315788
416,17,48,8,1.619047619047619,0.1746031746031746,0.3086066999241838,3.0
417,18,49,10,1.75,0.1953125,0.39999999999999997,3.2
418,17,46,12,1.7142857142857142,0.2265625,0.21295885499997994,3.0476190476190474
419,18,49,11,1.7,0.19576719576719576,0.47696960070847283,3.15
420,18,47,13,1.75,0.23177083333333334,0.39999999999999997,3.2
421,18,49,9,1.75,0.17447916666666663,0.39999999999999997,3.2
422,20,51,7,1.8333333333333333,0.15104166666666666,0.49690399499995325,3.5555555555555554
423,19,50,10,1.7894736842105263,0.18229166666666669,0.4823763889427201,3.3684210526315788
424,18,50,10,1.65,0.18229166666666666,0.39999999999999997,3.2
425,19,47,8,1.7894736842105263,0.1875,0.4823763889427201,3.3684210526315788
426,18,46,10,1.7,0.20833333333333331,0.39999999999999997,3.2
427,19,45,13,1.7894736842105263,0.24479166666666669,0.4823763889427201,3.3684210526315788
428,19,40,15,1.736842105263158,0.2942708333333333,0.4823763889427201,3.3684210526315788
429,20,48,9,1.8333333333333333,0.18489583333333331,0.49690399499995325,3.5555555555555554
430,18,49,10,1.75,0.1953125,0.39999999999999997,3.2
431,20,45,14,1.7777777777777777,0.24739583333333331,0.49690399499995325,3.5555555555555554
432,19,48,9,1.7894736842105263,0.19010416666666669,0.4823763889427201,3.3684210526315788
433,18,46,11,1.7,0.21874999999999997,0.39999999999999997,3.2
434,18,47,12,1.7,0.22135416666666669,0.39999999999999997,3.2
435,18,49,11,1.75,0.20052083333333331,0.39999999999999997,3.2
436,18,52,6,1.75,0.13802083333333331,0.39999999999999997,3.2
437,18,42,12,1.7,0.2578125,0.39999999999999997,3.2
438,18,45,13,1.7,0.24739583333333331,0.39999999999999997,3.2
439,19,45,14,1.7894736842105263,0.25260416666666663,0.4823763889427201,3.3684210526315788
440,17,45,15,1.7142857142857142,0.2630208333333333,0.21295885499997994,3.0476190476190474
441,18,46,11,1.75,0.22395833333333331,0.39999999999999997,3.2
442,20,45,10,1.7777777777777777,0.22135416666666663,0.49690399499995325,3.5555555555555554
443,17,48,11,1.6666666666666667,0.20572916666666669,0.21295885499997994,3.0476190476190474
444,19,40,15,1.7894736842105263,0.2890625,0.4823763889427201,3.3684210526315788
445,18,47,12,1.75,0.21614583333333331,0.39999999999999997,3.2
446,18,49,10,1.75,0.19270833333333331,0.39999999999999997,3.2
447,17,47,11,1.7142857142857142,0.21354166666666666,0.21295885499997994,3.0476190476190474
448,18,49,11,1.7,0.19791666666666669,0.39999999999999997,3.2
449,18,42,14,1.75,0.26822916666666663,0.39999999999999997,3.2
450,18,43,18,1.75,0.30208333333333337,0.39999999999999997,3.2
451,18,45,13,1.75,0.24739583333333334,0.39999999999999997,3.2
452,18,45,13,1.75,0.24479166666666669,0.39999999999999997,3.2
453,19,43,18,1.7894736842105263,0.296875,0.4823763889427201,3.3684210526315788
454,18,41,11,1.75,0.25,0.39999999999999997,3.2
455,17,44,17,1.7142857142857142,0.28125,0.21295885499997994,3.0476190476190474
456,18,45,13,1.75,0.2421875,0.39999999999999997,3.2
457,18,44,13,1.75,0.25,0.39999999999999997,3.2
458,18,41,15,1.75,0.28125,0.39999999999999997,3.2
459,19,48,10,1.7894736842105263,0.20052083333333331,0.4823763889427201,3.3684210526315788
460,18,47,8,1.75,0.18489583333333331,0.39999999999999997,3.2
461,18,41,16,1.7,0.29166666666666663,0.39999999999999997,3.2
462,17,44,11,1.7142857142857142,0.22916666666666666,0.21295885499997994,3.0476190476190474
463,17,47,17,1.6666666666666667,0.265625,0.21295885499997994,3.0476190476190474
464,17,39,14,1.619047619047619,0.29166666666666663,0.21295885499997994,3.0476190476190474
465,19,52,9,1.7894736842105263,0.15625,0.4823763889427201,3.3684210526315788
466,19,48,12,1.7894736842105263,0.21875,0.4823763889427201,3.3684210526315788
467,19,49,10,1.7894736842105263,0.19270833333333331,0.4823763889427201,3.3684210526315788
468,19,44,15,1.736842105263158,0.2682291666666667,0.4823763889427201,3.3684210526315788
469,18,44,13,1.7,0.25260416666666663,0.39999999999999997,3.2
470,18,44,11,1.75,0.22916666666666666,0.39999999999999997,3.2
471,19,46,15,1.7894736842105263,0.25260416666666663,0.4823763889427201,3.3684210526315788
472,20,42,16,1.8333333333333333,0.29166666666666663,0.49690399499995325,3.5555555555555554
473,18,37,19,1.7,0.3518518518518518,0.47696960070847283,3.15
474,17,44,12,1.7142857142857142,0.23958333333333331,0.21295885499997994,3.0476190476190474
475,18,43,17,1.75,0.2942708333333333,0.39999999999999997,3.2
476,17,45,12,1.6666666666666667,0.23437499999999997,0.21295885499997994,3.0476190476190474
477,18,46,12,1.75,0.2265625,0.39999999999999997,3.2
478,18,45,15,1.75,0.26302083333333337,0.39999999999999997,3.2
479,18,53,8,1.7,0.1484375,0.39999999999999997,3.2
480,19,42,13,1.736842105263158,0.2682291666666667,0.4823763889427201,3.3684210526315788
481,17,43,15,1.7142857142857142,0.27864583333333337,0.21295885499997994,3.0476190476190474
482,18,46,11,1.75,0.22135416666666663,0.39999999999999997,3.2
483,20,47,13,1.8333333333333333,0.234375,0.49690399499995325,3.5555555555555554
484,19,42,11,1.736842105263158,0.24074074074074073,0.5668594533825794,3.3157894736842106
485,18,46,12,1.75,0.23177083333333334,0.39999999999999997,3.2
486,17,49,10,1.6666666666666667,0.19270833333333334,0.21295885499997994,3.0476190476190474
487,18,42,17,1.7,0.2994791666666667,0.39999999999999997,3.2
488,18,41,18,1.7,0.3151041666666667,0.39999999999999997,3.2
489,18,46,13,1.75,0.2421875,0.39999999999999997,3.2
490,18,50,11,1.75,0.19010416666666669,0.39999999999999997,3.2
491,19,46,14,1.736842105263158,0.24739583333333331,0.4823763889427201,3.3684210526315788
492,17,46,14,1.6666666666666667,0.24479166666666669,0.21295885499997994,3.0476190476190474
493,20,43,12,1.8333333333333333,0.24739583333333331,0.49690399499995325,3.5555555555555554
494,19,43,17,1.736842105263158,0.2916666666666667,0.4823763889427201,3.3684210526315788
495,18,42,16,1.7,0.2942708333333333,0.39999999999999997,3.2
496,20,41,17,1.7777777777777777,0.3046875,0.49690399499995325,3.5555555555555554
497,18,42,16,1.75,0.2916666666666667,0.39999999999999997,3.2
498,19,42,17,1.7894736842105263,0.29947916666666663,0.4823763889427201,3.3684210526315788
499,18,47,11,1.7,0.21354166666666666,0.39999999999999997,3.2
500,19,40,19,1.736842105263158,0.3307291666666667,0.4823763889427201,3.3684210526315788
501,18,41,17,1.7,0.3020833333333333,0.39999999999999997,3.2
502,17,46,15,1.6666666666666667,0.25520833333333337,0.21295885499997994,3.0476190476190474
503,18,48,13,1.7,0.22135416666666669,0.39999999999999997,3.2
504,17,46,14,1.6666666666666667,0.24739583333333334,0.21295885499997994,3.0476190476190474
505,19,44,15,1.7894736842105263,0.2682291666666667,0.4823763889427201,3.3684210526315788
506,18,51,8,1.75,0.16145833333333331,0.39999999999999997,3.2
507,20,44,15,1.8333333333333333,0.2708333333333333,0.49690399499995325,3.5555555555555554
508,17,44,17,1.6666666666666667,0.28385416666666663,0.21295885499997994,3.0476190476190474
509,18,42,15,1.7,0.28385416666666663,0.39999999999999997,3.2
510,19,41,16,1.736842105263158,0.2942708333333333,0.4823763889427201,3.3684210526315788
511,19,42,19,1.7894736842105263,0.3203125,0.4823763889427201,3.3684210526315788
512,20,47,11,1.7777777777777777,0.21354166666666669,0.49690399499995325,3.5555555555555554
513,18,44,16,1.75,0.2734375,0.39999999999999997,3.2
514,18,44,14,1.7,0.26041666666666663,0.39999999999999997,3.2
515,19,45,13,1.736842105263158,0.24479166666666663,0.4823763889427201,3.3684210526315788
516,17,45,16,1.6666666666666667,0.2734375,0.21295885499997994,3.0476190476190474
517,19,48,12,1.736842105263158,0.21354166666666666,0.4823763889427201,3.3684210526315788
518,19,43,17,1.7894736842105263,0.29166666666666663,0.4823763889427201,3.3684210526315788
519,18,45,15,1.7,0.26041666666666663,0.39999999999999997,3.2
520,18,47,14,1.75,0.23958333333333331,0.39999999999999997,3.2
521,19,43,12,1.736842105263158,0.24739583333333331,0.48237638894272,3.3684210526315788
522,17,41,17,1.7142857142857142,0.30729166666666663,0.21295885499997994,3.0476190476190474
523,19,46,13,1.736842105263158,0.23958333333333331,0.4823763889427201,3.3684210526315788
524,18,42,18,1.7,0.3072916666666667,0.39999999999999997,3.2
525,18,41,19,1.7,0.32291666666666663,0.39999999999999997,3.2
526,18,46,14,1.75,0.24479166666666666,0.39999999999999997,3.2
527,18,40,19,1.65,0.33072916666666663,0.39999999999999997,3.2
528,19,48,13,1.736842105263158,0.22135416666666666,0.4823763889427201,3.3684210526315788
529,18,43,17,1.7,0.296875,0.39999999999999997,3.2
530,19,40,19,1.736842105263158,0.3307291666666667,0.4823763889427201,3.3684210526315788
531,18,45,15,1.7,0.26041666666666663,0.39999999999999997,3.2
532,19,41,16,1.736842105263158,0.296875,0.4823763889427201,3.3684210526315788
533,19,42,18,1.6842105263157894,0.30423280423280424,0.5668594533825794,3.3157894736842106
534,19,47,11,1.6842105263157894,0.21164021164021163,0.5668594533825794,3.3157894736842106
535,18,39,18,1.7,0.3333333333333333,0.39999999999999997,3.2
536,17,40,15,1.6666666666666667,0.29947916666666663,0.21295885499997994,3.0476190476190474
537,18,43,16,1.75,0.2864583333333333,0.39999999999999997,3.2
538,19,47,13,1.736842105263158,0.23177083333333331,0.4823763889427201,3.3684210526315788
539,18,45,13,1.7,0.2421875,0.39999999999999997,3.2
540,17,45,16,1.6666666666666667,0.26822916666666663,0.21295885499997994,3.0476190476190474
541,18,42,15,1.7,0.27864583333333337,0.39999999999999997,3.2
542,19,43,16,1.736842105263158,0.28645833333333337,0.4823763889427201,3.3684210526315788
543,18,41,19,1.75,0.32552083333333337,0.39999999999999997,3.2
544,19,46,12,1.7894736842105263,0.23177083333333331,0.4823763889427201,3.3684210526315788
545,19,42,18,1.736842105263158,0.3046875,0.4823763889427201,3.3684210526315788
546,19,45,15,1.7894736842105263,0.26041666666666663,0.48237638894272,3.3684210526315788
547,19,48,10,1.736842105263158,0.203125,0.48237638894272,3.3684210526315788
548,19,46,18,1.736842105263158,0.28125,0.4823763889427201,3.3684210526315788
549,19,42,17,1.736842105263158,0.2942708333333333,0.48237638894272,3.3684210526315788
550,18,43,17,1.7,0.29427083333333337,0.39999999999999997,3.2
551,19,42,18,1.736842105263158,0.3125,0.4823763889427201,3.3684210526315788
552,19,45,15,1.736842105263158,0.2578125,0.4823763889427201,3.3684210526315788
553,20,48,12,1.7777777777777777,0.21354166666666666,0.49690399499995325,3.5555555555555554
554,18,44,14,1.7,0.2604166666666667,0.39999999999999997,3.2
555,19,42,17,1.736842105263158,0.29947916666666663,0.4823763889427201,3.3684210526315788
556,17,45,18,1.6666666666666667,0.2890625,0.21295885499997994,3.0476190476190474
557,17,44,16,1.6666666666666667,0.27864583333333337,0.21295885499997994,3.0476190476190474
558,19,42,19,1.736842105263158,0.31510416666666663,0.4823763889427201,3.3684210526315788
559,18,46,15,1.7,0.2578125,0.39999999999999997,3.2
560,18,38,22,1.7,0.37239583333333337,0.39999999999999997,3.2
561,18,41,17,1.7,0.3046875,0.39999999999999997,3.2
562,18,45,14,1.7,0.25,0.39999999999999997,3.2
563,18,45,17,1.7,0.28125,0.39999999999999997,3.2
564,17,45,15,1.7142857142857142,0.2604166666666667,0.21295885499997994,3.0476190476190474
565,18,44,14,1.7,0.2526041666666667,0.39999999999999997,3.2
566,18,43,18,1.7,0.2994791666666667,0.39999999999999997,3.2
567,18,39,18,1.7,0.33072916666666663,0.39999999999999997,3.2
568,19,43,17,1.736842105263158,0.2890625,0.4823763889427201,3.3684210526315788
569,18,40,20,1.7,0.3385416666666667,0.39999999999999997,3.2
570,18,39,17,1.7,0.3203125,0.39999999999999997,3.2
571,18,44,16,1.7,0.2734375,0.39999999999999997,3.2
572,19,43,16,1.6842105263157894,0.2777777777777778,0.5668594533825794,3.3157894736842106
573,20,41,19,1.7777777777777777,0.32291666666666663,0.49690399499995325,3.5555555555555554
574,19,48,13,1.736842105263158,0.22135416666666666,0.48237638894272,3.3684210526315788
575,18,46,13,1.7,0.234375,0.39999999999999997,3.2
576,17,44,13,1.6666666666666667,0.25260416666666663,0.21295885499997994,3.0476190476190474
577,18,41,18,1.75,0.30989583333333337,0.39999999999999997,3.2
578,18,45,16,1.7,0.2734375,0.39999999999999997,3.2
579,18,41,17,1.7,0.3046875,0.39999999999999997,3.2
580,18,41,17,1.7,0.296875,0.39999999999999997,3.2
581,19,38,23,1.736842105263158,0.3828125,0.4823763889427201,3.3684210526315788
582,18,44,13,1.7,0.24479166666666666,0.39999999999999997,3.2
583,18,46,15,1.7,0.2552083333333333,0.39999999999999997,3.2
584,18,40,17,1.7,0.3151041666666667,0.39999999999999997,3.2
585,18,45,15,1.7,0.2630208333333333,0.39999999999999997,3.2
586,18,38,18,1.65,0.335978835978836,0.47696960070847283,3.15
587,19,43,16,1.736842105263158,0.2838541666666667,0.4823763889427201,3.3684210526315788
588,19,46,15,1.736842105263158,0.2578125,0.4823763889427201,3.3684210526315788
589,19,46,10,1.6842105263157894,0.2109375,0.4823763889427201,3.3684210526315788
590,18,43,15,1.7,0.2734375,0.39999999999999997,3.2
591,18,42,17,1.7,0.296875,0.39999999999999997,3.2
592,19,42,19,1.736842105263158,0.3203125,0.4823763889427201,3.3684210526315788
593,19,42,17,1.736842105263158,0.30208333333333337,0.4823763889427201,3.3684210526315788
594,17,41,16,1.6666666666666667,0.296875,0.21295885499997994,3.0476190476190474
595,18,41,18,1.7,0.3125,0.39999999999999997,3.2
596,18,43,18,1.7,0.2994791666666667,0.39999999999999997,3.2
597,18,43,15,1.7,0.2734375,0.39999999999999997,3.2
598,19,42,19,1.736842105263158,0.31510416666666663,0.4823763889427201,3.3684210526315788
599,18,41,20,1.7,0.3307291666666667,0.39999999999999997,3.2
600,18,45,18,1.7,0.2890625,0.39999999999999997,3.2
601,18,40,20,1.7,0.3385416666666667,0.39999999999999997,3.2
602,19,44,16,1.736842105263158,0.2786458333333333,0.4823763889427201,3.3684210526315788
603,18,40,17,1.65,0.30952380952380953,0.47696960070847283,3.15
604,18,44,16,1.7,0.27864583333333337,0.39999999999999997,3.2
605,19,40,18,1.736842105263158,0.3203125,0.48237638894272,3.3684210526315788
606,18,40,18,1.7,0.3229166666666667,0.39999999999999997,3.2
607,19,43,18,1.736842105263158,0.30208333333333337,0.4823763889427201,3.3684210526315788
608,19,38,22,1.736842105263158,0.3697916666666667,0.4823763889427201,3.3684210526315788
609,19,44,19,1.736842105263158,0.3046875,0.4823763889427201,3.3684210526315788
610,18,40,21,1.7,0.3515625,0.39999999999999997,3.2
611,19,39,21,1.736842105263158,0.35677083333333337,0.4823763889427201,3.3684210526315788
612,18,44,18,1.7,0.296875,0.39999999999999997,3.2
613,18,43,18,1.7,0.3046875,0.39999999999999997,3.2
614,18,39,20,1.7,0.3515625,0.39999999999999997,3.2
615,18,44,16,1.7,0.2760416666666667,0.39999999999999997,3.2
616,19,38,18,1.736842105263158,0.33333333333333337,0.48237638894272,3.3684210526315788
617,19,40,20,1.736842105263158,0.3411458333333333,0.4823763889427201,3.3684210526315788
618,20,44,17,1.7777777777777777,0.2864583333333333,0.49690399499995325,3.5555555555555554
619,18,44,16,1.75,0.2734375,0.39999999999999997,3.2
620,18,42,19,1.7,0.3177083333333333,0.39999999999999997,3.2
621,19,43,18,1.736842105263158,0.29947916666666663,0.4823763889427201,3.3684210526315788
622,18,44,18,1.7,0.2916666666666667,0.39999999999999997,3.2
623,18,47,16,1.75,0.2552083333333333,0.39999999999999997,3.2
624,18,42,18,1.7,0.3046875,0.39999999999999997,3.2
625,18,45,17,1.7,0.28125,0.39999999999999997,3.2
626,18,44,17,1.7,0.28645833333333337,0.39999999999999997,3.2
627,19,40,18,1.736842105263158,0.3203125,0.4823763889427201,3.3684210526315788
628,18,39,19,1.7,0.3411458333333333,0.39999999999999997,3.2
629,18,37,20,1.7,0.3645833333333333,0.39999999999999997,3.2
630,18,39,19,1.7,0.3307291666666667,0.39999999999999997,3.2
631,18,42,19,1.7,0.3177083333333333,0.39999999999999997,3.2
632,19,41,19,1.736842105263158,0.328125,0.4823763889427201,3.3684210526315788
633,18,39,20,1.7,0.34375,0.39999999999999997,3.2
634,18,44,20,1.7,0.3125,0.39999999999999997,3.2
635,19,45,15,1.736842105263158,0.265625,0.4823763889427201,3.3684210526315788
636,18,43,17,1.7,0.29427083333333337,0.39999999999999997,3.2
637,19,41,19,1.7894736842105263,0.3203125,0.4823763889427201,3.3684210526315788
638,18,41,18,1.7,0.3072916666666667,0.39999999999999997,3.2
639,17,48,13,1.6666666666666667,0.22395833333333331,0.21295885499997994,3.0476190476190474
640,19,41,17,1.7894736842105263,0.30989583333333337,0.4823763889427201,3.3684210526315788
641,19,42,14,1.736842105263158,0.2734375,0.4823763889427201,3.3684210526315788
642,19,42,16,1.736842105263158,0.29166666666666663,0.4823763889427201,3.3684210526315788
643,19,42,18,1.736842105263158,0.30729166666666663,0.48237638894272,3.3684210526315788
644,19,44,19,1.736842105263158,0.3046875,0.4823763889427201,3.3684210526315788
645,18,40,20,1.7,0.34375,0.39999999999999997,3.2
646,17,39,17,1.6666666666666667,0.3227513227513228,0.3086066999241838,3.0
647,18,42,16,1.7,0.29166666666666663,0.39999999999999997,3.2
648,19,44,18,1.736842105263158,0.2942708333333333,0.4823763889427201,3.3684210526315788
649,18,47,15,1.7,0.24739583333333331,0.39999999999999997,3.2
650,17,39,20,1.6666666666666667,0.34635416666666663,0.21295885499997994,3.0476190476190474
651,20,40,19,1.7777777777777777,0.33333333333333337,0.49690399499995325,3.5555555555555554
652,20,42,19,1.7777777777777777,0.3177083333333333,0.49690399499995325,3.5555555555555554
653,18,38,18,1.7,0.33854166666666663,0.39999999999999997,3.2
654,18,45,17,1.7,0.2786458333333333,0.39999999999999997,3.2
655,18,50,12,1.7,0.20052083333333331,0.39999999999999997,3.2
656,18,39,18,1.7,0.3307291666666667,0.39999999999999997,3.2
657,19,36,21,1.736842105263158,0.37239583333333337,0.48237638894272,3.3684210526315788
658,19,40,19,1.736842105263158,0.328125,0.48237638894272,3.3684210526315788
659,18,43,20,1.7,0.3203125,0.39999999999999997,3.2
660,19,38,18,1.736842105263158,0.328125,0.4823763889427201,3.3684210526315788
661,19,44,18,1.736842105263158,0.296875,0.4823763889427201,3.3684210526315788
662,18,41,17,1.75,0.3098958333333333,0.39999999999999997,3.2
663,18,45,14,1.7,0.25260416666666663,0.39999999999999997,3.2
664,17,45,17,1.6666666666666667,0.27864583333333337,0.21295885499997994,3.0476190476190474
665,17,44,17,1.6666666666666667,0.28645833333333337,0.21295885499997994,3.0476190476190474
666,18,42,16,1.7,0.29166666666666663,0.39999999999999997,3.2
667,18,45,17,1.7,0.2786458333333333,0.39999999999999997,3.2
668,18,42,17,1.7,0.30208333333333337,0.39999999999999997,3.2
669,17,40,19,1.6666666666666667,0.33333333333333337,0.21295885499997994,3.0476190476190474
670,18,44,17,1.75,0.28645833333333337,0.39999999999999997,3.2
671,19,44,18,1.736842105263158,0.2916666666666667,0.48237638894272,3.3684210526315788
672,18,38,20,1.75,0.35677083333333337,0.39999999999999997,3.2
673,17,45,14,1.6666666666666667,0.2526041666666667,0.21295885499997994,3.0476190476190474
674,19,42,19,1.736842105263158,0.3151041666666667,0.4823763889427201,3.3684210526315788
675,19,38,18,1.736842105263158,0.33333333333333337,0.4823763889427201,3.3684210526315788
676,19,40,19,1.736842105263158,0.3333333333333333,0.4823763889427201,3.3684210526315788
677,19,43,18,1.736842105263158,0.3046875,0.4823763889427201,3.3684210526315788
678,18,43,18,1.7,0.3046875,0.39999999999999997,3.2
679,19,44,18,1.736842105263158,0.296875,0.4823763889427201,3.3684210526315788
680,18,40,19,1.7,0.33072916666666663,0.39999999999999997,3.2
681,17,39,21,1.6666666666666667,0.3567708333333333,0.21295885499997994,3.0476190476190474
682,19,43,16,1.736842105263158,0.28385416666666663,0.4823763889427201,3.3684210526315788
683,19,41,20,1.736842105263158,0.3307291666666667,0.4823763889427201,3.3684210526315788
684,19,43,17,1.736842105263158,0.2890625,0.4823763889427201,3.3684210526315788
685,18,41,21,1.7,0.34375,0.39999999999999997,3.2
686,19,41,20,1.736842105263158,0.3359375,0.4823763889427201,3.3684210526315788
687,18,39,22,1.7,0.3671875,0.39999999999999997,3.2
688,18,43,18,1.7,0.3020833333333333,0.39999999999999997,3.2
689,18,41,20,1.7,0.33072916666666663,0.39999999999999997,3.2
690,18,45,19,1.7,0.296875,0.39999999999999997,3.2
691,18,44,17,1.7,0.2864583333333333,0.39999999999999997,3.2
692,18,42,19,1.65,0.31746031746031744,0.47696960070847283,3.15
693,19,37,19,1.736842105263158,0.34895833333333337,0.4823763889427201,3.3684210526315788
694,18,40,19,1.7,0.33072916666666663,0.39999999999999997,3.2
695,18,45,14,1.7,0.25260416666666663,0.39999999999999997,3.2
696,19,41,19,1.7894736842105263,0.32552083333333337,0.4823763889427201,3.3684210526315788
697,18,44,18,1.7,0.29427083333333337,0.39999999999999997,3.2
698,18,41,17,1.7,0.30729166666666663,0.39999999999999997,3.2
699,18,43,16,1.7,0.2864583333333333,0.39999999999999997,3.2
700,19,41,19,1.736842105263158,0.3229166666666667,0.4823763889427201,3.3684210526315788
701,19,47,17,1.736842105263158,0.265625,0.4823763889427201,3.3684210526315788
702,19,44,17,1.736842105263158,0.2890625,0.4823763889427201,3.3684210526315788
703,18,41,18,1.7,0.31510416666666663,0.39999999999999997,3.2
704,18,42,18,1.7,0.3072916666666667,0.39999999999999997,3.2
705,18,41,16,1.7,0.29947916666666663,0.39999999999999997,3.2
706,19,42,19,1.736842105263158,0.31510416666666663,0.48237638894272,3.3684210526315788
707,18,41,20,1.7,0.3359375,0.39999999999999997,3.2
708,18,44,17,1.7,0.2890625,0.39999999999999997,3.2
709,18,35,22,1.7,0.3854166666666667,0.39999999999999997,3.2
710,19,38,22,1.736842105263158,0.3697916666666667,0.4823763889427201,3.3684210526315788
711,18,39,21,1.7,0.359375,0.39999999999999997,3.2
712,19,43,18,1.736842105263158,0.30208333333333337,0.4823763889427201,3.3684210526315788
713,18,44,17,1.7,0.2890625,0.39999999999999997,3.2
714,20,40,18,1.7777777777777777,0.3255208333333333,0.49690399499995325,3.5555555555555554
715,19,41,18,1.736842105263158,0.3177083333333333,0.4823763889427201,3.3684210526315788
716,18,41,16,1.7,0.30208333333333337,0.39999999999999997,3.2
717,19,39,21,1.736842105263158,0.35677083333333337,0.4823763889427201,3.3684210526315788
718,19,43,19,1.736842105263158,0.30989583333333337,0.4823763889427201,3.3684210526315788
719,19,44,15,1.736842105263158,0.2734375,0.4823763889427201,3.3684210526315788
720,18,40,21,1.7,0.3515625,0.39999999999999997,3.2
721,18,43,14,1.7,0.265625,0.39999999999999997,3.2
722,18,42,17,1.7,0.296875,0.39999999999999997,3.2
723,19,39,20,1.736842105263158,0.34635416666666663,0.4823763889427201,3.3684210526315788
724,19,37,22,1.736842105263158,0.37239583333333337,0.4823763889427201,3.3684210526315788
725,20,42,17,1.7777777777777777,0.2994791666666667,0.49690399499995325,3.5555555555555554
726,18,42,17,1.7,0.29947916666666663,0.39999999999999997,3.2
727,19,43,15,1.736842105263158,0.2786458333333333,0.48237638894272,3.3684210526315788
728,18,44,18,1.7,0.296875,0.39999999999999997,3.2
729,18,37,22,1.7,0.37760416666666663,0.39999999999999997,3.2
730,18,42,20,1.7,0.32552083333333337,0.39999999999999997,3.2
731,19,40,19,1.7894736842105263,0.328125,0.4823763889427201,3.3684210526315788
732,19,40,21,1.736842105263158,0.3515625,0.48237638894272,3.3684210526315788
733,18,42,17,1.7,0.2994791666666667,0.39999999999999997,3.2
734,19,39,20,1.736842105263158,0.34895833333333337,0.48237638894272,3.3684210526315788
735,17,41,20,1.6666666666666667,0.3359375,0.21295885499997994,3.0476190476190474
736,18,40,19,1.7,0.3359375,0.39999999999999997,3.2
737,18,44,16,1.7,0.27604166666666663,0.39999999999999997,3.2
738,19,44,16,1.7894736842105263,0.2786458333333333,0.4823763889427201,3.3684210526315788
739,18,43,16,1.7,0.28125,0.39999999999999997,3.2
740,17,42,19,1.7142857142857142,0.3203125,0.21295885499997994,3.0476190476190474
741,19,35,22,1.736842105263158,0.38802083333333337,0.4823763889427201,3.3684210526315788
742,18,38,21,1.7,0.3671875,0.39999999999999997,3.2
743,18,37,20,1.7,0.3671875,0.39999999999999997,3.2
744,18,42,21,1.7,0.3359375,0.39999999999999997,3.2
745,19,39,18,1.736842105263158,0.3359375,0.48237638894272,3.3684210526315788
746,18,42,20,1.7,0.32552083333333337,0.39999999999999997,3.2
747,18,43,18,1.7,0.29947916666666663,0.39999999999999997,3.2
748,19,41,21,1.736842105263158,0.33854166666666663,0.4823763889427201,3.3684210526315788
749,19,44,16,1.736842105263158,0.27864583333333337,0.4823763889427201,3.3684210526315788
750,18,42,18,1.7,0.30729166666666663,0.39999999999999997,3.2
751,19,39,20,1.736842105263158,0.34895833333333337,0.4823763889427201,3.3684210526315788
752,18,38,21,1.7,0.359375,0.39999999999999997,3.2
753,19,39,19,1.736842105263158,0.33854166666666663,0.4823763889427201,3.3684210526315788
754,19,38,19,1.736842105263158,0.34375,0.4823763889427201,3.3684210526315788
755,18,38,22,1.7,0.36979166666666663,0.39999999999999997,3.2
756,19,38,19,1.736842105263158,0.34375,0.4823763889427201,3.3684210526315788
757,19,36,18,1.736842105263158,0.34895833333333337,0.4823763889427201,3.3684210526315788
758,19,41,16,1.736842105263158,0.296875,0.4823763889427201,3.3684210526315788
759,19,45,16,1.736842105263158,0.2734375,0.48237638894272,3.3684210526315788
760,19,39,21,1.736842105263158,0.35677083333333337,0.48237638894272,3.3684210526315788
761,18,34,20,1.7,0.3828125,0.39999999999999997,3.2
762,18,40,21,1.7,0.34895833333333337,0.39999999999999997,3.2
763,20,40,18,1.7777777777777777,0.3203125,0.49690399499995325,3.5555555555555554
764,18,41,18,1.7,0.31770833333333337,0.39999999999999997,3.2
765,19,42,17,1.736842105263158,0.29947916666666663,0.48237638894272,3.3684210526315788
766,19,41,21,1.736842105263158,0.34114583333333337,0.48237638894272,3.3684210526315788
767,19,38,22,1.736842105263158,0.375,0.4823763889427201,3.3684210526315788
768,18,40,20,1.7,0.33854166666666663,0.39999999999999997,3.2
769,18,42,18,1.7,0.3125,0.39999999999999997,3.2
770,18,40,23,1.7,0.3671875,0.39999999999999997,3.2
771,19,37,19,1.736842105263158,0.3515625,0.4823763889427201,3.3684210526315788
772,19,41,21,1.736842105263158,0.34375,0.4823763889427201,3.3684210526315788
773,18,44,19,1.75,0.3046875,0.39999999999999997,3.2
774,18,41,21,1.7,0.34375,0.39999999999999997,3.2
775,19,41,19,1.736842105263158,0.32552083333333337,0.4823763889427201,3.3684210526315788
776,19,41,19,1.736842105263158,0.3203125,0.48237638894272,3.3684210526315788
777,18,43,19,1.7,0.3125,0.39999999999999997,3.2
778,18,40,20,1.7,0.34114583333333337,0.39999999999999997,3.2
779,18,42,16,1.75,0.29427083333333337,0.39999999999999997,3.2
780,19,40,21,1.736842105263158,0.34635416666666663,0.4823763889427201,3.3684210526315788
781,18,39,23,1.7,0.3723958333333333,0.39999999999999997,3.2
782,18,39,23,1.7,0.3723958333333333,0.39999999999999997,3.2
783,19,36,21,1.736842105263158,0.3776041666666667,0.4823763889427201,3.3684210526315788
784,18,37,22,1.7,0.38020833333333337,0.39999999999999997,3.2
785,18,36,23,1.7,0.390625,0.39999999999999997,3.2
786,18,39,23,1.7,0.375,0.39999999999999997,3.2
787,18,41,18,1.7,0.31770833333333337,0.39999999999999997,3.2
788,19,35,23,1.736842105263158,0.40104166666666663,0.4823763889427201,3.3684210526315788
789,18,40,18,1.7,0.32291666666666663,0.39999999999999997,3.2
790,18,42,18,1.7,0.3098958333333333,0.39999999999999997,3.2
791,19,40,19,1.736842105263158,0.33333333333333337,0.4823763889427201,3.3684210526315788
792,19,41,19,1.736842105263158,0.32552083333333337,0.4823763889427201,3.3684210526315788
793,19,43,18,1.736842105263158,0.3020833333333333,0.4823763889427201,3.3684210526315788
794,19,38,22,1.736842105263158,0.3723958333333333,0.4823763889427201,3.3684210526315788
795,17,33,20,1.6666666666666667,0.390625,0.21295885499997994,3.0476190476190474
796,18,42,21,1.7,0.3359375,0.39999999999999997,3.2
797,17,36,23,1.6666666666666667,0.3958333333333333,0.21295885499997994,3.0476190476190474
798,18,36,19,1.7,0.36197916666666663,0.39999999999999997,3.2
799,18,40,21,1.7,0.3489583333333333,0.39999999999999997,3.2
800,19,38,22,1.736842105263158,0.37239583333333337,0.4823763889427201,3.3684210526315788
801,19,42,20,1.736842105263158,0.328125,0.4823763889427201,3.3684210526315788
802,19,40,19,1.736842105263158,0.33333333333333337,0.4823763889427201,3.3684210526315788
803,19,42,17,1.736842105263158,0.30208333333333337,0.4823763889427201,3.3684210526315788
804,18,37,20,1.7,0.3619791666666667,0.39999999999999997,3.2
805,18,38,20,1.7,0.35677083333333337,0.39999999999999997,3.2
806,20,43,18,1.7777777777777777,0.3046875,0.49690399499995325,3.5555555555555554
807,18,39,20,1.7,0.34375,0.39999999999999997,3.2
808,17,40,19,1.6666666666666667,0.33333333333333337,0.21295885499997994,3.0476190476190474
809,18,40,19,1.7,0.33333333333333337,0.39999999999999997,3.2
810,17,40,20,1.6666666666666667,0.3411458333333333,0.21295885499997994,3.0476190476190474
811,19,39,20,1.736842105263158,0.34375,0.4823763889427201,3.3684210526315788
812,19,37,23,1.7894736842105263,0.390625,0.4823763889427201,3.3684210526315788
813,18,38,18,1.7,0.3359375,0.39999999999999997,3.2
814,18,42,20,1.7,0.328125,0.39999999999999997,3.2
815,18,36,21,1.7,0.38020833333333337,0.39999999999999997,3.2
816,20,39,20,1.7777777777777777,0.34895833333333337,0.49690399499995325,3.5555555555555554
817,17,39,21,1.6666666666666667,0.359375,0.21295885499997994,3.0476190476190474
818,18,37,20,1.65,0.35978835978835977,0.47696960070847283,3.15
819,18,40,19,1.7,0.32552083333333337,0.39999999999999997,3.2
820,18,33,24,1.7,0.4296875,0.39999999999999997,3.2
821,19,42,20,1.736842105263158,0.328125,0.4823763889427201,3.3684210526315788
822,18,36,23,1.7,0.3984375,0.39999999999999997,3.2
823,18,42,19,1.7,0.3203125,0.39999999999999997,3.2
824,19,40,21,1.736842105263158,0.3515625,0.4823763889427201,3.3684210526315788
825,18,41,21,1.7,0.34375,0.39999999999999997,3.2
826,19,40,20,1.736842105263158,0.34375,0.4823763889427201,3.3684210526315788
827,18,36,18,1.7,0.34375,0.39999999999999997,3.2
828,18,41,18,1.7,0.3203125,0.39999999999999997,3.2
829,19,36,21,1.736842105263158,0.38020833333333337,0.4823763889427201,3.3684210526315788
830,18,36,25,1.65,0.41005291005291006,0.47696960070847283,3.15
831,17,42,18,1.6666666666666667,0.30989583333333337,0.21295885499997994,3.0476190476190474
832,18,34,23,1.7,0.40625,0.39999999999999997,3.2
833,19,40,19,1.736842105263158,0.3333333333333333,0.48237638894272,3.3684210526315788
834,19,39,19,1.736842105263158,0.3359375,0.48237638894272,3.3684210526315788
835,19,36,21,1.6842105263157894,0.3756613756613757,0.5668594533825794,3.3157894736842106
836,18,38,20,1.7,0.3541666666666667,0.39999999999999997,3.2
837,17,37,22,1.6666666666666667,0.37760416666666663,0.21295885499997994,3.0476190476190474
838,18,41,19,1.7,0.328125,0.39999999999999997,3.2
839,18,40,22,1.7,0.35677083333333337,0.39999999999999997,3.2
840,18,43,17,1.7,0.296875,0.39999999999999997,3.2
841,18,34,23,1.7,0.40885416666666663,0.39999999999999997,3.2
842,18,39,19,1.65,0.335978835978836,0.47696960070847283,3.15
843,19,33,22,1.736842105263158,0.40625,0.4823763889427201,3.3684210526315788
844,18,38,21,1.7,0.36458333333333337,0.39999999999999997,3.2
845,19,38,24,1.736842105263158,0.390625,0.4823763889427201,3.3684210526315788
846,19,41,19,1.736842105263158,0.32552083333333337,0.4823763889427201,3.3684210526315788
847,19,40,21,1.736842105263158,0.3515625,0.4823763889427201,3.3684210526315788
848,18,36,20,1.75,0.36458333333333337,0.39999999999999997,3.2
849,18,39,23,1.7,0.375,0.39999999999999997,3.2
850,18,38,21,1.7,0.36197916666666663,0.39999999999999997,3.2
851,17,38,20,1.6666666666666667,0.35416666666666663,0.21295885499997994,3.0476190476190474
852,18,37,20,1.7,0.35677083333333337,0.39999999999999997,3.2
853,18,35,20,1.7,0.37760416666666663,0.39999999999999997,3.2
854,18,39,21,1.75,0.35677083333333337,0.39999999999999997,3.2
855,19,40,19,1.6842105263157894,0.33068783068783075,0.5668594533825794,3.3157894736842106
856,19,39,21,1.736842105263158,0.35677083333333337,0.4823763889427201,3.3684210526315788
857,18,37,19,1.7,0.34375,0.39999999999999997,3.2
858,18,34,25,1.7,0.42708333333333337,0.39999999999999997,3.2
859,19,36,23,1.736842105263158,0.3984375,0.4823763889427201,3.3684210526315788
860,17,34,23,1.6666666666666667,0.41145833333333337,0.21295885499997994,3.0476190476190474
861,18,37,23,1.7,0.3880208333333333,0.39999999999999997,3.2
862,18,37,22,1.7,0.3776041666666667,0.39999999999999997,3.2
863,18,36,21,1.7,0.375,0.39999999999999997,3.2
864,19,40,21,1.736842105263158,0.3489583333333333,0.48237638894272,3.3684210526315788
865,18,39,18,1.7,0.32552083333333337,0.39999999999999997,3.2
866,20,34,21,1.7777777777777777,0.3854166666666667,0.49690399499995325,3.5555555555555554
867,18,40,21,1.7,0.34635416666666663,0.39999999999999997,3.2
868,18,41,19,1.7,0.32552083333333337,0.39999999999999997,3.2
869,18,35,23,1.7,0.40104166666666663,0.39999999999999997,3.2
870,18,42,18,1.7,0.30989583333333337,0.39999999999999997,3.2
871,19,36,22,1.736842105263158,0.3880208333333333,0.4823763889427201,3.3684210526315788
872,18,42,19,1.7,0.3177083333333333,0.39999999999999997,3.2
873,18,34,23,1.7,0.4036458333333333,0.39999999999999997,3.2
874,19,40,20,1.736842105263158,0.33854166666666663,0.48237638894272,3.3684210526315788
875,18,40,22,1.7,0.359375,0.39999999999999997,3.2
876,18,38,23,1.7,0.3776041666666667,0.39999999999999997,3.2
877,18,40,22,1.7,0.359375,0.39999999999999997,3.2
878,19,39,21,1.736842105263158,0.359375,0.4823763889427201,3.3684210526315788
879,19,39,20,1.736842105263158,0.3463541666666667,0.4823763889427201,3.3684210526315788
880,18,37,25,1.7,0.40625,0.39999999999999997,3.2
881,19,36,22,1.736842105263158,0.38802083333333337,0.4823763889427201,3.3684210526315788
882,19,36,23,1.736842105263158,0.390625,0.4823763889427201,3.3684210526315788
883,19,33,27,1.736842105263158,0.44791666666666663,0.48237638894272,3.3684210526315788
884,19,36,23,1.736842105263158,0.390625,0.4823763889427201,3.3684210526315788
885,18,41,18,1.7,0.3177083333333333,0.39999999999999997,3.2
886,18,31,23,1.7,0.4296875,0.39999999999999997,3.2
887,19,37,19,1.736842105263158,0.34895833333333337,0.48237638894272,3.3684210526315788
888,18,38,22,1.7,0.37239583333333337,0.39999999999999997,3.2
889,19,37,18,1.736842105263158,0.34375,0.4823763889427201,3.3684210526315788
890,19,37,23,1.736842105263158,0.3854166666666667,0.48237638894272,3.3684210526315788
891,17,37,22,1.6666666666666667,0.37760416666666663,0.21295885499997994,3.0476190476190474
892,19,38,20,1.736842105263158,0.35416666666666663,0.4823763889427201,3.3684210526315788
893,18,37,20,1.7,0.36197916666666663,0.39999999999999997,3.2
894,19,38,22,1.736842105263158,0.3723958333333333,0.4823763889427201,3.3684210526315788
895,17,33,22,1.6666666666666667,0.40625,0.21295885499997994,3.0476190476190474
896,18,39,20,1.7,0.3463541666666667,0.39999999999999997,3.2
897,17,35,23,1.6666666666666667,0.3984375,0.21295885499997994,3.0476190476190474
898,18,36,21,1.7,0.375,0.39999999999999997,3.2
899,19,36,22,1.736842105263158,0.3880208333333333,0.4823763889427201,3.3684210526315788
900,18,39,20,1.7,0.34895833333333337,0.39999999999999997,3.2
901,18,39,20,1.7,0.3489583333333333,0.39999999999999997,3.2
902,18,36,23,1.7,0.3984375,0.39999999999999997,3.2
903,18,40,21,1.7,0.3515625,0.39999999999999997,3.2
904,18,35,21,1.7,0.3828125,0.39999999999999997,3.2
905,19,35,21,1.736842105263158,0.3828125,0.4823763889427201,3.3684210526315788
906,18,40,22,1.7,0.359375,0.39999999999999997,3.2
907,18,37,23,1.7,0.390625,0.39999999999999997,3.2
908,18,41,19,1.7,0.32552083333333337,0.39999999999999997,3.2
909,17,32,24,1.619047619047619,0.43121693121693117,0.3086066999241838,3.0
910,18,36,23,1.7,0.3958333333333333,0.39999999999999997,3.2
911,18,33,24,1.7,0.4270833333333333,0.39999999999999997,3.2
912,17,33,26,1.6666666666666667,0.44010416666666663,0.21295885499997994,3.0476190476190474
913,19,34,22,1.736842105263158,0.40104166666666663,0.4823763889427201,3.3684210526315788
914,17,34,22,1.6666666666666667,0.3958333333333333,0.21295885499997994,3.0476190476190474
915,18,36,23,1.7,0.3958333333333333,0.39999999999999997,3.2
916,18,36,24,1.7,0.4010416666666667,0.39999999999999997,3.2
917,18,40,20,1.7,0.3411458333333333,0.39999999999999997,3.2
918,19,33,26,1.736842105263158,0.44010416666666663,0.4823763889427201,3.3684210526315788
919,18,39,21,1.7,0.359375,0.39999999999999997,3.2
920,19,31,22,1.736842105263158,0.42708333333333337,0.4823763889427201,3.3684210526315788
921,18,36,21,1.65,0.37566137566137564,0.47696960070847283,3.15
922,18,35,23,1.7,0.40364583333333337,0.39999999999999997,3.2
923,18,36,22,1.7,0.3828125,0.39999999999999997,3.2
924,18,32,27,1.7,0.45572916666666663,0.39999999999999997,3.2
925,18,38,21,1.7,0.359375,0.39999999999999997,3.2
926,18,33,23,1.7,0.4140625,0.39999999999999997,3.2
927,19,32,23,1.736842105263158,0.421875,0.4823763889427201,3.3684210526315788
928,18,36,23,1.7,0.3984375,0.39999999999999997,3.2
929,18,36,21,1.7,0.3776041666666667,0.39999999999999997,3.2
930,17,36,26,1.6666666666666667,0.421875,0.21295885499997994,3.0476190476190474
931,18,38,22,1.7,0.3723958333333333,0.39999999999999997,3.2
932,18,39,22,1.7,0.36458333333333337,0.39999999999999997,3.2
933,18,40,20,1.7,0.34375,0.39999999999999997,3.2
934,18,31,25,1.7,0.45052083333333337,0.39999999999999997,3.2
935,18,37,22,1.7,0.3776041666666667,0.39999999999999997,3.2
936,18,37,19,1.7,0.3541666666666667,0.39999999999999997,3.2
937,19,38,19,1.736842105263158,0.34635416666666663,0.4823763889427201,3.3684210526315788
938,18,41,20,1.7,0.33333333333333337,0.39999999999999997,3.2
939,19,36,22,1.736842105263158,0.3828125,0.48237638894272,3.3684210526315788
940,18,37,23,1.7,0.390625,0.39999999999999997,3.2
941,18,37,21,1.7,0.37239583333333337,0.39999999999999997,3.2
942,20,42,21,1.7777777777777777,0.3359375,0.49690399499995325,3.5555555555555554
943,18,38,21,1.7,0.359375,0.39999999999999997,3.2
944,18,32,25,1.7,0.4348958333333333,0.39999999999999997,3.2
945,18,33,22,1.7,0.40364583333333337,0.39999999999999997,3.2
946,18,34,25,1.7,0.42447916666666663,0.39999999999999997,3.2
947,18,36,24,1.7,0.40364583333333337,0.39999999999999997,3.2
948,19,39,21,1.736842105263158,0.359375,0.4823763889427201,3.3684210526315788
949,18,34,27,1.7,0.4427083333333333,0.39999999999999997,3.2
950,18,36,22,1.75,0.3828125,0.39999999999999997,3.2
951,19,32,26,1.736842105263158,0.44791666666666663,0.4823763889427201,3.3684210526315788
952,17,37,22,1.6666666666666667,0.375,0.21295885499997994,3.0476190476190474
953,19,37,22,1.736842105263158,0.37760416666666663,0.4823763889427201,3.3684210526315788
954,20,35,22,1.7777777777777777,0.39322916666666663,0.49690399499995325,3.5555555555555554
955,18,36,24,1.7,0.3984375,0.39999999999999997,3.2
956,18,44,19,1.7,0.3046875,0.39999999999999997,3.2
957,18,36,19,1.7,0.35416666666666663,0.39999999999999997,3.2
958,17,35,23,1.6666666666666667,0.4036458333333333,0.21295885499997994,3.0476190476190474
959,18,41,18,1.7,0.3177083333333333,0.39999999999999997,3.2
960,18,36,19,1.7,0.3619791666666667,0.39999999999999997,3.2
961,18,37,21,1.7,0.3697916666666667,0.39999999999999997,3.2
962,19,39,18,1.736842105263158,0.3307291666666667,0.4823763889427201,3.3684210526315788
963,18,35,25,1.7,0.421875,0.39999999999999997,3.2
964,17,33,22,1.6666666666666667,0.4140625,0.21295885499997994,3.0476190476190474
965,18,38,20,1.7,0.3515625,0.39999999999999997,3.2
966,18,36,23,1.7,0.3932291666666667,0.39999999999999997,3.2
967,19,37,21,1.736842105263158,0.36979166666666663,0.4823763889427201,3.3684210526315788
968,18,31,23,1.7,0.42708333333333337,0.39999999999999997,3.2
969,17,35,21,1.6666666666666667,0.38541666666666663,0.21295885499997994,3.0476190476190474
970,18,33,23,1.7,0.41145833333333337,0.39999999999999997,3.2
971,18,35,22,1.7,0.39583333333333337,0.39999999999999997,3.2
972,18,35,24,1.7,0.4088541666666667,0.39999999999999997,3.2
973,19,32,27,1.736842105263158,0.453125,0.4823763889427201,3.3684210526315788
974,18,40,22,1.7,0.359375,0.39999999999999997,3.2
975,18,34,21,1.7,0.3854166666666667,0.39999999999999997,3.2
976,18,40,21,1.7,0.34895833333333337,0.39999999999999997,3.2
977,19,36,23,1.736842105263158,0.390625,0.4823763889427201,3.3684210526315788
978,19,32,24,1.736842105263158,0.43229166666666663,0.4823763889427201,3.3684210526315788
979,17,37,20,1.6666666666666667,0.3645833333333333,0.21295885499997994,3.0476190476190474
980,18,35,21,1.7,0.3854166666666667,0.39999999999999997,3.2
981,18,36,24,1.7,0.40104166666666663,0.39999999999999997,3.2
982,17,33,26,1.619047619047619,0.4444444444444444,0.3086066999241838,3.0
983,18,39,19,1.7,0.34375,0.39999999999999997,3.2
984,18,32,22,1.7,0.41145833333333337,0.39999999999999997,3.2
985,17,36,23,1.6666666666666667,0.3958333333333333,0.21295885499997994,3.0476190476190474
986,17,32,23,1.619047619047619,0.4232804232804233,0.3086066999241838,3.0
987,19,36,22,1.736842105263158,0.38802083333333337,0.4823763889427201,3.3684210526315788
988,18,33,22,1.7,0.40885416666666663,0.39999999999999997,3.2
989,19,36,24,1.736842105263158,0.4010416666666667,0.4823763889427201,3.3684210526315788
990,20,35,23,1.7777777777777777,0.3984375,0.49690399499995325,3.5555555555555554
991,17,35,23,1.6666666666666667,0.40364583333333337,0.21295885499997994,3.0476190476190474
992,18,32,24,1.7,0.42708333333333337,0.39999999999999997,3.2
993,17,32,23,1.6666666666666667,0.41927083333333337,0.21295885499997994,3.0476190476190474
994,17,35,24,1.6666666666666667,0.40885416666666663,0.21295885499997994,3.0476190476190474
995,18,35,21,1.65,0.38359788359788355,0.47696960070847283,3.15
996,19,36,20,1.736842105263158,0.3723958333333333,0.4823763889427201,3.3684210526315788
997,18,38,22,1.7,0.375,0.39999999999999997,3.2
998,19,31,26,1.736842105263158,0.453125,0.4823763889427201,3.3684210526315788
999,17,35,21,1.6666666666666667,0.3828125,0.21295885499997994,3.0476190476190474
1000,19,33,25,1.736842105263158,0.4375,0.4823763889427201,3.3684210526315788
1001,18,37,21,1.7,0.3671875,0.39999999999999997,3.2
1002,18,34,25,1.7,0.42708333333333337,0.39999999999999997,3.2
1003,17,35,22,1.619047619047619,0.3915343915343915,0.3086066999241838,3.0
1004,19,40,18,1.736842105263158,0.32552083333333337,0.4823763889427201,3.3684210526315788
1005,17,37,21,1.6666666666666667,0.36979166666666663,0.21295885499997994,3.0476190476190474
1006,18,36,22,1.7,0.38541666666666663,0.39999999999999997,3.2
1007,18,36,23,1.7,0.39583333333333337,0.39999999999999997,3.2
1008,19,38,19,1.736842105263158,0.3489583333333333,0.48237638894272,3.3684210526315788
1009,19,39,19,1.6842105263157894,0.33862433862433866,0.5668594533825794,3.3157894736842106
1010,18,36,23,1.7,0.39583333333333337,0.39999999999999997,3.2
1011,18,31,26,1.7,0.45572916666666663,0.39999999999999997,3.2
1012,18,36,22,1.7,0.38020833333333337,0.39999999999999997,3.2
1013,18,35,20,1.65,0.3677248677248677,0.47696960070847283,3.15
1014,19,36,22,1.736842105263158,0.3828125,0.4823763889427201,3.3684210526315788
1015,19,36,21,1.736842105263158,0.3828125,0.4823763889427201,3.3684210526315788
1016,17,38,20,1.6666666666666667,0.35677083333333337,0.21295885499997994,3.0476190476190474
1017,17,34,21,1.6666666666666667,0.390625,0.21295885499997994,3.0476190476190474
1018,18,35,22,1.7,0.39322916666666663,0.39999999999999997,3.2
1019,19,41,16,1.736842105263158,0.29947916666666663,0.4823763889427201,3.3684210526315788
1020,18,35,23,1.7,0.40104166666666663,0.39999999999999997,3.2
1021,19,38,21,1.736842105263158,0.3671875,0.4823763889427201,3.3684210526315788
1022,19,38,19,1.7894736842105263,0.3463541666666667,0.4823763889427201,3.3684210526315788
1023,18,36,22,1.7,0.3828125,0.39999999999999997,3.2
1024,18,34,21,1.7,0.390625,0.39999999999999997,3.2
1025,18,39,22,1.7,0.3645833333333333,0.39999999999999997,3.2
1026,19,36,20,1.6842105263157894,0.3703703703703704,0.5668594533825794,3.3157894736842106
1027,19,34,23,1.736842105263158,0.40364583333333337,0.4823763889427201,3.3684210526315788
1028,20,35,24,1.7777777777777777,0.4088541666666667,0.49690399499995325,3.5555555555555554
1029,18,33,24,1.7,0.42447916666666663,0.39999999999999997,3.2
1030,19,38,24,1.736842105263158,0.390625,0.4823763889427201,3.3684210526315788
1031,18,40,20,1.7,0.3411458333333333,0.39999999999999997,3.2
1032,19,37,23,1.736842105263158,0.3880208333333333,0.4823763889427201,3.3684210526315788
1033,18,37,22,1.7,0.3828125,0.39999999999999997,3.2
1034,19,35,25,1.736842105263158,0.421875,0.4823763889427201,3.3684210526315788
1035,18,35,23,1.7,0.4036458333333333,0.39999999999999997,3.2
1036,19,34,25,1.736842105263158,0.42708333333333337,0.4823763889427201,3.3684210526315788
1037,19,36,22,1.736842105263158,0.38802083333333337,0.4823763889427201,3.3684210526315788
1038,18,38,21,1.7,0.359375,0.39999999999999997,3.2
1039,18,33,26,1.7,0.44010416666666663,0.39999999999999997,3.2
1040,19,35,24,1.736842105263158,0.40885416666666663,0.4823763889427201,3.3684210526315788
1041,17,36,23,1.6666666666666667,0.3932291666666667,0.21295885499997994,3.0476190476190474
1042,17,33,24,1.6666666666666667,0.421875,0.21295885499997994,3.0476190476190474
1043,17,38,23,1.6666666666666667,0.3828125,0.21295885499997994,3.0476190476190474
1044,19,33,25,1.736842105263158,0.4348958333333333,0.4823763889427201,3.3684210526315788
1045,19,39,19,1.736842105263158,0.3359375,0.4823763889427201,3.3684210526315788
1046,18,42,17,1.7,0.3046875,0.39999999999999997,3.2
1047,18,38,23,1.7,0.3828125,0.39999999999999997,3.2
1048,19,38,19,1.736842105263158,0.34114583333333337,0.4823763889427201,3.3684210526315788
1049,17,39,20,1.6666666666666667,0.34895833333333337,0.21295885499997994,3.0476190476190474
1050,18,34,22,1.65,0.4021164021164021,0.47696960070847283,3.15
1051,19,36,22,1.736842105263158,0.3828125,0.4823763889427201,3.3684210526315788
1052,17,31,25,1.6666666666666667,0.45052083333333337,0.21295885499997994,3.0476190476190474
1053,18,33,25,1.7,0.4348958333333333,0.39999999999999997,3.2
1054,18,30,26,1.7,0.4609375,0.39999999999999997,3.2
1055,18,34,25,1.7,0.4244791666666667,0.39999999999999997,3.2
1056,19,36,24,1.736842105263158,0.40104166666666663,0.4823763889427201,3.3684210526315788
1057,18,33,24,1.7,0.4270833333333333,0.39999999999999997,3.2
1058,18,36,23,1.7,0.39322916666666663,0.39999999999999997,3.2
1059,19,35,21,1.736842105263158,0.38020833333333337,0.4823763889427201,3.3684210526315788
1060,18,33,26,1.7,0.44010416666666663,0.39999999999999997,3.2
1061,18,36,25,1.7,0.4140625,0.39999999999999997,3.2
1062,18,36,24,1.7,0.4036458333333333,0.39999999999999997,3.2
1063,19,34,24,1.736842105263158,0.4192708333333333,0.4823763889427201,3.3684210526315788
1064,18,35,24,1.7,0.41145833333333337,0.39999999999999997,3.2
1065,17,30,25,1.6666666666666667,0.4557291666666667,0.21295885499997994,3.0476190476190474
1066,18,32,26,1.7,0.45052083333333337,0.39999999999999997,3.2
1067,17,36,24,1.6666666666666667,0.40625,0.21295885499997994,3.0476190476190474
1068,18,38,21,1.7,0.36197916666666663,0.39999999999999997,3.2
1069,18,32,25,1.7,0.43489583333333337,0.39999999999999997,3.2
1070,17,35,28,1.6666666666666667,0.4453125,0.21295885499997994,3.0476190476190474
1071,18,36,21,1.7,0.3776041666666667,0.39999999999999997,3.2
1072,18,39,22,1.7,0.36197916666666663,0.39999999999999997,3.2
1073,18,34,21,1.7,0.3854166666666667,0.39999999999999997,3.2
1074,18,35,22,1.7,0.3958333333333333,0.39999999999999997,3.2
1075,17,31,25,1.6666666666666667,0.44791666666666663,0.21295885499997994,3.0476190476190474
1076,19,35,26,1.736842105263158,0.4296875,0.4823763889427201,3.3684210526315788
1077,18,32,26,1.7,0.45052083333333337,0.39999999999999997,3.2
1078,18,34,23,1.7,0.40885416666666663,0.39999999999999997,3.2
1079,19,37,25,1.736842105263158,0.40625,0.4823763889427201,3.3684210526315788
1080,19,43,19,1.7894736842105263,0.3125,0.4823763889427201,3.3684210526315788
1081,18,35,22,1.7,0.3932291666666667,0.39999999999999997,3.2
1082,19,33,22,1.736842105263158,0.40625,0.48237638894272,3.3684210526315788
1083,18,35,20,1.65,0.373015873015873,0.47696960070847283,3.15
1084,18,36,24,1.7,0.4036458333333333,0.39999999999999997,3.2
1085,18,33,25,1.7,0.4348958333333333,0.39999999999999997,3.2
1086,18,30,28,1.7,0.4817708333333333,0.39999999999999997,3.2
1087,17,37,23,1.6666666666666667,0.3880208333333333,0.21295885499997994,3.0476190476190474
1088,18,35,22,1.7,0.390625,0.39999999999999997,3.2
1089,20,37,21,1.7777777777777777,0.375,0.49690399499995325,3.5555555555555554
1090,19,35,23,1.736842105263158,0.40104166666666663,0.4823763889427201,3.3684210526315788
1091,18,37,24,1.7,0.3984375,0.39999999999999997,3.2
1092,18,37,23,1.7,0.390625,0.39999999999999997,3.2
1093,17,35,23,1.6666666666666667,0.40104166666666663,0.21295885499997994,3.0476190476190474
1094,17,34,21,1.6666666666666667,0.3932291666666667,0.21295885499997994,3.0476190476190474
1095,18,35,23,1.7,0.3984375,0.39999999999999997,3.2
1096,18,35,22,1.7,0.3984375,0.39999999999999997,3.2
1097,19,35,24,1.736842105263158,0.4140625,0.4823763889427201,3.3684210526315788
1098,18,37,24,1.7,0.39583333333333337,0.39999999999999997,3.2
1099,18,32,25,1.7,0.4375,0.39999999999999997,3.2
1100,18,34,23,1.7,0.4114583333333333,0.39999999999999997,3.2
1101,18,34,25,1.7,0.4296875,0.39999999999999997,3.2
1102,19,34,23,1.6842105263157894,0.41005291005291006,0.5668594533825794,3.3157894736842106
1103,18,33,25,1.7,0.4348958333333333,0.39999999999999997,3.2
1104,19,35,22,1.736842105263158,0.38802083333333326,0.4823763889427201,3.3684210526315788
1105,19,34,23,1.736842105263158,0.4140625,0.4823763889427201,3.3684210526315788
1106,18,37,22,1.65,0.38095238095238093,0.47696960070847283,3.15
1107,18,35,24,1.7,0.40885416666666663,0.39999999999999997,3.2
1108,19,39,22,1.736842105263158,0.3645833333333333,0.4823763889427201,3.3684210526315788
1109,18,39,21,1.7,0.3567708333333333,0.39999999999999997,3.2
1110,19,32,26,1.736842105263158,0.44791666666666663,0.4823763889427201,3.3684210526315788
1111,19,32,25,1.736842105263158,0.4453125,0.4823763889427201,3.3684210526315788
1112,18,38,22,1.7,0.375,0.39999999999999997,3.2
1113,19,32,23,1.736842105263158,0.42708333333333337,0.4823763889427201,3.3684210526315788
1114,19,38,19,1.736842105263158,0.34375,0.4823763889427201,3.3684210526315788
1115,18,34,25,1.7,0.42447916666666663,0.39999999999999997,3.2
1116,18,32,22,1.7,0.41666666666666663,0.39999999999999997,3.2
1117,18,36,22,1.7,0.3880208333333333,0.39999999999999997,3.2
1118,19,36,25,1.736842105263158,0.4140625,0.4823763889427201,3.3684210526315788
1119,18,34,21,1.7,0.390625,0.39999999999999997,3.2
1120,19,34,24,1.736842105263158,0.4140625,0.4823763889427201,3.3684210526315788
1121,17,32,24,1.6666666666666667,0.4296875,0.21295885499997994,3.0476190476190474
1122,19,35,22,1.736842105263158,0.390625,0.4823763889427201,3.3684210526315788
1123,18,31,24,1.65,0.44179894179894186,0.47696960070847283,3.15
1124,18,38,23,1.65,0.38095238095238093,0.47696960070847283,3.15
1125,19,31,25,1.736842105263158,0.44791666666666663,0.4823763889427201,3.3684210526315788
1126,19,34,23,1.736842105263158,0.40364583333333337,0.4823763889427201,3.3684210526315788
1127,19,32,26,1.736842105263158,0.4505208333333333,0.4823763889427201,3.3684210526315788
1128,17,31,26,1.619047619047619,0.4523809523809524,0.3086066999241838,3.0
1129,17,31,26,1.619047619047619,0.44973544973544965,0.3086066999241838,3.0
1130,19,33,20,1.736842105263158,0.38802083333333337,0.4823763889427201,3.3684210526315788
1131,17,35,22,1.6666666666666667,0.38802083333333337,0.21295885499997994,3.0476190476190474
1132,18,32,24,1.7,0.4296875,0.39999999999999997,3.2
1133,18,35,24,1.7,0.41145833333333337,0.39999999999999997,3.2
1134,19,36,25,1.736842105263158,0.4140625,0.4823763889427201,3.3684210526315788
1135,18,37,18,1.7,0.34895833333333337,0.39999999999999997,3.2
1136,19,32,25,1.6842105263157894,0.43915343915343913,0.5668594533825794,3.3157894736842106
1137,17,35,24,1.6666666666666667,0.41145833333333337,0.21295885499997994,3.0476190476190474
1138,18,36,23,1.7,0.39322916666666663,0.39999999999999997,3.2
1139,17,34,24,1.6666666666666667,0.41927083333333337,0.21295885499997994,3.0476190476190474
1140,17,34,23,1.6666666666666667,0.40885416666666663,0.21295885499997994,3.0476190476190474
1141,19,35,24,1.736842105263158,0.4140625,0.4823763889427201,3.3684210526315788
1142,18,34,22,1.7,0.3984375,0.39999999999999997,3.2
1143,17,36,24,1.6666666666666667,0.4036458333333333,0.21295885499997994,3.0476190476190474
1144,17,35,23,1.6666666666666667,0.40104166666666663,0.21295885499997994,3.0476190476190474
1145,18,37,23,1.7,0.390625,0.39999999999999997,3.2
1146,18,32,24,1.65,0.42592592592592593,0.47696960070847283,3.15
1147,19,36,23,1.736842105263158,0.3984375,0.4823763889427201,3.3684210526315788
1148,18,35,26,1.7,0.4296875,0.39999999999999997,3.2
1149,19,31,27,1.736842105263158,0.46614583333333337,0.4823763889427201,3.3684210526315788
1150,18,32,23,1.7,0.4270833333333333,0.39999999999999997,3.2
1151,19,32,21,1.736842105263158,0.40625,0.4823763889427201,3.3684210526315788
1152,19,34,21,1.736842105263158,0.3984375,0.4823763889427201,3.3684210526315788
1153,17,35,25,1.6666666666666667,0.421875,0.21295885499997994,3.0476190476190474
1154,18,31,27,1.7,0.4609375,0.39999999999999997,3.2
1155,18,29,28,1.7,0.48697916666666663,0.39999999999999997,3.2
1156,17,38,23,1.6666666666666667,0.3828125,0.21295885499997994,3.0476190476190474
1157,17,33,23,1.6666666666666667,0.4140625,0.21295885499997994,3.0476190476190474
1158,18,38,23,1.7,0.38020833333333337,0.39999999999999997,3.2
1159,18,32,27,1.7,0.45572916666666663,0.39999999999999997,3.2
1160,18,32,27,1.65,0.4603174603174603,0.47696960070847283,3.15
1161,17,31,27,1.6666666666666667,0.46875,0.21295885499997994,3.0476190476190474
1162,18,33,27,1.7,0.45052083333333337,0.39999999999999997,3.2
1163,18,36,24,1.7,0.4036458333333333,0.39999999999999997,3.2
1164,18,34,25,1.7,0.4296875,0.39999999999999997,3.2
1165,18,34,25,1.7,0.42708333333333337,0.39999999999999997,3.2
1166,19,36,23,1.736842105263158,0.390625,0.48237638894272,3.3684210526315788
1167,17,32,29,1.6666666666666667,0.4765625,0.21295885499997994,3.0476190476190474
1168,18,34,25,1.7,0.42708333333333337,0.39999999999999997,3.2
1169,18,32,25,1.7,0.4453125,0.39999999999999997,3.2
1170,18,35,25,1.7,0.41927083333333337,0.39999999999999997,3.2
1171,19,31,24,1.736842105263158,0.4375,0.4823763889427201,3.3684210526315788
1172,18,35,25,1.7,0.421875,0.39999999999999997,3.2
1173,20,35,22,1.7777777777777777,0.39583333333333337,0.49690399499995325,3.5555555555555554
1174,18,30,24,1.7,0.44791666666666663,0.39999999999999997,3.2
1175,19,34,23,1.736842105263158,0.40625,0.4823763889427201,3.3684210526315788
1176,20,38,22,1.7777777777777777,0.3723958333333333,0.49690399499995325,3.5555555555555554
1177,18,34,26,1.7,0.4322916666666667,0.39999999999999997,3.2
1178,17,33,23,1.6666666666666667,0.421875,0.21295885499997994,3.0476190476190474
1179,18,33,24,1.7,0.421875,0.39999999999999997,3.2
1180,18,35,26,1.7,0.4296875,0.39999999999999997,3.2
1181,19,34,23,1.736842105263158,0.4036458333333333,0.4823763889427201,3.3684210526315788
1182,18,37,23,1.7,0.38802083333333337,0.39999999999999997,3.2
1183,18,34,24,1.7,0.41666666666666663,0.39999999999999997,3.2
1184,20,35,24,1.7777777777777777,0.4114583333333333,0.49690399499995325,3.5555555555555554
1185,17,35,24,1.6666666666666667,0.40885416666666663,0.21295885499997994,3.0476190476190474
1186,18,35,25,1.7,0.421875,0.39999999999999997,3.2
1187,19,36,20,1.736842105263158,0.36458333333333337,0.4823763889427201,3.3684210526315788
1188,18,38,22,1.7,0.3723958333333333,0.39999999999999997,3.2
1189,18,33,24,1.7,0.41666666666666663,0.39999999999999997,3.2
1190,18,31,22,1.65,0.4232804232804233,0.47696960070847283,3.15
1191,17,32,26,1.6666666666666667,0.4453125,0.21295885499997994,3.0476190476190474
1192,19,31,27,1.736842105263158,0.4661458333333333,0.4823763889427201,3.3684210526315788
1193,19,38,22,1.736842105263158,0.36979166666666663,0.4823763889427201,3.3684210526315788
1194,18,34,25,1.7,0.4296875,0.39999999999999997,3.2
1195,20,36,22,1.7777777777777777,0.390625,0.49690399499995325,3.5555555555555554
1196,18,30,24,1.7,0.4453125,0.39999999999999997,3.2
1197,18,31,28,1.7,0.47135416666666674,0.39999999999999997,3.2
1198,19,33,26,1.736842105263158,0.44010416666666663,0.4823763889427201,3.3684210526315788
1199,17,34,24,1.6666666666666667,0.41666666666666663,0.21295885499997994,3.0476190476190474
1200,18,32,25,1.7,0.4375,0.39999999999999997,3.2
1201,18,34,25,1.7,0.4296875,0.39999999999999997,3.2
1202,18,35,25,1.7,0.4192708333333333,0.39999999999999997,3.2
1203,18,38,22,1.7,0.375,0.39999999999999997,3.2
1204,17,31,25,1.6666666666666667,0.44791666666666663,0.21295885499997994,3.0476190476190474
1205,18,33,24,1.7,0.4270833333333333,0.39999999999999997,3.2
1206,17,31,28,1.6666666666666667,0.47135416666666663,0.21295885499997994,3.0476190476190474
1207,17,35,23,1.6666666666666667,0.40625,0.21295885499997994,3.0476190476190474
1208,18,31,24,1.7,0.4375,0.39999999999999997,3.2
1209,19,32,27,1.6842105263157894,0.45502645502645506,0.5668594533825794,3.3157894736842106
1210,19,35,24,1.736842105263158,0.4114583333333333,0.48237638894272,3.3684210526315788
1211,17,34,24,1.6666666666666667,0.4166666666666667,0.21295885499997994,3.0476190476190474
1212,18,30,25,1.7,0.4583333333333333,0.39999999999999997,3.2
1213,19,34,24,1.736842105263158,0.41927083333333337,0.4823763889427201,3.3684210526315788
1214,18,37,19,1.75,0.3541666666666667,0.39999999999999997,3.2
1215,18,32,25,1.7,0.44270833333333337,0.39999999999999997,3.2
1216,17,30,29,1.6666666666666667,0.4895833333333333,0.21295885499997994,3.0476190476190474
1217,18,35,26,1.7,0.4270833333333333,0.39999999999999997,3.2
1218,19,32,23,1.736842105263158,0.42447916666666663,0.4823763889427201,3.3684210526315788
1219,18,33,28,1.7,0.45833333333333337,0.39999999999999997,3.2
1220,19,29,27,1.736842105263158,0.484375,0.4823763889427201,3.3684210526315788
1221,17,33,27,1.6666666666666667,0.453125,0.21295885499997994,3.0476190476190474
1222,19,35,24,1.736842105263158,0.4140625,0.4823763889427201,3.3684210526315788
1223,19,33,21,1.6842105263157894,0.39417989417989413,0.5668594533825794,3.3157894736842106
1224,20,34,26,1.7777777777777777,0.4348958333333333,0.49690399499995325,3.5555555555555554
1225,18,34,25,1.7,0.4296875,0.39999999999999997,3.2
1226,19,33,25,1.736842105263158,0.4375,0.4823763889427201,3.3684210526315788
1227,17,30,24,1.6666666666666667,0.44791666666666663,0.21295885499997994,3.0476190476190474
1228,19,35,26,1.736842105263158,0.4296875,0.4823763889427201,3.3684210526315788
1229,18,34,24,1.65,0.41798941798941797,0.47696960070847283,3.15
1230,18,33,25,1.7,0.4348958333333333,0.39999999999999997,3.2
1231,18,35,25,1.7,0.421875,0.39999999999999997,3.2
1232,17,31,28,1.6666666666666667,0.47135416666666663,0.21295885499997994,3.0476190476190474
1233,18,30,27,1.7,0.4739583333333333,0.39999999999999997,3.2
1234,17,35,21,1.6666666666666667,0.3776041666666667,0.21295885499997994,3.0476190476190474
1235,17,36,23,1.6666666666666667,0.3958333333333333,0.21295885499997994,3.0476190476190474
1236,19,32,25,1.736842105263158,0.4401041666666667,0.4823763889427201,3.3684210526315788
1237,18,30,28,1.7,0.484375,0.39999999999999997,3.2
1238,17,33,26,1.6666666666666667,0.4453125,0.21295885499997994,3.0476190476190474
1239,17,30,27,1.6666666666666667,0.46614583333333337,0.21295885499997994,3.0476190476190474
1240,18,37,22,1.7,0.3802083333333333,0.39999999999999997,3.2
1241,18,35,24,1.7,0.40625,0.39999999999999997,3.2
1242,19,33,22,1.736842105263158,0.40885416666666663,0.4823763889427201,3.3684210526315788
1243,18,36,20,1.75,0.3697916666666667,0.39999999999999997,3.2
1244,17,30,27,1.6666666666666667,0.47395833333333337,0.21295885499997994,3.0476190476190474
1245,19,33,26,1.736842105263158,0.4453125,0.4823763889427201,3.3684210526315788
1246,19,35,24,1.736842105263158,0.40625,0.48237638894272,3.3684210526315788
1247,18,32,26,1.7,0.453125,0.39999999999999997,3.2
1248,19,30,28,1.736842105263158,0.48177083333333337,0.4823763889427201,3.3684210526315788
1249,18,30,25,1.7,0.453125,0.39999999999999997,3.2
1250,18,34,26,1.7,0.4348958333333333,0.39999999999999997,3.2
1251,19,36,25,1.736842105263158,0.41145833333333337,0.4823763889427201,3.3684210526315788
1252,18,31,27,1.7,0.46875,0.39999999999999997,3.2
1253,18,32,26,1.7,0.453125,0.39999999999999997,3.2
1254,19,36,21,1.736842105263158,0.375,0.4823763889427201,3.3684210526315788
1255,19,30,26,1.736842105263158,0.4661458333333333,0.48237638894272,3.3684210526315788
1256,17,28,28,1.6666666666666667,0.49739583333333337,0.21295885499997994,3.0476190476190474
1257,18,36,20,1.7,0.3671875,0.39999999999999997,3.2
1258,18,36,21,1.7,0.38020833333333337,0.39999999999999997,3.2
1259,17,36,22,1.6666666666666667,0.390625,0.21295885499997994,3.0476190476190474
1260,17,29,26,1.6666666666666667,0.46875,0.21295885499997994,3.0476190476190474
1261,17,35,25,1.6666666666666667,0.421875,0.21295885499997994,3.0476190476190474
1262,19,31,24,1.736842105263158,0.4348958333333333,0.4823763889427201,3.3684210526315788
1263,18,34,24,1.7,0.4153439153439153,0.47696960070847283,3.15
1264,18,35,24,1.7,0.40885416666666663,0.39999999999999997,3.2
1265,18,32,24,1.7,0.4375,0.39999999999999997,3.2
1266,17,39,22,1.6666666666666667,0.3671875,0.21295885499997994,3.0476190476190474
1267,17,31,27,1.6666666666666667,0.46614583333333337,0.21295885499997994,3.0476190476190474
1268,17,31,31,1.6666666666666667,0.5,0.21295885499997994,3.0476190476190474
1269,18,33,25,1.7,0.43489583333333337,0.39999999999999997,3.2
1270,18,30,25,1.65,0.455026455026455,0.47696960070847283,3.15
1271,18,33,25,1.7,0.43489583333333337,0.39999999999999997,3.2
1272,18,31,26,1.7,0.4609375,0.39999999999999997,3.2
1273,18,31,26,1.65,0.4523809523809524,0.47696960070847283,3.15
1274,19,32,26,1.6842105263157894,0.44708994708994704,0.5668594533825794,3.3157894736842106
1275,18,30,28,1.7,0.484375,0.39999999999999997,3.2
1276,17,31,25,1.6666666666666667,0.45052083333333337,0.21295885499997994,3.0476190476190474
1277,18,33,25,1.7,0.43489583333333337,0.39999999999999997,3.2
1278,18,34,25,1.7,0.4270833333333333,0.39999999999999997,3.2
1279,18,30,24,1.7,0.44791666666666663,0.39999999999999997,3.2
1280,17,37,23,1.6666666666666667,0.390625,0.21295885499997994,3.0476190476190474
1281,17,35,23,1.6666666666666667,0.4010416666666667,0.21295885499997994,3.0476190476190474
1282,18,36,21,1.7,0.37239583333333337,0.39999999999999997,3.2
1283,18,32,24,1.65,0.4285714285714285,0.47696960070847283,3.15
1284,19,33,24,1.736842105263158,0.421875,0.4823763889427201,3.3684210526315788
1285,19,32,26,1.736842105263158,0.45052083333333337,0.48237638894272,3.3684210526315788
1286,18,32,27,1.7,0.4609375,0.39999999999999997,3.2
1287,18,35,25,1.7,0.421875,0.39999999999999997,3.2
1288,18,35,26,1.7,0.4296875,0.39999999999999997,3.2
1289,17,30,26,1.6666666666666667,0.46614583333333337,0.21295885499997994,3.0476190476190474
1290,18,32,26,1.7,0.45052083333333337,0.39999999999999997,3.2
1291,18,33,26,1.7,0.4427083333333333,0.39999999999999997,3.2
1292,19,32,25,1.736842105263158,0.44270833333333337,0.4823763889427201,3.3684210526315788
1293,18,37,22,1.7,0.38020833333333337,0.39999999999999997,3.2
1294,19,34,24,1.736842105263158,0.4192708333333333,0.4823763889427201,3.3684210526315788
1295,18,34,26,1.7,0.43229166666666663,0.39999999999999997,3.2
1296,18,32,26,1.7,0.453125,0.39999999999999997,3.2
1297,19,29,26,1.736842105263158,0.4765625,0.4823763889427201,3.3684210526315788
1298,18,34,25,1.7,0.4296875,0.39999999999999997,3.2
1299,18,36,23,1.7,0.39322916666666663,0.39999999999999997,3.2
1300,17,35,25,1.6666666666666667,0.421875,0.21295885499997994,3.0476190476190474
1301,19,34,27,1.736842105263158,0.4453125,0.4823763889427201,3.3684210526315788
1302,18,33,27,1.7,0.4505208333333333,0.39999999999999997,3.2
1303,18,31,27,1.7,0.4635416666666667,0.39999999999999997,3.2
1304,19,34,24,1.736842105263158,0.41927083333333337,0.4823763889427201,3.3684210526315788
1305,18,31,25,1.65,0.44973544973544977,0.47696960070847283,3.15
1306,19,31,24,1.736842105263158,0.4453125,0.4823763889427201,3.3684210526315788
1307,18,32,26,1.7,0.453125,0.39999999999999997,3.2
1308,18,32,25,1.65,0.43915343915343913,0.47696960070847283,3.15
1309,18,31,26,1.7,0.4609375,0.39999999999999997,3.2
1310,17,33,23,1.6666666666666667,0.4192708333333333,0.21295885499997994,3.0476190476190474
1311,19,32,24,1.736842105263158,0.4375,0.4823763889427201,3.3684210526315788
1312,18,35,26,1.7,0.4296875,0.39999999999999997,3.2
1313,18,27,28,1.65,0.49735449735449727,0.47696960070847283,3.15
1314,19,33,26,1.736842105263158,0.44270833333333337,0.4823763889427201,3.3684210526315788
1315,17,32,26,1.6666666666666667,0.44270833333333326,0.21295885499997994,3.0476190476190474
1316,18,34,25,1.7,0.421875,0.39999999999999997,3.2
1317,17,30,27,1.619047619047619,0.46825396825396826,0.3086066999241838,3.0
1318,17,31,25,1.6666666666666667,0.4453125,0.21295885499997994,3.0476190476190474
1319,19,34,26,1.736842105263158,0.4375,0.4823763889427201,3.3684210526315788
1320,18,31,29,1.7,0.4817708333333333,0.39999999999999997,3.2
1321,18,32,27,1.7,0.4609375,0.39999999999999997,3.2
1322,17,32,23,1.6666666666666667,0.421875,0.21295885499997994,3.0476190476190474
1323,17,33,24,1.6666666666666667,0.42447916666666663,0.21295885499997994,3.0476190476190474
1324,19,31,25,1.736842105263158,0.453125,0.4823763889427201,3.3684210526315788
1325,18,31,25,1.7,0.45052083333333337,0.39999999999999997,3.2
1326,18,30,27,1.7,0.47395833333333337,0.39999999999999997,3.2
1327,18,37,22,1.7,0.37760416666666663,0.39999999999999997,3.2
1328,18,34,23,1.7,0.4114583333333333,0.39999999999999997,3.2
1329,17,30,29,1.6666666666666667,0.4895833333333333,0.21295885499997994,3.0476190476190474
1330,18,30,26,1.65,0.46560846560846564,0.47696960070847283,3.15
1331,18,31,26,1.7,0.4557291666666667,0.39999999999999997,3.2
1332,17,30,28,1.619047619047619,0.48412698412698413,0.3086066999241838,3.0
1333,17,32,29,1.6666666666666667,0.4765625,0.21295885499997994,3.0476190476190474
1334,19,33,25,1.736842105263158,0.4375,0.4823763889427201,3.3684210526315788
1335,18,34,26,1.7,0.4375,0.39999999999999997,3.2
1336,19,35,25,1.736842105263158,0.421875,0.48237638894272,3.3684210526315788
1337,17,33,24,1.6666666666666667,0.4296875,0.21295885499997994,3.0476190476190474
1338,18,26,29,1.65,0.5185185185185186,0.47696960070847283,3.15
1339,18,29,27,1.7,0.4765625,0.39999999999999997,3.2
1340,18,34,26,1.7,0.4375,0.39999999999999997,3.2
1341,19,31,27,1.736842105263158,0.4635416666666667,0.4823763889427201,3.3684210526315788
1342,19,33,25,1.736842105263158,0.4322916666666667,0.4823763889427201,3.3684210526315788
1343,19,32,26,1.736842105263158,0.45052083333333337,0.4823763889427201,3.3684210526315788
1344,17,35,23,1.6666666666666667,0.3984375,0.21295885499997994,3.0476190476190474
1345,18,30,27,1.7,0.47135416666666663,0.39999999999999997,3.2
1346,18,32,26,1.7,0.45052083333333337,0.39999999999999997,3.2
1347,18,33,25,1.7,0.4375,0.39999999999999997,3.2
1348,18,33,25,1.65,0.43121693121693117,0.47696960070847283,3.15
1349,17,31,27,1.6666666666666667,0.4661458333333333,0.21295885499997994,3.0476190476190474
1350,18,33,26,1.7,0.4401041666666667,0.39999999999999997,3.2
1351,17,29,27,1.6666666666666667,0.47916666666666663,0.21295885499997994,3.0476190476190474
1352,19,33,27,1.736842105263158,0.453125,0.4823763889427201,3.3684210526315788
1353,19,30,27,1.736842105263158,0.47135416666666663,0.4823763889427201,3.3684210526315788
1354,18,29,30,1.7,0.5078125,0.39999999999999997,3.2
1355,18,34,27,1.7,0.4453125,0.39999999999999997,3.2
1356,17,33,27,1.6666666666666667,0.44791666666666663,0.21295885499997994,3.0476190476190474
1357,18,34,21,1.7,0.38802083333333337,0.39999999999999997,3.2
1358,18,33,28,1.7,0.4583333333333333,0.39999999999999997,3.2
1359,18,32,25,1.7,0.44010416666666663,0.39999999999999997,3.2
1360,18,32,28,1.7,0.46875,0.39999999999999997,3.2
1361,18,32,24,1.65,0.4365079365079365,0.47696960070847283,3.15
1362,18,35,25,1.7,0.421875,0.39999999999999997,3.2
1363,18,32,27,1.7,0.4583333333333333,0.39999999999999997,3.2
1364,18,31,25,1.7,0.44791666666666663,0.39999999999999997,3.2
1365,18,35,21,1.75,0.3854166666666667,0.39999999999999997,3.2
1366,17,34,24,1.6666666666666667,0.41666666666666663,0.21295885499997994,3.0476190476190474
1367,19,35,25,1.736842105263158,0.41927083333333337,0.4823763889427201,3.3684210526315788
1368,18,33,25,1.7,0.43229166666666663,0.39999999999999997,3.2
1369,19,33,27,1.6842105263157894,0.4523809523809524,0.5668594533825794,3.3157894736842106
1370,18,29,25,1.7,0.4557291666666667,0.39999999999999997,3.2
1371,19,35,25,1.736842105263158,0.421875,0.4823763889427201,3.3684210526315788
1372,18,33,25,1.7,0.4375,0.39999999999999997,3.2
1373,19,33,27,1.736842105263158,0.453125,0.4823763889427201,3.3684210526315788
1374,17,31,28,1.6666666666666667,0.4739583333333333,0.21295885499997994,3.0476190476190474
1375,18,34,25,1.7,0.4296875,0.39999999999999997,3.2
1376,18,28,28,1.65,0.4947089947089947,0.47696960070847283,3.15
1377,18,34,26,1.7,0.4322916666666667,0.39999999999999997,3.2
1378,17,30,28,1.6666666666666667,0.484375,0.21295885499997994,3.0476190476190474
1379,18,31,25,1.7,0.45052083333333337,0.39999999999999997,3.2
1380,19,34,24,1.736842105263158,0.4192708333333333,0.4823763889427201,3.3684210526315788
1381,18,31,28,1.7,0.4765625,0.39999999999999997,3.2
1382,17,34,24,1.6666666666666667,0.4140625,0.21295885499997994,3.0476190476190474
1383,18,28,25,1.65,0.46825396825396826,0.47696960070847283,3.15
1384,18,31,26,1.7,0.4583333333333333,0.39999999999999997,3.2
1385,18,33,23,1.7,0.4192708333333333,0.39999999999999997,3.2
1386,17,33,27,1.6666666666666667,0.453125,0.21295885499997994,3.0476190476190474
1387,19,34,26,1.736842105263158,0.4375,0.4823763889427201,3.3684210526315788
1388,18,30,26,1.65,0.4576719576719577,0.47696960070847283,3.15
1389,19,30,28,1.736842105263158,0.48177083333333337,0.4823763889427201,3.3684210526315788
1390,19,32,26,1.736842105263158,0.453125,0.4823763889427201,3.3684210526315788
1391,18,31,27,1.7,0.46875,0.39999999999999997,3.2
1392,18,33,26,1.7,0.44270833333333337,0.39999999999999997,3.2
1393,18,29,26,1.65,0.4708994708994709,0.47696960070847283,3.15
1394,19,30,27,1.736842105263158,0.4739583333333333,0.4823763889427201,3.3684210526315788
1395,17,29,26,1.6666666666666667,0.47135416666666663,0.21295885499997994,3.0476190476190474
1396,19,32,28,1.736842105263158,0.46614583333333337,0.4823763889427201,3.3684210526315788
1397,18,32,25,1.7,0.4453125,0.39999999999999997,3.2
1398,18,32,26,1.7,0.4505208333333333,0.39999999999999997,3.2
1399,19,29,26,1.736842105263158,0.47395833333333337,0.48237638894272,3.3684210526315788
1400,17,31,26,1.6666666666666667,0.4609375,0.21295885499997994,3.0476190476190474
1401,17,32,26,1.6666666666666667,0.453125,0.21295885499997994,3.0476190476190474
1402,17,33,26,1.6666666666666667,0.4453125,0.21295885499997994,3.0476190476190474
1403,18,32,27,1.7,0.4583333333333333,0.39999999999999997,3.2
1404,17,27,29,1.6666666666666667,0.5078125,0.21295885499997994,3.0476190476190474
1405,17,29,28,1.6666666666666667,0.48697916666666663,0.21295885499997994,3.0476190476190474
1406,18,30,26,1.7,0.46614583333333337,0.39999999999999997,3.2
1407,19,28,25,1.736842105263158,0.46614583333333337,0.4823763889427201,3.3684210526315788
1408,18,33,25,1.7,0.43489583333333337,0.39999999999999997,3.2
1409,18,32,27,1.7,0.45833333333333337,0.39999999999999997,3.2
1410,18,30,25,1.7,0.453125,0.39999999999999997,3.2
1411,18,31,24,1.7,0.44270833333333337,0.39999999999999997,3.2
1412,18,35,25,1.7,0.421875,0.39999999999999997,3.2
1413,19,34,25,1.736842105263158,0.42708333333333337,0.4823763889427201,3.3684210526315788
1414,18,32,26,1.7,0.45052083333333337,0.39999999999999997,3.2
1415,18,33,26,1.7,0.44270833333333337,0.39999999999999997,3.2
1416,18,28,29,1.7,0.5052083333333333,0.39999999999999997,3.2
1417,17,29,29,1.6666666666666667,0.49479166666666663,0.21295885499997994,3.0476190476190474
1418,20,30,25,1.7777777777777777,0.45052083333333337,0.49690399499995325,3.5555555555555554
1419,18,29,29,1.7,0.49739583333333337,0.39999999999999997,3.2
1420,18,34,27,1.7,0.4453125,0.39999999999999997,3.2
1421,18,30,29,1.7,0.48697916666666663,0.39999999999999997,3.2
1422,19,30,28,1.736842105263158,0.48177083333333337,0.4823763889427201,3.3684210526315788
1423,19,32,26,1.736842105263158,0.44791666666666663,0.4823763889427201,3.3684210526315788
1424,18,29,27,1.7,0.4739583333333333,0.39999999999999997,3.2
1425,17,29,29,1.6666666666666667,0.49479166666666663,0.21295885499997994,3.0476190476190474
1426,18,27,28,1.7,0.5026041666666666,0.39999999999999997,3.2
1427,18,30,28,1.7,0.484375,0.39999999999999997,3.2
1428,19,30,26,1.736842105263158,0.46614583333333337,0.4823763889427201,3.3684210526315788
1429,17,31,28,1.6666666666666667,0.47395833333333337,0.21295885499997994,3.0476190476190474
1430,18,33,27,1.7,0.453125,0.39999999999999997,3.2
1431,17,28,29,1.619047619047619,0.49999999999999994,0.3086066999241838,3.0
1432,18,25,28,1.7,0.5130208333333333,0.39999999999999997,3.2
1433,18,30,28,1.7,0.484375,0.39999999999999997,3.2
1434,18,31,27,1.7,0.4661458333333333,0.39999999999999997,3.2
1435,18,38,20,1.7,0.3567708333333333,0.39999999999999997,3.2
1436,19,29,29,1.6842105263157894,0.5,0.5668594533825794,3.3157894736842106
1437,18,30,27,1.7,0.4765625,0.39999999999999997,3.2
1438,19,31,29,1.736842105263158,0.48177083333333337,0.4823763889427201,3.3684210526315788
1439,17,30,26,1.6666666666666667,0.46354166666666663,0.21295885499997994,3.0476190476190474
1440,19,31,30,1.736842105263158,0.48958333333333337,0.4823763889427201,3.3684210526315788
1441,18,31,27,1.7,0.46614583333333337,0.39999999999999997,3.2
1442,17,30,28,1.6666666666666667,0.4791666666666667,0.21295885499997994,3.0476190476190474
1443,18,32,26,1.7,0.4479166666666667,0.39999999999999997,3.2
1444,18,34,25,1.7,0.4296875,0.39999999999999997,3.2
1445,17,32,28,1.6666666666666667,0.46614583333333337,0.21295885499997994,3.0476190476190474
1446,17,31,27,1.6666666666666667,0.46354166666666663,0.21295885499997994,3.0476190476190474
1447,18,31,26,1.7,0.45572916666666663,0.39999999999999997,3.2
1448,17,31,28,1.6666666666666667,0.47395833333333337,0.21295885499997994,3.0476190476190474
1449,19,31,26,1.736842105263158,0.4583333333333333,0.4823763889427201,3.3684210526315788
1450,17,28,27,1.619047619047619,0.4867724867724868,0.3086066999241838,3.0
1451,18,28,28,1.7,0.49479166666666663,0.39999999999999997,3.2
1452,19,31,27,1.736842105263158,0.4661458333333333,0.4823763889427201,3.3684210526315788
1453,18,35,26,1.7,0.4296875,0.39999999999999997,3.2
1454,17,29,29,1.6666666666666667,0.49739583333333337,0.21295885499997994,3.0476190476190474
1455,17,31,27,1.6666666666666667,0.4661458333333333,0.21295885499997994,3.0476190476190474
1456,20,31,30,1.7777777777777777,0.48958333333333337,0.49690399499995325,3.5555555555555554
1457,18,30,26,1.7,0.46093749999999994,0.39999999999999997,3.2
1458,18,30,27,1.7,0.46875,0.39999999999999997,3.2
1459,18,25,30,1.65,0.5370370370370371,0.47696960070847283,3.15
1460,19,33,26,1.736842105263158,0.4453125,0.4823763889427201,3.3684210526315788
1461,17,29,29,1.6666666666666667,0.4973958333333333,0.21295885499997994,3.0476190476190474
1462,19,34,27,1.736842105263158,0.4453125,0.4823763889427201,3.3684210526315788
1463,18,32,25,1.7,0.4375,0.39999999999999997,3.2
1464,17,29,29,1.619047619047619,0.5,0.3086066999241838,3.0
1465,18,30,29,1.7,0.4921875,0.39999999999999997,3.2
1466,18,31,27,1.7,0.46875,0.39999999999999997,3.2
1467,19,30,28,1.736842105263158,0.4791666666666667,0.4823763889427201,3.3684210526315788
1468,18,31,27,1.7,0.46614583333333337,0.39999999999999997,3.2
1469,18,32,26,1.7,0.453125,0.39999999999999997,3.2
1470,19,31,27,1.736842105263158,0.46614583333333337,0.4823763889427201,3.3684210526315788
1471,17,31,28,1.6666666666666667,0.47395833333333337,0.21295885499997994,3.0476190476190474
1472,18,31,30,1.7,0.48958333333333337,0.39999999999999997,3.2
1473,19,31,29,1.736842105263158,0.48177083333333337,0.4823763889427201,3.3684210526315788
1474,19,32,26,1.736842105263158,0.4479166666666667,0.4823763889427201,3.3684210526315788
1475,17,28,30,1.6666666666666667,0.5130208333333333,0.21295885499997994,3.0476190476190474
1476,18,32,27,1.65,0.45767195767195773,0.47696960070847283,3.15
1477,18,30,26,1.7,0.46875,0.39999999999999997,3.2
1478,18,30,25,1.7,0.45052083333333337,0.39999999999999997,3.2
1479,18,33,26,1.65,0.4444444444444444,0.47696960070847283,3.15
1480,17,31,28,1.6666666666666667,0.47395833333333337,0.21295885499997994,3.0476190476190474
1481,18,29,25,1.7,0.4609375,0.39999999999999997,3.2
1482,17,30,31,1.6666666666666667,0.5052083333333334,0.21295885499997994,3.0476190476190474
1483,18,30,28,1.7,0.48177083333333337,0.39999999999999997,3.2
1484,18,33,25,1.7,0.43229166666666663,0.39999999999999997,3.2
1485,18,27,30,1.7,0.5182291666666666,0.39999999999999997,3.2
1486,17,29,28,1.6666666666666667,0.48697916666666663,0.21295885499997994,3.0476190476190474
1487,18,28,30,1.7,0.5130208333333334,0.39999999999999997,3.2
1488,17,34,27,1.6666666666666667,0.4453125,0.21295885499997994,3.0476190476190474
1489,17,29,28,1.6666666666666667,0.48697916666666663,0.21295885499997994,3.0476190476190474
1490,18,30,27,1.7,0.46875,0.39999999999999997,3.2
1491,17,31,29,1.6666666666666667,0.48177083333333337,0.21295885499997994,3.0476190476190474
1492,17,28,30,1.6666666666666667,0.5104166666666666,0.21295885499997994,3.0476190476190474
1493,18,28,30,1.7,0.5130208333333333,0.39999999999999997,3.2
1494,19,30,31,1.736842105263158,0.5078125,0.4823763889427201,3.3684210526315788
1495,20,32,30,1.7777777777777777,0.484375,0.49690399499995325,3.5555555555555554
1496,17,28,29,1.6666666666666667,0.5052083333333334,0.21295885499997994,3.0476190476190474
1497,18,29,29,1.7,0.4921875,0.39999999999999997,3.2
1498,18,35,26,1.7,0.4296875,0.39999999999999997,3.2
1499,18,31,28,1.7,0.4739583333333333,0.39999999999999997,3.2
1500,19,33,27,1.736842105263158,0.453125,0.4823763889427201,3.3684210526315788
1501,17,31,28,1.6666666666666667,0.46875,0.21295885499997994,3.0476190476190474
1502,17,34,24,1.6666666666666667,0.41927083333333337,0.21295885499997994,3.0476190476190474
1503,17,30,28,1.6666666666666667,0.4765625,0.21295885499997994,3.0476190476190474
1504,18,32,27,1.7,0.4609375,0.39999999999999997,3.2
1505,19,34,26,1.736842105263158,0.4375,0.48237638894272,3.3684210526315788
1506,18,31,28,1.65,0.47619047619047616,0.47696960070847283,3.15
1507,17,27,29,1.6666666666666667,0.5104166666666666,0.21295885499997994,3.0476190476190474
1508,18,36,22,1.7,0.390625,0.39999999999999997,3.2
1509,18,28,28,1.7,0.4895833333333333,0.39999999999999997,3.2
1510,19,29,28,1.736842105263158,0.48697916666666663,0.4823763889427201,3.3684210526315788
1511,19,33,28,1.736842105263158,0.45833333333333337,0.4823763889427201,3.3684210526315788
1512,18,29,27,1.7,0.48177083333333337,0.39999999999999997,3.2
1513,17,29,28,1.6666666666666667,0.48697916666666663,0.21295885499997994,3.0476190476190474
1514,18,30,27,1.7,0.47395833333333337,0.39999999999999997,3.2
1515,18,28,28,1.7,0.49479166666666663,0.39999999999999997,3.2
1516,18,28,27,1.7,0.484375,0.39999999999999997,3.2
1517,19,38,20,1.736842105263158,0.3567708333333333,0.4823763889427201,3.3684210526315788
1518,17,28,29,1.6666666666666667,0.5,0.21295885499997994,3.0476190476190474
1519,19,35,26,1.736842105263158,0.42708333333333337,0.4823763889427201,3.3684210526315788
1520,18,30,29,1.65,0.4894179894179894,0.47696960070847283,3.15
1521,17,31,29,1.6666666666666667,0.484375,0.21295885499997994,3.0476190476190474
1522,19,30,27,1.736842105263158,0.47135416666666663,0.4823763889427201,3.3684210526315788
1523,19,31,28,1.736842105263158,0.4765625,0.4823763889427201,3.3684210526315788
1524,18,30,29,1.7,0.4921875,0.39999999999999997,3.2
1525,19,31,26,1.736842105263158,0.45572916666666663,0.4823763889427201,3.3684210526315788
1526,17,30,28,1.6666666666666667,0.47916666666666663,0.21295885499997994,3.0476190476190474
1527,18,33,26,1.7,0.4427083333333333,0.39999999999999997,3.2
1528,17,31,27,1.6666666666666667,0.46614583333333337,0.21295885499997994,3.0476190476190474
1529,18,29,30,1.7,0.5026041666666666,0.39999999999999997,3.2
1530,17,30,29,1.6666666666666667,0.48958333333333337,0.21295885499997994,3.0476190476190474
1531,19,33,26,1.736842105263158,0.4427083333333333,0.4823763889427201,3.3684210526315788
1532,18,27,29,1.7,0.5104166666666666,0.39999999999999997,3.2
1533,18,31,25,1.7,0.45052083333333337,0.39999999999999997,3.2
1534,18,29,29,1.7,0.49479166666666663,0.39999999999999997,3.2
1535,18,30,27,1.7,0.4739583333333333,0.39999999999999997,3.2
1536,17,30,28,1.6666666666666667,0.47916666666666663,0.21295885499997994,3.0476190476190474
1537,18,27,27,1.7,0.4947916666666667,0.39999999999999997,3.2
1538,18,35,26,1.65,0.42857142857142855,0.47696960070847283,3.15
1539,17,31,29,1.6666666666666667,0.484375,0.21295885499997994,3.0476190476190474
1540,18,29,30,1.7,0.5078125,0.39999999999999997,3.2
1541,19,33,28,1.736842105263158,0.45833333333333337,0.4823763889427201,3.3684210526315788
1542,17,27,29,1.619047619047619,0.5105820105820106,0.3086066999241838,3.0
1543,17,30,25,1.6666666666666667,0.453125,0.21295885499997994,3.0476190476190474
1544,17,30,29,1.619047619047619,0.49206349206349204,0.3086066999241838,3.0
1545,18,31,29,1.7,0.484375,0.39999999999999997,3.2
1546,18,31,26,1.7,0.45833333333333337,0.39999999999999997,3.2
1547,18,29,30,1.65,0.5079365079365079,0.47696960070847283,3.15
1548,17,29,29,1.6666666666666667,0.4973958333333333,0.21295885499997994,3.0476190476190474
1549,18,34,26,1.7,0.4348958333333333,0.39999999999999997,3.2
1550,17,31,27,1.6666666666666667,0.4661458333333333,0.21295885499997994,3.0476190476190474
1551,17,32,28,1.6666666666666667,0.46614583333333337,0.21295885499997994,3.0476190476190474
1552,19,33,28,1.736842105263158,0.4583333333333333,0.4823763889427201,3.3684210526315788
1553,18,32,28,1.7,0.46354166666666663,0.39999999999999997,3.2
1554,19,34,25,1.736842105263158,0.4296875,0.4823763889427201,3.3684210526315788
1555,17,29,29,1.6666666666666667,0.49739583333333337,0.21295885499997994,3.0476190476190474
1556,17,30,29,1.619047619047619,0.4894179894179895,0.3086066999241838,3.0
1557,18,29,28,1.7,0.4921875,0.39999999999999997,3.2
1558,18,30,27,1.7,0.4739583333333333,0.39999999999999997,3.2
1559,17,31,27,1.6666666666666667,0.46354166666666663,0.21295885499997994,3.0476190476190474
1560,18,30,29,1.7,0.4895833333333333,0.39999999999999997,3.2
1561,17,27,29,1.6666666666666667,0.5078125,0.21295885499997994,3.0476190476190474
1562,17,28,31,1.6666666666666667,0.5182291666666666,0.21295885499997994,3.0476190476190474
1563,18,28,30,1.7,0.5104166666666666,0.39999999999999997,3.2
1564,18,31,29,1.7,0.484375,0.39999999999999997,3.2
1565,17,29,27,1.6666666666666667,0.47916666666666663,0.21295885499997994,3.0476190476190474
1566,17,29,30,1.6666666666666667,0.5052083333333333,0.21295885499997994,3.0476190476190474
1567,17,29,30,1.6666666666666667,0.5052083333333333,0.21295885499997994,3.0476190476190474
1568,18,29,29,1.7,0.4947916666666667,0.39999999999999997,3.2
1569,18,33,28,1.7,0.45833333333333337,0.39999999999999997,3.2
1570,18,27,30,1.7,0.5182291666666666,0.39999999999999997,3.2
1571,18,30,26,1.7,0.46354166666666663,0.39999999999999997,3.2
1572,18,33,26,1.7,0.4453125,0.39999999999999997,3.2
1573,19,30,28,1.736842105263158,0.48177083333333337,0.4823763889427201,3.3684210526315788
1574,19,30,30,1.736842105263158,0.5,0.4823763889427201,3.3684210526315788
1575,18,27,31,1.7,0.5234375,0.39999999999999997,3.2
1576,19,35,25,1.736842105263158,0.41927083333333337,0.4823763889427201,3.3684210526315788
1577,17,36,22,1.7142857142857142,0.38802083333333337,0.21295885499997994,3.0476190476190474
1578,19,32,28,1.736842105263158,0.46614583333333337,0.4823763889427201,3.3684210526315788
1579,18,31,29,1.7,0.4817708333333333,0.39999999999999997,3.2
1580,19,29,28,1.736842105263158,0.48697916666666663,0.4823763889427201,3.3684210526315788
1581,19,32,27,1.736842105263158,0.45833333333333337,0.4823763889427201,3.3684210526315788
1582,19,28,30,1.736842105263158,0.5130208333333334,0.48237638894272,3.3684210526315788
1583,17,27,31,1.6666666666666667,0.5286458333333334,0.21295885499997994,3.0476190476190474
1584,18,33,28,1.7,0.45833333333333337,0.39999999999999997,3.2
1585,17,29,30,1.619047619047619,0.5079365079365079,0.3086066999241838,3.0
1586,17,28,29,1.6666666666666667,0.5052083333333334,0.21295885499997994,3.0476190476190474
1587,18,31,28,1.7,0.4765625,0.39999999999999997,3.2
1588,17,33,29,1.6666666666666667,0.46875,0.21295885499997994,3.0476190476190474
1589,17,26,30,1.6666666666666667,0.5234375,0.21295885499997994,3.0476190476190474
1590,18,28,30,1.7,0.5104166666666666,0.39999999999999997,3.2
1591,19,29,29,1.6842105263157894,0.4973544973544974,0.5668594533825794,3.3157894736842106
1592,18,29,28,1.7,0.4895833333333333,0.39999999999999997,3.2
1593,18,37,23,1.7,0.38802083333333337,0.39999999999999997,3.2
1594,17,33,26,1.619047619047619,0.4444444444444444,0.3086066999241838,3.0
1595,17,26,29,1.6666666666666667,0.515625,0.21295885499997994,3.0476190476190474
1596,18,30,28,1.7,0.48177083333333337,0.39999999999999997,3.2
1597,17,29,28,1.6666666666666667,0.48958333333333337,0.21295885499997994,3.0476190476190474
1598,18,32,27,1.7,0.45833333333333337,0.39999999999999997,3.2
1599,19,30,28,1.736842105263158,0.48177083333333337,0.4823763889427201,3.3684210526315788
1600,18,31,28,1.7,0.47395833333333337,0.39999999999999997,3.2
1601,17,27,30,1.6666666666666667,0.5208333333333334,0.21295885499997994,3.0476190476190474
1602,17,30,27,1.6666666666666667,0.47395833333333337,0.21295885499997994,3.0476190476190474
1603,18,29,28,1.7,0.48958333333333337,0.39999999999999997,3.2
1604,17,30,29,1.6666666666666667,0.48958333333333337,0.21295885499997994,3.0476190476190474
1605,18,30,28,1.7,0.47916666666666663,0.39999999999999997,3.2
1606,18,32,27,1.7,0.45833333333333337,0.39999999999999997,3.2
1607,18,28,30,1.7,0.5130208333333334,0.39999999999999997,3.2
1608,17,30,28,1.6666666666666667,0.47916666666666663,0.21295885499997994,3.0476190476190474
1609,18,28,30,1.7,0.5130208333333334,0.39999999999999997,3.2
1610,18,31,26,1.7,0.4609375,0.39999999999999997,3.2
1611,17,27,29,1.6666666666666667,0.5078125,0.21295885499997994,3.0476190476190474
1612,17,28,29,1.6666666666666667,0.5026041666666667,0.21295885499997994,3.0476190476190474
1613,18,29,28,1.7,0.4869791666666667,0.39999999999999997,3.2
1614,19,32,26,1.736842105263158,0.44791666666666663,0.4823763889427201,3.3684210526315788
1615,19,30,29,1.736842105263158,0.48958333333333337,0.4823763889427201,3.3684210526315788
1616,17,28,29,1.6666666666666667,0.5052083333333333,0.21295885499997994,3.0476190476190474
1617,19,31,26,1.736842105263158,0.4609375,0.48237638894272,3.3684210526315788
1618,18,28,29,1.7,0.5052083333333334,0.39999999999999997,3.2
1619,19,28,28,1.6842105263157894,0.4973544973544974,0.5668594533825794,3.3157894736842106
1620,17,31,29,1.6666666666666667,0.47916666666666663,0.21295885499997994,3.0476190476190474
1621,18,30,27,1.7,0.47135416666666663,0.39999999999999997,3.2
1622,19,32,29,1.736842105263158,0.47395833333333337,0.4823763889427201,3.3684210526315788
1623,18,29,28,1.65,0.4894179894179895,0.47696960070847283,3.15
1624,18,28,30,1.7,0.5104166666666667,0.39999999999999997,3.2
1625,18,28,30,1.7,0.5130208333333334,0.39999999999999997,3.2
1626,17,31,29,1.6666666666666667,0.484375,0.21295885499997994,3.0476190476190474
1627,19,29,29,1.736842105263158,0.49739583333333337,0.4823763889427201,3.3684210526315788
1628,19,31,28,1.736842105263158,0.4765625,0.4823763889427201,3.3684210526315788
1629,18,28,31,1.7,0.5208333333333334,0.39999999999999997,3.2
1630,18,33,27,1.7,0.4505208333333333,0.39999999999999997,3.2
1631,19,34,26,1.736842105263158,0.43229166666666663,0.48237638894272,3.3684210526315788
1632,18,37,20,1.7,0.3645833333333333,0.39999999999999997,3.2
1633,18,29,28,1.7,0.484375,0.39999999999999997,3.2
1634,17,29,30,1.6666666666666667,0.5052083333333334,0.21295885499997994,3.0476190476190474
1635,18,30,31,1.7,0.5052083333333334,0.39999999999999997,3.2
1636,18,29,29,1.7,0.4973958333333333,0.39999999999999997,3.2
1637,18,28,29,1.7,0.5052083333333334,0.39999999999999997,3.2
1638,18,27,29,1.7,0.5078125,0.39999999999999997,3.2
1639,19,35,21,1.736842105263158,0.3854166666666667,0.4823763889427201,3.3684210526315788
1640,18,30,29,1.7,0.48697916666666663,0.39999999999999997,3.2
1641,18,31,28,1.7,0.47135416666666663,0.39999999999999997,3.2
1642,18,29,29,1.7,0.49479166666666663,0.39999999999999997,3.2
1643,17,30,28,1.6666666666666667,0.47916666666666663,0.21295885499997994,3.0476190476190474
1644,19,34,21,1.736842105263158,0.39583333333333337,0.4823763889427201,3.3684210526315788
1645,18,28,28,1.7,0.49479166666666663,0.39999999999999997,3.2
1646,17,28,29,1.6666666666666667,0.5026041666666666,0.21295885499997994,3.0476190476190474
1647,17,31,28,1.6666666666666667,0.47395833333333337,0.21295885499997994,3.0476190476190474
1648,19,31,27,1.736842105263158,0.46614583333333337,0.4823763889427201,3.3684210526315788
1649,18,31,29,1.7,0.48177083333333337,0.39999999999999997,3.2
1650,18,31,31,1.7,0.5,0.39999999999999997,3.2
1651,18,29,28,1.7,0.48958333333333337,0.39999999999999997,3.2
1652,18,26,31,1.7,0.5338541666666666,0.39999999999999997,3.2
1653,18,29,29,1.7,0.4947916666666667,0.39999999999999997,3.2
1654,17,29,28,1.6666666666666667,0.48697916666666663,0.21295885499997994,3.0476190476190474
1655,18,28,29,1.7,0.5026041666666666,0.39999999999999997,3.2
1656,18,28,28,1.7,0.4921875,0.39999999999999997,3.2
1657,17,30,30,1.6666666666666667,0.5,0.21295885499997994,3.0476190476190474
1658,19,29,29,1.736842105263158,0.49739583333333337,0.4823763889427201,3.3684210526315788
1659,17,29,29,1.6666666666666667,0.49739583333333337,0.21295885499997994,3.0476190476190474
1660,18,34,25,1.7,0.42708333333333337,0.39999999999999997,3.2
1661,17,26,31,1.619047619047619,0.5343915343915343,0.3086066999241838,3.0
1662,17,30,27,1.6666666666666667,0.47135416666666663,0.21295885499997994,3.0476190476190474
1663,18,29,28,1.7,0.484375,0.39999999999999997,3.2
1664,18,31,28,1.7,0.4713541666666667,0.39999999999999997,3.2
1665,18,31,28,1.7,0.47395833333333337,0.39999999999999997,3.2
1666,17,26,29,1.6666666666666667,0.5182291666666667,0.21295885499997994,3.0476190476190474
1667,17,31,30,1.6666666666666667,0.4869791666666667,0.21295885499997994,3.0476190476190474
1668,19,33,28,1.736842105263158,0.45833333333333337,0.48237638894272,3.3684210526315788
1669,19,31,28,1.736842105263158,0.47135416666666663,0.4823763889427201,3.3684210526315788
1670,18,28,30,1.7,0.5104166666666666,0.39999999999999997,3.2
1671,19,28,29,1.736842105263158,0.5026041666666667,0.4823763889427201,3.3684210526315788
1672,18,27,30,1.7,0.515625,0.39999999999999997,3.2
1673,18,30,29,1.7,0.48958333333333337,0.39999999999999997,3.2
1674,17,28,30,1.6666666666666667,0.5130208333333334,0.21295885499997994,3.0476190476190474
1675,18,28,30,1.7,0.515625,0.39999999999999997,3.2
1676,17,30,29,1.6666666666666667,0.48958333333333337,0.21295885499997994,3.0476190476190474
1677,17,27,31,1.6666666666666667,0.5260416666666666,0.21295885499997994,3.0476190476190474
1678,17,28,30,1.6666666666666667,0.5130208333333334,0.21295885499997994,3.0476190476190474
1679,18,29,28,1.7,0.484375,0.39999999999999997,3.2
1680,18,30,28,1.7,0.47916666666666663,0.39999999999999997,3.2
1681,18,33,27,1.7,0.453125,0.39999999999999997,3.2
1682,17,30,29,1.6666666666666667,0.48958333333333337,0.21295885499997994,3.0476190476190474
1683,18,31,27,1.7,0.4609375,0.39999999999999997,3.2
1684,17,27,32,1.6666666666666667,0.5364583333333334,0.21295885499997994,3.0476190476190474
1685,19,30,27,1.736842105263158,0.47395833333333337,0.48237638894272,3.3684210526315788
1686,18,27,31,1.7,0.5286458333333333,0.39999999999999997,3.2
1687,17,26,29,1.619047619047619,0.5158730158730159,0.3086066999241838,3.0
1688,19,26,28,1.736842105263158,0.5104166666666667,0.4823763889427201,3.3684210526315788
1689,17,28,30,1.6666666666666667,0.5052083333333334,0.21295885499997994,3.0476190476190474
1690,17,30,28,1.6666666666666667,0.48177083333333337,0.21295885499997994,3.0476190476190474
1691,18,30,28,1.7,0.47916666666666663,0.39999999999999997,3.2
1692,17,28,28,1.619047619047619,0.4947089947089947,0.3086066999241838,3.0
1693,17,29,26,1.6666666666666667,0.46614583333333326,0.21295885499997994,3.0476190476190474
1694,18,27,29,1.7,0.5104166666666666,0.39999999999999997,3.2
1695,17,26,29,1.619047619047619,0.5185185185185185,0.3086066999241838,3.0
1696,18,26,30,1.7,0.5286458333333333,0.39999999999999997,3.2
1697,18,29,30,1.7,0.5052083333333334,0.39999999999999997,3.2
1698,18,27,29,1.7,0.5078125,0.39999999999999997,3.2
1699,17,30,26,1.6666666666666667,0.46354166666666663,0.21295885499997994,3.0476190476190474
1700,19,26,30,1.736842105263158,0.5260416666666667,0.4823763889427201,3.3684210526315788
1701,18,20,33,1.7,0.59375,0.39999999999999997,3.2
1702,17,29,28,1.6666666666666667,0.48697916666666663,0.21295885499997994,3.0476190476190474
1703,18,28,28,1.7,0.49739583333333337,0.39999999999999997,3.2
1704,18,28,29,1.7,0.5052083333333334,0.39999999999999997,3.2
1705,18,28,28,1.7,0.4921875,0.39999999999999997,3.2
1706,17,27,31,1.6666666666666667,0.5260416666666666,0.21295885499997994,3.0476190476190474
1707,19,31,27,1.736842105263158,0.46614583333333337,0.4823763889427201,3.3684210526315788
1708,17,32,27,1.6666666666666667,0.45833333333333337,0.21295885499997994,3.0476190476190474
1709,18,28,31,1.7,0.5208333333333334,0.39999999999999997,3.2
1710,18,28,29,1.7,0.5052083333333334,0.39999999999999997,3.2
1711,18,29,29,1.7,0.49739583333333337,0.39999999999999997,3.2
1712,19,30,29,1.736842105263158,0.48958333333333337,0.4823763889427201,3.3684210526315788
1713,19,32,28,1.736842105263158,0.46875,0.4823763889427201,3.3684210526315788
1714,18,32,29,1.7,0.47395833333333337,0.39999999999999997,3.2
1715,18,29,30,1.7,0.5026041666666667,0.39999999999999997,3.2
1716,17,32,27,1.6666666666666667,0.45572916666666663,0.21295885499997994,3.0476190476190474
1717,19,27,30,1.736842105263158,0.5182291666666667,0.4823763889427201,3.3684210526315788
1718,17,27,31,1.6666666666666667,0.5286458333333334,0.21295885499997994,3.0476190476190474
1719,17,23,32,1.6666666666666667,0.5651041666666666,0.21295885499997994,3.0476190476190474
1720,18,27,30,1.7,0.5208333333333334,0.39999999999999997,3.2
1721,18,33,26,1.7,0.4427083333333333,0.39999999999999997,3.2
1722,18,27,30,1.7,0.5182291666666666,0.39999999999999997,3.2
1723,18,29,27,1.7,0.47916666666666663,0.39999999999999997,3.2
1724,17,28,30,1.6666666666666667,0.5130208333333334,0.21295885499997994,3.0476190476190474
1725,19,28,30,1.736842105263158,0.5130208333333334,0.4823763889427201,3.3684210526315788
1726,18,28,30,1.7,0.5130208333333334,0.39999999999999997,3.2
1727,17,32,28,1.6666666666666667,0.46875,0.21295885499997994,3.0476190476190474
1728,18,30,29,1.7,0.4921875,0.39999999999999997,3.2
1729,17,24,30,1.6666666666666667,0.5364583333333333,0.21295885499997994,3.0476190476190474
1730,19,30,29,1.736842105263158,0.48958333333333337,0.4823763889427201,3.3684210526315788
1731,19,30,28,1.736842105263158,0.4765625,0.4823763889427201,3.3684210526315788
1732,18,29,29,1.7,0.4947916666666667,0.39999999999999997,3.2
1733,19,27,30,1.736842105263158,0.5208333333333334,0.48237638894272,3.3684210526315788
1734,19,33,28,1.736842105263158,0.4609375,0.4823763889427201,3.3684210526315788
1735,18,28,30,1.7,0.5104166666666667,0.39999999999999997,3.2
1736,17,29,28,1.6666666666666667,0.48958333333333337,0.21295885499997994,3.0476190476190474
1737,18,30,27,1.7,0.47395833333333337,0.39999999999999997,3.2
1738,17,28,28,1.6666666666666667,0.4921875,0.21295885499997994,3.0476190476190474
1739,19,33,26,1.736842105263158,0.44270833333333337,0.4823763889427201,3.3684210526315788
1740,18,27,31,1.7,0.5260416666666667,0.39999999999999997,3.2
1741,17,28,29,1.6666666666666667,0.5,0.21295885499997994,3.0476190476190474
1742,17,27,29,1.6666666666666667,0.5078125,0.21295885499997994,3.0476190476190474
1743,17,32,24,1.619047619047619,0.43121693121693117,0.3086066999241838,3.0
1744,18,27,30,1.7,0.5182291666666667,0.39999999999999997,3.2
1745,17,29,30,1.6666666666666667,0.5052083333333334,0.21295885499997994,3.0476190476190474
1746,18,28,30,1.7,0.5104166666666666,0.39999999999999997,3.2
1747,18,29,29,1.7,0.4947916666666667,0.39999999999999997,3.2
1748,17,28,29,1.6666666666666667,0.5026041666666666,0.21295885499997994,3.0476190476190474
1749,17,26,29,1.6666666666666667,0.515625,0.21295885499997994,3.0476190476190474
1750,18,29,25,1.65,0.46031746031746035,0.47696960070847283,3.15
1751,18,29,27,1.7,0.4765625,0.39999999999999997,3.2
1752,18,27,30,1.7,0.5182291666666667,0.39999999999999997,3.2
1753,18,29,29,1.7,0.49739583333333337,0.39999999999999997,3.2
1754,17,29,30,1.6666666666666667,0.5052083333333334,0.21295885499997994,3.0476190476190474
1755,17,29,30,1.6666666666666667,0.5052083333333334,0.21295885499997994,3.0476190476190474
1756,18,29,28,1.7,0.48958333333333337,0.39999999999999997,3.2
1757,17,29,28,1.6666666666666667,0.48697916666666663,0.21295885499997994,3.0476190476190474
1758,18,29,30,1.7,0.5,0.39999999999999997,3.2
1759,18,29,32,1.65,0.5238095238095238,0.47696960070847283,3.15
1760,18,30,28,1.7,0.48177083333333337,0.39999999999999997,3.2
1761,18,32,28,1.7,0.4635416666666667,0.39999999999999997,3.2
1762,19,30,29,1.736842105263158,0.4921875,0.4823763889427201,3.3684210526315788
1763,17,29,29,1.6666666666666667,0.49739583333333337,0.21295885499997994,3.0476190476190474
1764,17,24,31,1.6666666666666667,0.546875,0.21295885499997994,3.0476190476190474
1765,17,30,28,1.6666666666666667,0.48177083333333337,0.21295885499997994,3.0476190476190474
1766,18,29,29,1.65,0.4973544973544974,0.47696960070847283,3.15
1767,17,26,30,1.6666666666666667,0.5234375,0.21295885499997994,3.0476190476190474
1768,17,26,29,1.6666666666666667,0.5130208333333333,0.21295885499997994,3.0476190476190474
1769,17,27,29,1.6666666666666667,0.5078125,0.21295885499997994,3.0476190476190474
1770,18,30,30,1.7,0.49739583333333337,0.39999999999999997,3.2
1771,18,29,29,1.7,0.49479166666666663,0.39999999999999997,3.2
1772,17,28,31,1.6666666666666667,0.5234375,0.21295885499997994,3.0476190476190474
1773,17,29,30,1.6666666666666667,0.5052083333333334,0.21295885499997994,3.0476190476190474
1774,18,29,30,1.7,0.5052083333333334,0.39999999999999997,3.2
1775,17,26,30,1.6666666666666667,0.5286458333333334,0.21295885499997994,3.0476190476190474
1776,18,29,29,1.7,0.49479166666666663,0.39999999999999997,3.2
1777,18,30,26,1.7,0.46354166666666674,0.39999999999999997,3.2
1778,17,31,30,1.6666666666666667,0.48958333333333337,0.21295885499997994,3.0476190476190474
1779,17,27,29,1.6666666666666667,0.5104166666666666,0.21295885499997994,3.0476190476190474
1780,18,30,29,1.7,0.48958333333333337,0.39999999999999997,3.2
1781,18,32,27,1.7,0.45833333333333337,0.39999999999999997,3.2
1782,17,28,28,1.6666666666666667,0.49739583333333337,0.21295885499997994,3.0476190476190474
1783,17,33,25,1.6666666666666667,0.43489583333333337,0.21295885499997994,3.0476190476190474
1784,18,28,30,1.65,0.5132275132275133,0.47696960070847283,3.15
1785,19,27,30,1.736842105263158,0.5182291666666666,0.4823763889427201,3.3684210526315788
1786,17,30,29,1.6666666666666667,0.4921875,0.21295885499997994,3.0476190476190474
1787,18,31,28,1.7,0.4739583333333333,0.39999999999999997,3.2
1788,17,29,28,1.6666666666666667,0.48958333333333337,0.21295885499997994,3.0476190476190474
1789,17,32,24,1.619047619047619,0.4365079365079365,0.3086066999241838,3.0
1790,17,32,28,1.6666666666666667,0.46354166666666663,0.21295885499997994,3.0476190476190474
1791,18,26,30,1.7,0.5286458333333334,0.39999999999999997,3.2
1792,18,28,26,1.7,0.4765625,0.39999999999999997,3.2
1793,18,29,29,1.7,0.49739583333333337,0.39999999999999997,3.2
1794,18,28,30,1.7,0.5104166666666667,0.39999999999999997,3.2
1795,18,29,30,1.7,0.5052083333333334,0.39999999999999997,3.2
1796,18,33,27,1.7,0.453125,0.39999999999999997,3.2
1797,19,28,29,1.736842105263158,0.5026041666666667,0.48237638894272,3.3684210526315788
1798,18,23,30,1.7,0.546875,0.39999999999999997,3.2
1799,17,29,29,1.6666666666666667,0.49739583333333337,0.21295885499997994,3.0476190476190474
1800,18,28,29,1.7,0.5052083333333334,0.39999999999999997,3.2
1801,18,30,28,1.7,0.484375,0.39999999999999997,3.2
1802,17,30,30,1.6666666666666667,0.49739583333333337,0.21295885499997994,3.0476190476190474
1803,18,29,29,1.7,0.49739583333333337,0.39999999999999997,3.2
1804,18,27,32,1.7,0.5364583333333334,0.39999999999999997,3.2
1805,18,29,27,1.7,0.48177083333333337,0.39999999999999997,3.2
1806,18,28,29,1.7,0.5,0.39999999999999997,3.2
1807,18,28,30,1.7,0.5130208333333334,0.39999999999999997,3.2
1808,19,30,28,1.736842105263158,0.48177083333333337,0.4823763889427201,3.3684210526315788
1809,17,33,26,1.6666666666666667,0.44270833333333337,0.21295885499997994,3.0476190476190474
1810,18,28,29,1.7,0.5026041666666667,0.39999999999999997,3.2
1811,17,29,29,1.6666666666666667,0.49739583333333337,0.21295885499997994,3.0476190476190474
1812,18,31,27,1.7,0.46614583333333337,0.39999999999999997,3.2
1813,17,29,29,1.6666666666666667,0.49739583333333337,0.21295885499997994,3.0476190476190474
1814,18,30,28,1.7,0.4791666666666667,0.39999999999999997,3.2
1815,17,26,31,1.6666666666666667,0.5364583333333334,0.21295885499997994,3.0476190476190474
1816,18,27,30,1.7,0.5182291666666666,0.39999999999999997,3.2
1817,18,26,30,1.65,0.5291005291005292,0.47696960070847283,3.15
1818,18,32,27,1.7,0.45833333333333337,0.39999999999999997,3.2
1819,18,26,29,1.7,0.515625,0.39999999999999997,3.2
1820,18,28,28,1.7,0.4921875,0.39999999999999997,3.2
1821,18,29,30,1.7,0.5052083333333334,0.39999999999999997,3.2
1822,17,26,28,1.6666666666666667,0.5078125,0.21295885499997994,3.0476190476190474
1823,18,30,26,1.7,0.46093750000000006,0.39999999999999997,3.2
1824,18,29,31,1.7,0.5130208333333334,0.39999999999999997,3.2
1825,17,25,31,1.6666666666666667,0.5442708333333334,0.21295885499997994,3.0476190476190474
1826,17,29,28,1.6666666666666667,0.48697916666666663,0.21295885499997994,3.0476190476190474
1827,17,30,28,1.6666666666666667,0.48177083333333337,0.21295885499997994,3.0476190476190474
1828,17,30,28,1.6666666666666667,0.47916666666666663,0.21295885499997994,3.0476190476190474
1829,17,29,30,1.6666666666666667,0.5052083333333334,0.21295885499997994,3.0476190476190474
1830,17,28,29,1.6666666666666667,0.5026041666666666,0.21295885499997994,3.0476190476190474
1831,19,32,27,1.736842105263158,0.4583333333333333,0.4823763889427201,3.3684210526315788
1832,17,27,29,1.6666666666666667,0.5104166666666666,0.21295885499997994,3.0476190476190474
1833,17,26,30,1.6666666666666667,0.5260416666666666,0.21295885499997994,3.0476190476190474
1834,18,28,30,1.7,0.5130208333333334,0.39999999999999997,3.2
1835,17,30,29,1.6666666666666667,0.4895833333333333,0.21295885499997994,3.0476190476190474
1836,18,32,27,1.7,0.4609375,0.39999999999999997,3.2
1837,17,31,26,1.6666666666666667,0.4557291666666667,0.21295885499997994,3.0476190476190474
1838,17,30,30,1.6666666666666667,0.49739583333333337,0.21295885499997994,3.0476190476190474
1839,17,30,28,1.6666666666666667,0.4791666666666667,0.21295885499997994,3.0476190476190474
1840,18,31,28,1.7,0.47395833333333337,0.39999999999999997,3.2
1841,18,32,27,1.7,0.45833333333333337,0.39999999999999997,3.2
1842,17,30,30,1.6666666666666667,0.49739583333333337,0.21295885499997994,3.0476190476190474
1843,18,28,28,1.7,0.4947916666666667,0.39999999999999997,3.2
1844,18,29,29,1.7,0.49739583333333337,0.39999999999999997,3.2
1845,19,27,30,1.736842105263158,0.5182291666666667,0.4823763889427201,3.3684210526315788
1846,17,29,30,1.6666666666666667,0.5052083333333334,0.21295885499997994,3.0476190476190474
1847,17,25,32,1.619047619047619,0.5502645502645502,0.3086066999241838,3.0
1848,17,24,30,1.6666666666666667,0.5390625,0.21295885499997994,3.0476190476190474
1849,17,26,30,1.6666666666666667,0.5260416666666667,0.21295885499997994,3.0476190476190474
1850,18,28,29,1.7,0.5052083333333333,0.39999999999999997,3.2
1851,18,27,30,1.7,0.5182291666666666,0.39999999999999997,3.2
1852,18,28,30,1.7,0.5130208333333334,0.39999999999999997,3.2
1853,18,26,30,1.7,0.5234375,0.39999999999999997,3.2
1854,19,27,30,1.6842105263157894,0.5211640211640212,0.5668594533825794,3.3157894736842106
1855,18,25,30,1.7,0.5286458333333334,0.39999999999999997,3.2
1856,17,28,30,1.6666666666666667,0.5130208333333334,0.21295885499997994,3.0476190476190474
1857,18,25,30,1.7,0.53125,0.39999999999999997,3.2
1858,18,23,31,1.65,0.5502645502645503,0.47696960070847283,3.15
1859,17,29,25,1.6666666666666667,0.45572916666666663,0.21295885499997994,3.0476190476190474
1860,17,26,30,1.6666666666666667,0.5234375,0.21295885499997994,3.0476190476190474
1861,17,32,28,1.6666666666666667,0.46614583333333337,0.21295885499997994,3.0476190476190474
1862,18,32,29,1.7,0.4765625,0.39999999999999997,3.2
1863,18,37,22,1.7,0.3802083333333333,0.39999999999999997,3.2
1864,18,29,30,1.7,0.5052083333333334,0.39999999999999997,3.2
1865,18,26,31,1.7,0.53125,0.39999999999999997,3.2
1866,17,29,30,1.6666666666666667,0.5052083333333334,0.21295885499997994,3.0476190476190474
1867,17,30,28,1.6666666666666667,0.47916666666666663,0.21295885499997994,3.0476190476190474
1868,17,28,30,1.6666666666666667,0.5130208333333334,0.21295885499997994,3.0476190476190474
1869,17,31,29,1.6666666666666667,0.48177083333333337,0.21295885499997994,3.0476190476190474
1870,18,26,31,1.65,0.5370370370370371,0.47696960070847283,3.15
1871,18,30,28,1.7,0.48177083333333337,0.39999999999999997,3.2
1872,18,29,28,1.7,0.48958333333333337,0.39999999999999997,3.2
1873,18,31,29,1.7,0.48177083333333337,0.39999999999999997,3.2
1874,19,27,30,1.6842105263157894,0.5211640211640212,0.5668594533825794,3.3157894736842106
1875,19,29,27,1.736842105263158,0.47395833333333337,0.4823763889427201,3.3684210526315788
1876,18,28,29,1.7,0.5026041666666666,0.39999999999999997,3.2
1877,18,28,29,1.7,0.5026041666666667,0.39999999999999997,3.2
1878,18,28,30,1.7,0.5130208333333334,0.39999999999999997,3.2
1879,17,28,31,1.6666666666666667,0.5208333333333334,0.21295885499997994,3.0476190476190474
1880,17,34,22,1.6666666666666667,0.4010416666666667,0.21295885499997994,3.0476190476190474
1881,17,27,30,1.6666666666666667,0.5182291666666666,0.21295885499997994,3.0476190476190474
1882,18,29,29,1.7,0.49739583333333337,0.39999999999999997,3.2
1883,18,25,28,1.65,0.5132275132275131,0.47696960070847283,3.15
1884,19,25,31,1.6842105263157894,0.544973544973545,0.5668594533825794,3.3157894736842106
1885,17,28,27,1.6666666666666667,0.484375,0.21295885499997994,3.0476190476190474
1886,17,27,29,1.6666666666666667,0.5130208333333334,0.21295885499997994,3.0476190476190474
1888,17,26,32,1.6666666666666667,0.5416666666666667,0.21295885499997994,3.0476190476190474
1889,17,26,32,1.6666666666666667,0.5416666666666667,0.21295885499997994,3.0476190476190474
1890,17,26,32,1.6666666666666667,0.5416666666666667,0.21295885499997994,3.0476190476190474
1891,17,26,32,1.6666666666666667,0.5416666666666667,0.21295885499997994,3.0476190476190474
1892,17,26,32,1.6666666666666667,0.5416666666666667,0.21295885499997994,3.0476190476190474
1893,17,26,32,1.6666666666666667,0.5416666666666667,0.21295885499997994,3.0476190476190474
1894,17,26,32,1.6666666666666667,0.5416666666666667,0.21295885499997994,3.0476190476190474
1895,17,26,32,1.6666666666666667,0.5416666666666667,0.21295885499997994,3.0476190476190474
1896,17,26,32,1.6666666666666667,0.5416666666666667,0.21295885499997994,3.0476190476190474
1897,17,26,32,1.6666666666666667,0.5416666666666667,0.21295885499997994,3.0476190476190474
