Episode,Desafios_sin_equipo,Estudiantes_fuera_preferencias,Estudiantes_primera_prioridad,Promedio_carreras_por_equipo,Satisfaccion_promedio,STD_tamano_equipos,Tamano_promedio_equipo
2,17,59,1,1.7142857142857142,0.04427083333333333,0.21295885499997994,3.0476190476190474
3,18,60,1,1.75,0.033854166666666664,0.39999999999999997,3.2
4,18,60,1,1.75,0.0390625,0.39999999999999997,3.2
5,18,61,1,1.75,0.028645833333333332,0.39999999999999997,3.2
6,18,61,0,1.75,0.015625,0.39999999999999997,3.2
7,19,58,2,1.7894736842105263,0.05729166666666666,0.4823763889427201,3.3684210526315788
8,18,61,1,1.75,0.028645833333333332,0.39999999999999997,3.2
9,19,57,1,1.7894736842105263,0.05208333333333333,0.4823763889427201,3.3684210526315788
10,17,57,4,1.7142857142857142,0.08072916666666667,0.21295885499997994,3.0476190476190474
11,17,55,1,1.7142857142857142,0.07552083333333333,0.21295885499997994,3.0476190476190474
12,17,62,0,1.6666666666666667,0.015625,0.21295885499997994,3.0476190476190474
13,18,59,2,1.75,0.05208333333333333,0.39999999999999997,3.2
14,19,61,1,1.7894736842105263,0.028645833333333332,0.4823763889427201,3.3684210526315788
15,18,59,1,1.75,0.041666666666666664,0.39999999999999997,3.2
16,18,58,4,1.75,0.07552083333333333,0.39999999999999997,3.2
17,19,62,1,1.7894736842105263,0.0234375,0.4823763889427201,3.3684210526315788
18,18,60,1,1.75,0.03645833333333333,0.39999999999999997,3.2
19,19,54,6,1.7894736842105263,0.1171875,0.4823763889427201,3.3684210526315788
20,18,61,2,1.75,0.0390625,0.39999999999999997,3.2
21,18,55,3,1.75,0.08854166666666666,0.39999999999999997,3.2
22,18,63,1,1.75,0.015625,0.39999999999999997,3.2
23,18,62,2,1.75,0.03125,0.39999999999999997,3.2
24,17,55,2,1.7142857142857142,0.0703125,0.21295885499997994,3.0476190476190474
25,18,60,1,1.75,0.0390625,0.39999999999999997,3.2
26,17,60,1,1.6666666666666667,0.033854166666666664,0.21295885499997994,3.0476190476190474
27,18,60,2,1.75,0.04427083333333333,0.39999999999999997,3.2
28,18,63,1,1.75,0.015625,0.39999999999999997,3.2
29,19,60,0,1.7894736842105263,0.020833333333333332,0.4823763889427201,3.3684210526315788
30,18,59,3,1.75,0.05729166666666667,0.39999999999999997,3.2
31,18,60,0,1.75,0.03125,0.39999999999999997,3.2
32,19,58,3,1.7894736842105263,0.06510416666666666,0.4823763889427201,3.3684210526315788
33,18,57,1,1.75,0.057291666666666664,0.39999999999999997,3.2
34,18,60,1,1.75,0.03645833333333333,0.39999999999999997,3.2
35,17,63,0,1.7142857142857142,0.0078125,0.21295885499997994,3.0476190476190474
36,18,58,3,1.75,0.06510416666666666,0.39999999999999997,3.2
37,17,58,3,1.7142857142857142,0.0625,0.21295885499997994,3.0476190476190474
38,18,59,2,1.75,0.049479166666666664,0.39999999999999997,3.2
39,17,63,0,1.7142857142857142,0.005208333333333333,0.21295885499997994,3.0476190476190474
40,20,56,3,1.8333333333333333,0.07552083333333333,0.49690399499995325,3.5555555555555554
41,19,60,1,1.7894736842105263,0.0390625,0.4823763889427201,3.3684210526315788
42,18,60,1,1.75,0.033854166666666664,0.39999999999999997,3.2
43,18,56,4,1.75,0.08333333333333333,0.39999999999999997,3.2
44,17,58,3,1.6666666666666667,0.06510416666666667,0.21295885499997994,3.0476190476190474
45,18,59,1,1.75,0.041666666666666664,0.39999999999999997,3.2
46,18,59,2,1.75,0.05208333333333333,0.39999999999999997,3.2
47,18,61,0,1.7,0.013227513227513227,0.47696960070847283,3.15
48,18,59,2,1.75,0.05208333333333333,0.39999999999999997,3.2
49,18,59,1,1.75,0.0390625,0.39999999999999997,3.2
50,18,62,0,1.75,0.015625,0.39999999999999997,3.2
51,17,58,3,1.7142857142857142,0.06770833333333333,0.21295885499997994,3.0476190476190474
52,19,62,0,1.7894736842105263,0.015625,0.4823763889427201,3.3684210526315788
53,18,56,1,1.75,0.06770833333333333,0.39999999999999997,3.2
54,17,57,3,1.7142857142857142,0.07552083333333333,0.21295885499997994,3.0476190476190474
55,18,61,1,1.7,0.028645833333333332,0.39999999999999997,3.2
56,17,62,1,1.7142857142857142,0.020833333333333332,0.21295885499997994,3.0476190476190474
57,18,62,0,1.75,0.013020833333333332,0.39999999999999997,3.2
58,17,56,1,1.7142857142857142,0.0546875,0.21295885499997994,3.0476190476190474
59,17,59,3,1.6666666666666667,0.057291666666666664,0.21295885499997994,3.0476190476190474
60,17,55,2,1.7142857142857142,0.08072916666666666,0.21295885499997994,3.0476190476190474
61,17,57,2,1.6666666666666667,0.06249999999999999,0.21295885499997994,3.0476190476190474
62,18,60,1,1.75,0.03645833333333333,0.39999999999999997,3.2
63,17,60,3,1.7142857142857142,0.0546875,0.21295885499997994,3.0476190476190474
64,18,62,0,1.75,0.013020833333333332,0.39999999999999997,3.2
65,17,59,3,1.7142857142857142,0.05989583333333333,0.21295885499997994,3.0476190476190474
66,17,61,2,1.7142857142857142,0.03645833333333333,0.21295885499997994,3.0476190476190474
67,18,61,1,1.75,0.028645833333333332,0.39999999999999997,3.2
68,17,60,1,1.7142857142857142,0.033854166666666664,0.21295885499997994,3.0476190476190474
69,19,61,2,1.7894736842105263,0.03645833333333333,0.4823763889427201,3.3684210526315788
70,17,61,1,1.7142857142857142,0.028645833333333332,0.21295885499997994,3.0476190476190474
71,18,60,1,1.75,0.033854166666666664,0.39999999999999997,3.2
72,18,61,1,1.75,0.028645833333333332,0.39999999999999997,3.2
73,18,61,1,1.75,0.028645833333333332,0.39999999999999997,3.2
74,17,62,0,1.7142857142857142,0.010416666666666666,0.21295885499997994,3.0476190476190474
75,18,56,1,1.75,0.06510416666666666,0.39999999999999997,3.2
76,18,59,2,1.7,0.05208333333333333,0.39999999999999997,3.2
77,18,58,1,1.75,0.04427083333333333,0.39999999999999997,3.2
78,18,61,1,1.75,0.026041666666666664,0.39999999999999997,3.2
79,19,61,3,1.7894736842105263,0.046875,0.48237638894272,3.3684210526315788
80,17,59,0,1.6666666666666667,0.031249999999999997,0.21295885499997994,3.0476190476190474
81,18,57,4,1.75,0.0859375,0.39999999999999997,3.2
82,17,61,2,1.7142857142857142,0.036458333333333336,0.21295885499997994,3.0476190476190474
83,18,59,2,1.75,0.052083333333333336,0.39999999999999997,3.2
84,17,58,1,1.7142857142857142,0.04687499999999999,0.21295885499997994,3.0476190476190474
85,17,59,2,1.7142857142857142,0.049479166666666664,0.21295885499997994,3.0476190476190474
86,19,59,1,1.7894736842105263,0.041666666666666664,0.4823763889427201,3.3684210526315788
87,19,56,2,1.7894736842105263,0.0703125,0.4823763889427201,3.3684210526315788
88,17,63,1,1.7142857142857142,0.015625,0.21295885499997994,3.0476190476190474
89,18,52,4,1.75,0.11458333333333333,0.39999999999999997,3.2
90,18,61,1,1.75,0.028645833333333332,0.39999999999999997,3.2
91,17,57,2,1.7142857142857142,0.06770833333333333,0.21295885499997994,3.0476190476190474
92,17,58,2,1.6666666666666667,0.057291666666666664,0.21295885499997994,3.0476190476190474
93,18,61,2,1.75,0.036458333333333336,0.39999999999999997,3.2
94,17,55,4,1.7142857142857142,0.09635416666666666,0.21295885499997994,3.0476190476190474
95,18,62,0,1.75,0.015625,0.39999999999999997,3.2
96,18,58,0,1.75,0.041666666666666664,0.39999999999999997,3.2
97,19,57,3,1.7894736842105263,0.07552083333333334,0.4823763889427201,3.3684210526315788
98,18,55,2,1.75,0.07552083333333333,0.39999999999999997,3.2
99,17,60,0,1.7142857142857142,0.026041666666666664,0.21295885499997994,3.0476190476190474
100,17,57,0,1.6666666666666667,0.037037037037037035,0.3086066999241838,3.0
101,18,58,2,1.75,0.057291666666666664,0.39999999999999997,3.2
102,19,56,0,1.7894736842105263,0.05208333333333333,0.4823763889427201,3.3684210526315788
103,18,60,3,1.75,0.0546875,0.39999999999999997,3.2
104,17,59,2,1.7142857142857142,0.04947916666666666,0.21295885499997994,3.0476190476190474
105,18,61,0,1.75,0.018229166666666664,0.39999999999999997,3.2
106,17,61,2,1.7142857142857142,0.03645833333333333,0.21295885499997994,3.0476190476190474
107,18,58,3,1.75,0.0703125,0.39999999999999997,3.2
108,18,60,1,1.75,0.03645833333333333,0.39999999999999997,3.2
109,17,59,2,1.7142857142857142,0.05208333333333333,0.21295885499997994,3.0476190476190474
110,17,60,0,1.7142857142857142,0.026041666666666664,0.21295885499997994,3.0476190476190474
111,18,61,2,1.75,0.0390625,0.39999999999999997,3.2
112,18,61,1,1.75,0.03125,0.39999999999999997,3.2
113,17,63,0,1.7142857142857142,0.0078125,0.21295885499997994,3.0476190476190474
114,17,61,2,1.7142857142857142,0.0390625,0.21295885499997994,3.0476190476190474
115,19,60,0,1.7894736842105263,0.023437499999999997,0.4823763889427201,3.3684210526315788
116,17,60,1,1.7142857142857142,0.033854166666666664,0.21295885499997994,3.0476190476190474
117,17,58,2,1.7142857142857142,0.05989583333333333,0.21295885499997994,3.0476190476190474
118,18,58,1,1.75,0.044270833333333336,0.39999999999999997,3.2
119,17,59,3,1.7142857142857142,0.05989583333333333,0.21295885499997994,3.0476190476190474
120,18,58,1,1.75,0.04947916666666666,0.39999999999999997,3.2
121,17,59,3,1.7142857142857142,0.0625,0.21295885499997994,3.0476190476190474
122,19,57,5,1.7894736842105263,0.08854166666666666,0.4823763889427201,3.3684210526315788
123,18,61,0,1.75,0.020833333333333332,0.39999999999999997,3.2
124,17,57,2,1.7142857142857142,0.06510416666666666,0.21295885499997994,3.0476190476190474
125,18,61,0,1.75,0.018229166666666664,0.39999999999999997,3.2
126,18,61,1,1.75,0.028645833333333332,0.39999999999999997,3.2
127,19,57,4,1.736842105263158,0.08333333333333334,0.4823763889427201,3.3684210526315788
128,18,60,2,1.75,0.04427083333333333,0.39999999999999997,3.2
129,18,59,3,1.65,0.05989583333333333,0.39999999999999997,3.2
130,17,62,0,1.7142857142857142,0.013020833333333332,0.21295885499997994,3.0476190476190474
131,19,61,3,1.736842105263158,0.046875,0.4823763889427201,3.3684210526315788
132,18,58,2,1.75,0.0546875,0.39999999999999997,3.2
133,17,60,0,1.7142857142857142,0.026041666666666664,0.21295885499997994,3.0476190476190474
134,17,60,3,1.7142857142857142,0.05208333333333333,0.21295885499997994,3.0476190476190474
135,18,63,1,1.75,0.015625,0.39999999999999997,3.2
136,17,55,7,1.7142857142857142,0.12239583333333333,0.21295885499997994,3.0476190476190474
137,18,59,3,1.75,0.057291666666666664,0.39999999999999997,3.2
138,18,58,3,1.75,0.06770833333333333,0.39999999999999997,3.2
139,17,63,1,1.7142857142857142,0.015625,0.21295885499997994,3.0476190476190474
140,18,57,3,1.75,0.07291666666666666,0.39999999999999997,3.2
141,18,60,2,1.75,0.046875,0.39999999999999997,3.2
142,17,59,0,1.7142857142857142,0.03125,0.21295885499997994,3.0476190476190474
143,19,59,1,1.7894736842105263,0.0390625,0.4823763889427201,3.3684210526315788
144,17,60,0,1.7142857142857142,0.0234375,0.21295885499997994,3.0476190476190474
145,17,57,4,1.7142857142857142,0.08072916666666666,0.21295885499997994,3.0476190476190474
146,17,55,3,1.6666666666666667,0.0859375,0.21295885499997994,3.0476190476190474
147,19,59,3,1.7894736842105263,0.05989583333333333,0.4823763889427201,3.3684210526315788
148,17,56,5,1.7142857142857142,0.09635416666666666,0.21295885499997994,3.0476190476190474
149,19,54,4,1.736842105263158,0.10677083333333333,0.4823763889427201,3.3684210526315788
150,17,59,0,1.7142857142857142,0.031249999999999997,0.21295885499997994,3.0476190476190474
151,19,61,2,1.7894736842105263,0.03645833333333333,0.4823763889427201,3.3684210526315788
152,19,58,4,1.7894736842105263,0.078125,0.48237638894272,3.3684210526315788
153,18,60,1,1.7,0.03645833333333333,0.39999999999999997,3.2
154,18,56,1,1.75,0.057291666666666664,0.39999999999999997,3.2
155,17,56,2,1.7142857142857142,0.06770833333333333,0.21295885499997994,3.0476190476190474
156,18,59,3,1.75,0.05989583333333333,0.39999999999999997,3.2
157,18,61,1,1.75,0.026041666666666664,0.39999999999999997,3.2
158,18,56,4,1.75,0.09114583333333333,0.39999999999999997,3.2
159,17,60,0,1.7142857142857142,0.026041666666666664,0.21295885499997994,3.0476190476190474
160,18,57,4,1.75,0.08072916666666666,0.39999999999999997,3.2
161,18,56,4,1.75,0.09375,0.39999999999999997,3.2
162,17,62,2,1.7142857142857142,0.03125,0.21295885499997994,3.0476190476190474
163,18,57,3,1.7,0.06613756613756615,0.47696960070847283,3.15
164,18,60,2,1.75,0.041666666666666664,0.39999999999999997,3.2
165,17,55,1,1.6666666666666667,0.06770833333333333,0.21295885499997994,3.0476190476190474
166,17,57,1,1.7142857142857142,0.0546875,0.21295885499997994,3.0476190476190474
167,18,58,3,1.75,0.06770833333333334,0.39999999999999997,3.2
168,18,59,0,1.75,0.02864583333333333,0.39999999999999997,3.2
169,17,60,0,1.7142857142857142,0.026041666666666664,0.21295885499997994,3.0476190476190474
170,18,54,5,1.75,0.11197916666666666,0.39999999999999997,3.2
171,18,53,4,1.75,0.10677083333333331,0.39999999999999997,3.2
172,18,60,3,1.75,0.05208333333333333,0.39999999999999997,3.2
173,19,53,5,1.7894736842105263,0.11979166666666666,0.48237638894272,3.3684210526315788
174,18,53,1,1.75,0.08333333333333333,0.39999999999999997,3.2
175,19,56,3,1.7894736842105263,0.08072916666666666,0.4823763889427201,3.3684210526315788
176,19,59,3,1.7894736842105263,0.05989583333333333,0.4823763889427201,3.3684210526315788
177,18,58,2,1.75,0.057291666666666664,0.39999999999999997,3.2
178,18,57,1,1.75,0.057291666666666664,0.39999999999999997,3.2
179,18,59,2,1.75,0.049479166666666664,0.39999999999999997,3.2
180,18,56,1,1.75,0.0625,0.39999999999999997,3.2
181,17,57,2,1.6666666666666667,0.0703125,0.21295885499997994,3.0476190476190474
182,17,59,3,1.7142857142857142,0.05729166666666666,0.21295885499997994,3.0476190476190474
183,19,54,4,1.7894736842105263,0.1015625,0.48237638894272,3.3684210526315788
184,17,58,2,1.7142857142857142,0.05989583333333333,0.21295885499997994,3.0476190476190474
185,18,58,4,1.75,0.078125,0.39999999999999997,3.2
186,18,58,2,1.75,0.057291666666666664,0.39999999999999997,3.2
187,18,60,1,1.75,0.0390625,0.39999999999999997,3.2
188,18,60,1,1.75,0.033854166666666664,0.39999999999999997,3.2
189,19,58,1,1.7894736842105263,0.046875,0.4823763889427201,3.3684210526315788
190,19,52,5,1.7894736842105263,0.125,0.4823763889427201,3.3684210526315788
191,19,60,2,1.7894736842105263,0.04427083333333333,0.48237638894272,3.3684210526315788
192,19,58,0,1.7894736842105263,0.041666666666666664,0.4823763889427201,3.3684210526315788
193,18,56,2,1.75,0.06510416666666666,0.39999999999999997,3.2
194,18,56,2,1.75,0.06770833333333333,0.39999999999999997,3.2
195,18,60,1,1.7,0.036458333333333336,0.39999999999999997,3.2
196,17,54,3,1.6666666666666667,0.08730158730158728,0.3086066999241838,3.0
197,19,59,0,1.7894736842105263,0.033854166666666664,0.4823763889427201,3.3684210526315788
198,18,56,2,1.75,0.07291666666666666,0.39999999999999997,3.2
199,19,57,3,1.7894736842105263,0.07291666666666666,0.48237638894272,3.3684210526315788
200,19,57,2,1.7894736842105263,0.0625,0.4823763889427201,3.3684210526315788
201,18,58,2,1.75,0.05989583333333333,0.39999999999999997,3.2
202,18,51,6,1.75,0.14322916666666666,0.39999999999999997,3.2
203,19,59,1,1.7894736842105263,0.041666666666666664,0.4823763889427201,3.3684210526315788
204,17,57,2,1.7142857142857142,0.0625,0.21295885499997994,3.0476190476190474
205,17,58,2,1.7142857142857142,0.0546875,0.21295885499997994,3.0476190476190474
206,18,54,4,1.75,0.1015625,0.39999999999999997,3.2
207,17,55,3,1.5714285714285714,0.08465608465608465,0.3086066999241838,3.0
208,20,56,3,1.8333333333333333,0.078125,0.49690399499995325,3.5555555555555554
209,17,60,0,1.7142857142857142,0.028645833333333332,0.21295885499997994,3.0476190476190474
210,19,56,3,1.7894736842105263,0.08072916666666666,0.4823763889427201,3.3684210526315788
211,19,58,3,1.7894736842105263,0.06510416666666666,0.4823763889427201,3.3684210526315788
212,18,55,6,1.75,0.109375,0.39999999999999997,3.2
213,19,56,3,1.7894736842105263,0.08072916666666666,0.4823763889427201,3.3684210526315788
214,19,56,1,1.7894736842105263,0.06249999999999999,0.4823763889427201,3.3684210526315788
215,18,60,1,1.75,0.03645833333333333,0.39999999999999997,3.2
216,17,57,3,1.7142857142857142,0.078125,0.21295885499997994,3.0476190476190474
217,18,55,4,1.75,0.09895833333333333,0.39999999999999997,3.2
218,19,54,4,1.7894736842105263,0.09895833333333333,0.4823763889427201,3.3684210526315788
219,18,54,4,1.75,0.1015625,0.39999999999999997,3.2
220,18,57,2,1.75,0.06510416666666666,0.39999999999999997,3.2
221,19,57,3,1.7894736842105263,0.07291666666666666,0.4823763889427201,3.3684210526315788
222,18,60,2,1.75,0.041666666666666664,0.39999999999999997,3.2
223,18,55,5,1.75,0.109375,0.39999999999999997,3.2
224,19,56,4,1.7894736842105263,0.09114583333333333,0.4823763889427201,3.3684210526315788
225,18,54,4,1.75,0.10677083333333334,0.39999999999999997,3.2
226,18,57,1,1.75,0.057291666666666664,0.39999999999999997,3.2
227,18,59,1,1.75,0.04427083333333333,0.39999999999999997,3.2
228,18,56,2,1.75,0.07552083333333333,0.39999999999999997,3.2
229,19,60,2,1.7894736842105263,0.041666666666666664,0.4823763889427201,3.3684210526315788
230,19,61,1,1.736842105263158,0.023809523809523808,0.5668594533825794,3.3157894736842106
231,19,54,4,1.7894736842105263,0.10677083333333333,0.4823763889427201,3.3684210526315788
232,18,57,2,1.65,0.05555555555555555,0.47696960070847283,3.15
233,18,57,2,1.75,0.06770833333333334,0.39999999999999997,3.2
234,19,58,3,1.7894736842105263,0.06510416666666666,0.4823763889427201,3.3684210526315788
235,20,54,2,1.8333333333333333,0.08593749999999999,0.49690399499995325,3.5555555555555554
236,19,53,1,1.736842105263158,0.0859375,0.4823763889427201,3.3684210526315788
237,20,54,5,1.8333333333333333,0.10937499999999999,0.49690399499995325,3.5555555555555554
238,19,57,5,1.7894736842105263,0.09114583333333334,0.48237638894272,3.3684210526315788
239,18,59,3,1.75,0.0625,0.39999999999999997,3.2
240,18,56,5,1.7,0.09895833333333333,0.39999999999999997,3.2
241,20,52,3,1.8333333333333333,0.10416666666666666,0.49690399499995325,3.5555555555555554
242,19,60,1,1.7894736842105263,0.03645833333333333,0.4823763889427201,3.3684210526315788
243,18,55,1,1.7,0.0625,0.39999999999999997,3.2
244,17,56,1,1.7142857142857142,0.05989583333333333,0.21295885499997994,3.0476190476190474
245,18,55,4,1.75,0.09114583333333333,0.39999999999999997,3.2
246,18,60,2,1.75,0.046875,0.39999999999999997,3.2
247,18,53,6,1.75,0.125,0.39999999999999997,3.2
248,18,57,4,1.75,0.0859375,0.39999999999999997,3.2
249,19,56,2,1.7894736842105263,0.07291666666666666,0.4823763889427201,3.3684210526315788
250,18,54,4,1.75,0.1015625,0.39999999999999997,3.2
251,19,53,5,1.7894736842105263,0.11979166666666666,0.4823763889427201,3.3684210526315788
252,19,54,2,1.7894736842105263,0.0859375,0.48237638894272,3.3684210526315788
253,19,52,6,1.6842105263157894,0.12433862433862433,0.5668594533825794,3.3157894736842106
254,17,55,4,1.7142857142857142,0.09375,0.21295885499997994,3.0476190476190474
255,19,54,4,1.7894736842105263,0.10416666666666667,0.4823763889427201,3.3684210526315788
256,19,55,6,1.7894736842105263,0.11197916666666666,0.4823763889427201,3.3684210526315788
257,19,55,2,1.7894736842105263,0.078125,0.4823763889427201,3.3684210526315788
258,19,53,3,1.7894736842105263,0.10416666666666666,0.4823763889427201,3.3684210526315788
259,19,58,3,1.7894736842105263,0.06510416666666666,0.4823763889427201,3.3684210526315788
260,19,50,7,1.736842105263158,0.15343915343915343,0.5668594533825794,3.3157894736842106
261,19,52,4,1.736842105263158,0.12239583333333333,0.4823763889427201,3.3684210526315788
262,19,53,5,1.7894736842105263,0.11458333333333333,0.4823763889427201,3.3684210526315788
263,18,56,3,1.75,0.078125,0.39999999999999997,3.2
264,19,59,2,1.7894736842105263,0.0546875,0.4823763889427201,3.3684210526315788
265,19,56,5,1.7894736842105263,0.1015625,0.4823763889427201,3.3684210526315788
266,18,52,5,1.75,0.125,0.39999999999999997,3.2
267,19,56,3,1.7894736842105263,0.08072916666666666,0.4823763889427201,3.3684210526315788
268,19,56,4,1.7894736842105263,0.09114583333333333,0.4823763889427201,3.3684210526315788
269,19,52,7,1.736842105263158,0.14583333333333331,0.4823763889427201,3.3684210526315788
270,20,51,4,1.7777777777777777,0.1171875,0.49690399499995325,3.5555555555555554
271,17,55,3,1.6666666666666667,0.08333333333333334,0.21295885499997994,3.0476190476190474
272,18,48,6,1.7,0.15885416666666666,0.39999999999999997,3.2
273,18,55,5,1.75,0.10416666666666666,0.39999999999999997,3.2
274,18,53,5,1.7,0.11458333333333331,0.39999999999999997,3.2
275,18,54,8,1.7,0.13802083333333331,0.39999999999999997,3.2
276,19,53,5,1.7894736842105263,0.1171875,0.4823763889427201,3.3684210526315788
277,19,56,3,1.7894736842105263,0.08072916666666666,0.4823763889427201,3.3684210526315788
278,19,55,5,1.7894736842105263,0.10416666666666666,0.4823763889427201,3.3684210526315788
279,18,54,8,1.7,0.140625,0.39999999999999997,3.2
280,19,57,4,1.7894736842105263,0.0859375,0.4823763889427201,3.3684210526315788
281,19,56,3,1.7894736842105263,0.078125,0.4823763889427201,3.3684210526315788
282,18,50,7,1.75,0.15885416666666666,0.39999999999999997,3.2
283,19,49,5,1.736842105263158,0.14322916666666666,0.4823763889427201,3.3684210526315788
284,19,54,4,1.7894736842105263,0.1015625,0.4823763889427201,3.3684210526315788
285,19,54,6,1.6842105263157894,0.1164021164021164,0.5668594533825794,3.3157894736842106
286,18,53,3,1.7,0.09635416666666666,0.39999999999999997,3.2
287,18,54,3,1.7,0.09374999999999999,0.39999999999999997,3.2
288,18,55,5,1.75,0.10416666666666666,0.39999999999999997,3.2
289,19,52,5,1.7894736842105263,0.12499999999999999,0.4823763889427201,3.3684210526315788
290,19,58,4,1.7894736842105263,0.07552083333333333,0.4823763889427201,3.3684210526315788
291,20,58,2,1.8333333333333333,0.057291666666666664,0.49690399499995325,3.5555555555555554
292,20,54,6,1.7777777777777777,0.125,0.49690399499995325,3.5555555555555554
293,19,55,3,1.736842105263158,0.08854166666666666,0.4823763889427201,3.3684210526315788
294,19,53,8,1.7894736842105263,0.14322916666666666,0.4823763889427201,3.3684210526315788
295,20,54,3,1.8333333333333333,0.09114583333333333,0.49690399499995325,3.5555555555555554
296,18,50,9,1.7,0.171875,0.39999999999999997,3.2
297,19,53,6,1.7894736842105263,0.13020833333333334,0.48237638894272,3.3684210526315788
298,19,54,4,1.736842105263158,0.1015625,0.4823763889427201,3.3684210526315788
299,19,52,7,1.736842105263158,0.140625,0.4823763889427201,3.3684210526315788
300,19,46,4,1.7894736842105263,0.15625,0.4823763889427201,3.3684210526315788
301,17,51,6,1.6666666666666667,0.140625,0.21295885499997994,3.0476190476190474
302,20,51,7,1.7777777777777777,0.15104166666666666,0.49690399499995325,3.5555555555555554
303,19,53,7,1.736842105263158,0.1328125,0.4823763889427201,3.3684210526315788
304,17,56,3,1.7142857142857142,0.08072916666666666,0.21295885499997994,3.0476190476190474
305,20,55,5,1.8333333333333333,0.10677083333333333,0.49690399499995325,3.5555555555555554
306,18,49,7,1.75,0.16927083333333331,0.39999999999999997,3.2
307,20,54,6,1.7777777777777777,0.12239583333333333,0.49690399499995325,3.5555555555555554
308,20,53,5,1.7777777777777777,0.11979166666666666,0.49690399499995325,3.5555555555555554
309,18,56,4,1.75,0.09114583333333333,0.39999999999999997,3.2
310,19,55,5,1.736842105263158,0.10416666666666666,0.4823763889427201,3.3684210526315788
311,19,56,4,1.736842105263158,0.08854166666666666,0.4823763889427201,3.3684210526315788
312,18,54,5,1.65,0.10582010582010581,0.47696960070847283,3.15
313,19,54,6,1.736842105263158,0.1171875,0.4823763889427201,3.3684210526315788
314,18,53,4,1.7,0.10416666666666666,0.39999999999999997,3.2
315,19,47,9,1.736842105263158,0.19270833333333331,0.4823763889427201,3.3684210526315788
316,19,53,6,1.736842105263158,0.12760416666666666,0.48237638894272,3.3684210526315788
317,18,51,5,1.7,0.12760416666666666,0.39999999999999997,3.2
318,19,51,6,1.7894736842105263,0.140625,0.4823763889427201,3.3684210526315788
319,19,52,9,1.7894736842105263,0.16145833333333331,0.4823763889427201,3.3684210526315788
320,18,54,3,1.75,0.09375,0.39999999999999997,3.2
321,19,50,5,1.6842105263157894,0.12962962962962962,0.5668594533825794,3.3157894736842106
322,20,51,5,1.7777777777777777,0.13020833333333331,0.49690399499995325,3.5555555555555554
323,19,53,5,1.736842105263158,0.1171875,0.4823763889427201,3.3684210526315788
324,18,47,8,1.7,0.18489583333333331,0.39999999999999997,3.2
325,19,49,5,1.7894736842105263,0.14583333333333331,0.4823763889427201,3.3684210526315788
326,20,50,5,1.7777777777777777,0.1328125,0.49690399499995325,3.5555555555555554
327,19,48,8,1.7894736842105263,0.1796875,0.48237638894272,3.3684210526315788
328,18,53,6,1.7,0.12760416666666669,0.39999999999999997,3.2
329,18,53,3,1.75,0.09635416666666666,0.39999999999999997,3.2
330,18,53,5,1.75,0.11458333333333333,0.39999999999999997,3.2
331,19,56,5,1.7894736842105263,0.09635416666666666,0.4823763889427201,3.3684210526315788
332,18,56,4,1.75,0.09114583333333333,0.39999999999999997,3.2
333,18,53,6,1.65,0.13020833333333331,0.39999999999999997,3.2
334,19,49,7,1.7894736842105263,0.16927083333333331,0.4823763889427201,3.3684210526315788
335,18,52,6,1.75,0.1328125,0.39999999999999997,3.2
336,19,51,5,1.7894736842105263,0.12760416666666666,0.4823763889427201,3.3684210526315788
337,18,51,4,1.75,0.11979166666666667,0.39999999999999997,3.2
338,18,54,8,1.75,0.140625,0.39999999999999997,3.2
339,18,55,6,1.7,0.11458333333333333,0.39999999999999997,3.2
340,19,48,8,1.7894736842105263,0.18229166666666666,0.4823763889427201,3.3684210526315788
341,18,48,10,1.7,0.19791666666666666,0.39999999999999997,3.2
342,18,49,4,1.7,0.1328125,0.39999999999999997,3.2
343,19,52,7,1.736842105263158,0.140625,0.4823763889427201,3.3684210526315788
344,18,53,5,1.75,0.11718749999999999,0.39999999999999997,3.2
345,18,51,6,1.7,0.14583333333333334,0.39999999999999997,3.2
346,19,50,4,1.736842105263158,0.1328125,0.4823763889427201,3.3684210526315788
347,19,50,9,1.736842105263158,0.17447916666666666,0.4823763889427201,3.3684210526315788
348,18,55,4,1.75,0.09895833333333333,0.39999999999999997,3.2
349,19,50,3,1.7894736842105263,0.11458333333333331,0.4823763889427201,3.3684210526315788
350,19,47,5,1.7894736842105263,0.16927083333333331,0.4823763889427201,3.3684210526315788
351,19,54,7,1.7894736842105263,0.1328125,0.4823763889427201,3.3684210526315788
352,19,54,5,1.7894736842105263,0.11458333333333333,0.4823763889427201,3.3684210526315788
353,20,55,6,1.7777777777777777,0.11458333333333333,0.49690399499995325,3.5555555555555554
354,19,52,4,1.7894736842105263,0.1171875,0.4823763889427201,3.3684210526315788
355,18,52,5,1.7,0.12239583333333333,0.39999999999999997,3.2
356,19,47,9,1.736842105263158,0.19010416666666666,0.4823763889427201,3.3684210526315788
357,18,47,6,1.75,0.16927083333333331,0.39999999999999997,3.2
358,19,51,8,1.736842105263158,0.15625,0.4823763889427201,3.3684210526315788
359,20,50,9,1.7777777777777777,0.17447916666666669,0.49690399499995325,3.5555555555555554
360,18,49,5,1.65,0.14322916666666666,0.39999999999999997,3.2
361,19,49,7,1.736842105263158,0.1640625,0.4823763889427201,3.3684210526315788
362,18,51,7,1.7,0.1484375,0.39999999999999997,3.2
363,18,55,4,1.7,0.09635416666666666,0.39999999999999997,3.2
364,20,50,8,1.7777777777777777,0.16927083333333331,0.49690399499995325,3.5555555555555554
365,18,52,7,1.7,0.13802083333333331,0.39999999999999997,3.2
366,18,53,5,1.7,0.11979166666666666,0.39999999999999997,3.2
367,18,51,5,1.7,0.12962962962962962,0.47696960070847283,3.15
368,20,52,6,1.7777777777777777,0.13541666666666666,0.49690399499995325,3.5555555555555554
369,18,49,8,1.7,0.16927083333333331,0.39999999999999997,3.2
370,19,52,6,1.7894736842105263,0.13541666666666666,0.4823763889427201,3.3684210526315788
371,19,52,3,1.7894736842105263,0.10677083333333331,0.4823763889427201,3.3684210526315788
372,19,53,6,1.736842105263158,0.13020833333333331,0.4823763889427201,3.3684210526315788
373,18,51,6,1.7,0.14583333333333331,0.39999999999999997,3.2
374,19,49,9,1.7894736842105263,0.18489583333333334,0.4823763889427201,3.3684210526315788
375,19,48,7,1.736842105263158,0.17447916666666666,0.4823763889427201,3.3684210526315788
376,19,51,6,1.7894736842105263,0.14322916666666666,0.4823763889427201,3.3684210526315788
377,19,49,5,1.7894736842105263,0.140625,0.4823763889427201,3.3684210526315788
378,19,51,5,1.736842105263158,0.13541666666666666,0.4823763889427201,3.3684210526315788
379,18,48,7,1.7,0.17708333333333331,0.39999999999999997,3.2
380,19,54,7,1.736842105263158,0.1328125,0.4823763889427201,3.3684210526315788
381,19,49,8,1.736842105263158,0.171875,0.4823763889427201,3.3684210526315788
382,18,49,6,1.75,0.15625,0.39999999999999997,3.2
383,18,52,7,1.7,0.14583333333333331,0.39999999999999997,3.2
384,19,57,3,1.7894736842105263,0.07552083333333333,0.4823763889427201,3.3684210526315788
385,19,47,6,1.736842105263158,0.15873015873015872,0.5668594533825794,3.3157894736842106
386,20,50,10,1.8333333333333333,0.18489583333333334,0.49690399499995325,3.5555555555555554
387,19,46,10,1.7894736842105263,0.2109375,0.48237638894272,3.3684210526315788
388,19,46,8,1.736842105263158,0.19010416666666666,0.4823763889427201,3.3684210526315788
389,19,50,10,1.736842105263158,0.18229166666666669,0.4823763889427201,3.3684210526315788
390,18,49,7,1.75,0.16145833333333331,0.39999999999999997,3.2
391,19,48,7,1.7894736842105263,0.16927083333333331,0.4823763889427201,3.3684210526315788
392,18,48,9,1.7,0.19010416666666666,0.39999999999999997,3.2
393,18,48,7,1.75,0.171875,0.39999999999999997,3.2
394,18,53,8,1.7,0.14322916666666666,0.39999999999999997,3.2
395,18,50,8,1.7,0.1640625,0.39999999999999997,3.2
396,19,47,8,1.736842105263158,0.18489583333333331,0.4823763889427201,3.3684210526315788
397,19,51,10,1.6842105263157894,0.1796875,0.4823763889427201,3.3684210526315788
398,20,52,5,1.7777777777777777,0.13020833333333331,0.49690399499995325,3.5555555555555554
399,19,49,6,1.736842105263158,0.15364583333333331,0.4823763889427201,3.3684210526315788
400,18,49,7,1.75,0.1640625,0.39999999999999997,3.2
401,18,50,7,1.7,0.15625,0.39999999999999997,3.2
402,19,47,7,1.736842105263158,0.17447916666666666,0.4823763889427201,3.3684210526315788
403,20,53,5,1.8333333333333333,0.1171875,0.49690399499995325,3.5555555555555554
404,19,52,4,1.7894736842105263,0.12239583333333333,0.48237638894272,3.3684210526315788
405,18,48,6,1.75,0.16145833333333331,0.39999999999999997,3.2
406,19,51,8,1.736842105263158,0.1640625,0.4823763889427201,3.3684210526315788
407,18,51,8,1.75,0.16145833333333334,0.39999999999999997,3.2
408,19,55,2,1.7894736842105263,0.078125,0.4823763889427201,3.3684210526315788
409,20,47,8,1.7777777777777777,0.1875,0.49690399499995325,3.5555555555555554
410,20,48,8,1.7777777777777777,0.17708333333333331,0.49690399499995325,3.5555555555555554
411,19,52,7,1.7894736842105263,0.14583333333333334,0.4823763889427201,3.3684210526315788
412,19,47,10,1.6842105263157894,0.203125,0.4823763889427201,3.3684210526315788
413,19,51,6,1.736842105263158,0.13802083333333334,0.4823763889427201,3.3684210526315788
414,19,48,9,1.7894736842105263,0.19270833333333331,0.4823763889427201,3.3684210526315788
415,19,49,9,1.7894736842105263,0.17968750000000003,0.4823763889427201,3.3684210526315788
416,19,55,4,1.7894736842105263,0.09375,0.4823763889427201,3.3684210526315788
417,18,52,7,1.7,0.13541666666666666,0.39999999999999997,3.2
418,18,50,7,1.75,0.15885416666666666,0.39999999999999997,3.2
419,18,50,7,1.75,0.15625000000000003,0.39999999999999997,3.2
420,19,52,4,1.7894736842105263,0.11458333333333333,0.4823763889427201,3.3684210526315788
421,18,48,5,1.7,0.15364583333333331,0.39999999999999997,3.2
422,18,49,10,1.7,0.19010416666666666,0.39999999999999997,3.2
423,20,52,7,1.7777777777777777,0.14322916666666666,0.49690399499995325,3.5555555555555554
424,18,52,7,1.75,0.14322916666666666,0.39999999999999997,3.2
425,19,52,6,1.7894736842105263,0.13541666666666669,0.48237638894272,3.3684210526315788
426,18,50,8,1.75,0.16666666666666669,0.39999999999999997,3.2
427,19,51,8,1.736842105263158,0.16145833333333334,0.4823763889427201,3.3684210526315788
428,20,43,11,1.8333333333333333,0.24479166666666666,0.49690399499995325,3.5555555555555554
429,18,46,7,1.7,0.1796875,0.39999999999999997,3.2
430,18,50,5,1.75,0.13802083333333331,0.39999999999999997,3.2
431,19,51,9,1.7894736842105263,0.16666666666666669,0.4823763889427201,3.3684210526315788
432,19,50,7,1.736842105263158,0.16145833333333331,0.4823763889427201,3.3684210526315788
433,19,47,9,1.736842105263158,0.19270833333333331,0.4823763889427201,3.3684210526315788
434,18,49,8,1.75,0.17447916666666666,0.39999999999999997,3.2
435,19,49,8,1.736842105263158,0.17447916666666669,0.4823763889427201,3.3684210526315788
436,19,48,4,1.736842105263158,0.1484375,0.4823763889427201,3.3684210526315788
437,19,47,8,1.736842105263158,0.19010416666666666,0.4823763889427201,3.3684210526315788
438,19,47,6,1.736842105263158,0.16145833333333331,0.4823763889427201,3.3684210526315788
439,20,49,7,1.7777777777777777,0.16927083333333331,0.49690399499995325,3.5555555555555554
440,18,47,7,1.7,0.17708333333333331,0.39999999999999997,3.2
441,18,47,9,1.7,0.1931216931216931,0.47696960070847283,3.15
442,18,48,7,1.75,0.17187499999999997,0.39999999999999997,3.2
443,18,50,7,1.75,0.15625,0.39999999999999997,3.2
444,19,49,6,1.736842105263158,0.15364583333333331,0.4823763889427201,3.3684210526315788
445,18,48,8,1.65,0.17724867724867724,0.47696960070847283,3.15
446,19,51,6,1.736842105263158,0.14322916666666666,0.4823763889427201,3.3684210526315788
447,19,50,5,1.736842105263158,0.14322916666666669,0.4823763889427201,3.3684210526315788
448,19,49,7,1.7894736842105263,0.16666666666666666,0.4823763889427201,3.3684210526315788
449,19,50,9,1.736842105263158,0.16927083333333331,0.4823763889427201,3.3684210526315788
450,18,45,8,1.75,0.19791666666666666,0.39999999999999997,3.2
451,18,51,7,1.7,0.15364583333333331,0.39999999999999997,3.2
452,18,48,7,1.65,0.1693121693121693,0.47696960070847283,3.15
453,20,49,8,1.7777777777777777,0.17708333333333331,0.49690399499995325,3.5555555555555554
454,19,49,9,1.7894736842105263,0.1796875,0.4823763889427201,3.3684210526315788
455,18,52,7,1.75,0.1484375,0.39999999999999997,3.2
456,19,49,8,1.7894736842105263,0.171875,0.4823763889427201,3.3684210526315788
457,19,51,7,1.7894736842105263,0.15364583333333331,0.4823763889427201,3.3684210526315788
458,18,51,7,1.75,0.1484375,0.39999999999999997,3.2
459,19,52,7,1.7894736842105263,0.14322916666666666,0.4823763889427201,3.3684210526315788
460,18,47,9,1.75,0.19270833333333334,0.39999999999999997,3.2
461,18,45,8,1.65,0.19047619047619044,0.47696960070847283,3.15
462,18,55,4,1.75,0.09635416666666666,0.39999999999999997,3.2
463,19,50,9,1.7894736842105263,0.17447916666666669,0.4823763889427201,3.3684210526315788
464,19,52,7,1.736842105263158,0.14583333333333331,0.4823763889427201,3.3684210526315788
465,18,52,6,1.7,0.1328125,0.39999999999999997,3.2
466,19,47,10,1.736842105263158,0.203125,0.4823763889427201,3.3684210526315788
467,19,47,9,1.7894736842105263,0.19270833333333334,0.4823763889427201,3.3684210526315788
468,18,47,10,1.75,0.203125,0.39999999999999997,3.2
469,19,50,6,1.6842105263157894,0.1455026455026455,0.5668594533825794,3.3157894736842106
470,19,49,4,1.7894736842105263,0.13020833333333331,0.4823763889427201,3.3684210526315788
471,20,48,9,1.8333333333333333,0.19010416666666663,0.49690399499995325,3.5555555555555554
472,19,52,4,1.7894736842105263,0.11718749999999999,0.4823763889427201,3.3684210526315788
473,18,56,4,1.75,0.09375,0.39999999999999997,3.2
474,18,42,8,1.7,0.2195767195767196,0.47696960070847283,3.15
475,18,44,10,1.75,0.2265625,0.39999999999999997,3.2
476,18,48,8,1.75,0.1796875,0.39999999999999997,3.2
477,19,49,8,1.7894736842105263,0.17708333333333331,0.4823763889427201,3.3684210526315788
478,20,48,11,1.8333333333333333,0.203125,0.49690399499995325,3.5555555555555554
479,18,45,10,1.75,0.21614583333333334,0.39999999999999997,3.2
480,19,47,11,1.736842105263158,0.21875,0.4823763889427201,3.3684210526315788
481,19,49,10,1.736842105263158,0.1875,0.4823763889427201,3.3684210526315788
482,18,50,5,1.7,0.13802083333333331,0.39999999999999997,3.2
483,18,48,10,1.75,0.19270833333333331,0.39999999999999997,3.2
484,19,43,8,1.7894736842105263,0.20572916666666666,0.4823763889427201,3.3684210526315788
485,20,50,9,1.8333333333333333,0.17447916666666669,0.49690399499995325,3.5555555555555554
486,18,51,7,1.7,0.15364583333333331,0.39999999999999997,3.2
487,18,50,7,1.7,0.15885416666666666,0.39999999999999997,3.2
488,19,46,8,1.7894736842105263,0.19010416666666666,0.4823763889427201,3.3684210526315788
489,18,48,8,1.7,0.17447916666666669,0.39999999999999997,3.2
490,20,50,7,1.7777777777777777,0.15104166666666669,0.49690399499995325,3.5555555555555554
491,18,50,7,1.75,0.15625,0.39999999999999997,3.2
492,20,48,8,1.8333333333333333,0.17708333333333331,0.49690399499995325,3.5555555555555554
493,20,46,12,1.7777777777777777,0.23177083333333331,0.49690399499995325,3.5555555555555554
494,19,50,8,1.7894736842105263,0.16666666666666669,0.4823763889427201,3.3684210526315788
495,18,47,10,1.75,0.20572916666666666,0.39999999999999997,3.2
496,18,50,9,1.75,0.17447916666666666,0.39999999999999997,3.2
497,18,48,8,1.7,0.18229166666666669,0.39999999999999997,3.2
498,18,50,7,1.7,0.15625,0.39999999999999997,3.2
499,18,46,9,1.75,0.20572916666666669,0.39999999999999997,3.2
500,20,49,12,1.8333333333333333,0.20833333333333331,0.49690399499995325,3.5555555555555554
501,20,48,12,1.8333333333333333,0.21614583333333331,0.49690399499995325,3.5555555555555554
502,19,47,9,1.7894736842105263,0.1953125,0.4823763889427201,3.3684210526315788
503,19,48,7,1.736842105263158,0.16666666666666663,0.4823763889427201,3.3684210526315788
504,18,49,7,1.75,0.16145833333333331,0.39999999999999997,3.2
505,18,49,8,1.7,0.17447916666666666,0.39999999999999997,3.2
506,19,43,13,1.736842105263158,0.2526041666666667,0.4823763889427201,3.3684210526315788
507,19,45,11,1.7894736842105263,0.22135416666666666,0.4823763889427201,3.3684210526315788
508,19,48,9,1.7894736842105263,0.19010416666666666,0.48237638894272,3.3684210526315788
509,19,45,11,1.7894736842105263,0.22916666666666666,0.4823763889427201,3.3684210526315788
510,18,47,10,1.7,0.20572916666666666,0.39999999999999997,3.2
511,20,43,8,1.8333333333333333,0.21354166666666666,0.49690399499995325,3.5555555555555554
512,18,47,9,1.75,0.19270833333333334,0.39999999999999997,3.2
513,19,47,8,1.7894736842105263,0.1875,0.4823763889427201,3.3684210526315788
514,19,48,8,1.7894736842105263,0.18229166666666669,0.4823763889427201,3.3684210526315788
515,19,48,8,1.7894736842105263,0.18229166666666666,0.4823763889427201,3.3684210526315788
516,19,43,10,1.736842105263158,0.2275132275132275,0.5668594533825794,3.3157894736842106
517,19,48,8,1.7894736842105263,0.18229166666666666,0.4823763889427201,3.3684210526315788
518,19,46,11,1.7894736842105263,0.22135416666666663,0.4823763889427201,3.3684210526315788
519,19,47,9,1.7894736842105263,0.19270833333333331,0.48237638894272,3.3684210526315788
520,20,45,8,1.8333333333333333,0.20052083333333331,0.49690399499995325,3.5555555555555554
521,18,50,7,1.7,0.15625,0.39999999999999997,3.2
522,19,47,8,1.736842105263158,0.1875,0.4823763889427201,3.3684210526315788
523,19,46,10,1.736842105263158,0.21614583333333331,0.4823763889427201,3.3684210526315788
524,19,52,5,1.736842105263158,0.125,0.48237638894272,3.3684210526315788
525,19,48,9,1.7894736842105263,0.18749999999999997,0.4823763889427201,3.3684210526315788
526,18,48,8,1.75,0.17708333333333334,0.39999999999999997,3.2
527,19,49,8,1.736842105263158,0.17447916666666666,0.4823763889427201,3.3684210526315788
528,20,48,11,1.7777777777777777,0.20052083333333334,0.49690399499995325,3.5555555555555554
529,19,44,8,1.736842105263158,0.203125,0.4823763889427201,3.3684210526315788
530,18,48,10,1.75,0.20052083333333331,0.39999999999999997,3.2
531,18,47,9,1.7,0.1953125,0.39999999999999997,3.2
532,19,45,9,1.7894736842105263,0.20833333333333331,0.4823763889427201,3.3684210526315788
533,19,47,8,1.736842105263158,0.18253968253968253,0.5668594533825794,3.3157894736842106
534,18,47,12,1.75,0.22395833333333334,0.39999999999999997,3.2
535,18,51,6,1.75,0.13541666666666666,0.39999999999999997,3.2
536,18,49,10,1.7,0.19010416666666666,0.39999999999999997,3.2
537,20,50,7,1.7777777777777777,0.15885416666666666,0.49690399499995325,3.5555555555555554
538,19,48,10,1.736842105263158,0.1953125,0.4823763889427201,3.3684210526315788
539,18,52,8,1.75,0.15364583333333334,0.39999999999999997,3.2
540,19,48,9,1.7894736842105263,0.19010416666666669,0.4823763889427201,3.3684210526315788
541,20,49,9,1.8333333333333333,0.18229166666666669,0.49690399499995325,3.5555555555555554
542,18,50,9,1.75,0.17447916666666666,0.39999999999999997,3.2
543,18,45,11,1.75,0.22916666666666669,0.39999999999999997,3.2
544,18,44,11,1.7,0.23437499999999997,0.39999999999999997,3.2
545,18,43,11,1.75,0.2421875,0.39999999999999997,3.2
546,19,46,11,1.736842105263158,0.21693121693121692,0.5668594533825794,3.3157894736842106
547,18,53,5,1.75,0.12239583333333333,0.39999999999999997,3.2
548,19,48,8,1.736842105263158,0.17724867724867724,0.5668594533825794,3.3157894736842106
549,19,45,8,1.736842105263158,0.19312169312169314,0.5668594533825794,3.3157894736842106
550,19,47,8,1.736842105263158,0.18489583333333331,0.4823763889427201,3.3684210526315788
551,18,45,11,1.75,0.22916666666666663,0.39999999999999997,3.2
552,19,47,9,1.736842105263158,0.19791666666666666,0.4823763889427201,3.3684210526315788
553,19,44,13,1.7894736842105263,0.25,0.4823763889427201,3.3684210526315788
554,19,50,9,1.736842105263158,0.17447916666666669,0.4823763889427201,3.3684210526315788
555,19,42,10,1.7894736842105263,0.23697916666666669,0.4823763889427201,3.3684210526315788
556,19,45,9,1.7894736842105263,0.21093749999999997,0.4823763889427201,3.3684210526315788
557,19,48,9,1.7894736842105263,0.19010416666666666,0.4823763889427201,3.3684210526315788
558,19,47,6,1.7894736842105263,0.1640625,0.4823763889427201,3.3684210526315788
559,19,45,11,1.736842105263158,0.2265625,0.4823763889427201,3.3684210526315788
560,19,48,9,1.736842105263158,0.19010416666666666,0.4823763889427201,3.3684210526315788
561,19,47,9,1.736842105263158,0.19791666666666666,0.4823763889427201,3.3684210526315788
562,19,48,9,1.7894736842105263,0.1875,0.4823763889427201,3.3684210526315788
563,19,48,10,1.7894736842105263,0.1953125,0.4823763889427201,3.3684210526315788
564,19,46,9,1.736842105263158,0.203125,0.4823763889427201,3.3684210526315788
565,20,46,10,1.7777777777777777,0.21354166666666669,0.49690399499995325,3.5555555555555554
566,19,47,10,1.736842105263158,0.20572916666666666,0.4823763889427201,3.3684210526315788
567,20,44,12,1.7777777777777777,0.24218749999999997,0.49690399499995325,3.5555555555555554
568,19,47,12,1.736842105263158,0.21875,0.48237638894272,3.3684210526315788
569,19,45,9,1.736842105263158,0.20572916666666666,0.4823763889427201,3.3684210526315788
570,20,49,10,1.8333333333333333,0.19010416666666669,0.49690399499995325,3.5555555555555554
571,18,51,7,1.75,0.15104166666666666,0.39999999999999997,3.2
572,18,52,7,1.7,0.14583333333333331,0.39999999999999997,3.2
573,19,50,9,1.7894736842105263,0.17447916666666669,0.48237638894272,3.3684210526315788
574,18,46,10,1.7,0.20833333333333331,0.39999999999999997,3.2
575,20,46,10,1.8333333333333333,0.21354166666666669,0.49690399499995325,3.5555555555555554
576,19,46,12,1.7894736842105263,0.23177083333333331,0.4823763889427201,3.3684210526315788
577,20,46,9,1.8333333333333333,0.203125,0.49690399499995325,3.5555555555555554
578,20,47,10,1.7777777777777777,0.203125,0.49690399499995325,3.5555555555555554
579,20,45,11,1.8333333333333333,0.22916666666666669,0.49690399499995325,3.5555555555555554
580,19,47,11,1.7894736842105263,0.21354166666666666,0.4823763889427201,3.3684210526315788
581,19,46,10,1.736842105263158,0.21614583333333331,0.4823763889427201,3.3684210526315788
582,19,45,10,1.736842105263158,0.21614583333333331,0.4823763889427201,3.3684210526315788
583,19,48,10,1.7894736842105263,0.19791666666666666,0.4823763889427201,3.3684210526315788
584,18,45,9,1.7,0.20833333333333331,0.39999999999999997,3.2
585,19,47,11,1.736842105263158,0.21354166666666666,0.4823763889427201,3.3684210526315788
586,19,46,11,1.7894736842105263,0.21614583333333331,0.4823763889427201,3.3684210526315788
587,19,47,9,1.7894736842105263,0.1953125,0.4823763889427201,3.3684210526315788
588,19,44,11,1.7894736842105263,0.23177083333333334,0.4823763889427201,3.3684210526315788
589,19,48,10,1.736842105263158,0.20052083333333331,0.4823763889427201,3.3684210526315788
590,19,48,11,1.736842105263158,0.20833333333333331,0.48237638894272,3.3684210526315788
591,18,46,10,1.75,0.2109375,0.39999999999999997,3.2
592,19,49,11,1.7894736842105263,0.20052083333333334,0.4823763889427201,3.3684210526315788
593,18,45,12,1.7,0.23697916666666666,0.39999999999999997,3.2
594,18,49,7,1.7,0.16666666666666666,0.39999999999999997,3.2
595,19,45,12,1.7894736842105263,0.23697916666666669,0.4823763889427201,3.3684210526315788
596,19,50,9,1.736842105263158,0.17708333333333331,0.4823763889427201,3.3684210526315788
597,19,47,11,1.7894736842105263,0.21614583333333331,0.48237638894272,3.3684210526315788
598,19,47,13,1.7894736842105263,0.23177083333333334,0.4823763889427201,3.3684210526315788
599,19,47,10,1.7894736842105263,0.20572916666666669,0.4823763889427201,3.3684210526315788
600,19,46,10,1.736842105263158,0.21354166666666666,0.4823763889427201,3.3684210526315788
601,19,50,10,1.7894736842105263,0.18229166666666669,0.4823763889427201,3.3684210526315788
602,19,52,5,1.7894736842105263,0.12760416666666666,0.4823763889427201,3.3684210526315788
603,20,46,10,1.8333333333333333,0.21354166666666666,0.49690399499995325,3.5555555555555554
604,19,49,10,1.7894736842105263,0.19010416666666669,0.4823763889427201,3.3684210526315788
605,19,47,9,1.6842105263157894,0.1931216931216931,0.5668594533825794,3.3157894736842106
606,19,48,12,1.7894736842105263,0.21875,0.4823763889427201,3.3684210526315788
607,19,48,10,1.7894736842105263,0.20052083333333331,0.4823763889427201,3.3684210526315788
608,18,48,9,1.65,0.19010416666666669,0.39999999999999997,3.2
609,19,48,11,1.736842105263158,0.20833333333333331,0.4823763889427201,3.3684210526315788
610,18,49,10,1.75,0.19010416666666669,0.39999999999999997,3.2
611,19,50,9,1.7894736842105263,0.17708333333333331,0.4823763889427201,3.3684210526315788
612,19,49,12,1.736842105263158,0.20833333333333331,0.4823763889427201,3.3684210526315788
613,19,46,9,1.7894736842105263,0.203125,0.4823763889427201,3.3684210526315788
614,18,50,11,1.75,0.19010416666666669,0.39999999999999997,3.2
615,19,45,12,1.7894736842105263,0.23697916666666666,0.4823763889427201,3.3684210526315788
616,19,47,9,1.736842105263158,0.19270833333333331,0.48237638894272,3.3684210526315788
617,19,48,10,1.7894736842105263,0.19791666666666666,0.4823763889427201,3.3684210526315788
618,19,45,11,1.7894736842105263,0.2265625,0.4823763889427201,3.3684210526315788
619,20,49,8,1.8333333333333333,0.171875,0.49690399499995325,3.5555555555555554
620,18,48,9,1.7,0.18518518518518517,0.47696960070847283,3.15
621,18,45,10,1.7,0.21428571428571427,0.47696960070847283,3.15
622,19,50,10,1.7894736842105263,0.18489583333333331,0.4823763889427201,3.3684210526315788
623,19,48,8,1.736842105263158,0.17447916666666666,0.4823763889427201,3.3684210526315788
624,19,46,13,1.7894736842105263,0.23958333333333331,0.4823763889427201,3.3684210526315788
625,19,47,11,1.736842105263158,0.21614583333333331,0.4823763889427201,3.3684210526315788
626,19,46,12,1.6842105263157894,0.2275132275132275,0.5668594533825794,3.3157894736842106
627,18,43,11,1.7,0.23958333333333331,0.39999999999999997,3.2
628,19,44,11,1.736842105263158,0.23177083333333331,0.4823763889427201,3.3684210526315788
629,19,46,10,1.7894736842105263,0.21354166666666663,0.4823763889427201,3.3684210526315788
630,19,47,10,1.7894736842105263,0.203125,0.4823763889427201,3.3684210526315788
631,18,45,10,1.75,0.22135416666666669,0.39999999999999997,3.2
632,20,47,10,1.7222222222222223,0.20105820105820105,0.6009252125773316,3.5
633,19,45,10,1.7894736842105263,0.21614583333333331,0.4823763889427201,3.3684210526315788
634,18,44,8,1.7,0.19791666666666666,0.39999999999999997,3.2
635,19,45,10,1.7894736842105263,0.21354166666666669,0.4823763889427201,3.3684210526315788
636,19,44,10,1.736842105263158,0.22916666666666666,0.4823763889427201,3.3684210526315788
637,19,44,11,1.7894736842105263,0.234375,0.4823763889427201,3.3684210526315788
638,18,44,13,1.7,0.25260416666666663,0.39999999999999997,3.2
639,19,46,10,1.736842105263158,0.2109375,0.4823763889427201,3.3684210526315788
640,20,45,11,1.7777777777777777,0.22395833333333331,0.49690399499995325,3.5555555555555554
641,20,46,11,1.8333333333333333,0.22395833333333331,0.49690399499995325,3.5555555555555554
642,19,46,11,1.736842105263158,0.21875,0.4823763889427201,3.3684210526315788
643,19,44,11,1.736842105263158,0.22916666666666669,0.4823763889427201,3.3684210526315788
644,18,47,10,1.7,0.20572916666666666,0.39999999999999997,3.2
645,19,48,9,1.736842105263158,0.1875,0.4823763889427201,3.3684210526315788
646,20,47,10,1.8333333333333333,0.20833333333333331,0.49690399499995325,3.5555555555555554
647,19,47,11,1.7894736842105263,0.21354166666666669,0.4823763889427201,3.3684210526315788
648,19,48,9,1.7894736842105263,0.19010416666666669,0.4823763889427201,3.3684210526315788
649,19,49,10,1.736842105263158,0.19270833333333331,0.4823763889427201,3.3684210526315788
650,19,48,10,1.736842105263158,0.20052083333333331,0.4823763889427201,3.3684210526315788
651,19,47,11,1.7894736842105263,0.21354166666666666,0.48237638894272,3.3684210526315788
652,20,43,11,1.8333333333333333,0.2421875,0.49690399499995325,3.5555555555555554
653,18,49,10,1.7,0.19010416666666666,0.39999999999999997,3.2
654,18,48,11,1.75,0.203125,0.39999999999999997,3.2
655,18,45,8,1.7,0.19576719576719578,0.47696960070847283,3.15
656,18,47,10,1.7,0.20572916666666666,0.39999999999999997,3.2
657,19,47,11,1.736842105263158,0.21354166666666669,0.4823763889427201,3.3684210526315788
658,19,48,9,1.736842105263158,0.19010416666666666,0.4823763889427201,3.3684210526315788
659,18,45,10,1.7,0.21875,0.39999999999999997,3.2
660,19,45,9,1.7894736842105263,0.20833333333333331,0.4823763889427201,3.3684210526315788
661,19,43,11,1.736842105263158,0.2421875,0.4823763889427201,3.3684210526315788
662,18,48,8,1.7,0.1746031746031746,0.47696960070847283,3.15
663,19,49,9,1.736842105263158,0.1796875,0.4823763889427201,3.3684210526315788
664,20,50,8,1.8333333333333333,0.16666666666666666,0.49690399499995325,3.5555555555555554
665,19,48,9,1.7894736842105263,0.19010416666666669,0.4823763889427201,3.3684210526315788
666,19,48,10,1.736842105263158,0.19576719576719576,0.5668594533825794,3.3157894736842106
667,18,48,10,1.7,0.19791666666666666,0.39999999999999997,3.2
668,18,47,10,1.75,0.20572916666666669,0.39999999999999997,3.2
669,20,46,11,1.7777777777777777,0.21874999999999997,0.49690399499995325,3.5555555555555554
670,19,47,10,1.7894736842105263,0.20572916666666666,0.4823763889427201,3.3684210526315788
671,18,46,11,1.7,0.21614583333333331,0.39999999999999997,3.2
672,19,47,11,1.7894736842105263,0.2109375,0.4823763889427201,3.3684210526315788
673,18,49,10,1.7,0.19270833333333331,0.39999999999999997,3.2
674,18,46,10,1.7,0.21354166666666669,0.39999999999999997,3.2
675,19,45,12,1.736842105263158,0.23697916666666663,0.4823763889427201,3.3684210526315788
676,19,51,9,1.736842105263158,0.16927083333333334,0.4823763889427201,3.3684210526315788
677,19,46,9,1.736842105263158,0.203125,0.4823763889427201,3.3684210526315788
678,20,46,9,1.7777777777777777,0.203125,0.49690399499995325,3.5555555555555554
679,18,48,10,1.75,0.20052083333333331,0.39999999999999997,3.2
680,19,45,13,1.7894736842105263,0.24739583333333331,0.4823763889427201,3.3684210526315788
681,19,46,10,1.736842105263158,0.21354166666666666,0.4823763889427201,3.3684210526315788
682,19,46,10,1.736842105263158,0.2109375,0.4823763889427201,3.3684210526315788
683,20,48,10,1.8333333333333333,0.19791666666666666,0.49690399499995325,3.5555555555555554
684,20,46,10,1.7777777777777777,0.2109375,0.49690399499995325,3.5555555555555554
685,18,44,11,1.7,0.22916666666666669,0.39999999999999997,3.2
686,18,49,10,1.7,0.19270833333333331,0.39999999999999997,3.2
687,20,49,10,1.7777777777777777,0.19010416666666666,0.49690399499995325,3.5555555555555554
688,18,44,11,1.7,0.23177083333333331,0.39999999999999997,3.2
689,19,46,9,1.736842105263158,0.20052083333333331,0.4823763889427201,3.3684210526315788
690,20,46,11,1.7777777777777777,0.21875,0.49690399499995325,3.5555555555555554
691,19,45,10,1.736842105263158,0.22135416666666666,0.4823763889427201,3.3684210526315788
692,19,49,10,1.736842105263158,0.19270833333333331,0.4823763889427201,3.3684210526315788
693,19,47,10,1.736842105263158,0.20052083333333331,0.4823763889427201,3.3684210526315788
694,19,44,13,1.736842105263158,0.2526041666666667,0.4823763889427201,3.3684210526315788
695,19,44,10,1.736842105263158,0.2265625,0.4823763889427201,3.3684210526315788
696,18,48,10,1.7,0.19791666666666666,0.39999999999999997,3.2
697,18,45,9,1.65,0.20899470899470898,0.47696960070847283,3.15
698,18,46,12,1.7,0.2265625,0.39999999999999997,3.2
699,18,46,8,1.65,0.18783068783068782,0.47696960070847283,3.15
700,18,48,10,1.75,0.19791666666666669,0.39999999999999997,3.2
701,19,45,11,1.736842105263158,0.22395833333333334,0.4823763889427201,3.3684210526315788
702,19,42,13,1.7894736842105263,0.2630208333333333,0.4823763889427201,3.3684210526315788
703,19,45,12,1.736842105263158,0.23697916666666666,0.4823763889427201,3.3684210526315788
704,19,44,12,1.7894736842105263,0.2421875,0.4823763889427201,3.3684210526315788
705,19,43,13,1.736842105263158,0.26041666666666663,0.48237638894272,3.3684210526315788
706,19,46,10,1.736842105263158,0.2109375,0.4823763889427201,3.3684210526315788
707,19,48,8,1.736842105263158,0.1796875,0.4823763889427201,3.3684210526315788
708,20,43,13,1.7777777777777777,0.2578125,0.49690399499995325,3.5555555555555554
709,19,47,8,1.736842105263158,0.1875,0.4823763889427201,3.3684210526315788
710,19,45,11,1.736842105263158,0.2265625,0.4823763889427201,3.3684210526315788
711,19,46,12,1.736842105263158,0.23177083333333331,0.4823763889427201,3.3684210526315788
712,20,48,11,1.7777777777777777,0.20572916666666666,0.49690399499995325,3.5555555555555554
713,18,49,10,1.75,0.19010416666666669,0.39999999999999997,3.2
714,19,46,9,1.6842105263157894,0.203125,0.4823763889427201,3.3684210526315788
715,20,47,11,1.7777777777777777,0.21354166666666666,0.49690399499995325,3.5555555555555554
716,19,45,10,1.736842105263158,0.21875,0.4823763889427201,3.3684210526315788
717,18,47,11,1.7,0.21354166666666666,0.39999999999999997,3.2
718,18,46,12,1.7,0.23177083333333331,0.39999999999999997,3.2
719,18,44,12,1.7,0.24479166666666666,0.39999999999999997,3.2
720,18,49,8,1.7,0.171875,0.39999999999999997,3.2
721,19,46,11,1.736842105263158,0.21875,0.4823763889427201,3.3684210526315788
722,18,48,10,1.7,0.19791666666666666,0.39999999999999997,3.2
723,18,42,11,1.75,0.24739583333333331,0.39999999999999997,3.2
724,19,45,11,1.736842105263158,0.22395833333333331,0.4823763889427201,3.3684210526315788
725,19,45,11,1.736842105263158,0.22395833333333331,0.4823763889427201,3.3684210526315788
726,19,43,10,1.736842105263158,0.23177083333333334,0.4823763889427201,3.3684210526315788
727,19,47,10,1.7894736842105263,0.20572916666666669,0.4823763889427201,3.3684210526315788
728,18,45,10,1.75,0.21614583333333331,0.39999999999999997,3.2
729,19,42,10,1.736842105263158,0.23697916666666666,0.4823763889427201,3.3684210526315788
730,18,45,11,1.7,0.22395833333333331,0.39999999999999997,3.2
731,19,48,9,1.736842105263158,0.19010416666666666,0.4823763889427201,3.3684210526315788
732,19,46,10,1.736842105263158,0.2109375,0.4823763889427201,3.3684210526315788
733,19,44,10,1.736842105263158,0.22395833333333331,0.4823763889427201,3.3684210526315788
734,19,44,12,1.7894736842105263,0.2421875,0.48237638894272,3.3684210526315788
735,20,45,11,1.7777777777777777,0.2265625,0.49690399499995325,3.5555555555555554
736,19,47,10,1.7894736842105263,0.20572916666666666,0.4823763889427201,3.3684210526315788
737,19,44,11,1.736842105263158,0.23177083333333337,0.4823763889427201,3.3684210526315788
738,18,47,10,1.7,0.20572916666666669,0.39999999999999997,3.2
739,18,44,12,1.7,0.23697916666666663,0.39999999999999997,3.2
740,18,48,8,1.65,0.17724867724867724,0.47696960070847283,3.15
741,18,48,10,1.7,0.1953125,0.39999999999999997,3.2
742,18,46,10,1.7,0.2109375,0.39999999999999997,3.2
743,19,48,10,1.736842105263158,0.19791666666666666,0.4823763889427201,3.3684210526315788
744,19,48,11,1.736842105263158,0.20833333333333331,0.4823763889427201,3.3684210526315788
745,20,48,10,1.7777777777777777,0.20052083333333331,0.49690399499995325,3.5555555555555554
746,19,47,10,1.736842105263158,0.203125,0.48237638894272,3.3684210526315788
747,19,43,10,1.736842105263158,0.22916666666666666,0.4823763889427201,3.3684210526315788
748,19,43,12,1.736842105263158,0.24739583333333331,0.4823763889427201,3.3684210526315788
749,19,45,9,1.736842105263158,0.2109375,0.4823763889427201,3.3684210526315788
750,19,42,12,1.736842105263158,0.2552083333333333,0.4823763889427201,3.3684210526315788
751,18,44,9,1.7,0.21614583333333331,0.39999999999999997,3.2
752,19,45,12,1.736842105263158,0.234375,0.4823763889427201,3.3684210526315788
753,18,44,14,1.7,0.26041666666666663,0.39999999999999997,3.2
754,18,43,12,1.7,0.25260416666666663,0.39999999999999997,3.2
755,18,46,10,1.75,0.2109375,0.39999999999999997,3.2
756,19,44,11,1.736842105263158,0.23177083333333334,0.4823763889427201,3.3684210526315788
757,20,45,11,1.7777777777777777,0.2265625,0.49690399499995325,3.5555555555555554
758,19,46,12,1.736842105263158,0.22916666666666666,0.4823763889427201,3.3684210526315788
759,19,47,12,1.736842105263158,0.22395833333333331,0.4823763889427201,3.3684210526315788
760,18,47,9,1.7,0.19791666666666666,0.39999999999999997,3.2
761,18,43,12,1.7,0.24739583333333331,0.39999999999999997,3.2
762,18,43,12,1.65,0.24603174603174602,0.47696960070847283,3.15
763,19,46,10,1.736842105263158,0.21354166666666666,0.4823763889427201,3.3684210526315788
764,19,45,11,1.736842105263158,0.2265625,0.4823763889427201,3.3684210526315788
765,18,42,13,1.7,0.26302083333333337,0.39999999999999997,3.2
766,19,47,10,1.736842105263158,0.20572916666666666,0.4823763889427201,3.3684210526315788
767,18,46,11,1.7,0.22135416666666666,0.39999999999999997,3.2
768,19,46,10,1.736842105263158,0.20833333333333331,0.4823763889427201,3.3684210526315788
769,19,46,10,1.736842105263158,0.20572916666666669,0.4823763889427201,3.3684210526315788
770,20,45,10,1.7777777777777777,0.22135416666666666,0.49690399499995325,3.5555555555555554
771,18,44,13,1.7,0.2526041666666667,0.39999999999999997,3.2
772,20,47,12,1.7777777777777777,0.22135416666666663,0.49690399499995325,3.5555555555555554
773,18,46,10,1.7,0.20833333333333331,0.39999999999999997,3.2
774,19,46,10,1.736842105263158,0.2109375,0.48237638894272,3.3684210526315788
775,19,45,11,1.736842105263158,0.2265625,0.4823763889427201,3.3684210526315788
776,19,47,11,1.736842105263158,0.21614583333333334,0.4823763889427201,3.3684210526315788
777,18,44,11,1.7,0.234375,0.39999999999999997,3.2
778,18,46,10,1.7,0.21354166666666666,0.39999999999999997,3.2
779,19,44,13,1.736842105263158,0.2526041666666667,0.4823763889427201,3.3684210526315788
780,18,48,10,1.7,0.19791666666666666,0.39999999999999997,3.2
781,19,46,10,1.736842105263158,0.20833333333333331,0.4823763889427201,3.3684210526315788
782,18,46,9,1.7,0.203125,0.39999999999999997,3.2
783,18,42,12,1.7,0.2578125,0.39999999999999997,3.2
784,19,46,11,1.736842105263158,0.22135416666666669,0.4823763889427201,3.3684210526315788
785,18,45,10,1.7,0.22135416666666666,0.39999999999999997,3.2
786,18,44,11,1.7,0.23177083333333331,0.39999999999999997,3.2
787,19,43,14,1.736842105263158,0.2708333333333333,0.4823763889427201,3.3684210526315788
788,19,45,11,1.736842105263158,0.22916666666666666,0.4823763889427201,3.3684210526315788
789,19,44,12,1.736842105263158,0.23958333333333331,0.4823763889427201,3.3684210526315788
790,18,44,11,1.7,0.234375,0.39999999999999997,3.2
791,18,46,11,1.7,0.21875,0.39999999999999997,3.2
792,20,42,12,1.7777777777777777,0.2552083333333333,0.49690399499995325,3.5555555555555554
793,20,48,10,1.7777777777777777,0.20052083333333331,0.49690399499995325,3.5555555555555554
794,19,46,11,1.736842105263158,0.22135416666666666,0.4823763889427201,3.3684210526315788
795,19,46,11,1.736842105263158,0.21875,0.4823763889427201,3.3684210526315788
796,19,46,9,1.736842105263158,0.203125,0.4823763889427201,3.3684210526315788
797,19,45,10,1.736842105263158,0.21875,0.4823763889427201,3.3684210526315788
798,18,44,13,1.7,0.25260416666666663,0.39999999999999997,3.2
799,18,45,10,1.7,0.21875,0.39999999999999997,3.2
800,19,46,12,1.736842105263158,0.22916666666666663,0.4823763889427201,3.3684210526315788
801,18,46,10,1.7,0.2109375,0.39999999999999997,3.2
802,19,43,11,1.736842105263158,0.2421875,0.48237638894272,3.3684210526315788
803,18,45,10,1.75,0.21614583333333334,0.39999999999999997,3.2
804,19,46,12,1.736842105263158,0.22916666666666663,0.4823763889427201,3.3684210526315788
805,18,43,12,1.7,0.24999999999999997,0.39999999999999997,3.2
806,19,48,12,1.736842105263158,0.21614583333333331,0.4823763889427201,3.3684210526315788
807,19,45,11,1.736842105263158,0.22395833333333334,0.4823763889427201,3.3684210526315788
808,19,45,12,1.736842105263158,0.23280423280423282,0.5668594533825794,3.3157894736842106
809,18,39,14,1.7,0.2916666666666667,0.39999999999999997,3.2
810,19,44,10,1.736842105263158,0.22395833333333331,0.4823763889427201,3.3684210526315788
811,19,46,13,1.736842105263158,0.2421875,0.4823763889427201,3.3684210526315788
812,19,44,12,1.736842105263158,0.24479166666666666,0.4823763889427201,3.3684210526315788
813,19,45,11,1.736842105263158,0.22916666666666669,0.4823763889427201,3.3684210526315788
814,18,44,13,1.7,0.25,0.39999999999999997,3.2
815,20,46,10,1.7777777777777777,0.21354166666666666,0.49690399499995325,3.5555555555555554
816,20,44,10,1.7777777777777777,0.2265625,0.49690399499995325,3.5555555555555554
817,18,46,10,1.7,0.21354166666666666,0.39999999999999997,3.2
818,20,45,11,1.7777777777777777,0.23177083333333331,0.49690399499995325,3.5555555555555554
819,18,44,11,1.7,0.23177083333333334,0.39999999999999997,3.2
820,19,45,13,1.736842105263158,0.24479166666666669,0.4823763889427201,3.3684210526315788
821,20,46,11,1.7777777777777777,0.22135416666666663,0.49690399499995325,3.5555555555555554
822,20,47,9,1.7222222222222223,0.19047619047619047,0.6009252125773316,3.5
823,18,43,13,1.75,0.2578125,0.39999999999999997,3.2
824,18,42,11,1.7,0.2421875,0.39999999999999997,3.2
825,18,51,8,1.7,0.15885416666666666,0.39999999999999997,3.2
826,19,45,11,1.736842105263158,0.22395833333333331,0.4823763889427201,3.3684210526315788
827,19,43,12,1.736842105263158,0.24739583333333334,0.4823763889427201,3.3684210526315788
828,19,45,10,1.736842105263158,0.21614583333333331,0.4823763889427201,3.3684210526315788
829,19,43,11,1.736842105263158,0.2380952380952381,0.5668594533825794,3.3157894736842106
830,18,47,12,1.7,0.22135416666666666,0.39999999999999997,3.2
831,19,46,11,1.736842105263158,0.21875,0.4823763889427201,3.3684210526315788
832,19,43,13,1.7894736842105263,0.25520833333333337,0.4823763889427201,3.3684210526315788
833,19,45,12,1.7894736842105263,0.23697916666666669,0.4823763889427201,3.3684210526315788
834,19,46,10,1.736842105263158,0.2109375,0.4823763889427201,3.3684210526315788
835,18,45,13,1.7,0.24739583333333331,0.39999999999999997,3.2
836,19,46,11,1.7894736842105263,0.21875,0.4823763889427201,3.3684210526315788
837,20,45,13,1.7777777777777777,0.24479166666666669,0.49690399499995325,3.5555555555555554
838,19,47,10,1.736842105263158,0.20052083333333331,0.4823763889427201,3.3684210526315788
839,18,43,12,1.75,0.25,0.39999999999999997,3.2
840,19,47,10,1.736842105263158,0.20572916666666666,0.4823763889427201,3.3684210526315788
841,20,44,11,1.7777777777777777,0.23177083333333331,0.49690399499995325,3.5555555555555554
842,20,46,12,1.7777777777777777,0.234375,0.49690399499995325,3.5555555555555554
843,19,44,12,1.736842105263158,0.24479166666666669,0.4823763889427201,3.3684210526315788
844,18,43,12,1.7,0.24739583333333331,0.39999999999999997,3.2
845,19,45,11,1.736842105263158,0.2265625,0.4823763889427201,3.3684210526315788
846,18,49,10,1.75,0.19270833333333331,0.39999999999999997,3.2
847,19,49,9,1.736842105263158,0.18229166666666666,0.4823763889427201,3.3684210526315788
848,18,45,10,1.7,0.21875,0.39999999999999997,3.2
849,18,45,13,1.7,0.24739583333333334,0.39999999999999997,3.2
850,19,43,14,1.736842105263158,0.26822916666666663,0.4823763889427201,3.3684210526315788
851,19,44,12,1.736842105263158,0.23697916666666669,0.4823763889427201,3.3684210526315788
852,18,44,10,1.7,0.22395833333333331,0.39999999999999997,3.2
853,19,49,12,1.736842105263158,0.2109375,0.4823763889427201,3.3684210526315788
854,19,42,15,1.736842105263158,0.28645833333333337,0.4823763889427201,3.3684210526315788
855,19,46,12,1.736842105263158,0.23177083333333331,0.4823763889427201,3.3684210526315788
856,19,44,11,1.736842105263158,0.23697916666666666,0.4823763889427201,3.3684210526315788
857,20,45,11,1.7777777777777777,0.22916666666666669,0.49690399499995325,3.5555555555555554
858,19,42,13,1.736842105263158,0.265625,0.4823763889427201,3.3684210526315788
859,20,43,14,1.7777777777777777,0.2682291666666667,0.49690399499995325,3.5555555555555554
860,19,43,12,1.736842105263158,0.25260416666666663,0.4823763889427201,3.3684210526315788
861,19,45,10,1.736842105263158,0.22135416666666666,0.48237638894272,3.3684210526315788
862,18,49,8,1.7,0.171875,0.39999999999999997,3.2
863,18,45,13,1.7,0.24739583333333334,0.39999999999999997,3.2
864,19,42,11,1.736842105263158,0.24999999999999997,0.4823763889427201,3.3684210526315788
865,19,44,14,1.736842105263158,0.2630208333333333,0.4823763889427201,3.3684210526315788
866,19,43,10,1.736842105263158,0.23177083333333331,0.4823763889427201,3.3684210526315788
867,19,45,12,1.736842105263158,0.234375,0.4823763889427201,3.3684210526315788
868,18,42,13,1.7,0.2630208333333333,0.39999999999999997,3.2
869,19,44,13,1.736842105263158,0.25260416666666663,0.4823763889427201,3.3684210526315788
870,19,44,12,1.736842105263158,0.23958333333333334,0.4823763889427201,3.3684210526315788
871,19,48,10,1.736842105263158,0.20052083333333331,0.4823763889427201,3.3684210526315788
872,18,46,11,1.75,0.21875,0.39999999999999997,3.2
873,18,47,12,1.7,0.22395833333333331,0.39999999999999997,3.2
874,18,44,14,1.7,0.26041666666666663,0.39999999999999997,3.2
875,19,40,14,1.736842105263158,0.28645833333333337,0.4823763889427201,3.3684210526315788
876,19,43,12,1.736842105263158,0.24739583333333331,0.4823763889427201,3.3684210526315788
877,19,44,12,1.6842105263157894,0.23809523809523808,0.5668594533825794,3.3157894736842106
878,18,42,12,1.7,0.25520833333333337,0.39999999999999997,3.2
879,19,44,15,1.736842105263158,0.2708333333333333,0.4823763889427201,3.3684210526315788
880,19,41,12,1.736842105263158,0.2604166666666667,0.4823763889427201,3.3684210526315788
881,19,45,11,1.736842105263158,0.2265625,0.4823763889427201,3.3684210526315788
882,19,46,10,1.736842105263158,0.20833333333333331,0.4823763889427201,3.3684210526315788
883,20,45,12,1.7777777777777777,0.23697916666666669,0.49690399499995325,3.5555555555555554
884,19,42,13,1.736842105263158,0.265625,0.4823763889427201,3.3684210526315788
885,19,44,11,1.736842105263158,0.234375,0.4823763889427201,3.3684210526315788
886,19,46,9,1.736842105263158,0.203125,0.4823763889427201,3.3684210526315788
887,18,42,13,1.7,0.2682291666666667,0.39999999999999997,3.2
888,20,41,14,1.7777777777777777,0.28125,0.49690399499995325,3.5555555555555554
889,18,45,13,1.75,0.25,0.39999999999999997,3.2
890,20,45,10,1.7777777777777777,0.21875,0.49690399499995325,3.5555555555555554
891,20,44,14,1.7777777777777777,0.26302083333333337,0.49690399499995325,3.5555555555555554
892,20,44,12,1.8333333333333333,0.23958333333333337,0.49690399499995325,3.5555555555555554
893,18,41,16,1.7,0.2994791666666667,0.39999999999999997,3.2
894,18,46,12,1.7,0.22916666666666669,0.39999999999999997,3.2
895,18,46,12,1.7,0.22916666666666669,0.39999999999999997,3.2
896,19,42,15,1.736842105263158,0.2838541666666667,0.4823763889427201,3.3684210526315788
897,19,39,15,1.736842105263158,0.30208333333333337,0.4823763889427201,3.3684210526315788
898,20,45,11,1.7777777777777777,0.2265625,0.49690399499995325,3.5555555555555554
899,19,43,12,1.7894736842105263,0.24739583333333334,0.48237638894272,3.3684210526315788
900,19,46,11,1.736842105263158,0.22135416666666669,0.4823763889427201,3.3684210526315788
901,18,45,13,1.7,0.24739583333333331,0.39999999999999997,3.2
902,19,46,12,1.736842105263158,0.23177083333333331,0.4823763889427201,3.3684210526315788
903,18,44,14,1.7,0.2604166666666667,0.39999999999999997,3.2
904,18,40,16,1.7,0.3098958333333333,0.39999999999999997,3.2
905,18,46,12,1.7,0.2265625,0.39999999999999997,3.2
906,18,45,12,1.7,0.23958333333333334,0.39999999999999997,3.2
907,18,45,10,1.65,0.2142857142857143,0.47696960070847283,3.15
908,19,45,12,1.7894736842105263,0.23958333333333334,0.4823763889427201,3.3684210526315788
909,19,41,12,1.736842105263158,0.26302083333333337,0.4823763889427201,3.3684210526315788
910,18,46,10,1.7,0.21354166666666666,0.39999999999999997,3.2
911,18,46,10,1.7,0.2109375,0.39999999999999997,3.2
912,18,44,12,1.75,0.24479166666666669,0.39999999999999997,3.2
913,19,43,11,1.736842105263158,0.2421875,0.4823763889427201,3.3684210526315788
914,19,42,13,1.736842105263158,0.2604166666666667,0.4823763889427201,3.3684210526315788
915,19,43,14,1.6842105263157894,0.2645502645502646,0.5668594533825794,3.3157894736842106
916,19,45,13,1.736842105263158,0.24479166666666666,0.4823763889427201,3.3684210526315788
917,19,42,12,1.736842105263158,0.2526041666666667,0.4823763889427201,3.3684210526315788
918,19,42,14,1.736842105263158,0.27083333333333337,0.4823763889427201,3.3684210526315788
919,19,45,12,1.736842105263158,0.23697916666666669,0.4823763889427201,3.3684210526315788
920,19,43,13,1.736842105263158,0.25520833333333337,0.4823763889427201,3.3684210526315788
921,18,42,15,1.7,0.28385416666666663,0.39999999999999997,3.2
922,19,43,14,1.736842105263158,0.265625,0.4823763889427201,3.3684210526315788
923,19,39,15,1.736842105263158,0.30729166666666663,0.4823763889427201,3.3684210526315788
924,19,40,15,1.736842105263158,0.29427083333333337,0.4823763889427201,3.3684210526315788
925,20,44,12,1.7777777777777777,0.23958333333333334,0.49690399499995325,3.5555555555555554
926,18,42,12,1.7,0.2578125,0.39999999999999997,3.2
927,19,41,14,1.736842105263158,0.27864583333333337,0.48237638894272,3.3684210526315788
928,19,43,13,1.736842105263158,0.2604166666666667,0.4823763889427201,3.3684210526315788
929,18,43,10,1.7,0.234375,0.39999999999999997,3.2
930,19,42,13,1.736842105263158,0.26822916666666663,0.4823763889427201,3.3684210526315788
931,20,45,12,1.7777777777777777,0.23697916666666666,0.49690399499995325,3.5555555555555554
932,19,40,15,1.736842105263158,0.296875,0.4823763889427201,3.3684210526315788
933,19,42,14,1.736842105263158,0.2734375,0.4823763889427201,3.3684210526315788
934,19,44,13,1.736842105263158,0.2526041666666667,0.4823763889427201,3.3684210526315788
935,18,45,11,1.7,0.22395833333333331,0.39999999999999997,3.2
936,19,45,12,1.736842105263158,0.23697916666666669,0.4823763889427201,3.3684210526315788
937,20,46,11,1.7777777777777777,0.21875,0.49690399499995325,3.5555555555555554
938,21,45,13,1.8235294117647058,0.2421875,0.42418250299576343,3.764705882352941
939,18,43,14,1.7,0.265625,0.39999999999999997,3.2
940,18,41,14,1.7,0.28645833333333337,0.39999999999999997,3.2
941,18,40,13,1.7,0.27864583333333337,0.39999999999999997,3.2
942,18,47,10,1.7,0.203125,0.39999999999999997,3.2
943,19,46,11,1.736842105263158,0.21875,0.4823763889427201,3.3684210526315788
944,18,43,14,1.7,0.265625,0.39999999999999997,3.2
945,19,48,11,1.736842105263158,0.20833333333333334,0.4823763889427201,3.3684210526315788
946,19,49,10,1.736842105263158,0.19270833333333331,0.48237638894272,3.3684210526315788
947,18,42,14,1.7,0.27864583333333337,0.39999999999999997,3.2
948,19,45,14,1.736842105263158,0.25520833333333337,0.4823763889427201,3.3684210526315788
949,18,43,13,1.7,0.25520833333333337,0.39999999999999997,3.2
950,18,41,12,1.7,0.2682291666666667,0.39999999999999997,3.2
951,19,45,12,1.736842105263158,0.23437500000000003,0.4823763889427201,3.3684210526315788
952,18,43,12,1.7,0.25,0.39999999999999997,3.2
953,19,42,13,1.736842105263158,0.26041666666666663,0.4823763889427201,3.3684210526315788
954,19,47,11,1.736842105263158,0.21614583333333331,0.4823763889427201,3.3684210526315788
955,18,44,13,1.7,0.2526041666666667,0.39999999999999997,3.2
956,19,46,9,1.7894736842105263,0.20833333333333331,0.4823763889427201,3.3684210526315788
957,18,46,13,1.7,0.23958333333333334,0.39999999999999997,3.2
958,19,46,11,1.736842105263158,0.22395833333333334,0.4823763889427201,3.3684210526315788
959,19,44,10,1.6842105263157894,0.2265625,0.4823763889427201,3.3684210526315788
960,19,39,15,1.736842105263158,0.2994791666666667,0.4823763889427201,3.3684210526315788
961,18,42,14,1.7,0.2760416666666667,0.39999999999999997,3.2
962,19,45,14,1.6842105263157894,0.25396825396825395,0.5668594533825794,3.3157894736842106
963,19,48,9,1.7894736842105263,0.19010416666666669,0.4823763889427201,3.3684210526315788
964,19,42,14,1.736842105263158,0.2734375,0.4823763889427201,3.3684210526315788
965,18,44,13,1.7,0.25260416666666663,0.39999999999999997,3.2
966,19,47,12,1.736842105263158,0.22395833333333334,0.4823763889427201,3.3684210526315788
967,19,45,13,1.736842105263158,0.24479166666666669,0.4823763889427201,3.3684210526315788
968,18,43,13,1.7,0.2578125,0.39999999999999997,3.2
969,19,44,14,1.736842105263158,0.2578125,0.4823763889427201,3.3684210526315788
970,18,39,14,1.7,0.29427083333333337,0.39999999999999997,3.2
971,19,40,13,1.736842105263158,0.28125,0.4823763889427201,3.3684210526315788
972,19,42,16,1.736842105263158,0.2916666666666667,0.4823763889427201,3.3684210526315788
973,19,44,13,1.736842105263158,0.25520833333333337,0.4823763889427201,3.3684210526315788
974,19,44,12,1.6842105263157894,0.24074074074074073,0.5668594533825794,3.3157894736842106
975,19,41,14,1.736842105263158,0.27864583333333337,0.4823763889427201,3.3684210526315788
976,19,44,13,1.736842105263158,0.25,0.4823763889427201,3.3684210526315788
977,18,44,13,1.7,0.25520833333333337,0.39999999999999997,3.2
978,19,43,14,1.736842105263158,0.2682291666666667,0.4823763889427201,3.3684210526315788
979,19,42,12,1.736842105263158,0.2552083333333333,0.4823763889427201,3.3684210526315788
980,19,44,14,1.736842105263158,0.2604166666666667,0.4823763889427201,3.3684210526315788
981,18,41,14,1.7,0.28125,0.39999999999999997,3.2
982,18,40,15,1.7,0.29427083333333337,0.39999999999999997,3.2
983,19,44,12,1.736842105263158,0.23958333333333331,0.4823763889427201,3.3684210526315788
984,18,40,15,1.7,0.29427083333333337,0.39999999999999997,3.2
985,18,40,15,1.7,0.29427083333333337,0.39999999999999997,3.2
986,20,47,11,1.7777777777777777,0.21614583333333334,0.49690399499995325,3.5555555555555554
987,19,46,12,1.736842105263158,0.2265625,0.4823763889427201,3.3684210526315788
988,20,43,15,1.7777777777777777,0.27864583333333337,0.49690399499995325,3.5555555555555554
989,20,45,14,1.7777777777777777,0.25520833333333337,0.49690399499995325,3.5555555555555554
990,20,42,13,1.7777777777777777,0.26302083333333337,0.49690399499995325,3.5555555555555554
991,19,41,13,1.736842105263158,0.2682291666666667,0.4823763889427201,3.3684210526315788
992,18,39,13,1.7,0.28645833333333337,0.39999999999999997,3.2
993,18,42,14,1.7,0.2734375,0.39999999999999997,3.2
994,19,39,13,1.736842105263158,0.2838541666666667,0.4823763889427201,3.3684210526315788
995,19,45,12,1.736842105263158,0.2421875,0.4823763889427201,3.3684210526315788
996,19,41,15,1.736842105263158,0.28645833333333337,0.4823763889427201,3.3684210526315788
997,18,41,13,1.7,0.26822916666666663,0.39999999999999997,3.2
998,19,41,14,1.736842105263158,0.27864583333333337,0.4823763889427201,3.3684210526315788
999,18,44,12,1.7,0.2421875,0.39999999999999997,3.2
1000,18,41,16,1.75,0.29427083333333337,0.39999999999999997,3.2
1001,19,44,15,1.736842105263158,0.27083333333333337,0.48237638894272,3.3684210526315788
1002,18,46,13,1.7,0.23958333333333334,0.39999999999999997,3.2
1003,19,40,17,1.736842105263158,0.31770833333333337,0.4823763889427201,3.3684210526315788
1004,19,44,12,1.736842105263158,0.24479166666666669,0.4823763889427201,3.3684210526315788
1005,19,38,16,1.736842105263158,0.3151041666666667,0.4823763889427201,3.3684210526315788
1006,19,45,14,1.736842105263158,0.2526041666666667,0.4823763889427201,3.3684210526315788
1007,20,40,17,1.7777777777777777,0.31510416666666663,0.49690399499995325,3.5555555555555554
1008,19,44,13,1.736842105263158,0.25,0.4823763889427201,3.3684210526315788
1009,18,44,13,1.7,0.25520833333333337,0.39999999999999997,3.2
1010,20,42,15,1.7777777777777777,0.28645833333333337,0.49690399499995325,3.5555555555555554
1011,18,43,15,1.7,0.2734375,0.39999999999999997,3.2
1012,18,44,12,1.7,0.2421875,0.39999999999999997,3.2
1013,19,42,13,1.736842105263158,0.26822916666666663,0.4823763889427201,3.3684210526315788
1014,18,46,12,1.7,0.234375,0.39999999999999997,3.2
1015,19,46,12,1.736842105263158,0.23177083333333331,0.4823763889427201,3.3684210526315788
1016,20,41,13,1.7777777777777777,0.2682291666666667,0.49690399499995325,3.5555555555555554
1017,18,41,12,1.7,0.2578125,0.39999999999999997,3.2
1018,19,41,16,1.736842105263158,0.2994791666666667,0.4823763889427201,3.3684210526315788
1019,18,43,13,1.7,0.2604166666666667,0.39999999999999997,3.2
1020,20,43,16,1.7777777777777777,0.28645833333333337,0.49690399499995325,3.5555555555555554
1021,20,41,14,1.7777777777777777,0.28125,0.49690399499995325,3.5555555555555554
1022,19,45,13,1.736842105263158,0.24739583333333334,0.4823763889427201,3.3684210526315788
1023,18,43,12,1.7,0.25,0.39999999999999997,3.2
1024,18,44,12,1.7,0.24218750000000003,0.39999999999999997,3.2
1025,18,40,13,1.7,0.28125,0.39999999999999997,3.2
1026,19,40,14,1.736842105263158,0.2864583333333333,0.4823763889427201,3.3684210526315788
1027,19,44,13,1.736842105263158,0.25520833333333337,0.4823763889427201,3.3684210526315788
1028,18,40,16,1.7,0.30208333333333337,0.39999999999999997,3.2
1029,19,41,14,1.736842105263158,0.28385416666666663,0.4823763889427201,3.3684210526315788
1030,18,42,14,1.7,0.2734375,0.39999999999999997,3.2
1031,18,42,12,1.7,0.25520833333333337,0.39999999999999997,3.2
1032,19,42,14,1.736842105263158,0.2760416666666667,0.4823763889427201,3.3684210526315788
1033,19,41,13,1.736842105263158,0.2734375,0.4823763889427201,3.3684210526315788
1034,19,42,14,1.736842105263158,0.2760416666666667,0.4823763889427201,3.3684210526315788
1035,20,44,14,1.7777777777777777,0.26302083333333337,0.49690399499995325,3.5555555555555554
1036,18,43,13,1.7,0.2552083333333333,0.39999999999999997,3.2
1037,19,45,13,1.736842105263158,0.24479166666666669,0.4823763889427201,3.3684210526315788
1038,19,41,16,1.736842105263158,0.296875,0.4823763889427201,3.3684210526315788
1039,18,43,12,1.7,0.25,0.39999999999999997,3.2
1040,20,43,15,1.7777777777777777,0.27864583333333337,0.49690399499995325,3.5555555555555554
1041,18,41,17,1.7,0.3072916666666667,0.39999999999999997,3.2
1042,19,49,10,1.736842105263158,0.19270833333333334,0.4823763889427201,3.3684210526315788
1043,19,43,16,1.736842105263158,0.28645833333333337,0.4823763889427201,3.3684210526315788
1044,20,41,16,1.7777777777777777,0.29947916666666663,0.49690399499995325,3.5555555555555554
1045,20,40,15,1.7777777777777777,0.2916666666666667,0.49690399499995325,3.5555555555555554
1046,20,44,12,1.7777777777777777,0.24479166666666666,0.49690399499995325,3.5555555555555554
1047,18,38,15,1.7,0.3125,0.39999999999999997,3.2
1048,18,45,13,1.7,0.24479166666666669,0.39999999999999997,3.2
1049,19,44,13,1.736842105263158,0.2526041666666667,0.4823763889427201,3.3684210526315788
1050,19,39,15,1.736842105263158,0.30208333333333337,0.4823763889427201,3.3684210526315788
1051,20,44,14,1.7777777777777777,0.2630208333333333,0.49690399499995325,3.5555555555555554
1052,19,40,17,1.7894736842105263,0.31770833333333337,0.4823763889427201,3.3684210526315788
1053,18,40,14,1.7,0.29166666666666663,0.39999999999999997,3.2
1054,18,38,14,1.7,0.296875,0.39999999999999997,3.2
1055,20,38,15,1.7777777777777777,0.30989583333333337,0.49690399499995325,3.5555555555555554
1056,19,45,13,1.736842105263158,0.24479166666666669,0.4823763889427201,3.3684210526315788
1057,19,40,16,1.736842105263158,0.3046875,0.4823763889427201,3.3684210526315788
1058,19,41,16,1.736842105263158,0.296875,0.4823763889427201,3.3684210526315788
1059,19,42,13,1.736842105263158,0.2604166666666667,0.4823763889427201,3.3684210526315788
1060,19,43,15,1.736842105263158,0.27864583333333337,0.4823763889427201,3.3684210526315788
1061,19,37,17,1.736842105263158,0.3333333333333333,0.4823763889427201,3.3684210526315788
1062,20,40,13,1.7777777777777777,0.2760416666666667,0.49690399499995325,3.5555555555555554
1063,19,42,13,1.736842105263158,0.2682291666666667,0.4823763889427201,3.3684210526315788
1064,19,40,14,1.736842105263158,0.2916666666666667,0.4823763889427201,3.3684210526315788
1065,19,45,14,1.736842105263158,0.2578125,0.4823763889427201,3.3684210526315788
1066,19,44,15,1.736842105263158,0.27083333333333337,0.4823763889427201,3.3684210526315788
1067,18,39,15,1.65,0.29629629629629634,0.47696960070847283,3.15
1068,20,44,14,1.7777777777777777,0.2604166666666667,0.49690399499995325,3.5555555555555554
1069,18,44,15,1.7,0.2734375,0.39999999999999997,3.2
1070,19,41,16,1.736842105263158,0.2994791666666667,0.4823763889427201,3.3684210526315788
1071,19,40,13,1.736842105263158,0.2760416666666667,0.48237638894272,3.3684210526315788
1072,18,41,16,1.7,0.2994791666666667,0.39999999999999997,3.2
1073,19,38,16,1.736842105263158,0.3203125,0.4823763889427201,3.3684210526315788
1074,18,43,16,1.7,0.28645833333333337,0.39999999999999997,3.2
1075,18,40,15,1.7,0.29427083333333337,0.39999999999999997,3.2
1076,19,35,19,1.736842105263158,0.36458333333333337,0.4823763889427201,3.3684210526315788
1077,19,41,15,1.736842105263158,0.2916666666666667,0.4823763889427201,3.3684210526315788
1078,19,42,14,1.736842105263158,0.27604166666666663,0.4823763889427201,3.3684210526315788
1079,19,37,16,1.736842105263158,0.3203125,0.4823763889427201,3.3684210526315788
1080,20,45,14,1.7777777777777777,0.2526041666666667,0.49690399499995325,3.5555555555555554
1081,18,44,13,1.7,0.25260416666666663,0.39999999999999997,3.2
1082,19,42,15,1.736842105263158,0.28125,0.48237638894272,3.3684210526315788
1083,18,35,18,1.7,0.359375,0.39999999999999997,3.2
1084,18,42,13,1.7,0.265625,0.39999999999999997,3.2
1085,18,42,14,1.7,0.2786458333333333,0.39999999999999997,3.2
1086,20,42,15,1.7777777777777777,0.28385416666666663,0.49690399499995325,3.5555555555555554
1087,18,42,16,1.7,0.2916666666666667,0.39999999999999997,3.2
1088,19,40,15,1.736842105263158,0.30208333333333337,0.4823763889427201,3.3684210526315788
1089,18,41,15,1.7,0.2916666666666667,0.39999999999999997,3.2
1090,19,42,15,1.736842105263158,0.2838541666666667,0.4823763889427201,3.3684210526315788
1091,19,37,17,1.736842105263158,0.3385416666666667,0.4823763889427201,3.3684210526315788
1092,20,40,14,1.7777777777777777,0.29166666666666663,0.49690399499995325,3.5555555555555554
1093,19,45,13,1.736842105263158,0.25,0.4823763889427201,3.3684210526315788
1094,20,38,18,1.7777777777777777,0.34114583333333337,0.49690399499995325,3.5555555555555554
1095,19,44,14,1.736842105263158,0.26302083333333337,0.4823763889427201,3.3684210526315788
1096,20,40,17,1.7777777777777777,0.3125,0.49690399499995325,3.5555555555555554
1097,18,41,16,1.7,0.30208333333333337,0.39999999999999997,3.2
1098,19,37,20,1.736842105263158,0.359375,0.4823763889427201,3.3684210526315788
1099,19,41,11,1.631578947368421,0.25396825396825395,0.5668594533825794,3.3157894736842106
1100,19,43,12,1.736842105263158,0.25,0.4823763889427201,3.3684210526315788
1101,18,41,17,1.7,0.3072916666666667,0.39999999999999997,3.2
1102,19,42,15,1.736842105263158,0.28125,0.4823763889427201,3.3684210526315788
1103,19,38,18,1.736842105263158,0.34114583333333337,0.4823763889427201,3.3684210526315788
1104,19,39,15,1.7894736842105263,0.3046875,0.4823763889427201,3.3684210526315788
1105,19,37,16,1.736842105263158,0.328125,0.4823763889427201,3.3684210526315788
1106,20,37,18,1.7777777777777777,0.3489583333333333,0.49690399499995325,3.5555555555555554
1107,20,38,15,1.7777777777777777,0.3125,0.49690399499995325,3.5555555555555554
1108,19,41,15,1.736842105263158,0.2916666666666667,0.4823763889427201,3.3684210526315788
1109,20,41,16,1.7777777777777777,0.29947916666666663,0.49690399499995325,3.5555555555555554
1110,20,41,14,1.7777777777777777,0.28125,0.49690399499995325,3.5555555555555554
1111,19,40,18,1.736842105263158,0.328125,0.4823763889427201,3.3684210526315788
1112,19,39,15,1.6842105263157894,0.3068783068783069,0.5668594533825794,3.3157894736842106
1113,20,39,15,1.7777777777777777,0.3046875,0.49690399499995325,3.5555555555555554
1114,20,42,12,1.7222222222222223,0.25925925925925924,0.6009252125773316,3.5
1115,19,39,16,1.736842105263158,0.31510416666666663,0.4823763889427201,3.3684210526315788
1116,20,42,15,1.7777777777777777,0.2838541666666667,0.49690399499995325,3.5555555555555554
1117,20,43,14,1.7777777777777777,0.26302083333333337,0.49690399499995325,3.5555555555555554
1118,20,42,18,1.7777777777777777,0.3125,0.49690399499995325,3.5555555555555554
1119,19,43,15,1.736842105263158,0.2786458333333333,0.4823763889427201,3.3684210526315788
1120,18,40,16,1.7,0.3072916666666667,0.39999999999999997,3.2
1121,19,42,12,1.736842105263158,0.2578125,0.4823763889427201,3.3684210526315788
1122,19,43,15,1.6842105263157894,0.2751322751322752,0.5668594533825794,3.3157894736842106
1123,18,44,12,1.7,0.24479166666666663,0.39999999999999997,3.2
1124,19,40,17,1.6842105263157894,0.3148148148148148,0.5668594533825794,3.3157894736842106
1125,20,40,16,1.7777777777777777,0.3072916666666667,0.49690399499995325,3.5555555555555554
1126,18,44,12,1.7,0.24739583333333334,0.39999999999999997,3.2
1127,20,38,16,1.7777777777777777,0.3203125,0.49690399499995325,3.5555555555555554
1128,18,34,18,1.65,0.36772486772486773,0.47696960070847283,3.15
1129,18,40,17,1.7,0.31510416666666663,0.39999999999999997,3.2
1130,19,37,17,1.736842105263158,0.33333333333333337,0.48237638894272,3.3684210526315788
1131,18,40,15,1.7,0.29427083333333337,0.39999999999999997,3.2
1132,19,40,17,1.6842105263157894,0.31481481481481477,0.5668594533825794,3.3157894736842106
1133,20,39,17,1.7777777777777777,0.32552083333333337,0.49690399499995325,3.5555555555555554
1134,18,38,17,1.7,0.33333333333333337,0.39999999999999997,3.2
1135,18,41,15,1.7,0.2942708333333333,0.39999999999999997,3.2
1136,19,40,16,1.736842105263158,0.3046875,0.4823763889427201,3.3684210526315788
1137,19,43,14,1.736842105263158,0.27083333333333337,0.4823763889427201,3.3684210526315788
1138,19,34,20,1.6842105263157894,0.38095238095238093,0.5668594533825794,3.3157894736842106
1139,18,38,19,1.7,0.3489583333333333,0.39999999999999997,3.2
1140,20,42,15,1.7777777777777777,0.28385416666666663,0.49690399499995325,3.5555555555555554
1141,19,37,18,1.6842105263157894,0.3439153439153439,0.5668594533825794,3.3157894736842106
1142,19,38,16,1.736842105263158,0.3229166666666667,0.4823763889427201,3.3684210526315788
1143,18,38,15,1.65,0.31216931216931215,0.47696960070847283,3.15
1144,19,42,15,1.736842105263158,0.2838541666666667,0.4823763889427201,3.3684210526315788
1145,18,35,20,1.7,0.3828125,0.39999999999999997,3.2
1146,19,36,17,1.6842105263157894,0.3412698412698413,0.5668594533825794,3.3157894736842106
1147,19,37,18,1.736842105263158,0.34635416666666663,0.4823763889427201,3.3684210526315788
1148,18,38,13,1.7,0.2942708333333333,0.39999999999999997,3.2
1149,18,40,17,1.7,0.30989583333333337,0.39999999999999997,3.2
1150,19,40,16,1.736842105263158,0.30989583333333337,0.4823763889427201,3.3684210526315788
1151,19,37,15,1.736842105263158,0.3203125,0.4823763889427201,3.3684210526315788
1152,19,39,16,1.736842105263158,0.3125,0.4823763889427201,3.3684210526315788
1153,19,40,16,1.736842105263158,0.3046875,0.48237638894272,3.3684210526315788
1154,17,39,16,1.6666666666666667,0.3151041666666667,0.21295885499997994,3.0476190476190474
1155,18,40,15,1.7,0.29427083333333337,0.39999999999999997,3.2
1156,20,37,18,1.7777777777777777,0.34635416666666663,0.49690399499995325,3.5555555555555554
1157,19,39,16,1.736842105263158,0.30989583333333337,0.4823763889427201,3.3684210526315788
1158,19,39,19,1.736842105263158,0.34375,0.48237638894272,3.3684210526315788
1159,20,42,16,1.7777777777777777,0.29427083333333337,0.49690399499995325,3.5555555555555554
1160,20,39,18,1.7777777777777777,0.33333333333333337,0.49690399499995325,3.5555555555555554
1161,19,38,17,1.736842105263158,0.3307291666666667,0.4823763889427201,3.3684210526315788
1162,19,37,16,1.736842105263158,0.3307291666666667,0.4823763889427201,3.3684210526315788
1163,19,41,16,1.736842105263158,0.29427083333333337,0.4823763889427201,3.3684210526315788
1164,18,41,16,1.7,0.30208333333333337,0.39999999999999997,3.2
1165,19,38,19,1.6842105263157894,0.3465608465608466,0.5668594533825794,3.3157894736842106
1166,19,41,16,1.736842105263158,0.296875,0.4823763889427201,3.3684210526315788
1167,19,37,20,1.736842105263158,0.36458333333333337,0.48237638894272,3.3684210526315788
1168,18,37,20,1.7,0.36458333333333337,0.39999999999999997,3.2
1169,20,34,19,1.7777777777777777,0.3776041666666667,0.49690399499995325,3.5555555555555554
1170,19,40,17,1.736842105263158,0.31770833333333337,0.4823763889427201,3.3684210526315788
1171,20,38,18,1.7777777777777777,0.3359375,0.49690399499995325,3.5555555555555554
1172,18,35,17,1.7,0.35416666666666663,0.39999999999999997,3.2
1173,19,32,18,1.736842105263158,0.38020833333333337,0.4823763889427201,3.3684210526315788
1174,19,39,18,1.6842105263157894,0.33068783068783075,0.5668594533825794,3.3157894736842106
1175,20,39,20,1.7777777777777777,0.3463541666666667,0.49690399499995325,3.5555555555555554
1176,19,41,17,1.736842105263158,0.3098958333333333,0.4823763889427201,3.3684210526315788
1177,20,41,14,1.7777777777777777,0.28125,0.49690399499995325,3.5555555555555554
1178,20,35,19,1.7222222222222223,0.36507936507936506,0.6009252125773316,3.5
1179,19,32,20,1.736842105263158,0.4010416666666667,0.4823763889427201,3.3684210526315788
1180,19,38,18,1.736842105263158,0.34114583333333337,0.4823763889427201,3.3684210526315788
1181,19,36,17,1.736842105263158,0.34375,0.4823763889427201,3.3684210526315788
1182,19,34,19,1.736842105263158,0.37239583333333337,0.48237638894272,3.3684210526315788
1183,19,42,16,1.736842105263158,0.29427083333333337,0.4823763889427201,3.3684210526315788
1184,20,37,19,1.7777777777777777,0.35677083333333337,0.49690399499995325,3.5555555555555554
1185,19,37,17,1.736842105263158,0.34114583333333337,0.4823763889427201,3.3684210526315788
1186,18,39,17,1.7,0.3229166666666667,0.39999999999999997,3.2
1187,19,37,19,1.736842105263158,0.35677083333333337,0.4823763889427201,3.3684210526315788
1188,18,40,17,1.65,0.3148148148148148,0.47696960070847283,3.15
1189,19,41,17,1.736842105263158,0.3098958333333333,0.4823763889427201,3.3684210526315788
1190,19,35,20,1.736842105263158,0.375,0.4823763889427201,3.3684210526315788
1191,19,37,15,1.736842105263158,0.3203125,0.4823763889427201,3.3684210526315788
1192,20,35,19,1.7777777777777777,0.3697916666666667,0.49690399499995325,3.5555555555555554
1193,19,38,16,1.6842105263157894,0.3227513227513228,0.5668594533825794,3.3157894736842106
1194,19,36,18,1.736842105263158,0.3515625,0.4823763889427201,3.3684210526315788
1195,19,38,19,1.736842105263158,0.3489583333333333,0.4823763889427201,3.3684210526315788
1196,20,37,18,1.7777777777777777,0.34635416666666663,0.49690399499995325,3.5555555555555554
1197,18,36,17,1.7,0.34114583333333337,0.39999999999999997,3.2
1198,19,37,18,1.736842105263158,0.34895833333333337,0.4823763889427201,3.3684210526315788
1199,18,34,17,1.7,0.35416666666666663,0.39999999999999997,3.2
1200,18,39,17,1.7,0.3255208333333333,0.39999999999999997,3.2
1201,19,37,18,1.736842105263158,0.3463541666666667,0.4823763889427201,3.3684210526315788
1202,19,35,18,1.736842105263158,0.359375,0.4823763889427201,3.3684210526315788
1203,19,38,17,1.6842105263157894,0.33068783068783075,0.5668594533825794,3.3157894736842106
1204,20,38,19,1.7777777777777777,0.34895833333333337,0.49690399499995325,3.5555555555555554
1205,19,41,16,1.736842105263158,0.30208333333333337,0.4823763889427201,3.3684210526315788
1206,19,32,18,1.736842105263158,0.38020833333333337,0.4823763889427201,3.3684210526315788
1207,19,33,18,1.736842105263158,0.3671875,0.4823763889427201,3.3684210526315788
1208,20,33,18,1.7777777777777777,0.3697916666666667,0.49690399499995325,3.5555555555555554
1209,19,35,20,1.736842105263158,0.3776041666666667,0.4823763889427201,3.3684210526315788
1210,18,35,18,1.7,0.3619791666666667,0.39999999999999997,3.2
1211,20,36,17,1.7777777777777777,0.34635416666666663,0.49690399499995325,3.5555555555555554
1212,19,38,16,1.736842105263158,0.31770833333333337,0.4823763889427201,3.3684210526315788
1213,19,34,21,1.736842105263158,0.39583333333333337,0.48237638894272,3.3684210526315788
1214,19,41,17,1.736842105263158,0.3125,0.4823763889427201,3.3684210526315788
1215,19,39,17,1.736842105263158,0.3229166666666667,0.4823763889427201,3.3684210526315788
1216,19,38,17,1.736842105263158,0.33072916666666663,0.4823763889427201,3.3684210526315788
1217,19,43,17,1.736842105263158,0.29427083333333337,0.4823763889427201,3.3684210526315788
1218,18,40,16,1.7,0.3046875,0.39999999999999997,3.2
1219,19,36,18,1.6842105263157894,0.3492063492063492,0.5668594533825794,3.3157894736842106
1220,19,35,17,1.736842105263158,0.34895833333333337,0.4823763889427201,3.3684210526315788
1221,18,37,17,1.7,0.3385416666666667,0.39999999999999997,3.2
1222,18,35,19,1.7,0.3697916666666667,0.39999999999999997,3.2
1223,19,35,20,1.736842105263158,0.38020833333333337,0.4823763889427201,3.3684210526315788
1224,20,34,19,1.7777777777777777,0.3776041666666667,0.49690399499995325,3.5555555555555554
1225,20,36,20,1.7777777777777777,0.37239583333333337,0.49690399499995325,3.5555555555555554
1226,21,40,19,1.8235294117647058,0.33333333333333337,0.42418250299576343,3.764705882352941
1227,18,33,21,1.7,0.4010416666666667,0.39999999999999997,3.2
1228,19,35,18,1.736842105263158,0.36197916666666663,0.4823763889427201,3.3684210526315788
1229,18,34,18,1.65,0.36772486772486773,0.47696960070847283,3.15
1230,19,37,18,1.736842105263158,0.34895833333333337,0.4823763889427201,3.3684210526315788
1231,19,33,21,1.736842105263158,0.3984375,0.4823763889427201,3.3684210526315788
1232,19,35,19,1.736842105263158,0.3671875,0.4823763889427201,3.3684210526315788
1233,19,39,18,1.736842105263158,0.3307291666666667,0.4823763889427201,3.3684210526315788
1234,19,38,15,1.736842105263158,0.3125,0.4823763889427201,3.3684210526315788
1235,20,38,18,1.7222222222222223,0.33862433862433866,0.6009252125773316,3.5
1236,19,35,18,1.736842105263158,0.3619791666666667,0.4823763889427201,3.3684210526315788
1237,19,35,20,1.736842105263158,0.37760416666666663,0.4823763889427201,3.3684210526315788
1238,19,37,17,1.736842105263158,0.3359375,0.4823763889427201,3.3684210526315788
1239,18,40,17,1.7,0.31770833333333337,0.39999999999999997,3.2
1240,19,39,18,1.736842105263158,0.33333333333333337,0.4823763889427201,3.3684210526315788
1241,19,37,20,1.736842105263158,0.3619791666666667,0.4823763889427201,3.3684210526315788
1242,18,33,19,1.7,0.38020833333333337,0.39999999999999997,3.2
1243,19,36,19,1.6842105263157894,0.3597883597883598,0.5668594533825794,3.3157894736842106
1244,18,33,22,1.7,0.40885416666666663,0.39999999999999997,3.2
1245,19,38,19,1.736842105263158,0.34635416666666663,0.4823763889427201,3.3684210526315788
1246,20,37,19,1.7777777777777777,0.35677083333333337,0.49690399499995325,3.5555555555555554
1247,19,35,18,1.736842105263158,0.3619791666666667,0.48237638894272,3.3684210526315788
1248,18,35,20,1.7,0.37760416666666663,0.39999999999999997,3.2
1249,18,38,17,1.7,0.33072916666666663,0.39999999999999997,3.2
1250,19,34,18,1.736842105263158,0.36979166666666663,0.4823763889427201,3.3684210526315788
1251,18,35,18,1.7,0.35677083333333337,0.39999999999999997,3.2
1252,20,33,19,1.7222222222222223,0.3835978835978836,0.6009252125773316,3.5
1253,20,38,18,1.7777777777777777,0.3385416666666667,0.49690399499995325,3.5555555555555554
1254,20,36,20,1.7777777777777777,0.37239583333333337,0.49690399499995325,3.5555555555555554
1255,19,37,18,1.736842105263158,0.34375,0.4823763889427201,3.3684210526315788
1256,19,36,19,1.736842105263158,0.36458333333333337,0.4823763889427201,3.3684210526315788
1257,19,33,20,1.736842105263158,0.39583333333333337,0.48237638894272,3.3684210526315788
1258,19,36,20,1.736842105263158,0.37239583333333337,0.4823763889427201,3.3684210526315788
1259,19,37,21,1.736842105263158,0.37239583333333337,0.48237638894272,3.3684210526315788
1260,20,35,21,1.7777777777777777,0.38802083333333337,0.49690399499995325,3.5555555555555554
1261,19,39,17,1.736842105263158,0.32552083333333337,0.4823763889427201,3.3684210526315788
1262,18,34,18,1.7,0.3671875,0.39999999999999997,3.2
1263,19,33,22,1.736842105263158,0.4088541666666667,0.4823763889427201,3.3684210526315788
1264,18,33,19,1.7,0.38802083333333337,0.39999999999999997,3.2
1265,20,36,19,1.7777777777777777,0.36458333333333337,0.49690399499995325,3.5555555555555554
1266,19,36,18,1.736842105263158,0.34895833333333337,0.4823763889427201,3.3684210526315788
1267,20,38,17,1.7777777777777777,0.33333333333333337,0.49690399499995325,3.5555555555555554
1268,20,34,18,1.7777777777777777,0.3671875,0.49690399499995325,3.5555555555555554
1269,19,38,19,1.6842105263157894,0.3465608465608466,0.5668594533825794,3.3157894736842106
1270,19,36,19,1.736842105263158,0.36197916666666663,0.4823763889427201,3.3684210526315788
1271,18,37,18,1.65,0.3412698412698413,0.47696960070847283,3.15
1272,19,40,17,1.736842105263158,0.3125,0.4823763889427201,3.3684210526315788
1273,19,36,18,1.736842105263158,0.3567708333333333,0.4823763889427201,3.3684210526315788
1274,19,34,20,1.6842105263157894,0.3862433862433863,0.5668594533825794,3.3157894736842106
1275,19,39,17,1.736842105263158,0.32552083333333337,0.4823763889427201,3.3684210526315788
1276,18,39,15,1.65,0.30687830687830686,0.47696960070847283,3.15
1277,20,36,18,1.7777777777777777,0.35677083333333337,0.49690399499995325,3.5555555555555554
1278,18,36,20,1.7,0.3671875,0.39999999999999997,3.2
1279,19,41,16,1.736842105263158,0.30208333333333337,0.4823763889427201,3.3684210526315788
1280,18,37,18,1.65,0.34391534391534395,0.47696960070847283,3.15
1281,18,34,17,1.7,0.3515625,0.39999999999999997,3.2
1282,19,35,18,1.6842105263157894,0.3624338624338625,0.5668594533825794,3.3157894736842106
1283,20,33,20,1.7777777777777777,0.39322916666666663,0.49690399499995325,3.5555555555555554
1284,19,31,19,1.736842105263158,0.39583333333333337,0.4823763889427201,3.3684210526315788
1285,18,36,18,1.7,0.3463541666666667,0.39999999999999997,3.2
1286,19,37,18,1.736842105263158,0.34895833333333337,0.4823763889427201,3.3684210526315788
1287,20,36,19,1.7222222222222223,0.3597883597883598,0.6009252125773316,3.5
1288,18,37,18,1.7,0.3463541666666667,0.39999999999999997,3.2
1289,19,31,18,1.736842105263158,0.3854166666666667,0.4823763889427201,3.3684210526315788
1290,19,32,22,1.6842105263157894,0.4126984126984127,0.5668594533825794,3.3157894736842106
1291,19,34,16,1.736842105263158,0.3515625,0.4823763889427201,3.3684210526315788
1292,19,33,18,1.736842105263158,0.375,0.4823763889427201,3.3684210526315788
1293,20,34,20,1.7777777777777777,0.38541666666666663,0.49690399499995325,3.5555555555555554
1294,19,41,16,1.736842105263158,0.29947916666666663,0.4823763889427201,3.3684210526315788
1295,19,34,20,1.736842105263158,0.3828125,0.4823763889427201,3.3684210526315788
1296,19,33,21,1.736842105263158,0.4010416666666667,0.48237638894272,3.3684210526315788
1297,19,33,19,1.6842105263157894,0.38095238095238093,0.5668594533825794,3.3157894736842106
1298,19,36,17,1.736842105263158,0.34375,0.48237638894272,3.3684210526315788
1299,19,30,19,1.736842105263158,0.4010416666666667,0.4823763889427201,3.3684210526315788
1300,19,33,18,1.736842105263158,0.375,0.4823763889427201,3.3684210526315788
1301,19,36,18,1.736842105263158,0.3541666666666667,0.4823763889427201,3.3684210526315788
1302,18,38,18,1.7,0.34114583333333337,0.39999999999999997,3.2
1303,19,32,18,1.736842105263158,0.3828125,0.4823763889427201,3.3684210526315788
1304,19,35,19,1.736842105263158,0.3697916666666667,0.4823763889427201,3.3684210526315788
1305,20,34,19,1.7777777777777777,0.38020833333333337,0.49690399499995325,3.5555555555555554
1306,20,38,18,1.7777777777777777,0.34114583333333337,0.49690399499995325,3.5555555555555554
1307,19,36,18,1.736842105263158,0.35677083333333337,0.4823763889427201,3.3684210526315788
1308,19,34,21,1.736842105263158,0.39583333333333337,0.4823763889427201,3.3684210526315788
1309,18,34,19,1.7,0.3776041666666667,0.39999999999999997,3.2
1310,20,34,20,1.7777777777777777,0.38541666666666663,0.49690399499995325,3.5555555555555554
1311,19,36,19,1.736842105263158,0.359375,0.4823763889427201,3.3684210526315788
1312,19,34,19,1.736842105263158,0.3776041666666667,0.4823763889427201,3.3684210526315788
1313,19,33,19,1.736842105263158,0.375,0.4823763889427201,3.3684210526315788
1314,19,33,19,1.6842105263157894,0.3835978835978836,0.5668594533825794,3.3157894736842106
1315,20,37,19,1.7777777777777777,0.35677083333333337,0.49690399499995325,3.5555555555555554
1316,19,34,19,1.736842105263158,0.3776041666666667,0.4823763889427201,3.3684210526315788
1317,19,36,18,1.736842105263158,0.35416666666666663,0.4823763889427201,3.3684210526315788
1318,19,32,19,1.736842105263158,0.390625,0.4823763889427201,3.3684210526315788
1319,20,40,16,1.7777777777777777,0.30729166666666663,0.49690399499995325,3.5555555555555554
1320,18,35,19,1.65,0.36772486772486773,0.47696960070847283,3.15
1321,19,36,17,1.6842105263157894,0.3465608465608466,0.5668594533825794,3.3157894736842106
1322,19,35,17,1.736842105263158,0.35416666666666663,0.4823763889427201,3.3684210526315788
1323,19,36,18,1.736842105263158,0.3541666666666667,0.4823763889427201,3.3684210526315788
1324,20,37,18,1.7777777777777777,0.34895833333333337,0.49690399499995325,3.5555555555555554
1325,19,35,19,1.736842105263158,0.3671875,0.4823763889427201,3.3684210526315788
1326,20,37,18,1.7777777777777777,0.34895833333333337,0.49690399499995325,3.5555555555555554
1327,19,37,18,1.6842105263157894,0.3465608465608466,0.5668594533825794,3.3157894736842106
1328,18,37,17,1.7,0.3411458333333333,0.39999999999999997,3.2
1329,19,35,20,1.736842105263158,0.3776041666666667,0.4823763889427201,3.3684210526315788
1330,19,33,18,1.736842105263158,0.375,0.4823763889427201,3.3684210526315788
1331,19,37,16,1.6842105263157894,0.3253968253968254,0.5668594533825794,3.3157894736842106
1332,20,35,19,1.8333333333333333,0.3671875,0.49690399499995325,3.5555555555555554
1333,18,37,18,1.7,0.3489583333333333,0.39999999999999997,3.2
1334,19,38,16,1.736842105263158,0.3229166666666667,0.4823763889427201,3.3684210526315788
1335,20,37,18,1.7777777777777777,0.3489583333333333,0.49690399499995325,3.5555555555555554
1336,19,36,19,1.736842105263158,0.36197916666666663,0.4823763889427201,3.3684210526315788
1337,20,36,19,1.7777777777777777,0.36458333333333337,0.49690399499995325,3.5555555555555554
1338,18,34,18,1.65,0.36507936507936506,0.47696960070847283,3.15
1339,19,33,19,1.736842105263158,0.3828125,0.4823763889427201,3.3684210526315788
1340,19,36,19,1.736842105263158,0.3645833333333333,0.4823763889427201,3.3684210526315788
1341,19,34,19,1.736842105263158,0.3802083333333333,0.48237638894272,3.3684210526315788
1342,20,31,20,1.7777777777777777,0.40625,0.49690399499995325,3.5555555555555554
1343,18,37,18,1.7,0.3463541666666667,0.39999999999999997,3.2
1344,19,35,20,1.736842105263158,0.37760416666666663,0.4823763889427201,3.3684210526315788
1345,19,34,19,1.736842105263158,0.3776041666666667,0.4823763889427201,3.3684210526315788
1346,19,36,18,1.736842105263158,0.34895833333333337,0.48237638894272,3.3684210526315788
1347,20,32,19,1.7777777777777777,0.38802083333333337,0.49690399499995325,3.5555555555555554
1348,20,34,19,1.7777777777777777,0.3776041666666667,0.49690399499995325,3.5555555555555554
1349,19,34,20,1.736842105263158,0.3828125,0.4823763889427201,3.3684210526315788
1350,19,33,21,1.736842105263158,0.40364583333333337,0.4823763889427201,3.3684210526315788
1351,18,37,17,1.7,0.3411458333333333,0.39999999999999997,3.2
1352,19,35,19,1.736842105263158,0.3671875,0.4823763889427201,3.3684210526315788
1353,20,38,18,1.7777777777777777,0.3411458333333333,0.49690399499995325,3.5555555555555554
1354,20,36,20,1.7777777777777777,0.37239583333333337,0.49690399499995325,3.5555555555555554
1355,20,37,19,1.7777777777777777,0.35677083333333337,0.49690399499995325,3.5555555555555554
1356,19,31,22,1.736842105263158,0.421875,0.4823763889427201,3.3684210526315788
1357,19,34,19,1.736842105263158,0.3776041666666667,0.4823763889427201,3.3684210526315788
1358,20,34,19,1.7777777777777777,0.375,0.49690399499995325,3.5555555555555554
1359,19,32,22,1.736842105263158,0.4166666666666667,0.4823763889427201,3.3684210526315788
1360,18,38,16,1.65,0.3201058201058201,0.47696960070847283,3.15
1361,19,34,19,1.736842105263158,0.3776041666666667,0.4823763889427201,3.3684210526315788
1362,19,35,19,1.736842105263158,0.37239583333333337,0.4823763889427201,3.3684210526315788
1363,19,30,20,1.736842105263158,0.4140625,0.4823763889427201,3.3684210526315788
1364,18,39,17,1.7,0.3255208333333333,0.39999999999999997,3.2
1365,19,33,18,1.736842105263158,0.37239583333333337,0.4823763889427201,3.3684210526315788
1366,19,32,20,1.6842105263157894,0.3968253968253968,0.5668594533825794,3.3157894736842106
1367,18,37,18,1.7,0.34375,0.39999999999999997,3.2
1368,20,33,20,1.7777777777777777,0.390625,0.49690399499995325,3.5555555555555554
1369,19,31,22,1.736842105263158,0.421875,0.4823763889427201,3.3684210526315788
1370,19,34,18,1.736842105263158,0.36197916666666663,0.4823763889427201,3.3684210526315788
1371,19,35,18,1.736842105263158,0.359375,0.4823763889427201,3.3684210526315788
1372,18,33,18,1.65,0.3703703703703703,0.47696960070847283,3.15
1373,20,42,14,1.7777777777777777,0.2786458333333333,0.49690399499995325,3.5555555555555554
1374,19,34,18,1.6842105263157894,0.3677248677248677,0.5668594533825794,3.3157894736842106
1375,19,32,19,1.736842105263158,0.38541666666666663,0.4823763889427201,3.3684210526315788
1376,19,36,19,1.6842105263157894,0.3597883597883598,0.5668594533825794,3.3157894736842106
1377,20,33,20,1.7222222222222223,0.39153439153439157,0.6009252125773316,3.5
1378,18,35,21,1.7,0.3854166666666667,0.39999999999999997,3.2
1379,19,32,21,1.736842105263158,0.40885416666666663,0.4823763889427201,3.3684210526315788
1380,19,32,21,1.736842105263158,0.4088541666666667,0.4823763889427201,3.3684210526315788
1381,19,32,21,1.736842105263158,0.40885416666666663,0.4823763889427201,3.3684210526315788
1382,20,36,18,1.7777777777777777,0.3541666666666667,0.49690399499995325,3.5555555555555554
1383,19,37,18,1.6842105263157894,0.34656084656084657,0.5668594533825794,3.3157894736842106
1384,19,35,20,1.736842105263158,0.38020833333333337,0.4823763889427201,3.3684210526315788
1385,20,34,19,1.7777777777777777,0.3776041666666667,0.49690399499995325,3.5555555555555554
1386,19,34,18,1.6842105263157894,0.36979166666666663,0.4823763889427201,3.3684210526315788
1387,19,31,21,1.736842105263158,0.4140625,0.4823763889427201,3.3684210526315788
1388,18,38,18,1.7,0.3385416666666667,0.39999999999999997,3.2
1389,19,36,18,1.736842105263158,0.3567708333333333,0.48237638894272,3.3684210526315788
1390,19,36,19,1.736842105263158,0.3619791666666667,0.4823763889427201,3.3684210526315788
1391,19,38,19,1.736842105263158,0.34895833333333337,0.4823763889427201,3.3684210526315788
1392,19,35,18,1.736842105263158,0.35416666666666663,0.48237638894272,3.3684210526315788
1393,19,32,19,1.736842105263158,0.3854166666666667,0.4823763889427201,3.3684210526315788
1394,18,37,18,1.7,0.34895833333333337,0.39999999999999997,3.2
1395,19,37,18,1.736842105263158,0.34635416666666663,0.4823763889427201,3.3684210526315788
1396,19,35,18,1.736842105263158,0.359375,0.4823763889427201,3.3684210526315788
1397,19,36,18,1.736842105263158,0.35677083333333337,0.4823763889427201,3.3684210526315788
1398,19,31,19,1.736842105263158,0.39322916666666663,0.4823763889427201,3.3684210526315788
1399,19,35,19,1.736842105263158,0.37239583333333337,0.4823763889427201,3.3684210526315788
1400,18,38,17,1.7,0.3307291666666667,0.39999999999999997,3.2
1401,18,37,18,1.7,0.34375,0.39999999999999997,3.2
1402,19,36,18,1.6842105263157894,0.35185185185185186,0.5668594533825794,3.3157894736842106
1403,19,36,21,1.736842105263158,0.38020833333333337,0.48237638894272,3.3684210526315788
1404,19,33,20,1.736842105263158,0.390625,0.4823763889427201,3.3684210526315788
1405,19,32,19,1.736842105263158,0.390625,0.4823763889427201,3.3684210526315788
1406,19,37,18,1.736842105263158,0.3463541666666667,0.4823763889427201,3.3684210526315788
1407,19,33,21,1.736842105263158,0.40364583333333337,0.4823763889427201,3.3684210526315788
1408,19,32,20,1.736842105263158,0.40104166666666663,0.4823763889427201,3.3684210526315788
1409,19,34,21,1.6842105263157894,0.39153439153439157,0.5668594533825794,3.3157894736842106
1410,18,32,20,1.7,0.40364583333333337,0.39999999999999997,3.2
1411,18,36,18,1.7,0.3515625,0.39999999999999997,3.2
1412,19,33,20,1.736842105263158,0.390625,0.4823763889427201,3.3684210526315788
1413,19,30,24,1.6842105263157894,0.44973544973544977,0.5668594533825794,3.3157894736842106
1414,19,31,20,1.6842105263157894,0.40740740740740744,0.5668594533825794,3.3157894736842106
1415,19,36,19,1.736842105263158,0.359375,0.4823763889427201,3.3684210526315788
1416,18,35,18,1.7,0.3541666666666667,0.39999999999999997,3.2
1417,18,35,18,1.7,0.359375,0.39999999999999997,3.2
1418,19,32,22,1.736842105263158,0.4166666666666667,0.4823763889427201,3.3684210526315788
1419,18,29,22,1.7,0.4375,0.39999999999999997,3.2
1420,18,38,17,1.7,0.3307291666666667,0.39999999999999997,3.2
1421,19,37,20,1.736842105263158,0.36458333333333337,0.4823763889427201,3.3684210526315788
1422,20,32,21,1.7777777777777777,0.4088541666666667,0.49690399499995325,3.5555555555555554
1423,19,32,22,1.736842105263158,0.4166666666666667,0.4823763889427201,3.3684210526315788
1424,19,37,19,1.736842105263158,0.3567708333333333,0.4823763889427201,3.3684210526315788
1425,19,31,21,1.736842105263158,0.4166666666666667,0.4823763889427201,3.3684210526315788
1426,19,34,21,1.736842105263158,0.39322916666666663,0.4823763889427201,3.3684210526315788
1427,19,29,20,1.6842105263157894,0.417989417989418,0.5668594533825794,3.3157894736842106
1428,20,32,20,1.7777777777777777,0.40364583333333337,0.49690399499995325,3.5555555555555554
1429,19,31,21,1.6842105263157894,0.4126984126984127,0.5668594533825794,3.3157894736842106
1430,20,34,19,1.7777777777777777,0.3776041666666667,0.49690399499995325,3.5555555555555554
1431,20,37,18,1.7222222222222223,0.34391534391534395,0.6009252125773316,3.5
1432,19,32,20,1.6842105263157894,0.3968253968253968,0.5668594533825794,3.3157894736842106
1433,18,31,20,1.65,0.40476190476190477,0.47696960070847283,3.15
1434,20,31,21,1.7777777777777777,0.4166666666666667,0.49690399499995325,3.5555555555555554
1435,19,33,19,1.736842105263158,0.38020833333333337,0.4823763889427201,3.3684210526315788
1436,20,34,18,1.7777777777777777,0.3671875,0.49690399499995325,3.5555555555555554
1437,20,32,20,1.7777777777777777,0.4010416666666667,0.49690399499995325,3.5555555555555554
1438,20,32,20,1.7777777777777777,0.4010416666666667,0.49690399499995325,3.5555555555555554
1439,19,37,19,1.736842105263158,0.3567708333333333,0.4823763889427201,3.3684210526315788
1440,19,30,20,1.736842105263158,0.4140625,0.4823763889427201,3.3684210526315788
1441,18,32,20,1.65,0.40211640211640215,0.47696960070847283,3.15
1442,18,32,19,1.65,0.3941798941798942,0.47696960070847283,3.15
1443,20,33,21,1.7777777777777777,0.4010416666666667,0.49690399499995325,3.5555555555555554
1444,20,35,21,1.7777777777777777,0.38802083333333337,0.49690399499995325,3.5555555555555554
1445,19,31,22,1.736842105263158,0.421875,0.4823763889427201,3.3684210526315788
1446,18,32,21,1.65,0.4100529100529101,0.47696960070847283,3.15
1447,18,29,22,1.65,0.4365079365079365,0.47696960070847283,3.15
1448,18,31,21,1.7,0.40885416666666663,0.39999999999999997,3.2
1449,19,33,20,1.6842105263157894,0.39153439153439157,0.5668594533825794,3.3157894736842106
1450,19,33,21,1.736842105263158,0.4010416666666667,0.4823763889427201,3.3684210526315788
1451,18,33,21,1.7,0.3984375,0.39999999999999997,3.2
1452,18,34,18,1.7,0.3671875,0.39999999999999997,3.2
1453,19,29,22,1.736842105263158,0.4348958333333333,0.4823763889427201,3.3684210526315788
1454,19,30,22,1.736842105263158,0.42708333333333337,0.4823763889427201,3.3684210526315788
1455,19,32,21,1.6842105263157894,0.40476190476190477,0.5668594533825794,3.3157894736842106
1456,19,31,20,1.736842105263158,0.40625,0.48237638894272,3.3684210526315788
1457,18,31,21,1.7,0.41145833333333337,0.39999999999999997,3.2
1458,20,33,21,1.7777777777777777,0.4010416666666667,0.49690399499995325,3.5555555555555554
1459,20,32,21,1.7777777777777777,0.40625,0.49690399499995325,3.5555555555555554
1460,20,34,21,1.7777777777777777,0.3958333333333333,0.49690399499995325,3.5555555555555554
1461,19,33,19,1.736842105263158,0.3880208333333333,0.4823763889427201,3.3684210526315788
1462,19,32,21,1.6842105263157894,0.4074074074074074,0.5668594533825794,3.3157894736842106
1463,19,31,21,1.736842105263158,0.41145833333333337,0.4823763889427201,3.3684210526315788
1464,20,33,20,1.7777777777777777,0.390625,0.49690399499995325,3.5555555555555554
1465,19,32,20,1.736842105263158,0.3984375,0.4823763889427201,3.3684210526315788
1466,19,37,19,1.736842105263158,0.3541666666666667,0.4823763889427201,3.3684210526315788
1467,19,30,21,1.6842105263157894,0.42328042328042326,0.5668594533825794,3.3157894736842106
1468,20,32,21,1.7777777777777777,0.41145833333333337,0.49690399499995325,3.5555555555555554
1469,19,34,21,1.736842105263158,0.39583333333333337,0.4823763889427201,3.3684210526315788
1470,19,32,23,1.736842105263158,0.4244791666666667,0.4823763889427201,3.3684210526315788
1471,18,35,18,1.7,0.3619791666666667,0.39999999999999997,3.2
1472,19,36,16,1.6842105263157894,0.33597883597883593,0.5668594533825794,3.3157894736842106
1473,19,30,22,1.736842105263158,0.4296875,0.4823763889427201,3.3684210526315788
1474,19,32,20,1.736842105263158,0.40104166666666663,0.4823763889427201,3.3684210526315788
1475,19,32,22,1.736842105263158,0.4166666666666667,0.4823763889427201,3.3684210526315788
1476,19,31,22,1.736842105263158,0.4244791666666667,0.4823763889427201,3.3684210526315788
1477,19,30,19,1.736842105263158,0.40625,0.4823763889427201,3.3684210526315788
1478,19,33,21,1.736842105263158,0.40364583333333337,0.4823763889427201,3.3684210526315788
1479,18,31,20,1.7,0.4088541666666667,0.39999999999999997,3.2
1480,18,34,19,1.7,0.375,0.39999999999999997,3.2
1481,18,31,23,1.7,0.4296875,0.39999999999999997,3.2
1482,19,31,23,1.736842105263158,0.4322916666666667,0.48237638894272,3.3684210526315788
1483,18,34,20,1.7,0.38541666666666663,0.39999999999999997,3.2
1484,19,31,22,1.736842105263158,0.42447916666666663,0.4823763889427201,3.3684210526315788
1485,19,31,21,1.736842105263158,0.4166666666666667,0.4823763889427201,3.3684210526315788
1486,19,34,22,1.736842105263158,0.40364583333333337,0.4823763889427201,3.3684210526315788
1487,19,29,22,1.6842105263157894,0.4365079365079365,0.5668594533825794,3.3157894736842106
1488,19,29,22,1.736842105263158,0.4375,0.4823763889427201,3.3684210526315788
1489,18,33,22,1.7,0.4088541666666667,0.39999999999999997,3.2
1490,20,35,20,1.7777777777777777,0.3776041666666667,0.49690399499995325,3.5555555555555554
1491,20,34,19,1.7777777777777777,0.37760416666666663,0.49690399499995325,3.5555555555555554
1492,18,30,22,1.7,0.42708333333333337,0.39999999999999997,3.2
1493,19,31,22,1.736842105263158,0.421875,0.4823763889427201,3.3684210526315788
1494,19,32,22,1.736842105263158,0.4140625,0.4823763889427201,3.3684210526315788
1495,19,29,21,1.6842105263157894,0.42857142857142855,0.5668594533825794,3.3157894736842106
1496,20,31,22,1.7777777777777777,0.4244791666666667,0.49690399499995325,3.5555555555555554
1497,20,31,21,1.7222222222222223,0.4126984126984127,0.6009252125773316,3.5
1498,19,31,22,1.736842105263158,0.421875,0.4823763889427201,3.3684210526315788
1499,19,30,23,1.736842105263158,0.4401041666666667,0.48237638894272,3.3684210526315788
1500,20,31,22,1.7777777777777777,0.421875,0.49690399499995325,3.5555555555555554
1501,19,36,17,1.6842105263157894,0.34391534391534395,0.5668594533825794,3.3157894736842106
1502,19,33,21,1.736842105263158,0.40364583333333337,0.4823763889427201,3.3684210526315788
1503,19,33,20,1.736842105263158,0.39322916666666663,0.4823763889427201,3.3684210526315788
1504,19,32,22,1.736842105263158,0.4166666666666667,0.48237638894272,3.3684210526315788
1505,19,34,19,1.6842105263157894,0.37830687830687837,0.5668594533825794,3.3157894736842106
1506,18,29,22,1.7,0.44010416666666663,0.39999999999999997,3.2
1507,19,31,22,1.736842105263158,0.421875,0.4823763889427201,3.3684210526315788
1508,19,33,20,1.736842105263158,0.3932291666666667,0.4823763889427201,3.3684210526315788
1509,19,31,22,1.736842105263158,0.421875,0.48237638894272,3.3684210526315788
1510,19,30,23,1.736842105263158,0.4375,0.4823763889427201,3.3684210526315788
1511,20,32,21,1.7777777777777777,0.4088541666666667,0.49690399499995325,3.5555555555555554
1512,19,33,19,1.736842105263158,0.3828125,0.4823763889427201,3.3684210526315788
1513,19,34,19,1.736842105263158,0.38020833333333337,0.4823763889427201,3.3684210526315788
1514,19,33,20,1.736842105263158,0.3958333333333333,0.4823763889427201,3.3684210526315788
1515,19,32,22,1.736842105263158,0.4166666666666667,0.4823763889427201,3.3684210526315788
1516,19,34,19,1.736842105263158,0.37760416666666663,0.4823763889427201,3.3684210526315788
1517,19,32,21,1.736842105263158,0.4088541666666667,0.4823763889427201,3.3684210526315788
1518,20,31,22,1.7777777777777777,0.421875,0.49690399499995325,3.5555555555555554
1519,19,30,23,1.736842105263158,0.4401041666666667,0.4823763889427201,3.3684210526315788
1520,19,32,22,1.736842105263158,0.41927083333333337,0.4823763889427201,3.3684210526315788
1521,19,34,19,1.736842105263158,0.38020833333333337,0.4823763889427201,3.3684210526315788
1522,19,31,22,1.736842105263158,0.421875,0.4823763889427201,3.3684210526315788
1523,19,30,23,1.6842105263157894,0.4391534391534392,0.5668594533825794,3.3157894736842106
1524,19,32,20,1.736842105263158,0.3984375,0.4823763889427201,3.3684210526315788
1525,20,30,21,1.7222222222222223,0.42063492063492064,0.6009252125773316,3.5
1526,19,33,22,1.736842105263158,0.4088541666666667,0.4823763889427201,3.3684210526315788
1527,19,32,21,1.736842105263158,0.40625,0.4823763889427201,3.3684210526315788
1528,19,30,22,1.6842105263157894,0.4312169312169312,0.5668594533825794,3.3157894736842106
1529,19,40,17,1.736842105263158,0.3177083333333333,0.4823763889427201,3.3684210526315788
1530,19,33,20,1.6842105263157894,0.39153439153439157,0.5668594533825794,3.3157894736842106
1531,19,29,22,1.736842105263158,0.4322916666666667,0.4823763889427201,3.3684210526315788
1532,19,35,20,1.736842105263158,0.375,0.4823763889427201,3.3684210526315788
1533,19,34,19,1.736842105263158,0.37760416666666663,0.4823763889427201,3.3684210526315788
1534,20,31,22,1.7777777777777777,0.4244791666666667,0.49690399499995325,3.5555555555555554
1535,20,31,22,1.7777777777777777,0.421875,0.49690399499995325,3.5555555555555554
1536,20,30,22,1.7777777777777777,0.42708333333333337,0.49690399499995325,3.5555555555555554
1537,19,29,22,1.736842105263158,0.43489583333333337,0.4823763889427201,3.3684210526315788
1538,19,32,21,1.736842105263158,0.40625,0.4823763889427201,3.3684210526315788
1539,20,30,23,1.7777777777777777,0.4401041666666667,0.49690399499995325,3.5555555555555554
1540,18,29,22,1.7,0.4375,0.39999999999999997,3.2
1541,19,32,22,1.736842105263158,0.4166666666666667,0.4823763889427201,3.3684210526315788
1542,19,30,21,1.736842105263158,0.41927083333333337,0.4823763889427201,3.3684210526315788
1543,19,35,19,1.736842105263158,0.37239583333333337,0.4823763889427201,3.3684210526315788
1544,19,31,22,1.736842105263158,0.421875,0.48237638894272,3.3684210526315788
1545,19,31,23,1.736842105263158,0.4322916666666667,0.4823763889427201,3.3684210526315788
1546,19,34,20,1.736842105263158,0.3854166666666667,0.4823763889427201,3.3684210526315788
1547,19,28,22,1.6842105263157894,0.4470899470899471,0.5668594533825794,3.3157894736842106
1548,19,30,23,1.736842105263158,0.44270833333333337,0.4823763889427201,3.3684210526315788
1549,19,31,22,1.736842105263158,0.4244791666666667,0.4823763889427201,3.3684210526315788
1550,19,28,23,1.736842105263158,0.4479166666666667,0.4823763889427201,3.3684210526315788
1551,19,33,20,1.736842105263158,0.3932291666666667,0.4823763889427201,3.3684210526315788
1552,18,27,22,1.7,0.453125,0.39999999999999997,3.2
1553,19,29,23,1.736842105263158,0.4453125,0.4823763889427201,3.3684210526315788
1554,19,34,20,1.736842105263158,0.38541666666666663,0.4823763889427201,3.3684210526315788
1555,19,32,23,1.736842105263158,0.42708333333333337,0.4823763889427201,3.3684210526315788
1556,18,31,22,1.7,0.421875,0.39999999999999997,3.2
1557,19,31,22,1.736842105263158,0.42708333333333337,0.4823763889427201,3.3684210526315788
1558,19,29,22,1.736842105263158,0.43489583333333337,0.4823763889427201,3.3684210526315788
1559,19,31,22,1.736842105263158,0.421875,0.4823763889427201,3.3684210526315788
1560,20,33,20,1.7222222222222223,0.39153439153439157,0.6009252125773316,3.5
1561,19,33,20,1.736842105263158,0.3958333333333333,0.4823763889427201,3.3684210526315788
1562,19,31,22,1.736842105263158,0.4244791666666667,0.4823763889427201,3.3684210526315788
1563,19,32,21,1.6842105263157894,0.4100529100529101,0.5668594533825794,3.3157894736842106
1564,19,30,23,1.736842105263158,0.4375,0.4823763889427201,3.3684210526315788
1565,19,32,22,1.736842105263158,0.4166666666666667,0.48237638894272,3.3684210526315788
1566,20,30,22,1.7777777777777777,0.43489583333333337,0.49690399499995325,3.5555555555555554
1567,19,29,22,1.6842105263157894,0.4365079365079365,0.5668594533825794,3.3157894736842106
1568,20,31,22,1.7777777777777777,0.421875,0.49690399499995325,3.5555555555555554
1569,20,29,23,1.7777777777777777,0.4453125,0.49690399499995325,3.5555555555555554
1570,20,29,23,1.7777777777777777,0.44791666666666663,0.49690399499995325,3.5555555555555554
1571,18,29,24,1.7,0.45312500000000006,0.39999999999999997,3.2
1572,19,30,22,1.736842105263158,0.43489583333333337,0.4823763889427201,3.3684210526315788
1573,19,38,18,1.6842105263157894,0.33862433862433866,0.5668594533825794,3.3157894736842106
1574,19,31,23,1.736842105263158,0.4322916666666667,0.4823763889427201,3.3684210526315788
1575,19,29,22,1.736842105263158,0.4375,0.4823763889427201,3.3684210526315788
1576,19,32,22,1.736842105263158,0.4166666666666667,0.4823763889427201,3.3684210526315788
1577,19,30,23,1.736842105263158,0.4401041666666667,0.4823763889427201,3.3684210526315788
1578,19,29,22,1.736842105263158,0.4322916666666667,0.4823763889427201,3.3684210526315788
1579,20,31,20,1.7777777777777777,0.40364583333333337,0.49690399499995325,3.5555555555555554
1580,20,33,22,1.7777777777777777,0.4088541666666667,0.49690399499995325,3.5555555555555554
1581,20,30,23,1.7777777777777777,0.4401041666666667,0.49690399499995325,3.5555555555555554
1582,19,30,22,1.6842105263157894,0.42857142857142855,0.5668594533825794,3.3157894736842106
1583,20,30,22,1.7777777777777777,0.4322916666666667,0.49690399499995325,3.5555555555555554
1584,20,31,22,1.7777777777777777,0.421875,0.49690399499995325,3.5555555555555554
1585,19,31,23,1.736842105263158,0.43489583333333337,0.4823763889427201,3.3684210526315788
1586,19,30,22,1.736842105263158,0.4296875,0.48237638894272,3.3684210526315788
1587,20,31,22,1.7777777777777777,0.421875,0.49690399499995325,3.5555555555555554
1588,19,30,22,1.6842105263157894,0.42857142857142855,0.5668594533825794,3.3157894736842106
1589,20,30,22,1.7777777777777777,0.4322916666666667,0.49690399499995325,3.5555555555555554
1590,19,31,22,1.736842105263158,0.41927083333333337,0.4823763889427201,3.3684210526315788
1591,20,31,22,1.7777777777777777,0.4244791666666667,0.49690399499995325,3.5555555555555554
1592,19,30,21,1.736842105263158,0.421875,0.4823763889427201,3.3684210526315788
1593,18,29,23,1.7,0.4479166666666667,0.39999999999999997,3.2
1594,19,30,20,1.736842105263158,0.41145833333333337,0.4823763889427201,3.3684210526315788
1595,20,30,22,1.7777777777777777,0.42708333333333337,0.49690399499995325,3.5555555555555554
1596,19,28,24,1.736842105263158,0.46614583333333337,0.4823763889427201,3.3684210526315788
1597,20,32,21,1.7777777777777777,0.40625,0.49690399499995325,3.5555555555555554
1598,19,29,22,1.736842105263158,0.4375,0.4823763889427201,3.3684210526315788
1599,20,31,22,1.7777777777777777,0.421875,0.49690399499995325,3.5555555555555554
1600,20,30,23,1.7777777777777777,0.4375,0.49690399499995325,3.5555555555555554
1601,20,33,21,1.7777777777777777,0.40364583333333337,0.49690399499995325,3.5555555555555554
1602,18,29,22,1.7,0.4375,0.39999999999999997,3.2
1603,19,29,23,1.736842105263158,0.4453125,0.4823763889427201,3.3684210526315788
1604,19,31,22,1.736842105263158,0.421875,0.4823763889427201,3.3684210526315788
1605,20,33,20,1.7777777777777777,0.3932291666666667,0.49690399499995325,3.5555555555555554
1606,18,33,20,1.7,0.3932291666666667,0.39999999999999997,3.2
1607,19,32,22,1.736842105263158,0.4166666666666667,0.4823763889427201,3.3684210526315788
1608,20,30,22,1.7777777777777777,0.43489583333333337,0.49690399499995325,3.5555555555555554
1609,20,32,22,1.7777777777777777,0.41927083333333337,0.49690399499995325,3.5555555555555554
1610,19,29,22,1.736842105263158,0.43489583333333337,0.4823763889427201,3.3684210526315788
1611,19,29,22,1.736842105263158,0.4375,0.4823763889427201,3.3684210526315788
1612,19,28,22,1.736842105263158,0.4453125,0.4823763889427201,3.3684210526315788
1613,19,30,23,1.736842105263158,0.4375,0.4823763889427201,3.3684210526315788
1614,19,33,22,1.736842105263158,0.41145833333333337,0.4823763889427201,3.3684210526315788
1615,19,30,23,1.736842105263158,0.4375,0.4823763889427201,3.3684210526315788
1616,20,29,22,1.7777777777777777,0.4375,0.49690399499995325,3.5555555555555554
1617,19,29,22,1.736842105263158,0.43489583333333337,0.4823763889427201,3.3684210526315788
1618,18,35,19,1.7,0.3723958333333333,0.39999999999999997,3.2
1619,20,31,21,1.7777777777777777,0.4140625,0.49690399499995325,3.5555555555555554
1620,19,31,22,1.736842105263158,0.42708333333333337,0.4823763889427201,3.3684210526315788
1621,19,29,22,1.6842105263157894,0.43386243386243384,0.5668594533825794,3.3157894736842106
1622,20,29,23,1.7777777777777777,0.4453125,0.49690399499995325,3.5555555555555554
1623,19,29,23,1.736842105263158,0.44270833333333337,0.4823763889427201,3.3684210526315788
1624,18,33,21,1.7,0.4010416666666667,0.39999999999999997,3.2
1625,19,29,24,1.736842105263158,0.453125,0.4823763889427201,3.3684210526315788
1626,20,33,21,1.7777777777777777,0.3984375,0.49690399499995325,3.5555555555555554
1627,19,31,22,1.6842105263157894,0.4232804232804233,0.5668594533825794,3.3157894736842106
1628,20,30,22,1.7777777777777777,0.42708333333333337,0.49690399499995325,3.5555555555555554
1629,19,29,21,1.6842105263157894,0.4338624338624339,0.5668594533825794,3.3157894736842106
1630,19,31,22,1.736842105263158,0.421875,0.48237638894272,3.3684210526315788
1631,19,31,22,1.736842105263158,0.4244791666666667,0.4823763889427201,3.3684210526315788
1632,18,29,22,1.7,0.43489583333333337,0.39999999999999997,3.2
1633,19,30,22,1.6842105263157894,0.42857142857142855,0.5668594533825794,3.3157894736842106
1634,19,33,19,1.736842105263158,0.3854166666666667,0.4823763889427201,3.3684210526315788
1635,19,31,22,1.736842105263158,0.4244791666666667,0.4823763889427201,3.3684210526315788
1636,19,30,22,1.6842105263157894,0.42857142857142855,0.5668594533825794,3.3157894736842106
1637,19,31,22,1.736842105263158,0.42708333333333337,0.4823763889427201,3.3684210526315788
1638,20,31,22,1.7777777777777777,0.421875,0.49690399499995325,3.5555555555555554
1639,19,28,22,1.736842105263158,0.4401041666666667,0.4823763889427201,3.3684210526315788
1640,20,31,21,1.7777777777777777,0.4166666666666667,0.49690399499995325,3.5555555555555554
1641,19,30,23,1.736842105263158,0.4375,0.4823763889427201,3.3684210526315788
1642,19,31,19,1.736842105263158,0.4010416666666667,0.4823763889427201,3.3684210526315788
1643,20,37,17,1.7777777777777777,0.3385416666666667,0.49690399499995325,3.5555555555555554
1644,20,33,21,1.7777777777777777,0.4010416666666667,0.49690399499995325,3.5555555555555554
1645,20,32,22,1.7777777777777777,0.4166666666666667,0.49690399499995325,3.5555555555555554
1646,19,32,22,1.736842105263158,0.4166666666666667,0.4823763889427201,3.3684210526315788
1647,19,32,21,1.736842105263158,0.40625,0.4823763889427201,3.3684210526315788
1648,19,30,23,1.736842105263158,0.4375,0.4823763889427201,3.3684210526315788
1649,19,30,22,1.736842105263158,0.4296875,0.4823763889427201,3.3684210526315788
1650,19,29,22,1.736842105263158,0.43489583333333337,0.4823763889427201,3.3684210526315788
1651,19,33,21,1.736842105263158,0.4010416666666667,0.4823763889427201,3.3684210526315788
1652,18,29,23,1.7,0.4453125,0.39999999999999997,3.2
1653,20,32,22,1.7777777777777777,0.4166666666666667,0.49690399499995325,3.5555555555555554
1654,19,29,22,1.6842105263157894,0.4365079365079365,0.5668594533825794,3.3157894736842106
1655,19,31,22,1.6842105263157894,0.4232804232804233,0.5668594533825794,3.3157894736842106
1656,19,29,23,1.736842105263158,0.4453125,0.4823763889427201,3.3684210526315788
1657,20,30,22,1.7777777777777777,0.4322916666666667,0.49690399499995325,3.5555555555555554
1658,20,33,21,1.7222222222222223,0.3994708994708995,0.6009252125773316,3.5
1659,20,32,20,1.7777777777777777,0.4036458333333333,0.49690399499995325,3.5555555555555554
1660,19,30,21,1.736842105263158,0.41927083333333337,0.4823763889427201,3.3684210526315788
1661,19,30,22,1.6842105263157894,0.42857142857142855,0.5668594533825794,3.3157894736842106
1662,19,35,20,1.736842105263158,0.38020833333333337,0.4823763889427201,3.3684210526315788
1663,20,29,23,1.7777777777777777,0.4453125,0.49690399499995325,3.5555555555555554
1664,19,30,23,1.736842105263158,0.4401041666666667,0.4823763889427201,3.3684210526315788
1665,18,36,20,1.7,0.36979166666666663,0.39999999999999997,3.2
1666,19,30,21,1.736842105263158,0.41666666666666663,0.4823763889427201,3.3684210526315788
1667,19,29,23,1.736842105263158,0.4479166666666667,0.4823763889427201,3.3684210526315788
1668,20,30,22,1.7777777777777777,0.4296875,0.49690399499995325,3.5555555555555554
1669,19,29,22,1.736842105263158,0.43489583333333337,0.4823763889427201,3.3684210526315788
1670,19,31,22,1.736842105263158,0.421875,0.48237638894272,3.3684210526315788
1671,19,30,22,1.736842105263158,0.4296875,0.4823763889427201,3.3684210526315788
1672,19,31,22,1.736842105263158,0.4244791666666667,0.4823763889427201,3.3684210526315788
1673,20,30,22,1.7777777777777777,0.4296875,0.49690399499995325,3.5555555555555554
1674,19,30,22,1.736842105263158,0.43229166666666663,0.4823763889427201,3.3684210526315788
1675,19,31,22,1.736842105263158,0.421875,0.4823763889427201,3.3684210526315788
1676,19,30,21,1.6842105263157894,0.425925925925926,0.5668594533825794,3.3157894736842106
1677,19,31,23,1.736842105263158,0.4322916666666667,0.4823763889427201,3.3684210526315788
1678,19,30,22,1.736842105263158,0.4322916666666667,0.4823763889427201,3.3684210526315788
1679,19,30,22,1.736842105263158,0.42708333333333337,0.4823763889427201,3.3684210526315788
1680,20,29,23,1.7777777777777777,0.4453125,0.49690399499995325,3.5555555555555554
1681,20,34,19,1.7777777777777777,0.375,0.49690399499995325,3.5555555555555554
1682,19,29,22,1.736842105263158,0.43489583333333337,0.4823763889427201,3.3684210526315788
1683,19,30,22,1.6842105263157894,0.42857142857142855,0.5668594533825794,3.3157894736842106
1684,19,29,22,1.736842105263158,0.43489583333333337,0.4823763889427201,3.3684210526315788
1685,19,28,22,1.736842105263158,0.44270833333333337,0.4823763889427201,3.3684210526315788
1686,19,36,15,1.6842105263157894,0.33072916666666663,0.4823763889427201,3.3684210526315788
1687,19,31,22,1.736842105263158,0.421875,0.4823763889427201,3.3684210526315788
1688,20,30,22,1.7777777777777777,0.4296875,0.49690399499995325,3.5555555555555554
1689,19,30,22,1.6842105263157894,0.42857142857142855,0.5668594533825794,3.3157894736842106
1690,19,31,21,1.736842105263158,0.4140625,0.4823763889427201,3.3684210526315788
1691,20,29,23,1.7777777777777777,0.4453125,0.49690399499995325,3.5555555555555554
1692,19,28,22,1.736842105263158,0.44270833333333337,0.4823763889427201,3.3684210526315788
1693,20,29,23,1.7777777777777777,0.4453125,0.49690399499995325,3.5555555555555554
1694,19,29,22,1.736842105263158,0.43489583333333337,0.48237638894272,3.3684210526315788
1695,19,35,20,1.736842105263158,0.375,0.4823763889427201,3.3684210526315788
1696,19,35,21,1.736842105263158,0.3854166666666667,0.4823763889427201,3.3684210526315788
1697,19,34,20,1.736842105263158,0.3828125,0.4823763889427201,3.3684210526315788
1698,20,33,20,1.7777777777777777,0.390625,0.49690399499995325,3.5555555555555554
1699,19,33,21,1.736842105263158,0.40625,0.4823763889427201,3.3684210526315788
1700,20,31,22,1.7777777777777777,0.421875,0.49690399499995325,3.5555555555555554
1701,19,30,23,1.736842105263158,0.4375,0.4823763889427201,3.3684210526315788
1702,19,29,22,1.736842105263158,0.43489583333333337,0.4823763889427201,3.3684210526315788
1703,19,29,22,1.736842105263158,0.43489583333333337,0.4823763889427201,3.3684210526315788
1704,19,29,22,1.736842105263158,0.43489583333333337,0.4823763889427201,3.3684210526315788
1705,19,28,22,1.736842105263158,0.44270833333333337,0.4823763889427201,3.3684210526315788
1706,19,30,22,1.736842105263158,0.42708333333333337,0.4823763889427201,3.3684210526315788
1707,19,33,21,1.7894736842105263,0.4010416666666667,0.4823763889427201,3.3684210526315788
1708,20,34,18,1.7777777777777777,0.37239583333333337,0.49690399499995325,3.5555555555555554
1709,20,31,22,1.7777777777777777,0.421875,0.49690399499995325,3.5555555555555554
1710,19,30,23,1.736842105263158,0.4375,0.48237638894272,3.3684210526315788
1711,19,28,23,1.736842105263158,0.45052083333333337,0.4823763889427201,3.3684210526315788
1712,19,30,22,1.6842105263157894,0.42857142857142855,0.5668594533825794,3.3157894736842106
1713,19,32,20,1.6842105263157894,0.3994708994708994,0.5668594533825794,3.3157894736842106
1714,19,30,22,1.6842105263157894,0.4312169312169312,0.5668594533825794,3.3157894736842106
1715,19,29,22,1.736842105263158,0.44270833333333337,0.4823763889427201,3.3684210526315788
1716,19,30,23,1.736842105263158,0.4375,0.4823763889427201,3.3684210526315788
1717,19,29,22,1.736842105263158,0.43489583333333337,0.4823763889427201,3.3684210526315788
1718,19,31,23,1.736842105263158,0.4322916666666667,0.4823763889427201,3.3684210526315788
1719,19,31,22,1.736842105263158,0.41927083333333337,0.4823763889427201,3.3684210526315788
1720,19,28,22,1.736842105263158,0.44270833333333337,0.4823763889427201,3.3684210526315788
1721,19,30,22,1.736842105263158,0.4296875,0.4823763889427201,3.3684210526315788
1722,19,29,22,1.736842105263158,0.43489583333333337,0.4823763889427201,3.3684210526315788
1723,19,29,22,1.736842105263158,0.43489583333333337,0.4823763889427201,3.3684210526315788
1724,19,29,22,1.736842105263158,0.43489583333333337,0.4823763889427201,3.3684210526315788
1725,19,31,21,1.736842105263158,0.4140625,0.4823763889427201,3.3684210526315788
1726,20,29,22,1.7222222222222223,0.4365079365079365,0.6009252125773316,3.5
1727,20,29,23,1.7777777777777777,0.4453125,0.49690399499995325,3.5555555555555554
1728,19,29,22,1.6842105263157894,0.4365079365079365,0.5668594533825794,3.3157894736842106
1729,19,29,22,1.736842105263158,0.43489583333333337,0.4823763889427201,3.3684210526315788
1730,19,31,19,1.6842105263157894,0.3968253968253968,0.5668594533825794,3.3157894736842106
1731,19,29,22,1.736842105263158,0.4401041666666667,0.4823763889427201,3.3684210526315788
1732,19,30,23,1.736842105263158,0.4375,0.4823763889427201,3.3684210526315788
1733,19,30,22,1.6842105263157894,0.4312169312169312,0.5668594533825794,3.3157894736842106
1734,19,29,22,1.6842105263157894,0.4365079365079365,0.5668594533825794,3.3157894736842106
1735,19,31,22,1.6842105263157894,0.4232804232804233,0.5668594533825794,3.3157894736842106
1736,19,33,20,1.736842105263158,0.3854166666666667,0.4823763889427201,3.3684210526315788
1737,19,28,22,1.736842105263158,0.44270833333333337,0.4823763889427201,3.3684210526315788
1738,19,30,22,1.736842105263158,0.42708333333333337,0.4823763889427201,3.3684210526315788
1739,19,28,22,1.736842105263158,0.44270833333333337,0.4823763889427201,3.3684210526315788
1740,19,29,22,1.736842105263158,0.4375,0.4823763889427201,3.3684210526315788
1741,19,29,22,1.736842105263158,0.43489583333333337,0.4823763889427201,3.3684210526315788
1742,19,28,22,1.736842105263158,0.44270833333333337,0.4823763889427201,3.3684210526315788
1743,19,30,21,1.736842105263158,0.421875,0.4823763889427201,3.3684210526315788
1744,19,28,22,1.736842105263158,0.44270833333333337,0.4823763889427201,3.3684210526315788
1745,19,29,22,1.736842105263158,0.43489583333333337,0.4823763889427201,3.3684210526315788
1746,20,31,22,1.7777777777777777,0.4244791666666667,0.49690399499995325,3.5555555555555554
1747,20,30,22,1.7777777777777777,0.4296875,0.49690399499995325,3.5555555555555554
1748,19,28,22,1.736842105263158,0.44270833333333337,0.4823763889427201,3.3684210526315788
1749,19,29,22,1.736842105263158,0.43489583333333337,0.4823763889427201,3.3684210526315788
1750,19,29,20,1.736842105263158,0.41927083333333337,0.4823763889427201,3.3684210526315788
1751,19,30,22,1.6842105263157894,0.42857142857142855,0.5668594533825794,3.3157894736842106
1752,19,35,20,1.736842105263158,0.3776041666666667,0.4823763889427201,3.3684210526315788
1753,19,29,22,1.736842105263158,0.4375,0.4823763889427201,3.3684210526315788
1754,20,31,22,1.7777777777777777,0.42708333333333337,0.49690399499995325,3.5555555555555554
1755,19,27,22,1.736842105263158,0.453125,0.4823763889427201,3.3684210526315788
1756,19,33,20,1.736842105263158,0.3932291666666667,0.4823763889427201,3.3684210526315788
1757,19,28,22,1.736842105263158,0.44270833333333337,0.4823763889427201,3.3684210526315788
1758,20,29,22,1.7777777777777777,0.4375,0.49690399499995325,3.5555555555555554
1759,19,31,21,1.6842105263157894,0.4153439153439153,0.5668594533825794,3.3157894736842106
1760,19,29,22,1.736842105263158,0.43489583333333337,0.4823763889427201,3.3684210526315788
1761,20,30,23,1.7777777777777777,0.4375,0.49690399499995325,3.5555555555555554
1762,19,34,16,1.736842105263158,0.3518518518518518,0.5668594533825794,3.3157894736842106
1763,19,29,22,1.736842105263158,0.43489583333333337,0.4823763889427201,3.3684210526315788
1764,19,32,18,1.736842105263158,0.3828125,0.4823763889427201,3.3684210526315788
1765,19,28,22,1.736842105263158,0.44270833333333337,0.4823763889427201,3.3684210526315788
1766,19,28,22,1.736842105263158,0.44270833333333337,0.4823763889427201,3.3684210526315788
1767,19,31,18,1.736842105263158,0.38802083333333337,0.4823763889427201,3.3684210526315788
1768,19,31,22,1.736842105263158,0.421875,0.4823763889427201,3.3684210526315788
1769,19,30,22,1.6842105263157894,0.42857142857142855,0.5668594533825794,3.3157894736842106
1770,19,28,22,1.736842105263158,0.44270833333333337,0.4823763889427201,3.3684210526315788
1771,20,34,22,1.7777777777777777,0.40364583333333337,0.49690399499995325,3.5555555555555554
1772,19,30,22,1.6842105263157894,0.42857142857142855,0.5668594533825794,3.3157894736842106
1773,19,28,22,1.736842105263158,0.4453125,0.4823763889427201,3.3684210526315788
1774,19,29,22,1.736842105263158,0.4375,0.4823763889427201,3.3684210526315788
1775,20,30,22,1.7777777777777777,0.4296875,0.49690399499995325,3.5555555555555554
1776,19,30,22,1.736842105263158,0.4296875,0.4823763889427201,3.3684210526315788
1777,19,30,22,1.6842105263157894,0.4312169312169312,0.5668594533825794,3.3157894736842106
1778,20,31,22,1.7777777777777777,0.4244791666666667,0.49690399499995325,3.5555555555555554
1779,19,29,23,1.736842105263158,0.4479166666666667,0.4823763889427201,3.3684210526315788
1780,20,31,22,1.7777777777777777,0.421875,0.49690399499995325,3.5555555555555554
1781,20,30,22,1.7222222222222223,0.42857142857142855,0.6009252125773316,3.5
1782,19,29,22,1.736842105263158,0.4375,0.4823763889427201,3.3684210526315788
1783,18,30,22,1.7,0.43489583333333337,0.39999999999999997,3.2
1784,20,31,22,1.7777777777777777,0.4244791666666667,0.49690399499995325,3.5555555555555554
1785,19,30,22,1.736842105263158,0.4296875,0.4823763889427201,3.3684210526315788
1786,19,30,22,1.736842105263158,0.4296875,0.4823763889427201,3.3684210526315788
1787,19,29,22,1.736842105263158,0.43489583333333337,0.4823763889427201,3.3684210526315788
1788,20,30,23,1.7777777777777777,0.4375,0.49690399499995325,3.5555555555555554
1789,19,29,22,1.736842105263158,0.43489583333333337,0.4823763889427201,3.3684210526315788
1790,19,31,22,1.736842105263158,0.421875,0.4823763889427201,3.3684210526315788
1791,20,30,22,1.7777777777777777,0.4296875,0.49690399499995325,3.5555555555555554
1792,19,30,22,1.736842105263158,0.42708333333333337,0.4823763889427201,3.3684210526315788
1793,19,30,24,1.736842105263158,0.4479166666666667,0.4823763889427201,3.3684210526315788
1794,19,30,22,1.736842105263158,0.4296875,0.4823763889427201,3.3684210526315788
1795,19,29,22,1.736842105263158,0.43489583333333337,0.4823763889427201,3.3684210526315788
1796,19,31,22,1.736842105263158,0.421875,0.4823763889427201,3.3684210526315788
1797,20,32,22,1.7777777777777777,0.4166666666666667,0.49690399499995325,3.5555555555555554
1798,19,31,22,1.736842105263158,0.421875,0.4823763889427201,3.3684210526315788
1799,19,29,22,1.736842105263158,0.4375,0.4823763889427201,3.3684210526315788
1800,19,28,22,1.6842105263157894,0.44973544973544977,0.5668594533825794,3.3157894736842106
1801,20,30,23,1.7777777777777777,0.4375,0.49690399499995325,3.5555555555555554
1802,19,28,22,1.736842105263158,0.44270833333333337,0.4823763889427201,3.3684210526315788
1803,19,31,21,1.736842105263158,0.4140625,0.4823763889427201,3.3684210526315788
1804,19,30,22,1.736842105263158,0.4296875,0.4823763889427201,3.3684210526315788
1805,19,30,22,1.736842105263158,0.43229166666666663,0.4823763889427201,3.3684210526315788
1806,19,29,22,1.6842105263157894,0.4391534391534392,0.5668594533825794,3.3157894736842106
1807,20,30,23,1.7777777777777777,0.4375,0.49690399499995325,3.5555555555555554
1808,20,30,23,1.7777777777777777,0.4375,0.49690399499995325,3.5555555555555554
1809,19,29,22,1.736842105263158,0.43489583333333337,0.4823763889427201,3.3684210526315788
1810,19,29,22,1.736842105263158,0.43489583333333337,0.4823763889427201,3.3684210526315788
1811,19,30,22,1.736842105263158,0.4296875,0.4823763889427201,3.3684210526315788
1812,19,31,22,1.736842105263158,0.42447916666666663,0.4823763889427201,3.3684210526315788
1813,18,29,20,1.7,0.41666666666666663,0.39999999999999997,3.2
1814,19,37,14,1.6842105263157894,0.3125,0.4823763889427201,3.3684210526315788
1815,19,28,22,1.736842105263158,0.44270833333333337,0.4823763889427201,3.3684210526315788
1816,19,31,22,1.736842105263158,0.42708333333333337,0.4823763889427201,3.3684210526315788
1817,19,29,22,1.736842105263158,0.43489583333333337,0.4823763889427201,3.3684210526315788
1818,18,32,21,1.7,0.40625,0.39999999999999997,3.2
1819,19,29,22,1.736842105263158,0.44010416666666663,0.4823763889427201,3.3684210526315788
1820,19,29,22,1.736842105263158,0.43489583333333337,0.48237638894272,3.3684210526315788
1821,19,30,22,1.6842105263157894,0.4338624338624339,0.5668594533825794,3.3157894736842106
1822,20,30,22,1.7777777777777777,0.42708333333333337,0.49690399499995325,3.5555555555555554
1823,20,30,23,1.7777777777777777,0.4401041666666667,0.49690399499995325,3.5555555555555554
1824,19,29,22,1.736842105263158,0.4322916666666667,0.4823763889427201,3.3684210526315788
1825,19,31,23,1.736842105263158,0.4322916666666667,0.48237638894272,3.3684210526315788
1826,19,29,22,1.736842105263158,0.4375,0.4823763889427201,3.3684210526315788
1827,19,29,22,1.736842105263158,0.4375,0.4823763889427201,3.3684210526315788
1828,20,31,22,1.7777777777777777,0.421875,0.49690399499995325,3.5555555555555554
1829,19,29,22,1.736842105263158,0.4375,0.4823763889427201,3.3684210526315788
1830,18,31,22,1.7,0.42708333333333337,0.39999999999999997,3.2
1831,19,30,22,1.736842105263158,0.4296875,0.4823763889427201,3.3684210526315788
1832,19,29,22,1.736842105263158,0.43489583333333337,0.4823763889427201,3.3684210526315788
1833,19,29,22,1.736842105263158,0.43489583333333337,0.4823763889427201,3.3684210526315788
1834,19,30,22,1.736842105263158,0.4296875,0.48237638894272,3.3684210526315788
1835,19,29,22,1.736842105263158,0.4375,0.4823763889427201,3.3684210526315788
1836,18,29,22,1.7,0.4375,0.39999999999999997,3.2
1837,19,29,22,1.736842105263158,0.4375,0.4823763889427201,3.3684210526315788
1838,19,32,19,1.736842105263158,0.390625,0.4823763889427201,3.3684210526315788
1839,19,28,22,1.736842105263158,0.44270833333333337,0.4823763889427201,3.3684210526315788
1840,19,31,21,1.736842105263158,0.41145833333333337,0.4823763889427201,3.3684210526315788
1841,19,29,22,1.736842105263158,0.44010416666666663,0.4823763889427201,3.3684210526315788
1842,18,29,21,1.7,0.43229166666666663,0.39999999999999997,3.2
1843,19,38,18,1.736842105263158,0.3385416666666667,0.4823763889427201,3.3684210526315788
1844,19,29,22,1.736842105263158,0.43489583333333337,0.4823763889427201,3.3684210526315788
1845,19,29,22,1.736842105263158,0.4375,0.4823763889427201,3.3684210526315788
1846,19,29,22,1.736842105263158,0.44010416666666663,0.4823763889427201,3.3684210526315788
1847,19,29,22,1.736842105263158,0.43489583333333337,0.4823763889427201,3.3684210526315788
1848,19,29,22,1.736842105263158,0.44010416666666663,0.4823763889427201,3.3684210526315788
1849,19,32,21,1.7894736842105263,0.40625,0.4823763889427201,3.3684210526315788
1850,19,28,22,1.736842105263158,0.44270833333333337,0.4823763889427201,3.3684210526315788
1851,19,29,22,1.736842105263158,0.43489583333333337,0.4823763889427201,3.3684210526315788
1852,19,36,18,1.736842105263158,0.3515625,0.4823763889427201,3.3684210526315788
1853,19,29,22,1.736842105263158,0.4375,0.4823763889427201,3.3684210526315788
1854,19,28,22,1.736842105263158,0.44270833333333337,0.4823763889427201,3.3684210526315788
1855,20,29,23,1.7777777777777777,0.4453125,0.49690399499995325,3.5555555555555554
1856,20,31,23,1.7777777777777777,0.4296875,0.49690399499995325,3.5555555555555554
1857,19,29,22,1.736842105263158,0.44010416666666663,0.4823763889427201,3.3684210526315788
1858,19,28,22,1.736842105263158,0.44791666666666663,0.4823763889427201,3.3684210526315788
1859,20,29,22,1.7777777777777777,0.4375,0.49690399499995325,3.5555555555555554
1860,19,30,22,1.736842105263158,0.43229166666666663,0.4823763889427201,3.3684210526315788
1861,19,31,22,1.736842105263158,0.421875,0.4823763889427201,3.3684210526315788
1862,19,30,22,1.736842105263158,0.4322916666666667,0.4823763889427201,3.3684210526315788
1863,20,32,19,1.7777777777777777,0.390625,0.49690399499995325,3.5555555555555554
1864,19,35,20,1.736842105263158,0.38020833333333337,0.4823763889427201,3.3684210526315788
1865,19,29,22,1.736842105263158,0.44010416666666663,0.4823763889427201,3.3684210526315788
1866,19,30,22,1.736842105263158,0.4296875,0.4823763889427201,3.3684210526315788
1867,19,29,22,1.736842105263158,0.44010416666666663,0.4823763889427201,3.3684210526315788
1868,19,29,22,1.736842105263158,0.43489583333333337,0.4823763889427201,3.3684210526315788
1869,19,30,22,1.736842105263158,0.4296875,0.4823763889427201,3.3684210526315788
1870,19,29,22,1.736842105263158,0.4375,0.4823763889427201,3.3684210526315788
1871,19,29,22,1.736842105263158,0.44010416666666663,0.4823763889427201,3.3684210526315788
1872,19,28,22,1.736842105263158,0.4453125,0.4823763889427201,3.3684210526315788
1873,19,28,22,1.736842105263158,0.44791666666666663,0.4823763889427201,3.3684210526315788
1874,19,28,22,1.736842105263158,0.44270833333333337,0.4823763889427201,3.3684210526315788
1875,19,30,22,1.736842105263158,0.43229166666666663,0.4823763889427201,3.3684210526315788
1876,19,29,22,1.736842105263158,0.43489583333333337,0.4823763889427201,3.3684210526315788
1877,19,28,23,1.736842105263158,0.45052083333333337,0.4823763889427201,3.3684210526315788
1879,19,29,22,1.736842105263158,0.43489583333333337,0.4823763889427201,3.3684210526315788
1880,19,29,22,1.736842105263158,0.43489583333333337,0.4823763889427201,3.3684210526315788
1881,19,29,22,1.736842105263158,0.43489583333333337,0.4823763889427201,3.3684210526315788
1882,19,29,22,1.736842105263158,0.43489583333333337,0.4823763889427201,3.3684210526315788
1883,19,29,22,1.736842105263158,0.43489583333333337,0.4823763889427201,3.3684210526315788
1884,19,29,22,1.736842105263158,0.43489583333333337,0.4823763889427201,3.3684210526315788
1885,19,29,22,1.736842105263158,0.43489583333333337,0.4823763889427201,3.3684210526315788
1886,19,29,22,1.736842105263158,0.43489583333333337,0.4823763889427201,3.3684210526315788
1887,19,29,22,1.736842105263158,0.43489583333333337,0.4823763889427201,3.3684210526315788
1888,19,29,22,1.736842105263158,0.43489583333333337,0.4823763889427201,3.3684210526315788
