Episode,Desafios_sin_equipo,Estudiantes_fuera_preferencias,Estudiantes_primera_prioridad,Promedio_carreras_por_equipo,Satisfaccion_promedio,STD_tamano_equipos,Tamano_promedio_equipo
2,18,56,1,1.75,0.06770833333333333,0.39999999999999997,3.2
3,17,57,2,1.7142857142857142,0.06249999999999999,0.21295885499997994,3.0476190476190474
4,20,61,0,1.8333333333333333,0.020833333333333332,0.49690399499995325,3.5555555555555554
5,18,53,4,1.75,0.109375,0.39999999999999997,3.2
6,18,58,5,1.75,0.08333333333333333,0.39999999999999997,3.2
7,18,61,1,1.75,0.028645833333333332,0.39999999999999997,3.2
8,17,59,1,1.7142857142857142,0.04427083333333333,0.21295885499997994,3.0476190476190474
9,18,60,2,1.75,0.046875,0.39999999999999997,3.2
10,17,58,2,1.7142857142857142,0.0546875,0.21295885499997994,3.0476190476190474
11,18,57,5,1.75,0.09114583333333333,0.39999999999999997,3.2
12,18,60,1,1.75,0.03645833333333333,0.39999999999999997,3.2
13,18,61,0,1.75,0.018229166666666664,0.39999999999999997,3.2
14,20,60,1,1.8333333333333333,0.0390625,0.49690399499995325,3.5555555555555554
15,19,57,5,1.7894736842105263,0.08854166666666667,0.48237638894272,3.3684210526315788
16,18,57,3,1.75,0.07552083333333333,0.39999999999999997,3.2
17,18,61,0,1.75,0.0234375,0.39999999999999997,3.2
18,17,58,6,1.7142857142857142,0.09375,0.21295885499997994,3.0476190476190474
19,17,59,4,1.7142857142857142,0.0703125,0.21295885499997994,3.0476190476190474
20,17,62,1,1.7142857142857142,0.0234375,0.21295885499997994,3.0476190476190474
21,18,56,4,1.75,0.08854166666666666,0.39999999999999997,3.2
22,18,57,3,1.75,0.0703125,0.39999999999999997,3.2
23,17,59,1,1.7142857142857142,0.041666666666666664,0.21295885499997994,3.0476190476190474
24,17,57,6,1.7142857142857142,0.1015625,0.21295885499997994,3.0476190476190474
25,18,62,0,1.75,0.015625,0.39999999999999997,3.2
26,18,61,2,1.75,0.03645833333333333,0.39999999999999997,3.2
27,18,59,1,1.7,0.0390625,0.39999999999999997,3.2
28,17,56,3,1.7142857142857142,0.08333333333333333,0.21295885499997994,3.0476190476190474
29,18,61,0,1.75,0.0234375,0.39999999999999997,3.2
30,19,59,1,1.7894736842105263,0.04427083333333333,0.48237638894272,3.3684210526315788
31,19,58,1,1.7894736842105263,0.044270833333333336,0.4823763889427201,3.3684210526315788
32,18,59,1,1.75,0.041666666666666664,0.39999999999999997,3.2
33,19,57,6,1.7894736842105263,0.09895833333333333,0.4823763889427201,3.3684210526315788
34,19,58,3,1.7894736842105263,0.06770833333333333,0.4823763889427201,3.3684210526315788
35,18,58,1,1.75,0.0546875,0.39999999999999997,3.2
36,18,61,1,1.75,0.03125,0.39999999999999997,3.2
37,17,63,1,1.7142857142857142,0.015625,0.21295885499997994,3.0476190476190474
38,17,55,3,1.7142857142857142,0.08854166666666666,0.21295885499997994,3.0476190476190474
39,19,61,0,1.7894736842105263,0.020833333333333332,0.4823763889427201,3.3684210526315788
40,17,59,3,1.7142857142857142,0.05989583333333333,0.21295885499997994,3.0476190476190474
41,18,61,1,1.75,0.028645833333333332,0.39999999999999997,3.2
42,17,59,2,1.7142857142857142,0.049479166666666664,0.21295885499997994,3.0476190476190474
43,19,61,1,1.7894736842105263,0.028645833333333332,0.4823763889427201,3.3684210526315788
44,18,56,3,1.75,0.08072916666666666,0.39999999999999997,3.2
45,18,61,1,1.7,0.028645833333333332,0.39999999999999997,3.2
46,19,58,2,1.7894736842105263,0.059895833333333336,0.48237638894272,3.3684210526315788
47,19,58,3,1.7894736842105263,0.06510416666666666,0.4823763889427201,3.3684210526315788
48,18,57,2,1.75,0.0625,0.39999999999999997,3.2
49,18,59,2,1.75,0.049479166666666664,0.39999999999999997,3.2
50,18,58,4,1.75,0.078125,0.39999999999999997,3.2
51,18,57,2,1.75,0.0625,0.39999999999999997,3.2
52,18,62,0,1.75,0.015625,0.39999999999999997,3.2
53,18,63,1,1.75,0.015625,0.39999999999999997,3.2
54,19,57,1,1.7894736842105263,0.05729166666666666,0.48237638894272,3.3684210526315788
55,18,57,4,1.75,0.0859375,0.39999999999999997,3.2
56,18,57,3,1.75,0.07291666666666666,0.39999999999999997,3.2
57,17,54,3,1.619047619047619,0.09635416666666667,0.21295885499997994,3.0476190476190474
58,19,57,1,1.7894736842105263,0.057291666666666664,0.4823763889427201,3.3684210526315788
59,19,58,0,1.7894736842105263,0.03645833333333333,0.4823763889427201,3.3684210526315788
60,17,55,3,1.7142857142857142,0.08072916666666666,0.21295885499997994,3.0476190476190474
61,17,57,1,1.7142857142857142,0.057291666666666664,0.21295885499997994,3.0476190476190474
62,18,56,3,1.75,0.08072916666666666,0.39999999999999997,3.2
63,17,62,1,1.7142857142857142,0.0234375,0.21295885499997994,3.0476190476190474
64,17,62,1,1.6666666666666667,0.0234375,0.21295885499997994,3.0476190476190474
65,18,63,0,1.75,0.0078125,0.39999999999999997,3.2
66,19,60,0,1.7894736842105263,0.026041666666666664,0.48237638894272,3.3684210526315788
67,17,59,2,1.7142857142857142,0.04687499999999999,0.21295885499997994,3.0476190476190474
68,18,63,0,1.75,0.005208333333333333,0.39999999999999997,3.2
69,20,61,2,1.8333333333333333,0.0390625,0.49690399499995325,3.5555555555555554
70,18,58,1,1.75,0.041666666666666664,0.39999999999999997,3.2
71,18,63,1,1.7,0.015625,0.39999999999999997,3.2
72,17,62,2,1.7142857142857142,0.03125,0.21295885499997994,3.0476190476190474
73,18,57,3,1.75,0.07552083333333333,0.39999999999999997,3.2
74,17,58,3,1.7142857142857142,0.06510416666666666,0.21295885499997994,3.0476190476190474
75,19,58,1,1.7894736842105263,0.049479166666666664,0.48237638894272,3.3684210526315788
76,18,59,2,1.75,0.05208333333333333,0.39999999999999997,3.2
77,18,59,1,1.75,0.04427083333333333,0.39999999999999997,3.2
78,18,56,3,1.75,0.07552083333333333,0.39999999999999997,3.2
79,18,58,2,1.75,0.05208333333333333,0.39999999999999997,3.2
80,19,59,3,1.7894736842105263,0.0625,0.4823763889427201,3.3684210526315788
81,18,60,1,1.75,0.033854166666666664,0.39999999999999997,3.2
82,18,59,2,1.75,0.049479166666666664,0.39999999999999997,3.2
83,17,61,1,1.7142857142857142,0.026041666666666664,0.21295885499997994,3.0476190476190474
84,18,57,1,1.75,0.05208333333333333,0.39999999999999997,3.2
85,18,58,2,1.7,0.0546875,0.39999999999999997,3.2
86,19,60,4,1.7894736842105263,0.0625,0.4823763889427201,3.3684210526315788
87,18,55,4,1.75,0.09635416666666666,0.39999999999999997,3.2
88,17,59,0,1.7142857142857142,0.03645833333333333,0.21295885499997994,3.0476190476190474
89,18,52,8,1.7,0.15364583333333331,0.39999999999999997,3.2
90,17,58,3,1.7142857142857142,0.0625,0.21295885499997994,3.0476190476190474
91,19,59,2,1.7894736842105263,0.049479166666666664,0.4823763889427201,3.3684210526315788
92,18,56,4,1.75,0.08854166666666666,0.39999999999999997,3.2
93,18,58,3,1.75,0.06770833333333334,0.39999999999999997,3.2
94,18,59,2,1.75,0.0546875,0.39999999999999997,3.2
95,18,55,2,1.75,0.0703125,0.39999999999999997,3.2
96,18,59,2,1.75,0.05208333333333333,0.39999999999999997,3.2
97,18,59,1,1.75,0.04427083333333333,0.39999999999999997,3.2
98,17,60,2,1.7142857142857142,0.046875,0.21295885499997994,3.0476190476190474
99,18,59,2,1.75,0.05208333333333333,0.39999999999999997,3.2
100,18,59,3,1.75,0.057291666666666664,0.39999999999999997,3.2
101,17,54,4,1.7142857142857142,0.1015625,0.21295885499997994,3.0476190476190474
102,17,58,0,1.7142857142857142,0.041666666666666664,0.21295885499997994,3.0476190476190474
103,18,61,2,1.75,0.0390625,0.39999999999999997,3.2
104,18,57,2,1.75,0.0625,0.39999999999999997,3.2
105,18,59,0,1.75,0.031249999999999997,0.39999999999999997,3.2
106,19,57,2,1.736842105263158,0.06249999999999999,0.4823763889427201,3.3684210526315788
107,17,60,3,1.7142857142857142,0.0546875,0.21295885499997994,3.0476190476190474
108,18,55,2,1.75,0.06770833333333333,0.39999999999999997,3.2
109,18,58,2,1.75,0.05208333333333333,0.39999999999999997,3.2
110,18,55,4,1.7,0.0873015873015873,0.47696960070847283,3.15
111,18,62,1,1.75,0.020833333333333332,0.39999999999999997,3.2
112,17,56,2,1.7142857142857142,0.07291666666666666,0.21295885499997996,3.0476190476190474
113,18,53,3,1.7,0.10677083333333333,0.39999999999999997,3.2
114,18,59,4,1.75,0.06770833333333333,0.39999999999999997,3.2
115,18,61,0,1.75,0.020833333333333332,0.39999999999999997,3.2
116,17,61,0,1.7142857142857142,0.018229166666666664,0.21295885499997994,3.0476190476190474
117,18,57,1,1.75,0.0546875,0.39999999999999997,3.2
118,17,58,3,1.7142857142857142,0.06770833333333333,0.21295885499997994,3.0476190476190474
119,17,61,0,1.7142857142857142,0.018229166666666664,0.21295885499997994,3.0476190476190474
120,18,57,2,1.75,0.06770833333333333,0.39999999999999997,3.2
121,19,57,3,1.736842105263158,0.07291666666666666,0.4823763889427201,3.3684210526315788
122,19,60,1,1.7894736842105263,0.033854166666666664,0.4823763889427201,3.3684210526315788
123,18,62,2,1.75,0.03125,0.39999999999999997,3.2
124,18,57,1,1.75,0.05989583333333333,0.39999999999999997,3.2
125,17,55,2,1.7142857142857142,0.078125,0.21295885499997994,3.0476190476190474
126,17,59,2,1.7142857142857142,0.052083333333333336,0.21295885499997994,3.0476190476190474
127,18,57,4,1.7,0.08072916666666666,0.39999999999999997,3.2
128,17,56,1,1.7142857142857142,0.05989583333333333,0.21295885499997994,3.0476190476190474
129,19,57,2,1.7894736842105263,0.06510416666666666,0.4823763889427201,3.3684210526315788
130,19,58,3,1.7894736842105263,0.06510416666666666,0.4823763889427201,3.3684210526315788
131,18,58,1,1.75,0.049479166666666664,0.39999999999999997,3.2
132,19,57,3,1.7894736842105263,0.07552083333333333,0.4823763889427201,3.3684210526315788
133,18,55,4,1.75,0.09375,0.39999999999999997,3.2
134,17,58,1,1.7142857142857142,0.049479166666666664,0.21295885499997994,3.0476190476190474
135,18,59,3,1.75,0.0625,0.39999999999999997,3.2
136,18,54,4,1.75,0.1015625,0.39999999999999997,3.2
137,18,60,1,1.75,0.031249999999999997,0.39999999999999997,3.2
138,17,54,4,1.7142857142857142,0.10156249999999999,0.21295885499997994,3.0476190476190474
139,19,58,2,1.7894736842105263,0.05208333333333333,0.4823763889427201,3.3684210526315788
140,17,60,0,1.7142857142857142,0.0234375,0.21295885499997994,3.0476190476190474
141,18,60,1,1.75,0.036458333333333336,0.39999999999999997,3.2
142,18,55,3,1.7,0.08333333333333333,0.39999999999999997,3.2
143,18,60,0,1.75,0.020833333333333332,0.39999999999999997,3.2
144,18,57,3,1.75,0.07291666666666666,0.39999999999999997,3.2
145,17,59,3,1.7142857142857142,0.0625,0.21295885499997994,3.0476190476190474
146,17,61,2,1.619047619047619,0.0390625,0.21295885499997994,3.0476190476190474
147,18,60,3,1.75,0.052083333333333336,0.39999999999999997,3.2
148,18,62,0,1.75,0.015625,0.39999999999999997,3.2
149,19,60,1,1.7894736842105263,0.033854166666666664,0.4823763889427201,3.3684210526315788
150,18,59,2,1.75,0.05208333333333333,0.39999999999999997,3.2
151,18,62,1,1.75,0.0234375,0.39999999999999997,3.2
152,19,60,2,1.7894736842105263,0.046875,0.4823763889427201,3.3684210526315788
153,17,52,3,1.7142857142857142,0.10416666666666666,0.21295885499997994,3.0476190476190474
154,19,55,4,1.7894736842105263,0.09635416666666666,0.4823763889427201,3.3684210526315788
155,19,55,5,1.7894736842105263,0.10416666666666666,0.4823763889427201,3.3684210526315788
156,18,60,0,1.75,0.028645833333333332,0.39999999999999997,3.2
157,18,56,4,1.75,0.08854166666666666,0.39999999999999997,3.2
158,19,59,4,1.7894736842105263,0.06770833333333333,0.4823763889427201,3.3684210526315788
159,19,59,2,1.7894736842105263,0.04947916666666666,0.4823763889427201,3.3684210526315788
160,18,57,2,1.75,0.06510416666666666,0.39999999999999997,3.2
161,19,60,3,1.7894736842105263,0.05208333333333333,0.4823763889427201,3.3684210526315788
162,18,61,1,1.75,0.028645833333333332,0.39999999999999997,3.2
163,18,58,2,1.75,0.057291666666666664,0.39999999999999997,3.2
164,18,62,1,1.7,0.020833333333333332,0.39999999999999997,3.2
165,18,53,4,1.75,0.10416666666666666,0.39999999999999997,3.2
166,19,60,2,1.7894736842105263,0.041666666666666664,0.48237638894272,3.3684210526315788
167,19,51,7,1.7894736842105263,0.14583333333333331,0.4823763889427201,3.3684210526315788
168,18,59,2,1.75,0.046875,0.39999999999999997,3.2
169,17,59,2,1.7142857142857142,0.05208333333333333,0.21295885499997994,3.0476190476190474
170,17,57,5,1.7142857142857142,0.09375,0.21295885499997994,3.0476190476190474
171,18,59,3,1.75,0.0625,0.39999999999999997,3.2
172,18,56,4,1.75,0.08854166666666666,0.39999999999999997,3.2
173,18,60,2,1.7,0.04427083333333333,0.39999999999999997,3.2
174,19,61,0,1.736842105263158,0.018229166666666664,0.4823763889427201,3.3684210526315788
175,17,58,3,1.7142857142857142,0.06770833333333333,0.21295885499997994,3.0476190476190474
176,17,61,1,1.7142857142857142,0.028645833333333332,0.21295885499997994,3.0476190476190474
177,19,57,3,1.7894736842105263,0.07552083333333334,0.4823763889427201,3.3684210526315788
178,18,57,4,1.75,0.08072916666666666,0.39999999999999997,3.2
179,19,59,2,1.7894736842105263,0.05208333333333333,0.4823763889427201,3.3684210526315788
180,18,59,1,1.75,0.04427083333333333,0.39999999999999997,3.2
181,18,57,4,1.75,0.08333333333333334,0.39999999999999997,3.2
182,18,58,3,1.75,0.06770833333333334,0.39999999999999997,3.2
183,19,57,1,1.7894736842105263,0.05468749999999999,0.4823763889427201,3.3684210526315788
184,17,56,2,1.6666666666666667,0.06349206349206349,0.3086066999241838,3.0
185,17,60,2,1.7142857142857142,0.044270833333333336,0.21295885499997994,3.0476190476190474
186,19,61,1,1.7894736842105263,0.028645833333333332,0.4823763889427201,3.3684210526315788
187,17,60,2,1.6666666666666667,0.041666666666666664,0.21295885499997994,3.0476190476190474
188,18,59,3,1.75,0.057291666666666664,0.39999999999999997,3.2
189,18,55,1,1.7,0.06770833333333333,0.39999999999999997,3.2
190,17,60,2,1.7142857142857142,0.041666666666666664,0.21295885499997994,3.0476190476190474
191,18,53,4,1.75,0.10677083333333333,0.39999999999999997,3.2
192,17,62,0,1.7142857142857142,0.010416666666666666,0.21295885499997994,3.0476190476190474
193,19,59,3,1.7894736842105263,0.0625,0.4823763889427201,3.3684210526315788
194,19,59,0,1.7894736842105263,0.033854166666666664,0.4823763889427201,3.3684210526315788
195,17,57,2,1.7142857142857142,0.06510416666666666,0.21295885499997994,3.0476190476190474
196,18,57,2,1.75,0.05989583333333333,0.39999999999999997,3.2
197,18,60,2,1.75,0.04427083333333333,0.39999999999999997,3.2
198,18,58,2,1.75,0.05208333333333333,0.39999999999999997,3.2
199,17,52,3,1.7142857142857142,0.109375,0.21295885499997994,3.0476190476190474
200,18,53,4,1.75,0.11197916666666666,0.39999999999999997,3.2
201,17,50,3,1.7142857142857142,0.11197916666666666,0.21295885499997994,3.0476190476190474
202,17,58,4,1.7142857142857142,0.078125,0.21295885499997994,3.0476190476190474
203,17,56,3,1.6666666666666667,0.0859375,0.21295885499997994,3.0476190476190474
204,18,55,6,1.75,0.11197916666666666,0.39999999999999997,3.2
205,19,54,4,1.7894736842105263,0.09635416666666666,0.4823763889427201,3.3684210526315788
206,18,58,2,1.7,0.05989583333333333,0.39999999999999997,3.2
207,18,56,4,1.75,0.09114583333333334,0.39999999999999997,3.2
208,18,58,2,1.75,0.057291666666666664,0.39999999999999997,3.2
209,18,56,2,1.75,0.06770833333333333,0.39999999999999997,3.2
210,18,56,5,1.75,0.09635416666666666,0.39999999999999997,3.2
211,17,58,0,1.7142857142857142,0.0390625,0.21295885499997994,3.0476190476190474
212,18,57,5,1.75,0.09114583333333334,0.39999999999999997,3.2
213,17,53,7,1.7142857142857142,0.13541666666666666,0.21295885499997994,3.0476190476190474
214,19,54,4,1.7894736842105263,0.10156249999999999,0.4823763889427201,3.3684210526315788
215,18,57,0,1.75,0.041666666666666664,0.39999999999999997,3.2
216,19,54,3,1.7894736842105263,0.09895833333333333,0.4823763889427201,3.3684210526315788
217,19,54,4,1.7894736842105263,0.1015625,0.4823763889427201,3.3684210526315788
218,18,55,3,1.75,0.09114583333333333,0.39999999999999997,3.2
219,18,55,5,1.75,0.10677083333333333,0.39999999999999997,3.2
220,18,55,3,1.75,0.08854166666666666,0.39999999999999997,3.2
221,19,60,1,1.7894736842105263,0.03645833333333333,0.48237638894272,3.3684210526315788
222,17,61,3,1.7142857142857142,0.046875,0.21295885499997994,3.0476190476190474
223,18,58,2,1.7,0.05989583333333333,0.39999999999999997,3.2
224,19,51,3,1.7894736842105263,0.11197916666666666,0.48237638894272,3.3684210526315788
225,18,59,2,1.7,0.0546875,0.39999999999999997,3.2
226,18,52,6,1.75,0.13020833333333331,0.39999999999999997,3.2
227,18,58,2,1.75,0.0546875,0.39999999999999997,3.2
228,18,59,0,1.75,0.033854166666666664,0.39999999999999997,3.2
229,18,57,2,1.75,0.06510416666666666,0.39999999999999997,3.2
230,17,57,2,1.7142857142857142,0.0625,0.21295885499997994,3.0476190476190474
231,18,52,6,1.75,0.13541666666666666,0.39999999999999997,3.2
232,19,54,5,1.7894736842105263,0.109375,0.4823763889427201,3.3684210526315788
233,18,52,9,1.75,0.15885416666666666,0.39999999999999997,3.2
234,19,54,6,1.7894736842105263,0.12239583333333333,0.4823763889427201,3.3684210526315788
235,19,51,5,1.7894736842105263,0.12499999999999999,0.4823763889427201,3.3684210526315788
236,18,49,7,1.75,0.1640625,0.39999999999999997,3.2
237,17,55,2,1.7142857142857142,0.0703125,0.21295885499997994,3.0476190476190474
238,17,56,3,1.7142857142857142,0.078125,0.21295885499997994,3.0476190476190474
239,18,51,4,1.75,0.12760416666666666,0.39999999999999997,3.2
240,18,57,0,1.75,0.046875,0.39999999999999997,3.2
241,18,51,7,1.75,0.15104166666666669,0.39999999999999997,3.2
242,19,57,5,1.7894736842105263,0.09375,0.4823763889427201,3.3684210526315788
243,18,55,5,1.75,0.10677083333333333,0.39999999999999997,3.2
244,18,56,6,1.75,0.109375,0.39999999999999997,3.2
245,18,61,1,1.7,0.026041666666666664,0.39999999999999997,3.2
246,18,55,4,1.75,0.09374999999999999,0.39999999999999997,3.2
247,18,54,4,1.75,0.1015625,0.39999999999999997,3.2
248,18,57,2,1.7,0.06249999999999999,0.39999999999999997,3.2
249,18,53,7,1.75,0.140625,0.39999999999999997,3.2
250,19,59,3,1.7894736842105263,0.0625,0.48237638894272,3.3684210526315788
251,19,54,2,1.7894736842105263,0.09114583333333333,0.4823763889427201,3.3684210526315788
252,17,55,3,1.7142857142857142,0.09375,0.21295885499997994,3.0476190476190474
253,17,58,3,1.7142857142857142,0.06770833333333333,0.21295885499997994,3.0476190476190474
254,18,56,6,1.75,0.10677083333333333,0.39999999999999997,3.2
255,18,53,6,1.75,0.13020833333333331,0.39999999999999997,3.2
256,18,52,5,1.7,0.11904761904761904,0.47696960070847283,3.15
257,19,53,7,1.7894736842105263,0.13541666666666669,0.4823763889427201,3.3684210526315788
258,17,55,4,1.7142857142857142,0.09895833333333333,0.21295885499997994,3.0476190476190474
259,19,57,5,1.7894736842105263,0.09114583333333333,0.4823763889427201,3.3684210526315788
260,20,53,7,1.8333333333333333,0.13541666666666666,0.49690399499995325,3.5555555555555554
261,17,51,6,1.6666666666666667,0.14322916666666666,0.21295885499997994,3.0476190476190474
262,18,53,4,1.75,0.109375,0.39999999999999997,3.2
263,17,52,6,1.7142857142857142,0.1328125,0.21295885499997994,3.0476190476190474
264,18,54,4,1.75,0.1015625,0.39999999999999997,3.2
265,18,53,5,1.7,0.11979166666666666,0.39999999999999997,3.2
266,17,57,4,1.7142857142857142,0.08072916666666666,0.21295885499997994,3.0476190476190474
267,19,54,6,1.7894736842105263,0.11979166666666666,0.4823763889427201,3.3684210526315788
268,18,53,3,1.75,0.1015625,0.39999999999999997,3.2
269,19,54,4,1.7894736842105263,0.10156249999999999,0.4823763889427201,3.3684210526315788
270,18,52,6,1.75,0.13802083333333331,0.39999999999999997,3.2
271,17,52,5,1.7142857142857142,0.12239583333333333,0.21295885499997994,3.0476190476190474
272,18,55,4,1.75,0.09635416666666666,0.39999999999999997,3.2
273,17,56,3,1.7142857142857142,0.078125,0.21295885499997994,3.0476190476190474
274,18,54,4,1.75,0.10156249999999999,0.39999999999999997,3.2
275,17,50,7,1.7142857142857142,0.15364583333333331,0.21295885499997994,3.0476190476190474
276,19,57,3,1.7894736842105263,0.07291666666666666,0.48237638894272,3.3684210526315788
277,18,51,7,1.75,0.1484375,0.39999999999999997,3.2
278,18,53,2,1.75,0.09114583333333331,0.39999999999999997,3.2
279,17,52,7,1.7142857142857142,0.14583333333333331,0.21295885499997994,3.0476190476190474
280,18,51,3,1.75,0.11197916666666666,0.39999999999999997,3.2
281,17,57,2,1.7142857142857142,0.06510416666666666,0.21295885499997994,3.0476190476190474
282,18,55,7,1.75,0.125,0.39999999999999997,3.2
283,17,55,5,1.6666666666666667,0.1015625,0.21295885499997994,3.0476190476190474
284,18,55,5,1.75,0.10416666666666666,0.39999999999999997,3.2
285,18,54,3,1.75,0.09375,0.39999999999999997,3.2
286,17,51,7,1.7142857142857142,0.15104166666666666,0.21295885499997994,3.0476190476190474
287,18,55,4,1.75,0.09375,0.39999999999999997,3.2
288,18,51,5,1.75,0.13541666666666666,0.39999999999999997,3.2
289,18,52,5,1.75,0.12239583333333333,0.39999999999999997,3.2
290,18,57,6,1.75,0.09895833333333333,0.39999999999999997,3.2
291,19,54,5,1.7894736842105263,0.11458333333333333,0.4823763889427201,3.3684210526315788
292,18,54,3,1.75,0.09375,0.39999999999999997,3.2
293,17,51,5,1.7142857142857142,0.1328125,0.21295885499997994,3.0476190476190474
294,18,52,7,1.75,0.14322916666666669,0.39999999999999997,3.2
295,19,54,1,1.7894736842105263,0.078125,0.4823763889427201,3.3684210526315788
296,18,55,5,1.75,0.109375,0.39999999999999997,3.2
297,17,51,8,1.7142857142857142,0.15364583333333331,0.21295885499997994,3.0476190476190474
298,18,55,5,1.75,0.10416666666666666,0.39999999999999997,3.2
299,17,50,8,1.7142857142857142,0.16666666666666666,0.21295885499997994,3.0476190476190474
300,18,53,7,1.75,0.13541666666666666,0.39999999999999997,3.2
301,18,55,7,1.75,0.12239583333333333,0.39999999999999997,3.2
302,19,52,7,1.7894736842105263,0.14583333333333331,0.4823763889427201,3.3684210526315788
303,18,48,6,1.75,0.15885416666666666,0.39999999999999997,3.2
304,18,57,5,1.75,0.09114583333333333,0.39999999999999997,3.2
305,18,55,8,1.75,0.1328125,0.39999999999999997,3.2
306,18,52,7,1.75,0.140625,0.39999999999999997,3.2
307,18,51,9,1.75,0.16666666666666666,0.39999999999999997,3.2
308,17,50,5,1.7142857142857142,0.13802083333333331,0.21295885499997994,3.0476190476190474
309,19,55,6,1.7894736842105263,0.11458333333333333,0.4823763889427201,3.3684210526315788
310,18,49,11,1.7,0.19791666666666666,0.39999999999999997,3.2
311,18,54,5,1.7,0.11458333333333333,0.39999999999999997,3.2
312,20,50,10,1.8333333333333333,0.1875,0.49690399499995325,3.5555555555555554
313,17,53,8,1.7142857142857142,0.14583333333333331,0.21295885499997994,3.0476190476190474
314,18,51,5,1.75,0.13541666666666666,0.39999999999999997,3.2
315,17,54,6,1.7142857142857142,0.12239583333333333,0.21295885499997994,3.0476190476190474
316,17,45,8,1.7142857142857142,0.1953125,0.21295885499997994,3.0476190476190474
317,18,48,5,1.7,0.14814814814814814,0.47696960070847283,3.15
318,18,49,5,1.7,0.140625,0.39999999999999997,3.2
319,18,50,8,1.7,0.15885416666666666,0.39999999999999997,3.2
320,18,50,9,1.75,0.17447916666666669,0.39999999999999997,3.2
321,18,54,5,1.75,0.1171875,0.39999999999999997,3.2
322,19,52,4,1.7894736842105263,0.1171875,0.48237638894272,3.3684210526315788
323,17,49,8,1.6666666666666667,0.171875,0.21295885499997994,3.0476190476190474
324,19,52,5,1.7894736842105263,0.12239583333333333,0.4823763889427201,3.3684210526315788
325,18,44,10,1.75,0.22395833333333331,0.39999999999999997,3.2
326,19,54,6,1.7894736842105263,0.11979166666666666,0.4823763889427201,3.3684210526315788
327,19,47,6,1.7894736842105263,0.16666666666666666,0.4823763889427201,3.3684210526315788
328,18,46,9,1.75,0.20052083333333334,0.39999999999999997,3.2
329,18,56,4,1.75,0.09114583333333333,0.39999999999999997,3.2
330,18,47,9,1.75,0.1953125,0.39999999999999997,3.2
331,17,47,6,1.7142857142857142,0.16145833333333331,0.21295885499997994,3.0476190476190474
332,19,50,8,1.7894736842105263,0.16666666666666666,0.4823763889427201,3.3684210526315788
333,19,52,7,1.7894736842105263,0.140625,0.4823763889427201,3.3684210526315788
334,18,44,10,1.75,0.21875,0.39999999999999997,3.2
335,19,44,10,1.7894736842105263,0.22135416666666666,0.4823763889427201,3.3684210526315788
336,18,48,9,1.75,0.1875,0.39999999999999997,3.2
337,18,52,7,1.75,0.14583333333333331,0.39999999999999997,3.2
338,19,45,15,1.736842105263158,0.26302083333333337,0.4823763889427201,3.3684210526315788
339,17,49,12,1.7142857142857142,0.20572916666666666,0.21295885499997994,3.0476190476190474
340,18,48,4,1.75,0.140625,0.39999999999999997,3.2
341,18,44,9,1.75,0.21614583333333334,0.39999999999999997,3.2
342,18,45,11,1.75,0.22135416666666666,0.39999999999999997,3.2
343,19,52,6,1.7894736842105263,0.13020833333333331,0.4823763889427201,3.3684210526315788
344,19,48,10,1.736842105263158,0.1931216931216931,0.5668594533825794,3.3157894736842106
345,17,55,7,1.7142857142857142,0.12239583333333333,0.21295885499997994,3.0476190476190474
346,18,49,10,1.75,0.19270833333333334,0.39999999999999997,3.2
347,18,51,8,1.75,0.15885416666666669,0.39999999999999997,3.2
348,19,46,9,1.736842105263158,0.20052083333333331,0.4823763889427201,3.3684210526315788
349,18,49,9,1.7,0.1746031746031746,0.47696960070847283,3.15
350,18,50,4,1.75,0.13020833333333334,0.39999999999999997,3.2
351,19,50,8,1.7894736842105263,0.16927083333333334,0.48237638894272,3.3684210526315788
352,18,46,9,1.7,0.1984126984126984,0.47696960070847283,3.15
353,19,47,10,1.7894736842105263,0.203125,0.4823763889427201,3.3684210526315788
354,19,46,10,1.7894736842105263,0.2109375,0.4823763889427201,3.3684210526315788
355,18,46,13,1.75,0.23697916666666669,0.39999999999999997,3.2
356,18,47,10,1.75,0.20052083333333331,0.39999999999999997,3.2
357,18,46,8,1.75,0.19010416666666666,0.39999999999999997,3.2
358,19,45,14,1.7894736842105263,0.24739583333333331,0.4823763889427201,3.3684210526315788
359,18,47,9,1.75,0.1953125,0.39999999999999997,3.2
360,18,48,8,1.7,0.1746031746031746,0.47696960070847283,3.15
361,18,50,8,1.75,0.16666666666666666,0.39999999999999997,3.2
362,17,49,11,1.7142857142857142,0.19791666666666666,0.21295885499997994,3.0476190476190474
363,19,47,9,1.7894736842105263,0.19791666666666666,0.48237638894272,3.3684210526315788
364,18,46,10,1.75,0.21614583333333331,0.39999999999999997,3.2
365,19,49,8,1.7894736842105263,0.16666666666666663,0.4823763889427201,3.3684210526315788
366,19,51,9,1.7894736842105263,0.16927083333333334,0.4823763889427201,3.3684210526315788
367,18,42,10,1.75,0.23697916666666666,0.39999999999999997,3.2
368,19,46,10,1.736842105263158,0.20634920634920634,0.5668594533825794,3.3157894736842106
369,18,46,8,1.75,0.19791666666666669,0.39999999999999997,3.2
370,18,46,10,1.75,0.2109375,0.39999999999999997,3.2
371,18,48,11,1.75,0.203125,0.39999999999999997,3.2
372,18,48,14,1.75,0.23177083333333331,0.39999999999999997,3.2
373,18,45,12,1.75,0.234375,0.39999999999999997,3.2
374,18,48,10,1.75,0.18749999999999997,0.39999999999999997,3.2
375,18,46,13,1.7,0.2421875,0.39999999999999997,3.2
376,19,48,12,1.7894736842105263,0.21614583333333331,0.4823763889427201,3.3684210526315788
377,18,44,10,1.7,0.2195767195767196,0.47696960070847283,3.15
378,18,50,10,1.7,0.18229166666666666,0.39999999999999997,3.2
379,18,42,15,1.7,0.28125,0.39999999999999997,3.2
380,18,48,10,1.75,0.19270833333333331,0.39999999999999997,3.2
381,18,46,11,1.75,0.21354166666666666,0.39999999999999997,3.2
382,17,53,8,1.7142857142857142,0.1484375,0.21295885499997994,3.0476190476190474
383,18,50,8,1.75,0.1640625,0.39999999999999997,3.2
384,19,54,5,1.7894736842105263,0.11458333333333333,0.4823763889427201,3.3684210526315788
385,18,42,15,1.75,0.2786458333333333,0.39999999999999997,3.2
386,18,46,10,1.75,0.21354166666666666,0.39999999999999997,3.2
387,19,46,13,1.7894736842105263,0.23697916666666666,0.4823763889427201,3.3684210526315788
388,17,46,10,1.7142857142857142,0.21614583333333331,0.21295885499997994,3.0476190476190474
389,17,47,10,1.7142857142857142,0.20052083333333331,0.21295885499997994,3.0476190476190474
390,19,46,9,1.736842105263158,0.20105820105820105,0.5668594533825794,3.3157894736842106
391,19,46,13,1.7894736842105263,0.23697916666666669,0.48237638894272,3.3684210526315788
392,17,46,12,1.6666666666666667,0.23015873015873015,0.3086066999241838,3.0
393,19,48,13,1.7894736842105263,0.22135416666666666,0.4823763889427201,3.3684210526315788
394,17,52,8,1.7142857142857142,0.15104166666666666,0.21295885499997994,3.0476190476190474
395,18,50,10,1.75,0.18229166666666669,0.39999999999999997,3.2
396,19,50,10,1.7894736842105263,0.1796875,0.4823763889427201,3.3684210526315788
397,18,46,9,1.7,0.20105820105820107,0.47696960070847283,3.15
398,18,47,11,1.7,0.21354166666666663,0.39999999999999997,3.2
399,18,49,13,1.75,0.21614583333333331,0.39999999999999997,3.2
400,18,44,15,1.75,0.265625,0.39999999999999997,3.2
401,18,46,12,1.75,0.2265625,0.39999999999999997,3.2
402,18,45,16,1.7,0.27083333333333337,0.39999999999999997,3.2
403,18,48,9,1.75,0.19010416666666669,0.39999999999999997,3.2
404,19,47,11,1.7894736842105263,0.20833333333333331,0.4823763889427201,3.3684210526315788
405,18,42,14,1.75,0.2734375,0.39999999999999997,3.2
406,18,46,10,1.75,0.2109375,0.39999999999999997,3.2
407,17,45,13,1.7142857142857142,0.2421875,0.21295885499997994,3.0476190476190474
408,19,47,14,1.7894736842105263,0.23958333333333331,0.4823763889427201,3.3684210526315788
409,18,48,11,1.7,0.203125,0.39999999999999997,3.2
410,18,47,11,1.75,0.2109375,0.39999999999999997,3.2
411,18,46,13,1.75,0.23697916666666663,0.39999999999999997,3.2
412,19,50,11,1.7894736842105263,0.19270833333333331,0.4823763889427201,3.3684210526315788
413,17,47,10,1.7142857142857142,0.20052083333333331,0.21295885499997994,3.0476190476190474
414,18,50,10,1.75,0.18489583333333334,0.39999999999999997,3.2
415,18,40,17,1.75,0.3046875,0.39999999999999997,3.2
416,18,46,15,1.7,0.2578125,0.39999999999999997,3.2
417,18,49,13,1.7,0.21614583333333331,0.39999999999999997,3.2
418,18,40,15,1.75,0.2890625,0.39999999999999997,3.2
419,20,43,13,1.7777777777777777,0.2578125,0.49690399499995325,3.5555555555555554
420,17,44,14,1.6666666666666667,0.2552083333333333,0.21295885499997994,3.0476190476190474
421,18,47,13,1.75,0.23177083333333331,0.39999999999999997,3.2
422,19,48,14,1.736842105263158,0.22916666666666666,0.48237638894272,3.3684210526315788
423,19,48,12,1.736842105263158,0.2109375,0.4823763889427201,3.3684210526315788
424,18,48,14,1.75,0.23177083333333331,0.39999999999999997,3.2
425,18,43,15,1.75,0.2786458333333333,0.39999999999999997,3.2
426,19,47,14,1.736842105263158,0.23958333333333331,0.4823763889427201,3.3684210526315788
427,18,48,10,1.75,0.1953125,0.39999999999999997,3.2
428,18,43,15,1.7,0.2786458333333333,0.39999999999999997,3.2
429,18,45,16,1.75,0.26822916666666663,0.39999999999999997,3.2
430,18,43,14,1.7,0.26822916666666663,0.39999999999999997,3.2
431,19,48,14,1.7894736842105263,0.23177083333333334,0.4823763889427201,3.3684210526315788
432,19,43,16,1.7894736842105263,0.2838541666666667,0.4823763889427201,3.3684210526315788
433,18,51,11,1.75,0.18489583333333331,0.39999999999999997,3.2
434,19,46,15,1.7894736842105263,0.2578125,0.4823763889427201,3.3684210526315788
435,18,45,16,1.75,0.2734375,0.39999999999999997,3.2
436,18,46,14,1.75,0.24739583333333334,0.39999999999999997,3.2
437,19,46,14,1.7894736842105263,0.24479166666666666,0.4823763889427201,3.3684210526315788
438,19,46,12,1.7894736842105263,0.23177083333333334,0.4823763889427201,3.3684210526315788
439,18,46,12,1.75,0.2265625,0.39999999999999997,3.2
440,18,43,14,1.75,0.26822916666666663,0.39999999999999997,3.2
441,19,45,14,1.736842105263158,0.2552083333333333,0.4823763889427201,3.3684210526315788
442,18,46,16,1.75,0.265625,0.39999999999999997,3.2
443,19,46,12,1.736842105263158,0.22916666666666669,0.4823763889427201,3.3684210526315788
444,19,43,15,1.736842105263158,0.2734375,0.4823763889427201,3.3684210526315788
445,18,47,17,1.75,0.265625,0.39999999999999997,3.2
446,18,47,12,1.7,0.21693121693121692,0.47696960070847283,3.15
447,19,42,17,1.736842105263158,0.29947916666666663,0.48237638894272,3.3684210526315788
448,18,43,16,1.7,0.27604166666666663,0.39999999999999997,3.2
449,18,42,15,1.75,0.2838541666666667,0.39999999999999997,3.2
450,18,46,13,1.75,0.23697916666666666,0.39999999999999997,3.2
451,19,46,13,1.736842105263158,0.234375,0.4823763889427201,3.3684210526315788
452,19,44,13,1.736842105263158,0.24867724867724866,0.5668594533825794,3.3157894736842106
453,18,43,14,1.75,0.265625,0.39999999999999997,3.2
454,19,42,18,1.7894736842105263,0.30989583333333337,0.4823763889427201,3.3684210526315788
455,19,44,16,1.736842105263158,0.27864583333333337,0.4823763889427201,3.3684210526315788
456,17,45,16,1.7142857142857142,0.27083333333333337,0.21295885499997994,3.0476190476190474
457,17,42,14,1.6666666666666667,0.2734375,0.21295885499997994,3.0476190476190474
458,18,38,18,1.75,0.33854166666666663,0.39999999999999997,3.2
459,18,43,14,1.75,0.26822916666666663,0.39999999999999997,3.2
460,19,44,16,1.736842105263158,0.27604166666666663,0.4823763889427201,3.3684210526315788
461,20,45,15,1.7777777777777777,0.26041666666666663,0.49690399499995325,3.5555555555555554
462,18,41,16,1.75,0.2942708333333333,0.39999999999999997,3.2
463,18,44,15,1.7,0.26822916666666663,0.39999999999999997,3.2
464,18,41,17,1.75,0.3046875,0.39999999999999997,3.2
465,19,47,13,1.736842105263158,0.22916666666666666,0.4823763889427201,3.3684210526315788
466,17,45,13,1.7142857142857142,0.24739583333333331,0.21295885499997994,3.0476190476190474
467,17,42,15,1.7142857142857142,0.2890625,0.21295885499997994,3.0476190476190474
468,19,40,16,1.736842105263158,0.30729166666666663,0.4823763889427201,3.3684210526315788
469,18,43,17,1.75,0.2916666666666667,0.39999999999999997,3.2
470,19,47,9,1.7894736842105263,0.19791666666666669,0.4823763889427201,3.3684210526315788
471,18,43,16,1.7,0.2864583333333333,0.39999999999999997,3.2
472,18,42,15,1.75,0.28645833333333337,0.39999999999999997,3.2
473,18,44,15,1.75,0.26822916666666663,0.39999999999999997,3.2
474,18,47,15,1.7,0.25,0.39999999999999997,3.2
475,19,43,20,1.736842105263158,0.3177083333333333,0.48237638894272,3.3684210526315788
476,18,42,17,1.7,0.29947916666666663,0.39999999999999997,3.2
477,18,45,13,1.75,0.2421875,0.39999999999999997,3.2
478,18,44,14,1.75,0.26302083333333337,0.39999999999999997,3.2
479,19,43,19,1.7894736842105263,0.3098958333333333,0.4823763889427201,3.3684210526315788
480,18,40,21,1.75,0.34635416666666663,0.39999999999999997,3.2
481,19,46,15,1.7894736842105263,0.25260416666666663,0.4823763889427201,3.3684210526315788
482,18,43,16,1.75,0.28385416666666663,0.39999999999999997,3.2
483,19,46,15,1.7894736842105263,0.25,0.4823763889427201,3.3684210526315788
484,18,41,19,1.7,0.31770833333333337,0.39999999999999997,3.2
485,18,40,18,1.75,0.3229166666666667,0.39999999999999997,3.2
486,18,45,16,1.75,0.2734375,0.39999999999999997,3.2
487,18,44,15,1.7,0.2708333333333333,0.39999999999999997,3.2
488,18,45,14,1.7,0.2552083333333333,0.39999999999999997,3.2
489,19,46,13,1.736842105263158,0.23697916666666669,0.4823763889427201,3.3684210526315788
490,20,42,16,1.8333333333333333,0.2942708333333333,0.49690399499995325,3.5555555555555554
491,18,43,16,1.7,0.28385416666666663,0.39999999999999997,3.2
492,19,44,13,1.7894736842105263,0.25,0.4823763889427201,3.3684210526315788
493,19,47,13,1.7894736842105263,0.23177083333333331,0.4823763889427201,3.3684210526315788
494,18,43,14,1.7,0.26822916666666663,0.39999999999999997,3.2
495,17,43,13,1.7142857142857142,0.2578125,0.21295885499997994,3.0476190476190474
496,18,45,17,1.75,0.2786458333333333,0.39999999999999997,3.2
497,18,42,17,1.7,0.30208333333333337,0.39999999999999997,3.2
498,18,48,13,1.7,0.2265625,0.39999999999999997,3.2
499,19,42,16,1.736842105263158,0.2864583333333333,0.4823763889427201,3.3684210526315788
500,19,42,14,1.7894736842105263,0.26822916666666663,0.4823763889427201,3.3684210526315788
501,18,42,17,1.7,0.3046875,0.39999999999999997,3.2
502,19,45,14,1.736842105263158,0.2552083333333333,0.4823763889427201,3.3684210526315788
503,18,42,15,1.7,0.27864583333333337,0.39999999999999997,3.2
504,18,49,13,1.75,0.21614583333333331,0.39999999999999997,3.2
505,18,44,15,1.75,0.265625,0.39999999999999997,3.2
506,19,45,15,1.736842105263158,0.2630208333333333,0.4823763889427201,3.3684210526315788
507,19,40,17,1.7894736842105263,0.3098958333333333,0.4823763889427201,3.3684210526315788
508,19,49,14,1.736842105263158,0.2265625,0.4823763889427201,3.3684210526315788
509,17,41,15,1.7142857142857142,0.2890625,0.21295885499997994,3.0476190476190474
510,19,47,14,1.736842105263158,0.23958333333333331,0.4823763889427201,3.3684210526315788
511,18,45,18,1.7,0.2890625,0.39999999999999997,3.2
512,19,44,12,1.736842105263158,0.23958333333333334,0.4823763889427201,3.3684210526315788
513,17,43,17,1.6666666666666667,0.296875,0.21295885499997994,3.0476190476190474
514,18,38,17,1.7,0.3203125,0.39999999999999997,3.2
515,20,43,16,1.7777777777777777,0.28125,0.49690399499995325,3.5555555555555554
516,18,44,15,1.7,0.265625,0.39999999999999997,3.2
517,18,43,16,1.7,0.2864583333333333,0.39999999999999997,3.2
518,19,40,17,1.736842105263158,0.31216931216931215,0.5668594533825794,3.3157894736842106
519,20,43,14,1.8333333333333333,0.26302083333333337,0.49690399499995325,3.5555555555555554
520,18,39,18,1.7,0.33068783068783064,0.47696960070847283,3.15
521,18,47,15,1.7,0.24739583333333334,0.39999999999999997,3.2
522,17,42,15,1.7142857142857142,0.28125,0.21295885499997994,3.0476190476190474
523,19,40,20,1.736842105263158,0.3411458333333333,0.4823763889427201,3.3684210526315788
524,18,39,18,1.7,0.33072916666666663,0.39999999999999997,3.2
525,19,43,15,1.736842105263158,0.2734375,0.4823763889427201,3.3684210526315788
526,19,40,17,1.736842105263158,0.30989583333333337,0.48237638894272,3.3684210526315788
527,20,43,14,1.8333333333333333,0.2734375,0.49690399499995325,3.5555555555555554
528,19,46,16,1.736842105263158,0.26302083333333337,0.48237638894272,3.3684210526315788
529,19,44,17,1.6842105263157894,0.2857142857142857,0.5668594533825794,3.3157894736842106
530,19,45,16,1.736842105263158,0.26822916666666663,0.48237638894272,3.3684210526315788
531,18,42,18,1.7,0.3046875,0.39999999999999997,3.2
532,19,39,19,1.7894736842105263,0.3333333333333333,0.4823763889427201,3.3684210526315788
533,17,43,16,1.619047619047619,0.2804232804232804,0.3086066999241838,3.0
534,18,42,17,1.75,0.29947916666666663,0.39999999999999997,3.2
535,19,44,18,1.736842105263158,0.2942708333333333,0.48237638894272,3.3684210526315788
536,18,43,18,1.7,0.3020833333333333,0.39999999999999997,3.2
537,19,43,15,1.736842105263158,0.2708333333333333,0.4823763889427201,3.3684210526315788
538,19,46,16,1.7894736842105263,0.265625,0.4823763889427201,3.3684210526315788
539,19,46,16,1.736842105263158,0.2630208333333333,0.4823763889427201,3.3684210526315788
540,19,41,16,1.7894736842105263,0.296875,0.4823763889427201,3.3684210526315788
541,18,45,17,1.75,0.2786458333333333,0.39999999999999997,3.2
542,18,38,19,1.75,0.34114583333333337,0.39999999999999997,3.2
543,19,45,16,1.736842105263158,0.2682291666666667,0.4823763889427201,3.3684210526315788
544,18,46,15,1.7,0.2526041666666667,0.39999999999999997,3.2
545,18,45,16,1.7,0.26822916666666663,0.39999999999999997,3.2
546,18,46,14,1.7,0.24479166666666666,0.39999999999999997,3.2
547,18,40,17,1.75,0.3177083333333333,0.39999999999999997,3.2
548,19,38,18,1.7894736842105263,0.33854166666666663,0.4823763889427201,3.3684210526315788
549,18,50,13,1.7,0.2109375,0.39999999999999997,3.2
550,19,42,17,1.7894736842105263,0.30208333333333337,0.4823763889427201,3.3684210526315788
551,18,43,19,1.7,0.3098958333333333,0.39999999999999997,3.2
552,18,41,17,1.75,0.3046875,0.39999999999999997,3.2
553,19,40,18,1.736842105263158,0.31770833333333337,0.48237638894272,3.3684210526315788
554,19,46,11,1.736842105263158,0.21875,0.4823763889427201,3.3684210526315788
555,18,45,14,1.7,0.2552083333333333,0.39999999999999997,3.2
556,18,44,18,1.7,0.2942708333333333,0.39999999999999997,3.2
557,18,39,18,1.7,0.33072916666666663,0.39999999999999997,3.2
558,19,44,18,1.736842105263158,0.2942708333333333,0.48237638894272,3.3684210526315788
559,17,43,17,1.7142857142857142,0.296875,0.21295885499997994,3.0476190476190474
560,19,43,16,1.736842105263158,0.2838541666666667,0.4823763889427201,3.3684210526315788
561,18,44,13,1.75,0.2552083333333333,0.39999999999999997,3.2
562,18,46,16,1.7,0.26041666666666663,0.39999999999999997,3.2
563,18,42,16,1.7,0.2916666666666667,0.39999999999999997,3.2
564,18,38,21,1.65,0.35714285714285715,0.47696960070847283,3.15
565,18,45,18,1.7,0.2864583333333333,0.39999999999999997,3.2
566,18,44,16,1.7,0.2734375,0.39999999999999997,3.2
567,19,42,16,1.736842105263158,0.29166666666666663,0.4823763889427201,3.3684210526315788
568,19,44,18,1.736842105263158,0.296875,0.4823763889427201,3.3684210526315788
569,19,39,19,1.736842105263158,0.3359375,0.4823763889427201,3.3684210526315788
570,18,39,21,1.7,0.35416666666666663,0.39999999999999997,3.2
571,17,47,13,1.619047619047619,0.23177083333333331,0.21295885499997994,3.0476190476190474
572,18,48,14,1.7,0.234375,0.39999999999999997,3.2
573,19,43,17,1.736842105263158,0.2942708333333333,0.4823763889427201,3.3684210526315788
574,18,43,16,1.7,0.28125,0.39999999999999997,3.2
575,18,43,14,1.7,0.26041666666666663,0.39999999999999997,3.2
576,18,42,16,1.7,0.2864583333333333,0.39999999999999997,3.2
577,18,42,16,1.7,0.2890625,0.39999999999999997,3.2
578,19,42,18,1.736842105263158,0.30729166666666663,0.48237638894272,3.3684210526315788
579,18,45,17,1.75,0.27864583333333337,0.39999999999999997,3.2
580,18,40,17,1.7,0.30989583333333337,0.39999999999999997,3.2
581,19,47,16,1.736842105263158,0.2578125,0.4823763889427201,3.3684210526315788
582,18,41,18,1.75,0.3177083333333333,0.39999999999999997,3.2
583,19,46,15,1.736842105263158,0.2552083333333333,0.4823763889427201,3.3684210526315788
584,18,40,19,1.7,0.33072916666666663,0.39999999999999997,3.2
585,18,47,16,1.7,0.2578125,0.39999999999999997,3.2
586,19,39,17,1.736842105263158,0.32291666666666663,0.48237638894272,3.3684210526315788
587,18,42,18,1.7,0.3046875,0.39999999999999997,3.2
588,18,42,17,1.7,0.30208333333333337,0.39999999999999997,3.2
589,19,47,14,1.736842105263158,0.23958333333333334,0.4823763889427201,3.3684210526315788
590,19,41,18,1.736842105263158,0.31510416666666663,0.4823763889427201,3.3684210526315788
591,18,41,19,1.7,0.3255208333333333,0.39999999999999997,3.2
592,18,45,15,1.7,0.26302083333333337,0.39999999999999997,3.2
593,19,43,17,1.736842105263158,0.2864583333333333,0.4823763889427201,3.3684210526315788
594,19,43,18,1.736842105263158,0.3020833333333333,0.4823763889427201,3.3684210526315788
595,19,40,18,1.7894736842105263,0.32291666666666663,0.4823763889427201,3.3684210526315788
596,19,43,18,1.736842105263158,0.30208333333333337,0.4823763889427201,3.3684210526315788
597,17,38,19,1.7142857142857142,0.3359375,0.21295885499997994,3.0476190476190474
598,18,42,18,1.7,0.30729166666666663,0.39999999999999997,3.2
599,19,44,17,1.736842105263158,0.28385416666666663,0.48237638894272,3.3684210526315788
600,17,42,19,1.6666666666666667,0.3177083333333333,0.21295885499997994,3.0476190476190474
601,18,45,17,1.7,0.2786458333333333,0.39999999999999997,3.2
602,19,43,16,1.736842105263158,0.2786458333333333,0.4823763889427201,3.3684210526315788
603,18,38,20,1.7,0.35677083333333337,0.39999999999999997,3.2
604,17,41,19,1.6666666666666667,0.3255208333333333,0.21295885499997994,3.0476190476190474
605,18,45,16,1.65,0.26719576719576715,0.47696960070847283,3.15
606,19,44,16,1.736842105263158,0.2734375,0.4823763889427201,3.3684210526315788
607,17,38,22,1.6666666666666667,0.3697916666666667,0.21295885499997994,3.0476190476190474
608,20,45,18,1.7777777777777777,0.2864583333333333,0.49690399499995325,3.5555555555555554
609,19,45,17,1.736842105263158,0.2760416666666667,0.4823763889427201,3.3684210526315788
610,18,40,21,1.7,0.3489583333333333,0.39999999999999997,3.2
611,18,42,19,1.7,0.31770833333333337,0.39999999999999997,3.2
612,18,40,20,1.7,0.3411458333333333,0.39999999999999997,3.2
613,19,44,16,1.736842105263158,0.2786458333333333,0.4823763889427201,3.3684210526315788
614,18,42,18,1.7,0.30729166666666663,0.39999999999999997,3.2
615,18,42,19,1.7,0.31510416666666663,0.39999999999999997,3.2
616,18,44,13,1.7,0.25260416666666663,0.39999999999999997,3.2
617,19,48,15,1.736842105263158,0.23958333333333331,0.48237638894272,3.3684210526315788
618,18,41,18,1.65,0.30952380952380953,0.47696960070847283,3.15
619,18,38,22,1.7,0.375,0.39999999999999997,3.2
620,18,46,16,1.7,0.2630208333333333,0.39999999999999997,3.2
621,19,43,16,1.736842105263158,0.28125,0.4823763889427201,3.3684210526315788
622,19,41,17,1.736842105263158,0.3020833333333333,0.4823763889427201,3.3684210526315788
623,18,40,19,1.7,0.328125,0.39999999999999997,3.2
624,19,43,18,1.736842105263158,0.3020833333333333,0.4823763889427201,3.3684210526315788
625,19,43,18,1.736842105263158,0.3020833333333333,0.4823763889427201,3.3684210526315788
626,18,41,17,1.7,0.30729166666666663,0.39999999999999997,3.2
627,18,38,21,1.7,0.359375,0.39999999999999997,3.2
628,17,42,17,1.6666666666666667,0.2994791666666667,0.21295885499997994,3.0476190476190474
629,18,40,18,1.65,0.3227513227513228,0.47696960070847283,3.15
630,19,40,18,1.736842105263158,0.3229166666666667,0.4823763889427201,3.3684210526315788
631,17,41,19,1.6666666666666667,0.32552083333333337,0.21295885499997994,3.0476190476190474
632,19,42,17,1.7894736842105263,0.3020833333333333,0.4823763889427201,3.3684210526315788
633,18,43,16,1.7,0.28385416666666663,0.39999999999999997,3.2
634,18,42,18,1.7,0.30729166666666663,0.39999999999999997,3.2
635,18,44,16,1.7,0.2760416666666667,0.39999999999999997,3.2
636,18,43,17,1.7,0.296875,0.39999999999999997,3.2
637,18,41,16,1.65,0.2962962962962963,0.47696960070847283,3.15
638,18,44,18,1.7,0.296875,0.39999999999999997,3.2
639,18,41,18,1.7,0.3125,0.39999999999999997,3.2
640,19,41,19,1.736842105263158,0.3229166666666667,0.4823763889427201,3.3684210526315788
641,18,45,19,1.7,0.296875,0.39999999999999997,3.2
642,19,44,16,1.736842105263158,0.2786458333333333,0.48237638894272,3.3684210526315788
643,19,48,15,1.736842105263158,0.2421875,0.4823763889427201,3.3684210526315788
644,19,43,19,1.736842105263158,0.30989583333333337,0.4823763889427201,3.3684210526315788
645,18,44,16,1.7,0.27864583333333337,0.39999999999999997,3.2
646,19,37,18,1.736842105263158,0.34375,0.4823763889427201,3.3684210526315788
647,18,39,18,1.7,0.33072916666666663,0.39999999999999997,3.2
648,19,40,19,1.7894736842105263,0.3255208333333333,0.4823763889427201,3.3684210526315788
649,19,40,20,1.736842105263158,0.3411458333333333,0.4823763889427201,3.3684210526315788
650,19,41,20,1.6842105263157894,0.33068783068783064,0.5668594533825794,3.3157894736842106
651,18,41,21,1.7,0.34375,0.39999999999999997,3.2
652,18,39,18,1.7,0.328125,0.39999999999999997,3.2
653,18,37,19,1.7,0.3515625,0.39999999999999997,3.2
654,18,42,19,1.7,0.31770833333333337,0.39999999999999997,3.2
655,17,39,19,1.6666666666666667,0.33333333333333337,0.21295885499997994,3.0476190476190474
656,18,45,16,1.7,0.2708333333333333,0.39999999999999997,3.2
657,18,41,15,1.7,0.2890625,0.39999999999999997,3.2
658,18,43,18,1.7,0.3020833333333333,0.39999999999999997,3.2
659,19,44,17,1.736842105263158,0.2890625,0.4823763889427201,3.3684210526315788
660,18,44,19,1.7,0.3046875,0.39999999999999997,3.2
661,18,41,20,1.7,0.3359375,0.39999999999999997,3.2
662,18,41,14,1.7,0.28125,0.39999999999999997,3.2
663,18,43,17,1.7,0.29166666666666663,0.39999999999999997,3.2
664,19,44,17,1.736842105263158,0.2864583333333333,0.4823763889427201,3.3684210526315788
665,19,46,15,1.736842105263158,0.25520833333333337,0.48237638894272,3.3684210526315788
666,18,41,19,1.7,0.3229166666666667,0.39999999999999997,3.2
667,19,39,20,1.736842105263158,0.34635416666666663,0.4823763889427201,3.3684210526315788
668,19,42,18,1.736842105263158,0.3046875,0.4823763889427201,3.3684210526315788
669,18,39,20,1.65,0.34391534391534395,0.47696960070847283,3.15
670,19,35,20,1.7894736842105263,0.375,0.48237638894272,3.3684210526315788
671,19,41,19,1.736842105263158,0.32552083333333337,0.48237638894272,3.3684210526315788
672,18,42,19,1.7,0.3177083333333333,0.39999999999999997,3.2
673,18,40,22,1.7,0.3567708333333333,0.39999999999999997,3.2
674,18,43,20,1.7,0.3203125,0.39999999999999997,3.2
675,18,43,19,1.7,0.3125,0.39999999999999997,3.2
676,18,45,15,1.7,0.26302083333333337,0.39999999999999997,3.2
677,19,43,18,1.736842105263158,0.2994791666666667,0.48237638894272,3.3684210526315788
678,17,40,20,1.6666666666666667,0.34114583333333337,0.21295885499997994,3.0476190476190474
679,18,40,19,1.75,0.33072916666666663,0.39999999999999997,3.2
680,19,43,17,1.736842105263158,0.2916666666666667,0.4823763889427201,3.3684210526315788
681,18,41,16,1.7,0.2942708333333333,0.39999999999999997,3.2
682,19,41,19,1.736842105263158,0.3255208333333333,0.4823763889427201,3.3684210526315788
683,19,44,14,1.736842105263158,0.26041666666666663,0.4823763889427201,3.3684210526315788
684,19,38,19,1.736842105263158,0.34635416666666663,0.48237638894272,3.3684210526315788
685,19,36,23,1.736842105263158,0.390625,0.4823763889427201,3.3684210526315788
686,19,40,20,1.736842105263158,0.33854166666666663,0.4823763889427201,3.3684210526315788
687,18,40,18,1.65,0.3253968253968254,0.47696960070847283,3.15
688,18,40,19,1.7,0.3307291666666667,0.39999999999999997,3.2
689,20,43,17,1.7777777777777777,0.2942708333333333,0.49690399499995325,3.5555555555555554
690,17,42,19,1.6666666666666667,0.31770833333333337,0.21295885499997994,3.0476190476190474
691,18,44,16,1.7,0.2734375,0.39999999999999997,3.2
692,19,40,20,1.736842105263158,0.33854166666666663,0.48237638894272,3.3684210526315788
693,19,42,17,1.736842105263158,0.3046875,0.4823763889427201,3.3684210526315788
694,18,37,21,1.65,0.365079365079365,0.47696960070847283,3.15
695,18,38,23,1.7,0.3828125,0.39999999999999997,3.2
696,19,44,17,1.7894736842105263,0.28125,0.4823763889427201,3.3684210526315788
697,18,40,20,1.7,0.3359375,0.39999999999999997,3.2
698,17,36,17,1.6666666666666667,0.3385416666666667,0.21295885499997994,3.0476190476190474
699,18,44,16,1.7,0.2760416666666667,0.39999999999999997,3.2
700,18,37,22,1.7,0.375,0.39999999999999997,3.2
701,19,39,19,1.736842105263158,0.33854166666666663,0.4823763889427201,3.3684210526315788
702,18,40,15,1.7,0.296875,0.39999999999999997,3.2
703,18,39,22,1.7,0.3645833333333333,0.39999999999999997,3.2
704,18,40,17,1.65,0.31746031746031744,0.47696960070847283,3.15
705,18,40,19,1.7,0.3359375,0.39999999999999997,3.2
706,19,42,20,1.736842105263158,0.328125,0.48237638894272,3.3684210526315788
707,19,33,25,1.736842105263158,0.43229166666666663,0.48237638894272,3.3684210526315788
708,18,43,18,1.7,0.30208333333333337,0.39999999999999997,3.2
709,17,37,20,1.6666666666666667,0.36458333333333337,0.21295885499997994,3.0476190476190474
710,19,47,14,1.7894736842105263,0.23697916666666669,0.4823763889427201,3.3684210526315788
711,18,36,21,1.7,0.3802083333333333,0.39999999999999997,3.2
712,18,40,21,1.7,0.3463541666666667,0.39999999999999997,3.2
713,18,38,20,1.7,0.3541666666666667,0.39999999999999997,3.2
714,18,38,20,1.7,0.3515625,0.39999999999999997,3.2
715,19,38,18,1.6842105263157894,0.33068783068783064,0.5668594533825794,3.3157894736842106
716,19,41,17,1.736842105263158,0.30729166666666663,0.4823763889427201,3.3684210526315788
717,18,38,18,1.7,0.33333333333333337,0.39999999999999997,3.2
718,18,36,20,1.7,0.3671875,0.39999999999999997,3.2
719,18,35,24,1.7,0.40625,0.39999999999999997,3.2
720,18,37,21,1.7,0.3671875,0.39999999999999997,3.2
721,18,40,19,1.7,0.3307291666666667,0.39999999999999997,3.2
722,18,38,21,1.7,0.359375,0.39999999999999997,3.2
723,19,41,17,1.736842105263158,0.3046875,0.4823763889427201,3.3684210526315788
724,19,38,22,1.736842105263158,0.36979166666666663,0.4823763889427201,3.3684210526315788
725,19,42,18,1.736842105263158,0.3098958333333333,0.4823763889427201,3.3684210526315788
726,18,41,18,1.75,0.31510416666666663,0.39999999999999997,3.2
727,18,46,17,1.7,0.2708333333333333,0.39999999999999997,3.2
728,18,39,20,1.7,0.34895833333333337,0.39999999999999997,3.2
729,18,38,19,1.7,0.3411458333333333,0.39999999999999997,3.2
730,18,40,20,1.7,0.33854166666666663,0.39999999999999997,3.2
731,19,37,20,1.736842105263158,0.359375,0.4823763889427201,3.3684210526315788
732,18,40,20,1.7,0.33854166666666663,0.39999999999999997,3.2
733,18,41,20,1.7,0.3307291666666667,0.39999999999999997,3.2
734,18,38,18,1.7,0.3359375,0.39999999999999997,3.2
735,20,37,22,1.7777777777777777,0.3776041666666667,0.49690399499995325,3.5555555555555554
736,19,42,19,1.736842105263158,0.31510416666666663,0.4823763889427201,3.3684210526315788
737,18,36,24,1.7,0.40104166666666663,0.39999999999999997,3.2
738,19,41,18,1.736842105263158,0.31510416666666663,0.4823763889427201,3.3684210526315788
739,19,44,18,1.736842105263158,0.2942708333333333,0.4823763889427201,3.3684210526315788
740,18,41,16,1.7,0.30208333333333337,0.39999999999999997,3.2
741,18,40,18,1.7,0.3229166666666667,0.39999999999999997,3.2
742,18,36,22,1.7,0.3854166666666667,0.39999999999999997,3.2
743,17,40,20,1.6666666666666667,0.3411458333333333,0.21295885499997994,3.0476190476190474
744,18,39,20,1.7,0.3489583333333333,0.39999999999999997,3.2
745,19,38,22,1.736842105263158,0.36979166666666663,0.4823763889427201,3.3684210526315788
746,18,43,17,1.7,0.2916666666666667,0.39999999999999997,3.2
747,18,39,22,1.7,0.3645833333333333,0.39999999999999997,3.2
748,18,41,20,1.7,0.33333333333333337,0.39999999999999997,3.2
749,19,37,20,1.736842105263158,0.3619791666666667,0.4823763889427201,3.3684210526315788
750,18,37,22,1.7,0.375,0.39999999999999997,3.2
751,18,38,21,1.7,0.35677083333333337,0.39999999999999997,3.2
752,19,38,19,1.736842105263158,0.34375,0.4823763889427201,3.3684210526315788
753,18,43,18,1.7,0.3046875,0.39999999999999997,3.2
754,18,43,17,1.7,0.2942708333333333,0.39999999999999997,3.2
755,19,42,18,1.736842105263158,0.3072916666666667,0.4823763889427201,3.3684210526315788
756,18,35,19,1.7,0.36458333333333337,0.39999999999999997,3.2
757,18,39,21,1.7,0.3567708333333333,0.39999999999999997,3.2
758,19,38,21,1.736842105263158,0.3645833333333333,0.4823763889427201,3.3684210526315788
759,19,35,22,1.736842105263158,0.390625,0.4823763889427201,3.3684210526315788
760,18,37,21,1.7,0.3671875,0.39999999999999997,3.2
761,20,40,20,1.7777777777777777,0.34114583333333337,0.49690399499995325,3.5555555555555554
762,19,39,21,1.736842105263158,0.3541666666666667,0.4823763889427201,3.3684210526315788
763,19,40,21,1.736842105263158,0.3489583333333333,0.4823763889427201,3.3684210526315788
764,19,44,18,1.736842105263158,0.2942708333333333,0.4823763889427201,3.3684210526315788
765,19,43,18,1.736842105263158,0.3046875,0.4823763889427201,3.3684210526315788
766,17,41,19,1.619047619047619,0.3253968253968254,0.3086066999241838,3.0
767,19,39,21,1.736842105263158,0.359375,0.4823763889427201,3.3684210526315788
768,18,37,20,1.7,0.3567708333333333,0.39999999999999997,3.2
769,19,38,21,1.736842105263158,0.35714285714285715,0.5668594533825794,3.3157894736842106
770,18,38,22,1.7,0.36979166666666663,0.39999999999999997,3.2
771,20,39,20,1.7777777777777777,0.3463541666666667,0.49690399499995325,3.5555555555555554
772,19,38,20,1.736842105263158,0.35416666666666663,0.48237638894272,3.3684210526315788
773,18,43,18,1.7,0.3020833333333333,0.39999999999999997,3.2
774,19,39,19,1.736842105263158,0.3359375,0.4823763889427201,3.3684210526315788
775,18,39,20,1.7,0.34895833333333337,0.39999999999999997,3.2
776,18,38,22,1.7,0.3671875,0.39999999999999997,3.2
777,18,39,20,1.7,0.34895833333333337,0.39999999999999997,3.2
778,19,41,22,1.736842105263158,0.3515625,0.48237638894272,3.3684210526315788
779,18,43,17,1.7,0.296875,0.39999999999999997,3.2
780,19,38,21,1.736842105263158,0.36197916666666663,0.4823763889427201,3.3684210526315788
781,20,40,20,1.7777777777777777,0.3333333333333333,0.49690399499995325,3.5555555555555554
782,18,37,22,1.7,0.3828125,0.39999999999999997,3.2
783,19,40,20,1.736842105263158,0.3333333333333333,0.4823763889427201,3.3684210526315788
784,17,42,19,1.6666666666666667,0.31510416666666663,0.21295885499997994,3.0476190476190474
785,19,39,22,1.736842105263158,0.3645833333333333,0.4823763889427201,3.3684210526315788
786,19,37,23,1.736842105263158,0.38541666666666663,0.4823763889427201,3.3684210526315788
787,18,39,20,1.7,0.34895833333333337,0.39999999999999997,3.2
788,20,39,18,1.7777777777777777,0.32552083333333337,0.49690399499995325,3.5555555555555554
789,19,41,19,1.736842105263158,0.3203125,0.48237638894272,3.3684210526315788
790,19,38,22,1.736842105263158,0.3723958333333333,0.4823763889427201,3.3684210526315788
791,18,39,20,1.7,0.3463541666666667,0.39999999999999997,3.2
792,19,43,18,1.736842105263158,0.3046875,0.48237638894272,3.3684210526315788
793,18,40,19,1.7,0.3307291666666667,0.39999999999999997,3.2
794,19,41,18,1.736842105263158,0.31770833333333337,0.4823763889427201,3.3684210526315788
795,18,42,17,1.7,0.2994791666666667,0.39999999999999997,3.2
796,18,42,19,1.7,0.31770833333333337,0.39999999999999997,3.2
797,19,40,20,1.6842105263157894,0.3386243386243386,0.5668594533825794,3.3157894736842106
798,19,36,23,1.736842105263158,0.39583333333333337,0.4823763889427201,3.3684210526315788
799,18,37,20,1.7,0.36197916666666663,0.39999999999999997,3.2
800,19,38,20,1.736842105263158,0.3567708333333333,0.4823763889427201,3.3684210526315788
801,18,39,17,1.7,0.31770833333333337,0.39999999999999997,3.2
802,20,37,21,1.7777777777777777,0.3723958333333333,0.49690399499995325,3.5555555555555554
803,18,39,19,1.7,0.3411458333333333,0.39999999999999997,3.2
804,19,42,19,1.736842105263158,0.3177083333333333,0.4823763889427201,3.3684210526315788
805,18,43,19,1.7,0.3098958333333333,0.39999999999999997,3.2
806,18,40,19,1.7,0.33068783068783064,0.47696960070847283,3.15
807,18,40,20,1.7,0.34114583333333337,0.39999999999999997,3.2
808,19,36,22,1.736842105263158,0.3854166666666667,0.48237638894272,3.3684210526315788
809,18,40,19,1.7,0.33072916666666663,0.39999999999999997,3.2
810,18,38,19,1.65,0.3412698412698413,0.47696960070847283,3.15
811,19,36,21,1.736842105263158,0.3723958333333333,0.4823763889427201,3.3684210526315788
812,18,34,25,1.7,0.42708333333333337,0.39999999999999997,3.2
813,20,40,18,1.7777777777777777,0.3177083333333333,0.49690399499995325,3.5555555555555554
814,17,35,22,1.6666666666666667,0.390625,0.21295885499997994,3.0476190476190474
815,18,35,23,1.7,0.3984375,0.39999999999999997,3.2
816,18,41,18,1.7,0.3125,0.39999999999999997,3.2
817,19,42,16,1.736842105263158,0.2942708333333333,0.4823763889427201,3.3684210526315788
818,18,43,18,1.7,0.30208333333333337,0.39999999999999997,3.2
819,19,39,21,1.736842105263158,0.35416666666666663,0.4823763889427201,3.3684210526315788
820,18,42,17,1.7,0.30208333333333337,0.39999999999999997,3.2
821,18,38,21,1.7,0.3645833333333333,0.39999999999999997,3.2
822,19,37,20,1.736842105263158,0.3567708333333333,0.4823763889427201,3.3684210526315788
823,19,43,18,1.736842105263158,0.3046875,0.4823763889427201,3.3684210526315788
824,18,41,20,1.7,0.33333333333333337,0.39999999999999997,3.2
825,18,38,19,1.7,0.34375,0.39999999999999997,3.2
826,19,41,20,1.736842105263158,0.3333333333333333,0.4823763889427201,3.3684210526315788
827,19,39,20,1.736842105263158,0.34375,0.4823763889427201,3.3684210526315788
828,18,36,20,1.7,0.36197916666666663,0.39999999999999997,3.2
829,18,36,22,1.7,0.38802083333333337,0.39999999999999997,3.2
830,18,38,21,1.7,0.3645833333333333,0.39999999999999997,3.2
831,19,39,19,1.736842105263158,0.34114583333333337,0.4823763889427201,3.3684210526315788
832,19,37,19,1.736842105263158,0.3515625,0.4823763889427201,3.3684210526315788
833,18,39,20,1.7,0.34635416666666663,0.39999999999999997,3.2
834,19,43,18,1.736842105263158,0.2994791666666667,0.4823763889427201,3.3684210526315788
835,18,35,21,1.7,0.38020833333333337,0.39999999999999997,3.2
836,18,36,22,1.7,0.38541666666666663,0.39999999999999997,3.2
837,19,36,23,1.736842105263158,0.39583333333333337,0.4823763889427201,3.3684210526315788
838,19,38,21,1.736842105263158,0.359375,0.4823763889427201,3.3684210526315788
839,19,39,20,1.736842105263158,0.3515625,0.4823763889427201,3.3684210526315788
840,18,37,22,1.7,0.38020833333333337,0.39999999999999997,3.2
841,19,39,19,1.736842105263158,0.33854166666666663,0.4823763889427201,3.3684210526315788
842,18,39,22,1.65,0.36243386243386244,0.47696960070847283,3.15
843,19,34,21,1.736842105263158,0.390625,0.4823763889427201,3.3684210526315788
844,18,40,20,1.75,0.3411458333333333,0.39999999999999997,3.2
845,19,40,22,1.736842105263158,0.359375,0.4823763889427201,3.3684210526315788
846,18,39,19,1.7,0.3411458333333333,0.39999999999999997,3.2
847,20,39,21,1.7777777777777777,0.359375,0.49690399499995325,3.5555555555555554
848,18,44,17,1.7,0.2890625,0.39999999999999997,3.2
849,19,43,17,1.6842105263157894,0.2883597883597883,0.5668594533825794,3.3157894736842106
850,19,43,18,1.736842105263158,0.3046875,0.48237638894272,3.3684210526315788
851,19,39,19,1.736842105263158,0.3359375,0.4823763889427201,3.3684210526315788
852,18,40,20,1.7,0.3411458333333333,0.39999999999999997,3.2
853,18,35,25,1.7,0.41927083333333337,0.39999999999999997,3.2
854,18,43,19,1.7,0.3098958333333333,0.39999999999999997,3.2
855,18,36,21,1.7,0.3776041666666667,0.39999999999999997,3.2
856,18,39,22,1.65,0.36507936507936506,0.47696960070847283,3.15
857,19,39,23,1.736842105263158,0.3723958333333333,0.4823763889427201,3.3684210526315788
858,19,40,20,1.736842105263158,0.33854166666666663,0.4823763889427201,3.3684210526315788
859,19,42,19,1.736842105263158,0.31510416666666663,0.48237638894272,3.3684210526315788
860,19,35,24,1.736842105263158,0.40885416666666663,0.4823763889427201,3.3684210526315788
861,19,34,25,1.736842105263158,0.4270833333333333,0.4823763889427201,3.3684210526315788
862,18,41,20,1.7,0.3333333333333333,0.39999999999999997,3.2
863,17,39,22,1.6666666666666667,0.36458333333333337,0.21295885499997994,3.0476190476190474
864,18,38,19,1.75,0.3411458333333333,0.39999999999999997,3.2
865,17,38,21,1.6666666666666667,0.36458333333333337,0.21295885499997994,3.0476190476190474
866,19,38,21,1.736842105263158,0.36458333333333337,0.4823763889427201,3.3684210526315788
867,18,37,22,1.7,0.37760416666666663,0.39999999999999997,3.2
868,18,37,19,1.7,0.3541666666666667,0.39999999999999997,3.2
869,19,32,24,1.736842105263158,0.4322916666666667,0.4823763889427201,3.3684210526315788
870,18,39,20,1.65,0.34635416666666663,0.39999999999999997,3.2
871,19,37,22,1.736842105263158,0.37760416666666663,0.4823763889427201,3.3684210526315788
872,19,41,20,1.736842105263158,0.3333333333333333,0.4823763889427201,3.3684210526315788
873,18,37,21,1.7,0.37239583333333337,0.39999999999999997,3.2
874,19,41,17,1.736842105263158,0.3046875,0.48237638894272,3.3684210526315788
875,18,40,20,1.7,0.3385416666666667,0.39999999999999997,3.2
876,18,37,22,1.65,0.37566137566137564,0.47696960070847283,3.15
877,18,40,20,1.7,0.34375,0.39999999999999997,3.2
878,19,39,21,1.736842105263158,0.3541666666666667,0.48237638894272,3.3684210526315788
879,19,36,21,1.736842105263158,0.38020833333333337,0.4823763889427201,3.3684210526315788
880,20,38,22,1.7777777777777777,0.3723958333333333,0.49690399499995325,3.5555555555555554
881,18,40,20,1.7,0.34375,0.39999999999999997,3.2
882,19,35,24,1.736842105263158,0.4140625,0.4823763889427201,3.3684210526315788
883,18,39,19,1.7,0.34114583333333337,0.39999999999999997,3.2
884,19,39,20,1.736842105263158,0.34635416666666663,0.4823763889427201,3.3684210526315788
885,20,35,22,1.7777777777777777,0.3880208333333333,0.49690399499995325,3.5555555555555554
886,18,36,22,1.7,0.37760416666666663,0.39999999999999997,3.2
887,17,34,21,1.6666666666666667,0.39322916666666663,0.21295885499997994,3.0476190476190474
888,19,36,21,1.736842105263158,0.37760416666666663,0.4823763889427201,3.3684210526315788
889,19,37,22,1.736842105263158,0.37760416666666663,0.4823763889427201,3.3684210526315788
890,18,38,20,1.7,0.3515625,0.39999999999999997,3.2
891,18,41,19,1.7,0.32291666666666663,0.39999999999999997,3.2
892,17,39,20,1.6666666666666667,0.3515625,0.21295885499997994,3.0476190476190474
893,19,38,23,1.736842105263158,0.3828125,0.4823763889427201,3.3684210526315788
894,19,37,22,1.736842105263158,0.3802083333333333,0.4823763889427201,3.3684210526315788
895,19,34,23,1.736842105263158,0.4088541666666667,0.4823763889427201,3.3684210526315788
896,18,47,16,1.7,0.2578125,0.39999999999999997,3.2
897,18,37,21,1.7,0.37239583333333337,0.39999999999999997,3.2
898,18,38,19,1.65,0.3439153439153439,0.47696960070847283,3.15
899,18,36,21,1.7,0.38020833333333337,0.39999999999999997,3.2
900,18,36,21,1.7,0.3828125,0.39999999999999997,3.2
901,19,33,22,1.736842105263158,0.40625,0.4823763889427201,3.3684210526315788
902,19,40,20,1.736842105263158,0.3385416666666667,0.4823763889427201,3.3684210526315788
903,18,36,24,1.7,0.40625,0.39999999999999997,3.2
904,19,36,24,1.736842105263158,0.4036458333333333,0.4823763889427201,3.3684210526315788
905,18,39,19,1.7,0.34375,0.39999999999999997,3.2
906,18,35,23,1.7,0.3984375,0.39999999999999997,3.2
907,19,37,19,1.736842105263158,0.3515625,0.4823763889427201,3.3684210526315788
908,20,39,20,1.8333333333333333,0.34895833333333337,0.49690399499995325,3.5555555555555554
909,19,35,20,1.6842105263157894,0.373015873015873,0.5668594533825794,3.3157894736842106
910,18,39,20,1.7,0.34895833333333337,0.39999999999999997,3.2
911,18,39,20,1.7,0.34635416666666663,0.39999999999999997,3.2
912,19,41,18,1.736842105263158,0.31510416666666663,0.4823763889427201,3.3684210526315788
913,18,35,21,1.7,0.3828125,0.39999999999999997,3.2
914,19,32,23,1.736842105263158,0.42187499999999994,0.4823763889427201,3.3684210526315788
915,18,41,21,1.7,0.34375,0.39999999999999997,3.2
916,18,43,19,1.7,0.3125,0.39999999999999997,3.2
917,19,38,21,1.736842105263158,0.3645833333333333,0.4823763889427201,3.3684210526315788
918,18,38,21,1.7,0.36197916666666663,0.39999999999999997,3.2
919,18,38,19,1.7,0.34114583333333337,0.39999999999999997,3.2
920,18,36,21,1.7,0.37760416666666663,0.39999999999999997,3.2
921,19,42,19,1.736842105263158,0.3203125,0.4823763889427201,3.3684210526315788
922,19,38,21,1.736842105263158,0.3619791666666667,0.48237638894272,3.3684210526315788
923,18,37,21,1.7,0.3671875,0.39999999999999997,3.2
924,18,36,21,1.65,0.38095238095238093,0.47696960070847283,3.15
925,18,38,21,1.7,0.3671875,0.39999999999999997,3.2
926,18,42,17,1.7,0.30208333333333337,0.39999999999999997,3.2
927,18,37,20,1.7,0.36197916666666663,0.39999999999999997,3.2
928,20,36,22,1.7777777777777777,0.3802083333333333,0.49690399499995325,3.5555555555555554
929,19,37,22,1.736842105263158,0.375,0.4823763889427201,3.3684210526315788
930,18,38,22,1.7,0.37239583333333337,0.39999999999999997,3.2
931,19,36,21,1.736842105263158,0.37760416666666663,0.4823763889427201,3.3684210526315788
932,18,33,22,1.7,0.40885416666666663,0.39999999999999997,3.2
933,19,36,22,1.736842105263158,0.38802083333333337,0.4823763889427201,3.3684210526315788
934,18,41,21,1.7,0.33854166666666663,0.39999999999999997,3.2
935,19,36,24,1.736842105263158,0.40625,0.4823763889427201,3.3684210526315788
936,19,38,22,1.736842105263158,0.37239583333333337,0.4823763889427201,3.3684210526315788
937,18,35,25,1.7,0.4192708333333333,0.39999999999999997,3.2
938,18,33,22,1.65,0.4021164021164021,0.47696960070847283,3.15
939,19,35,23,1.736842105263158,0.40104166666666663,0.4823763889427201,3.3684210526315788
940,18,40,19,1.7,0.33333333333333337,0.39999999999999997,3.2
941,19,41,19,1.736842105263158,0.3229166666666667,0.48237638894272,3.3684210526315788
942,18,34,22,1.7,0.39583333333333337,0.39999999999999997,3.2
943,18,40,20,1.7,0.34114583333333337,0.39999999999999997,3.2
944,18,38,22,1.65,0.3677248677248677,0.47696960070847283,3.15
945,19,43,19,1.736842105263158,0.3098958333333333,0.4823763889427201,3.3684210526315788
946,19,38,20,1.736842105263158,0.34895833333333337,0.4823763889427201,3.3684210526315788
947,18,35,23,1.7,0.3984375,0.39999999999999997,3.2
948,18,33,23,1.7,0.4140625,0.39999999999999997,3.2
949,18,38,20,1.7,0.3489583333333333,0.39999999999999997,3.2
950,18,32,23,1.65,0.42592592592592593,0.47696960070847283,3.15
951,19,38,22,1.736842105263158,0.3723958333333333,0.4823763889427201,3.3684210526315788
952,19,37,21,1.736842105263158,0.375,0.4823763889427201,3.3684210526315788
953,19,37,23,1.736842105263158,0.38541666666666663,0.4823763889427201,3.3684210526315788
954,19,38,20,1.736842105263158,0.3541666666666667,0.48237638894272,3.3684210526315788
955,19,33,27,1.736842105263158,0.4505208333333333,0.4823763889427201,3.3684210526315788
956,19,35,23,1.736842105263158,0.4010416666666667,0.4823763889427201,3.3684210526315788
957,18,39,22,1.7,0.3671875,0.39999999999999997,3.2
958,19,36,22,1.736842105263158,0.38541666666666663,0.4823763889427201,3.3684210526315788
959,20,36,21,1.7777777777777777,0.375,0.49690399499995325,3.5555555555555554
960,19,37,21,1.736842105263158,0.3723958333333333,0.4823763889427201,3.3684210526315788
961,18,35,22,1.7,0.39322916666666663,0.39999999999999997,3.2
962,18,33,23,1.7,0.41927083333333337,0.39999999999999997,3.2
963,18,40,19,1.75,0.33072916666666663,0.39999999999999997,3.2
964,19,32,25,1.736842105263158,0.4427083333333333,0.4823763889427201,3.3684210526315788
965,18,38,21,1.7,0.3645833333333333,0.39999999999999997,3.2
966,19,38,21,1.736842105263158,0.36458333333333337,0.4823763889427201,3.3684210526315788
967,18,39,22,1.7,0.36197916666666663,0.39999999999999997,3.2
968,18,40,20,1.7,0.34375,0.39999999999999997,3.2
969,18,31,23,1.7,0.4270833333333333,0.39999999999999997,3.2
970,18,38,19,1.7,0.34375,0.39999999999999997,3.2
971,18,35,24,1.7,0.4114583333333333,0.39999999999999997,3.2
972,19,37,22,1.6842105263157894,0.3756613756613757,0.5668594533825794,3.3157894736842106
973,18,42,19,1.7,0.31510416666666663,0.39999999999999997,3.2
974,19,32,24,1.736842105263158,0.4296875,0.4823763889427201,3.3684210526315788
975,18,41,20,1.75,0.33333333333333337,0.39999999999999997,3.2
976,18,41,20,1.7,0.3359375,0.39999999999999997,3.2
977,18,37,25,1.7,0.40625,0.39999999999999997,3.2
978,19,36,23,1.736842105263158,0.3932291666666667,0.4823763889427201,3.3684210526315788
979,19,33,23,1.736842105263158,0.40885416666666663,0.48237638894272,3.3684210526315788
980,19,39,22,1.736842105263158,0.3671875,0.4823763889427201,3.3684210526315788
981,19,39,21,1.736842105263158,0.3541666666666667,0.4823763889427201,3.3684210526315788
982,18,36,22,1.7,0.3828125,0.39999999999999997,3.2
983,18,36,22,1.65,0.3862433862433862,0.47696960070847283,3.15
984,18,35,21,1.7,0.38802083333333337,0.39999999999999997,3.2
985,17,32,23,1.6666666666666667,0.42708333333333337,0.21295885499997994,3.0476190476190474
986,18,38,20,1.7,0.35416666666666663,0.39999999999999997,3.2
987,18,39,20,1.7,0.34635416666666663,0.39999999999999997,3.2
988,19,36,20,1.6842105263157894,0.373015873015873,0.5668594533825794,3.3157894736842106
989,19,38,22,1.736842105263158,0.36979166666666663,0.4823763889427201,3.3684210526315788
990,18,38,21,1.7,0.36197916666666663,0.39999999999999997,3.2
991,18,36,23,1.7,0.3984375,0.39999999999999997,3.2
992,19,35,24,1.736842105263158,0.40885416666666663,0.4823763889427201,3.3684210526315788
993,18,34,23,1.65,0.40476190476190477,0.47696960070847283,3.15
994,18,32,21,1.65,0.4021164021164021,0.47696960070847283,3.15
995,18,35,22,1.7,0.390625,0.39999999999999997,3.2
996,19,40,22,1.736842105263158,0.3567708333333333,0.4823763889427201,3.3684210526315788
997,17,40,18,1.6666666666666667,0.32552083333333337,0.21295885499997994,3.0476190476190474
998,18,37,22,1.7,0.3828125,0.39999999999999997,3.2
999,19,34,21,1.736842105263158,0.3932291666666667,0.4823763889427201,3.3684210526315788
1000,18,41,21,1.7,0.3411458333333333,0.39999999999999997,3.2
1001,18,36,20,1.7,0.37239583333333337,0.39999999999999997,3.2
1002,18,37,23,1.7,0.390625,0.39999999999999997,3.2
1003,19,36,22,1.736842105263158,0.3880208333333333,0.4823763889427201,3.3684210526315788
1004,19,34,23,1.736842105263158,0.40885416666666663,0.4823763889427201,3.3684210526315788
1005,19,35,24,1.736842105263158,0.4114583333333333,0.4823763889427201,3.3684210526315788
1006,17,37,23,1.7142857142857142,0.38802083333333337,0.21295885499997996,3.0476190476190474
1007,19,39,20,1.736842105263158,0.34635416666666663,0.4823763889427201,3.3684210526315788
1008,20,36,22,1.7777777777777777,0.38541666666666663,0.49690399499995325,3.5555555555555554
1009,17,37,23,1.6666666666666667,0.38802083333333337,0.21295885499997994,3.0476190476190474
1010,19,38,21,1.736842105263158,0.3645833333333333,0.4823763889427201,3.3684210526315788
1011,19,35,24,1.736842105263158,0.4114583333333333,0.4823763889427201,3.3684210526315788
1012,18,39,22,1.7,0.3645833333333333,0.39999999999999997,3.2
1013,18,35,20,1.7,0.3776041666666667,0.39999999999999997,3.2
1014,20,36,22,1.7777777777777777,0.3828125,0.49690399499995325,3.5555555555555554
1015,19,36,23,1.736842105263158,0.3958333333333333,0.4823763889427201,3.3684210526315788
1016,19,33,23,1.736842105263158,0.41927083333333337,0.4823763889427201,3.3684210526315788
1017,19,30,25,1.736842105263158,0.45572916666666663,0.48237638894272,3.3684210526315788
1018,18,39,20,1.7,0.3489583333333333,0.39999999999999997,3.2
1019,19,39,20,1.736842105263158,0.34635416666666663,0.4823763889427201,3.3684210526315788
1020,19,36,23,1.736842105263158,0.39322916666666663,0.4823763889427201,3.3684210526315788
1021,18,34,24,1.7,0.4166666666666667,0.39999999999999997,3.2
1022,19,36,21,1.736842105263158,0.3802083333333333,0.4823763889427201,3.3684210526315788
1023,18,39,20,1.7,0.34635416666666663,0.39999999999999997,3.2
1024,19,37,23,1.736842105263158,0.38541666666666663,0.4823763889427201,3.3684210526315788
1025,17,33,22,1.6666666666666667,0.40625,0.21295885499997994,3.0476190476190474
1026,18,37,22,1.7,0.375,0.39999999999999997,3.2
1027,18,38,19,1.7,0.3463541666666667,0.39999999999999997,3.2
1028,18,38,23,1.7,0.38020833333333337,0.39999999999999997,3.2
1029,20,34,23,1.7777777777777777,0.41145833333333337,0.49690399499995325,3.5555555555555554
1030,19,37,23,1.736842105263158,0.38541666666666663,0.4823763889427201,3.3684210526315788
1031,18,34,23,1.65,0.4126984126984127,0.47696960070847283,3.15
1032,18,34,23,1.65,0.40740740740740744,0.47696960070847283,3.15
1033,19,36,24,1.736842105263158,0.4036458333333333,0.4823763889427201,3.3684210526315788
1034,20,34,21,1.7777777777777777,0.38802083333333337,0.49690399499995325,3.5555555555555554
1035,18,40,18,1.7,0.32291666666666663,0.39999999999999997,3.2
1036,19,37,21,1.736842105263158,0.3723958333333333,0.4823763889427201,3.3684210526315788
1037,19,39,20,1.736842105263158,0.34635416666666663,0.4823763889427201,3.3684210526315788
1038,18,34,22,1.7,0.3932291666666667,0.39999999999999997,3.2
1039,19,38,22,1.736842105263158,0.3723958333333333,0.48237638894272,3.3684210526315788
1040,19,38,20,1.736842105263158,0.3489583333333333,0.48237638894272,3.3684210526315788
1041,18,38,19,1.7,0.34895833333333337,0.39999999999999997,3.2
1042,20,40,22,1.7777777777777777,0.359375,0.49690399499995325,3.5555555555555554
1043,19,36,20,1.736842105263158,0.36979166666666663,0.4823763889427201,3.3684210526315788
1044,19,35,23,1.736842105263158,0.40625,0.4823763889427201,3.3684210526315788
1045,18,37,22,1.7,0.3828125,0.39999999999999997,3.2
1046,19,37,22,1.736842105263158,0.37760416666666663,0.4823763889427201,3.3684210526315788
1047,19,34,23,1.736842105263158,0.40364583333333337,0.48237638894272,3.3684210526315788
1048,18,33,22,1.7,0.40625,0.39999999999999997,3.2
1049,18,33,23,1.65,0.4126984126984126,0.47696960070847283,3.15
1050,20,34,21,1.7777777777777777,0.390625,0.49690399499995325,3.5555555555555554
1051,18,38,21,1.7,0.36197916666666663,0.39999999999999997,3.2
1052,19,36,22,1.736842105263158,0.3828125,0.4823763889427201,3.3684210526315788
1053,19,35,21,1.736842105263158,0.3828125,0.4823763889427201,3.3684210526315788
1054,18,31,26,1.7,0.4583333333333333,0.39999999999999997,3.2
1055,19,34,22,1.736842105263158,0.3984375,0.4823763889427201,3.3684210526315788
1056,18,37,24,1.7,0.3958333333333333,0.39999999999999997,3.2
1057,19,42,20,1.736842105263158,0.3255208333333333,0.48237638894272,3.3684210526315788
1058,19,35,22,1.736842105263158,0.390625,0.4823763889427201,3.3684210526315788
1059,19,36,23,1.736842105263158,0.3932291666666667,0.48237638894272,3.3684210526315788
1060,18,36,21,1.7,0.3828125,0.39999999999999997,3.2
1061,19,36,21,1.736842105263158,0.36979166666666663,0.4823763889427201,3.3684210526315788
1062,18,37,21,1.7,0.37239583333333337,0.39999999999999997,3.2
1063,17,36,22,1.6666666666666667,0.3854166666666667,0.21295885499997994,3.0476190476190474
1064,18,35,23,1.7,0.3984375,0.39999999999999997,3.2
1065,18,33,22,1.7,0.40885416666666663,0.39999999999999997,3.2
1066,19,33,21,1.736842105263158,0.3984375,0.4823763889427201,3.3684210526315788
1067,19,36,21,1.6842105263157894,0.37566137566137564,0.5668594533825794,3.3157894736842106
1068,18,34,22,1.65,0.3941798941798942,0.47696960070847283,3.15
1069,17,35,25,1.6666666666666667,0.421875,0.21295885499997994,3.0476190476190474
1070,19,33,21,1.6842105263157894,0.3915343915343915,0.5668594533825794,3.3157894736842106
1071,18,35,21,1.7,0.38541666666666663,0.39999999999999997,3.2
1072,18,35,20,1.7,0.36979166666666663,0.39999999999999997,3.2
1073,19,37,21,1.736842105263158,0.3671875,0.48237638894272,3.3684210526315788
1074,19,35,18,1.736842105263158,0.3567708333333333,0.4823763889427201,3.3684210526315788
1075,19,39,22,1.736842105263158,0.36197916666666663,0.4823763889427201,3.3684210526315788
1076,18,37,22,1.7,0.3802083333333333,0.39999999999999997,3.2
1077,19,40,20,1.736842105263158,0.3411458333333333,0.4823763889427201,3.3684210526315788
1078,19,35,24,1.736842105263158,0.4114583333333333,0.4823763889427201,3.3684210526315788
1079,19,33,23,1.736842105263158,0.4192708333333333,0.4823763889427201,3.3684210526315788
1080,19,36,24,1.736842105263158,0.4036458333333333,0.4823763889427201,3.3684210526315788
1081,20,36,21,1.7222222222222223,0.3783068783068783,0.6009252125773316,3.5
1082,18,38,22,1.7,0.37239583333333337,0.39999999999999997,3.2
1083,18,36,24,1.7,0.3984375,0.39999999999999997,3.2
1084,18,35,23,1.7,0.39583333333333337,0.39999999999999997,3.2
1085,17,34,20,1.6666666666666667,0.3828125,0.21295885499997994,3.0476190476190474
1086,18,38,21,1.65,0.36507936507936506,0.47696960070847283,3.15
1087,18,34,24,1.7,0.4140625,0.39999999999999997,3.2
1088,19,33,22,1.736842105263158,0.40625,0.4823763889427201,3.3684210526315788
1089,19,36,23,1.736842105263158,0.39322916666666663,0.4823763889427201,3.3684210526315788
1090,19,37,22,1.736842105263158,0.3802083333333333,0.4823763889427201,3.3684210526315788
1091,18,38,21,1.7,0.36197916666666663,0.39999999999999997,3.2
1092,20,33,22,1.7777777777777777,0.40885416666666663,0.49690399499995325,3.5555555555555554
1093,18,36,21,1.7,0.37760416666666663,0.39999999999999997,3.2
1094,18,34,22,1.7,0.4036458333333333,0.39999999999999997,3.2
1095,20,38,21,1.7777777777777777,0.36458333333333337,0.49690399499995325,3.5555555555555554
1096,18,35,22,1.7,0.3958333333333333,0.39999999999999997,3.2
1097,18,36,22,1.7,0.3880208333333333,0.39999999999999997,3.2
1098,19,37,22,1.736842105263158,0.37760416666666663,0.4823763889427201,3.3684210526315788
1099,20,29,23,1.7777777777777777,0.4375,0.49690399499995325,3.5555555555555554
1100,20,33,24,1.7777777777777777,0.42447916666666663,0.49690399499995325,3.5555555555555554
1101,19,32,21,1.736842105263158,0.4036458333333333,0.4823763889427201,3.3684210526315788
1102,19,38,20,1.736842105263158,0.3567708333333333,0.4823763889427201,3.3684210526315788
1103,19,33,25,1.736842105263158,0.43229166666666663,0.4823763889427201,3.3684210526315788
1104,18,32,23,1.7,0.4270833333333333,0.39999999999999997,3.2
1105,18,39,19,1.75,0.3385416666666667,0.39999999999999997,3.2
1106,18,33,21,1.7,0.3984375,0.39999999999999997,3.2
1107,19,34,24,1.736842105263158,0.4192708333333333,0.4823763889427201,3.3684210526315788
1108,18,35,23,1.7,0.40104166666666663,0.39999999999999997,3.2
1109,18,34,24,1.7,0.4140625,0.39999999999999997,3.2
1110,18,41,18,1.7,0.3177083333333333,0.39999999999999997,3.2
1111,18,37,23,1.7,0.3880208333333333,0.39999999999999997,3.2
1112,18,35,22,1.7,0.390625,0.39999999999999997,3.2
1113,18,31,25,1.7,0.44791666666666663,0.39999999999999997,3.2
1114,18,38,22,1.7,0.3723958333333333,0.39999999999999997,3.2
1115,19,34,23,1.736842105263158,0.40625,0.4823763889427201,3.3684210526315788
1116,19,36,24,1.736842105263158,0.4036458333333333,0.4823763889427201,3.3684210526315788
1117,19,35,22,1.736842105263158,0.3984375,0.4823763889427201,3.3684210526315788
1118,18,35,22,1.7,0.390625,0.39999999999999997,3.2
1119,19,36,22,1.736842105263158,0.3880208333333333,0.4823763889427201,3.3684210526315788
1120,18,38,23,1.7,0.3828125,0.39999999999999997,3.2
1121,18,32,23,1.7,0.421875,0.39999999999999997,3.2
1122,18,35,21,1.7,0.38020833333333337,0.39999999999999997,3.2
1123,18,37,18,1.7,0.34375,0.39999999999999997,3.2
1124,19,36,22,1.736842105263158,0.38541666666666663,0.4823763889427201,3.3684210526315788
1125,18,37,22,1.7,0.37760416666666663,0.39999999999999997,3.2
1126,18,32,26,1.7,0.44791666666666663,0.39999999999999997,3.2
1127,19,34,23,1.736842105263158,0.4114583333333333,0.4823763889427201,3.3684210526315788
1128,18,36,23,1.7,0.3932291666666667,0.39999999999999997,3.2
1129,20,36,23,1.7777777777777777,0.3958333333333333,0.49690399499995325,3.5555555555555554
1130,18,34,23,1.65,0.4074074074074074,0.47696960070847283,3.15
1131,18,37,22,1.7,0.38020833333333337,0.39999999999999997,3.2
1132,18,37,21,1.7,0.36979166666666663,0.39999999999999997,3.2
1133,18,32,26,1.7,0.4453125,0.39999999999999997,3.2
1134,18,36,24,1.7,0.40625,0.39999999999999997,3.2
1135,18,35,25,1.7,0.421875,0.39999999999999997,3.2
1136,18,36,23,1.7,0.3958333333333333,0.39999999999999997,3.2
1137,18,35,22,1.65,0.3888888888888889,0.47696960070847283,3.15
1138,19,36,22,1.736842105263158,0.3854166666666667,0.4823763889427201,3.3684210526315788
1139,19,31,26,1.736842105263158,0.453125,0.4823763889427201,3.3684210526315788
1140,18,32,27,1.7,0.4557291666666667,0.39999999999999997,3.2
1141,19,34,22,1.736842105263158,0.4036458333333333,0.4823763889427201,3.3684210526315788
1142,19,33,23,1.6842105263157894,0.4153439153439153,0.5668594533825794,3.3157894736842106
1143,19,34,24,1.736842105263158,0.4192708333333333,0.4823763889427201,3.3684210526315788
1144,19,34,25,1.736842105263158,0.421875,0.48237638894272,3.3684210526315788
1145,19,35,21,1.736842105263158,0.38541666666666663,0.4823763889427201,3.3684210526315788
1146,19,37,21,1.736842105263158,0.37239583333333337,0.4823763889427201,3.3684210526315788
1147,18,34,25,1.7,0.42447916666666663,0.39999999999999997,3.2
1148,18,38,21,1.65,0.36243386243386244,0.47696960070847283,3.15
1149,19,30,25,1.6842105263157894,0.4523809523809524,0.5668594533825794,3.3157894736842106
1150,18,37,22,1.7,0.375,0.39999999999999997,3.2
1151,19,35,22,1.736842105263158,0.39322916666666663,0.48237638894272,3.3684210526315788
1152,19,39,23,1.736842105263158,0.3723958333333333,0.4823763889427201,3.3684210526315788
1153,20,32,23,1.7777777777777777,0.421875,0.49690399499995325,3.5555555555555554
1154,19,32,21,1.736842105263158,0.40885416666666663,0.4823763889427201,3.3684210526315788
1155,20,38,22,1.7777777777777777,0.3723958333333333,0.49690399499995325,3.5555555555555554
1156,19,35,22,1.736842105263158,0.39322916666666663,0.4823763889427201,3.3684210526315788
1157,19,34,22,1.736842105263158,0.40104166666666663,0.4823763889427201,3.3684210526315788
1158,19,36,20,1.736842105263158,0.37239583333333337,0.48237638894272,3.3684210526315788
1159,19,34,25,1.736842105263158,0.421875,0.4823763889427201,3.3684210526315788
1160,18,33,23,1.7,0.4088541666666667,0.39999999999999997,3.2
1161,18,36,20,1.7,0.375,0.39999999999999997,3.2
1162,19,39,19,1.736842105263158,0.33854166666666663,0.4823763889427201,3.3684210526315788
1163,18,32,26,1.7,0.44791666666666663,0.39999999999999997,3.2
1164,20,35,23,1.7777777777777777,0.3984375,0.49690399499995325,3.5555555555555554
1165,19,35,23,1.736842105263158,0.40625,0.4823763889427201,3.3684210526315788
1166,18,38,22,1.7,0.3671875,0.39999999999999997,3.2
1167,18,35,23,1.7,0.40625,0.39999999999999997,3.2
1168,19,37,23,1.736842105263158,0.390625,0.4823763889427201,3.3684210526315788
1169,18,36,22,1.7,0.3854166666666667,0.39999999999999997,3.2
1170,18,29,24,1.65,0.45502645502645506,0.47696960070847283,3.15
1171,19,34,23,1.736842105263158,0.4114583333333333,0.4823763889427201,3.3684210526315788
1172,18,34,21,1.7,0.390625,0.39999999999999997,3.2
1173,19,28,28,1.736842105263158,0.49479166666666663,0.48237638894272,3.3684210526315788
1174,18,32,24,1.7,0.4296875,0.39999999999999997,3.2
1175,19,34,23,1.736842105263158,0.40364583333333337,0.4823763889427201,3.3684210526315788
1176,18,38,22,1.7,0.3671875,0.39999999999999997,3.2
1177,18,31,23,1.7,0.4296875,0.39999999999999997,3.2
1178,17,38,20,1.6666666666666667,0.3567708333333333,0.21295885499997994,3.0476190476190474
1179,18,32,25,1.7,0.4375,0.39999999999999997,3.2
1180,18,35,21,1.7,0.38541666666666663,0.39999999999999997,3.2
1181,18,39,23,1.7,0.37239583333333337,0.39999999999999997,3.2
1182,18,37,22,1.7,0.3802083333333333,0.39999999999999997,3.2
1183,18,34,22,1.65,0.3994708994708995,0.47696960070847283,3.15
1184,19,37,23,1.736842105263158,0.38802083333333337,0.4823763889427201,3.3684210526315788
1185,18,32,24,1.7,0.43229166666666663,0.39999999999999997,3.2
1186,18,37,22,1.7,0.375,0.39999999999999997,3.2
1187,20,32,26,1.7777777777777777,0.4453125,0.49690399499995325,3.5555555555555554
1188,19,35,23,1.736842105263158,0.40104166666666663,0.48237638894272,3.3684210526315788
1189,17,37,23,1.6666666666666667,0.3880208333333333,0.21295885499997994,3.0476190476190474
1190,19,37,20,1.736842105263158,0.359375,0.4823763889427201,3.3684210526315788
1191,19,37,21,1.6842105263157894,0.3677248677248677,0.5668594533825794,3.3157894736842106
1192,19,34,23,1.736842105263158,0.40625,0.48237638894272,3.3684210526315788
1193,20,33,23,1.7777777777777777,0.4192708333333333,0.49690399499995325,3.5555555555555554
1194,19,38,22,1.736842105263158,0.3671875,0.4823763889427201,3.3684210526315788
1195,18,34,25,1.7,0.421875,0.39999999999999997,3.2
1196,19,32,26,1.736842105263158,0.4453125,0.4823763889427201,3.3684210526315788
1197,19,33,26,1.736842105263158,0.44010416666666663,0.48237638894272,3.3684210526315788
1198,18,36,23,1.7,0.39583333333333337,0.39999999999999997,3.2
1199,19,34,23,1.736842105263158,0.40885416666666663,0.48237638894272,3.3684210526315788
1200,18,32,24,1.7,0.4296875,0.39999999999999997,3.2
1201,19,36,22,1.736842105263158,0.3854166666666667,0.4823763889427201,3.3684210526315788
1202,18,37,21,1.7,0.3723958333333333,0.39999999999999997,3.2
1203,18,37,21,1.7,0.3723958333333333,0.39999999999999997,3.2
1204,18,33,26,1.7,0.44010416666666663,0.39999999999999997,3.2
1205,18,35,21,1.65,0.37566137566137564,0.47696960070847283,3.15
1206,19,35,23,1.6842105263157894,0.3968253968253968,0.5668594533825794,3.3157894736842106
1207,19,36,22,1.736842105263158,0.38541666666666663,0.4823763889427201,3.3684210526315788
1208,19,35,22,1.736842105263158,0.3958333333333333,0.4823763889427201,3.3684210526315788
1209,18,34,23,1.7,0.40885416666666663,0.39999999999999997,3.2
1210,19,33,27,1.736842105263158,0.44791666666666663,0.4823763889427201,3.3684210526315788
1211,18,32,26,1.7,0.4505208333333333,0.39999999999999997,3.2
1212,19,35,23,1.736842105263158,0.3984375,0.4823763889427201,3.3684210526315788
1213,17,38,20,1.7142857142857142,0.35677083333333337,0.21295885499997996,3.0476190476190474
1214,19,30,22,1.736842105263158,0.4244791666666667,0.4823763889427201,3.3684210526315788
1215,18,33,22,1.7,0.40885416666666663,0.39999999999999997,3.2
1216,18,32,23,1.65,0.42063492063492064,0.47696960070847283,3.15
1217,18,32,26,1.7,0.4505208333333333,0.39999999999999997,3.2
1218,18,38,19,1.7,0.34114583333333337,0.39999999999999997,3.2
1219,18,35,24,1.7,0.40885416666666663,0.39999999999999997,3.2
1220,18,38,21,1.7,0.36197916666666663,0.39999999999999997,3.2
1221,18,31,25,1.7,0.45052083333333337,0.39999999999999997,3.2
1222,19,36,21,1.736842105263158,0.375,0.4823763889427201,3.3684210526315788
1223,19,33,26,1.6842105263157894,0.44179894179894186,0.5668594533825794,3.3157894736842106
1224,18,33,26,1.7,0.4453125,0.39999999999999997,3.2
1225,18,33,22,1.7,0.40885416666666663,0.39999999999999997,3.2
1226,18,32,23,1.7,0.421875,0.39999999999999997,3.2
1227,19,39,19,1.6842105263157894,0.33597883597883593,0.5668594533825794,3.3157894736842106
1228,17,38,21,1.6666666666666667,0.3645833333333333,0.21295885499997994,3.0476190476190474
1229,19,32,25,1.6842105263157894,0.43386243386243384,0.5668594533825794,3.3157894736842106
1230,18,34,23,1.7,0.40885416666666663,0.39999999999999997,3.2
1231,18,35,24,1.7,0.4114583333333333,0.39999999999999997,3.2
1232,18,33,24,1.7,0.421875,0.39999999999999997,3.2
1233,18,35,23,1.7,0.3984375,0.39999999999999997,3.2
1234,20,34,23,1.7222222222222223,0.40476190476190477,0.6009252125773316,3.5
1235,19,33,23,1.736842105263158,0.4140625,0.48237638894272,3.3684210526315788
1236,18,29,26,1.7,0.46875,0.39999999999999997,3.2
1237,19,31,23,1.736842105263158,0.4270833333333333,0.4823763889427201,3.3684210526315788
1238,18,34,23,1.7,0.40625,0.39999999999999997,3.2
1239,19,33,25,1.736842105263158,0.4348958333333333,0.4823763889427201,3.3684210526315788
1240,19,30,25,1.736842105263158,0.45052083333333326,0.4823763889427201,3.3684210526315788
1241,19,31,24,1.736842105263158,0.4322916666666667,0.48237638894272,3.3684210526315788
1242,18,36,23,1.7,0.3984375,0.39999999999999997,3.2
1243,19,36,22,1.736842105263158,0.38020833333333337,0.4823763889427201,3.3684210526315788
1244,18,35,22,1.7,0.3958333333333333,0.39999999999999997,3.2
1245,20,32,26,1.7777777777777777,0.44791666666666663,0.49690399499995325,3.5555555555555554
1246,19,36,22,1.736842105263158,0.3802083333333333,0.4823763889427201,3.3684210526315788
1247,18,38,20,1.7,0.35416666666666663,0.39999999999999997,3.2
1248,19,33,24,1.736842105263158,0.421875,0.4823763889427201,3.3684210526315788
1249,18,35,22,1.7,0.390625,0.39999999999999997,3.2
1250,19,35,20,1.736842105263158,0.38020833333333337,0.4823763889427201,3.3684210526315788
1251,17,35,19,1.6666666666666667,0.36979166666666663,0.21295885499997994,3.0476190476190474
1252,19,30,23,1.6842105263157894,0.4312169312169312,0.5668594533825794,3.3157894736842106
1253,19,32,23,1.6842105263157894,0.42592592592592593,0.5668594533825794,3.3157894736842106
1254,18,33,26,1.7,0.4427083333333333,0.39999999999999997,3.2
1255,19,31,27,1.736842105263158,0.4609375,0.4823763889427201,3.3684210526315788
1256,18,34,21,1.65,0.39153439153439157,0.47696960070847283,3.15
1257,18,37,23,1.7,0.390625,0.39999999999999997,3.2
1258,17,36,20,1.6666666666666667,0.3697916666666667,0.21295885499997994,3.0476190476190474
1259,18,36,21,1.7,0.3802083333333333,0.39999999999999997,3.2
1260,19,32,24,1.736842105263158,0.43229166666666663,0.48237638894272,3.3684210526315788
1261,18,34,23,1.7,0.40885416666666663,0.39999999999999997,3.2
1262,18,37,22,1.7,0.3828125,0.39999999999999997,3.2
1263,19,34,24,1.736842105263158,0.41666666666666663,0.4823763889427201,3.3684210526315788
1264,18,33,24,1.7,0.42447916666666663,0.39999999999999997,3.2
1265,19,31,22,1.736842105263158,0.4140625,0.4823763889427201,3.3684210526315788
1266,18,33,25,1.7,0.43229166666666663,0.39999999999999997,3.2
1267,19,35,22,1.736842105263158,0.3880208333333333,0.48237638894272,3.3684210526315788
1268,19,38,23,1.736842105263158,0.3776041666666667,0.4823763889427201,3.3684210526315788
1269,17,35,21,1.6666666666666667,0.3880208333333333,0.21295885499997994,3.0476190476190474
1270,18,35,23,1.7,0.4010416666666667,0.39999999999999997,3.2
1271,20,38,21,1.7777777777777777,0.36197916666666663,0.49690399499995325,3.5555555555555554
1272,19,35,25,1.736842105263158,0.421875,0.4823763889427201,3.3684210526315788
1273,18,39,20,1.7,0.34375,0.39999999999999997,3.2
1274,19,33,21,1.736842105263158,0.4036458333333333,0.48237638894272,3.3684210526315788
1275,18,32,22,1.7,0.4140625,0.39999999999999997,3.2
1276,18,35,23,1.7,0.4036458333333333,0.39999999999999997,3.2
1277,18,35,24,1.7,0.4114583333333333,0.39999999999999997,3.2
1278,19,35,23,1.736842105263158,0.3984375,0.4823763889427201,3.3684210526315788
1279,18,33,24,1.7,0.42447916666666663,0.39999999999999997,3.2
1280,19,30,25,1.736842105263158,0.4505208333333333,0.4823763889427201,3.3684210526315788
1281,19,36,23,1.736842105263158,0.3932291666666667,0.48237638894272,3.3684210526315788
1282,18,32,24,1.7,0.4348958333333333,0.39999999999999997,3.2
1283,21,36,24,1.8235294117647058,0.4036458333333333,0.42418250299576343,3.764705882352941
1284,19,35,21,1.736842105263158,0.3854166666666667,0.4823763889427201,3.3684210526315788
1285,19,35,23,1.736842105263158,0.3984375,0.4823763889427201,3.3684210526315788
1286,18,36,21,1.7,0.37760416666666663,0.39999999999999997,3.2
1287,18,32,25,1.7,0.44010416666666663,0.39999999999999997,3.2
1288,19,34,23,1.736842105263158,0.40625,0.4823763889427201,3.3684210526315788
1289,18,36,22,1.65,0.3862433862433862,0.47696960070847283,3.15
1290,19,37,22,1.736842105263158,0.37239583333333337,0.4823763889427201,3.3684210526315788
1291,19,36,21,1.736842105263158,0.37239583333333337,0.4823763889427201,3.3684210526315788
1292,18,33,23,1.65,0.41005291005291,0.47696960070847283,3.15
1293,19,31,22,1.736842105263158,0.42708333333333337,0.4823763889427201,3.3684210526315788
1294,18,30,25,1.7,0.453125,0.39999999999999997,3.2
1295,20,36,21,1.7777777777777777,0.3802083333333333,0.49690399499995325,3.5555555555555554
1296,19,35,23,1.6842105263157894,0.4021164021164021,0.5668594533825794,3.3157894736842106
1297,19,31,25,1.736842105263158,0.4453125,0.4823763889427201,3.3684210526315788
1298,19,28,29,1.736842105263158,0.5,0.4823763889427201,3.3684210526315788
1299,19,36,22,1.736842105263158,0.38541666666666663,0.4823763889427201,3.3684210526315788
1300,17,32,26,1.6666666666666667,0.44791666666666663,0.21295885499997994,3.0476190476190474
1301,18,32,24,1.65,0.43386243386243384,0.47696960070847283,3.15
1302,18,34,24,1.65,0.4153439153439153,0.47696960070847283,3.15
1303,18,38,18,1.7,0.33854166666666663,0.39999999999999997,3.2
1304,18,37,20,1.7,0.359375,0.39999999999999997,3.2
1305,19,31,22,1.6842105263157894,0.42592592592592593,0.5668594533825794,3.3157894736842106
1306,18,37,23,1.7,0.3880208333333333,0.39999999999999997,3.2
1307,19,29,28,1.6842105263157894,0.48148148148148145,0.5668594533825794,3.3157894736842106
1308,18,33,24,1.7,0.4270833333333333,0.39999999999999997,3.2
1309,18,40,20,1.7,0.34114583333333337,0.39999999999999997,3.2
1310,18,32,27,1.7,0.4583333333333333,0.39999999999999997,3.2
1311,18,32,23,1.7,0.421875,0.39999999999999997,3.2
1312,17,35,23,1.6666666666666667,0.40104166666666663,0.21295885499997994,3.0476190476190474
1313,19,34,23,1.736842105263158,0.40885416666666663,0.4823763889427201,3.3684210526315788
1314,19,35,23,1.736842105263158,0.40625,0.4823763889427201,3.3684210526315788
1315,18,31,21,1.7,0.4140625,0.39999999999999997,3.2
1316,17,36,21,1.619047619047619,0.38095238095238093,0.3086066999241838,3.0
1317,19,31,23,1.736842105263158,0.4296875,0.48237638894272,3.3684210526315788
1318,19,32,25,1.736842105263158,0.4348958333333333,0.4823763889427201,3.3684210526315788
1319,19,31,24,1.736842105263158,0.4375,0.48237638894272,3.3684210526315788
1320,19,30,23,1.6842105263157894,0.43650793650793646,0.5668594533825794,3.3157894736842106
1321,17,34,22,1.6666666666666667,0.3984375,0.21295885499997994,3.0476190476190474
1322,20,31,23,1.7222222222222223,0.42063492063492064,0.6009252125773316,3.5
1323,19,32,24,1.736842105263158,0.4270833333333333,0.4823763889427201,3.3684210526315788
1324,18,33,22,1.7,0.40364583333333337,0.39999999999999997,3.2
1325,18,32,23,1.7,0.42447916666666663,0.39999999999999997,3.2
1326,19,35,21,1.736842105263158,0.38541666666666663,0.4823763889427201,3.3684210526315788
1327,18,32,19,1.65,0.3888888888888889,0.47696960070847283,3.15
1328,18,32,24,1.7,0.43229166666666663,0.39999999999999997,3.2
1329,17,29,25,1.6666666666666667,0.453125,0.21295885499997994,3.0476190476190474
1330,18,30,23,1.7,0.4427083333333333,0.39999999999999997,3.2
1331,19,29,27,1.736842105263158,0.47916666666666663,0.4823763889427201,3.3684210526315788
1332,17,31,26,1.619047619047619,0.45502645502645506,0.3086066999241838,3.0
1333,18,36,26,1.7,0.4192708333333333,0.39999999999999997,3.2
1334,18,39,19,1.7,0.3411458333333333,0.39999999999999997,3.2
1335,18,35,22,1.7,0.3932291666666667,0.39999999999999997,3.2
1336,18,33,24,1.7,0.42447916666666663,0.39999999999999997,3.2
1337,18,34,24,1.7,0.4140625,0.39999999999999997,3.2
1338,19,32,26,1.736842105263158,0.4453125,0.4823763889427201,3.3684210526315788
1339,20,40,18,1.7777777777777777,0.328125,0.49690399499995325,3.5555555555555554
1340,19,37,21,1.736842105263158,0.37239583333333337,0.48237638894272,3.3684210526315788
1341,19,31,22,1.6842105263157894,0.41798941798941797,0.5668594533825794,3.3157894736842106
1342,18,33,25,1.7,0.43121693121693117,0.47696960070847283,3.15
1343,19,36,19,1.736842105263158,0.36458333333333337,0.4823763889427201,3.3684210526315788
1344,19,31,26,1.6842105263157894,0.455026455026455,0.5668594533825794,3.3157894736842106
1345,18,34,24,1.7,0.4166666666666667,0.39999999999999997,3.2
1346,18,29,25,1.7,0.45572916666666663,0.39999999999999997,3.2
1347,17,32,24,1.6666666666666667,0.4296875,0.21295885499997994,3.0476190476190474
1348,18,32,24,1.7,0.4270833333333333,0.39999999999999997,3.2
1349,18,30,25,1.7,0.44791666666666663,0.39999999999999997,3.2
1350,18,31,27,1.7,0.45833333333333326,0.39999999999999997,3.2
1351,18,31,27,1.65,0.4629629629629629,0.47696960070847283,3.15
1352,19,36,22,1.736842105263158,0.3828125,0.4823763889427201,3.3684210526315788
1353,18,34,24,1.7,0.41145833333333337,0.39999999999999997,3.2
1354,19,31,25,1.736842105263158,0.4453125,0.4823763889427201,3.3684210526315788
1355,18,35,24,1.7,0.4088541666666667,0.39999999999999997,3.2
1356,17,32,22,1.619047619047619,0.4126984126984126,0.3086066999241838,3.0
1357,18,34,20,1.7,0.3828125,0.39999999999999997,3.2
1358,17,30,23,1.619047619047619,0.4391534391534392,0.3086066999241838,3.0
1359,18,31,24,1.7,0.4348958333333333,0.39999999999999997,3.2
1360,18,29,27,1.7,0.4739583333333333,0.39999999999999997,3.2
1361,18,33,23,1.7,0.4088541666666667,0.39999999999999997,3.2
1362,18,30,24,1.7,0.4453125,0.39999999999999997,3.2
1363,18,31,26,1.65,0.4523809523809524,0.47696960070847283,3.15
1364,18,39,21,1.7,0.35416666666666663,0.39999999999999997,3.2
1365,19,30,25,1.736842105263158,0.45052083333333337,0.4823763889427201,3.3684210526315788
1366,18,33,22,1.7,0.40364583333333337,0.39999999999999997,3.2
1367,19,29,25,1.6842105263157894,0.4629629629629629,0.5668594533825794,3.3157894736842106
1368,18,34,23,1.7,0.4088541666666667,0.39999999999999997,3.2
1369,18,33,23,1.7,0.41666666666666663,0.39999999999999997,3.2
1370,18,32,25,1.7,0.4427083333333333,0.39999999999999997,3.2
1371,20,34,22,1.7777777777777777,0.39583333333333337,0.49690399499995325,3.5555555555555554
1372,20,30,25,1.7222222222222223,0.4523809523809524,0.6009252125773316,3.5
1373,19,37,24,1.736842105263158,0.3958333333333333,0.4823763889427201,3.3684210526315788
1374,18,31,26,1.65,0.4523809523809524,0.47696960070847283,3.15
1375,18,34,24,1.7,0.4192708333333333,0.39999999999999997,3.2
1376,17,35,24,1.6666666666666667,0.4114583333333333,0.21295885499997994,3.0476190476190474
1377,18,33,25,1.7,0.4296875,0.39999999999999997,3.2
1378,19,35,22,1.6842105263157894,0.3888888888888889,0.5668594533825794,3.3157894736842106
1379,19,32,24,1.736842105263158,0.4270833333333333,0.4823763889427201,3.3684210526315788
1380,19,32,24,1.736842105263158,0.4296875,0.48237638894272,3.3684210526315788
1381,19,35,22,1.736842105263158,0.390625,0.4823763889427201,3.3684210526315788
1382,20,34,24,1.7777777777777777,0.4192708333333333,0.49690399499995325,3.5555555555555554
1383,17,32,22,1.6666666666666667,0.40885416666666663,0.21295885499997994,3.0476190476190474
1384,19,32,26,1.736842105263158,0.4453125,0.48237638894272,3.3684210526315788
1385,19,29,25,1.736842105263158,0.4583333333333333,0.4823763889427201,3.3684210526315788
1386,18,29,26,1.7,0.4609375,0.39999999999999997,3.2
1387,19,34,24,1.736842105263158,0.41666666666666663,0.4823763889427201,3.3684210526315788
1388,18,34,25,1.7,0.421875,0.39999999999999997,3.2
1389,19,31,26,1.736842105263158,0.453125,0.4823763889427201,3.3684210526315788
1390,20,34,21,1.7777777777777777,0.39322916666666663,0.49690399499995325,3.5555555555555554
1391,19,30,28,1.736842105263158,0.4765625,0.48237638894272,3.3684210526315788
1392,18,30,27,1.7,0.46875,0.39999999999999997,3.2
1393,19,27,28,1.6842105263157894,0.5026455026455026,0.5668594533825794,3.3157894736842106
1394,19,31,24,1.6842105263157894,0.43915343915343913,0.5668594533825794,3.3157894736842106
1395,19,32,24,1.736842105263158,0.4270833333333333,0.48237638894272,3.3684210526315788
1396,18,36,24,1.7,0.4036458333333333,0.39999999999999997,3.2
1397,19,33,24,1.736842105263158,0.42447916666666663,0.4823763889427201,3.3684210526315788
1398,19,30,25,1.736842105263158,0.4505208333333333,0.4823763889427201,3.3684210526315788
1399,19,30,26,1.6842105263157894,0.46031746031746024,0.5668594533825794,3.3157894736842106
1400,18,31,25,1.7,0.44791666666666663,0.39999999999999997,3.2
1401,18,31,26,1.7,0.45052083333333337,0.39999999999999997,3.2
1402,18,35,24,1.7,0.4114583333333333,0.39999999999999997,3.2
1403,18,30,27,1.7,0.46874999999999994,0.39999999999999997,3.2
1404,19,34,24,1.736842105263158,0.4140625,0.4823763889427201,3.3684210526315788
1405,18,35,20,1.7,0.3723958333333333,0.39999999999999997,3.2
1406,19,31,24,1.736842105263158,0.4348958333333333,0.4823763889427201,3.3684210526315788
1407,19,34,24,1.736842105263158,0.4140625,0.4823763889427201,3.3684210526315788
1408,19,33,25,1.6842105263157894,0.42857142857142855,0.5668594533825794,3.3157894736842106
1409,20,28,26,1.7222222222222223,0.47354497354497355,0.6009252125773316,3.5
1410,18,30,27,1.65,0.46825396825396826,0.47696960070847283,3.15
1411,20,31,25,1.7777777777777777,0.4453125,0.49690399499995325,3.5555555555555554
1412,18,28,26,1.65,0.47354497354497355,0.47696960070847283,3.15
1413,18,33,26,1.7,0.44010416666666663,0.39999999999999997,3.2
1414,18,33,25,1.7,0.4348958333333333,0.39999999999999997,3.2
1415,19,33,25,1.736842105263158,0.43229166666666663,0.4823763889427201,3.3684210526315788
1416,18,34,23,1.7,0.40104166666666663,0.39999999999999997,3.2
1417,19,32,24,1.6842105263157894,0.42857142857142855,0.5668594533825794,3.3157894736842106
1418,18,33,25,1.7,0.43229166666666663,0.39999999999999997,3.2
1419,19,35,23,1.736842105263158,0.4036458333333333,0.48237638894272,3.3684210526315788
1420,19,34,23,1.736842105263158,0.4036458333333333,0.4823763889427201,3.3684210526315788
1421,18,29,25,1.7,0.45572916666666663,0.39999999999999997,3.2
1422,18,36,23,1.7,0.39322916666666663,0.39999999999999997,3.2
1423,19,32,24,1.736842105263158,0.4296875,0.4823763889427201,3.3684210526315788
1424,19,33,25,1.736842105263158,0.4296875,0.48237638894272,3.3684210526315788
1425,18,31,27,1.7,0.4661458333333333,0.39999999999999997,3.2
1426,18,30,27,1.65,0.46825396825396826,0.47696960070847283,3.15
1427,19,29,24,1.736842105263158,0.44791666666666663,0.4823763889427201,3.3684210526315788
1428,18,35,24,1.7,0.4114583333333333,0.39999999999999997,3.2
1429,19,32,27,1.736842105263158,0.45312499999999994,0.4823763889427201,3.3684210526315788
1430,18,37,21,1.7,0.3723958333333333,0.39999999999999997,3.2
1431,19,29,27,1.736842105263158,0.4739583333333333,0.4823763889427201,3.3684210526315788
1432,19,32,21,1.736842105263158,0.40364583333333337,0.4823763889427201,3.3684210526315788
1433,18,35,23,1.65,0.3968253968253968,0.47696960070847283,3.15
1434,18,28,26,1.7,0.47395833333333326,0.39999999999999997,3.2
1435,20,35,22,1.7777777777777777,0.39322916666666663,0.49690399499995325,3.5555555555555554
1436,20,30,27,1.7777777777777777,0.46875,0.49690399499995325,3.5555555555555554
1437,19,31,27,1.736842105263158,0.46093749999999994,0.4823763889427201,3.3684210526315788
1438,18,36,22,1.7,0.3828125,0.39999999999999997,3.2
1439,18,31,24,1.65,0.43650793650793646,0.47696960070847283,3.15
1440,17,33,23,1.619047619047619,0.4153439153439153,0.3086066999241838,3.0
1441,19,30,28,1.736842105263158,0.4765625,0.48237638894272,3.3684210526315788
1442,18,33,24,1.7,0.42708333333333337,0.39999999999999997,3.2
1443,18,33,23,1.7,0.4140625,0.39999999999999997,3.2
1444,19,31,27,1.736842105263158,0.4609375,0.4823763889427201,3.3684210526315788
1445,18,32,27,1.7,0.453125,0.39999999999999997,3.2
1446,18,30,25,1.7,0.44791666666666663,0.39999999999999997,3.2
1447,18,31,25,1.7,0.4401041666666667,0.39999999999999997,3.2
1448,19,33,24,1.736842105263158,0.42447916666666663,0.4823763889427201,3.3684210526315788
1449,18,29,27,1.7,0.4765625,0.39999999999999997,3.2
1450,19,32,24,1.736842105263158,0.42708333333333337,0.4823763889427201,3.3684210526315788
1451,18,34,22,1.7,0.40104166666666663,0.39999999999999997,3.2
1452,19,31,23,1.6842105263157894,0.42592592592592593,0.5668594533825794,3.3157894736842106
1453,19,29,25,1.736842105263158,0.453125,0.4823763889427201,3.3684210526315788
1454,18,33,24,1.7,0.41927083333333337,0.39999999999999997,3.2
1455,18,31,22,1.7,0.41927083333333337,0.39999999999999997,3.2
1456,19,37,25,1.736842105263158,0.40104166666666663,0.4823763889427201,3.3684210526315788
1457,18,31,25,1.65,0.4444444444444444,0.47696960070847283,3.15
1458,19,32,26,1.736842105263158,0.44791666666666663,0.4823763889427201,3.3684210526315788
1459,17,33,24,1.6666666666666667,0.4270833333333333,0.21295885499997994,3.0476190476190474
1460,19,32,25,1.736842105263158,0.4375,0.48237638894272,3.3684210526315788
1461,18,31,25,1.7,0.4375,0.39999999999999997,3.2
1462,18,34,24,1.7,0.4140625,0.39999999999999997,3.2
1463,19,32,27,1.736842105263158,0.45572916666666663,0.48237638894272,3.3684210526315788
1464,19,28,24,1.736842105263158,0.46354166666666663,0.4823763889427201,3.3684210526315788
1465,18,30,25,1.65,0.4523809523809524,0.47696960070847283,3.15
1466,19,33,25,1.736842105263158,0.43229166666666663,0.4823763889427201,3.3684210526315788
1467,18,31,23,1.7,0.4296875,0.39999999999999997,3.2
1468,19,32,22,1.6842105263157894,0.4126984126984127,0.5668594533825794,3.3157894736842106
1469,18,29,27,1.7,0.47395833333333326,0.39999999999999997,3.2
1470,19,30,26,1.736842105263158,0.4609375,0.4823763889427201,3.3684210526315788
1471,19,31,26,1.6842105263157894,0.4523809523809524,0.5668594533825794,3.3157894736842106
1472,19,33,27,1.736842105263158,0.44791666666666663,0.4823763889427201,3.3684210526315788
1473,19,32,22,1.736842105263158,0.40625,0.4823763889427201,3.3684210526315788
1474,19,31,25,1.736842105263158,0.4453125,0.48237638894272,3.3684210526315788
1475,18,29,25,1.7,0.45572916666666663,0.39999999999999997,3.2
1476,19,33,24,1.6842105263157894,0.42328042328042326,0.5668594533825794,3.3157894736842106
1477,20,35,25,1.7777777777777777,0.41666666666666663,0.49690399499995325,3.5555555555555554
1478,18,32,23,1.65,0.417989417989418,0.47696960070847283,3.15
1479,18,31,23,1.65,0.42857142857142855,0.47696960070847283,3.15
1480,19,30,26,1.736842105263158,0.4609375,0.4823763889427201,3.3684210526315788
1481,19,37,23,1.736842105263158,0.38020833333333337,0.4823763889427201,3.3684210526315788
1482,18,32,24,1.65,0.42857142857142855,0.47696960070847283,3.15
1483,19,32,22,1.6842105263157894,0.4126984126984127,0.5668594533825794,3.3157894736842106
1484,18,31,27,1.7,0.4583333333333333,0.39999999999999997,3.2
1485,18,26,27,1.7,0.4947916666666667,0.39999999999999997,3.2
1486,18,29,26,1.7,0.47135416666666663,0.39999999999999997,3.2
1487,19,34,24,1.736842105263158,0.41666666666666663,0.4823763889427201,3.3684210526315788
1488,18,35,21,1.7,0.3776041666666667,0.39999999999999997,3.2
1489,19,32,25,1.736842105263158,0.4375,0.4823763889427201,3.3684210526315788
1490,18,33,25,1.7,0.43229166666666663,0.39999999999999997,3.2
1491,18,31,24,1.7,0.4375,0.39999999999999997,3.2
1492,19,33,23,1.736842105263158,0.4114583333333333,0.4823763889427201,3.3684210526315788
1493,19,31,25,1.736842105263158,0.44270833333333337,0.48237638894272,3.3684210526315788
1494,18,28,28,1.65,0.49206349206349204,0.47696960070847283,3.15
1495,18,28,26,1.7,0.47135416666666663,0.39999999999999997,3.2
1496,18,28,24,1.65,0.45767195767195773,0.47696960070847283,3.15
1497,19,32,24,1.736842105263158,0.4296875,0.4823763889427201,3.3684210526315788
1498,19,32,25,1.736842105263158,0.44010416666666663,0.4823763889427201,3.3684210526315788
1499,18,32,24,1.65,0.43121693121693117,0.47696960070847283,3.15
1500,19,35,23,1.736842105263158,0.3984375,0.4823763889427201,3.3684210526315788
1501,18,31,23,1.7,0.4244791666666667,0.39999999999999997,3.2
1502,19,30,28,1.736842105263158,0.4739583333333333,0.4823763889427201,3.3684210526315788
1503,18,32,22,1.65,0.41005291005291006,0.47696960070847283,3.15
1504,19,31,24,1.6842105263157894,0.4417989417989418,0.5668594533825794,3.3157894736842106
1505,18,36,23,1.75,0.39322916666666663,0.39999999999999997,3.2
1506,18,29,27,1.7,0.4739583333333333,0.39999999999999997,3.2
1507,18,34,24,1.7,0.41666666666666663,0.39999999999999997,3.2
1508,18,34,24,1.65,0.41798941798941797,0.47696960070847283,3.15
1509,18,27,25,1.7,0.4713541666666667,0.39999999999999997,3.2
1510,19,33,24,1.6842105263157894,0.41798941798941797,0.5668594533825794,3.3157894736842106
1511,19,32,25,1.6842105263157894,0.4417989417989418,0.5668594533825794,3.3157894736842106
1512,19,28,26,1.736842105263158,0.4739583333333333,0.48237638894272,3.3684210526315788
1513,18,30,27,1.7,0.47135416666666663,0.39999999999999997,3.2
1514,19,35,25,1.736842105263158,0.41666666666666663,0.48237638894272,3.3684210526315788
1515,19,35,25,1.736842105263158,0.4192708333333333,0.4823763889427201,3.3684210526315788
1516,19,32,26,1.736842105263158,0.4453125,0.4823763889427201,3.3684210526315788
1517,18,29,27,1.7,0.47395833333333326,0.39999999999999997,3.2
1518,19,31,26,1.736842105263158,0.45572916666666663,0.4823763889427201,3.3684210526315788
1519,18,28,28,1.7,0.4921875,0.39999999999999997,3.2
1520,18,32,26,1.7,0.4453125,0.39999999999999997,3.2
1521,18,34,24,1.7,0.4192708333333333,0.39999999999999997,3.2
1522,19,31,25,1.6842105263157894,0.4470899470899471,0.5668594533825794,3.3157894736842106
1523,19,31,26,1.736842105263158,0.4557291666666667,0.48237638894272,3.3684210526315788
1524,18,40,21,1.7,0.3489583333333333,0.39999999999999997,3.2
1525,20,33,23,1.7777777777777777,0.41927083333333337,0.49690399499995325,3.5555555555555554
1526,18,34,24,1.7,0.41145833333333337,0.39999999999999997,3.2
1527,19,30,26,1.6842105263157894,0.46031746031746024,0.5668594533825794,3.3157894736842106
1528,19,32,25,1.736842105263158,0.4375,0.48237638894272,3.3684210526315788
1529,18,32,25,1.7,0.4375,0.39999999999999997,3.2
1530,18,31,25,1.7,0.4427083333333333,0.39999999999999997,3.2
1531,19,31,26,1.6842105263157894,0.4523809523809524,0.5668594533825794,3.3157894736842106
1532,17,31,24,1.6666666666666667,0.44010416666666663,0.21295885499997994,3.0476190476190474
1533,20,33,23,1.7222222222222223,0.41798941798941797,0.6009252125773316,3.5
1534,18,31,27,1.7,0.4609375,0.39999999999999997,3.2
1535,19,29,28,1.736842105263158,0.4817708333333333,0.48237638894272,3.3684210526315788
1536,19,29,26,1.736842105263158,0.46614583333333337,0.48237638894272,3.3684210526315788
1537,18,29,25,1.65,0.455026455026455,0.47696960070847283,3.15
1538,18,33,26,1.7,0.43489583333333326,0.39999999999999997,3.2
1539,19,39,17,1.736842105263158,0.3203125,0.4823763889427201,3.3684210526315788
1540,19,34,25,1.736842105263158,0.421875,0.4823763889427201,3.3684210526315788
1541,17,33,25,1.6666666666666667,0.43229166666666663,0.21295885499997994,3.0476190476190474
1542,18,31,27,1.7,0.4661458333333333,0.39999999999999997,3.2
1543,18,40,20,1.75,0.3411458333333333,0.39999999999999997,3.2
1544,18,30,26,1.7,0.46354166666666663,0.39999999999999997,3.2
1545,19,29,25,1.6842105263157894,0.4603174603174603,0.5668594533825794,3.3157894736842106
1546,19,29,27,1.736842105263158,0.4765625,0.4823763889427201,3.3684210526315788
1547,19,29,25,1.736842105263158,0.4583333333333333,0.4823763889427201,3.3684210526315788
1548,18,37,21,1.7,0.375,0.39999999999999997,3.2
1549,18,30,26,1.7,0.4609375,0.39999999999999997,3.2
1550,19,28,28,1.736842105263158,0.4895833333333333,0.48237638894272,3.3684210526315788
1551,19,31,25,1.736842105263158,0.44010416666666663,0.48237638894272,3.3684210526315788
1552,18,29,25,1.65,0.455026455026455,0.47696960070847283,3.15
1553,18,34,21,1.7,0.3862433862433862,0.47696960070847283,3.15
1554,19,31,26,1.6842105263157894,0.455026455026455,0.5668594533825794,3.3157894736842106
1555,18,26,26,1.65,0.48677248677248675,0.47696960070847283,3.15
1556,19,29,25,1.736842105263158,0.45572916666666663,0.4823763889427201,3.3684210526315788
1557,20,32,24,1.7777777777777777,0.4296875,0.49690399499995325,3.5555555555555554
1558,18,30,25,1.7,0.44791666666666663,0.39999999999999997,3.2
1559,18,32,26,1.7,0.4453125,0.39999999999999997,3.2
1560,19,30,25,1.736842105263158,0.4583333333333333,0.48237638894272,3.3684210526315788
1561,17,30,26,1.6666666666666667,0.46354166666666663,0.21295885499997994,3.0476190476190474
1562,19,34,24,1.736842105263158,0.4192708333333333,0.48237638894272,3.3684210526315788
1563,18,33,24,1.7,0.421875,0.39999999999999997,3.2
1564,18,31,27,1.7,0.46354166666666663,0.39999999999999997,3.2
1565,19,29,27,1.736842105263158,0.4739583333333333,0.4823763889427201,3.3684210526315788
1566,18,28,26,1.7,0.46875,0.39999999999999997,3.2
1567,20,33,21,1.7777777777777777,0.39583333333333337,0.49690399499995325,3.5555555555555554
1568,19,30,27,1.736842105263158,0.46875,0.4823763889427201,3.3684210526315788
1569,18,30,26,1.7,0.46093749999999994,0.39999999999999997,3.2
1570,18,32,26,1.7,0.44270833333333337,0.39999999999999997,3.2
1571,17,39,21,1.6666666666666667,0.35416666666666663,0.21295885499997994,3.0476190476190474
1572,19,33,25,1.736842105263158,0.43229166666666663,0.4823763889427201,3.3684210526315788
1573,18,25,28,1.7,0.5104166666666666,0.39999999999999997,3.2
1574,18,33,26,1.7,0.4375,0.39999999999999997,3.2
1575,19,28,27,1.736842105263158,0.484375,0.4823763889427201,3.3684210526315788
1576,19,35,25,1.736842105263158,0.4192708333333333,0.48237638894272,3.3684210526315788
1577,19,30,27,1.736842105263158,0.46874999999999994,0.4823763889427201,3.3684210526315788
1578,18,30,27,1.7,0.4635416666666667,0.39999999999999997,3.2
1579,18,31,26,1.7,0.45312499999999994,0.39999999999999997,3.2
1580,19,31,26,1.736842105263158,0.45572916666666663,0.48237638894272,3.3684210526315788
1581,19,27,26,1.736842105263158,0.48177083333333326,0.4823763889427201,3.3684210526315788
1582,18,32,25,1.7,0.43489583333333337,0.39999999999999997,3.2
1583,19,31,27,1.736842105263158,0.4609375,0.4823763889427201,3.3684210526315788
1584,18,32,28,1.7,0.46354166666666663,0.39999999999999997,3.2
1585,19,32,25,1.736842105263158,0.44010416666666663,0.48237638894272,3.3684210526315788
1586,19,30,24,1.736842105263158,0.4453125,0.4823763889427201,3.3684210526315788
1587,19,29,26,1.6842105263157894,0.46825396825396826,0.5668594533825794,3.3157894736842106
1588,19,29,26,1.736842105263158,0.46354166666666663,0.4823763889427201,3.3684210526315788
1589,19,32,25,1.736842105263158,0.44010416666666663,0.48237638894272,3.3684210526315788
1590,19,26,27,1.6842105263157894,0.49999999999999994,0.5668594533825794,3.3157894736842106
1591,19,30,27,1.6842105263157894,0.4682539682539682,0.5668594533825794,3.3157894736842106
1592,19,25,29,1.736842105263158,0.5208333333333333,0.4823763889427201,3.3684210526315788
1593,18,29,26,1.7,0.4661458333333333,0.39999999999999997,3.2
1594,19,31,25,1.736842105263158,0.4453125,0.48237638894272,3.3684210526315788
1595,18,30,27,1.7,0.47135416666666663,0.39999999999999997,3.2
1596,18,33,26,1.7,0.44010416666666663,0.39999999999999997,3.2
1597,18,30,25,1.7,0.453125,0.39999999999999997,3.2
1598,17,34,23,1.6666666666666667,0.40625,0.21295885499997994,3.0476190476190474
1599,19,33,25,1.736842105263158,0.4296875,0.48237638894272,3.3684210526315788
1600,18,29,26,1.65,0.4656084656084656,0.47696960070847283,3.15
1601,20,36,24,1.7777777777777777,0.40104166666666663,0.49690399499995325,3.5555555555555554
1602,18,29,26,1.7,0.47135416666666663,0.39999999999999997,3.2
1603,19,29,26,1.6842105263157894,0.4682539682539682,0.5668594533825794,3.3157894736842106
1604,18,29,27,1.7,0.4765625,0.39999999999999997,3.2
1605,19,32,24,1.736842105263158,0.4296875,0.48237638894272,3.3684210526315788
1606,19,27,27,1.736842105263158,0.4895833333333333,0.4823763889427201,3.3684210526315788
1607,18,30,25,1.7,0.4505208333333333,0.39999999999999997,3.2
1608,18,30,25,1.7,0.45572916666666663,0.39999999999999997,3.2
1609,18,33,24,1.7,0.42447916666666663,0.39999999999999997,3.2
1610,19,32,23,1.736842105263158,0.4166666666666667,0.48237638894272,3.3684210526315788
1611,18,27,26,1.65,0.4788359788359788,0.47696960070847283,3.15
1612,19,33,23,1.736842105263158,0.4140625,0.48237638894272,3.3684210526315788
1613,18,34,24,1.7,0.4140625,0.39999999999999997,3.2
1614,18,30,26,1.7,0.46354166666666663,0.39999999999999997,3.2
1615,19,27,27,1.6842105263157894,0.492063492063492,0.5668594533825794,3.3157894736842106
1616,18,30,26,1.7,0.46354166666666663,0.39999999999999997,3.2
1617,18,27,26,1.65,0.4788359788359788,0.47696960070847283,3.15
1618,18,28,27,1.65,0.4841269841269841,0.47696960070847283,3.15
1619,19,28,25,1.6842105263157894,0.4682539682539682,0.5668594533825794,3.3157894736842106
1620,19,28,26,1.736842105263158,0.4765625,0.4823763889427201,3.3684210526315788
1621,18,32,25,1.7,0.43489583333333337,0.39999999999999997,3.2
1622,20,28,24,1.7222222222222223,0.4576719576719577,0.6009252125773316,3.5
1623,18,31,26,1.7,0.453125,0.39999999999999997,3.2
1624,19,31,22,1.6842105263157894,0.4206349206349206,0.5668594533825794,3.3157894736842106
1625,18,35,25,1.7,0.41666666666666663,0.39999999999999997,3.2
1626,19,31,24,1.6842105263157894,0.4365079365079365,0.5668594533825794,3.3157894736842106
1627,18,28,25,1.65,0.4629629629629629,0.47696960070847283,3.15
1628,19,30,24,1.736842105263158,0.4453125,0.48237638894272,3.3684210526315788
1629,18,33,24,1.7,0.42447916666666663,0.39999999999999997,3.2
1630,19,31,22,1.736842105263158,0.41666666666666663,0.4823763889427201,3.3684210526315788
1631,19,28,26,1.736842105263158,0.4739583333333333,0.4823763889427201,3.3684210526315788
1632,19,33,26,1.736842105263158,0.4375,0.4823763889427201,3.3684210526315788
1633,19,30,27,1.736842105263158,0.46614583333333326,0.4823763889427201,3.3684210526315788
1634,18,27,29,1.7,0.5104166666666666,0.39999999999999997,3.2
1635,19,25,26,1.736842105263158,0.5,0.4823763889427201,3.3684210526315788
1636,19,28,27,1.736842105263158,0.48697916666666663,0.4823763889427201,3.3684210526315788
1637,20,32,23,1.7777777777777777,0.421875,0.49690399499995325,3.5555555555555554
1638,19,25,28,1.736842105263158,0.515625,0.4823763889427201,3.3684210526315788
1639,19,29,25,1.6842105263157894,0.4603174603174603,0.5668594533825794,3.3157894736842106
1640,18,27,27,1.7,0.4921875,0.39999999999999997,3.2
1641,18,25,27,1.7,0.5026041666666666,0.39999999999999997,3.2
1642,19,29,29,1.736842105263158,0.49479166666666663,0.4823763889427201,3.3684210526315788
1643,18,33,23,1.65,0.4153439153439153,0.47696960070847283,3.15
1644,19,32,25,1.736842105263158,0.44010416666666663,0.4823763889427201,3.3684210526315788
1645,19,29,26,1.6842105263157894,0.4656084656084655,0.5668594533825794,3.3157894736842106
1646,19,36,23,1.6842105263157894,0.3915343915343915,0.5668594533825794,3.3157894736842106
1647,19,30,26,1.736842105263158,0.4609375,0.4823763889427201,3.3684210526315788
1648,19,30,25,1.736842105263158,0.4505208333333333,0.48237638894272,3.3684210526315788
1649,19,28,29,1.736842105263158,0.5026041666666666,0.4823763889427201,3.3684210526315788
1650,18,30,25,1.65,0.455026455026455,0.47696960070847283,3.15
1651,19,29,28,1.6842105263157894,0.48677248677248675,0.5668594533825794,3.3157894736842106
1652,18,30,26,1.7,0.4609375,0.39999999999999997,3.2
1653,18,30,27,1.7,0.47135416666666663,0.39999999999999997,3.2
1654,19,29,28,1.736842105263158,0.484375,0.4823763889427201,3.3684210526315788
1655,19,28,29,1.736842105263158,0.49479166666666663,0.48237638894272,3.3684210526315788
1656,18,28,27,1.7,0.48177083333333326,0.39999999999999997,3.2
1657,18,22,30,1.7,0.5520833333333333,0.39999999999999997,3.2
1658,18,28,27,1.7,0.48177083333333326,0.39999999999999997,3.2
1659,18,35,22,1.65,0.3915343915343915,0.47696960070847283,3.15
1660,19,33,28,1.736842105263158,0.45572916666666663,0.4823763889427201,3.3684210526315788
1661,19,28,26,1.6842105263157894,0.4761904761904761,0.5668594533825794,3.3157894736842106
1662,19,27,28,1.736842105263158,0.49999999999999994,0.4823763889427201,3.3684210526315788
1663,19,27,28,1.736842105263158,0.5,0.4823763889427201,3.3684210526315788
1664,18,30,27,1.7,0.47135416666666663,0.39999999999999997,3.2
1665,19,35,24,1.736842105263158,0.4114583333333333,0.4823763889427201,3.3684210526315788
1666,19,31,24,1.736842105263158,0.44010416666666663,0.4823763889427201,3.3684210526315788
1667,19,30,26,1.736842105263158,0.46354166666666663,0.48237638894272,3.3684210526315788
1668,19,29,26,1.736842105263158,0.46354166666666663,0.4823763889427201,3.3684210526315788
1669,18,31,26,1.7,0.453125,0.39999999999999997,3.2
1670,18,32,26,1.65,0.4444444444444444,0.47696960070847283,3.15
1671,18,28,28,1.7,0.49479166666666663,0.39999999999999997,3.2
1672,18,31,24,1.7,0.44010416666666663,0.39999999999999997,3.2
1673,19,32,26,1.736842105263158,0.44791666666666663,0.48237638894272,3.3684210526315788
1674,18,31,26,1.7,0.45572916666666663,0.39999999999999997,3.2
1675,19,28,27,1.736842105263158,0.48697916666666663,0.4823763889427201,3.3684210526315788
1676,19,30,25,1.736842105263158,0.44791666666666663,0.4823763889427201,3.3684210526315788
1677,18,29,27,1.65,0.4788359788359788,0.47696960070847283,3.15
1678,18,29,28,1.7,0.48697916666666663,0.39999999999999997,3.2
1679,19,29,27,1.6842105263157894,0.47354497354497355,0.5668594533825794,3.3157894736842106
1680,18,27,29,1.7,0.5078125,0.39999999999999997,3.2
1681,19,33,26,1.736842105263158,0.44010416666666663,0.4823763889427201,3.3684210526315788
1682,19,30,24,1.736842105263158,0.44791666666666663,0.4823763889427201,3.3684210526315788
1683,19,30,27,1.736842105263158,0.46875,0.48237638894272,3.3684210526315788
1684,19,26,27,1.6842105263157894,0.49735449735449727,0.5668594533825794,3.3157894736842106
1685,18,31,26,1.7,0.45572916666666663,0.39999999999999997,3.2
1686,19,29,28,1.736842105263158,0.48697916666666663,0.4823763889427201,3.3684210526315788
1687,18,29,26,1.7,0.4661458333333333,0.39999999999999997,3.2
1688,19,30,25,1.6842105263157894,0.4523809523809524,0.5668594533825794,3.3157894736842106
1689,18,29,26,1.65,0.46825396825396826,0.47696960070847283,3.15
1690,18,26,29,1.7,0.515625,0.39999999999999997,3.2
1691,18,30,27,1.7,0.46875,0.39999999999999997,3.2
1692,18,31,21,1.65,0.4126984126984127,0.47696960070847283,3.15
1693,18,29,28,1.7,0.484375,0.39999999999999997,3.2
1694,19,31,24,1.736842105263158,0.4375,0.48237638894272,3.3684210526315788
1695,19,31,27,1.736842105263158,0.4609375,0.48237638894272,3.3684210526315788
1696,19,28,27,1.736842105263158,0.4817708333333333,0.4823763889427201,3.3684210526315788
1697,18,34,23,1.75,0.4114583333333333,0.39999999999999997,3.2
1698,19,27,28,1.736842105263158,0.4973958333333333,0.48237638894272,3.3684210526315788
1699,19,34,22,1.736842105263158,0.40104166666666663,0.48237638894272,3.3684210526315788
1700,20,28,25,1.7222222222222223,0.4656084656084656,0.6009252125773316,3.5
1701,18,33,26,1.7,0.44010416666666663,0.39999999999999997,3.2
1702,18,28,28,1.7,0.49479166666666663,0.39999999999999997,3.2
1703,18,26,29,1.7,0.515625,0.39999999999999997,3.2
1704,19,31,25,1.736842105263158,0.44791666666666663,0.4823763889427201,3.3684210526315788
1705,18,28,25,1.65,0.47354497354497355,0.47696960070847283,3.15
1706,19,30,27,1.736842105263158,0.47135416666666663,0.4823763889427201,3.3684210526315788
1707,18,28,24,1.7,0.45572916666666663,0.39999999999999997,3.2
1708,19,34,23,1.736842105263158,0.4036458333333333,0.48237638894272,3.3684210526315788
1709,19,33,22,1.736842105263158,0.40885416666666663,0.4823763889427201,3.3684210526315788
1710,19,31,25,1.736842105263158,0.44791666666666663,0.4823763889427201,3.3684210526315788
1711,18,30,27,1.7,0.47135416666666663,0.39999999999999997,3.2
1712,19,31,27,1.736842105263158,0.4583333333333333,0.4823763889427201,3.3684210526315788
1713,19,25,28,1.6842105263157894,0.5158730158730159,0.5668594533825794,3.3157894736842106
1714,18,25,28,1.7,0.515625,0.39999999999999997,3.2
1715,19,29,27,1.736842105263158,0.47916666666666663,0.4823763889427201,3.3684210526315788
1716,18,31,25,1.65,0.4444444444444444,0.47696960070847283,3.15
1717,18,33,24,1.7,0.42447916666666663,0.39999999999999997,3.2
1718,19,27,28,1.736842105263158,0.5,0.48237638894272,3.3684210526315788
1719,19,31,27,1.736842105263158,0.4583333333333333,0.4823763889427201,3.3684210526315788
1720,19,30,22,1.736842105263158,0.43229166666666663,0.4823763889427201,3.3684210526315788
1721,19,27,27,1.6842105263157894,0.4894179894179894,0.5668594533825794,3.3157894736842106
1722,17,31,23,1.619047619047619,0.42857142857142855,0.3086066999241838,3.0
1723,19,27,27,1.6842105263157894,0.49470899470899465,0.5668594533825794,3.3157894736842106
1724,19,26,27,1.736842105263158,0.49739583333333337,0.4823763889427201,3.3684210526315788
1725,19,27,25,1.736842105263158,0.47916666666666663,0.4823763889427201,3.3684210526315788
1726,18,31,23,1.65,0.42857142857142855,0.47696960070847283,3.15
1727,19,25,27,1.736842105263158,0.5052083333333333,0.4823763889427201,3.3684210526315788
1728,19,26,28,1.736842105263158,0.5104166666666666,0.4823763889427201,3.3684210526315788
1729,18,32,25,1.7,0.43489583333333337,0.39999999999999997,3.2
1730,18,30,26,1.7,0.4609375,0.39999999999999997,3.2
1731,18,30,28,1.7,0.47916666666666663,0.39999999999999997,3.2
1732,19,29,25,1.736842105263158,0.45833333333333337,0.4823763889427201,3.3684210526315788
1733,19,32,26,1.6842105263157894,0.44708994708994704,0.5668594533825794,3.3157894736842106
1734,19,31,28,1.736842105263158,0.47135416666666663,0.4823763889427201,3.3684210526315788
1735,19,26,26,1.6842105263157894,0.4894179894179894,0.5668594533825794,3.3157894736842106
1736,18,25,29,1.7,0.5234375,0.39999999999999997,3.2
1737,18,23,27,1.65,0.5132275132275133,0.47696960070847283,3.15
1738,19,28,26,1.736842105263158,0.47656249999999994,0.4823763889427201,3.3684210526315788
1739,19,26,27,1.736842105263158,0.5,0.4823763889427201,3.3684210526315788
1740,19,28,27,1.736842105263158,0.48697916666666663,0.4823763889427201,3.3684210526315788
1741,19,32,26,1.736842105263158,0.4505208333333333,0.48237638894272,3.3684210526315788
1742,19,27,26,1.6842105263157894,0.48412698412698413,0.5668594533825794,3.3157894736842106
1743,18,27,28,1.7,0.5,0.39999999999999997,3.2
1744,19,32,25,1.736842105263158,0.4375,0.48237638894272,3.3684210526315788
1745,18,32,26,1.7,0.4453125,0.39999999999999997,3.2
1746,19,29,25,1.736842105263158,0.4609375,0.48237638894272,3.3684210526315788
1747,18,25,28,1.7,0.5130208333333333,0.39999999999999997,3.2
1748,18,23,31,1.65,0.5555555555555556,0.47696960070847283,3.15
1749,18,29,25,1.65,0.4629629629629629,0.47696960070847283,3.15
1750,19,24,28,1.6842105263157894,0.5238095238095238,0.5668594533825794,3.3157894736842106
1751,18,31,25,1.7,0.4505208333333333,0.39999999999999997,3.2
1752,18,28,29,1.7,0.5,0.39999999999999997,3.2
1753,19,29,25,1.6842105263157894,0.4576719576719577,0.5668594533825794,3.3157894736842106
1754,19,32,26,1.736842105263158,0.44791666666666663,0.4823763889427201,3.3684210526315788
1755,19,27,28,1.736842105263158,0.5,0.4823763889427201,3.3684210526315788
1756,18,27,28,1.7,0.5026041666666666,0.39999999999999997,3.2
1757,19,30,27,1.736842105263158,0.47135416666666663,0.4823763889427201,3.3684210526315788
1758,18,30,25,1.65,0.455026455026455,0.47696960070847283,3.15
1759,19,27,29,1.736842105263158,0.5104166666666666,0.4823763889427201,3.3684210526315788
1760,20,25,29,1.7222222222222223,0.5264550264550264,0.6009252125773316,3.5
1761,19,28,27,1.736842105263158,0.48697916666666663,0.4823763889427201,3.3684210526315788
1762,19,30,27,1.6842105263157894,0.4708994708994709,0.5668594533825794,3.3157894736842106
1763,19,29,25,1.6842105263157894,0.45767195767195773,0.5668594533825794,3.3157894736842106
1764,19,25,28,1.6842105263157894,0.5158730158730159,0.5668594533825794,3.3157894736842106
1765,18,26,28,1.7,0.5078125,0.39999999999999997,3.2
1766,19,27,28,1.6842105263157894,0.49735449735449727,0.5668594533825794,3.3157894736842106
1767,19,26,28,1.736842105263158,0.5078125,0.4823763889427201,3.3684210526315788
1768,19,26,28,1.6842105263157894,0.5026455026455026,0.5668594533825794,3.3157894736842106
1769,19,29,28,1.6842105263157894,0.48677248677248675,0.5668594533825794,3.3157894736842106
1770,18,24,28,1.65,0.5238095238095238,0.47696960070847283,3.15
1771,18,38,23,1.7,0.3802083333333333,0.39999999999999997,3.2
1772,18,31,27,1.7,0.46354166666666663,0.39999999999999997,3.2
1773,19,28,28,1.736842105263158,0.49479166666666663,0.4823763889427201,3.3684210526315788
1774,19,26,28,1.736842105263158,0.5104166666666666,0.4823763889427201,3.3684210526315788
1775,18,27,29,1.7,0.5078125,0.39999999999999997,3.2
1776,19,24,28,1.6842105263157894,0.5211640211640212,0.5668594533825794,3.3157894736842106
1777,19,27,28,1.736842105263158,0.5026041666666666,0.48237638894272,3.3684210526315788
1778,18,28,29,1.65,0.5026455026455026,0.47696960070847283,3.15
1779,19,24,30,1.6842105263157894,0.5423280423280423,0.5668594533825794,3.3157894736842106
1780,18,25,29,1.65,0.5264550264550264,0.47696960070847283,3.15
1781,19,26,28,1.736842105263158,0.5052083333333333,0.4823763889427201,3.3684210526315788
1782,18,30,25,1.7,0.4505208333333333,0.39999999999999997,3.2
1783,19,32,26,1.736842105263158,0.44791666666666663,0.48237638894272,3.3684210526315788
1784,19,26,29,1.736842105263158,0.515625,0.4823763889427201,3.3684210526315788
1785,19,25,26,1.6842105263157894,0.5026455026455026,0.5668594533825794,3.3157894736842106
1786,18,28,28,1.65,0.49470899470899465,0.47696960070847283,3.15
1787,18,26,28,1.7,0.5026041666666667,0.39999999999999997,3.2
1788,19,22,31,1.6842105263157894,0.5634920634920635,0.5668594533825794,3.3157894736842106
1789,19,25,29,1.6842105263157894,0.5264550264550264,0.5668594533825794,3.3157894736842106
1790,19,26,28,1.6842105263157894,0.5079365079365079,0.5668594533825794,3.3157894736842106
1791,19,24,30,1.736842105263158,0.5364583333333333,0.4823763889427201,3.3684210526315788
1792,19,31,27,1.736842105263158,0.4609375,0.4823763889427201,3.3684210526315788
1793,19,24,29,1.736842105263158,0.5338541666666666,0.48237638894272,3.3684210526315788
1794,18,30,27,1.7,0.47135416666666663,0.39999999999999997,3.2
1795,19,28,29,1.736842105263158,0.49739583333333326,0.48237638894272,3.3684210526315788
1796,18,28,28,1.7,0.49479166666666663,0.39999999999999997,3.2
1797,19,28,29,1.736842105263158,0.5026041666666666,0.4823763889427201,3.3684210526315788
1798,19,27,27,1.736842105263158,0.48958333333333326,0.4823763889427201,3.3684210526315788
1799,18,27,27,1.7,0.4921875,0.39999999999999997,3.2
1800,19,25,30,1.736842105263158,0.5338541666666666,0.4823763889427201,3.3684210526315788
1801,19,25,29,1.736842105263158,0.5234375,0.4823763889427201,3.3684210526315788
1802,19,25,30,1.6842105263157894,0.5343915343915343,0.5668594533825794,3.3157894736842106
1803,19,26,27,1.736842105263158,0.4973958333333333,0.48237638894272,3.3684210526315788
1804,19,32,25,1.736842105263158,0.43915343915343913,0.5668594533825794,3.3157894736842106
1805,19,28,26,1.736842105263158,0.4739583333333333,0.4823763889427201,3.3684210526315788
1806,19,33,24,1.6842105263157894,0.42063492063492064,0.5668594533825794,3.3157894736842106
1807,19,28,27,1.736842105263158,0.48697916666666663,0.48237638894272,3.3684210526315788
1808,18,31,25,1.7,0.44791666666666663,0.39999999999999997,3.2
1809,19,27,28,1.736842105263158,0.5026041666666666,0.48237638894272,3.3684210526315788
1810,19,30,26,1.6842105263157894,0.4629629629629629,0.5668594533825794,3.3157894736842106
1811,19,26,26,1.736842105263158,0.48958333333333326,0.4823763889427201,3.3684210526315788
1812,19,25,30,1.6842105263157894,0.5343915343915343,0.5668594533825794,3.3157894736842106
1813,19,28,27,1.736842105263158,0.48437499999999994,0.48237638894272,3.3684210526315788
1814,19,26,28,1.6842105263157894,0.5105820105820106,0.5668594533825794,3.3157894736842106
1815,19,27,28,1.736842105263158,0.5026041666666666,0.4823763889427201,3.3684210526315788
1816,18,31,25,1.7,0.44791666666666663,0.39999999999999997,3.2
1817,19,29,28,1.736842105263158,0.48437499999999994,0.4823763889427201,3.3684210526315788
1818,19,25,29,1.736842105263158,0.5260416666666666,0.48237638894272,3.3684210526315788
1819,19,27,27,1.736842105263158,0.49479166666666663,0.4823763889427201,3.3684210526315788
1820,19,27,27,1.736842105263158,0.48958333333333326,0.4823763889427201,3.3684210526315788
1821,19,25,29,1.736842105263158,0.5234375,0.4823763889427201,3.3684210526315788
1822,18,26,29,1.7,0.515625,0.39999999999999997,3.2
1823,19,27,29,1.736842105263158,0.5104166666666666,0.4823763889427201,3.3684210526315788
1824,18,32,25,1.7,0.44010416666666663,0.39999999999999997,3.2
1825,19,22,29,1.736842105263158,0.546875,0.4823763889427201,3.3684210526315788
1826,19,27,27,1.736842105263158,0.4921875,0.48237638894272,3.3684210526315788
1827,18,27,27,1.7,0.49218749999999994,0.39999999999999997,3.2
1828,18,25,28,1.65,0.5158730158730159,0.47696960070847283,3.15
1829,19,29,27,1.736842105263158,0.4765625,0.4823763889427201,3.3684210526315788
1830,19,23,30,1.736842105263158,0.5494791666666666,0.4823763889427201,3.3684210526315788
1831,18,35,22,1.65,0.3915343915343915,0.47696960070847283,3.15
1832,18,23,30,1.7,0.5442708333333333,0.39999999999999997,3.2
1833,18,25,28,1.7,0.5182291666666666,0.39999999999999997,3.2
1834,18,27,28,1.65,0.5026455026455026,0.47696960070847283,3.15
1835,19,29,27,1.736842105263158,0.4765625,0.48237638894272,3.3684210526315788
1836,19,27,27,1.736842105263158,0.49218749999999994,0.4823763889427201,3.3684210526315788
1837,18,28,28,1.7,0.49479166666666663,0.39999999999999997,3.2
1838,19,25,28,1.6842105263157894,0.5185185185185185,0.5668594533825794,3.3157894736842106
1839,19,28,28,1.736842105263158,0.4921875,0.4823763889427201,3.3684210526315788
1840,18,29,28,1.7,0.48697916666666663,0.39999999999999997,3.2
1841,18,27,29,1.7,0.5104166666666666,0.39999999999999997,3.2
1842,19,30,24,1.736842105263158,0.44791666666666663,0.48237638894272,3.3684210526315788
1843,19,27,27,1.736842105263158,0.48958333333333326,0.4823763889427201,3.3684210526315788
1844,18,25,28,1.7,0.515625,0.39999999999999997,3.2
1845,18,23,29,1.7,0.5364583333333333,0.39999999999999997,3.2
1846,19,24,29,1.736842105263158,0.5338541666666666,0.4823763889427201,3.3684210526315788
1847,18,30,26,1.7,0.4609375,0.39999999999999997,3.2
1848,19,29,28,1.6842105263157894,0.48677248677248675,0.5668594533825794,3.3157894736842106
1849,19,24,29,1.6842105263157894,0.5317460317460317,0.5668594533825794,3.3157894736842106
1850,18,27,28,1.7,0.4973958333333333,0.39999999999999997,3.2
1851,19,26,28,1.736842105263158,0.5026041666666666,0.4823763889427201,3.3684210526315788
1852,19,25,29,1.6842105263157894,0.5264550264550264,0.5668594533825794,3.3157894736842106
1853,19,26,28,1.736842105263158,0.5052083333333333,0.48237638894272,3.3684210526315788
1854,19,28,25,1.736842105263158,0.46354166666666663,0.4823763889427201,3.3684210526315788
1855,18,22,29,1.7,0.546875,0.39999999999999997,3.2
1856,19,25,28,1.6842105263157894,0.5185185185185185,0.5668594533825794,3.3157894736842106
1857,18,29,27,1.7,0.47916666666666663,0.39999999999999997,3.2
1858,19,24,29,1.736842105263158,0.5338541666666666,0.4823763889427201,3.3684210526315788
1859,18,28,26,1.7,0.4739583333333333,0.39999999999999997,3.2
1860,18,28,27,1.7,0.48697916666666663,0.39999999999999997,3.2
1861,19,26,29,1.736842105263158,0.5182291666666666,0.4823763889427201,3.3684210526315788
1862,18,26,28,1.65,0.5105820105820106,0.47696960070847283,3.15
1863,19,22,29,1.6842105263157894,0.5423280423280424,0.5668594533825794,3.3157894736842106
1864,19,24,27,1.736842105263158,0.5130208333333333,0.4823763889427201,3.3684210526315788
1865,18,28,26,1.7,0.47916666666666663,0.39999999999999997,3.2
1866,18,31,23,1.7,0.4348958333333333,0.39999999999999997,3.2
1867,19,28,27,1.736842105263158,0.48697916666666663,0.4823763889427201,3.3684210526315788
1868,19,28,29,1.736842105263158,0.5026041666666666,0.4823763889427201,3.3684210526315788
1869,19,24,29,1.736842105263158,0.53125,0.4823763889427201,3.3684210526315788
1870,18,24,31,1.65,0.5502645502645502,0.47696960070847283,3.15
1871,19,28,26,1.736842105263158,0.47916666666666663,0.4823763889427201,3.3684210526315788
1872,19,27,28,1.736842105263158,0.5026041666666666,0.48237638894272,3.3684210526315788
1873,18,26,28,1.7,0.5078125,0.39999999999999997,3.2
1874,19,28,28,1.736842105263158,0.49479166666666663,0.4823763889427201,3.3684210526315788
1875,19,24,29,1.6842105263157894,0.5317460317460317,0.5668594533825794,3.3157894736842106
1876,19,27,29,1.736842105263158,0.5104166666666666,0.4823763889427201,3.3684210526315788
1877,20,23,30,1.7222222222222223,0.5476190476190477,0.6009252125773316,3.5
1878,19,26,26,1.736842105263158,0.4921875,0.4823763889427201,3.3684210526315788
1880,19,23,29,1.6842105263157894,0.5423280423280423,0.5668594533825794,3.3157894736842106
1881,19,23,29,1.6842105263157894,0.5423280423280423,0.5668594533825794,3.3157894736842106
1882,19,23,29,1.6842105263157894,0.5423280423280423,0.5668594533825794,3.3157894736842106
1883,19,23,29,1.6842105263157894,0.5423280423280423,0.5668594533825794,3.3157894736842106
1884,19,23,29,1.6842105263157894,0.5423280423280423,0.5668594533825794,3.3157894736842106
1885,19,23,29,1.6842105263157894,0.5423280423280423,0.5668594533825794,3.3157894736842106
1886,19,23,29,1.6842105263157894,0.5423280423280423,0.5668594533825794,3.3157894736842106
1887,19,23,29,1.6842105263157894,0.5423280423280423,0.5668594533825794,3.3157894736842106
1888,19,23,29,1.6842105263157894,0.5423280423280423,0.5668594533825794,3.3157894736842106
1889,19,23,29,1.6842105263157894,0.5423280423280423,0.5668594533825794,3.3157894736842106
