Episode,Desafios_sin_equipo,Estudiantes_fuera_preferencias,Estudiantes_primera_prioridad,Promedio_carreras_por_equipo,Satisfaccion_promedio,STD_tamano_equipos,Tamano_promedio_equipo
2,18,56,3,1.75,0.08072916666666666,0.39999999999999997,3.2
3,19,60,3,1.7894736842105263,0.0546875,0.4823763889427201,3.3684210526315788
4,18,60,1,1.75,0.0390625,0.39999999999999997,3.2
5,17,59,2,1.7142857142857142,0.05208333333333333,0.21295885499997994,3.0476190476190474
6,18,61,0,1.75,0.0234375,0.39999999999999997,3.2
7,19,61,2,1.7894736842105263,0.0390625,0.48237638894272,3.3684210526315788
8,18,59,2,1.75,0.049479166666666664,0.39999999999999997,3.2
9,17,59,4,1.7142857142857142,0.06770833333333334,0.21295885499997994,3.0476190476190474
10,18,57,1,1.75,0.05989583333333333,0.39999999999999997,3.2
11,17,59,3,1.7142857142857142,0.05989583333333333,0.21295885499997994,3.0476190476190474
12,17,59,2,1.6666666666666667,0.04497354497354498,0.3086066999241838,3.0
13,18,59,2,1.75,0.0546875,0.39999999999999997,3.2
14,18,59,2,1.75,0.05208333333333333,0.39999999999999997,3.2
15,18,60,0,1.75,0.028645833333333332,0.39999999999999997,3.2
16,18,60,1,1.75,0.033854166666666664,0.39999999999999997,3.2
17,18,57,2,1.75,0.06770833333333333,0.39999999999999997,3.2
18,18,60,2,1.75,0.04427083333333333,0.39999999999999997,3.2
19,18,60,1,1.75,0.033854166666666664,0.39999999999999997,3.2
20,17,58,3,1.7142857142857142,0.06770833333333333,0.21295885499997994,3.0476190476190474
21,19,56,1,1.736842105263158,0.06084656084656085,0.5668594533825794,3.3157894736842106
22,18,54,3,1.75,0.09895833333333333,0.39999999999999997,3.2
23,18,59,1,1.7,0.037037037037037035,0.47696960070847283,3.15
24,19,57,3,1.7894736842105263,0.0703125,0.4823763889427201,3.3684210526315788
25,18,61,2,1.75,0.03645833333333333,0.39999999999999997,3.2
26,18,58,2,1.75,0.05468749999999999,0.39999999999999997,3.2
27,18,60,2,1.7,0.044270833333333336,0.39999999999999997,3.2
28,19,58,3,1.7894736842105263,0.06770833333333333,0.4823763889427201,3.3684210526315788
29,17,60,0,1.7142857142857142,0.0234375,0.21295885499997994,3.0476190476190474
30,18,60,3,1.75,0.05208333333333333,0.39999999999999997,3.2
31,18,57,3,1.7,0.07552083333333333,0.39999999999999997,3.2
32,19,57,1,1.7894736842105263,0.057291666666666664,0.4823763889427201,3.3684210526315788
33,17,54,2,1.7142857142857142,0.078125,0.21295885499997994,3.0476190476190474
34,17,55,2,1.7142857142857142,0.07552083333333331,0.21295885499997994,3.0476190476190474
35,18,63,0,1.75,0.005208333333333333,0.39999999999999997,3.2
36,18,56,3,1.7,0.06878306878306878,0.47696960070847283,3.15
37,18,62,2,1.75,0.03125,0.39999999999999997,3.2
38,18,61,2,1.65,0.0390625,0.39999999999999997,3.2
39,17,56,1,1.7142857142857142,0.05989583333333333,0.21295885499997994,3.0476190476190474
40,17,56,2,1.7142857142857142,0.07291666666666666,0.21295885499997994,3.0476190476190474
41,17,62,0,1.7142857142857142,0.015625,0.21295885499997994,3.0476190476190474
42,18,60,2,1.7,0.04427083333333333,0.39999999999999997,3.2
43,18,61,3,1.7,0.046875,0.39999999999999997,3.2
44,18,63,1,1.75,0.015625,0.39999999999999997,3.2
45,18,59,2,1.75,0.0546875,0.39999999999999997,3.2
46,19,59,3,1.7894736842105263,0.057291666666666664,0.4823763889427201,3.3684210526315788
47,17,61,1,1.7142857142857142,0.028645833333333332,0.21295885499997994,3.0476190476190474
48,17,62,0,1.7142857142857142,0.013020833333333332,0.21295885499997994,3.0476190476190474
49,18,58,2,1.75,0.057291666666666664,0.39999999999999997,3.2
50,18,57,4,1.75,0.08333333333333333,0.39999999999999997,3.2
51,21,59,2,1.8823529411764706,0.0546875,0.42418250299576343,3.764705882352941
52,18,61,0,1.75,0.018229166666666664,0.39999999999999997,3.2
53,18,59,2,1.75,0.0546875,0.39999999999999997,3.2
54,18,62,1,1.7,0.020833333333333332,0.39999999999999997,3.2
55,18,61,0,1.75,0.020833333333333332,0.39999999999999997,3.2
56,18,60,3,1.75,0.0546875,0.39999999999999997,3.2
57,18,59,1,1.75,0.0390625,0.39999999999999997,3.2
58,18,58,1,1.75,0.04687499999999999,0.39999999999999997,3.2
59,18,63,0,1.75,0.005208333333333333,0.39999999999999997,3.2
60,19,57,2,1.7894736842105263,0.0625,0.4823763889427201,3.3684210526315788
61,17,61,1,1.7142857142857142,0.028645833333333332,0.21295885499997994,3.0476190476190474
62,19,60,1,1.7894736842105263,0.03645833333333333,0.4823763889427201,3.3684210526315788
63,19,57,1,1.7894736842105263,0.05208333333333333,0.4823763889427201,3.3684210526315788
64,18,58,1,1.75,0.04427083333333333,0.39999999999999997,3.2
65,19,59,2,1.7894736842105263,0.046875,0.4823763889427201,3.3684210526315788
66,19,63,0,1.7894736842105263,0.005208333333333333,0.4823763889427201,3.3684210526315788
67,18,60,1,1.75,0.033854166666666664,0.39999999999999997,3.2
68,19,59,3,1.7894736842105263,0.0625,0.4823763889427201,3.3684210526315788
69,18,60,0,1.75,0.028645833333333332,0.39999999999999997,3.2
70,18,64,0,1.75,0.0,0.39999999999999997,3.2
71,17,57,1,1.7142857142857142,0.05989583333333333,0.21295885499997994,3.0476190476190474
72,19,60,2,1.7894736842105263,0.04427083333333333,0.4823763889427201,3.3684210526315788
73,18,61,2,1.75,0.03645833333333333,0.39999999999999997,3.2
74,18,54,5,1.75,0.11458333333333333,0.39999999999999997,3.2
75,19,62,2,1.7894736842105263,0.03125,0.4823763889427201,3.3684210526315788
76,19,59,1,1.7894736842105263,0.041666666666666664,0.48237638894272,3.3684210526315788
77,18,62,2,1.75,0.03125,0.39999999999999997,3.2
78,19,57,1,1.7894736842105263,0.05208333333333333,0.4823763889427201,3.3684210526315788
79,18,58,0,1.75,0.0390625,0.39999999999999997,3.2
80,18,59,2,1.75,0.0546875,0.39999999999999997,3.2
81,19,59,3,1.7894736842105263,0.05989583333333333,0.4823763889427201,3.3684210526315788
82,18,60,2,1.75,0.041666666666666664,0.39999999999999997,3.2
83,17,57,3,1.7142857142857142,0.07552083333333333,0.21295885499997994,3.0476190476190474
84,17,60,2,1.6666666666666667,0.037037037037037035,0.3086066999241838,3.0
85,18,58,3,1.75,0.06770833333333334,0.39999999999999997,3.2
86,18,54,6,1.75,0.11979166666666666,0.39999999999999997,3.2
87,18,61,3,1.75,0.046875,0.39999999999999997,3.2
88,18,60,1,1.75,0.033854166666666664,0.39999999999999997,3.2
89,19,57,1,1.736842105263158,0.047619047619047616,0.5668594533825794,3.3157894736842106
90,18,57,0,1.75,0.046875,0.39999999999999997,3.2
91,17,61,2,1.7142857142857142,0.0390625,0.21295885499997994,3.0476190476190474
92,18,59,1,1.7,0.04427083333333333,0.39999999999999997,3.2
93,17,58,3,1.7142857142857142,0.06510416666666666,0.21295885499997994,3.0476190476190474
94,17,58,1,1.7142857142857142,0.049479166666666664,0.21295885499997994,3.0476190476190474
95,19,59,1,1.7894736842105263,0.0390625,0.4823763889427201,3.3684210526315788
96,18,58,2,1.7,0.05989583333333333,0.39999999999999997,3.2
97,17,60,2,1.7142857142857142,0.04427083333333333,0.21295885499997994,3.0476190476190474
98,17,60,2,1.7142857142857142,0.046875,0.21295885499997994,3.0476190476190474
99,18,59,2,1.75,0.0546875,0.39999999999999997,3.2
100,18,58,1,1.75,0.046875,0.39999999999999997,3.2
101,18,56,3,1.7,0.078125,0.39999999999999997,3.2
102,17,56,0,1.7142857142857142,0.04947916666666666,0.21295885499997994,3.0476190476190474
103,17,62,0,1.7142857142857142,0.015625,0.21295885499997994,3.0476190476190474
104,18,58,4,1.75,0.078125,0.39999999999999997,3.2
105,18,59,4,1.75,0.0703125,0.39999999999999997,3.2
106,17,62,2,1.7142857142857142,0.03125,0.21295885499997994,3.0476190476190474
107,18,58,2,1.75,0.057291666666666664,0.39999999999999997,3.2
108,19,61,1,1.7894736842105263,0.028645833333333332,0.4823763889427201,3.3684210526315788
109,18,56,2,1.75,0.06770833333333333,0.39999999999999997,3.2
110,18,58,1,1.75,0.04427083333333333,0.39999999999999997,3.2
111,18,61,1,1.75,0.028645833333333332,0.39999999999999997,3.2
112,17,59,1,1.7142857142857142,0.0390625,0.21295885499997994,3.0476190476190474
113,18,61,2,1.75,0.036458333333333336,0.39999999999999997,3.2
114,17,58,3,1.6666666666666667,0.06349206349206349,0.3086066999241838,3.0
115,18,59,2,1.75,0.049479166666666664,0.39999999999999997,3.2
116,18,58,1,1.75,0.049479166666666664,0.39999999999999997,3.2
117,17,61,1,1.7142857142857142,0.026041666666666664,0.21295885499997994,3.0476190476190474
118,19,57,1,1.7894736842105263,0.0546875,0.4823763889427201,3.3684210526315788
119,18,57,4,1.75,0.0859375,0.39999999999999997,3.2
120,17,62,1,1.7142857142857142,0.0234375,0.21295885499997994,3.0476190476190474
121,19,60,1,1.7894736842105263,0.033854166666666664,0.4823763889427201,3.3684210526315788
122,18,57,5,1.75,0.09375,0.39999999999999997,3.2
123,18,55,1,1.75,0.0703125,0.39999999999999997,3.2
124,18,55,5,1.7,0.09788359788359788,0.47696960070847283,3.15
125,17,55,1,1.7142857142857142,0.06510416666666666,0.21295885499997994,3.0476190476190474
126,18,60,2,1.75,0.046875,0.39999999999999997,3.2
127,18,57,1,1.75,0.049479166666666664,0.39999999999999997,3.2
128,18,61,2,1.75,0.0390625,0.39999999999999997,3.2
129,17,57,7,1.7142857142857142,0.109375,0.21295885499997994,3.0476190476190474
130,17,60,0,1.7142857142857142,0.028645833333333332,0.21295885499997994,3.0476190476190474
131,18,56,7,1.75,0.1171875,0.39999999999999997,3.2
132,18,55,1,1.7,0.06770833333333333,0.39999999999999997,3.2
133,18,56,2,1.75,0.0703125,0.39999999999999997,3.2
134,17,58,3,1.7142857142857142,0.06770833333333333,0.21295885499997994,3.0476190476190474
135,17,53,5,1.7142857142857142,0.11718749999999999,0.21295885499997994,3.0476190476190474
136,18,60,0,1.75,0.03125,0.39999999999999997,3.2
137,18,59,3,1.75,0.0625,0.39999999999999997,3.2
138,18,53,4,1.7,0.10677083333333333,0.39999999999999997,3.2
139,18,58,5,1.75,0.0859375,0.39999999999999997,3.2
140,18,57,2,1.75,0.0703125,0.39999999999999997,3.2
141,19,60,2,1.7894736842105263,0.04427083333333333,0.4823763889427201,3.3684210526315788
142,18,56,3,1.7,0.08072916666666666,0.39999999999999997,3.2
143,18,54,6,1.75,0.11979166666666666,0.39999999999999997,3.2
144,18,60,2,1.75,0.04427083333333333,0.39999999999999997,3.2
145,17,58,3,1.7142857142857142,0.0703125,0.21295885499997994,3.0476190476190474
146,18,59,1,1.75,0.04427083333333333,0.39999999999999997,3.2
147,18,58,3,1.7,0.06510416666666666,0.39999999999999997,3.2
148,17,55,1,1.6666666666666667,0.0582010582010582,0.3086066999241838,3.0
149,18,62,1,1.75,0.020833333333333332,0.39999999999999997,3.2
150,17,57,4,1.7142857142857142,0.08333333333333333,0.21295885499997994,3.0476190476190474
151,17,57,3,1.7142857142857142,0.078125,0.21295885499997994,3.0476190476190474
152,18,60,2,1.75,0.04427083333333333,0.39999999999999997,3.2
153,18,54,4,1.75,0.109375,0.39999999999999997,3.2
154,18,56,3,1.75,0.08333333333333333,0.39999999999999997,3.2
155,18,58,1,1.75,0.049479166666666664,0.39999999999999997,3.2
156,19,59,0,1.7894736842105263,0.033854166666666664,0.4823763889427201,3.3684210526315788
157,19,55,3,1.736842105263158,0.07936507936507935,0.5668594533825794,3.3157894736842106
158,18,57,5,1.75,0.08854166666666666,0.39999999999999997,3.2
159,18,56,7,1.75,0.11458333333333333,0.39999999999999997,3.2
160,18,60,3,1.75,0.0546875,0.39999999999999997,3.2
161,17,53,6,1.7142857142857142,0.12239583333333333,0.21295885499997994,3.0476190476190474
162,18,59,2,1.75,0.05208333333333333,0.39999999999999997,3.2
163,17,59,3,1.7142857142857142,0.05989583333333333,0.21295885499997994,3.0476190476190474
164,18,57,5,1.75,0.09114583333333333,0.39999999999999997,3.2
165,18,56,4,1.75,0.0859375,0.39999999999999997,3.2
166,18,56,3,1.75,0.07552083333333333,0.39999999999999997,3.2
167,17,61,0,1.7142857142857142,0.020833333333333332,0.21295885499997994,3.0476190476190474
168,18,58,1,1.75,0.0546875,0.39999999999999997,3.2
169,19,58,3,1.7894736842105263,0.0703125,0.4823763889427201,3.3684210526315788
170,17,59,3,1.7142857142857142,0.057291666666666664,0.21295885499997994,3.0476190476190474
171,19,56,2,1.7894736842105263,0.07291666666666666,0.4823763889427201,3.3684210526315788
172,18,58,2,1.7,0.05291005291005291,0.47696960070847283,3.15
173,18,57,2,1.75,0.06510416666666666,0.39999999999999997,3.2
174,17,61,1,1.7142857142857142,0.028645833333333332,0.21295885499997994,3.0476190476190474
175,17,57,1,1.7142857142857142,0.05729166666666666,0.21295885499997994,3.0476190476190474
176,18,60,2,1.75,0.041666666666666664,0.39999999999999997,3.2
177,18,55,6,1.7,0.11197916666666666,0.39999999999999997,3.2
178,18,53,5,1.75,0.11979166666666666,0.39999999999999997,3.2
179,18,59,1,1.75,0.041666666666666664,0.39999999999999997,3.2
180,18,60,0,1.75,0.028645833333333332,0.39999999999999997,3.2
181,17,57,2,1.7142857142857142,0.06249999999999999,0.21295885499997994,3.0476190476190474
182,17,55,4,1.6666666666666667,0.09635416666666666,0.21295885499997994,3.0476190476190474
183,17,54,1,1.7142857142857142,0.078125,0.21295885499997994,3.0476190476190474
184,18,60,0,1.7,0.026041666666666664,0.39999999999999997,3.2
185,17,60,2,1.7142857142857142,0.044270833333333336,0.21295885499997994,3.0476190476190474
186,18,58,1,1.75,0.046875,0.39999999999999997,3.2
187,17,59,2,1.7142857142857142,0.0546875,0.21295885499997994,3.0476190476190474
188,18,59,1,1.75,0.04427083333333333,0.39999999999999997,3.2
189,18,55,3,1.75,0.09114583333333333,0.39999999999999997,3.2
190,18,58,1,1.75,0.049479166666666664,0.39999999999999997,3.2
191,18,58,4,1.75,0.078125,0.39999999999999997,3.2
192,18,58,3,1.75,0.06770833333333333,0.39999999999999997,3.2
193,18,53,3,1.75,0.09895833333333333,0.39999999999999997,3.2
194,18,60,2,1.75,0.04427083333333333,0.39999999999999997,3.2
195,19,59,3,1.7894736842105263,0.059895833333333336,0.4823763889427201,3.3684210526315788
196,17,51,6,1.6666666666666667,0.13541666666666666,0.21295885499997994,3.0476190476190474
197,17,55,3,1.7142857142857142,0.08854166666666666,0.21295885499997994,3.0476190476190474
198,19,56,2,1.7894736842105263,0.07552083333333333,0.4823763889427201,3.3684210526315788
199,18,55,4,1.75,0.09635416666666666,0.39999999999999997,3.2
200,19,59,1,1.7894736842105263,0.0390625,0.4823763889427201,3.3684210526315788
201,19,52,3,1.7894736842105263,0.10416666666666666,0.4823763889427201,3.3684210526315788
202,17,55,3,1.7142857142857142,0.08072916666666666,0.21295885499997994,3.0476190476190474
203,18,58,2,1.75,0.05989583333333333,0.39999999999999997,3.2
204,18,58,2,1.75,0.05989583333333333,0.39999999999999997,3.2
205,19,58,3,1.7894736842105263,0.06510416666666666,0.4823763889427201,3.3684210526315788
206,17,58,3,1.7142857142857142,0.06510416666666666,0.21295885499997994,3.0476190476190474
207,17,57,4,1.7142857142857142,0.08333333333333333,0.21295885499997994,3.0476190476190474
208,18,55,2,1.75,0.08072916666666666,0.39999999999999997,3.2
209,19,55,6,1.7894736842105263,0.11197916666666666,0.4823763889427201,3.3684210526315788
210,20,56,5,1.8333333333333333,0.1015625,0.49690399499995325,3.5555555555555554
211,20,61,1,1.8333333333333333,0.03125,0.49690399499995325,3.5555555555555554
212,18,59,2,1.75,0.04947916666666666,0.39999999999999997,3.2
213,18,62,0,1.75,0.015625,0.39999999999999997,3.2
214,18,55,7,1.75,0.12239583333333334,0.39999999999999997,3.2
215,17,54,4,1.7142857142857142,0.1015625,0.21295885499997994,3.0476190476190474
216,17,58,3,1.7142857142857142,0.06510416666666666,0.21295885499997994,3.0476190476190474
217,18,56,5,1.75,0.09375,0.39999999999999997,3.2
218,19,54,2,1.7894736842105263,0.0859375,0.48237638894272,3.3684210526315788
219,17,58,2,1.7142857142857142,0.05989583333333333,0.21295885499997994,3.0476190476190474
220,17,58,2,1.7142857142857142,0.05989583333333333,0.21295885499997994,3.0476190476190474
221,18,55,3,1.75,0.08854166666666666,0.39999999999999997,3.2
222,18,58,4,1.7,0.07552083333333334,0.39999999999999997,3.2
223,17,57,5,1.7142857142857142,0.09114583333333333,0.21295885499997994,3.0476190476190474
224,19,52,4,1.7894736842105263,0.11718749999999999,0.4823763889427201,3.3684210526315788
225,17,55,5,1.7142857142857142,0.10416666666666667,0.21295885499997994,3.0476190476190474
226,17,61,1,1.7142857142857142,0.028645833333333332,0.21295885499997994,3.0476190476190474
227,18,58,4,1.75,0.07291666666666666,0.39999999999999997,3.2
228,18,54,4,1.75,0.10156249999999999,0.39999999999999997,3.2
229,18,50,5,1.7,0.13756613756613756,0.47696960070847283,3.15
230,17,55,3,1.7142857142857142,0.08854166666666666,0.21295885499997994,3.0476190476190474
231,18,54,7,1.75,0.13020833333333331,0.39999999999999997,3.2
232,18,53,5,1.75,0.11718749999999999,0.39999999999999997,3.2
233,18,59,2,1.75,0.0546875,0.39999999999999997,3.2
234,18,58,1,1.75,0.05208333333333333,0.39999999999999997,3.2
235,19,57,3,1.7894736842105263,0.07552083333333333,0.4823763889427201,3.3684210526315788
236,18,47,7,1.75,0.17447916666666669,0.39999999999999997,3.2
237,17,54,3,1.7142857142857142,0.09895833333333333,0.21295885499997994,3.0476190476190474
238,18,57,5,1.75,0.09114583333333334,0.39999999999999997,3.2
239,18,53,4,1.75,0.10937499999999999,0.39999999999999997,3.2
240,18,52,2,1.75,0.09895833333333331,0.39999999999999997,3.2
241,18,57,2,1.7,0.05555555555555555,0.47696960070847283,3.15
242,18,52,7,1.75,0.140625,0.39999999999999997,3.2
243,18,54,5,1.75,0.11197916666666666,0.39999999999999997,3.2
244,17,49,5,1.6666666666666667,0.14322916666666666,0.21295885499997994,3.0476190476190474
245,17,55,3,1.6666666666666667,0.09375,0.21295885499997994,3.0476190476190474
246,19,54,4,1.7894736842105263,0.10416666666666666,0.4823763889427201,3.3684210526315788
247,19,56,4,1.7894736842105263,0.09375,0.4823763889427201,3.3684210526315788
248,18,57,4,1.75,0.078125,0.39999999999999997,3.2
249,18,56,3,1.75,0.07552083333333333,0.39999999999999997,3.2
250,17,55,5,1.7142857142857142,0.109375,0.21295885499997994,3.0476190476190474
251,18,54,7,1.75,0.1328125,0.39999999999999997,3.2
252,17,57,1,1.7142857142857142,0.05729166666666666,0.21295885499997994,3.0476190476190474
253,18,60,3,1.75,0.0546875,0.39999999999999997,3.2
254,18,53,6,1.75,0.125,0.39999999999999997,3.2
255,18,54,4,1.75,0.10416666666666666,0.39999999999999997,3.2
256,17,55,4,1.7142857142857142,0.09114583333333333,0.21295885499997994,3.0476190476190474
257,17,55,5,1.6666666666666667,0.10416666666666666,0.21295885499997994,3.0476190476190474
258,17,58,2,1.7142857142857142,0.057291666666666664,0.21295885499997994,3.0476190476190474
259,17,55,6,1.7142857142857142,0.11458333333333333,0.21295885499997994,3.0476190476190474
260,18,52,4,1.75,0.12239583333333333,0.39999999999999997,3.2
261,18,50,9,1.75,0.171875,0.39999999999999997,3.2
262,17,50,7,1.7142857142857142,0.15364583333333331,0.21295885499997994,3.0476190476190474
263,19,51,10,1.7894736842105263,0.17708333333333331,0.4823763889427201,3.3684210526315788
264,18,55,2,1.75,0.078125,0.39999999999999997,3.2
265,19,55,3,1.7894736842105263,0.09114583333333333,0.4823763889427201,3.3684210526315788
266,17,50,5,1.6666666666666667,0.14583333333333331,0.21295885499997994,3.0476190476190474
267,18,57,4,1.75,0.08333333333333333,0.39999999999999997,3.2
268,18,48,10,1.75,0.19791666666666666,0.39999999999999997,3.2
269,18,54,4,1.75,0.10416666666666666,0.39999999999999997,3.2
270,17,52,5,1.7142857142857142,0.12760416666666669,0.21295885499997994,3.0476190476190474
271,17,52,4,1.6666666666666667,0.11197916666666666,0.21295885499997994,3.0476190476190474
272,18,54,3,1.75,0.09375,0.39999999999999997,3.2
273,17,52,4,1.7142857142857142,0.11458333333333333,0.21295885499997994,3.0476190476190474
274,18,51,6,1.75,0.14322916666666666,0.39999999999999997,3.2
275,17,57,4,1.6666666666666667,0.08333333333333333,0.21295885499997994,3.0476190476190474
276,18,47,14,1.75,0.2421875,0.39999999999999997,3.2
277,17,54,4,1.7142857142857142,0.10416666666666666,0.21295885499997994,3.0476190476190474
278,18,53,6,1.75,0.12499999999999999,0.39999999999999997,3.2
279,18,51,6,1.7,0.13756613756613756,0.47696960070847283,3.15
280,19,55,5,1.7894736842105263,0.109375,0.48237638894272,3.3684210526315788
281,17,55,2,1.7142857142857142,0.078125,0.21295885499997994,3.0476190476190474
282,18,59,3,1.75,0.05989583333333333,0.39999999999999997,3.2
283,18,52,5,1.75,0.12760416666666666,0.39999999999999997,3.2
284,19,50,8,1.7894736842105263,0.16145833333333331,0.4823763889427201,3.3684210526315788
285,18,55,2,1.75,0.078125,0.39999999999999997,3.2
286,18,56,5,1.75,0.09895833333333333,0.39999999999999997,3.2
287,17,57,3,1.7142857142857142,0.07552083333333333,0.21295885499997994,3.0476190476190474
288,19,56,3,1.7894736842105263,0.08072916666666666,0.4823763889427201,3.3684210526315788
289,17,57,5,1.7142857142857142,0.09375,0.21295885499997994,3.0476190476190474
290,18,51,2,1.75,0.10416666666666666,0.39999999999999997,3.2
291,19,52,5,1.7894736842105263,0.125,0.48237638894272,3.3684210526315788
292,17,55,1,1.7142857142857142,0.06510416666666666,0.21295885499997994,3.0476190476190474
293,19,54,2,1.7894736842105263,0.08333333333333333,0.4823763889427201,3.3684210526315788
294,17,55,6,1.7142857142857142,0.11197916666666666,0.21295885499997994,3.0476190476190474
295,18,53,6,1.75,0.1328125,0.39999999999999997,3.2
296,17,52,7,1.7142857142857142,0.14322916666666666,0.21295885499997994,3.0476190476190474
297,18,56,5,1.75,0.09635416666666667,0.39999999999999997,3.2
298,19,51,6,1.7894736842105263,0.140625,0.48237638894272,3.3684210526315788
299,17,50,6,1.7142857142857142,0.1484375,0.21295885499997996,3.0476190476190474
300,18,54,1,1.75,0.078125,0.39999999999999997,3.2
301,17,57,6,1.7142857142857142,0.09895833333333333,0.21295885499997994,3.0476190476190474
302,18,53,3,1.75,0.10416666666666666,0.39999999999999997,3.2
303,18,53,4,1.75,0.11458333333333333,0.39999999999999997,3.2
304,20,51,3,1.8333333333333333,0.1171875,0.49690399499995325,3.5555555555555554
305,18,51,4,1.7,0.12169312169312169,0.47696960070847283,3.15
306,17,47,7,1.7142857142857142,0.17708333333333331,0.21295885499997994,3.0476190476190474
307,18,59,3,1.75,0.0625,0.39999999999999997,3.2
308,19,54,6,1.736842105263158,0.11979166666666666,0.4823763889427201,3.3684210526315788
309,18,51,9,1.75,0.16927083333333334,0.39999999999999997,3.2
310,17,48,8,1.7142857142857142,0.17708333333333331,0.21295885499997994,3.0476190476190474
311,18,53,8,1.75,0.14322916666666666,0.39999999999999997,3.2
312,19,54,7,1.7894736842105263,0.13020833333333331,0.4823763889427201,3.3684210526315788
313,17,56,4,1.7142857142857142,0.09114583333333333,0.21295885499997994,3.0476190476190474
314,17,50,6,1.7142857142857142,0.14583333333333331,0.21295885499997994,3.0476190476190474
315,18,53,2,1.75,0.09895833333333333,0.39999999999999997,3.2
316,18,53,5,1.75,0.125,0.39999999999999997,3.2
317,18,51,8,1.75,0.16145833333333331,0.39999999999999997,3.2
318,18,48,6,1.75,0.15885416666666666,0.39999999999999997,3.2
319,18,52,6,1.75,0.13541666666666666,0.39999999999999997,3.2
320,18,51,7,1.75,0.1484375,0.39999999999999997,3.2
321,19,51,6,1.7894736842105263,0.140625,0.48237638894272,3.3684210526315788
322,19,46,9,1.7894736842105263,0.20572916666666666,0.4823763889427201,3.3684210526315788
323,19,48,9,1.7894736842105263,0.1875,0.4823763889427201,3.3684210526315788
324,17,49,11,1.7142857142857142,0.19791666666666669,0.21295885499997994,3.0476190476190474
325,19,46,6,1.7894736842105263,0.171875,0.4823763889427201,3.3684210526315788
326,17,53,8,1.7142857142857142,0.14583333333333331,0.21295885499997994,3.0476190476190474
327,18,52,6,1.75,0.13541666666666666,0.39999999999999997,3.2
328,18,56,5,1.75,0.1015625,0.39999999999999997,3.2
329,18,49,10,1.75,0.1875,0.39999999999999997,3.2
330,18,54,8,1.75,0.13802083333333334,0.39999999999999997,3.2
331,17,54,4,1.7142857142857142,0.10416666666666666,0.21295885499997994,3.0476190476190474
332,18,53,8,1.75,0.1484375,0.39999999999999997,3.2
333,17,55,2,1.7142857142857142,0.08072916666666666,0.21295885499997994,3.0476190476190474
334,19,50,8,1.7894736842105263,0.16666666666666666,0.4823763889427201,3.3684210526315788
335,17,51,5,1.7142857142857142,0.13020833333333331,0.21295885499997994,3.0476190476190474
336,18,53,6,1.75,0.12760416666666666,0.39999999999999997,3.2
337,18,48,5,1.75,0.15104166666666669,0.39999999999999997,3.2
338,18,51,8,1.75,0.1640625,0.39999999999999997,3.2
339,17,50,11,1.6666666666666667,0.19010416666666669,0.21295885499997994,3.0476190476190474
340,19,51,8,1.7894736842105263,0.15885416666666666,0.4823763889427201,3.3684210526315788
341,18,56,4,1.7,0.08333333333333333,0.39999999999999997,3.2
342,17,50,5,1.7142857142857142,0.1328125,0.21295885499997994,3.0476190476190474
343,18,55,6,1.75,0.11197916666666666,0.39999999999999997,3.2
344,19,52,7,1.7894736842105263,0.14322916666666666,0.4823763889427201,3.3684210526315788
345,18,51,7,1.75,0.14583333333333334,0.39999999999999997,3.2
346,18,54,6,1.75,0.12239583333333334,0.39999999999999997,3.2
347,17,52,8,1.7142857142857142,0.15625,0.21295885499997994,3.0476190476190474
348,19,52,4,1.7894736842105263,0.12239583333333333,0.4823763889427201,3.3684210526315788
349,18,53,8,1.75,0.1484375,0.39999999999999997,3.2
350,17,49,8,1.7142857142857142,0.171875,0.21295885499997994,3.0476190476190474
351,18,48,11,1.75,0.20572916666666663,0.39999999999999997,3.2
352,17,46,11,1.6666666666666667,0.2265625,0.21295885499997994,3.0476190476190474
353,19,45,10,1.7894736842105263,0.21614583333333331,0.4823763889427201,3.3684210526315788
354,19,51,8,1.7894736842105263,0.15625,0.4823763889427201,3.3684210526315788
355,18,55,4,1.75,0.09895833333333333,0.39999999999999997,3.2
356,18,51,8,1.75,0.15885416666666666,0.39999999999999997,3.2
357,18,52,5,1.7,0.1328125,0.39999999999999997,3.2
358,19,53,6,1.7894736842105263,0.12760416666666666,0.4823763889427201,3.3684210526315788
359,18,45,10,1.75,0.22395833333333334,0.39999999999999997,3.2
360,17,43,12,1.7142857142857142,0.25,0.21295885499997994,3.0476190476190474
361,18,48,7,1.75,0.1640625,0.39999999999999997,3.2
362,19,47,9,1.7894736842105263,0.1953125,0.4823763889427201,3.3684210526315788
363,19,48,6,1.7894736842105263,0.1640625,0.4823763889427201,3.3684210526315788
364,18,54,6,1.75,0.12239583333333333,0.39999999999999997,3.2
365,17,51,4,1.7142857142857142,0.125,0.21295885499997996,3.0476190476190474
366,19,53,6,1.7894736842105263,0.13020833333333331,0.4823763889427201,3.3684210526315788
367,19,43,13,1.7894736842105263,0.2578125,0.4823763889427201,3.3684210526315788
368,18,45,12,1.75,0.23697916666666666,0.39999999999999997,3.2
369,18,51,7,1.75,0.15625,0.39999999999999997,3.2
370,18,53,5,1.75,0.11718749999999999,0.39999999999999997,3.2
371,17,50,11,1.7142857142857142,0.1953125,0.21295885499997994,3.0476190476190474
372,19,48,8,1.7894736842105263,0.17447916666666669,0.4823763889427201,3.3684210526315788
373,17,55,6,1.7142857142857142,0.11458333333333333,0.21295885499997994,3.0476190476190474
374,19,47,12,1.736842105263158,0.21875000000000003,0.48237638894272,3.3684210526315788
375,19,48,11,1.7894736842105263,0.2109375,0.4823763889427201,3.3684210526315788
376,18,52,8,1.75,0.15364583333333331,0.39999999999999997,3.2
377,20,56,4,1.8333333333333333,0.09114583333333333,0.49690399499995325,3.5555555555555554
378,20,50,9,1.8333333333333333,0.1796875,0.49690399499995325,3.5555555555555554
379,18,49,10,1.75,0.19270833333333331,0.39999999999999997,3.2
380,18,43,12,1.75,0.24999999999999997,0.39999999999999997,3.2
381,17,49,8,1.7142857142857142,0.17708333333333331,0.21295885499997994,3.0476190476190474
382,18,48,9,1.75,0.19010416666666669,0.39999999999999997,3.2
383,17,51,8,1.7142857142857142,0.15625,0.21295885499997994,3.0476190476190474
384,18,47,10,1.75,0.20833333333333334,0.39999999999999997,3.2
385,19,53,7,1.7894736842105263,0.140625,0.4823763889427201,3.3684210526315788
386,17,47,10,1.7142857142857142,0.20572916666666666,0.21295885499997994,3.0476190476190474
387,18,50,7,1.75,0.15885416666666669,0.39999999999999997,3.2
388,17,55,6,1.7142857142857142,0.1171875,0.21295885499997994,3.0476190476190474
389,19,50,7,1.7894736842105263,0.15625,0.4823763889427201,3.3684210526315788
390,19,57,5,1.7894736842105263,0.09114583333333333,0.4823763889427201,3.3684210526315788
391,18,52,5,1.75,0.12499999999999999,0.39999999999999997,3.2
392,18,52,7,1.75,0.14583333333333331,0.39999999999999997,3.2
393,19,48,12,1.7894736842105263,0.21614583333333334,0.4823763889427201,3.3684210526315788
394,19,50,6,1.7894736842105263,0.15364583333333331,0.4823763889427201,3.3684210526315788
395,18,45,8,1.7,0.2037037037037037,0.47696960070847283,3.15
396,18,52,10,1.75,0.16927083333333334,0.39999999999999997,3.2
397,18,47,10,1.7,0.20105820105820105,0.47696960070847283,3.15
398,18,43,9,1.75,0.22916666666666669,0.39999999999999997,3.2
399,17,50,10,1.7142857142857142,0.1875,0.21295885499997994,3.0476190476190474
400,18,47,13,1.7,0.22916666666666669,0.39999999999999997,3.2
401,18,50,11,1.7,0.19270833333333331,0.39999999999999997,3.2
402,17,44,10,1.7142857142857142,0.22656249999999997,0.21295885499997994,3.0476190476190474
403,17,44,9,1.7142857142857142,0.21614583333333334,0.21295885499997994,3.0476190476190474
404,18,50,8,1.75,0.16666666666666669,0.39999999999999997,3.2
405,17,45,12,1.7142857142857142,0.2421875,0.21295885499997994,3.0476190476190474
406,18,44,12,1.75,0.24479166666666669,0.39999999999999997,3.2
407,18,38,13,1.75,0.28385416666666663,0.39999999999999997,3.2
408,19,45,10,1.736842105263158,0.22395833333333331,0.4823763889427201,3.3684210526315788
409,17,44,14,1.7142857142857142,0.265625,0.21295885499997994,3.0476190476190474
410,17,53,9,1.7142857142857142,0.15364583333333331,0.21295885499997994,3.0476190476190474
411,18,52,9,1.75,0.1640625,0.39999999999999997,3.2
412,17,51,12,1.7142857142857142,0.1953125,0.21295885499997994,3.0476190476190474
413,17,53,5,1.7142857142857142,0.1171875,0.21295885499997994,3.0476190476190474
414,19,56,5,1.7894736842105263,0.09895833333333334,0.4823763889427201,3.3684210526315788
415,18,48,10,1.75,0.1953125,0.39999999999999997,3.2
416,18,43,15,1.75,0.2734375,0.39999999999999997,3.2
417,17,49,8,1.6666666666666667,0.17708333333333334,0.21295885499997994,3.0476190476190474
418,18,48,7,1.7,0.1693121693121693,0.47696960070847283,3.15
419,18,45,12,1.75,0.23697916666666663,0.39999999999999997,3.2
420,19,49,11,1.7894736842105263,0.20052083333333331,0.4823763889427201,3.3684210526315788
421,19,45,12,1.736842105263158,0.23958333333333331,0.48237638894272,3.3684210526315788
422,18,48,13,1.75,0.22395833333333334,0.39999999999999997,3.2
423,17,45,14,1.7142857142857142,0.25260416666666663,0.21295885499997994,3.0476190476190474
424,18,41,17,1.75,0.3125,0.39999999999999997,3.2
425,18,47,9,1.7,0.18783068783068785,0.47696960070847283,3.15
426,19,48,7,1.736842105263158,0.17447916666666666,0.4823763889427201,3.3684210526315788
427,18,51,7,1.75,0.1484375,0.39999999999999997,3.2
428,18,51,8,1.75,0.16145833333333331,0.39999999999999997,3.2
429,18,48,9,1.75,0.19010416666666666,0.39999999999999997,3.2
430,19,45,11,1.7894736842105263,0.2265625,0.48237638894272,3.3684210526315788
431,18,46,13,1.7,0.23697916666666669,0.39999999999999997,3.2
432,17,47,11,1.7142857142857142,0.21875,0.21295885499997994,3.0476190476190474
433,18,52,10,1.75,0.16927083333333334,0.39999999999999997,3.2
434,19,46,8,1.7894736842105263,0.19010416666666669,0.48237638894272,3.3684210526315788
435,18,46,8,1.75,0.19791666666666666,0.39999999999999997,3.2
436,18,50,11,1.75,0.19010416666666666,0.39999999999999997,3.2
437,18,42,10,1.75,0.2421875,0.39999999999999997,3.2
438,19,48,9,1.7894736842105263,0.19010416666666666,0.4823763889427201,3.3684210526315788
439,19,48,7,1.7894736842105263,0.17447916666666666,0.4823763889427201,3.3684210526315788
440,18,48,12,1.75,0.21614583333333334,0.39999999999999997,3.2
441,19,43,15,1.7894736842105263,0.27604166666666663,0.4823763889427201,3.3684210526315788
442,17,43,10,1.7142857142857142,0.23177083333333331,0.21295885499997994,3.0476190476190474
443,17,47,10,1.7142857142857142,0.203125,0.21295885499997994,3.0476190476190474
444,18,46,13,1.75,0.23958333333333331,0.39999999999999997,3.2
445,20,49,8,1.8333333333333333,0.17447916666666666,0.49690399499995325,3.5555555555555554
446,19,47,11,1.7894736842105263,0.21093749999999997,0.4823763889427201,3.3684210526315788
447,18,45,12,1.75,0.234375,0.39999999999999997,3.2
448,18,42,14,1.75,0.2734375,0.39999999999999997,3.2
449,20,47,9,1.8333333333333333,0.1953125,0.49690399499995325,3.5555555555555554
450,17,48,9,1.7142857142857142,0.18489583333333331,0.21295885499997994,3.0476190476190474
451,18,42,15,1.75,0.28125,0.39999999999999997,3.2
452,18,44,11,1.75,0.234375,0.39999999999999997,3.2
453,19,47,10,1.7894736842105263,0.20572916666666666,0.4823763889427201,3.3684210526315788
454,18,49,11,1.75,0.1953125,0.39999999999999997,3.2
455,19,43,14,1.7894736842105263,0.2734375,0.4823763889427201,3.3684210526315788
456,17,49,7,1.7142857142857142,0.16927083333333331,0.21295885499997994,3.0476190476190474
457,18,47,12,1.75,0.22395833333333334,0.39999999999999997,3.2
458,18,43,16,1.75,0.2838541666666667,0.39999999999999997,3.2
459,19,47,8,1.7894736842105263,0.19270833333333331,0.4823763889427201,3.3684210526315788
460,18,49,10,1.75,0.19010416666666669,0.39999999999999997,3.2
461,18,45,9,1.75,0.21354166666666669,0.39999999999999997,3.2
462,19,49,7,1.7894736842105263,0.1640625,0.48237638894272,3.3684210526315788
463,18,42,17,1.75,0.29947916666666663,0.39999999999999997,3.2
464,18,51,8,1.75,0.16145833333333331,0.39999999999999997,3.2
465,19,44,11,1.7894736842105263,0.23697916666666666,0.4823763889427201,3.3684210526315788
466,19,43,13,1.7894736842105263,0.26041666666666663,0.4823763889427201,3.3684210526315788
467,19,42,16,1.7894736842105263,0.2942708333333333,0.4823763889427201,3.3684210526315788
468,18,44,12,1.75,0.24739583333333331,0.39999999999999997,3.2
469,19,42,13,1.7894736842105263,0.27083333333333337,0.4823763889427201,3.3684210526315788
470,19,40,17,1.736842105263158,0.3148148148148148,0.5668594533825794,3.3157894736842106
471,17,42,14,1.6666666666666667,0.2734375,0.21295885499997994,3.0476190476190474
472,18,39,14,1.65,0.2883597883597883,0.47696960070847283,3.15
473,18,43,13,1.75,0.2630208333333333,0.39999999999999997,3.2
474,19,45,14,1.7894736842105263,0.25260416666666663,0.48237638894272,3.3684210526315788
475,18,44,17,1.7,0.2864583333333333,0.39999999999999997,3.2
476,18,47,10,1.75,0.20572916666666666,0.39999999999999997,3.2
477,18,44,12,1.75,0.24479166666666666,0.39999999999999997,3.2
478,19,43,15,1.7894736842105263,0.2760416666666667,0.4823763889427201,3.3684210526315788
479,18,40,16,1.7,0.3042328042328042,0.47696960070847283,3.15
480,18,46,14,1.75,0.25,0.39999999999999997,3.2
481,19,45,17,1.7894736842105263,0.28125,0.4823763889427201,3.3684210526315788
482,19,45,13,1.736842105263158,0.24739583333333331,0.4823763889427201,3.3684210526315788
483,18,41,16,1.75,0.30208333333333337,0.39999999999999997,3.2
484,19,45,13,1.7894736842105263,0.24479166666666669,0.4823763889427201,3.3684210526315788
485,18,44,16,1.7,0.27864583333333337,0.39999999999999997,3.2
486,18,43,14,1.75,0.2682291666666667,0.39999999999999997,3.2
487,20,39,16,1.8333333333333333,0.3125,0.49690399499995325,3.5555555555555554
488,18,40,18,1.75,0.32552083333333337,0.39999999999999997,3.2
489,17,44,15,1.7142857142857142,0.2708333333333333,0.21295885499997994,3.0476190476190474
490,17,39,16,1.6666666666666667,0.30952380952380953,0.3086066999241838,3.0
491,19,43,18,1.7894736842105263,0.30208333333333337,0.48237638894272,3.3684210526315788
492,18,45,17,1.75,0.28125,0.39999999999999997,3.2
493,18,42,15,1.75,0.2838541666666667,0.39999999999999997,3.2
494,19,42,16,1.6842105263157894,0.29365079365079366,0.5668594533825794,3.3157894736842106
495,19,42,15,1.7894736842105263,0.28385416666666663,0.4823763889427201,3.3684210526315788
496,19,47,12,1.736842105263158,0.22395833333333331,0.4823763889427201,3.3684210526315788
497,17,44,15,1.7142857142857142,0.27083333333333337,0.21295885499997994,3.0476190476190474
498,20,45,16,1.8333333333333333,0.2708333333333333,0.49690399499995325,3.5555555555555554
499,17,41,15,1.7142857142857142,0.28385416666666663,0.21295885499997994,3.0476190476190474
500,18,46,9,1.75,0.20052083333333331,0.39999999999999997,3.2
501,18,44,15,1.75,0.26822916666666663,0.39999999999999997,3.2
502,19,43,14,1.7894736842105263,0.2682291666666667,0.4823763889427201,3.3684210526315788
503,18,39,16,1.75,0.31770833333333337,0.39999999999999997,3.2
504,18,44,16,1.7,0.28125,0.39999999999999997,3.2
505,18,43,16,1.75,0.2890625,0.39999999999999997,3.2
506,19,43,16,1.7894736842105263,0.28645833333333337,0.4823763889427201,3.3684210526315788
507,19,44,16,1.7894736842105263,0.2786458333333333,0.4823763889427201,3.3684210526315788
508,17,43,15,1.7142857142857142,0.27864583333333337,0.21295885499997994,3.0476190476190474
509,17,41,15,1.7142857142857142,0.2916666666666667,0.21295885499997994,3.0476190476190474
510,18,45,15,1.75,0.2630208333333333,0.39999999999999997,3.2
511,18,44,12,1.7,0.23958333333333331,0.39999999999999997,3.2
512,18,45,16,1.75,0.2734375,0.39999999999999997,3.2
513,18,44,14,1.7,0.2592592592592593,0.47696960070847283,3.15
514,18,45,15,1.75,0.26302083333333337,0.39999999999999997,3.2
515,18,47,11,1.75,0.21093749999999997,0.39999999999999997,3.2
516,17,45,17,1.7142857142857142,0.27864583333333337,0.21295885499997994,3.0476190476190474
517,19,38,16,1.7894736842105263,0.3177083333333333,0.4823763889427201,3.3684210526315788
518,19,41,18,1.7894736842105263,0.31770833333333337,0.4823763889427201,3.3684210526315788
519,18,44,15,1.75,0.265625,0.39999999999999997,3.2
520,17,45,14,1.7142857142857142,0.25260416666666663,0.21295885499997994,3.0476190476190474
521,19,42,15,1.736842105263158,0.28645833333333337,0.4823763889427201,3.3684210526315788
522,19,40,18,1.736842105263158,0.32291666666666663,0.4823763889427201,3.3684210526315788
523,18,46,14,1.7,0.24479166666666663,0.39999999999999997,3.2
524,18,43,16,1.75,0.28125,0.39999999999999997,3.2
525,17,44,14,1.6666666666666667,0.25661375661375657,0.3086066999241838,3.0
526,19,41,19,1.7894736842105263,0.32552083333333337,0.4823763889427201,3.3684210526315788
527,19,40,14,1.7894736842105263,0.28645833333333337,0.48237638894272,3.3684210526315788
528,19,41,16,1.7894736842105263,0.30208333333333337,0.4823763889427201,3.3684210526315788
529,19,39,17,1.7894736842105263,0.3203125,0.48237638894272,3.3684210526315788
530,19,45,13,1.7894736842105263,0.24739583333333331,0.4823763889427201,3.3684210526315788
531,18,38,19,1.75,0.3489583333333333,0.39999999999999997,3.2
532,18,45,13,1.75,0.24739583333333334,0.39999999999999997,3.2
533,18,44,15,1.75,0.265625,0.39999999999999997,3.2
534,18,42,15,1.75,0.28645833333333337,0.39999999999999997,3.2
535,18,45,17,1.7,0.28125,0.39999999999999997,3.2
536,20,44,15,1.8333333333333333,0.2734375,0.49690399499995325,3.5555555555555554
537,18,40,16,1.75,0.30989583333333337,0.39999999999999997,3.2
538,18,45,18,1.75,0.2890625,0.39999999999999997,3.2
539,19,44,15,1.736842105263158,0.26822916666666663,0.4823763889427201,3.3684210526315788
540,19,41,18,1.7894736842105263,0.3125,0.4823763889427201,3.3684210526315788
541,18,46,13,1.75,0.23958333333333331,0.39999999999999997,3.2
542,18,40,19,1.75,0.3307291666666667,0.39999999999999997,3.2
543,18,42,17,1.7,0.30208333333333337,0.39999999999999997,3.2
544,18,43,15,1.75,0.28125,0.39999999999999997,3.2
545,18,45,13,1.75,0.24739583333333331,0.39999999999999997,3.2
546,20,45,13,1.7777777777777777,0.24739583333333334,0.49690399499995325,3.5555555555555554
547,19,43,15,1.7894736842105263,0.28125,0.4823763889427201,3.3684210526315788
548,18,47,15,1.75,0.24739583333333331,0.39999999999999997,3.2
549,19,41,17,1.7894736842105263,0.3125,0.4823763889427201,3.3684210526315788
550,19,40,15,1.736842105263158,0.29947916666666663,0.4823763889427201,3.3684210526315788
551,19,46,12,1.736842105263158,0.234375,0.4823763889427201,3.3684210526315788
552,19,39,19,1.736842105263158,0.3333333333333333,0.4823763889427201,3.3684210526315788
553,18,36,18,1.75,0.35677083333333337,0.39999999999999997,3.2
554,18,43,16,1.7,0.2838541666666667,0.39999999999999997,3.2
555,18,44,19,1.75,0.3020833333333333,0.39999999999999997,3.2
556,19,46,15,1.736842105263158,0.2578125,0.4823763889427201,3.3684210526315788
557,20,47,11,1.8333333333333333,0.21354166666666666,0.49690399499995325,3.5555555555555554
558,18,40,18,1.65,0.32275132275132273,0.47696960070847283,3.15
559,18,45,17,1.7,0.27864583333333337,0.39999999999999997,3.2
560,19,41,17,1.736842105263158,0.3046875,0.4823763889427201,3.3684210526315788
561,18,42,16,1.75,0.2890625,0.39999999999999997,3.2
562,18,44,12,1.75,0.23958333333333331,0.39999999999999997,3.2
563,19,41,18,1.736842105263158,0.3203125,0.48237638894272,3.3684210526315788
564,19,40,16,1.7894736842105263,0.3072916666666667,0.4823763889427201,3.3684210526315788
565,19,40,17,1.736842105263158,0.3177083333333333,0.4823763889427201,3.3684210526315788
566,18,41,17,1.75,0.3125,0.39999999999999997,3.2
567,18,38,16,1.75,0.31770833333333337,0.39999999999999997,3.2
568,18,44,15,1.7,0.2682291666666667,0.39999999999999997,3.2
569,19,44,19,1.736842105263158,0.3046875,0.4823763889427201,3.3684210526315788
570,18,39,17,1.7,0.3255208333333333,0.39999999999999997,3.2
571,20,45,16,1.8333333333333333,0.2708333333333333,0.49690399499995325,3.5555555555555554
572,19,43,18,1.736842105263158,0.2994791666666667,0.4823763889427201,3.3684210526315788
573,17,41,17,1.7142857142857142,0.3125,0.21295885499997994,3.0476190476190474
574,17,41,20,1.6666666666666667,0.3333333333333333,0.3086066999241838,3.0
575,20,42,19,1.8333333333333333,0.3203125,0.49690399499995325,3.5555555555555554
576,19,38,16,1.7894736842105263,0.3229166666666667,0.48237638894272,3.3684210526315788
577,18,41,17,1.75,0.3046875,0.39999999999999997,3.2
578,18,43,15,1.75,0.2760416666666667,0.39999999999999997,3.2
579,19,44,17,1.7894736842105263,0.28385416666666663,0.4823763889427201,3.3684210526315788
580,18,42,14,1.7,0.2734375,0.39999999999999997,3.2
581,19,43,14,1.7894736842105263,0.2682291666666667,0.4823763889427201,3.3684210526315788
582,18,37,19,1.75,0.35416666666666663,0.39999999999999997,3.2
583,19,42,18,1.6842105263157894,0.30952380952380953,0.5668594533825794,3.3157894736842106
584,19,39,18,1.736842105263158,0.328125,0.4823763889427201,3.3684210526315788
585,19,38,17,1.7894736842105263,0.33072916666666663,0.4823763889427201,3.3684210526315788
586,18,46,15,1.7,0.2552083333333333,0.39999999999999997,3.2
587,18,45,13,1.75,0.24739583333333334,0.39999999999999997,3.2
588,20,43,17,1.8333333333333333,0.296875,0.49690399499995325,3.5555555555555554
589,18,44,14,1.75,0.26302083333333337,0.39999999999999997,3.2
590,19,41,20,1.736842105263158,0.3359375,0.4823763889427201,3.3684210526315788
591,20,47,16,1.7777777777777777,0.2578125,0.49690399499995325,3.5555555555555554
592,18,39,19,1.75,0.33854166666666663,0.39999999999999997,3.2
593,19,46,15,1.736842105263158,0.25520833333333337,0.48237638894272,3.3684210526315788
594,17,40,18,1.7142857142857142,0.3203125,0.21295885499997994,3.0476190476190474
595,19,41,16,1.7894736842105263,0.3020833333333333,0.4823763889427201,3.3684210526315788
596,17,44,16,1.7142857142857142,0.27864583333333337,0.21295885499997994,3.0476190476190474
597,18,38,20,1.75,0.35677083333333337,0.39999999999999997,3.2
598,18,48,13,1.75,0.22135416666666669,0.39999999999999997,3.2
599,18,40,18,1.75,0.3203125,0.39999999999999997,3.2
600,19,41,17,1.7894736842105263,0.30989583333333337,0.4823763889427201,3.3684210526315788
601,18,43,16,1.7,0.28645833333333337,0.39999999999999997,3.2
602,19,40,18,1.736842105263158,0.32552083333333337,0.4823763889427201,3.3684210526315788
603,18,40,19,1.7,0.3307291666666667,0.39999999999999997,3.2
604,18,40,18,1.7,0.31770833333333337,0.39999999999999997,3.2
605,18,44,18,1.7,0.296875,0.39999999999999997,3.2
606,19,44,16,1.736842105263158,0.2760416666666667,0.4823763889427201,3.3684210526315788
607,19,39,16,1.7894736842105263,0.3203125,0.4823763889427201,3.3684210526315788
608,18,43,17,1.7,0.29166666666666663,0.39999999999999997,3.2
609,18,37,17,1.7,0.3333333333333333,0.39999999999999997,3.2
610,20,40,15,1.8333333333333333,0.30208333333333337,0.49690399499995325,3.5555555555555554
611,19,42,17,1.736842105263158,0.296875,0.48237638894272,3.3684210526315788
612,18,40,17,1.75,0.31510416666666663,0.39999999999999997,3.2
613,19,41,21,1.7894736842105263,0.34375,0.48237638894272,3.3684210526315788
614,18,40,17,1.75,0.3151041666666667,0.39999999999999997,3.2
615,18,42,16,1.7,0.2864583333333333,0.39999999999999997,3.2
616,19,45,15,1.736842105263158,0.26041666666666663,0.4823763889427201,3.3684210526315788
617,19,44,19,1.736842105263158,0.3046875,0.4823763889427201,3.3684210526315788
618,17,43,15,1.6666666666666667,0.27604166666666663,0.21295885499997994,3.0476190476190474
619,18,39,17,1.75,0.3203125,0.39999999999999997,3.2
620,19,41,17,1.736842105263158,0.30729166666666663,0.4823763889427201,3.3684210526315788
621,18,40,19,1.7,0.33333333333333337,0.39999999999999997,3.2
622,18,44,18,1.7,0.296875,0.39999999999999997,3.2
623,18,43,17,1.7,0.29427083333333337,0.39999999999999997,3.2
624,18,41,18,1.75,0.31510416666666663,0.39999999999999997,3.2
625,19,41,16,1.7894736842105263,0.2942708333333333,0.4823763889427201,3.3684210526315788
626,18,43,19,1.7,0.3125,0.39999999999999997,3.2
627,17,39,19,1.7142857142857142,0.34114583333333337,0.21295885499997994,3.0476190476190474
628,18,37,18,1.75,0.34114583333333337,0.39999999999999997,3.2
629,17,39,16,1.6666666666666667,0.3151041666666667,0.21295885499997994,3.0476190476190474
630,18,48,15,1.7,0.2421875,0.39999999999999997,3.2
631,19,38,21,1.7894736842105263,0.3645833333333333,0.4823763889427201,3.3684210526315788
632,18,43,17,1.7,0.29427083333333337,0.39999999999999997,3.2
633,19,44,18,1.736842105263158,0.29427083333333337,0.4823763889427201,3.3684210526315788
634,17,44,16,1.7142857142857142,0.2760416666666667,0.21295885499997994,3.0476190476190474
635,19,44,18,1.736842105263158,0.296875,0.48237638894272,3.3684210526315788
636,18,45,15,1.75,0.265625,0.39999999999999997,3.2
637,18,45,17,1.7,0.2751322751322751,0.47696960070847283,3.15
638,19,46,15,1.736842105263158,0.2578125,0.4823763889427201,3.3684210526315788
639,19,43,18,1.736842105263158,0.3020833333333333,0.48237638894272,3.3684210526315788
640,19,37,22,1.7894736842105263,0.375,0.4823763889427201,3.3684210526315788
641,17,42,15,1.7142857142857142,0.28125,0.21295885499997994,3.0476190476190474
642,18,41,17,1.75,0.3072916666666667,0.39999999999999997,3.2
643,19,42,17,1.736842105263158,0.2994791666666667,0.4823763889427201,3.3684210526315788
644,19,43,16,1.736842105263158,0.2890625,0.48237638894272,3.3684210526315788
645,18,47,14,1.7,0.23697916666666669,0.39999999999999997,3.2
646,20,48,11,1.7777777777777777,0.20833333333333331,0.49690399499995325,3.5555555555555554
647,19,45,14,1.7894736842105263,0.2526041666666667,0.4823763889427201,3.3684210526315788
648,18,45,17,1.65,0.2777777777777778,0.47696960070847283,3.15
649,18,40,18,1.75,0.328125,0.39999999999999997,3.2
650,19,42,18,1.7894736842105263,0.3125,0.4823763889427201,3.3684210526315788
651,18,43,19,1.75,0.30989583333333337,0.39999999999999997,3.2
652,18,40,18,1.7,0.3229166666666667,0.39999999999999997,3.2
653,18,42,17,1.7,0.30208333333333337,0.39999999999999997,3.2
654,19,42,16,1.736842105263158,0.28645833333333337,0.4823763889427201,3.3684210526315788
655,18,47,14,1.75,0.23958333333333331,0.39999999999999997,3.2
656,18,44,15,1.7,0.2682291666666667,0.39999999999999997,3.2
657,20,49,14,1.7777777777777777,0.22395833333333334,0.49690399499995325,3.5555555555555554
658,19,38,18,1.736842105263158,0.3385416666666667,0.4823763889427201,3.3684210526315788
659,19,43,17,1.736842105263158,0.2916666666666667,0.4823763889427201,3.3684210526315788
660,19,38,21,1.7894736842105263,0.3567708333333333,0.4823763889427201,3.3684210526315788
661,18,39,19,1.7,0.3359375,0.39999999999999997,3.2
662,18,46,17,1.7,0.27083333333333337,0.39999999999999997,3.2
663,19,42,16,1.7894736842105263,0.2942708333333333,0.4823763889427201,3.3684210526315788
664,17,37,19,1.6666666666666667,0.3544973544973545,0.3086066999241838,3.0
665,18,43,18,1.75,0.30208333333333337,0.39999999999999997,3.2
666,18,41,20,1.7,0.33333333333333337,0.39999999999999997,3.2
667,18,46,17,1.7,0.27083333333333337,0.39999999999999997,3.2
668,19,42,19,1.736842105263158,0.31770833333333337,0.4823763889427201,3.3684210526315788
669,18,41,16,1.7,0.296875,0.39999999999999997,3.2
670,19,42,18,1.736842105263158,0.30989583333333337,0.48237638894272,3.3684210526315788
671,18,38,20,1.7,0.3515625,0.39999999999999997,3.2
672,19,37,19,1.7894736842105263,0.3541666666666667,0.48237638894272,3.3684210526315788
673,18,44,17,1.7,0.2864583333333333,0.39999999999999997,3.2
674,17,42,17,1.6666666666666667,0.30208333333333337,0.21295885499997994,3.0476190476190474
675,18,46,16,1.7,0.265625,0.39999999999999997,3.2
676,19,40,21,1.7894736842105263,0.3489583333333333,0.4823763889427201,3.3684210526315788
677,19,41,17,1.7894736842105263,0.30729166666666663,0.4823763889427201,3.3684210526315788
678,18,42,19,1.7,0.3125,0.39999999999999997,3.2
679,18,46,15,1.7,0.2578125,0.39999999999999997,3.2
680,18,41,17,1.7,0.3046875,0.39999999999999997,3.2
681,19,47,14,1.7894736842105263,0.2421875,0.4823763889427201,3.3684210526315788
682,18,41,16,1.75,0.29947916666666663,0.39999999999999997,3.2
683,18,45,18,1.7,0.2890625,0.39999999999999997,3.2
684,19,43,15,1.736842105263158,0.2760416666666667,0.4823763889427201,3.3684210526315788
685,20,43,16,1.8333333333333333,0.2838541666666667,0.49690399499995325,3.5555555555555554
686,19,39,22,1.7894736842105263,0.36458333333333337,0.4823763889427201,3.3684210526315788
687,18,40,18,1.7,0.32291666666666663,0.39999999999999997,3.2
688,19,44,17,1.7894736842105263,0.2864583333333333,0.4823763889427201,3.3684210526315788
689,19,43,19,1.736842105263158,0.3125,0.4823763889427201,3.3684210526315788
690,18,41,18,1.75,0.31770833333333337,0.39999999999999997,3.2
691,18,42,15,1.7,0.28385416666666663,0.39999999999999997,3.2
692,18,39,18,1.7,0.32552083333333337,0.39999999999999997,3.2
693,18,44,17,1.7,0.28645833333333337,0.39999999999999997,3.2
694,18,39,18,1.7,0.33333333333333337,0.39999999999999997,3.2
695,18,36,19,1.7,0.3619791666666667,0.39999999999999997,3.2
696,19,40,20,1.736842105263158,0.3385416666666667,0.4823763889427201,3.3684210526315788
697,19,40,19,1.7894736842105263,0.3359375,0.48237638894272,3.3684210526315788
698,18,42,17,1.75,0.30208333333333337,0.39999999999999997,3.2
699,18,37,17,1.7,0.3411458333333333,0.39999999999999997,3.2
700,18,41,18,1.7,0.31770833333333337,0.39999999999999997,3.2
701,19,44,15,1.736842105263158,0.27083333333333337,0.4823763889427201,3.3684210526315788
702,18,42,19,1.7,0.31510416666666663,0.39999999999999997,3.2
703,19,35,20,1.7894736842105263,0.375,0.4823763889427201,3.3684210526315788
704,17,41,19,1.6666666666666667,0.3229166666666667,0.21295885499997994,3.0476190476190474
705,19,39,20,1.736842105263158,0.34375,0.4823763889427201,3.3684210526315788
706,19,43,18,1.736842105263158,0.30208333333333337,0.4823763889427201,3.3684210526315788
707,19,39,19,1.736842105263158,0.33854166666666663,0.48237638894272,3.3684210526315788
708,18,44,16,1.7,0.2786458333333333,0.39999999999999997,3.2
709,19,40,17,1.736842105263158,0.3151041666666667,0.4823763889427201,3.3684210526315788
710,19,41,21,1.7894736842105263,0.34375,0.48237638894272,3.3684210526315788
711,18,39,17,1.7,0.3203125,0.39999999999999997,3.2
712,18,43,16,1.7,0.2838541666666667,0.39999999999999997,3.2
713,19,44,15,1.736842105263158,0.2682291666666667,0.4823763889427201,3.3684210526315788
714,19,41,18,1.736842105263158,0.31510416666666663,0.4823763889427201,3.3684210526315788
715,19,42,20,1.736842105263158,0.328125,0.48237638894272,3.3684210526315788
716,18,45,17,1.7,0.28125,0.39999999999999997,3.2
717,18,42,20,1.7,0.328125,0.39999999999999997,3.2
718,18,43,17,1.7,0.29427083333333337,0.39999999999999997,3.2
719,17,38,21,1.7142857142857142,0.36197916666666663,0.21295885499997994,3.0476190476190474
720,18,42,17,1.7,0.29947916666666663,0.39999999999999997,3.2
721,18,42,15,1.7,0.2864583333333333,0.39999999999999997,3.2
722,19,46,17,1.736842105263158,0.2708333333333333,0.4823763889427201,3.3684210526315788
723,18,43,17,1.7,0.2916666666666667,0.39999999999999997,3.2
724,18,36,19,1.7,0.359375,0.39999999999999997,3.2
725,18,39,20,1.7,0.3463541666666667,0.39999999999999997,3.2
726,19,43,16,1.736842105263158,0.2838541666666667,0.4823763889427201,3.3684210526315788
727,19,46,17,1.736842105263158,0.2734375,0.4823763889427201,3.3684210526315788
728,18,40,18,1.7,0.31510416666666663,0.39999999999999997,3.2
729,18,42,20,1.7,0.3255208333333333,0.39999999999999997,3.2
730,19,41,19,1.736842105263158,0.3203125,0.4823763889427201,3.3684210526315788
731,19,42,19,1.736842105263158,0.31510416666666663,0.48237638894272,3.3684210526315788
732,18,46,13,1.7,0.23958333333333334,0.39999999999999997,3.2
733,19,44,16,1.736842105263158,0.28125,0.4823763889427201,3.3684210526315788
734,18,42,19,1.75,0.31770833333333337,0.39999999999999997,3.2
735,18,39,22,1.7,0.36458333333333337,0.39999999999999997,3.2
736,18,42,17,1.7,0.3020833333333333,0.39999999999999997,3.2
737,18,40,20,1.7,0.34114583333333337,0.39999999999999997,3.2
738,19,42,18,1.736842105263158,0.3046875,0.4823763889427201,3.3684210526315788
739,18,39,18,1.75,0.32552083333333337,0.39999999999999997,3.2
740,18,46,16,1.7,0.265625,0.39999999999999997,3.2
741,20,38,19,1.8333333333333333,0.34895833333333337,0.49690399499995325,3.5555555555555554
742,18,40,16,1.75,0.2994791666666667,0.39999999999999997,3.2
743,19,43,16,1.736842105263158,0.2864583333333333,0.4823763889427201,3.3684210526315788
744,20,45,18,1.7777777777777777,0.2890625,0.49690399499995325,3.5555555555555554
745,19,41,19,1.736842105263158,0.3255208333333333,0.4823763889427201,3.3684210526315788
746,19,43,18,1.736842105263158,0.3020833333333333,0.4823763889427201,3.3684210526315788
747,19,43,17,1.736842105263158,0.29427083333333337,0.4823763889427201,3.3684210526315788
748,19,40,19,1.736842105263158,0.33333333333333337,0.4823763889427201,3.3684210526315788
749,18,39,22,1.7,0.36197916666666663,0.39999999999999997,3.2
750,19,45,16,1.736842105263158,0.2708333333333333,0.4823763889427201,3.3684210526315788
751,19,43,21,1.736842105263158,0.328125,0.4823763889427201,3.3684210526315788
752,20,38,19,1.7777777777777777,0.34375,0.49690399499995325,3.5555555555555554
753,19,42,18,1.736842105263158,0.3046875,0.4823763889427201,3.3684210526315788
754,18,41,17,1.7,0.30729166666666663,0.39999999999999997,3.2
755,18,43,16,1.7,0.2838541666666667,0.39999999999999997,3.2
756,19,43,14,1.736842105263158,0.26822916666666663,0.4823763889427201,3.3684210526315788
757,19,39,20,1.736842105263158,0.3489583333333333,0.4823763889427201,3.3684210526315788
758,19,43,20,1.736842105263158,0.31770833333333337,0.4823763889427201,3.3684210526315788
759,18,43,18,1.7,0.30208333333333337,0.39999999999999997,3.2
760,19,43,19,1.736842105263158,0.30989583333333337,0.4823763889427201,3.3684210526315788
761,18,42,19,1.7,0.31770833333333337,0.39999999999999997,3.2
762,18,42,17,1.7,0.29947916666666663,0.39999999999999997,3.2
763,19,43,17,1.736842105263158,0.2916666666666667,0.4823763889427201,3.3684210526315788
764,18,39,19,1.7,0.3359375,0.39999999999999997,3.2
765,18,42,19,1.7,0.3177083333333333,0.39999999999999997,3.2
766,19,39,19,1.736842105263158,0.33333333333333337,0.4823763889427201,3.3684210526315788
767,18,42,17,1.75,0.296875,0.39999999999999997,3.2
768,18,37,21,1.7,0.3697916666666667,0.39999999999999997,3.2
769,19,44,17,1.736842105263158,0.2864583333333333,0.4823763889427201,3.3684210526315788
770,18,42,20,1.7,0.328125,0.39999999999999997,3.2
771,18,46,17,1.7,0.2734375,0.39999999999999997,3.2
772,19,42,19,1.736842105263158,0.3177083333333333,0.48237638894272,3.3684210526315788
773,19,44,19,1.736842105263158,0.30208333333333337,0.4823763889427201,3.3684210526315788
774,19,41,19,1.736842105263158,0.32552083333333337,0.4823763889427201,3.3684210526315788
775,18,41,18,1.7,0.31770833333333337,0.39999999999999997,3.2
776,18,42,18,1.75,0.3072916666666667,0.39999999999999997,3.2
777,18,38,21,1.7,0.36458333333333337,0.39999999999999997,3.2
778,19,41,19,1.7894736842105263,0.32552083333333337,0.4823763889427201,3.3684210526315788
779,18,41,21,1.7,0.34114583333333337,0.39999999999999997,3.2
780,18,39,17,1.75,0.32291666666666663,0.39999999999999997,3.2
781,19,42,16,1.736842105263158,0.2916666666666667,0.4823763889427201,3.3684210526315788
782,18,46,17,1.7,0.2734375,0.39999999999999997,3.2
783,20,38,16,1.7777777777777777,0.3125,0.49690399499995325,3.5555555555555554
784,18,40,21,1.7,0.3515625,0.39999999999999997,3.2
785,18,43,19,1.7,0.3125,0.39999999999999997,3.2
786,18,42,18,1.7,0.30729166666666663,0.39999999999999997,3.2
787,18,38,18,1.7,0.33854166666666663,0.39999999999999997,3.2
788,18,43,18,1.75,0.30208333333333337,0.39999999999999997,3.2
789,18,39,17,1.7,0.32291666666666663,0.39999999999999997,3.2
790,19,39,19,1.736842105263158,0.3359375,0.4823763889427201,3.3684210526315788
791,18,39,19,1.65,0.3386243386243386,0.47696960070847283,3.15
792,18,40,17,1.7,0.31510416666666663,0.39999999999999997,3.2
793,18,38,19,1.7,0.34635416666666663,0.39999999999999997,3.2
794,19,42,18,1.736842105263158,0.3125,0.48237638894272,3.3684210526315788
795,18,41,16,1.7,0.296875,0.39999999999999997,3.2
796,18,42,17,1.7,0.30208333333333337,0.39999999999999997,3.2
797,19,41,18,1.736842105263158,0.3177083333333333,0.48237638894272,3.3684210526315788
798,17,36,20,1.7142857142857142,0.36458333333333337,0.21295885499997994,3.0476190476190474
799,18,43,16,1.7,0.2838541666666667,0.39999999999999997,3.2
800,18,41,20,1.7,0.3359375,0.39999999999999997,3.2
801,19,39,19,1.736842105263158,0.33333333333333337,0.4823763889427201,3.3684210526315788
802,18,41,19,1.7,0.32552083333333337,0.39999999999999997,3.2
803,19,34,19,1.736842105263158,0.37760416666666663,0.4823763889427201,3.3684210526315788
804,17,41,20,1.7142857142857142,0.3333333333333333,0.21295885499997994,3.0476190476190474
805,18,41,18,1.7,0.3177083333333333,0.39999999999999997,3.2
806,18,39,21,1.7,0.35677083333333337,0.39999999999999997,3.2
807,18,40,20,1.7,0.3411458333333333,0.39999999999999997,3.2
808,19,39,16,1.736842105263158,0.3072916666666667,0.4823763889427201,3.3684210526315788
809,18,40,19,1.7,0.33072916666666663,0.39999999999999997,3.2
810,18,37,20,1.7,0.36458333333333337,0.39999999999999997,3.2
811,20,40,18,1.7777777777777777,0.32291666666666663,0.49690399499995325,3.5555555555555554
812,17,38,19,1.7142857142857142,0.3489583333333333,0.21295885499997994,3.0476190476190474
813,19,39,18,1.736842105263158,0.3307291666666667,0.4823763889427201,3.3684210526315788
814,18,40,17,1.7,0.3125,0.39999999999999997,3.2
815,18,37,19,1.7,0.35185185185185186,0.47696960070847283,3.15
816,19,37,16,1.736842105263158,0.32552083333333337,0.4823763889427201,3.3684210526315788
817,19,43,18,1.736842105263158,0.3046875,0.4823763889427201,3.3684210526315788
818,18,44,17,1.7,0.28385416666666663,0.39999999999999997,3.2
819,19,38,22,1.736842105263158,0.37239583333333337,0.48237638894272,3.3684210526315788
820,18,39,20,1.75,0.34635416666666663,0.39999999999999997,3.2
821,19,42,19,1.736842105263158,0.3177083333333333,0.4823763889427201,3.3684210526315788
822,19,37,19,1.736842105263158,0.3541666666666667,0.4823763889427201,3.3684210526315788
823,18,38,19,1.7,0.34114583333333337,0.39999999999999997,3.2
824,18,38,21,1.65,0.3624338624338625,0.47696960070847283,3.15
825,19,40,19,1.736842105263158,0.3333333333333333,0.4823763889427201,3.3684210526315788
826,18,39,20,1.7,0.34635416666666663,0.39999999999999997,3.2
827,18,38,18,1.7,0.3385416666666667,0.39999999999999997,3.2
828,18,40,19,1.7,0.33072916666666663,0.39999999999999997,3.2
829,18,38,20,1.7,0.35677083333333337,0.39999999999999997,3.2
830,19,41,20,1.736842105263158,0.33333333333333337,0.4823763889427201,3.3684210526315788
831,18,40,21,1.7,0.3515625,0.39999999999999997,3.2
832,20,38,18,1.7777777777777777,0.3359375,0.49690399499995325,3.5555555555555554
833,19,36,18,1.736842105263158,0.34895833333333337,0.4823763889427201,3.3684210526315788
834,18,34,19,1.7,0.3645833333333333,0.39999999999999997,3.2
835,18,41,17,1.7,0.3072916666666667,0.39999999999999997,3.2
836,19,44,16,1.736842105263158,0.2786458333333333,0.4823763889427201,3.3684210526315788
837,18,43,16,1.7,0.28385416666666663,0.39999999999999997,3.2
838,18,38,20,1.7,0.3515625,0.39999999999999997,3.2
839,18,42,18,1.7,0.3125,0.39999999999999997,3.2
840,18,44,18,1.7,0.29427083333333337,0.39999999999999997,3.2
841,18,40,20,1.7,0.3411458333333333,0.39999999999999997,3.2
842,19,45,18,1.736842105263158,0.2890625,0.4823763889427201,3.3684210526315788
843,18,38,21,1.75,0.36197916666666663,0.39999999999999997,3.2
844,18,39,21,1.7,0.35677083333333337,0.39999999999999997,3.2
845,19,41,18,1.736842105263158,0.3125,0.4823763889427201,3.3684210526315788
846,19,40,21,1.736842105263158,0.34635416666666663,0.4823763889427201,3.3684210526315788
847,19,41,20,1.736842105263158,0.33333333333333337,0.48237638894272,3.3684210526315788
848,20,38,21,1.7777777777777777,0.35677083333333337,0.49690399499995325,3.5555555555555554
849,19,40,17,1.736842105263158,0.3125,0.4823763889427201,3.3684210526315788
850,19,40,19,1.736842105263158,0.33072916666666663,0.4823763889427201,3.3684210526315788
851,18,43,19,1.7,0.3125,0.39999999999999997,3.2
852,19,44,17,1.736842105263158,0.2890625,0.4823763889427201,3.3684210526315788
853,19,43,19,1.736842105263158,0.3125,0.4823763889427201,3.3684210526315788
854,18,40,19,1.7,0.33072916666666663,0.39999999999999997,3.2
855,18,36,23,1.7,0.39322916666666663,0.39999999999999997,3.2
856,18,42,17,1.7,0.3020833333333333,0.39999999999999997,3.2
857,17,38,20,1.7142857142857142,0.35416666666666663,0.21295885499997994,3.0476190476190474
858,19,40,18,1.736842105263158,0.32552083333333337,0.4823763889427201,3.3684210526315788
859,18,36,17,1.7,0.34375,0.39999999999999997,3.2
860,18,40,18,1.75,0.3229166666666667,0.39999999999999997,3.2
861,19,37,20,1.736842105263158,0.359375,0.4823763889427201,3.3684210526315788
862,19,39,20,1.736842105263158,0.3489583333333333,0.4823763889427201,3.3684210526315788
863,19,41,22,1.736842105263158,0.3515625,0.4823763889427201,3.3684210526315788
864,19,43,20,1.736842105263158,0.3203125,0.4823763889427201,3.3684210526315788
865,18,39,19,1.7,0.34114583333333337,0.39999999999999997,3.2
866,19,40,19,1.736842105263158,0.328125,0.4823763889427201,3.3684210526315788
867,18,43,16,1.7,0.2838541666666667,0.39999999999999997,3.2
868,18,41,19,1.7,0.32291666666666663,0.39999999999999997,3.2
869,19,38,21,1.736842105263158,0.36197916666666663,0.4823763889427201,3.3684210526315788
870,18,44,16,1.7,0.27864583333333337,0.39999999999999997,3.2
871,20,36,19,1.7777777777777777,0.36458333333333337,0.49690399499995325,3.5555555555555554
872,19,38,20,1.736842105263158,0.35416666666666663,0.4823763889427201,3.3684210526315788
873,19,42,18,1.736842105263158,0.30729166666666663,0.4823763889427201,3.3684210526315788
874,18,40,18,1.7,0.3255208333333333,0.39999999999999997,3.2
875,19,43,18,1.736842105263158,0.30208333333333337,0.4823763889427201,3.3684210526315788
876,18,38,19,1.7,0.3463541666666667,0.39999999999999997,3.2
877,18,40,20,1.7,0.34114583333333337,0.39999999999999997,3.2
878,19,44,17,1.736842105263158,0.2890625,0.4823763889427201,3.3684210526315788
879,19,43,19,1.6842105263157894,0.30952380952380953,0.5668594533825794,3.3157894736842106
880,19,40,20,1.736842105263158,0.3385416666666667,0.48237638894272,3.3684210526315788
881,19,38,19,1.736842105263158,0.34635416666666663,0.4823763889427201,3.3684210526315788
882,19,42,16,1.736842105263158,0.2890625,0.4823763889427201,3.3684210526315788
883,19,44,19,1.736842105263158,0.3046875,0.4823763889427201,3.3684210526315788
884,19,37,19,1.736842105263158,0.34114583333333337,0.48237638894272,3.3684210526315788
885,19,41,21,1.736842105263158,0.3385416666666667,0.4823763889427201,3.3684210526315788
886,19,41,16,1.736842105263158,0.29947916666666663,0.4823763889427201,3.3684210526315788
887,19,37,17,1.736842105263158,0.33333333333333337,0.48237638894272,3.3684210526315788
888,18,37,19,1.7,0.3541666666666667,0.39999999999999997,3.2
889,20,40,20,1.7777777777777777,0.3385416666666667,0.49690399499995325,3.5555555555555554
890,18,40,18,1.65,0.31746031746031744,0.47696960070847283,3.15
891,19,41,21,1.736842105263158,0.34114583333333337,0.4823763889427201,3.3684210526315788
892,18,38,20,1.7,0.3515625,0.39999999999999997,3.2
893,19,38,20,1.736842105263158,0.34895833333333337,0.4823763889427201,3.3684210526315788
894,19,39,20,1.736842105263158,0.34114583333333337,0.4823763889427201,3.3684210526315788
895,18,39,18,1.7,0.3333333333333333,0.39999999999999997,3.2
896,19,41,16,1.736842105263158,0.3020833333333333,0.48237638894272,3.3684210526315788
897,19,37,23,1.736842105263158,0.38541666666666663,0.4823763889427201,3.3684210526315788
898,19,36,21,1.736842105263158,0.38020833333333337,0.4823763889427201,3.3684210526315788
899,18,33,16,1.7,0.3541666666666667,0.39999999999999997,3.2
900,18,37,21,1.7,0.36458333333333337,0.39999999999999997,3.2
901,18,44,17,1.7,0.2864583333333333,0.39999999999999997,3.2
902,18,38,20,1.7,0.35416666666666663,0.39999999999999997,3.2
903,18,35,23,1.7,0.3984375,0.39999999999999997,3.2
904,19,40,20,1.736842105263158,0.3385416666666667,0.4823763889427201,3.3684210526315788
905,18,35,20,1.7,0.37239583333333337,0.39999999999999997,3.2
906,18,37,21,1.7,0.3697916666666667,0.39999999999999997,3.2
907,18,44,19,1.7,0.3046875,0.39999999999999997,3.2
908,19,39,20,1.736842105263158,0.34635416666666663,0.4823763889427201,3.3684210526315788
909,18,40,22,1.7,0.359375,0.39999999999999997,3.2
910,18,38,21,1.7,0.36197916666666663,0.39999999999999997,3.2
911,19,40,19,1.736842105263158,0.3307291666666667,0.4823763889427201,3.3684210526315788
912,19,36,23,1.736842105263158,0.38802083333333337,0.4823763889427201,3.3684210526315788
913,20,44,18,1.7777777777777777,0.296875,0.49690399499995325,3.5555555555555554
914,19,41,19,1.736842105263158,0.3229166666666667,0.4823763889427201,3.3684210526315788
915,18,40,19,1.7,0.3333333333333333,0.39999999999999997,3.2
916,18,36,22,1.7,0.38541666666666663,0.39999999999999997,3.2
917,19,37,19,1.736842105263158,0.35416666666666663,0.4823763889427201,3.3684210526315788
918,19,39,20,1.736842105263158,0.3463541666666667,0.4823763889427201,3.3684210526315788
919,18,38,23,1.7,0.37760416666666663,0.39999999999999997,3.2
920,18,40,20,1.7,0.34114583333333337,0.39999999999999997,3.2
921,18,35,19,1.7,0.359375,0.39999999999999997,3.2
922,18,32,22,1.7,0.4140625,0.39999999999999997,3.2
923,18,41,17,1.7,0.30729166666666663,0.39999999999999997,3.2
924,18,42,19,1.7,0.3177083333333333,0.39999999999999997,3.2
925,18,33,19,1.7,0.3828125,0.39999999999999997,3.2
926,19,42,18,1.736842105263158,0.30729166666666663,0.4823763889427201,3.3684210526315788
927,18,36,21,1.7,0.375,0.39999999999999997,3.2
928,19,39,22,1.736842105263158,0.3619791666666667,0.4823763889427201,3.3684210526315788
929,18,40,19,1.75,0.33333333333333337,0.39999999999999997,3.2
930,18,37,21,1.7,0.3723958333333333,0.39999999999999997,3.2
931,19,42,18,1.736842105263158,0.30989583333333337,0.4823763889427201,3.3684210526315788
932,18,36,20,1.65,0.36507936507936506,0.47696960070847283,3.15
933,18,39,18,1.7,0.32552083333333337,0.39999999999999997,3.2
934,18,39,20,1.7,0.34635416666666663,0.39999999999999997,3.2
935,19,40,18,1.736842105263158,0.3229166666666667,0.4823763889427201,3.3684210526315788
936,18,46,16,1.7,0.26302083333333337,0.39999999999999997,3.2
937,19,41,21,1.736842105263158,0.34375,0.4823763889427201,3.3684210526315788
938,18,43,17,1.7,0.29427083333333337,0.39999999999999997,3.2
939,18,43,17,1.7,0.29427083333333337,0.39999999999999997,3.2
940,19,43,18,1.736842105263158,0.3046875,0.4823763889427201,3.3684210526315788
941,20,35,19,1.7777777777777777,0.36458333333333337,0.49690399499995325,3.5555555555555554
942,19,38,20,1.736842105263158,0.35416666666666663,0.48237638894272,3.3684210526315788
943,19,37,23,1.736842105263158,0.38541666666666663,0.4823763889427201,3.3684210526315788
944,19,38,21,1.736842105263158,0.3619791666666667,0.4823763889427201,3.3684210526315788
945,18,43,19,1.7,0.30989583333333337,0.39999999999999997,3.2
946,19,40,18,1.736842105263158,0.32291666666666663,0.4823763889427201,3.3684210526315788
947,18,41,17,1.7,0.3046875,0.39999999999999997,3.2
948,18,40,19,1.7,0.328125,0.39999999999999997,3.2
949,18,36,20,1.7,0.3671875,0.39999999999999997,3.2
950,19,39,18,1.736842105263158,0.33072916666666663,0.4823763889427201,3.3684210526315788
951,19,37,18,1.736842105263158,0.34375,0.4823763889427201,3.3684210526315788
952,18,38,22,1.7,0.36979166666666663,0.39999999999999997,3.2
953,19,37,23,1.6842105263157894,0.38095238095238093,0.5668594533825794,3.3157894736842106
954,18,37,23,1.7,0.3828125,0.39999999999999997,3.2
955,18,44,17,1.7,0.2864583333333333,0.39999999999999997,3.2
956,18,33,21,1.7,0.39583333333333337,0.39999999999999997,3.2
957,18,43,18,1.7,0.29947916666666663,0.39999999999999997,3.2
958,18,41,22,1.7,0.34895833333333337,0.39999999999999997,3.2
959,19,39,23,1.736842105263158,0.3723958333333333,0.4823763889427201,3.3684210526315788
960,18,39,18,1.7,0.328125,0.39999999999999997,3.2
961,20,38,21,1.7777777777777777,0.35677083333333337,0.49690399499995325,3.5555555555555554
962,18,35,22,1.7,0.38802083333333337,0.39999999999999997,3.2
963,20,39,21,1.7777777777777777,0.3515625,0.49690399499995325,3.5555555555555554
964,19,38,20,1.736842105263158,0.3515625,0.4823763889427201,3.3684210526315788
965,18,35,21,1.7,0.3828125,0.39999999999999997,3.2
966,18,37,22,1.7,0.3776041666666667,0.39999999999999997,3.2
967,19,44,20,1.736842105263158,0.3125,0.4823763889427201,3.3684210526315788
968,18,37,20,1.7,0.359375,0.39999999999999997,3.2
969,18,37,20,1.7,0.3645833333333333,0.39999999999999997,3.2
970,18,38,20,1.7,0.3515625,0.39999999999999997,3.2
971,18,44,17,1.7,0.2890625,0.39999999999999997,3.2
972,18,40,19,1.7,0.3333333333333333,0.39999999999999997,3.2
973,18,37,21,1.7,0.36458333333333337,0.39999999999999997,3.2
974,17,36,20,1.6666666666666667,0.36458333333333337,0.21295885499997994,3.0476190476190474
975,18,36,19,1.7,0.35416666666666663,0.39999999999999997,3.2
976,19,39,21,1.736842105263158,0.3541666666666667,0.4823763889427201,3.3684210526315788
977,19,37,20,1.736842105263158,0.359375,0.4823763889427201,3.3684210526315788
978,19,41,21,1.736842105263158,0.3411458333333333,0.4823763889427201,3.3684210526315788
979,19,37,19,1.736842105263158,0.34635416666666663,0.4823763889427201,3.3684210526315788
980,18,37,24,1.7,0.39583333333333337,0.39999999999999997,3.2
981,18,38,19,1.7,0.34635416666666663,0.39999999999999997,3.2
982,19,39,22,1.736842105263158,0.3619791666666667,0.4823763889427201,3.3684210526315788
983,18,37,21,1.7,0.3671875,0.39999999999999997,3.2
984,19,39,21,1.736842105263158,0.35677083333333337,0.48237638894272,3.3684210526315788
985,20,36,20,1.7777777777777777,0.3671875,0.49690399499995325,3.5555555555555554
986,18,34,22,1.65,0.3968253968253968,0.47696960070847283,3.15
987,19,36,25,1.736842105263158,0.40625,0.48237638894272,3.3684210526315788
988,20,39,19,1.8333333333333333,0.3411458333333333,0.49690399499995325,3.5555555555555554
989,17,34,21,1.6666666666666667,0.3888888888888889,0.3086066999241838,3.0
990,18,39,23,1.7,0.37239583333333337,0.39999999999999997,3.2
991,18,38,18,1.65,0.3333333333333333,0.47696960070847283,3.15
992,19,43,17,1.736842105263158,0.2942708333333333,0.4823763889427201,3.3684210526315788
993,19,36,22,1.7894736842105263,0.38541666666666663,0.4823763889427201,3.3684210526315788
994,18,39,17,1.7,0.3203125,0.39999999999999997,3.2
995,19,41,20,1.736842105263158,0.3307291666666667,0.4823763889427201,3.3684210526315788
996,18,32,23,1.7,0.4140625,0.39999999999999997,3.2
997,18,40,20,1.7,0.34114583333333337,0.39999999999999997,3.2
998,19,39,22,1.736842105263158,0.3619791666666667,0.4823763889427201,3.3684210526315788
999,19,38,19,1.736842105263158,0.34375,0.4823763889427201,3.3684210526315788
1000,18,36,20,1.7,0.3671875,0.39999999999999997,3.2
1001,19,39,21,1.736842105263158,0.3541666666666667,0.4823763889427201,3.3684210526315788
1002,19,36,20,1.736842105263158,0.3671875,0.4823763889427201,3.3684210526315788
1003,18,39,18,1.7,0.3255208333333333,0.39999999999999997,3.2
1004,19,39,20,1.736842105263158,0.34635416666666663,0.48237638894272,3.3684210526315788
1005,18,43,18,1.65,0.29894179894179895,0.47696960070847283,3.15
1006,19,39,21,1.736842105263158,0.3515625,0.4823763889427201,3.3684210526315788
1007,19,37,22,1.736842105263158,0.375,0.4823763889427201,3.3684210526315788
1008,19,41,20,1.736842105263158,0.3307291666666667,0.4823763889427201,3.3684210526315788
1009,19,42,17,1.736842105263158,0.3020833333333333,0.48237638894272,3.3684210526315788
1010,18,41,19,1.7,0.3229166666666667,0.39999999999999997,3.2
1011,19,37,23,1.736842105263158,0.3854166666666667,0.4823763889427201,3.3684210526315788
1012,19,37,22,1.736842105263158,0.375,0.4823763889427201,3.3684210526315788
1013,18,41,18,1.7,0.3125,0.39999999999999997,3.2
1014,18,40,17,1.7,0.3125,0.39999999999999997,3.2
1015,19,39,19,1.736842105263158,0.3359375,0.4823763889427201,3.3684210526315788
1016,19,37,19,1.736842105263158,0.35416666666666663,0.48237638894272,3.3684210526315788
1017,18,36,23,1.7,0.3958333333333333,0.39999999999999997,3.2
1018,18,35,21,1.7,0.38020833333333337,0.39999999999999997,3.2
1019,18,39,22,1.7,0.3619791666666667,0.39999999999999997,3.2
1020,19,38,19,1.736842105263158,0.34375,0.4823763889427201,3.3684210526315788
1021,19,37,22,1.736842105263158,0.375,0.4823763889427201,3.3684210526315788
1022,20,39,21,1.7777777777777777,0.359375,0.49690399499995325,3.5555555555555554
1023,18,39,22,1.7,0.36197916666666663,0.39999999999999997,3.2
1024,18,38,21,1.7,0.36197916666666663,0.39999999999999997,3.2
1025,19,39,19,1.736842105263158,0.3385416666666667,0.4823763889427201,3.3684210526315788
1026,18,36,22,1.7,0.38020833333333337,0.39999999999999997,3.2
1027,18,38,19,1.7,0.34375,0.39999999999999997,3.2
1028,19,39,19,1.736842105263158,0.3359375,0.48237638894272,3.3684210526315788
1029,19,37,21,1.736842105263158,0.37239583333333337,0.4823763889427201,3.3684210526315788
1030,19,39,21,1.736842105263158,0.35677083333333337,0.4823763889427201,3.3684210526315788
1031,19,37,21,1.736842105263158,0.3671875,0.48237638894272,3.3684210526315788
1032,19,38,21,1.736842105263158,0.3619791666666667,0.48237638894272,3.3684210526315788
1033,18,39,16,1.7,0.30729166666666663,0.39999999999999997,3.2
1034,19,37,17,1.736842105263158,0.3333333333333333,0.4823763889427201,3.3684210526315788
1035,19,35,21,1.736842105263158,0.3828125,0.48237638894272,3.3684210526315788
1036,18,40,20,1.7,0.33854166666666663,0.39999999999999997,3.2
1037,19,39,22,1.736842105263158,0.3619791666666667,0.4823763889427201,3.3684210526315788
1038,18,38,19,1.7,0.34375,0.39999999999999997,3.2
1039,18,38,20,1.7,0.3541666666666667,0.39999999999999997,3.2
1040,18,34,22,1.7,0.39583333333333337,0.39999999999999997,3.2
1041,18,38,21,1.7,0.3619791666666667,0.39999999999999997,3.2
1042,18,35,20,1.7,0.375,0.39999999999999997,3.2
1043,19,41,21,1.736842105263158,0.34114583333333337,0.4823763889427201,3.3684210526315788
1044,18,40,20,1.75,0.33854166666666663,0.39999999999999997,3.2
1045,18,37,23,1.7,0.38802083333333337,0.39999999999999997,3.2
1046,18,36,19,1.7,0.359375,0.39999999999999997,3.2
1047,18,34,22,1.7,0.39583333333333337,0.39999999999999997,3.2
1048,18,33,23,1.7,0.4114583333333333,0.39999999999999997,3.2
1049,18,36,21,1.7,0.375,0.39999999999999997,3.2
1050,18,38,19,1.7,0.33854166666666663,0.39999999999999997,3.2
1051,19,39,18,1.736842105263158,0.3333333333333333,0.4823763889427201,3.3684210526315788
1052,18,38,20,1.7,0.35677083333333337,0.39999999999999997,3.2
1053,19,37,22,1.736842105263158,0.37760416666666663,0.48237638894272,3.3684210526315788
1054,19,33,24,1.736842105263158,0.42447916666666663,0.4823763889427201,3.3684210526315788
1055,18,35,22,1.7,0.390625,0.39999999999999997,3.2
1056,18,40,19,1.75,0.3333333333333333,0.39999999999999997,3.2
1057,19,37,23,1.736842105263158,0.38802083333333337,0.4823763889427201,3.3684210526315788
1058,18,33,22,1.7,0.40364583333333337,0.39999999999999997,3.2
1059,18,38,20,1.7,0.3515625,0.39999999999999997,3.2
1060,19,38,22,1.736842105263158,0.3697916666666667,0.4823763889427201,3.3684210526315788
1061,18,36,22,1.65,0.37830687830687837,0.47696960070847283,3.15
1062,19,41,21,1.736842105263158,0.34114583333333337,0.4823763889427201,3.3684210526315788
1063,19,34,23,1.736842105263158,0.40625,0.4823763889427201,3.3684210526315788
1064,20,36,20,1.7777777777777777,0.3671875,0.49690399499995325,3.5555555555555554
1065,19,38,20,1.736842105263158,0.3541666666666667,0.48237638894272,3.3684210526315788
1066,18,40,20,1.7,0.34114583333333337,0.39999999999999997,3.2
1067,18,40,21,1.7,0.34895833333333337,0.39999999999999997,3.2
1068,18,36,21,1.7,0.375,0.39999999999999997,3.2
1069,18,38,20,1.7,0.3567708333333333,0.39999999999999997,3.2
1070,18,36,20,1.7,0.36458333333333337,0.39999999999999997,3.2
1071,19,36,18,1.736842105263158,0.3515625,0.4823763889427201,3.3684210526315788
1072,19,40,21,1.736842105263158,0.3463541666666667,0.4823763889427201,3.3684210526315788
1073,18,39,20,1.7,0.3463541666666667,0.39999999999999997,3.2
1074,19,32,20,1.6842105263157894,0.39417989417989424,0.5668594533825794,3.3157894736842106
1075,18,40,19,1.7,0.328125,0.39999999999999997,3.2
1076,18,36,23,1.7,0.38802083333333337,0.39999999999999997,3.2
1077,18,36,21,1.65,0.37830687830687837,0.47696960070847283,3.15
1078,18,38,21,1.7,0.35677083333333337,0.39999999999999997,3.2
1079,19,38,22,1.736842105263158,0.3697916666666667,0.4823763889427201,3.3684210526315788
1080,19,36,22,1.736842105263158,0.3854166666666667,0.4823763889427201,3.3684210526315788
1081,18,37,22,1.65,0.37760416666666663,0.39999999999999997,3.2
1082,19,41,19,1.736842105263158,0.3255208333333333,0.4823763889427201,3.3684210526315788
1083,18,39,19,1.75,0.33854166666666663,0.39999999999999997,3.2
1084,19,40,20,1.736842105263158,0.3385416666666667,0.4823763889427201,3.3684210526315788
1085,18,37,20,1.7,0.36197916666666663,0.39999999999999997,3.2
1086,18,37,23,1.7,0.3854166666666667,0.39999999999999997,3.2
1087,18,37,21,1.7,0.37239583333333337,0.39999999999999997,3.2
1088,19,37,22,1.736842105263158,0.3776041666666667,0.4823763889427201,3.3684210526315788
1089,18,35,23,1.7,0.4010416666666667,0.39999999999999997,3.2
1090,18,35,23,1.7,0.40104166666666663,0.39999999999999997,3.2
1091,19,37,21,1.6842105263157894,0.3677248677248677,0.5668594533825794,3.3157894736842106
1092,18,37,20,1.7,0.359375,0.39999999999999997,3.2
1093,18,38,23,1.75,0.3776041666666667,0.39999999999999997,3.2
1094,18,34,23,1.7,0.40625,0.39999999999999997,3.2
1095,19,35,20,1.736842105263158,0.375,0.4823763889427201,3.3684210526315788
1096,18,36,22,1.7,0.3802083333333333,0.39999999999999997,3.2
1097,19,40,21,1.736842105263158,0.3515625,0.4823763889427201,3.3684210526315788
1098,18,42,18,1.7,0.30989583333333337,0.39999999999999997,3.2
1099,18,35,23,1.7,0.4010416666666667,0.39999999999999997,3.2
1100,18,34,21,1.65,0.3862433862433863,0.47696960070847283,3.15
1101,19,39,20,1.736842105263158,0.34375,0.4823763889427201,3.3684210526315788
1102,18,36,21,1.7,0.3776041666666667,0.39999999999999997,3.2
1103,18,37,21,1.7,0.3671875,0.39999999999999997,3.2
1104,19,36,21,1.736842105263158,0.37239583333333337,0.4823763889427201,3.3684210526315788
1105,20,39,19,1.7777777777777777,0.3359375,0.49690399499995325,3.5555555555555554
1106,18,35,21,1.7,0.38020833333333337,0.39999999999999997,3.2
1107,19,36,22,1.736842105263158,0.38802083333333337,0.48237638894272,3.3684210526315788
1108,19,40,20,1.736842105263158,0.3385416666666667,0.4823763889427201,3.3684210526315788
1109,18,42,20,1.7,0.32552083333333337,0.39999999999999997,3.2
1110,19,41,21,1.736842105263158,0.3385416666666667,0.4823763889427201,3.3684210526315788
1111,19,36,21,1.736842105263158,0.375,0.4823763889427201,3.3684210526315788
1112,18,33,25,1.7,0.4322916666666667,0.39999999999999997,3.2
1113,18,36,18,1.7,0.3515625,0.39999999999999997,3.2
1114,19,36,20,1.736842105263158,0.3671875,0.4823763889427201,3.3684210526315788
1115,19,36,21,1.736842105263158,0.3776041666666667,0.4823763889427201,3.3684210526315788
1116,19,36,20,1.736842105263158,0.36458333333333337,0.48237638894272,3.3684210526315788
1117,18,39,22,1.7,0.36458333333333337,0.39999999999999997,3.2
1118,18,35,21,1.7,0.3776041666666667,0.39999999999999997,3.2
1119,19,40,21,1.736842105263158,0.3463541666666667,0.4823763889427201,3.3684210526315788
1120,20,36,20,1.7777777777777777,0.3697916666666667,0.49690399499995325,3.5555555555555554
1121,19,37,21,1.736842105263158,0.3671875,0.48237638894272,3.3684210526315788
1122,18,34,22,1.7,0.39322916666666663,0.39999999999999997,3.2
1123,18,35,21,1.7,0.3828125,0.39999999999999997,3.2
1124,18,34,23,1.7,0.40625,0.39999999999999997,3.2
1125,19,35,23,1.736842105263158,0.3984375,0.4823763889427201,3.3684210526315788
1126,18,38,22,1.7,0.3671875,0.39999999999999997,3.2
1127,19,38,23,1.736842105263158,0.3776041666666667,0.4823763889427201,3.3684210526315788
1128,19,37,23,1.736842105263158,0.3828125,0.4823763889427201,3.3684210526315788
1129,18,33,22,1.7,0.40104166666666663,0.39999999999999997,3.2
1130,19,37,22,1.736842105263158,0.3776041666666667,0.4823763889427201,3.3684210526315788
1131,18,35,21,1.7,0.3854166666666667,0.39999999999999997,3.2
1132,18,36,22,1.7,0.38020833333333337,0.39999999999999997,3.2
1133,18,33,24,1.65,0.4232804232804233,0.47696960070847283,3.15
1134,19,34,22,1.736842105263158,0.3958333333333333,0.4823763889427201,3.3684210526315788
1135,20,33,23,1.7777777777777777,0.4140625,0.49690399499995325,3.5555555555555554
1136,18,35,23,1.7,0.3984375,0.39999999999999997,3.2
1137,20,33,21,1.7777777777777777,0.39583333333333337,0.49690399499995325,3.5555555555555554
1138,19,34,22,1.736842105263158,0.3958333333333333,0.4823763889427201,3.3684210526315788
1139,18,36,24,1.7,0.40364583333333337,0.39999999999999997,3.2
1140,19,34,25,1.736842105263158,0.4244791666666667,0.4823763889427201,3.3684210526315788
1141,18,35,22,1.65,0.39417989417989424,0.47696960070847283,3.15
1142,19,36,23,1.736842105263158,0.390625,0.48237638894272,3.3684210526315788
1143,19,32,25,1.736842105263158,0.4375,0.4823763889427201,3.3684210526315788
1144,19,35,22,1.736842105263158,0.390625,0.4823763889427201,3.3684210526315788
1145,18,36,22,1.7,0.3854166666666667,0.39999999999999997,3.2
1146,18,37,21,1.7,0.3671875,0.39999999999999997,3.2
1147,18,39,21,1.7,0.35677083333333337,0.39999999999999997,3.2
1148,18,39,21,1.7,0.35677083333333337,0.39999999999999997,3.2
1149,19,35,23,1.736842105263158,0.3984375,0.4823763889427201,3.3684210526315788
1150,18,38,22,1.7,0.37239583333333337,0.39999999999999997,3.2
1151,18,35,22,1.7,0.390625,0.39999999999999997,3.2
1152,18,38,20,1.7,0.3515625,0.39999999999999997,3.2
1153,18,33,22,1.7,0.4010416666666667,0.39999999999999997,3.2
1154,19,38,23,1.736842105263158,0.3776041666666667,0.48237638894272,3.3684210526315788
1155,19,34,23,1.7894736842105263,0.40625,0.48237638894272,3.3684210526315788
1156,19,35,22,1.736842105263158,0.390625,0.4823763889427201,3.3684210526315788
1157,18,33,24,1.7,0.41927083333333337,0.39999999999999997,3.2
1158,19,35,22,1.736842105263158,0.390625,0.48237638894272,3.3684210526315788
1159,18,37,23,1.7,0.3854166666666667,0.39999999999999997,3.2
1160,19,36,22,1.736842105263158,0.3854166666666667,0.4823763889427201,3.3684210526315788
1161,19,39,20,1.736842105263158,0.34114583333333337,0.48237638894272,3.3684210526315788
1162,18,32,26,1.7,0.4453125,0.39999999999999997,3.2
1163,18,38,21,1.7,0.3645833333333333,0.39999999999999997,3.2
1164,19,32,24,1.736842105263158,0.42708333333333337,0.4823763889427201,3.3684210526315788
1165,19,37,22,1.736842105263158,0.37239583333333337,0.4823763889427201,3.3684210526315788
1166,19,37,22,1.736842105263158,0.3776041666666667,0.4823763889427201,3.3684210526315788
1167,18,38,18,1.7,0.3385416666666667,0.39999999999999997,3.2
1168,18,36,22,1.65,0.38095238095238093,0.47696960070847283,3.15
1169,18,33,24,1.7,0.421875,0.39999999999999997,3.2
1170,18,35,22,1.7,0.3932291666666667,0.39999999999999997,3.2
1171,18,39,19,1.7,0.34114583333333337,0.39999999999999997,3.2
1172,18,36,22,1.7,0.3854166666666667,0.39999999999999997,3.2
1173,18,37,22,1.7,0.375,0.39999999999999997,3.2
1174,18,37,24,1.7,0.3932291666666667,0.39999999999999997,3.2
1175,19,33,23,1.6842105263157894,0.41005291005291006,0.5668594533825794,3.3157894736842106
1176,18,37,24,1.7,0.39583333333333337,0.39999999999999997,3.2
1177,18,36,24,1.7,0.4010416666666667,0.39999999999999997,3.2
1178,18,41,18,1.65,0.31216931216931215,0.47696960070847283,3.15
1179,19,36,19,1.7894736842105263,0.36197916666666663,0.4823763889427201,3.3684210526315788
1180,18,32,23,1.7,0.4192708333333333,0.39999999999999997,3.2
1181,19,37,20,1.736842105263158,0.3619791666666667,0.4823763889427201,3.3684210526315788
1182,19,34,22,1.736842105263158,0.3984375,0.4823763889427201,3.3684210526315788
1183,18,32,21,1.7,0.40625,0.39999999999999997,3.2
1184,18,33,23,1.7,0.41145833333333337,0.39999999999999997,3.2
1185,19,42,17,1.736842105263158,0.30208333333333337,0.4823763889427201,3.3684210526315788
1186,18,34,22,1.7,0.3932291666666667,0.39999999999999997,3.2
1187,18,35,25,1.7,0.4166666666666667,0.39999999999999997,3.2
1188,19,35,24,1.736842105263158,0.4088541666666667,0.4823763889427201,3.3684210526315788
1189,18,36,21,1.7,0.375,0.39999999999999997,3.2
1190,19,34,23,1.736842105263158,0.4088541666666667,0.4823763889427201,3.3684210526315788
1191,19,34,23,1.736842105263158,0.4010416666666667,0.4823763889427201,3.3684210526315788
1192,19,35,22,1.736842105263158,0.390625,0.4823763889427201,3.3684210526315788
1193,19,38,21,1.736842105263158,0.359375,0.4823763889427201,3.3684210526315788
1194,19,35,23,1.736842105263158,0.39583333333333337,0.4823763889427201,3.3684210526315788
1195,20,32,25,1.7777777777777777,0.4401041666666667,0.49690399499995325,3.5555555555555554
1196,18,34,23,1.7,0.40364583333333337,0.39999999999999997,3.2
1197,18,35,24,1.7,0.40625,0.39999999999999997,3.2
1198,19,34,23,1.736842105263158,0.41145833333333337,0.48237638894272,3.3684210526315788
1199,18,36,23,1.7,0.3932291666666667,0.39999999999999997,3.2
1200,19,37,19,1.736842105263158,0.3463541666666667,0.4823763889427201,3.3684210526315788
1201,19,38,22,1.736842105263158,0.3671875,0.4823763889427201,3.3684210526315788
1202,18,38,20,1.7,0.34895833333333337,0.39999999999999997,3.2
1203,18,38,22,1.7,0.3697916666666667,0.39999999999999997,3.2
1204,18,36,23,1.7,0.3932291666666667,0.39999999999999997,3.2
1205,19,37,23,1.736842105263158,0.38802083333333337,0.4823763889427201,3.3684210526315788
1206,18,36,24,1.7,0.3984375,0.39999999999999997,3.2
1207,18,35,19,1.65,0.36507936507936506,0.47696960070847283,3.15
1208,19,36,21,1.736842105263158,0.3776041666666667,0.4823763889427201,3.3684210526315788
1209,18,33,24,1.7,0.4244791666666667,0.39999999999999997,3.2
1210,18,36,22,1.7,0.3828125,0.39999999999999997,3.2
1211,19,34,23,1.736842105263158,0.40625,0.4823763889427201,3.3684210526315788
1212,18,35,23,1.7,0.3984375,0.39999999999999997,3.2
1213,18,37,23,1.7,0.3854166666666667,0.39999999999999997,3.2
1214,18,31,25,1.7,0.4427083333333333,0.39999999999999997,3.2
1215,18,37,23,1.7,0.3854166666666667,0.39999999999999997,3.2
1216,19,35,24,1.736842105263158,0.40625,0.4823763889427201,3.3684210526315788
1217,18,37,22,1.7,0.375,0.39999999999999997,3.2
1218,18,35,22,1.7,0.38802083333333337,0.39999999999999997,3.2
1219,19,34,20,1.736842105263158,0.375,0.48237638894272,3.3684210526315788
1220,18,35,24,1.7,0.4088541666666667,0.39999999999999997,3.2
1221,18,34,24,1.7,0.4140625,0.39999999999999997,3.2
1222,20,39,22,1.7777777777777777,0.3619791666666667,0.49690399499995325,3.5555555555555554
1223,18,35,22,1.7,0.390625,0.39999999999999997,3.2
1224,18,35,23,1.7,0.3984375,0.39999999999999997,3.2
1225,18,36,21,1.7,0.375,0.39999999999999997,3.2
1226,19,33,24,1.736842105263158,0.421875,0.4823763889427201,3.3684210526315788
1227,18,35,25,1.7,0.4166666666666667,0.39999999999999997,3.2
1228,20,34,24,1.7777777777777777,0.4114583333333333,0.49690399499995325,3.5555555555555554
1229,18,37,22,1.7,0.375,0.39999999999999997,3.2
1230,18,35,23,1.7,0.39583333333333337,0.39999999999999997,3.2
1231,18,35,23,1.7,0.3984375,0.39999999999999997,3.2
1232,20,35,24,1.7777777777777777,0.4088541666666667,0.49690399499995325,3.5555555555555554
1233,18,36,22,1.65,0.38095238095238093,0.47696960070847283,3.15
1234,18,38,22,1.7,0.3697916666666667,0.39999999999999997,3.2
1235,19,37,18,1.736842105263158,0.34375,0.4823763889427201,3.3684210526315788
1236,18,36,24,1.7,0.4010416666666667,0.39999999999999997,3.2
1237,19,29,24,1.736842105263158,0.4453125,0.4823763889427201,3.3684210526315788
1238,18,35,25,1.7,0.4166666666666667,0.39999999999999997,3.2
1239,18,34,23,1.7,0.40625,0.39999999999999997,3.2
1240,18,34,23,1.7,0.40625,0.39999999999999997,3.2
1241,18,31,25,1.7,0.44270833333333337,0.39999999999999997,3.2
1242,20,38,22,1.7777777777777777,0.3697916666666667,0.49690399499995325,3.5555555555555554
1243,19,35,21,1.736842105263158,0.3802083333333333,0.48237638894272,3.3684210526315788
1244,18,39,19,1.7,0.33854166666666663,0.39999999999999997,3.2
1245,19,33,24,1.736842105263158,0.4192708333333333,0.4823763889427201,3.3684210526315788
1246,19,37,23,1.736842105263158,0.3854166666666667,0.4823763889427201,3.3684210526315788
1247,19,37,19,1.736842105263158,0.34895833333333337,0.4823763889427201,3.3684210526315788
1248,20,34,23,1.7777777777777777,0.40885416666666663,0.49690399499995325,3.5555555555555554
1249,19,35,21,1.6842105263157894,0.38095238095238093,0.5668594533825794,3.3157894736842106
1250,19,37,22,1.736842105263158,0.375,0.4823763889427201,3.3684210526315788
1251,20,33,20,1.7777777777777777,0.38020833333333337,0.49690399499995325,3.5555555555555554
1252,18,31,24,1.7,0.43489583333333337,0.39999999999999997,3.2
1253,18,35,24,1.7,0.40625,0.39999999999999997,3.2
1254,19,37,24,1.736842105263158,0.3932291666666667,0.48237638894272,3.3684210526315788
1255,18,34,23,1.7,0.40364583333333337,0.39999999999999997,3.2
1256,18,33,25,1.7,0.4322916666666667,0.39999999999999997,3.2
1257,20,34,23,1.7777777777777777,0.40625,0.49690399499995325,3.5555555555555554
1258,18,33,24,1.7,0.4244791666666667,0.39999999999999997,3.2
1259,20,37,24,1.7777777777777777,0.3932291666666667,0.49690399499995325,3.5555555555555554
1260,18,30,25,1.65,0.4523809523809524,0.47696960070847283,3.15
1261,18,33,25,1.7,0.4296875,0.39999999999999997,3.2
1262,18,38,23,1.7,0.3776041666666667,0.39999999999999997,3.2
1263,19,34,23,1.736842105263158,0.40625,0.4823763889427201,3.3684210526315788
1264,19,34,26,1.736842105263158,0.4322916666666667,0.4823763889427201,3.3684210526315788
1265,19,37,23,1.736842105263158,0.3854166666666667,0.4823763889427201,3.3684210526315788
1266,18,35,25,1.7,0.4166666666666667,0.39999999999999997,3.2
1267,18,35,24,1.7,0.4088541666666667,0.39999999999999997,3.2
1268,19,33,24,1.736842105263158,0.421875,0.4823763889427201,3.3684210526315788
1269,17,35,17,1.6666666666666667,0.3463541666666667,0.21295885499997994,3.0476190476190474
1270,19,33,24,1.736842105263158,0.4244791666666667,0.4823763889427201,3.3684210526315788
1271,19,33,24,1.736842105263158,0.4244791666666667,0.4823763889427201,3.3684210526315788
1272,19,37,23,1.736842105263158,0.3854166666666667,0.4823763889427201,3.3684210526315788
1273,19,37,23,1.736842105263158,0.3854166666666667,0.4823763889427201,3.3684210526315788
1274,18,36,23,1.7,0.390625,0.39999999999999997,3.2
1275,19,36,23,1.736842105263158,0.3932291666666667,0.4823763889427201,3.3684210526315788
1276,18,33,24,1.7,0.421875,0.39999999999999997,3.2
1277,19,32,25,1.736842105263158,0.4401041666666667,0.4823763889427201,3.3684210526315788
1278,18,38,20,1.7,0.3541666666666667,0.39999999999999997,3.2
1279,19,35,24,1.736842105263158,0.4088541666666667,0.4823763889427201,3.3684210526315788
1280,19,33,24,1.736842105263158,0.4244791666666667,0.4823763889427201,3.3684210526315788
1281,18,31,22,1.7,0.41666666666666663,0.39999999999999997,3.2
1282,18,33,23,1.65,0.41005291005291006,0.47696960070847283,3.15
1283,18,36,21,1.7,0.37239583333333337,0.39999999999999997,3.2
1284,18,35,25,1.7,0.4166666666666667,0.39999999999999997,3.2
1285,18,35,24,1.7,0.40625,0.39999999999999997,3.2
1286,18,34,22,1.7,0.4010416666666667,0.39999999999999997,3.2
1287,19,32,25,1.736842105263158,0.4401041666666667,0.4823763889427201,3.3684210526315788
1288,18,32,25,1.7,0.4375,0.39999999999999997,3.2
1289,18,35,22,1.7,0.3932291666666667,0.39999999999999997,3.2
1290,19,32,22,1.736842105263158,0.4088541666666667,0.48237638894272,3.3684210526315788
1291,18,36,24,1.7,0.4010416666666667,0.39999999999999997,3.2
1292,18,38,22,1.7,0.3697916666666667,0.39999999999999997,3.2
1293,18,34,24,1.7,0.4166666666666667,0.39999999999999997,3.2
1294,18,33,26,1.7,0.4401041666666667,0.39999999999999997,3.2
1295,18,37,18,1.7,0.3489583333333333,0.39999999999999997,3.2
1296,19,32,24,1.736842105263158,0.4296875,0.4823763889427201,3.3684210526315788
1297,18,34,23,1.7,0.40625,0.39999999999999997,3.2
1298,20,40,19,1.7777777777777777,0.3307291666666667,0.49690399499995325,3.5555555555555554
1299,19,32,23,1.736842105263158,0.4166666666666667,0.48237638894272,3.3684210526315788
1300,19,33,25,1.736842105263158,0.4296875,0.4823763889427201,3.3684210526315788
1301,18,38,19,1.7,0.3463541666666667,0.39999999999999997,3.2
1302,18,34,26,1.7,0.4296875,0.39999999999999997,3.2
1303,18,34,23,1.7,0.40625,0.39999999999999997,3.2
1304,19,34,24,1.736842105263158,0.4140625,0.4823763889427201,3.3684210526315788
1305,18,33,22,1.65,0.40740740740740744,0.47696960070847283,3.15
1306,20,34,24,1.7777777777777777,0.4140625,0.49690399499995325,3.5555555555555554
1307,19,34,24,1.6842105263157894,0.41534391534391535,0.5668594533825794,3.3157894736842106
1308,18,33,21,1.7,0.39322916666666663,0.39999999999999997,3.2
1309,19,34,25,1.736842105263158,0.4244791666666667,0.4823763889427201,3.3684210526315788
1310,19,38,18,1.6842105263157894,0.33597883597883593,0.5668594533825794,3.3157894736842106
1311,18,34,23,1.7,0.4088541666666667,0.39999999999999997,3.2
1312,18,33,24,1.7,0.421875,0.39999999999999997,3.2
1313,20,33,25,1.7777777777777777,0.4296875,0.49690399499995325,3.5555555555555554
1314,18,33,26,1.7,0.4401041666666667,0.39999999999999997,3.2
1315,19,33,24,1.736842105263158,0.4192708333333333,0.4823763889427201,3.3684210526315788
1316,18,34,23,1.7,0.4088541666666667,0.39999999999999997,3.2
1317,19,33,24,1.736842105263158,0.4244791666666667,0.4823763889427201,3.3684210526315788
1318,19,32,24,1.736842105263158,0.42708333333333337,0.4823763889427201,3.3684210526315788
1319,18,33,25,1.7,0.4296875,0.39999999999999997,3.2
1320,18,33,22,1.7,0.40364583333333337,0.39999999999999997,3.2
1321,18,32,25,1.7,0.4401041666666667,0.39999999999999997,3.2
1322,19,35,23,1.736842105263158,0.4010416666666667,0.48237638894272,3.3684210526315788
1323,18,33,24,1.7,0.4244791666666667,0.39999999999999997,3.2
1324,18,34,22,1.65,0.3968253968253968,0.47696960070847283,3.15
1325,19,34,24,1.736842105263158,0.4140625,0.4823763889427201,3.3684210526315788
1326,18,35,24,1.7,0.4088541666666667,0.39999999999999997,3.2
1327,19,33,25,1.736842105263158,0.4322916666666667,0.4823763889427201,3.3684210526315788
1328,19,35,22,1.736842105263158,0.390625,0.4823763889427201,3.3684210526315788
1329,19,32,25,1.736842105263158,0.4375,0.4823763889427201,3.3684210526315788
1330,18,33,23,1.7,0.4088541666666667,0.39999999999999997,3.2
1331,18,35,24,1.7,0.40625,0.39999999999999997,3.2
1332,19,35,23,1.736842105263158,0.4010416666666667,0.4823763889427201,3.3684210526315788
1333,18,29,24,1.7,0.4453125,0.39999999999999997,3.2
1334,19,39,19,1.736842105263158,0.3385416666666667,0.4823763889427201,3.3684210526315788
1335,18,30,26,1.7,0.4635416666666667,0.39999999999999997,3.2
1336,18,35,23,1.7,0.4010416666666667,0.39999999999999997,3.2
1337,18,33,24,1.7,0.4244791666666667,0.39999999999999997,3.2
1338,18,35,25,1.7,0.4166666666666667,0.39999999999999997,3.2
1339,18,34,22,1.7,0.3984375,0.39999999999999997,3.2
1340,18,32,25,1.7,0.4401041666666667,0.39999999999999997,3.2
1341,19,34,24,1.736842105263158,0.4166666666666667,0.4823763889427201,3.3684210526315788
1342,18,33,23,1.7,0.4140625,0.39999999999999997,3.2
1343,18,32,23,1.7,0.41927083333333337,0.39999999999999997,3.2
1344,18,31,25,1.7,0.4479166666666667,0.39999999999999997,3.2
1345,20,33,23,1.7777777777777777,0.4140625,0.49690399499995325,3.5555555555555554
1346,18,32,24,1.7,0.4296875,0.39999999999999997,3.2
1347,19,33,24,1.736842105263158,0.421875,0.4823763889427201,3.3684210526315788
1348,18,34,25,1.7,0.4244791666666667,0.39999999999999997,3.2
1349,19,33,24,1.736842105263158,0.41927083333333337,0.4823763889427201,3.3684210526315788
1350,18,33,24,1.7,0.421875,0.39999999999999997,3.2
1351,18,34,22,1.7,0.3984375,0.39999999999999997,3.2
1352,18,35,22,1.7,0.390625,0.39999999999999997,3.2
1353,18,33,24,1.7,0.4244791666666667,0.39999999999999997,3.2
1354,19,36,24,1.736842105263158,0.3984375,0.4823763889427201,3.3684210526315788
1355,18,32,22,1.7,0.41145833333333337,0.39999999999999997,3.2
1356,17,38,19,1.6666666666666667,0.3463541666666667,0.21295885499997994,3.0476190476190474
1357,18,33,24,1.7,0.421875,0.39999999999999997,3.2
1358,17,38,18,1.7142857142857142,0.3359375,0.21295885499997994,3.0476190476190474
1359,18,36,22,1.7,0.3854166666666667,0.39999999999999997,3.2
1360,18,34,24,1.7,0.41145833333333337,0.39999999999999997,3.2
1361,18,33,25,1.7,0.4296875,0.39999999999999997,3.2
1362,19,35,23,1.736842105263158,0.4010416666666667,0.4823763889427201,3.3684210526315788
1363,18,32,24,1.7,0.42708333333333337,0.39999999999999997,3.2
1364,18,35,23,1.7,0.3984375,0.39999999999999997,3.2
1365,18,32,24,1.7,0.42708333333333337,0.39999999999999997,3.2
1366,18,31,25,1.7,0.4453125,0.39999999999999997,3.2
1367,18,37,21,1.7,0.3697916666666667,0.39999999999999997,3.2
1368,18,32,22,1.7,0.4114583333333333,0.39999999999999997,3.2
1369,18,36,24,1.7,0.4010416666666667,0.39999999999999997,3.2
1370,19,32,24,1.736842105263158,0.4296875,0.48237638894272,3.3684210526315788
1371,19,33,25,1.736842105263158,0.4322916666666667,0.4823763889427201,3.3684210526315788
1372,19,35,23,1.736842105263158,0.4010416666666667,0.4823763889427201,3.3684210526315788
1373,18,33,24,1.7,0.41927083333333337,0.39999999999999997,3.2
1374,19,32,24,1.736842105263158,0.42708333333333337,0.4823763889427201,3.3684210526315788
1375,19,35,24,1.736842105263158,0.40625,0.4823763889427201,3.3684210526315788
1376,19,33,24,1.736842105263158,0.421875,0.4823763889427201,3.3684210526315788
1377,18,36,24,1.7,0.3984375,0.39999999999999997,3.2
1378,19,34,24,1.736842105263158,0.4140625,0.48237638894272,3.3684210526315788
1379,18,34,24,1.7,0.4140625,0.39999999999999997,3.2
1380,18,32,24,1.7,0.42708333333333337,0.39999999999999997,3.2
1381,18,32,25,1.7,0.4375,0.39999999999999997,3.2
1382,19,33,25,1.736842105263158,0.4322916666666667,0.48237638894272,3.3684210526315788
1383,19,33,24,1.736842105263158,0.4244791666666667,0.4823763889427201,3.3684210526315788
1384,18,30,24,1.7,0.44270833333333337,0.39999999999999997,3.2
1385,18,31,25,1.7,0.4453125,0.39999999999999997,3.2
1386,19,37,23,1.736842105263158,0.3854166666666667,0.4823763889427201,3.3684210526315788
1387,18,32,24,1.7,0.4296875,0.39999999999999997,3.2
1388,18,32,25,1.7,0.4375,0.39999999999999997,3.2
1389,18,35,24,1.7,0.40625,0.39999999999999997,3.2
1390,18,30,24,1.7,0.44270833333333337,0.39999999999999997,3.2
1391,18,32,26,1.7,0.4479166666666667,0.39999999999999997,3.2
1392,18,35,24,1.7,0.4088541666666667,0.39999999999999997,3.2
1393,19,36,24,1.736842105263158,0.4010416666666667,0.4823763889427201,3.3684210526315788
1394,19,34,24,1.736842105263158,0.4140625,0.4823763889427201,3.3684210526315788
1395,18,33,24,1.7,0.421875,0.39999999999999997,3.2
1396,18,32,24,1.7,0.4322916666666667,0.39999999999999997,3.2
1397,19,34,23,1.736842105263158,0.40625,0.4823763889427201,3.3684210526315788
1398,18,33,24,1.7,0.421875,0.39999999999999997,3.2
1399,18,32,26,1.7,0.4479166666666667,0.39999999999999997,3.2
1400,19,32,25,1.736842105263158,0.4375,0.48237638894272,3.3684210526315788
1401,19,36,24,1.736842105263158,0.4010416666666667,0.48237638894272,3.3684210526315788
1402,18,31,24,1.7,0.43489583333333337,0.39999999999999997,3.2
1403,18,29,25,1.65,0.4603174603174603,0.47696960070847283,3.15
1404,18,31,24,1.7,0.43489583333333337,0.39999999999999997,3.2
1405,18,35,24,1.7,0.40625,0.39999999999999997,3.2
1406,19,39,19,1.7894736842105263,0.3411458333333333,0.4823763889427201,3.3684210526315788
1407,18,30,24,1.7,0.4453125,0.39999999999999997,3.2
1408,18,34,23,1.7,0.40625,0.39999999999999997,3.2
1409,18,34,24,1.7,0.4166666666666667,0.39999999999999997,3.2
1410,18,33,24,1.7,0.421875,0.39999999999999997,3.2
1411,18,32,24,1.7,0.4296875,0.39999999999999997,3.2
1412,18,32,25,1.7,0.4375,0.39999999999999997,3.2
1413,18,35,24,1.7,0.4088541666666667,0.39999999999999997,3.2
1414,19,35,25,1.736842105263158,0.4166666666666667,0.4823763889427201,3.3684210526315788
1415,18,36,22,1.7,0.3828125,0.39999999999999997,3.2
1416,18,35,25,1.7,0.4166666666666667,0.39999999999999997,3.2
1417,18,31,25,1.7,0.4453125,0.39999999999999997,3.2
1418,18,28,24,1.65,0.4603174603174603,0.47696960070847283,3.15
1419,18,34,25,1.7,0.4244791666666667,0.39999999999999997,3.2
1420,19,31,25,1.736842105263158,0.4453125,0.48237638894272,3.3684210526315788
1421,18,31,24,1.7,0.43489583333333337,0.39999999999999997,3.2
1422,18,30,24,1.7,0.44010416666666663,0.39999999999999997,3.2
1423,18,33,24,1.7,0.41666666666666674,0.39999999999999997,3.2
1424,19,31,24,1.736842105263158,0.4375,0.4823763889427201,3.3684210526315788
1425,19,33,24,1.736842105263158,0.4244791666666667,0.4823763889427201,3.3684210526315788
1426,18,33,24,1.7,0.4244791666666667,0.39999999999999997,3.2
1427,19,32,25,1.736842105263158,0.4375,0.4823763889427201,3.3684210526315788
1428,18,29,23,1.7,0.4401041666666667,0.39999999999999997,3.2
1429,18,32,24,1.7,0.4296875,0.39999999999999997,3.2
1430,18,35,24,1.7,0.4088541666666667,0.39999999999999997,3.2
1431,18,33,24,1.7,0.421875,0.39999999999999997,3.2
1432,19,34,23,1.736842105263158,0.40625,0.48237638894272,3.3684210526315788
1433,18,31,25,1.7,0.44270833333333337,0.39999999999999997,3.2
1434,19,33,25,1.736842105263158,0.4296875,0.4823763889427201,3.3684210526315788
1435,20,32,24,1.7777777777777777,0.4322916666666667,0.49690399499995325,3.5555555555555554
1436,18,37,22,1.7,0.3776041666666667,0.39999999999999997,3.2
1437,18,31,26,1.7,0.453125,0.39999999999999997,3.2
1438,18,31,26,1.7,0.4557291666666667,0.39999999999999997,3.2
1439,18,36,23,1.7,0.39583333333333337,0.39999999999999997,3.2
1440,19,33,21,1.736842105263158,0.3932291666666667,0.4823763889427201,3.3684210526315788
1441,18,36,24,1.7,0.40364583333333337,0.39999999999999997,3.2
1442,19,31,25,1.6842105263157894,0.4470899470899471,0.5668594533825794,3.3157894736842106
1443,18,33,24,1.7,0.4244791666666667,0.39999999999999997,3.2
1444,18,34,25,1.7,0.421875,0.39999999999999997,3.2
1445,19,32,25,1.736842105263158,0.4375,0.4823763889427201,3.3684210526315788
1446,18,33,25,1.7,0.4322916666666667,0.39999999999999997,3.2
1447,18,33,24,1.7,0.41927083333333337,0.39999999999999997,3.2
1448,19,31,25,1.736842105263158,0.4453125,0.4823763889427201,3.3684210526315788
1449,18,35,20,1.7,0.37239583333333337,0.39999999999999997,3.2
1450,18,36,23,1.7,0.3932291666666667,0.39999999999999997,3.2
1451,18,34,24,1.7,0.4166666666666667,0.39999999999999997,3.2
1452,18,33,24,1.7,0.421875,0.39999999999999997,3.2
1453,19,31,24,1.736842105263158,0.43489583333333337,0.4823763889427201,3.3684210526315788
1454,19,33,24,1.736842105263158,0.4244791666666667,0.48237638894272,3.3684210526315788
1455,19,32,26,1.736842105263158,0.4453125,0.4823763889427201,3.3684210526315788
1456,18,32,25,1.65,0.4365079365079365,0.47696960070847283,3.15
1457,19,35,23,1.736842105263158,0.4010416666666667,0.4823763889427201,3.3684210526315788
1458,18,34,22,1.7,0.39583333333333337,0.39999999999999997,3.2
1459,18,30,26,1.7,0.4609375,0.39999999999999997,3.2
1460,20,31,23,1.7222222222222223,0.42592592592592593,0.6009252125773316,3.5
1461,19,33,25,1.736842105263158,0.4322916666666667,0.4823763889427201,3.3684210526315788
1462,18,32,24,1.7,0.4322916666666667,0.39999999999999997,3.2
1463,18,34,23,1.7,0.40625,0.39999999999999997,3.2
1464,18,32,22,1.7,0.4114583333333333,0.39999999999999997,3.2
1465,18,31,25,1.7,0.4453125,0.39999999999999997,3.2
1466,19,33,24,1.736842105263158,0.421875,0.4823763889427201,3.3684210526315788
1467,18,30,25,1.7,0.45052083333333337,0.39999999999999997,3.2
1468,19,34,24,1.736842105263158,0.4166666666666667,0.4823763889427201,3.3684210526315788
1469,19,33,26,1.736842105263158,0.4375,0.4823763889427201,3.3684210526315788
1470,18,33,24,1.7,0.421875,0.39999999999999997,3.2
1471,19,30,25,1.6842105263157894,0.4523809523809524,0.5668594533825794,3.3157894736842106
1472,19,31,24,1.736842105263158,0.4401041666666667,0.4823763889427201,3.3684210526315788
1473,19,35,24,1.736842105263158,0.40625,0.4823763889427201,3.3684210526315788
1474,19,28,27,1.736842105263158,0.4791666666666667,0.4823763889427201,3.3684210526315788
1475,18,36,23,1.7,0.3932291666666667,0.39999999999999997,3.2
1476,18,32,24,1.7,0.4296875,0.39999999999999997,3.2
1477,18,31,24,1.7,0.4375,0.39999999999999997,3.2
1478,18,33,24,1.7,0.4244791666666667,0.39999999999999997,3.2
1479,18,30,25,1.7,0.453125,0.39999999999999997,3.2
1480,18,32,24,1.7,0.4322916666666667,0.39999999999999997,3.2
1481,18,33,24,1.7,0.421875,0.39999999999999997,3.2
1482,19,30,24,1.736842105263158,0.4427083333333333,0.4823763889427201,3.3684210526315788
1483,19,33,24,1.6842105263157894,0.4232804232804233,0.5668594533825794,3.3157894736842106
1484,18,31,24,1.7,0.4375,0.39999999999999997,3.2
1485,19,32,24,1.736842105263158,0.4322916666666667,0.4823763889427201,3.3684210526315788
1486,18,32,24,1.7,0.4296875,0.39999999999999997,3.2
1487,18,32,24,1.7,0.4296875,0.39999999999999997,3.2
1488,18,33,24,1.7,0.421875,0.39999999999999997,3.2
1489,19,31,24,1.736842105263158,0.4401041666666667,0.4823763889427201,3.3684210526315788
1490,19,34,24,1.736842105263158,0.41145833333333337,0.4823763889427201,3.3684210526315788
1491,18,29,26,1.65,0.46825396825396826,0.47696960070847283,3.15
1492,19,34,20,1.736842105263158,0.3854166666666667,0.4823763889427201,3.3684210526315788
1493,18,34,25,1.7,0.4244791666666667,0.39999999999999997,3.2
1494,18,30,24,1.7,0.44010416666666663,0.39999999999999997,3.2
1495,19,33,21,1.736842105263158,0.3984375,0.4823763889427201,3.3684210526315788
1496,18,30,25,1.7,0.4557291666666667,0.39999999999999997,3.2
1497,18,34,24,1.7,0.4166666666666667,0.39999999999999997,3.2
1498,19,32,26,1.736842105263158,0.4479166666666667,0.4823763889427201,3.3684210526315788
1499,18,31,23,1.7,0.42708333333333337,0.39999999999999997,3.2
1500,18,30,26,1.7,0.4609375,0.39999999999999997,3.2
1501,18,31,25,1.7,0.4453125,0.39999999999999997,3.2
1502,18,31,23,1.7,0.42708333333333337,0.39999999999999997,3.2
1503,18,29,24,1.7,0.4505208333333333,0.39999999999999997,3.2
1504,18,30,25,1.7,0.45052083333333337,0.39999999999999997,3.2
1505,18,35,24,1.7,0.4088541666666667,0.39999999999999997,3.2
1506,19,32,24,1.736842105263158,0.4322916666666667,0.4823763889427201,3.3684210526315788
1507,18,32,26,1.7,0.4479166666666667,0.39999999999999997,3.2
1508,19,32,24,1.736842105263158,0.4322916666666667,0.4823763889427201,3.3684210526315788
1509,18,34,25,1.7,0.4244791666666667,0.39999999999999997,3.2
1510,18,33,24,1.7,0.4244791666666667,0.39999999999999997,3.2
1511,18,34,24,1.7,0.4140625,0.39999999999999997,3.2
1512,18,32,24,1.7,0.4296875,0.39999999999999997,3.2
1513,19,35,25,1.736842105263158,0.4166666666666667,0.4823763889427201,3.3684210526315788
1514,18,34,23,1.7,0.4088541666666667,0.39999999999999997,3.2
1515,18,31,25,1.7,0.4453125,0.39999999999999997,3.2
1516,19,31,25,1.6842105263157894,0.4444444444444444,0.5668594533825794,3.3157894736842106
1517,18,32,24,1.7,0.42447916666666663,0.39999999999999997,3.2
1518,18,32,24,1.7,0.4296875,0.39999999999999997,3.2
1519,19,31,24,1.736842105263158,0.4401041666666667,0.4823763889427201,3.3684210526315788
1520,19,32,24,1.736842105263158,0.4296875,0.48237638894272,3.3684210526315788
1521,19,32,24,1.736842105263158,0.42708333333333337,0.4823763889427201,3.3684210526315788
1522,18,32,24,1.7,0.4322916666666667,0.39999999999999997,3.2
1523,18,34,25,1.7,0.4244791666666667,0.39999999999999997,3.2
1524,18,33,25,1.7,0.4296875,0.39999999999999997,3.2
1525,19,30,25,1.736842105263158,0.4505208333333333,0.4823763889427201,3.3684210526315788
1526,19,39,19,1.7894736842105263,0.3411458333333333,0.4823763889427201,3.3684210526315788
1527,19,32,24,1.736842105263158,0.4296875,0.48237638894272,3.3684210526315788
1528,18,37,23,1.7,0.3854166666666667,0.39999999999999997,3.2
1529,18,33,25,1.7,0.4322916666666667,0.39999999999999997,3.2
1530,19,32,24,1.736842105263158,0.4270833333333333,0.4823763889427201,3.3684210526315788
1531,18,32,25,1.7,0.4375,0.39999999999999997,3.2
1532,18,29,23,1.7,0.44270833333333337,0.39999999999999997,3.2
1533,18,36,19,1.7,0.35677083333333337,0.39999999999999997,3.2
1534,19,33,24,1.736842105263158,0.421875,0.4823763889427201,3.3684210526315788
1535,18,32,24,1.7,0.42447916666666663,0.39999999999999997,3.2
1536,19,31,25,1.736842105263158,0.4479166666666667,0.4823763889427201,3.3684210526315788
1537,19,32,23,1.736842105263158,0.4192708333333333,0.4823763889427201,3.3684210526315788
1538,18,35,24,1.7,0.4088541666666667,0.39999999999999997,3.2
1539,18,31,24,1.7,0.4375,0.39999999999999997,3.2
1540,18,31,24,1.7,0.4375,0.39999999999999997,3.2
1541,18,29,24,1.65,0.4523809523809524,0.47696960070847283,3.15
1542,18,30,25,1.65,0.4497354497354497,0.47696960070847283,3.15
1543,18,33,24,1.7,0.421875,0.39999999999999997,3.2
1544,19,31,24,1.736842105263158,0.4401041666666667,0.4823763889427201,3.3684210526315788
1545,18,33,24,1.7,0.421875,0.39999999999999997,3.2
1546,19,32,24,1.736842105263158,0.4322916666666667,0.4823763889427201,3.3684210526315788
1547,19,34,24,1.736842105263158,0.4140625,0.4823763889427201,3.3684210526315788
1548,18,32,24,1.7,0.4296875,0.39999999999999997,3.2
1549,19,35,24,1.736842105263158,0.4088541666666667,0.48237638894272,3.3684210526315788
1550,19,34,23,1.736842105263158,0.40625,0.4823763889427201,3.3684210526315788
1551,19,31,24,1.736842105263158,0.4401041666666667,0.4823763889427201,3.3684210526315788
1552,19,34,24,1.736842105263158,0.4140625,0.4823763889427201,3.3684210526315788
1553,18,33,25,1.7,0.4296875,0.39999999999999997,3.2
1554,19,30,27,1.736842105263158,0.46875,0.4823763889427201,3.3684210526315788
1555,18,34,23,1.7,0.4088541666666667,0.39999999999999997,3.2
1556,20,33,24,1.7777777777777777,0.41927083333333337,0.49690399499995325,3.5555555555555554
1557,18,32,22,1.7,0.40625,0.39999999999999997,3.2
1558,18,27,25,1.7,0.4791666666666667,0.39999999999999997,3.2
1559,18,32,25,1.7,0.4375,0.39999999999999997,3.2
1560,19,34,25,1.736842105263158,0.421875,0.4823763889427201,3.3684210526315788
1561,19,32,25,1.736842105263158,0.4401041666666667,0.4823763889427201,3.3684210526315788
1562,18,33,23,1.7,0.4166666666666667,0.39999999999999997,3.2
1563,18,32,24,1.7,0.4270833333333333,0.39999999999999997,3.2
1564,18,34,24,1.7,0.4166666666666667,0.39999999999999997,3.2
1565,18,32,26,1.7,0.4453125,0.39999999999999997,3.2
1566,18,32,24,1.7,0.4296875,0.39999999999999997,3.2
1567,19,35,25,1.736842105263158,0.4166666666666667,0.4823763889427201,3.3684210526315788
1568,20,31,25,1.7777777777777777,0.4479166666666667,0.49690399499995325,3.5555555555555554
1569,19,34,23,1.736842105263158,0.40625,0.4823763889427201,3.3684210526315788
1570,19,32,25,1.736842105263158,0.4401041666666667,0.4823763889427201,3.3684210526315788
1571,18,28,27,1.7,0.4869791666666667,0.39999999999999997,3.2
1572,19,33,24,1.736842105263158,0.4244791666666667,0.4823763889427201,3.3684210526315788
1573,19,32,24,1.736842105263158,0.4322916666666667,0.4823763889427201,3.3684210526315788
1574,18,31,23,1.7,0.42447916666666663,0.39999999999999997,3.2
1575,18,30,25,1.7,0.453125,0.39999999999999997,3.2
1576,19,31,22,1.736842105263158,0.4140625,0.4823763889427201,3.3684210526315788
1577,19,32,24,1.736842105263158,0.4296875,0.4823763889427201,3.3684210526315788
1578,19,36,22,1.736842105263158,0.3854166666666667,0.4823763889427201,3.3684210526315788
1579,19,31,24,1.736842105263158,0.4375,0.4823763889427201,3.3684210526315788
1580,19,33,24,1.736842105263158,0.4244791666666667,0.4823763889427201,3.3684210526315788
1581,19,28,25,1.736842105263158,0.4661458333333333,0.4823763889427201,3.3684210526315788
1582,19,33,24,1.736842105263158,0.4244791666666667,0.4823763889427201,3.3684210526315788
1583,19,34,24,1.736842105263158,0.4166666666666667,0.48237638894272,3.3684210526315788
1584,18,32,24,1.7,0.4296875,0.39999999999999997,3.2
1585,19,33,24,1.736842105263158,0.4244791666666667,0.4823763889427201,3.3684210526315788
1586,18,29,24,1.7,0.4479166666666667,0.39999999999999997,3.2
1587,18,33,24,1.7,0.421875,0.39999999999999997,3.2
1588,19,33,23,1.736842105263158,0.4166666666666667,0.4823763889427201,3.3684210526315788
1589,19,35,24,1.736842105263158,0.41145833333333337,0.48237638894272,3.3684210526315788
1590,18,32,24,1.7,0.4296875,0.39999999999999997,3.2
1591,19,33,25,1.6842105263157894,0.43121693121693117,0.5668594533825794,3.3157894736842106
1592,18,32,23,1.7,0.41927083333333337,0.39999999999999997,3.2
1593,19,32,23,1.736842105263158,0.4244791666666667,0.4823763889427201,3.3684210526315788
1594,19,32,24,1.736842105263158,0.4322916666666667,0.4823763889427201,3.3684210526315788
1595,18,34,23,1.7,0.40625,0.39999999999999997,3.2
1596,20,32,23,1.7777777777777777,0.4244791666666667,0.49690399499995325,3.5555555555555554
1597,18,32,26,1.7,0.4453125,0.39999999999999997,3.2
1598,19,29,24,1.736842105263158,0.45052083333333337,0.48237638894272,3.3684210526315788
1599,18,31,25,1.7,0.4453125,0.39999999999999997,3.2
1600,19,33,26,1.736842105263158,0.4401041666666667,0.4823763889427201,3.3684210526315788
1601,18,33,24,1.7,0.4244791666666667,0.39999999999999997,3.2
1602,19,31,25,1.736842105263158,0.44791666666666663,0.4823763889427201,3.3684210526315788
1603,18,33,24,1.7,0.421875,0.39999999999999997,3.2
1604,18,31,25,1.7,0.4479166666666667,0.39999999999999997,3.2
1605,19,34,25,1.736842105263158,0.4244791666666667,0.4823763889427201,3.3684210526315788
1606,19,32,24,1.736842105263158,0.42708333333333337,0.4823763889427201,3.3684210526315788
1607,18,33,25,1.7,0.42708333333333337,0.39999999999999997,3.2
1608,18,32,24,1.7,0.4296875,0.39999999999999997,3.2
1609,18,32,26,1.7,0.4479166666666667,0.39999999999999997,3.2
1610,18,33,25,1.7,0.4322916666666667,0.39999999999999997,3.2
1611,19,29,26,1.736842105263158,0.46875,0.48237638894272,3.3684210526315788
1612,19,33,24,1.736842105263158,0.4244791666666667,0.48237638894272,3.3684210526315788
1613,18,33,24,1.7,0.4244791666666667,0.39999999999999997,3.2
1614,18,31,25,1.7,0.4453125,0.39999999999999997,3.2
1615,19,34,24,1.736842105263158,0.4166666666666667,0.4823763889427201,3.3684210526315788
1616,18,32,24,1.7,0.4296875,0.39999999999999997,3.2
1617,18,33,24,1.7,0.421875,0.39999999999999997,3.2
1618,18,29,25,1.7,0.45833333333333337,0.39999999999999997,3.2
1619,19,30,25,1.736842105263158,0.453125,0.4823763889427201,3.3684210526315788
1620,18,30,24,1.7,0.4453125,0.39999999999999997,3.2
1621,19,33,24,1.736842105263158,0.421875,0.4823763889427201,3.3684210526315788
1622,18,32,24,1.7,0.4296875,0.39999999999999997,3.2
1623,18,29,21,1.7,0.4244791666666667,0.39999999999999997,3.2
1624,20,32,24,1.7777777777777777,0.4322916666666667,0.49690399499995325,3.5555555555555554
1625,18,33,23,1.7,0.41145833333333337,0.39999999999999997,3.2
1626,18,34,24,1.7,0.4166666666666667,0.39999999999999997,3.2
1627,19,31,24,1.736842105263158,0.43489583333333337,0.4823763889427201,3.3684210526315788
1628,19,31,24,1.6842105263157894,0.4365079365079365,0.5668594533825794,3.3157894736842106
1629,19,34,24,1.736842105263158,0.4166666666666667,0.48237638894272,3.3684210526315788
1630,19,31,24,1.736842105263158,0.43489583333333337,0.4823763889427201,3.3684210526315788
1631,19,31,24,1.736842105263158,0.4401041666666667,0.4823763889427201,3.3684210526315788
1632,18,34,22,1.7,0.4010416666666667,0.39999999999999997,3.2
1633,18,34,24,1.7,0.4140625,0.39999999999999997,3.2
1634,18,29,25,1.7,0.4557291666666667,0.39999999999999997,3.2
1635,19,31,24,1.736842105263158,0.4401041666666667,0.4823763889427201,3.3684210526315788
1636,19,34,24,1.736842105263158,0.4166666666666667,0.48237638894272,3.3684210526315788
1637,19,31,25,1.736842105263158,0.4427083333333333,0.4823763889427201,3.3684210526315788
1638,18,35,24,1.7,0.4088541666666667,0.39999999999999997,3.2
1639,18,30,25,1.7,0.453125,0.39999999999999997,3.2
1640,18,30,24,1.7,0.4453125,0.39999999999999997,3.2
1641,18,30,25,1.7,0.453125,0.39999999999999997,3.2
1642,19,28,26,1.736842105263158,0.47395833333333337,0.4823763889427201,3.3684210526315788
1643,19,28,24,1.736842105263158,0.4635416666666667,0.4823763889427201,3.3684210526315788
1644,18,33,24,1.7,0.4244791666666667,0.39999999999999997,3.2
1645,18,32,24,1.7,0.4322916666666667,0.39999999999999997,3.2
1646,19,32,24,1.736842105263158,0.4322916666666667,0.4823763889427201,3.3684210526315788
1647,18,32,24,1.7,0.4322916666666667,0.39999999999999997,3.2
1648,19,32,24,1.736842105263158,0.43489583333333337,0.4823763889427201,3.3684210526315788
1649,18,28,25,1.7,0.46875,0.39999999999999997,3.2
1650,19,31,24,1.736842105263158,0.4375,0.4823763889427201,3.3684210526315788
1651,19,33,24,1.736842105263158,0.4244791666666667,0.4823763889427201,3.3684210526315788
1652,19,34,23,1.736842105263158,0.4088541666666667,0.48237638894272,3.3684210526315788
1653,19,31,25,1.736842105263158,0.4479166666666667,0.4823763889427201,3.3684210526315788
1654,18,31,25,1.7,0.4453125,0.39999999999999997,3.2
1655,19,32,23,1.736842105263158,0.4244791666666667,0.4823763889427201,3.3684210526315788
1656,18,31,25,1.7,0.4453125,0.39999999999999997,3.2
1657,18,31,24,1.7,0.43489583333333337,0.39999999999999997,3.2
1658,19,30,23,1.6842105263157894,0.43386243386243384,0.5668594533825794,3.3157894736842106
1659,18,31,25,1.7,0.44270833333333337,0.39999999999999997,3.2
1660,19,36,22,1.736842105263158,0.3854166666666667,0.4823763889427201,3.3684210526315788
1661,19,32,24,1.736842105263158,0.4296875,0.4823763889427201,3.3684210526315788
1662,19,31,26,1.736842105263158,0.453125,0.4823763889427201,3.3684210526315788
1663,18,30,26,1.7,0.4609375,0.39999999999999997,3.2
1664,18,34,24,1.7,0.4166666666666667,0.39999999999999997,3.2
1665,20,32,26,1.7777777777777777,0.45052083333333337,0.49690399499995325,3.5555555555555554
1666,20,32,24,1.7777777777777777,0.4296875,0.49690399499995325,3.5555555555555554
1667,18,28,26,1.7,0.47395833333333337,0.39999999999999997,3.2
1668,19,31,25,1.736842105263158,0.4479166666666667,0.4823763889427201,3.3684210526315788
1669,18,32,24,1.7,0.4296875,0.39999999999999997,3.2
1670,18,31,24,1.7,0.4348958333333333,0.39999999999999997,3.2
1671,18,31,24,1.7,0.4375,0.39999999999999997,3.2
1672,19,31,24,1.736842105263158,0.4375,0.4823763889427201,3.3684210526315788
1673,19,30,25,1.736842105263158,0.453125,0.4823763889427201,3.3684210526315788
1674,18,28,25,1.7,0.46875,0.39999999999999997,3.2
1675,18,27,26,1.7,0.484375,0.39999999999999997,3.2
1676,19,26,27,1.736842105263158,0.5,0.4823763889427201,3.3684210526315788
1677,19,33,24,1.736842105263158,0.4244791666666667,0.4823763889427201,3.3684210526315788
1678,18,31,25,1.7,0.4453125,0.39999999999999997,3.2
1679,19,30,26,1.736842105263158,0.4635416666666667,0.4823763889427201,3.3684210526315788
1680,18,32,24,1.7,0.4296875,0.39999999999999997,3.2
1681,18,31,24,1.7,0.4401041666666667,0.39999999999999997,3.2
1682,19,31,25,1.736842105263158,0.4453125,0.4823763889427201,3.3684210526315788
1683,19,31,25,1.736842105263158,0.4453125,0.4823763889427201,3.3684210526315788
1684,18,30,25,1.7,0.453125,0.39999999999999997,3.2
1685,18,32,24,1.7,0.4296875,0.39999999999999997,3.2
1686,18,28,26,1.7,0.4765625,0.39999999999999997,3.2
1687,19,30,24,1.6842105263157894,0.44179894179894186,0.5668594533825794,3.3157894736842106
1688,18,30,26,1.65,0.4603174603174603,0.47696960070847283,3.15
1689,18,31,24,1.7,0.4401041666666667,0.39999999999999997,3.2
1690,19,33,23,1.736842105263158,0.4166666666666667,0.4823763889427201,3.3684210526315788
1691,19,33,24,1.736842105263158,0.4244791666666667,0.4823763889427201,3.3684210526315788
1692,18,30,25,1.7,0.453125,0.39999999999999997,3.2
1693,18,37,21,1.75,0.3697916666666667,0.39999999999999997,3.2
1694,18,29,26,1.7,0.46875,0.39999999999999997,3.2
1695,18,30,25,1.7,0.453125,0.39999999999999997,3.2
1696,18,32,24,1.7,0.4296875,0.39999999999999997,3.2
1697,19,31,22,1.736842105263158,0.41666666666666663,0.4823763889427201,3.3684210526315788
1698,18,32,25,1.7,0.4401041666666667,0.39999999999999997,3.2
1699,18,32,26,1.7,0.4453125,0.39999999999999997,3.2
1700,18,29,26,1.7,0.4661458333333333,0.39999999999999997,3.2
1701,18,31,24,1.7,0.4375,0.39999999999999997,3.2
1702,18,32,25,1.7,0.4401041666666667,0.39999999999999997,3.2
1703,19,32,25,1.736842105263158,0.4401041666666667,0.4823763889427201,3.3684210526315788
1704,19,29,26,1.736842105263158,0.4713541666666667,0.4823763889427201,3.3684210526315788
1705,18,31,25,1.7,0.4453125,0.39999999999999997,3.2
1706,18,31,25,1.7,0.44270833333333337,0.39999999999999997,3.2
1707,18,31,24,1.7,0.4375,0.39999999999999997,3.2
1708,18,30,25,1.7,0.45052083333333337,0.39999999999999997,3.2
1709,19,30,24,1.736842105263158,0.44270833333333337,0.4823763889427201,3.3684210526315788
1710,18,28,25,1.7,0.46875,0.39999999999999997,3.2
1711,19,30,26,1.736842105263158,0.4609375,0.4823763889427201,3.3684210526315788
1712,18,32,23,1.7,0.4244791666666667,0.39999999999999997,3.2
1713,19,32,24,1.736842105263158,0.4322916666666667,0.4823763889427201,3.3684210526315788
1714,18,31,24,1.7,0.4375,0.39999999999999997,3.2
1715,18,30,22,1.7,0.4270833333333333,0.39999999999999997,3.2
1716,18,31,25,1.7,0.4479166666666667,0.39999999999999997,3.2
1717,19,30,24,1.736842105263158,0.4479166666666667,0.4823763889427201,3.3684210526315788
1718,19,32,25,1.6842105263157894,0.4391534391534392,0.5668594533825794,3.3157894736842106
1719,19,31,25,1.736842105263158,0.4453125,0.4823763889427201,3.3684210526315788
1720,18,30,25,1.7,0.453125,0.39999999999999997,3.2
1721,19,34,23,1.736842105263158,0.4088541666666667,0.4823763889427201,3.3684210526315788
1722,18,34,25,1.7,0.4244791666666667,0.39999999999999997,3.2
1723,18,30,26,1.7,0.4635416666666667,0.39999999999999997,3.2
1724,18,35,20,1.65,0.3783068783068783,0.47696960070847283,3.15
1725,18,31,23,1.7,0.4296875,0.39999999999999997,3.2
1726,18,32,23,1.7,0.421875,0.39999999999999997,3.2
1727,18,32,25,1.7,0.4375,0.39999999999999997,3.2
1728,18,38,18,1.65,0.335978835978836,0.47696960070847283,3.15
1729,18,30,26,1.7,0.4609375,0.39999999999999997,3.2
1730,19,31,25,1.736842105263158,0.4453125,0.48237638894272,3.3684210526315788
1731,18,33,23,1.7,0.4088541666666667,0.39999999999999997,3.2
1732,20,32,27,1.7777777777777777,0.4557291666666667,0.49690399499995325,3.5555555555555554
1733,19,30,24,1.736842105263158,0.4479166666666667,0.4823763889427201,3.3684210526315788
1734,18,29,24,1.7,0.45052083333333337,0.39999999999999997,3.2
1735,18,30,26,1.7,0.46093750000000006,0.39999999999999997,3.2
1736,19,29,26,1.6842105263157894,0.46825396825396826,0.5668594533825794,3.3157894736842106
1737,18,34,23,1.7,0.4088541666666667,0.39999999999999997,3.2
1738,19,30,26,1.736842105263158,0.4609375,0.4823763889427201,3.3684210526315788
1739,18,29,25,1.7,0.4609375,0.39999999999999997,3.2
1740,18,30,25,1.7,0.453125,0.39999999999999997,3.2
1741,18,27,27,1.7,0.48958333333333337,0.39999999999999997,3.2
1742,18,30,24,1.7,0.44270833333333337,0.39999999999999997,3.2
1743,18,28,26,1.7,0.4765625,0.39999999999999997,3.2
1744,18,30,24,1.7,0.4479166666666667,0.39999999999999997,3.2
1745,18,26,28,1.7,0.5052083333333333,0.39999999999999997,3.2
1746,19,32,24,1.736842105263158,0.4322916666666667,0.4823763889427201,3.3684210526315788
1747,18,30,25,1.7,0.4557291666666667,0.39999999999999997,3.2
1748,20,33,24,1.7777777777777777,0.4244791666666667,0.49690399499995325,3.5555555555555554
1749,18,30,24,1.7,0.4427083333333333,0.39999999999999997,3.2
1750,19,31,25,1.736842105263158,0.4453125,0.4823763889427201,3.3684210526315788
1751,18,31,26,1.7,0.4557291666666667,0.39999999999999997,3.2
1752,18,30,25,1.7,0.453125,0.39999999999999997,3.2
1753,18,30,26,1.65,0.46296296296296297,0.47696960070847283,3.15
1754,19,29,26,1.736842105263158,0.4713541666666667,0.4823763889427201,3.3684210526315788
1755,19,28,26,1.6842105263157894,0.47354497354497355,0.5668594533825794,3.3157894736842106
1756,19,30,24,1.736842105263158,0.44270833333333337,0.4823763889427201,3.3684210526315788
1757,19,33,25,1.736842105263158,0.4296875,0.4823763889427201,3.3684210526315788
1758,18,30,23,1.7,0.43229166666666663,0.39999999999999997,3.2
1759,18,31,25,1.7,0.4479166666666667,0.39999999999999997,3.2
1760,18,29,25,1.7,0.4609375,0.39999999999999997,3.2
1761,18,29,25,1.7,0.4609375,0.39999999999999997,3.2
1762,18,27,27,1.7,0.48958333333333337,0.39999999999999997,3.2
1763,18,34,23,1.7,0.4088541666666667,0.39999999999999997,3.2
1764,18,31,25,1.7,0.4427083333333333,0.39999999999999997,3.2
1765,18,29,26,1.7,0.4661458333333333,0.39999999999999997,3.2
1766,19,29,26,1.736842105263158,0.46875,0.48237638894272,3.3684210526315788
1767,18,31,25,1.7,0.4479166666666667,0.39999999999999997,3.2
1768,18,32,25,1.7,0.4401041666666667,0.39999999999999997,3.2
1769,18,29,26,1.7,0.4713541666666667,0.39999999999999997,3.2
1770,19,34,25,1.736842105263158,0.4244791666666667,0.4823763889427201,3.3684210526315788
1771,19,33,23,1.736842105263158,0.4166666666666667,0.4823763889427201,3.3684210526315788
1772,18,28,25,1.7,0.4609375,0.39999999999999997,3.2
1773,19,31,25,1.736842105263158,0.4479166666666667,0.4823763889427201,3.3684210526315788
1774,18,29,25,1.7,0.4609375,0.39999999999999997,3.2
1775,18,30,25,1.7,0.453125,0.39999999999999997,3.2
1776,18,34,25,1.7,0.4244791666666667,0.39999999999999997,3.2
1777,18,31,24,1.7,0.4401041666666667,0.39999999999999997,3.2
1778,18,27,27,1.7,0.4869791666666667,0.39999999999999997,3.2
1779,18,30,24,1.7,0.4427083333333333,0.39999999999999997,3.2
1780,18,26,27,1.7,0.4947916666666667,0.39999999999999997,3.2
1781,18,34,24,1.7,0.4166666666666667,0.39999999999999997,3.2
1782,18,32,25,1.7,0.4401041666666667,0.39999999999999997,3.2
1783,18,27,27,1.7,0.48958333333333337,0.39999999999999997,3.2
1784,19,29,26,1.736842105263158,0.46875,0.4823763889427201,3.3684210526315788
1785,19,29,26,1.736842105263158,0.46614583333333337,0.4823763889427201,3.3684210526315788
1786,18,28,25,1.7,0.46614583333333337,0.39999999999999997,3.2
1787,19,31,25,1.6842105263157894,0.4470899470899471,0.5668594533825794,3.3157894736842106
1788,18,29,25,1.7,0.4609375,0.39999999999999997,3.2
1789,19,32,25,1.736842105263158,0.4401041666666667,0.4823763889427201,3.3684210526315788
1790,18,31,24,1.7,0.43489583333333337,0.39999999999999997,3.2
1791,18,28,27,1.7,0.47916666666666663,0.39999999999999997,3.2
1792,18,30,24,1.65,0.4470899470899471,0.47696960070847283,3.15
1793,19,29,26,1.736842105263158,0.47395833333333337,0.4823763889427201,3.3684210526315788
1794,19,30,23,1.736842105263158,0.4322916666666667,0.4823763889427201,3.3684210526315788
1795,19,30,26,1.736842105263158,0.4635416666666667,0.4823763889427201,3.3684210526315788
1796,18,32,24,1.7,0.4322916666666667,0.39999999999999997,3.2
1797,18,28,27,1.7,0.4869791666666667,0.39999999999999997,3.2
1798,20,33,24,1.7777777777777777,0.421875,0.49690399499995325,3.5555555555555554
1799,18,29,27,1.7,0.4765625,0.39999999999999997,3.2
1800,18,28,27,1.7,0.48177083333333337,0.39999999999999997,3.2
1801,18,29,25,1.7,0.45833333333333337,0.39999999999999997,3.2
1802,18,26,27,1.7,0.49739583333333337,0.39999999999999997,3.2
1803,18,29,26,1.7,0.46875,0.39999999999999997,3.2
1804,18,33,25,1.7,0.4322916666666667,0.39999999999999997,3.2
1805,18,28,26,1.7,0.4739583333333333,0.39999999999999997,3.2
1806,18,29,27,1.7,0.4739583333333333,0.39999999999999997,3.2
1807,18,33,25,1.7,0.4322916666666667,0.39999999999999997,3.2
1808,19,30,26,1.736842105263158,0.4635416666666667,0.4823763889427201,3.3684210526315788
1809,18,30,26,1.7,0.4635416666666667,0.39999999999999997,3.2
1810,19,29,26,1.736842105263158,0.46875,0.4823763889427201,3.3684210526315788
1811,18,31,24,1.65,0.4391534391534392,0.47696960070847283,3.15
1812,19,32,25,1.736842105263158,0.4401041666666667,0.4823763889427201,3.3684210526315788
1813,18,29,26,1.7,0.46875,0.39999999999999997,3.2
1814,18,33,24,1.7,0.4244791666666667,0.39999999999999997,3.2
1815,19,39,19,1.736842105263158,0.3411458333333333,0.4823763889427201,3.3684210526315788
1816,18,28,26,1.65,0.47883597883597884,0.47696960070847283,3.15
1817,18,29,25,1.65,0.4603174603174603,0.47696960070847283,3.15
1818,19,32,24,1.736842105263158,0.4296875,0.4823763889427201,3.3684210526315788
1819,18,29,26,1.7,0.46354166666666663,0.39999999999999997,3.2
1820,18,31,24,1.7,0.4401041666666667,0.39999999999999997,3.2
1821,19,31,26,1.736842105263158,0.4557291666666667,0.4823763889427201,3.3684210526315788
1822,19,32,24,1.736842105263158,0.4322916666666667,0.48237638894272,3.3684210526315788
1823,18,29,26,1.7,0.46875,0.39999999999999997,3.2
1824,18,28,25,1.7,0.46614583333333337,0.39999999999999997,3.2
1825,18,28,26,1.7,0.4765625,0.39999999999999997,3.2
1826,19,29,27,1.736842105263158,0.4791666666666667,0.4823763889427201,3.3684210526315788
1827,18,31,24,1.7,0.4375,0.39999999999999997,3.2
1828,18,26,26,1.65,0.48677248677248675,0.47696960070847283,3.15
1829,18,30,25,1.7,0.4557291666666667,0.39999999999999997,3.2
1830,18,30,25,1.7,0.453125,0.39999999999999997,3.2
1831,18,27,26,1.7,0.484375,0.39999999999999997,3.2
1832,18,28,25,1.7,0.46614583333333337,0.39999999999999997,3.2
1833,18,28,25,1.7,0.46614583333333337,0.39999999999999997,3.2
1834,18,32,26,1.7,0.4453125,0.39999999999999997,3.2
1835,19,30,27,1.6842105263157894,0.46825396825396826,0.5668594533825794,3.3157894736842106
1836,19,28,26,1.736842105263158,0.4791666666666667,0.4823763889427201,3.3684210526315788
1837,19,28,27,1.736842105263158,0.48177083333333337,0.4823763889427201,3.3684210526315788
1838,18,29,27,1.7,0.4791666666666667,0.39999999999999997,3.2
1839,18,30,26,1.7,0.4609375,0.39999999999999997,3.2
1840,19,32,26,1.736842105263158,0.4479166666666667,0.4823763889427201,3.3684210526315788
1841,18,30,24,1.7,0.4453125,0.39999999999999997,3.2
1842,19,32,24,1.736842105263158,0.4296875,0.4823763889427201,3.3684210526315788
1843,18,31,25,1.7,0.4479166666666667,0.39999999999999997,3.2
1844,18,31,25,1.7,0.4453125,0.39999999999999997,3.2
1845,18,33,23,1.7,0.4166666666666667,0.39999999999999997,3.2
1846,18,29,26,1.7,0.46875,0.39999999999999997,3.2
1847,19,27,27,1.736842105263158,0.48958333333333337,0.4823763889427201,3.3684210526315788
1848,18,27,26,1.7,0.484375,0.39999999999999997,3.2
1849,18,30,26,1.7,0.4635416666666667,0.39999999999999997,3.2
1850,18,27,28,1.7,0.5,0.39999999999999997,3.2
1851,19,30,25,1.736842105263158,0.4557291666666667,0.4823763889427201,3.3684210526315788
1852,18,30,21,1.7,0.41927083333333337,0.39999999999999997,3.2
1853,19,30,26,1.736842105263158,0.4635416666666667,0.4823763889427201,3.3684210526315788
1854,18,29,27,1.7,0.4765625,0.39999999999999997,3.2
1855,18,30,27,1.7,0.4713541666666667,0.39999999999999997,3.2
1856,18,28,25,1.7,0.46614583333333337,0.39999999999999997,3.2
1857,18,33,25,1.7,0.4322916666666667,0.39999999999999997,3.2
1858,19,29,27,1.736842105263158,0.4791666666666667,0.4823763889427201,3.3684210526315788
1859,18,25,25,1.7,0.4921875,0.39999999999999997,3.2
1860,19,30,26,1.736842105263158,0.4609375,0.4823763889427201,3.3684210526315788
1861,19,28,27,1.736842105263158,0.4869791666666667,0.4823763889427201,3.3684210526315788
1862,18,29,26,1.7,0.46875,0.39999999999999997,3.2
1863,19,34,24,1.736842105263158,0.4140625,0.4823763889427201,3.3684210526315788
1864,19,30,27,1.736842105263158,0.4661458333333333,0.48237638894272,3.3684210526315788
1865,18,32,24,1.7,0.4296875,0.39999999999999997,3.2
1866,19,30,26,1.736842105263158,0.4635416666666667,0.4823763889427201,3.3684210526315788
1867,18,28,25,1.7,0.4713541666666667,0.39999999999999997,3.2
1868,18,30,26,1.7,0.4609375,0.39999999999999997,3.2
1869,19,30,25,1.736842105263158,0.453125,0.4823763889427201,3.3684210526315788
1870,19,31,25,1.736842105263158,0.4479166666666667,0.4823763889427201,3.3684210526315788
1871,18,29,27,1.7,0.4765625,0.39999999999999997,3.2
1872,18,30,25,1.7,0.453125,0.39999999999999997,3.2
1873,19,30,26,1.736842105263158,0.4609375,0.4823763889427201,3.3684210526315788
1874,19,29,27,1.736842105263158,0.4765625,0.4823763889427201,3.3684210526315788
1875,18,31,27,1.7,0.4635416666666667,0.39999999999999997,3.2
1876,18,32,24,1.7,0.4322916666666667,0.39999999999999997,3.2
1877,18,28,27,1.7,0.48177083333333337,0.39999999999999997,3.2
1878,18,26,27,1.7,0.5,0.39999999999999997,3.2
1879,18,29,26,1.7,0.46614583333333337,0.39999999999999997,3.2
1880,18,28,26,1.7,0.4765625,0.39999999999999997,3.2
1881,18,30,24,1.7,0.4453125,0.39999999999999997,3.2
1883,19,30,27,1.736842105263158,0.46875,0.48237638894272,3.3684210526315788
1884,19,30,27,1.736842105263158,0.46875,0.48237638894272,3.3684210526315788
1885,19,30,27,1.736842105263158,0.46875,0.48237638894272,3.3684210526315788
1886,19,30,27,1.736842105263158,0.46875,0.48237638894272,3.3684210526315788
1887,19,30,27,1.736842105263158,0.46875,0.48237638894272,3.3684210526315788
1888,19,30,27,1.736842105263158,0.46875,0.48237638894272,3.3684210526315788
1889,19,30,27,1.736842105263158,0.46875,0.48237638894272,3.3684210526315788
1890,19,30,27,1.736842105263158,0.46875,0.48237638894272,3.3684210526315788
1891,19,30,27,1.736842105263158,0.46875,0.48237638894272,3.3684210526315788
1892,19,30,27,1.736842105263158,0.46875,0.48237638894272,3.3684210526315788
