Episode,Desafios_sin_equipo,Estudiantes_fuera_preferencias,Estudiantes_primera_prioridad,Promedio_carreras_por_equipo,Satisfaccion_promedio,STD_tamano_equipos,Tamano_promedio_equipo
2,17,60,3,1.7142857142857142,0.05208333333333333,0.21295885499997994,3.0476190476190474
3,18,58,2,1.75,0.0625,0.39999999999999997,3.2
4,18,56,3,1.75,0.08072916666666666,0.39999999999999997,3.2
5,18,58,1,1.7,0.046875,0.39999999999999997,3.2
6,18,57,2,1.75,0.05989583333333333,0.39999999999999997,3.2
7,18,60,3,1.75,0.052083333333333336,0.39999999999999997,3.2
8,17,59,0,1.7142857142857142,0.03645833333333333,0.21295885499997994,3.0476190476190474
9,18,60,2,1.75,0.044270833333333336,0.39999999999999997,3.2
10,17,60,2,1.7142857142857142,0.044270833333333336,0.21295885499997994,3.0476190476190474
11,17,62,1,1.7142857142857142,0.020833333333333332,0.21295885499997994,3.0476190476190474
12,17,61,1,1.7142857142857142,0.028645833333333332,0.21295885499997994,3.0476190476190474
13,18,59,0,1.7,0.026455026455026454,0.47696960070847283,3.15
14,18,62,1,1.75,0.0234375,0.39999999999999997,3.2
15,18,61,1,1.75,0.03125,0.39999999999999997,3.2
16,18,60,2,1.75,0.044270833333333336,0.39999999999999997,3.2
17,17,63,1,1.7142857142857142,0.015625,0.21295885499997994,3.0476190476190474
18,18,59,2,1.75,0.049479166666666664,0.39999999999999997,3.2
19,18,61,2,1.75,0.0390625,0.39999999999999997,3.2
20,18,64,0,1.75,0.0,0.39999999999999997,3.2
21,17,60,1,1.7142857142857142,0.033854166666666664,0.21295885499997994,3.0476190476190474
22,18,61,1,1.75,0.03125,0.39999999999999997,3.2
23,18,63,0,1.75,0.005208333333333333,0.39999999999999997,3.2
24,18,59,2,1.75,0.049479166666666664,0.39999999999999997,3.2
25,18,58,0,1.7,0.03439153439153439,0.47696960070847283,3.15
26,18,58,3,1.75,0.0703125,0.39999999999999997,3.2
27,18,57,0,1.75,0.05208333333333333,0.39999999999999997,3.2
28,17,60,1,1.7142857142857142,0.033854166666666664,0.21295885499997994,3.0476190476190474
29,19,55,3,1.7894736842105263,0.08333333333333334,0.4823763889427201,3.3684210526315788
30,17,60,1,1.7142857142857142,0.033854166666666664,0.21295885499997994,3.0476190476190474
31,18,59,2,1.7,0.04232804232804233,0.47696960070847283,3.15
32,18,60,2,1.75,0.041666666666666664,0.39999999999999997,3.2
33,17,63,0,1.7142857142857142,0.005208333333333333,0.21295885499997994,3.0476190476190474
34,17,61,3,1.7142857142857142,0.046875,0.21295885499997994,3.0476190476190474
35,18,58,4,1.75,0.07291666666666666,0.39999999999999997,3.2
36,17,62,1,1.6666666666666667,0.020833333333333332,0.21295885499997994,3.0476190476190474
37,19,58,2,1.7894736842105263,0.057291666666666664,0.48237638894272,3.3684210526315788
38,18,61,1,1.75,0.028645833333333332,0.39999999999999997,3.2
39,18,56,3,1.75,0.08072916666666666,0.39999999999999997,3.2
40,18,58,2,1.75,0.05729166666666666,0.39999999999999997,3.2
41,18,60,1,1.75,0.033854166666666664,0.39999999999999997,3.2
42,18,58,3,1.7,0.06510416666666666,0.39999999999999997,3.2
43,18,59,1,1.75,0.04427083333333333,0.39999999999999997,3.2
44,18,58,1,1.75,0.049479166666666664,0.39999999999999997,3.2
45,17,61,1,1.7142857142857142,0.03125,0.21295885499997994,3.0476190476190474
46,18,60,1,1.75,0.03645833333333333,0.39999999999999997,3.2
47,18,59,3,1.75,0.0625,0.39999999999999997,3.2
48,18,59,4,1.75,0.06770833333333334,0.39999999999999997,3.2
49,18,59,0,1.75,0.03645833333333333,0.39999999999999997,3.2
50,18,63,0,1.75,0.005208333333333333,0.39999999999999997,3.2
51,18,59,2,1.75,0.049479166666666664,0.39999999999999997,3.2
52,17,57,3,1.7142857142857142,0.078125,0.21295885499997994,3.0476190476190474
53,18,56,3,1.7,0.078125,0.39999999999999997,3.2
54,18,56,4,1.75,0.08854166666666666,0.39999999999999997,3.2
55,18,57,3,1.75,0.07291666666666666,0.39999999999999997,3.2
56,19,57,3,1.7894736842105263,0.0703125,0.4823763889427201,3.3684210526315788
57,17,60,0,1.7142857142857142,0.026041666666666664,0.21295885499997994,3.0476190476190474
58,18,58,2,1.75,0.057291666666666664,0.39999999999999997,3.2
59,17,58,0,1.7142857142857142,0.0390625,0.21295885499997994,3.0476190476190474
60,18,61,0,1.75,0.020833333333333332,0.39999999999999997,3.2
61,18,57,2,1.75,0.06510416666666666,0.39999999999999997,3.2
62,18,59,2,1.75,0.049479166666666664,0.39999999999999997,3.2
63,18,53,4,1.75,0.11197916666666666,0.39999999999999997,3.2
64,18,57,1,1.75,0.05729166666666666,0.39999999999999997,3.2
65,19,62,2,1.7894736842105263,0.03125,0.48237638894272,3.3684210526315788
66,19,58,1,1.7894736842105263,0.04427083333333333,0.4823763889427201,3.3684210526315788
67,17,56,0,1.7142857142857142,0.0546875,0.21295885499997994,3.0476190476190474
68,18,57,1,1.75,0.057291666666666664,0.39999999999999997,3.2
69,18,60,3,1.75,0.05208333333333333,0.39999999999999997,3.2
70,18,53,5,1.75,0.1171875,0.39999999999999997,3.2
71,18,60,3,1.75,0.052083333333333336,0.39999999999999997,3.2
72,18,57,2,1.75,0.06510416666666666,0.39999999999999997,3.2
73,17,60,3,1.7142857142857142,0.0546875,0.21295885499997994,3.0476190476190474
74,17,59,2,1.7142857142857142,0.049479166666666664,0.21295885499997994,3.0476190476190474
75,17,60,0,1.6666666666666667,0.023809523809523808,0.3086066999241838,3.0
76,18,57,4,1.7,0.08072916666666666,0.39999999999999997,3.2
77,17,60,1,1.7142857142857142,0.033854166666666664,0.21295885499997994,3.0476190476190474
78,17,58,3,1.7142857142857142,0.06510416666666666,0.21295885499997994,3.0476190476190474
79,18,54,4,1.75,0.10416666666666666,0.39999999999999997,3.2
80,18,54,3,1.75,0.08854166666666666,0.39999999999999997,3.2
81,19,56,3,1.7894736842105263,0.08333333333333333,0.4823763889427201,3.3684210526315788
82,18,57,3,1.75,0.07291666666666666,0.39999999999999997,3.2
83,17,63,0,1.7142857142857142,0.005208333333333333,0.21295885499997994,3.0476190476190474
84,17,60,3,1.7142857142857142,0.0546875,0.21295885499997994,3.0476190476190474
85,18,56,2,1.75,0.0703125,0.39999999999999997,3.2
86,18,59,2,1.75,0.0546875,0.39999999999999997,3.2
87,17,62,1,1.7142857142857142,0.0234375,0.21295885499997994,3.0476190476190474
88,18,58,3,1.75,0.06770833333333333,0.39999999999999997,3.2
89,17,61,2,1.7142857142857142,0.03645833333333333,0.21295885499997994,3.0476190476190474
90,17,55,4,1.7142857142857142,0.09375,0.21295885499997994,3.0476190476190474
91,17,60,3,1.6666666666666667,0.05208333333333333,0.21295885499997994,3.0476190476190474
92,18,58,1,1.75,0.046875,0.39999999999999997,3.2
93,17,57,6,1.7142857142857142,0.1015625,0.21295885499997994,3.0476190476190474
94,17,59,0,1.6666666666666667,0.0291005291005291,0.3086066999241838,3.0
95,18,59,1,1.75,0.0390625,0.39999999999999997,3.2
96,19,57,2,1.7894736842105263,0.06510416666666666,0.4823763889427201,3.3684210526315788
97,18,60,1,1.7,0.031746031746031744,0.47696960070847283,3.15
98,17,58,3,1.7142857142857142,0.06770833333333333,0.21295885499997994,3.0476190476190474
99,18,56,5,1.75,0.09635416666666666,0.39999999999999997,3.2
100,18,61,3,1.75,0.046875,0.39999999999999997,3.2
101,19,59,2,1.7894736842105263,0.046875,0.4823763889427201,3.3684210526315788
102,18,56,2,1.75,0.0703125,0.39999999999999997,3.2
103,17,60,2,1.6666666666666667,0.04427083333333333,0.21295885499997994,3.0476190476190474
104,19,59,1,1.7894736842105263,0.04427083333333333,0.4823763889427201,3.3684210526315788
105,18,56,3,1.75,0.08072916666666666,0.39999999999999997,3.2
106,17,60,1,1.7142857142857142,0.033854166666666664,0.21295885499997994,3.0476190476190474
107,17,53,7,1.7142857142857142,0.13802083333333331,0.21295885499997994,3.0476190476190474
108,18,52,4,1.7,0.11458333333333333,0.39999999999999997,3.2
109,17,61,1,1.7142857142857142,0.028645833333333332,0.21295885499997994,3.0476190476190474
110,18,60,1,1.75,0.033854166666666664,0.39999999999999997,3.2
111,19,56,5,1.7894736842105263,0.09375,0.48237638894272,3.3684210526315788
112,18,56,4,1.75,0.0859375,0.39999999999999997,3.2
113,18,61,1,1.75,0.03125,0.39999999999999997,3.2
114,17,61,2,1.7142857142857142,0.0390625,0.21295885499997994,3.0476190476190474
115,17,57,3,1.7142857142857142,0.07291666666666666,0.21295885499997994,3.0476190476190474
116,17,56,5,1.7142857142857142,0.09374999999999999,0.21295885499997994,3.0476190476190474
117,18,59,2,1.75,0.05208333333333333,0.39999999999999997,3.2
118,17,56,4,1.7142857142857142,0.08854166666666666,0.21295885499997994,3.0476190476190474
119,18,57,4,1.75,0.08072916666666667,0.39999999999999997,3.2
120,17,52,2,1.619047619047619,0.10052910052910052,0.3086066999241838,3.0
121,17,56,1,1.7142857142857142,0.05989583333333333,0.21295885499997994,3.0476190476190474
122,18,58,2,1.75,0.05729166666666666,0.39999999999999997,3.2
123,17,57,2,1.7142857142857142,0.0625,0.21295885499997994,3.0476190476190474
124,19,57,3,1.7894736842105263,0.078125,0.4823763889427201,3.3684210526315788
125,18,58,1,1.75,0.04947916666666667,0.39999999999999997,3.2
126,19,58,2,1.7894736842105263,0.05989583333333333,0.48237638894272,3.3684210526315788
127,18,57,3,1.75,0.07291666666666666,0.39999999999999997,3.2
128,18,56,2,1.75,0.0703125,0.39999999999999997,3.2
129,17,55,6,1.7142857142857142,0.11458333333333333,0.21295885499997994,3.0476190476190474
130,19,54,7,1.7894736842105263,0.1328125,0.4823763889427201,3.3684210526315788
131,18,57,4,1.75,0.08072916666666666,0.39999999999999997,3.2
132,18,60,3,1.75,0.05208333333333333,0.39999999999999997,3.2
133,17,58,1,1.7142857142857142,0.046875,0.21295885499997994,3.0476190476190474
134,18,55,3,1.75,0.08593749999999999,0.39999999999999997,3.2
135,18,61,2,1.75,0.0390625,0.39999999999999997,3.2
136,18,55,3,1.75,0.08593749999999999,0.39999999999999997,3.2
137,19,51,4,1.7894736842105263,0.11979166666666666,0.4823763889427201,3.3684210526315788
138,17,56,5,1.7142857142857142,0.09895833333333333,0.21295885499997994,3.0476190476190474
139,18,56,3,1.75,0.07552083333333333,0.39999999999999997,3.2
140,20,56,1,1.8333333333333333,0.06510416666666666,0.49690399499995325,3.5555555555555554
141,17,59,2,1.7142857142857142,0.049479166666666664,0.21295885499997994,3.0476190476190474
142,19,58,2,1.7894736842105263,0.057291666666666664,0.4823763889427201,3.3684210526315788
143,17,54,5,1.6666666666666667,0.11458333333333333,0.21295885499997994,3.0476190476190474
144,18,54,5,1.75,0.10937499999999999,0.39999999999999997,3.2
145,18,58,2,1.75,0.057291666666666664,0.39999999999999997,3.2
146,18,55,2,1.75,0.08072916666666666,0.39999999999999997,3.2
147,18,57,3,1.75,0.07552083333333333,0.39999999999999997,3.2
148,17,53,5,1.7142857142857142,0.125,0.21295885499997994,3.0476190476190474
149,19,52,7,1.7894736842105263,0.14322916666666666,0.4823763889427201,3.3684210526315788
150,19,58,2,1.7894736842105263,0.05729166666666666,0.4823763889427201,3.3684210526315788
151,18,59,3,1.75,0.05989583333333333,0.39999999999999997,3.2
152,18,52,3,1.75,0.10677083333333331,0.39999999999999997,3.2
153,18,54,5,1.75,0.109375,0.39999999999999997,3.2
154,18,57,1,1.75,0.0546875,0.39999999999999997,3.2
155,18,58,2,1.75,0.0546875,0.39999999999999997,3.2
156,18,56,2,1.75,0.07552083333333333,0.39999999999999997,3.2
157,19,59,2,1.7894736842105263,0.0546875,0.48237638894272,3.3684210526315788
158,17,52,4,1.6666666666666667,0.11458333333333333,0.21295885499997994,3.0476190476190474
159,19,56,2,1.7894736842105263,0.0703125,0.4823763889427201,3.3684210526315788
160,19,49,6,1.7894736842105263,0.15364583333333331,0.4823763889427201,3.3684210526315788
161,17,55,5,1.7142857142857142,0.10677083333333334,0.21295885499997994,3.0476190476190474
162,17,54,4,1.7142857142857142,0.1015625,0.21295885499997994,3.0476190476190474
163,18,53,4,1.75,0.10416666666666666,0.39999999999999997,3.2
164,17,55,5,1.7142857142857142,0.10416666666666666,0.21295885499997994,3.0476190476190474
165,18,53,3,1.75,0.09895833333333333,0.39999999999999997,3.2
166,18,51,5,1.75,0.13802083333333331,0.39999999999999997,3.2
167,18,52,3,1.7,0.10582010582010581,0.47696960070847283,3.15
168,18,52,5,1.75,0.125,0.39999999999999997,3.2
169,20,49,3,1.8333333333333333,0.125,0.49690399499995325,3.5555555555555554
170,18,58,3,1.75,0.06770833333333333,0.39999999999999997,3.2
171,18,55,3,1.7,0.0859375,0.39999999999999997,3.2
172,17,57,1,1.6666666666666667,0.0546875,0.21295885499997994,3.0476190476190474
173,19,56,1,1.7894736842105263,0.0625,0.4823763889427201,3.3684210526315788
174,18,55,3,1.75,0.08593749999999999,0.39999999999999997,3.2
175,17,51,8,1.7142857142857142,0.15885416666666666,0.21295885499997994,3.0476190476190474
176,17,54,2,1.7142857142857142,0.08593749999999999,0.21295885499997994,3.0476190476190474
177,18,51,6,1.75,0.140625,0.39999999999999997,3.2
178,18,54,8,1.75,0.13802083333333331,0.39999999999999997,3.2
179,18,56,2,1.75,0.0703125,0.39999999999999997,3.2
180,18,53,3,1.75,0.09895833333333333,0.39999999999999997,3.2
181,18,50,8,1.75,0.16666666666666666,0.39999999999999997,3.2
182,18,56,6,1.75,0.10677083333333333,0.39999999999999997,3.2
183,18,56,5,1.75,0.09635416666666666,0.39999999999999997,3.2
184,18,45,9,1.75,0.20572916666666666,0.39999999999999997,3.2
185,19,54,7,1.7894736842105263,0.1328125,0.4823763889427201,3.3684210526315788
186,18,53,5,1.75,0.11979166666666666,0.39999999999999997,3.2
187,17,51,11,1.619047619047619,0.1875,0.21295885499997994,3.0476190476190474
188,18,52,6,1.75,0.13802083333333331,0.39999999999999997,3.2
189,19,58,3,1.7894736842105263,0.0703125,0.4823763889427201,3.3684210526315788
190,18,53,8,1.75,0.14322916666666666,0.39999999999999997,3.2
191,19,49,6,1.7894736842105263,0.15364583333333331,0.4823763889427201,3.3684210526315788
192,18,51,4,1.75,0.11979166666666666,0.39999999999999997,3.2
193,18,53,6,1.75,0.12499999999999999,0.39999999999999997,3.2
194,18,52,6,1.75,0.1328125,0.39999999999999997,3.2
195,18,56,1,1.75,0.06770833333333333,0.39999999999999997,3.2
196,18,57,5,1.75,0.09375,0.39999999999999997,3.2
197,18,56,6,1.75,0.109375,0.39999999999999997,3.2
198,17,53,6,1.7142857142857142,0.1328125,0.21295885499997994,3.0476190476190474
199,18,53,5,1.75,0.12239583333333333,0.39999999999999997,3.2
200,19,53,5,1.7894736842105263,0.12239583333333334,0.4823763889427201,3.3684210526315788
201,18,53,6,1.75,0.12499999999999999,0.39999999999999997,3.2
202,18,52,4,1.75,0.11197916666666666,0.39999999999999997,3.2
203,18,54,4,1.75,0.1015625,0.39999999999999997,3.2
204,17,54,4,1.7142857142857142,0.1015625,0.21295885499997994,3.0476190476190474
205,18,50,6,1.75,0.140625,0.39999999999999997,3.2
206,18,51,6,1.75,0.13802083333333331,0.39999999999999997,3.2
207,19,51,4,1.7894736842105263,0.12499999999999999,0.4823763889427201,3.3684210526315788
208,17,53,8,1.7142857142857142,0.14322916666666666,0.21295885499997994,3.0476190476190474
209,18,53,3,1.75,0.09895833333333333,0.39999999999999997,3.2
210,18,48,10,1.75,0.203125,0.39999999999999997,3.2
211,18,49,8,1.75,0.17708333333333331,0.39999999999999997,3.2
212,18,53,5,1.75,0.11979166666666666,0.39999999999999997,3.2
213,19,46,10,1.7894736842105263,0.21354166666666666,0.4823763889427201,3.3684210526315788
214,18,51,6,1.75,0.14322916666666666,0.39999999999999997,3.2
215,18,53,5,1.75,0.11718749999999999,0.39999999999999997,3.2
216,18,52,6,1.75,0.13802083333333331,0.39999999999999997,3.2
217,18,55,5,1.7,0.10416666666666666,0.39999999999999997,3.2
218,18,53,5,1.75,0.1171875,0.39999999999999997,3.2
219,19,56,2,1.736842105263158,0.07291666666666666,0.4823763889427201,3.3684210526315788
220,17,51,8,1.7142857142857142,0.16145833333333331,0.21295885499997994,3.0476190476190474
221,17,49,5,1.7142857142857142,0.15104166666666666,0.21295885499997994,3.0476190476190474
222,20,48,6,1.8333333333333333,0.16145833333333331,0.49690399499995325,3.5555555555555554
223,19,48,10,1.7894736842105263,0.1953125,0.4823763889427201,3.3684210526315788
224,17,50,8,1.7142857142857142,0.16927083333333331,0.21295885499997994,3.0476190476190474
225,19,49,7,1.7894736842105263,0.16145833333333331,0.4823763889427201,3.3684210526315788
226,18,54,4,1.75,0.10416666666666666,0.39999999999999997,3.2
227,17,54,3,1.7142857142857142,0.08854166666666666,0.21295885499997994,3.0476190476190474
228,18,49,6,1.75,0.15104166666666666,0.39999999999999997,3.2
229,19,47,10,1.7894736842105263,0.1953125,0.4823763889427201,3.3684210526315788
230,17,49,7,1.7142857142857142,0.171875,0.21295885499997994,3.0476190476190474
231,18,50,9,1.75,0.17447916666666666,0.39999999999999997,3.2
232,17,50,12,1.6666666666666667,0.203125,0.21295885499997994,3.0476190476190474
233,18,51,9,1.75,0.1640625,0.39999999999999997,3.2
234,18,53,5,1.7,0.12239583333333333,0.39999999999999997,3.2
235,18,49,9,1.75,0.1796875,0.39999999999999997,3.2
236,18,46,13,1.75,0.2421875,0.39999999999999997,3.2
237,17,52,9,1.7142857142857142,0.1640625,0.21295885499997994,3.0476190476190474
238,18,56,3,1.75,0.08072916666666666,0.39999999999999997,3.2
239,18,50,7,1.75,0.15104166666666666,0.39999999999999997,3.2
240,18,48,12,1.75,0.21354166666666666,0.39999999999999997,3.2
241,19,51,7,1.7894736842105263,0.15104166666666666,0.4823763889427201,3.3684210526315788
242,20,51,6,1.8333333333333333,0.1328125,0.49690399499995325,3.5555555555555554
243,19,47,11,1.7894736842105263,0.21354166666666669,0.48237638894272,3.3684210526315788
244,17,45,9,1.7142857142857142,0.21354166666666666,0.21295885499997994,3.0476190476190474
245,18,49,7,1.75,0.16145833333333331,0.39999999999999997,3.2
246,19,48,9,1.7894736842105263,0.18489583333333331,0.4823763889427201,3.3684210526315788
247,18,43,8,1.75,0.20833333333333331,0.39999999999999997,3.2
248,18,49,8,1.75,0.17708333333333331,0.39999999999999997,3.2
249,18,48,8,1.75,0.1796875,0.39999999999999997,3.2
250,18,46,12,1.75,0.2265625,0.39999999999999997,3.2
251,18,46,10,1.75,0.21614583333333331,0.39999999999999997,3.2
252,18,52,7,1.75,0.140625,0.39999999999999997,3.2
253,18,47,11,1.75,0.2109375,0.39999999999999997,3.2
254,19,54,5,1.7894736842105263,0.11458333333333333,0.48237638894272,3.3684210526315788
255,18,46,14,1.7,0.24479166666666663,0.39999999999999997,3.2
256,17,43,10,1.7142857142857142,0.22916666666666669,0.21295885499997994,3.0476190476190474
257,18,50,9,1.75,0.17708333333333331,0.39999999999999997,3.2
258,17,46,10,1.7142857142857142,0.20833333333333331,0.21295885499997994,3.0476190476190474
259,19,49,9,1.736842105263158,0.18489583333333331,0.4823763889427201,3.3684210526315788
260,18,45,9,1.75,0.20833333333333331,0.39999999999999997,3.2
261,17,53,7,1.7142857142857142,0.1328125,0.21295885499997994,3.0476190476190474
262,18,47,10,1.75,0.20833333333333331,0.39999999999999997,3.2
263,18,51,8,1.75,0.15625,0.39999999999999997,3.2
264,18,47,9,1.7,0.18783068783068785,0.47696960070847283,3.15
265,18,46,10,1.75,0.20833333333333331,0.39999999999999997,3.2
266,19,46,10,1.7894736842105263,0.21354166666666666,0.4823763889427201,3.3684210526315788
267,18,53,8,1.75,0.14322916666666666,0.39999999999999997,3.2
268,19,45,11,1.7894736842105263,0.22395833333333334,0.4823763889427201,3.3684210526315788
269,19,45,9,1.7894736842105263,0.21875,0.4823763889427201,3.3684210526315788
270,19,46,12,1.736842105263158,0.23177083333333331,0.4823763889427201,3.3684210526315788
271,19,50,11,1.7894736842105263,0.1953125,0.48237638894272,3.3684210526315788
272,18,45,13,1.75,0.24739583333333334,0.39999999999999997,3.2
273,19,46,11,1.7894736842105263,0.21614583333333331,0.4823763889427201,3.3684210526315788
274,17,42,15,1.6666666666666667,0.283068783068783,0.3086066999241838,3.0
275,18,43,15,1.75,0.2734375,0.39999999999999997,3.2
276,19,47,11,1.7894736842105263,0.2109375,0.4823763889427201,3.3684210526315788
277,19,50,9,1.7894736842105263,0.17708333333333331,0.48237638894272,3.3684210526315788
278,19,48,8,1.7894736842105263,0.1875,0.4823763889427201,3.3684210526315788
279,19,41,14,1.7894736842105263,0.28125,0.4823763889427201,3.3684210526315788
280,18,44,13,1.75,0.25260416666666663,0.39999999999999997,3.2
281,19,46,10,1.7894736842105263,0.20833333333333331,0.4823763889427201,3.3684210526315788
282,17,47,10,1.7142857142857142,0.20833333333333331,0.21295885499997994,3.0476190476190474
283,18,45,10,1.65,0.20899470899470898,0.47696960070847283,3.15
284,18,45,12,1.75,0.234375,0.39999999999999997,3.2
285,18,43,11,1.75,0.23958333333333331,0.39999999999999997,3.2
286,17,44,13,1.6666666666666667,0.25132275132275134,0.3086066999241838,3.0
287,19,46,12,1.7894736842105263,0.22916666666666666,0.4823763889427201,3.3684210526315788
288,17,40,13,1.7142857142857142,0.265625,0.21295885499997994,3.0476190476190474
289,18,46,8,1.75,0.19791666666666666,0.39999999999999997,3.2
290,18,49,10,1.75,0.19010416666666666,0.39999999999999997,3.2
291,19,44,7,1.7894736842105263,0.19531249999999997,0.4823763889427201,3.3684210526315788
292,19,44,13,1.7894736842105263,0.25260416666666663,0.4823763889427201,3.3684210526315788
293,19,44,14,1.7894736842105263,0.2578125,0.4823763889427201,3.3684210526315788
294,18,44,13,1.7,0.25,0.39999999999999997,3.2
295,17,49,10,1.7142857142857142,0.19270833333333331,0.21295885499997994,3.0476190476190474
296,19,43,15,1.7894736842105263,0.2760416666666667,0.4823763889427201,3.3684210526315788
297,17,48,9,1.7142857142857142,0.19010416666666666,0.21295885499997994,3.0476190476190474
298,19,47,11,1.7894736842105263,0.20833333333333331,0.4823763889427201,3.3684210526315788
299,18,45,13,1.75,0.24479166666666666,0.39999999999999997,3.2
300,18,43,16,1.75,0.28385416666666663,0.39999999999999997,3.2
301,19,44,13,1.7894736842105263,0.25260416666666663,0.4823763889427201,3.3684210526315788
302,17,41,13,1.7142857142857142,0.2734375,0.21295885499997994,3.0476190476190474
303,19,43,14,1.7894736842105263,0.265625,0.48237638894272,3.3684210526315788
304,19,42,15,1.736842105263158,0.27864583333333337,0.48237638894272,3.3684210526315788
305,19,44,13,1.736842105263158,0.25,0.4823763889427201,3.3684210526315788
306,18,42,13,1.75,0.26302083333333337,0.39999999999999997,3.2
307,18,42,16,1.75,0.2916666666666667,0.39999999999999997,3.2
308,18,38,18,1.75,0.3359375,0.39999999999999997,3.2
309,18,47,11,1.7,0.21354166666666663,0.39999999999999997,3.2
310,18,45,14,1.7,0.24739583333333331,0.39999999999999997,3.2
311,18,44,15,1.75,0.265625,0.39999999999999997,3.2
312,19,41,11,1.7894736842105263,0.26041666666666663,0.4823763889427201,3.3684210526315788
313,18,46,12,1.7,0.22916666666666666,0.39999999999999997,3.2
314,20,40,16,1.8333333333333333,0.3046875,0.49690399499995325,3.5555555555555554
315,19,42,17,1.7894736842105263,0.30208333333333337,0.4823763889427201,3.3684210526315788
316,19,44,15,1.7894736842105263,0.26822916666666663,0.4823763889427201,3.3684210526315788
317,18,43,12,1.75,0.24739583333333331,0.39999999999999997,3.2
318,20,44,13,1.7777777777777777,0.24867724867724864,0.6009252125773316,3.5
319,17,46,13,1.7142857142857142,0.23958333333333331,0.21295885499997994,3.0476190476190474
320,18,45,13,1.75,0.23958333333333334,0.39999999999999997,3.2
321,19,41,15,1.7894736842105263,0.2838541666666667,0.4823763889427201,3.3684210526315788
322,18,43,15,1.75,0.27604166666666663,0.39999999999999997,3.2
323,17,40,14,1.7142857142857142,0.2890625,0.21295885499997994,3.0476190476190474
324,19,43,15,1.7894736842105263,0.27864583333333337,0.4823763889427201,3.3684210526315788
325,19,40,13,1.7894736842105263,0.27604166666666663,0.4823763889427201,3.3684210526315788
326,19,46,12,1.7894736842105263,0.234375,0.4823763889427201,3.3684210526315788
327,18,42,14,1.7,0.2671957671957672,0.47696960070847283,3.15
328,19,46,12,1.7894736842105263,0.22916666666666666,0.4823763889427201,3.3684210526315788
329,18,41,13,1.75,0.2760416666666667,0.39999999999999997,3.2
330,19,44,17,1.7894736842105263,0.2864583333333333,0.4823763889427201,3.3684210526315788
331,18,43,16,1.75,0.2786458333333333,0.39999999999999997,3.2
332,19,42,16,1.7894736842105263,0.2890625,0.4823763889427201,3.3684210526315788
333,19,44,14,1.736842105263158,0.2578125,0.4823763889427201,3.3684210526315788
334,18,43,14,1.75,0.265625,0.39999999999999997,3.2
335,19,44,14,1.7894736842105263,0.2630208333333333,0.4823763889427201,3.3684210526315788
336,19,44,12,1.7894736842105263,0.23958333333333331,0.4823763889427201,3.3684210526315788
337,18,47,15,1.75,0.25,0.39999999999999997,3.2
338,18,48,13,1.75,0.2265625,0.39999999999999997,3.2
339,18,44,12,1.75,0.2421875,0.39999999999999997,3.2
340,17,43,15,1.7142857142857142,0.27864583333333337,0.21295885499997994,3.0476190476190474
341,18,43,15,1.7,0.28125,0.39999999999999997,3.2
342,20,46,9,1.8333333333333333,0.2109375,0.49690399499995325,3.5555555555555554
343,19,43,17,1.7894736842105263,0.2942708333333333,0.4823763889427201,3.3684210526315788
344,19,42,14,1.7894736842105263,0.2734375,0.4823763889427201,3.3684210526315788
345,19,42,15,1.736842105263158,0.28125,0.4823763889427201,3.3684210526315788
346,18,45,12,1.75,0.23177083333333334,0.39999999999999997,3.2
347,18,43,13,1.75,0.25260416666666663,0.39999999999999997,3.2
348,18,45,13,1.75,0.25,0.39999999999999997,3.2
349,18,44,16,1.7,0.2760416666666667,0.39999999999999997,3.2
350,18,47,12,1.7,0.22135416666666663,0.39999999999999997,3.2
351,18,40,17,1.75,0.3177083333333333,0.39999999999999997,3.2
352,19,43,16,1.7894736842105263,0.28385416666666663,0.4823763889427201,3.3684210526315788
353,19,43,18,1.736842105263158,0.3020833333333333,0.4823763889427201,3.3684210526315788
354,19,47,12,1.7894736842105263,0.22395833333333331,0.4823763889427201,3.3684210526315788
355,19,44,15,1.736842105263158,0.2682291666666667,0.4823763889427201,3.3684210526315788
356,18,42,17,1.75,0.29947916666666663,0.39999999999999997,3.2
357,19,45,13,1.7894736842105263,0.24479166666666666,0.4823763889427201,3.3684210526315788
358,19,42,16,1.736842105263158,0.2942708333333333,0.4823763889427201,3.3684210526315788
359,18,47,13,1.7,0.22916666666666669,0.39999999999999997,3.2
360,18,42,15,1.7,0.28125,0.39999999999999997,3.2
361,17,44,15,1.6666666666666667,0.2708333333333333,0.21295885499997994,3.0476190476190474
362,19,39,17,1.736842105263158,0.31770833333333337,0.4823763889427201,3.3684210526315788
363,19,39,16,1.7894736842105263,0.3151041666666667,0.4823763889427201,3.3684210526315788
364,20,43,13,1.7777777777777777,0.2604166666666667,0.49690399499995325,3.5555555555555554
365,19,40,14,1.7894736842105263,0.28645833333333337,0.4823763889427201,3.3684210526315788
366,19,43,16,1.736842105263158,0.2786458333333333,0.4823763889427201,3.3684210526315788
367,18,45,15,1.75,0.2630208333333333,0.39999999999999997,3.2
368,17,44,15,1.6666666666666667,0.2708333333333333,0.21295885499997994,3.0476190476190474
369,19,43,16,1.6842105263157894,0.283068783068783,0.5668594533825794,3.3157894736842106
370,19,41,18,1.7894736842105263,0.3151041666666667,0.4823763889427201,3.3684210526315788
371,18,45,15,1.7,0.2630208333333333,0.39999999999999997,3.2
372,18,39,18,1.7,0.328125,0.39999999999999997,3.2
373,18,39,15,1.75,0.3046875,0.39999999999999997,3.2
374,18,40,14,1.7,0.2890625,0.39999999999999997,3.2
375,18,41,17,1.7,0.30729166666666663,0.39999999999999997,3.2
376,19,40,15,1.7894736842105263,0.296875,0.48237638894272,3.3684210526315788
377,18,42,15,1.7,0.27864583333333337,0.39999999999999997,3.2
378,19,41,15,1.736842105263158,0.28645833333333337,0.4823763889427201,3.3684210526315788
379,19,40,15,1.736842105263158,0.2942708333333333,0.4823763889427201,3.3684210526315788
380,17,43,16,1.6666666666666667,0.28125,0.21295885499997994,3.0476190476190474
381,18,45,15,1.7,0.2578125,0.39999999999999997,3.2
382,19,45,13,1.7894736842105263,0.24739583333333331,0.4823763889427201,3.3684210526315788
383,18,48,12,1.7,0.21875,0.39999999999999997,3.2
384,19,43,16,1.736842105263158,0.28125,0.4823763889427201,3.3684210526315788
385,18,43,16,1.7,0.2838541666666667,0.39999999999999997,3.2
386,18,44,16,1.75,0.28125,0.39999999999999997,3.2
387,18,38,19,1.7,0.34375,0.39999999999999997,3.2
388,19,46,14,1.736842105263158,0.24479166666666663,0.4823763889427201,3.3684210526315788
389,18,39,18,1.7,0.328125,0.39999999999999997,3.2
390,19,41,17,1.736842105263158,0.3046875,0.4823763889427201,3.3684210526315788
391,18,40,17,1.7,0.3151041666666667,0.39999999999999997,3.2
392,19,42,16,1.736842105263158,0.29166666666666663,0.4823763889427201,3.3684210526315788
393,18,41,18,1.7,0.31510416666666663,0.39999999999999997,3.2
394,19,42,16,1.736842105263158,0.2916666666666667,0.4823763889427201,3.3684210526315788
395,19,41,19,1.736842105263158,0.328125,0.4823763889427201,3.3684210526315788
396,19,47,13,1.736842105263158,0.23177083333333331,0.4823763889427201,3.3684210526315788
397,18,41,19,1.7,0.328125,0.39999999999999997,3.2
398,18,43,16,1.7,0.28125,0.39999999999999997,3.2
399,18,43,17,1.75,0.2942708333333333,0.39999999999999997,3.2
400,19,39,16,1.736842105263158,0.30729166666666663,0.4823763889427201,3.3684210526315788
401,19,45,17,1.736842105263158,0.27864583333333337,0.4823763889427201,3.3684210526315788
402,18,37,20,1.7,0.35416666666666663,0.39999999999999997,3.2
403,19,42,17,1.736842105263158,0.2942708333333333,0.4823763889427201,3.3684210526315788
404,18,41,15,1.7,0.2838541666666667,0.39999999999999997,3.2
405,18,39,19,1.7,0.3359375,0.39999999999999997,3.2
406,18,38,19,1.7,0.3515625,0.39999999999999997,3.2
407,18,36,20,1.7,0.3671875,0.39999999999999997,3.2
408,19,39,19,1.736842105263158,0.34114583333333337,0.4823763889427201,3.3684210526315788
409,19,38,20,1.736842105263158,0.3515625,0.4823763889427201,3.3684210526315788
410,18,43,17,1.7,0.2942708333333333,0.39999999999999997,3.2
411,20,38,17,1.7777777777777777,0.3307291666666667,0.49690399499995325,3.5555555555555554
412,19,46,14,1.7894736842105263,0.24739583333333331,0.4823763889427201,3.3684210526315788
413,20,42,16,1.8333333333333333,0.2916666666666667,0.49690399499995325,3.5555555555555554
414,18,42,17,1.7,0.29947916666666663,0.39999999999999997,3.2
415,18,38,21,1.7,0.3671875,0.39999999999999997,3.2
416,18,39,16,1.7,0.3125,0.39999999999999997,3.2
417,19,48,12,1.736842105263158,0.21614583333333331,0.4823763889427201,3.3684210526315788
418,19,41,17,1.736842105263158,0.3125,0.4823763889427201,3.3684210526315788
419,17,40,20,1.6666666666666667,0.33854166666666663,0.21295885499997994,3.0476190476190474
420,18,42,14,1.7,0.2708333333333333,0.39999999999999997,3.2
421,17,41,18,1.6666666666666667,0.31510416666666663,0.21295885499997994,3.0476190476190474
422,19,40,18,1.736842105263158,0.3229166666666667,0.48237638894272,3.3684210526315788
423,18,38,19,1.7,0.3463541666666667,0.39999999999999997,3.2
424,18,44,15,1.7,0.2734375,0.39999999999999997,3.2
425,19,41,18,1.736842105263158,0.31510416666666663,0.4823763889427201,3.3684210526315788
426,20,40,18,1.7777777777777777,0.32552083333333337,0.49690399499995325,3.5555555555555554
427,18,43,16,1.7,0.2864583333333333,0.39999999999999997,3.2
428,19,39,17,1.6842105263157894,0.3253968253968254,0.5668594533825794,3.3157894736842106
429,17,39,15,1.6666666666666667,0.30208333333333337,0.21295885499997994,3.0476190476190474
430,19,41,16,1.736842105263158,0.296875,0.4823763889427201,3.3684210526315788
431,18,42,17,1.7,0.3020833333333333,0.39999999999999997,3.2
432,19,39,20,1.736842105263158,0.3489583333333333,0.4823763889427201,3.3684210526315788
433,18,43,17,1.7,0.29166666666666663,0.39999999999999997,3.2
434,19,45,13,1.736842105263158,0.2421875,0.4823763889427201,3.3684210526315788
435,19,43,17,1.736842105263158,0.2890625,0.4823763889427201,3.3684210526315788
436,19,42,18,1.736842105263158,0.30729166666666663,0.4823763889427201,3.3684210526315788
437,18,37,18,1.7,0.34114583333333337,0.39999999999999997,3.2
438,18,41,20,1.7,0.33333333333333337,0.39999999999999997,3.2
439,19,38,20,1.736842105263158,0.3541666666666667,0.48237638894272,3.3684210526315788
440,19,41,16,1.736842105263158,0.2942708333333333,0.48237638894272,3.3684210526315788
441,18,43,19,1.7,0.3125,0.39999999999999997,3.2
442,19,40,17,1.736842105263158,0.30989583333333337,0.4823763889427201,3.3684210526315788
443,18,40,19,1.7,0.3359375,0.39999999999999997,3.2
444,19,37,18,1.736842105263158,0.33854166666666663,0.48237638894272,3.3684210526315788
445,18,40,18,1.7,0.32552083333333337,0.39999999999999997,3.2
446,19,40,16,1.736842105263158,0.3046875,0.4823763889427201,3.3684210526315788
447,17,37,19,1.6666666666666667,0.3567708333333333,0.21295885499997994,3.0476190476190474
448,18,44,15,1.7,0.2734375,0.39999999999999997,3.2
449,17,38,17,1.6666666666666667,0.3359375,0.21295885499997994,3.0476190476190474
450,19,42,18,1.736842105263158,0.3098958333333333,0.4823763889427201,3.3684210526315788
451,18,40,15,1.7,0.29427083333333337,0.39999999999999997,3.2
452,18,45,14,1.7,0.25260416666666663,0.39999999999999997,3.2
453,18,40,20,1.7,0.3385416666666667,0.39999999999999997,3.2
454,18,42,17,1.7,0.30208333333333337,0.39999999999999997,3.2
455,18,36,21,1.7,0.38020833333333337,0.39999999999999997,3.2
456,18,41,19,1.7,0.32291666666666663,0.39999999999999997,3.2
457,18,43,17,1.7,0.296875,0.39999999999999997,3.2
458,18,42,19,1.75,0.3203125,0.39999999999999997,3.2
459,18,40,17,1.7,0.3125,0.39999999999999997,3.2
460,17,41,18,1.6666666666666667,0.3177083333333333,0.21295885499997994,3.0476190476190474
461,19,40,21,1.736842105263158,0.3515625,0.4823763889427201,3.3684210526315788
462,17,37,17,1.619047619047619,0.33597883597883593,0.3086066999241838,3.0
463,19,38,16,1.6842105263157894,0.3174603174603174,0.5668594533825794,3.3157894736842106
464,19,42,16,1.736842105263158,0.296875,0.4823763889427201,3.3684210526315788
465,19,45,15,1.736842105263158,0.26041666666666663,0.4823763889427201,3.3684210526315788
466,18,40,16,1.7,0.30208333333333337,0.39999999999999997,3.2
467,18,42,15,1.7,0.2864583333333333,0.39999999999999997,3.2
468,18,41,18,1.7,0.3203125,0.39999999999999997,3.2
469,18,37,18,1.7,0.34895833333333337,0.39999999999999997,3.2
470,19,36,18,1.7894736842105263,0.3541666666666667,0.4823763889427201,3.3684210526315788
471,19,40,19,1.736842105263158,0.3359375,0.4823763889427201,3.3684210526315788
472,17,39,18,1.6666666666666667,0.3307291666666667,0.21295885499997994,3.0476190476190474
473,19,40,18,1.736842105263158,0.3203125,0.4823763889427201,3.3684210526315788
474,19,42,18,1.736842105263158,0.3125,0.4823763889427201,3.3684210526315788
475,18,42,17,1.7,0.3046875,0.39999999999999997,3.2
476,18,41,18,1.7,0.3203125,0.39999999999999997,3.2
477,18,42,17,1.7,0.2994791666666667,0.39999999999999997,3.2
478,18,36,20,1.7,0.3671875,0.39999999999999997,3.2
479,19,39,16,1.736842105263158,0.30989583333333337,0.4823763889427201,3.3684210526315788
480,19,42,18,1.736842105263158,0.3098958333333333,0.4823763889427201,3.3684210526315788
481,19,39,19,1.736842105263158,0.3411458333333333,0.4823763889427201,3.3684210526315788
482,19,40,18,1.736842105263158,0.3229166666666667,0.4823763889427201,3.3684210526315788
483,19,40,20,1.736842105263158,0.34375,0.4823763889427201,3.3684210526315788
484,18,41,17,1.7,0.3072916666666667,0.39999999999999997,3.2
485,19,41,17,1.736842105263158,0.3125,0.4823763889427201,3.3684210526315788
486,18,41,18,1.7,0.3151041666666667,0.39999999999999997,3.2
487,19,45,15,1.736842105263158,0.265625,0.4823763889427201,3.3684210526315788
488,18,39,18,1.7,0.33072916666666663,0.39999999999999997,3.2
489,19,41,17,1.736842105263158,0.30989583333333337,0.48237638894272,3.3684210526315788
490,18,42,19,1.7,0.3203125,0.39999999999999997,3.2
491,19,39,20,1.736842105263158,0.3515625,0.48237638894272,3.3684210526315788
492,19,33,16,1.736842105263158,0.3541666666666667,0.4823763889427201,3.3684210526315788
493,18,42,19,1.7,0.3177083333333333,0.39999999999999997,3.2
494,18,40,19,1.65,0.3280423280423281,0.47696960070847283,3.15
495,19,39,18,1.736842105263158,0.3333333333333333,0.4823763889427201,3.3684210526315788
496,18,41,17,1.7,0.30729166666666663,0.39999999999999997,3.2
497,18,35,17,1.7,0.34895833333333337,0.39999999999999997,3.2
498,19,37,19,1.736842105263158,0.3541666666666667,0.4823763889427201,3.3684210526315788
499,19,40,19,1.736842105263158,0.3359375,0.4823763889427201,3.3684210526315788
500,17,39,18,1.6666666666666667,0.3333333333333333,0.21295885499997994,3.0476190476190474
501,18,36,21,1.7,0.3828125,0.39999999999999997,3.2
502,18,42,18,1.7,0.30989583333333337,0.39999999999999997,3.2
503,19,39,19,1.736842105263158,0.34114583333333337,0.4823763889427201,3.3684210526315788
504,19,37,19,1.736842105263158,0.3567708333333333,0.4823763889427201,3.3684210526315788
505,18,41,18,1.7,0.3203125,0.39999999999999997,3.2
506,18,38,17,1.7,0.3307291666666667,0.39999999999999997,3.2
507,18,38,18,1.65,0.3412698412698413,0.47696960070847283,3.15
508,18,38,19,1.7,0.34375,0.39999999999999997,3.2
509,19,40,19,1.736842105263158,0.3359375,0.4823763889427201,3.3684210526315788
510,19,38,20,1.736842105263158,0.35677083333333337,0.4823763889427201,3.3684210526315788
511,18,38,19,1.7,0.34895833333333337,0.39999999999999997,3.2
512,18,41,16,1.7,0.29947916666666663,0.39999999999999997,3.2
513,19,41,16,1.736842105263158,0.29947916666666663,0.48237638894272,3.3684210526315788
514,19,36,20,1.6842105263157894,0.35978835978835977,0.5668594533825794,3.3157894736842106
515,19,44,15,1.736842105263158,0.2708333333333333,0.4823763889427201,3.3684210526315788
516,18,38,18,1.7,0.34114583333333337,0.39999999999999997,3.2
517,18,40,19,1.65,0.33068783068783075,0.47696960070847283,3.15
518,18,39,21,1.7,0.359375,0.39999999999999997,3.2
519,19,39,18,1.736842105263158,0.3307291666666667,0.4823763889427201,3.3684210526315788
520,19,38,20,1.736842105263158,0.35677083333333337,0.4823763889427201,3.3684210526315788
521,19,41,18,1.736842105263158,0.31510416666666663,0.4823763889427201,3.3684210526315788
522,19,40,18,1.736842105263158,0.32552083333333337,0.4823763889427201,3.3684210526315788
523,18,38,18,1.75,0.3359375,0.39999999999999997,3.2
524,18,42,20,1.7,0.328125,0.39999999999999997,3.2
525,19,39,18,1.736842105263158,0.3307291666666667,0.48237638894272,3.3684210526315788
526,19,35,19,1.736842105263158,0.3697916666666667,0.4823763889427201,3.3684210526315788
527,18,42,17,1.7,0.30208333333333337,0.39999999999999997,3.2
528,18,38,18,1.7,0.3359375,0.39999999999999997,3.2
529,18,40,19,1.7,0.328125,0.39999999999999997,3.2
530,20,38,22,1.7777777777777777,0.3723958333333333,0.49690399499995325,3.5555555555555554
531,18,45,14,1.7,0.2552083333333333,0.39999999999999997,3.2
532,19,41,17,1.736842105263158,0.30729166666666663,0.4823763889427201,3.3684210526315788
533,19,38,17,1.736842105263158,0.33072916666666663,0.4823763889427201,3.3684210526315788
534,19,41,18,1.736842105263158,0.31770833333333337,0.4823763889427201,3.3684210526315788
535,19,46,11,1.736842105263158,0.2265625,0.4823763889427201,3.3684210526315788
536,19,39,19,1.736842105263158,0.34114583333333337,0.4823763889427201,3.3684210526315788
537,18,41,18,1.65,0.31481481481481477,0.47696960070847283,3.15
538,18,39,18,1.7,0.328125,0.39999999999999997,3.2
539,17,42,16,1.6666666666666667,0.29427083333333337,0.21295885499997994,3.0476190476190474
540,19,37,20,1.736842105263158,0.3671875,0.4823763889427201,3.3684210526315788
541,19,38,19,1.736842105263158,0.34114583333333337,0.4823763889427201,3.3684210526315788
542,19,35,22,1.736842105263158,0.3958333333333333,0.4823763889427201,3.3684210526315788
543,19,38,19,1.736842105263158,0.34635416666666663,0.4823763889427201,3.3684210526315788
544,19,39,19,1.736842105263158,0.3385416666666667,0.4823763889427201,3.3684210526315788
545,18,39,18,1.7,0.33333333333333337,0.39999999999999997,3.2
546,18,41,16,1.7,0.2962962962962963,0.47696960070847283,3.15
547,18,35,19,1.65,0.365079365079365,0.47696960070847283,3.15
548,18,40,19,1.7,0.3333333333333333,0.39999999999999997,3.2
549,19,36,19,1.7894736842105263,0.359375,0.4823763889427201,3.3684210526315788
550,19,36,21,1.736842105263158,0.3802083333333333,0.4823763889427201,3.3684210526315788
551,19,40,16,1.736842105263158,0.3046875,0.4823763889427201,3.3684210526315788
552,19,39,18,1.736842105263158,0.3307291666666667,0.4823763889427201,3.3684210526315788
553,19,39,18,1.6842105263157894,0.33068783068783075,0.5668594533825794,3.3157894736842106
554,18,40,17,1.65,0.3148148148148148,0.47696960070847283,3.15
555,19,38,17,1.736842105263158,0.33333333333333337,0.4823763889427201,3.3684210526315788
556,20,41,19,1.7777777777777777,0.328125,0.49690399499995325,3.5555555555555554
557,19,39,20,1.736842105263158,0.34895833333333337,0.48237638894272,3.3684210526315788
558,18,41,18,1.7,0.3203125,0.39999999999999997,3.2
559,18,36,19,1.7,0.36197916666666663,0.39999999999999997,3.2
560,18,38,18,1.7,0.33854166666666663,0.39999999999999997,3.2
561,18,39,19,1.7,0.33333333333333337,0.39999999999999997,3.2
562,18,36,20,1.7,0.36979166666666663,0.39999999999999997,3.2
563,19,34,19,1.736842105263158,0.36979166666666663,0.48237638894272,3.3684210526315788
564,19,39,19,1.6842105263157894,0.3386243386243386,0.5668594533825794,3.3157894736842106
565,18,37,19,1.7,0.3515625,0.39999999999999997,3.2
566,18,38,20,1.7,0.35416666666666663,0.39999999999999997,3.2
567,18,40,17,1.7,0.3177083333333333,0.39999999999999997,3.2
568,18,37,20,1.7,0.36197916666666663,0.39999999999999997,3.2
569,19,35,22,1.736842105263158,0.3932291666666667,0.4823763889427201,3.3684210526315788
570,19,41,19,1.736842105263158,0.328125,0.4823763889427201,3.3684210526315788
571,19,41,22,1.736842105263158,0.3515625,0.4823763889427201,3.3684210526315788
572,18,42,18,1.7,0.3098958333333333,0.39999999999999997,3.2
573,19,37,19,1.736842105263158,0.3541666666666667,0.4823763889427201,3.3684210526315788
574,19,40,21,1.736842105263158,0.34895833333333337,0.48237638894272,3.3684210526315788
575,19,38,21,1.736842105263158,0.3619791666666667,0.4823763889427201,3.3684210526315788
576,19,34,22,1.736842105263158,0.40364583333333337,0.4823763889427201,3.3684210526315788
577,18,39,20,1.7,0.34895833333333337,0.39999999999999997,3.2
578,18,41,17,1.7,0.30989583333333337,0.39999999999999997,3.2
579,19,35,23,1.736842105263158,0.40364583333333337,0.4823763889427201,3.3684210526315788
580,20,37,20,1.7777777777777777,0.3645833333333333,0.49690399499995325,3.5555555555555554
581,19,40,20,1.736842105263158,0.3411458333333333,0.4823763889427201,3.3684210526315788
582,18,37,16,1.7,0.3280423280423281,0.47696960070847283,3.15
583,20,39,19,1.7777777777777777,0.34114583333333337,0.49690399499995325,3.5555555555555554
584,18,37,20,1.7,0.3645833333333333,0.39999999999999997,3.2
585,19,35,20,1.736842105263158,0.37760416666666663,0.4823763889427201,3.3684210526315788
586,19,37,21,1.736842105263158,0.3723958333333333,0.4823763889427201,3.3684210526315788
587,19,35,20,1.736842105263158,0.37760416666666663,0.48237638894272,3.3684210526315788
588,19,38,22,1.736842105263158,0.375,0.48237638894272,3.3684210526315788
589,18,38,22,1.7,0.37239583333333337,0.39999999999999997,3.2
590,20,37,24,1.7777777777777777,0.3958333333333333,0.49690399499995325,3.5555555555555554
591,19,28,21,1.6842105263157894,0.43386243386243384,0.5668594533825794,3.3157894736842106
592,19,35,22,1.736842105263158,0.390625,0.4823763889427201,3.3684210526315788
593,18,37,22,1.7,0.3776041666666667,0.39999999999999997,3.2
594,19,33,20,1.736842105263158,0.38541666666666663,0.48237638894272,3.3684210526315788
595,19,39,15,1.736842105263158,0.30208333333333337,0.4823763889427201,3.3684210526315788
596,20,35,21,1.7222222222222223,0.38095238095238093,0.6009252125773316,3.5
597,19,37,20,1.736842105263158,0.3671875,0.4823763889427201,3.3684210526315788
598,19,40,17,1.736842105263158,0.3203125,0.4823763889427201,3.3684210526315788
599,19,40,20,1.736842105263158,0.34114583333333337,0.4823763889427201,3.3684210526315788
600,19,35,20,1.736842105263158,0.37760416666666663,0.4823763889427201,3.3684210526315788
601,19,38,21,1.736842105263158,0.3671875,0.4823763889427201,3.3684210526315788
602,18,40,19,1.7,0.3359375,0.39999999999999997,3.2
603,19,38,19,1.736842105263158,0.34114583333333337,0.4823763889427201,3.3684210526315788
604,18,38,19,1.7,0.34895833333333337,0.39999999999999997,3.2
605,19,38,21,1.736842105263158,0.3645833333333333,0.4823763889427201,3.3684210526315788
606,18,36,21,1.7,0.37760416666666663,0.39999999999999997,3.2
607,18,38,20,1.7,0.3567708333333333,0.39999999999999997,3.2
608,19,37,21,1.736842105263158,0.36979166666666663,0.4823763889427201,3.3684210526315788
609,18,38,19,1.65,0.34656084656084657,0.47696960070847283,3.15
610,18,35,20,1.7,0.3671875,0.39999999999999997,3.2
611,17,39,18,1.619047619047619,0.328042328042328,0.3086066999241838,3.0
612,18,34,20,1.7,0.38541666666666663,0.39999999999999997,3.2
613,18,40,19,1.75,0.3333333333333333,0.39999999999999997,3.2
614,19,36,20,1.736842105263158,0.3671875,0.4823763889427201,3.3684210526315788
615,18,36,22,1.7,0.38802083333333337,0.39999999999999997,3.2
616,19,42,16,1.736842105263158,0.29427083333333337,0.4823763889427201,3.3684210526315788
617,18,39,20,1.7,0.3489583333333333,0.39999999999999997,3.2
618,19,39,21,1.736842105263158,0.359375,0.4823763889427201,3.3684210526315788
619,19,39,19,1.736842105263158,0.3411458333333333,0.4823763889427201,3.3684210526315788
620,19,36,22,1.736842105263158,0.3880208333333333,0.4823763889427201,3.3684210526315788
621,18,34,20,1.7,0.3776041666666667,0.39999999999999997,3.2
622,19,36,19,1.736842105263158,0.35677083333333337,0.4823763889427201,3.3684210526315788
623,18,34,20,1.7,0.3828125,0.39999999999999997,3.2
624,18,35,21,1.7,0.38020833333333337,0.39999999999999997,3.2
625,19,41,17,1.736842105263158,0.3098958333333333,0.4823763889427201,3.3684210526315788
626,18,34,21,1.7,0.390625,0.39999999999999997,3.2
627,19,35,23,1.736842105263158,0.3984375,0.4823763889427201,3.3684210526315788
628,18,37,20,1.7,0.36458333333333337,0.39999999999999997,3.2
629,18,38,18,1.7,0.34114583333333337,0.39999999999999997,3.2
630,19,36,19,1.736842105263158,0.3645833333333333,0.4823763889427201,3.3684210526315788
631,18,39,18,1.7,0.328125,0.39999999999999997,3.2
632,19,32,19,1.736842105263158,0.38802083333333337,0.48237638894272,3.3684210526315788
633,19,36,22,1.736842105263158,0.3854166666666667,0.4823763889427201,3.3684210526315788
634,17,35,22,1.6666666666666667,0.390625,0.21295885499997994,3.0476190476190474
635,19,39,21,1.736842105263158,0.3567708333333333,0.4823763889427201,3.3684210526315788
636,18,36,21,1.7,0.37760416666666663,0.39999999999999997,3.2
637,18,38,20,1.7,0.3541666666666667,0.39999999999999997,3.2
638,18,38,23,1.7,0.3828125,0.39999999999999997,3.2
639,19,33,20,1.736842105263158,0.390625,0.48237638894272,3.3684210526315788
640,18,41,15,1.7,0.29427083333333337,0.39999999999999997,3.2
641,19,33,22,1.736842105263158,0.40885416666666663,0.4823763889427201,3.3684210526315788
642,18,36,19,1.7,0.359375,0.39999999999999997,3.2
643,18,35,22,1.7,0.390625,0.39999999999999997,3.2
644,19,33,21,1.6842105263157894,0.4021164021164021,0.5668594533825794,3.3157894736842106
645,19,34,19,1.736842105263158,0.37239583333333337,0.48237638894272,3.3684210526315788
646,17,37,20,1.6666666666666667,0.36197916666666663,0.21295885499997994,3.0476190476190474
647,20,37,21,1.7777777777777777,0.3697916666666667,0.49690399499995325,3.5555555555555554
648,19,37,21,1.736842105263158,0.3723958333333333,0.4823763889427201,3.3684210526315788
649,18,40,18,1.7,0.328125,0.39999999999999997,3.2
650,19,32,22,1.736842105263158,0.4192708333333333,0.48237638894272,3.3684210526315788
651,19,34,23,1.736842105263158,0.40885416666666663,0.4823763889427201,3.3684210526315788
652,18,34,23,1.7,0.4114583333333333,0.39999999999999997,3.2
653,18,36,22,1.7,0.3854166666666667,0.39999999999999997,3.2
654,18,35,22,1.7,0.39322916666666663,0.39999999999999997,3.2
655,18,35,21,1.7,0.3880208333333333,0.39999999999999997,3.2
656,19,34,21,1.736842105263158,0.3958333333333333,0.4823763889427201,3.3684210526315788
657,19,36,22,1.736842105263158,0.3828125,0.4823763889427201,3.3684210526315788
658,19,36,20,1.6842105263157894,0.373015873015873,0.5668594533825794,3.3157894736842106
659,18,36,21,1.7,0.3776041666666667,0.39999999999999997,3.2
660,18,34,20,1.7,0.3828125,0.39999999999999997,3.2
661,18,37,20,1.7,0.36458333333333337,0.39999999999999997,3.2
662,18,36,21,1.7,0.3776041666666667,0.39999999999999997,3.2
663,18,37,21,1.7,0.3697916666666667,0.39999999999999997,3.2
664,19,37,19,1.736842105263158,0.3567708333333333,0.4823763889427201,3.3684210526315788
665,19,33,22,1.6842105263157894,0.4074074074074074,0.5668594533825794,3.3157894736842106
666,18,40,20,1.7,0.34375,0.39999999999999997,3.2
667,18,36,22,1.7,0.3880208333333333,0.39999999999999997,3.2
668,18,36,21,1.7,0.3802083333333333,0.39999999999999997,3.2
669,18,36,19,1.7,0.35677083333333337,0.39999999999999997,3.2
670,18,34,21,1.7,0.390625,0.39999999999999997,3.2
671,18,36,22,1.7,0.3854166666666667,0.39999999999999997,3.2
672,19,37,20,1.736842105263158,0.3645833333333333,0.48237638894272,3.3684210526315788
673,18,35,20,1.65,0.37566137566137564,0.47696960070847283,3.15
674,19,36,22,1.736842105263158,0.3880208333333333,0.4823763889427201,3.3684210526315788
675,18,33,19,1.7,0.38020833333333337,0.39999999999999997,3.2
676,19,34,22,1.736842105263158,0.4010416666666667,0.48237638894272,3.3684210526315788
677,19,34,22,1.736842105263158,0.4036458333333333,0.4823763889427201,3.3684210526315788
678,18,36,20,1.7,0.3671875,0.39999999999999997,3.2
679,18,36,22,1.65,0.3888888888888889,0.47696960070847283,3.15
680,19,35,21,1.736842105263158,0.3880208333333333,0.4823763889427201,3.3684210526315788
681,19,34,25,1.736842105263158,0.4270833333333333,0.4823763889427201,3.3684210526315788
682,18,36,20,1.7,0.3723958333333333,0.39999999999999997,3.2
683,19,33,22,1.6842105263157894,0.4074074074074074,0.5668594533825794,3.3157894736842106
684,18,36,22,1.7,0.38541666666666663,0.39999999999999997,3.2
685,20,32,21,1.7777777777777777,0.40625,0.49690399499995325,3.5555555555555554
686,20,33,20,1.7777777777777777,0.3958333333333333,0.49690399499995325,3.5555555555555554
687,19,35,20,1.736842105263158,0.37760416666666663,0.4823763889427201,3.3684210526315788
688,19,40,18,1.736842105263158,0.32552083333333337,0.4823763889427201,3.3684210526315788
689,19,36,21,1.736842105263158,0.37760416666666663,0.4823763889427201,3.3684210526315788
690,18,36,21,1.7,0.38020833333333337,0.39999999999999997,3.2
691,18,36,21,1.7,0.3802083333333333,0.39999999999999997,3.2
692,19,36,21,1.736842105263158,0.375,0.48237638894272,3.3684210526315788
693,19,35,21,1.736842105263158,0.3880208333333333,0.4823763889427201,3.3684210526315788
694,19,36,20,1.736842105263158,0.37239583333333337,0.4823763889427201,3.3684210526315788
695,19,36,19,1.736842105263158,0.36197916666666663,0.4823763889427201,3.3684210526315788
696,18,35,20,1.7,0.375,0.39999999999999997,3.2
697,18,33,22,1.7,0.40625,0.39999999999999997,3.2
698,18,31,21,1.7,0.4140625,0.39999999999999997,3.2
699,18,33,24,1.7,0.4270833333333333,0.39999999999999997,3.2
700,20,35,20,1.7777777777777777,0.3802083333333333,0.49690399499995325,3.5555555555555554
701,18,34,20,1.7,0.38020833333333337,0.39999999999999997,3.2
702,18,34,20,1.7,0.3828125,0.39999999999999997,3.2
703,19,30,23,1.736842105263158,0.4401041666666667,0.4823763889427201,3.3684210526315788
704,19,34,21,1.736842105263158,0.3958333333333333,0.4823763889427201,3.3684210526315788
705,19,33,21,1.736842105263158,0.3984375,0.4823763889427201,3.3684210526315788
706,19,32,24,1.736842105263158,0.4348958333333333,0.4823763889427201,3.3684210526315788
707,18,36,20,1.7,0.37239583333333337,0.39999999999999997,3.2
708,19,37,21,1.736842105263158,0.37239583333333337,0.48237638894272,3.3684210526315788
709,19,33,21,1.736842105263158,0.3984375,0.4823763889427201,3.3684210526315788
710,19,32,21,1.736842105263158,0.40885416666666663,0.4823763889427201,3.3684210526315788
711,19,35,23,1.736842105263158,0.40364583333333337,0.4823763889427201,3.3684210526315788
712,18,36,22,1.7,0.38541666666666663,0.39999999999999997,3.2
713,19,43,17,1.736842105263158,0.2942708333333333,0.4823763889427201,3.3684210526315788
714,19,36,21,1.736842105263158,0.37760416666666663,0.4823763889427201,3.3684210526315788
715,20,31,21,1.7777777777777777,0.4192708333333333,0.49690399499995325,3.5555555555555554
716,18,34,21,1.7,0.3958333333333333,0.39999999999999997,3.2
717,19,34,21,1.736842105263158,0.39322916666666663,0.4823763889427201,3.3684210526315788
718,18,31,21,1.7,0.41145833333333337,0.39999999999999997,3.2
719,18,31,24,1.7,0.44010416666666663,0.39999999999999997,3.2
720,19,33,22,1.6842105263157894,0.41005291005291006,0.5668594533825794,3.3157894736842106
721,19,35,21,1.736842105263158,0.3880208333333333,0.4823763889427201,3.3684210526315788
722,19,30,22,1.736842105263158,0.4296875,0.48237638894272,3.3684210526315788
723,19,40,18,1.736842105263158,0.32291666666666663,0.4823763889427201,3.3684210526315788
724,19,34,22,1.736842105263158,0.40104166666666663,0.4823763889427201,3.3684210526315788
725,19,33,22,1.736842105263158,0.40885416666666663,0.4823763889427201,3.3684210526315788
726,18,34,21,1.7,0.390625,0.39999999999999997,3.2
727,18,32,21,1.7,0.4114583333333333,0.39999999999999997,3.2
728,18,35,21,1.7,0.38541666666666663,0.39999999999999997,3.2
729,19,32,21,1.736842105263158,0.40625,0.4823763889427201,3.3684210526315788
730,19,36,22,1.736842105263158,0.3880208333333333,0.48237638894272,3.3684210526315788
731,19,38,19,1.736842105263158,0.3515625,0.4823763889427201,3.3684210526315788
732,18,36,21,1.7,0.3802083333333333,0.39999999999999997,3.2
733,19,34,21,1.736842105263158,0.39322916666666663,0.4823763889427201,3.3684210526315788
734,18,33,23,1.7,0.4192708333333333,0.39999999999999997,3.2
735,18,34,23,1.7,0.4114583333333333,0.39999999999999997,3.2
736,19,33,24,1.736842105263158,0.421875,0.4823763889427201,3.3684210526315788
737,19,34,20,1.736842105263158,0.38541666666666663,0.4823763889427201,3.3684210526315788
738,19,38,20,1.736842105263158,0.35416666666666663,0.4823763889427201,3.3684210526315788
739,19,37,20,1.736842105263158,0.3671875,0.4823763889427201,3.3684210526315788
740,18,34,21,1.7,0.39322916666666663,0.39999999999999997,3.2
741,19,33,23,1.736842105263158,0.4192708333333333,0.4823763889427201,3.3684210526315788
742,21,31,22,1.8823529411764706,0.4192708333333333,0.42418250299576343,3.764705882352941
743,19,34,21,1.736842105263158,0.3958333333333333,0.48237638894272,3.3684210526315788
744,18,32,22,1.65,0.4153439153439153,0.47696960070847283,3.15
745,18,35,21,1.7,0.3880208333333333,0.39999999999999997,3.2
746,19,32,23,1.736842105263158,0.4244791666666667,0.48237638894272,3.3684210526315788
747,20,31,22,1.7777777777777777,0.421875,0.49690399499995325,3.5555555555555554
748,19,32,21,1.736842105263158,0.40885416666666663,0.48237638894272,3.3684210526315788
749,18,34,22,1.7,0.4036458333333333,0.39999999999999997,3.2
750,19,31,22,1.736842105263158,0.42447916666666663,0.4823763889427201,3.3684210526315788
751,18,32,22,1.7,0.41666666666666663,0.39999999999999997,3.2
752,17,37,20,1.6666666666666667,0.359375,0.21295885499997994,3.0476190476190474
753,18,36,21,1.7,0.3776041666666667,0.39999999999999997,3.2
754,18,36,21,1.7,0.37760416666666663,0.39999999999999997,3.2
755,18,36,21,1.7,0.375,0.39999999999999997,3.2
756,18,36,20,1.7,0.36979166666666663,0.39999999999999997,3.2
757,19,29,23,1.736842105263158,0.4453125,0.4823763889427201,3.3684210526315788
758,19,31,22,1.736842105263158,0.4270833333333333,0.4823763889427201,3.3684210526315788
759,19,33,24,1.736842105263158,0.4270833333333333,0.4823763889427201,3.3684210526315788
760,18,33,20,1.7,0.39322916666666663,0.39999999999999997,3.2
761,19,32,22,1.736842105263158,0.41666666666666663,0.4823763889427201,3.3684210526315788
762,19,32,22,1.736842105263158,0.41666666666666663,0.4823763889427201,3.3684210526315788
763,18,36,22,1.7,0.3880208333333333,0.39999999999999997,3.2
764,18,35,23,1.7,0.4010416666666667,0.39999999999999997,3.2
765,19,30,22,1.736842105263158,0.4296875,0.4823763889427201,3.3684210526315788
766,19,34,23,1.736842105263158,0.4114583333333333,0.4823763889427201,3.3684210526315788
767,18,31,22,1.65,0.42063492063492064,0.47696960070847283,3.15
768,19,34,21,1.736842105263158,0.39322916666666663,0.4823763889427201,3.3684210526315788
769,18,35,21,1.7,0.38541666666666663,0.39999999999999997,3.2
770,18,35,22,1.7,0.3958333333333333,0.39999999999999997,3.2
771,18,35,22,1.7,0.3958333333333333,0.39999999999999997,3.2
772,19,32,23,1.736842105263158,0.4270833333333333,0.48237638894272,3.3684210526315788
773,18,34,21,1.75,0.39322916666666663,0.39999999999999997,3.2
774,18,34,22,1.7,0.40104166666666663,0.39999999999999997,3.2
775,19,33,22,1.736842105263158,0.4114583333333333,0.4823763889427201,3.3684210526315788
776,18,32,22,1.7,0.4140625,0.39999999999999997,3.2
777,18,33,24,1.7,0.4296875,0.39999999999999997,3.2
778,18,30,23,1.7,0.4375,0.39999999999999997,3.2
779,18,34,21,1.75,0.39322916666666663,0.39999999999999997,3.2
780,19,35,21,1.736842105263158,0.38020833333333337,0.4823763889427201,3.3684210526315788
781,19,35,23,1.736842105263158,0.4036458333333333,0.4823763889427201,3.3684210526315788
782,19,34,21,1.736842105263158,0.39322916666666663,0.4823763889427201,3.3684210526315788
783,18,36,21,1.7,0.3802083333333333,0.39999999999999997,3.2
784,18,31,22,1.65,0.4206349206349206,0.47696960070847283,3.15
785,19,34,23,1.736842105263158,0.40885416666666663,0.4823763889427201,3.3684210526315788
786,18,35,22,1.7,0.39322916666666663,0.39999999999999997,3.2
787,19,32,21,1.736842105263158,0.40885416666666663,0.4823763889427201,3.3684210526315788
788,19,35,21,1.736842105263158,0.3828125,0.4823763889427201,3.3684210526315788
789,20,33,22,1.7777777777777777,0.4114583333333333,0.49690399499995325,3.5555555555555554
790,19,35,22,1.736842105263158,0.3958333333333333,0.4823763889427201,3.3684210526315788
791,19,33,22,1.736842105263158,0.40885416666666663,0.4823763889427201,3.3684210526315788
792,19,35,22,1.736842105263158,0.3958333333333333,0.48237638894272,3.3684210526315788
793,19,35,21,1.736842105263158,0.38541666666666663,0.4823763889427201,3.3684210526315788
794,19,36,20,1.736842105263158,0.36979166666666663,0.4823763889427201,3.3684210526315788
795,19,29,24,1.736842105263158,0.45572916666666663,0.48237638894272,3.3684210526315788
796,18,35,20,1.7,0.3802083333333333,0.39999999999999997,3.2
797,18,34,22,1.7,0.40104166666666663,0.39999999999999997,3.2
798,18,33,21,1.7,0.40104166666666663,0.39999999999999997,3.2
799,19,33,21,1.736842105263158,0.3984375,0.4823763889427201,3.3684210526315788
800,18,32,20,1.7,0.3984375,0.39999999999999997,3.2
801,18,32,21,1.7,0.40104166666666663,0.39999999999999997,3.2
802,19,33,22,1.736842105263158,0.4114583333333333,0.4823763889427201,3.3684210526315788
803,18,34,22,1.7,0.40104166666666663,0.39999999999999997,3.2
804,19,32,21,1.736842105263158,0.40364583333333337,0.48237638894272,3.3684210526315788
805,18,33,22,1.7,0.40625,0.39999999999999997,3.2
806,19,34,18,1.736842105263158,0.36979166666666663,0.4823763889427201,3.3684210526315788
807,18,33,23,1.65,0.4153439153439153,0.47696960070847283,3.15
808,18,32,22,1.7,0.4192708333333333,0.39999999999999997,3.2
809,18,31,23,1.7,0.43229166666666663,0.39999999999999997,3.2
810,19,34,21,1.736842105263158,0.39322916666666663,0.48237638894272,3.3684210526315788
811,18,32,21,1.7,0.40885416666666663,0.39999999999999997,3.2
812,18,35,22,1.7,0.3958333333333333,0.39999999999999997,3.2
813,19,35,22,1.736842105263158,0.39322916666666663,0.4823763889427201,3.3684210526315788
814,18,35,21,1.65,0.3862433862433862,0.47696960070847283,3.15
815,18,33,22,1.7,0.4114583333333333,0.39999999999999997,3.2
816,18,34,21,1.7,0.3958333333333333,0.39999999999999997,3.2
817,19,30,23,1.736842105263158,0.44010416666666663,0.48237638894272,3.3684210526315788
818,18,34,25,1.7,0.4270833333333333,0.39999999999999997,3.2
819,18,32,23,1.7,0.4270833333333333,0.39999999999999997,3.2
820,19,34,22,1.736842105263158,0.4036458333333333,0.4823763889427201,3.3684210526315788
821,18,32,22,1.7,0.41666666666666663,0.39999999999999997,3.2
822,19,33,22,1.736842105263158,0.40885416666666663,0.4823763889427201,3.3684210526315788
823,19,34,23,1.736842105263158,0.40885416666666663,0.4823763889427201,3.3684210526315788
824,18,28,22,1.7,0.4427083333333333,0.39999999999999997,3.2
825,18,33,23,1.7,0.41666666666666663,0.39999999999999997,3.2
826,19,32,21,1.736842105263158,0.40885416666666663,0.48237638894272,3.3684210526315788
827,19,36,22,1.736842105263158,0.3880208333333333,0.48237638894272,3.3684210526315788
828,19,34,21,1.736842105263158,0.3932291666666667,0.4823763889427201,3.3684210526315788
829,19,36,23,1.736842105263158,0.3958333333333333,0.4823763889427201,3.3684210526315788
830,19,33,22,1.736842105263158,0.40885416666666663,0.4823763889427201,3.3684210526315788
831,19,34,22,1.736842105263158,0.40364583333333337,0.4823763889427201,3.3684210526315788
832,19,31,22,1.736842105263158,0.41927083333333337,0.48237638894272,3.3684210526315788
833,18,35,21,1.7,0.3828125,0.39999999999999997,3.2
834,19,33,22,1.736842105263158,0.4114583333333333,0.4823763889427201,3.3684210526315788
835,18,32,22,1.7,0.41666666666666663,0.39999999999999997,3.2
836,19,34,22,1.736842105263158,0.4036458333333333,0.4823763889427201,3.3684210526315788
837,19,34,23,1.736842105263158,0.40885416666666663,0.4823763889427201,3.3684210526315788
838,19,32,21,1.736842105263158,0.40625,0.48237638894272,3.3684210526315788
839,19,33,22,1.736842105263158,0.40885416666666663,0.4823763889427201,3.3684210526315788
840,18,35,20,1.65,0.37830687830687837,0.47696960070847283,3.15
841,20,32,22,1.7777777777777777,0.4192708333333333,0.49690399499995325,3.5555555555555554
842,19,30,24,1.736842105263158,0.4505208333333333,0.4823763889427201,3.3684210526315788
843,19,33,23,1.736842105263158,0.421875,0.4823763889427201,3.3684210526315788
844,19,30,22,1.736842105263158,0.4296875,0.4823763889427201,3.3684210526315788
845,18,36,23,1.7,0.3958333333333333,0.39999999999999997,3.2
846,18,37,21,1.7,0.3697916666666667,0.39999999999999997,3.2
847,17,38,18,1.6666666666666667,0.3385416666666667,0.21295885499997994,3.0476190476190474
848,19,30,23,1.6842105263157894,0.4417989417989418,0.5668594533825794,3.3157894736842106
849,18,34,23,1.7,0.40885416666666663,0.39999999999999997,3.2
850,19,33,22,1.736842105263158,0.4114583333333333,0.4823763889427201,3.3684210526315788
851,19,31,24,1.736842105263158,0.4401041666666667,0.4823763889427201,3.3684210526315788
852,19,37,20,1.736842105263158,0.3645833333333333,0.4823763889427201,3.3684210526315788
853,19,31,23,1.736842105263158,0.43229166666666663,0.4823763889427201,3.3684210526315788
854,19,33,22,1.736842105263158,0.4114583333333333,0.4823763889427201,3.3684210526315788
855,19,33,22,1.736842105263158,0.4114583333333333,0.4823763889427201,3.3684210526315788
856,18,35,22,1.7,0.3958333333333333,0.39999999999999997,3.2
857,20,32,23,1.7777777777777777,0.4270833333333333,0.49690399499995325,3.5555555555555554
858,19,33,25,1.736842105263158,0.4348958333333333,0.4823763889427201,3.3684210526315788
859,19,30,22,1.736842105263158,0.4296875,0.4823763889427201,3.3684210526315788
860,19,36,21,1.736842105263158,0.37760416666666663,0.4823763889427201,3.3684210526315788
861,19,31,22,1.736842105263158,0.4270833333333333,0.4823763889427201,3.3684210526315788
862,19,33,23,1.736842105263158,0.41666666666666663,0.48237638894272,3.3684210526315788
863,18,31,23,1.7,0.4296875,0.39999999999999997,3.2
864,19,31,23,1.736842105263158,0.43229166666666663,0.4823763889427201,3.3684210526315788
865,19,31,22,1.736842105263158,0.4270833333333333,0.4823763889427201,3.3684210526315788
866,18,32,23,1.7,0.42447916666666663,0.39999999999999997,3.2
867,19,32,22,1.736842105263158,0.4140625,0.48237638894272,3.3684210526315788
868,19,32,22,1.736842105263158,0.4140625,0.4823763889427201,3.3684210526315788
869,19,35,21,1.736842105263158,0.3880208333333333,0.4823763889427201,3.3684210526315788
870,18,32,23,1.65,0.42592592592592593,0.47696960070847283,3.15
871,19,31,23,1.736842105263158,0.43229166666666663,0.4823763889427201,3.3684210526315788
872,19,32,22,1.736842105263158,0.4192708333333333,0.4823763889427201,3.3684210526315788
873,19,31,22,1.736842105263158,0.421875,0.4823763889427201,3.3684210526315788
874,18,32,22,1.7,0.41666666666666663,0.39999999999999997,3.2
875,19,30,22,1.736842105263158,0.43229166666666663,0.4823763889427201,3.3684210526315788
876,19,31,22,1.736842105263158,0.42447916666666663,0.4823763889427201,3.3684210526315788
877,18,31,23,1.7,0.43229166666666663,0.39999999999999997,3.2
878,19,32,22,1.736842105263158,0.4192708333333333,0.4823763889427201,3.3684210526315788
879,19,29,24,1.736842105263158,0.45572916666666663,0.4823763889427201,3.3684210526315788
880,19,40,20,1.736842105263158,0.34375,0.4823763889427201,3.3684210526315788
881,19,33,21,1.6842105263157894,0.4021164021164021,0.5668594533825794,3.3157894736842106
882,18,34,22,1.7,0.4036458333333333,0.39999999999999997,3.2
883,19,30,24,1.736842105263158,0.44791666666666663,0.4823763889427201,3.3684210526315788
884,18,35,21,1.7,0.3880208333333333,0.39999999999999997,3.2
885,18,29,23,1.65,0.44708994708994704,0.47696960070847283,3.15
886,18,34,22,1.7,0.40104166666666663,0.39999999999999997,3.2
887,18,32,23,1.7,0.42447916666666663,0.39999999999999997,3.2
888,19,32,22,1.736842105263158,0.4192708333333333,0.4823763889427201,3.3684210526315788
889,19,29,23,1.736842105263158,0.4427083333333333,0.4823763889427201,3.3684210526315788
890,18,34,23,1.7,0.4114583333333333,0.39999999999999997,3.2
891,19,30,23,1.736842105263158,0.4375,0.4823763889427201,3.3684210526315788
892,19,34,22,1.736842105263158,0.40104166666666663,0.4823763889427201,3.3684210526315788
893,18,35,20,1.7,0.37760416666666663,0.39999999999999997,3.2
894,20,31,23,1.7777777777777777,0.43229166666666663,0.49690399499995325,3.5555555555555554
895,18,30,22,1.65,0.43121693121693117,0.47696960070847283,3.15
896,19,32,22,1.736842105263158,0.4192708333333333,0.4823763889427201,3.3684210526315788
897,19,35,21,1.736842105263158,0.38541666666666663,0.48237638894272,3.3684210526315788
898,19,32,23,1.736842105263158,0.42447916666666663,0.48237638894272,3.3684210526315788
899,18,33,22,1.7,0.40885416666666663,0.39999999999999997,3.2
900,19,33,22,1.736842105263158,0.4114583333333333,0.4823763889427201,3.3684210526315788
901,18,37,22,1.75,0.3802083333333333,0.39999999999999997,3.2
902,18,31,21,1.7,0.41145833333333337,0.39999999999999997,3.2
903,19,30,23,1.6842105263157894,0.4417989417989418,0.5668594533825794,3.3157894736842106
904,18,33,22,1.7,0.40625,0.39999999999999997,3.2
905,19,30,22,1.736842105263158,0.43229166666666663,0.4823763889427201,3.3684210526315788
906,19,30,23,1.736842105263158,0.4427083333333333,0.4823763889427201,3.3684210526315788
907,19,32,23,1.736842105263158,0.4270833333333333,0.4823763889427201,3.3684210526315788
908,19,27,24,1.736842105263158,0.46875,0.4823763889427201,3.3684210526315788
909,19,30,22,1.736842105263158,0.43229166666666663,0.4823763889427201,3.3684210526315788
910,19,32,23,1.736842105263158,0.4270833333333333,0.4823763889427201,3.3684210526315788
911,19,33,22,1.736842105263158,0.4114583333333333,0.4823763889427201,3.3684210526315788
912,18,32,23,1.7,0.42447916666666663,0.39999999999999997,3.2
913,19,32,23,1.736842105263158,0.42447916666666663,0.4823763889427201,3.3684210526315788
914,19,29,23,1.736842105263158,0.4505208333333333,0.4823763889427201,3.3684210526315788
915,19,32,22,1.736842105263158,0.41666666666666663,0.4823763889427201,3.3684210526315788
916,19,31,23,1.736842105263158,0.43229166666666663,0.4823763889427201,3.3684210526315788
917,18,30,21,1.7,0.4140625,0.39999999999999997,3.2
918,20,30,23,1.7222222222222223,0.4365079365079365,0.6009252125773316,3.5
919,19,30,23,1.736842105263158,0.44010416666666663,0.4823763889427201,3.3684210526315788
920,19,31,22,1.736842105263158,0.4270833333333333,0.4823763889427201,3.3684210526315788
921,18,32,23,1.7,0.4192708333333333,0.39999999999999997,3.2
922,19,31,23,1.736842105263158,0.4348958333333333,0.4823763889427201,3.3684210526315788
923,18,32,22,1.7,0.4114583333333333,0.39999999999999997,3.2
924,19,31,22,1.736842105263158,0.4270833333333333,0.4823763889427201,3.3684210526315788
925,20,32,23,1.7777777777777777,0.4270833333333333,0.49690399499995325,3.5555555555555554
926,19,33,19,1.736842105263158,0.37760416666666663,0.4823763889427201,3.3684210526315788
927,18,32,23,1.7,0.4244791666666667,0.39999999999999997,3.2
928,18,30,22,1.7,0.43229166666666663,0.39999999999999997,3.2
929,19,31,23,1.736842105263158,0.43229166666666663,0.4823763889427201,3.3684210526315788
930,20,33,21,1.7777777777777777,0.40104166666666663,0.49690399499995325,3.5555555555555554
931,20,32,22,1.7777777777777777,0.4192708333333333,0.49690399499995325,3.5555555555555554
932,19,32,22,1.736842105263158,0.4192708333333333,0.4823763889427201,3.3684210526315788
933,19,31,23,1.736842105263158,0.4348958333333333,0.4823763889427201,3.3684210526315788
934,20,32,23,1.7777777777777777,0.421875,0.49690399499995325,3.5555555555555554
935,19,32,23,1.736842105263158,0.4270833333333333,0.4823763889427201,3.3684210526315788
936,19,33,23,1.736842105263158,0.41666666666666663,0.4823763889427201,3.3684210526315788
937,18,32,22,1.7,0.4192708333333333,0.39999999999999997,3.2
938,19,32,22,1.6842105263157894,0.41798941798941797,0.5668594533825794,3.3157894736842106
939,20,32,21,1.7777777777777777,0.4114583333333333,0.49690399499995325,3.5555555555555554
940,19,32,23,1.736842105263158,0.421875,0.4823763889427201,3.3684210526315788
941,19,31,22,1.736842105263158,0.4270833333333333,0.4823763889427201,3.3684210526315788
942,19,26,25,1.736842105263158,0.484375,0.4823763889427201,3.3684210526315788
943,18,37,21,1.7,0.3723958333333333,0.39999999999999997,3.2
944,18,31,23,1.7,0.4348958333333333,0.39999999999999997,3.2
945,19,30,23,1.736842105263158,0.44010416666666663,0.4823763889427201,3.3684210526315788
946,20,30,22,1.7777777777777777,0.4296875,0.49690399499995325,3.5555555555555554
947,19,30,22,1.736842105263158,0.4296875,0.4823763889427201,3.3684210526315788
948,18,32,22,1.7,0.41666666666666663,0.39999999999999997,3.2
949,18,29,23,1.7,0.4505208333333333,0.39999999999999997,3.2
950,19,28,24,1.736842105263158,0.46354166666666663,0.4823763889427201,3.3684210526315788
951,19,33,24,1.736842105263158,0.42447916666666663,0.48237638894272,3.3684210526315788
952,18,34,21,1.7,0.390625,0.39999999999999997,3.2
953,18,33,22,1.7,0.4114583333333333,0.39999999999999997,3.2
954,19,35,22,1.736842105263158,0.3958333333333333,0.4823763889427201,3.3684210526315788
955,19,30,24,1.736842105263158,0.4505208333333333,0.4823763889427201,3.3684210526315788
956,18,36,20,1.75,0.3697916666666667,0.39999999999999997,3.2
957,18,36,19,1.7,0.359375,0.39999999999999997,3.2
958,19,28,23,1.6842105263157894,0.455026455026455,0.5668594533825794,3.3157894736842106
959,19,33,22,1.736842105263158,0.4114583333333333,0.4823763889427201,3.3684210526315788
960,20,30,24,1.7777777777777777,0.4505208333333333,0.49690399499995325,3.5555555555555554
961,20,32,22,1.7777777777777777,0.4192708333333333,0.49690399499995325,3.5555555555555554
962,20,30,22,1.7777777777777777,0.43229166666666663,0.49690399499995325,3.5555555555555554
963,19,32,23,1.736842105263158,0.4270833333333333,0.4823763889427201,3.3684210526315788
964,19,31,23,1.736842105263158,0.4348958333333333,0.4823763889427201,3.3684210526315788
965,19,35,22,1.736842105263158,0.3958333333333333,0.4823763889427201,3.3684210526315788
966,19,30,22,1.736842105263158,0.43229166666666663,0.4823763889427201,3.3684210526315788
967,19,33,21,1.736842105263158,0.4036458333333333,0.4823763889427201,3.3684210526315788
968,19,33,22,1.736842105263158,0.4114583333333333,0.4823763889427201,3.3684210526315788
969,18,37,20,1.75,0.36197916666666663,0.39999999999999997,3.2
970,19,33,22,1.736842105263158,0.40885416666666663,0.4823763889427201,3.3684210526315788
971,18,33,21,1.7,0.4036458333333333,0.39999999999999997,3.2
972,19,33,22,1.736842105263158,0.40885416666666663,0.4823763889427201,3.3684210526315788
973,18,32,23,1.7,0.4270833333333333,0.39999999999999997,3.2
974,18,32,22,1.7,0.4192708333333333,0.39999999999999997,3.2
975,18,30,22,1.7,0.43229166666666663,0.39999999999999997,3.2
976,18,32,22,1.7,0.41666666666666663,0.39999999999999997,3.2
977,19,31,22,1.736842105263158,0.42447916666666663,0.4823763889427201,3.3684210526315788
978,19,31,22,1.736842105263158,0.42447916666666663,0.4823763889427201,3.3684210526315788
979,18,33,23,1.7,0.41666666666666663,0.39999999999999997,3.2
980,19,29,24,1.736842105263158,0.45572916666666663,0.4823763889427201,3.3684210526315788
981,19,31,23,1.736842105263158,0.4348958333333333,0.4823763889427201,3.3684210526315788
982,19,31,23,1.736842105263158,0.4296875,0.4823763889427201,3.3684210526315788
983,18,32,22,1.7,0.4140625,0.39999999999999997,3.2
984,19,30,23,1.736842105263158,0.4427083333333333,0.4823763889427201,3.3684210526315788
985,18,34,23,1.7,0.4140625,0.39999999999999997,3.2
986,19,33,22,1.736842105263158,0.4140625,0.4823763889427201,3.3684210526315788
987,19,32,23,1.6842105263157894,0.42592592592592593,0.5668594533825794,3.3157894736842106
988,19,30,24,1.736842105263158,0.4505208333333333,0.4823763889427201,3.3684210526315788
989,19,33,23,1.736842105263158,0.4192708333333333,0.4823763889427201,3.3684210526315788
990,18,31,24,1.7,0.4427083333333333,0.39999999999999997,3.2
991,18,34,22,1.7,0.40104166666666663,0.39999999999999997,3.2
992,19,31,23,1.736842105263158,0.43229166666666663,0.4823763889427201,3.3684210526315788
993,19,33,22,1.736842105263158,0.4114583333333333,0.4823763889427201,3.3684210526315788
994,18,31,23,1.7,0.43229166666666663,0.39999999999999997,3.2
995,19,31,23,1.736842105263158,0.4348958333333333,0.4823763889427201,3.3684210526315788
996,18,33,24,1.7,0.42447916666666663,0.39999999999999997,3.2
997,19,32,23,1.736842105263158,0.4270833333333333,0.4823763889427201,3.3684210526315788
998,19,32,21,1.736842105263158,0.40885416666666663,0.4823763889427201,3.3684210526315788
999,19,30,23,1.736842105263158,0.44010416666666663,0.4823763889427201,3.3684210526315788
1000,19,32,23,1.736842105263158,0.4270833333333333,0.4823763889427201,3.3684210526315788
1001,19,27,25,1.736842105263158,0.4817708333333333,0.4823763889427201,3.3684210526315788
1002,19,36,21,1.6842105263157894,0.37566137566137564,0.5668594533825794,3.3157894736842106
1003,19,31,23,1.736842105263158,0.4348958333333333,0.4823763889427201,3.3684210526315788
1004,19,35,20,1.7894736842105263,0.3802083333333333,0.4823763889427201,3.3684210526315788
1005,19,29,24,1.736842105263158,0.45572916666666663,0.48237638894272,3.3684210526315788
1006,19,29,23,1.736842105263158,0.4453125,0.4823763889427201,3.3684210526315788
1007,18,33,25,1.7,0.4348958333333333,0.39999999999999997,3.2
1008,20,33,24,1.7777777777777777,0.42447916666666663,0.49690399499995325,3.5555555555555554
1009,18,31,23,1.7,0.4348958333333333,0.39999999999999997,3.2
1010,19,28,23,1.736842105263158,0.45572916666666663,0.4823763889427201,3.3684210526315788
1011,18,34,22,1.7,0.3984375,0.39999999999999997,3.2
1012,19,31,23,1.736842105263158,0.4348958333333333,0.4823763889427201,3.3684210526315788
1013,19,32,22,1.736842105263158,0.41666666666666663,0.4823763889427201,3.3684210526315788
1014,19,32,22,1.736842105263158,0.4192708333333333,0.4823763889427201,3.3684210526315788
1015,19,29,22,1.736842105263158,0.4375,0.4823763889427201,3.3684210526315788
1016,19,31,22,1.736842105263158,0.42447916666666663,0.4823763889427201,3.3684210526315788
1017,19,32,22,1.736842105263158,0.41666666666666663,0.4823763889427201,3.3684210526315788
1018,19,29,24,1.736842105263158,0.4583333333333333,0.4823763889427201,3.3684210526315788
1019,18,30,24,1.7,0.4505208333333333,0.39999999999999997,3.2
1020,18,31,24,1.7,0.4427083333333333,0.39999999999999997,3.2
1021,20,29,23,1.7777777777777777,0.44791666666666663,0.49690399499995325,3.5555555555555554
1022,19,28,24,1.736842105263158,0.46354166666666663,0.4823763889427201,3.3684210526315788
1023,19,33,21,1.736842105263158,0.3958333333333333,0.4823763889427201,3.3684210526315788
1024,19,33,23,1.736842105263158,0.4192708333333333,0.48237638894272,3.3684210526315788
1025,19,30,23,1.736842105263158,0.4427083333333333,0.4823763889427201,3.3684210526315788
1026,19,32,22,1.736842105263158,0.4192708333333333,0.4823763889427201,3.3684210526315788
1027,18,30,22,1.7,0.4348958333333333,0.39999999999999997,3.2
1028,19,31,20,1.736842105263158,0.40625,0.4823763889427201,3.3684210526315788
1029,18,32,22,1.7,0.41666666666666663,0.39999999999999997,3.2
1030,18,32,23,1.7,0.42447916666666663,0.39999999999999997,3.2
1031,19,29,23,1.736842105263158,0.44791666666666663,0.4823763889427201,3.3684210526315788
1032,19,28,24,1.736842105263158,0.4583333333333333,0.48237638894272,3.3684210526315788
1033,18,32,22,1.7,0.4192708333333333,0.39999999999999997,3.2
1034,18,34,19,1.7,0.37760416666666663,0.39999999999999997,3.2
1035,19,30,24,1.736842105263158,0.4505208333333333,0.4823763889427201,3.3684210526315788
1036,20,31,23,1.7777777777777777,0.4348958333333333,0.49690399499995325,3.5555555555555554
1037,18,32,22,1.7,0.4192708333333333,0.39999999999999997,3.2
1038,18,35,22,1.7,0.39322916666666663,0.39999999999999997,3.2
1039,19,31,22,1.736842105263158,0.42447916666666663,0.4823763889427201,3.3684210526315788
1040,19,31,22,1.736842105263158,0.4270833333333333,0.4823763889427201,3.3684210526315788
1041,19,32,24,1.736842105263158,0.4348958333333333,0.4823763889427201,3.3684210526315788
1042,20,32,21,1.7777777777777777,0.4114583333333333,0.49690399499995325,3.5555555555555554
1043,19,32,22,1.736842105263158,0.4192708333333333,0.4823763889427201,3.3684210526315788
1044,19,33,23,1.736842105263158,0.4166666666666667,0.4823763889427201,3.3684210526315788
1045,19,30,23,1.736842105263158,0.44010416666666663,0.48237638894272,3.3684210526315788
1046,19,31,23,1.736842105263158,0.4348958333333333,0.48237638894272,3.3684210526315788
1047,19,29,24,1.736842105263158,0.453125,0.4823763889427201,3.3684210526315788
1048,17,37,18,1.6666666666666667,0.34635416666666663,0.21295885499997994,3.0476190476190474
1049,18,30,23,1.7,0.4427083333333333,0.39999999999999997,3.2
1050,19,29,23,1.736842105263158,0.4505208333333333,0.4823763889427201,3.3684210526315788
1051,19,28,24,1.736842105263158,0.4609375,0.4823763889427201,3.3684210526315788
1052,18,30,22,1.7,0.4296875,0.39999999999999997,3.2
1053,19,31,23,1.7894736842105263,0.4348958333333333,0.4823763889427201,3.3684210526315788
1054,19,30,23,1.736842105263158,0.4427083333333333,0.4823763889427201,3.3684210526315788
1055,19,31,23,1.736842105263158,0.4348958333333333,0.4823763889427201,3.3684210526315788
1056,19,30,23,1.736842105263158,0.44010416666666663,0.4823763889427201,3.3684210526315788
1057,19,27,25,1.736842105263158,0.47916666666666663,0.4823763889427201,3.3684210526315788
1058,19,30,23,1.736842105263158,0.4427083333333333,0.48237638894272,3.3684210526315788
1059,19,30,24,1.736842105263158,0.44791666666666663,0.48237638894272,3.3684210526315788
1060,18,28,24,1.7,0.4661458333333333,0.39999999999999997,3.2
1061,19,32,23,1.736842105263158,0.4270833333333333,0.48237638894272,3.3684210526315788
1062,18,30,23,1.7,0.44010416666666663,0.39999999999999997,3.2
1063,18,31,22,1.7,0.4270833333333333,0.39999999999999997,3.2
1064,19,30,24,1.736842105263158,0.4505208333333333,0.4823763889427201,3.3684210526315788
1065,18,26,25,1.7,0.484375,0.39999999999999997,3.2
1066,19,31,25,1.736842105263158,0.44791666666666663,0.4823763889427201,3.3684210526315788
1067,19,26,28,1.736842105263158,0.5130208333333333,0.4823763889427201,3.3684210526315788
1068,19,28,23,1.736842105263158,0.453125,0.4823763889427201,3.3684210526315788
1069,19,29,23,1.6842105263157894,0.4444444444444444,0.5668594533825794,3.3157894736842106
1070,19,33,22,1.736842105263158,0.4088541666666667,0.4823763889427201,3.3684210526315788
1071,19,29,23,1.736842105263158,0.4505208333333333,0.4823763889427201,3.3684210526315788
1072,18,34,22,1.7,0.40104166666666663,0.39999999999999997,3.2
1073,19,33,22,1.736842105263158,0.4114583333333333,0.4823763889427201,3.3684210526315788
1074,19,29,24,1.736842105263158,0.4583333333333333,0.4823763889427201,3.3684210526315788
1075,19,29,26,1.736842105263158,0.4739583333333333,0.4823763889427201,3.3684210526315788
1076,18,31,23,1.7,0.4348958333333333,0.39999999999999997,3.2
1077,19,28,25,1.736842105263158,0.4739583333333333,0.4823763889427201,3.3684210526315788
1078,19,29,23,1.736842105263158,0.4453125,0.48237638894272,3.3684210526315788
1079,19,29,23,1.736842105263158,0.4505208333333333,0.4823763889427201,3.3684210526315788
1080,19,28,24,1.736842105263158,0.4609375,0.4823763889427201,3.3684210526315788
1081,19,33,23,1.736842105263158,0.4192708333333333,0.4823763889427201,3.3684210526315788
1082,18,31,23,1.75,0.43229166666666663,0.39999999999999997,3.2
1083,18,30,21,1.7,0.421875,0.39999999999999997,3.2
1084,19,33,23,1.736842105263158,0.41666666666666663,0.4823763889427201,3.3684210526315788
1085,19,30,24,1.736842105263158,0.4505208333333333,0.4823763889427201,3.3684210526315788
1086,19,27,25,1.736842105263158,0.4817708333333333,0.4823763889427201,3.3684210526315788
1087,18,28,24,1.7,0.4661458333333333,0.39999999999999997,3.2
1088,19,31,22,1.736842105263158,0.4270833333333333,0.4823763889427201,3.3684210526315788
1089,19,29,24,1.736842105263158,0.4583333333333333,0.4823763889427201,3.3684210526315788
1090,18,32,22,1.7,0.41666666666666663,0.39999999999999997,3.2
1091,18,32,22,1.7,0.4192708333333333,0.39999999999999997,3.2
1092,18,32,22,1.7,0.4192708333333333,0.39999999999999997,3.2
1093,18,28,23,1.7,0.45572916666666663,0.39999999999999997,3.2
1094,18,32,23,1.7,0.42447916666666663,0.39999999999999997,3.2
1095,18,29,23,1.7,0.44791666666666663,0.39999999999999997,3.2
1096,19,29,22,1.736842105263158,0.4427083333333333,0.4823763889427201,3.3684210526315788
1097,20,34,21,1.7777777777777777,0.390625,0.49690399499995325,3.5555555555555554
1098,19,31,22,1.736842105263158,0.421875,0.4823763889427201,3.3684210526315788
1099,19,28,23,1.736842105263158,0.45572916666666663,0.4823763889427201,3.3684210526315788
1100,19,31,22,1.736842105263158,0.421875,0.4823763889427201,3.3684210526315788
1101,19,27,26,1.736842105263158,0.4895833333333333,0.4823763889427201,3.3684210526315788
1102,19,30,22,1.736842105263158,0.4348958333333333,0.4823763889427201,3.3684210526315788
1103,18,26,27,1.7,0.5052083333333333,0.39999999999999997,3.2
1104,18,34,22,1.7,0.4036458333333333,0.39999999999999997,3.2
1105,20,27,26,1.7777777777777777,0.4895833333333333,0.49690399499995325,3.5555555555555554
1106,18,31,23,1.7,0.43229166666666663,0.39999999999999997,3.2
1107,19,29,25,1.736842105263158,0.4661458333333333,0.4823763889427201,3.3684210526315788
1108,19,30,22,1.6842105263157894,0.43121693121693117,0.5668594533825794,3.3157894736842106
1109,19,29,22,1.736842105263158,0.44010416666666663,0.4823763889427201,3.3684210526315788
1110,19,33,22,1.736842105263158,0.4114583333333333,0.4823763889427201,3.3684210526315788
1111,18,33,21,1.75,0.40104166666666663,0.39999999999999997,3.2
1112,19,37,21,1.736842105263158,0.3723958333333333,0.4823763889427201,3.3684210526315788
1113,19,32,22,1.736842105263158,0.4192708333333333,0.4823763889427201,3.3684210526315788
1114,19,30,22,1.736842105263158,0.4348958333333333,0.4823763889427201,3.3684210526315788
1115,18,31,23,1.65,0.43386243386243384,0.47696960070847283,3.15
1116,20,30,22,1.7777777777777777,0.43229166666666663,0.49690399499995325,3.5555555555555554
1117,19,31,22,1.736842105263158,0.42447916666666663,0.4823763889427201,3.3684210526315788
1118,20,29,24,1.7777777777777777,0.4583333333333333,0.49690399499995325,3.5555555555555554
1119,18,31,22,1.7,0.42447916666666663,0.39999999999999997,3.2
1120,20,28,23,1.7777777777777777,0.453125,0.49690399499995325,3.5555555555555554
1121,19,30,22,1.736842105263158,0.43229166666666663,0.4823763889427201,3.3684210526315788
1122,18,34,22,1.7,0.4036458333333333,0.39999999999999997,3.2
1123,18,28,24,1.7,0.46354166666666663,0.39999999999999997,3.2
1124,19,31,23,1.736842105263158,0.4348958333333333,0.4823763889427201,3.3684210526315788
1125,19,33,18,1.6842105263157894,0.37566137566137564,0.5668594533825794,3.3157894736842106
1126,18,31,22,1.7,0.4270833333333333,0.39999999999999997,3.2
1127,18,30,23,1.7,0.44010416666666663,0.39999999999999997,3.2
1128,19,28,24,1.736842105263158,0.4661458333333333,0.4823763889427201,3.3684210526315788
1129,18,32,24,1.7,0.4348958333333333,0.39999999999999997,3.2
1130,18,32,22,1.7,0.41666666666666663,0.39999999999999997,3.2
1131,18,31,23,1.7,0.4348958333333333,0.39999999999999997,3.2
1132,18,31,22,1.7,0.42447916666666663,0.39999999999999997,3.2
1133,19,30,23,1.736842105263158,0.4427083333333333,0.4823763889427201,3.3684210526315788
1134,19,26,26,1.736842105263158,0.4973958333333333,0.4823763889427201,3.3684210526315788
1135,20,32,23,1.7777777777777777,0.42447916666666663,0.49690399499995325,3.5555555555555554
1136,19,30,24,1.736842105263158,0.4453125,0.4823763889427201,3.3684210526315788
1137,20,27,24,1.7777777777777777,0.47135416666666663,0.49690399499995325,3.5555555555555554
1138,18,31,24,1.7,0.44010416666666663,0.39999999999999997,3.2
1139,18,32,22,1.7,0.41666666666666663,0.39999999999999997,3.2
1140,19,31,21,1.736842105263158,0.41145833333333337,0.4823763889427201,3.3684210526315788
1141,20,28,24,1.7777777777777777,0.4661458333333333,0.49690399499995325,3.5555555555555554
1142,18,30,22,1.65,0.43386243386243384,0.47696960070847283,3.15
1143,18,32,22,1.7,0.4140625,0.39999999999999997,3.2
1144,19,30,22,1.736842105263158,0.4296875,0.48237638894272,3.3684210526315788
1145,18,29,24,1.7,0.4583333333333333,0.39999999999999997,3.2
1146,19,26,25,1.736842105263158,0.48437499999999994,0.4823763889427201,3.3684210526315788
1147,18,33,22,1.75,0.40885416666666663,0.39999999999999997,3.2
1148,20,31,22,1.7777777777777777,0.4270833333333333,0.49690399499995325,3.5555555555555554
1149,18,30,24,1.7,0.4505208333333333,0.39999999999999997,3.2
1150,19,30,23,1.736842105263158,0.4427083333333333,0.4823763889427201,3.3684210526315788
1151,19,29,21,1.736842105263158,0.4296875,0.4823763889427201,3.3684210526315788
1152,18,32,23,1.7,0.4270833333333333,0.39999999999999997,3.2
1153,18,31,23,1.7,0.4348958333333333,0.39999999999999997,3.2
1154,19,30,22,1.736842105263158,0.4348958333333333,0.48237638894272,3.3684210526315788
1155,19,32,22,1.736842105263158,0.4192708333333333,0.4823763889427201,3.3684210526315788
1156,18,30,23,1.7,0.44010416666666663,0.39999999999999997,3.2
1157,19,30,23,1.736842105263158,0.4427083333333333,0.4823763889427201,3.3684210526315788
1158,19,29,23,1.736842105263158,0.44791666666666663,0.4823763889427201,3.3684210526315788
1159,19,32,22,1.736842105263158,0.4192708333333333,0.4823763889427201,3.3684210526315788
1160,19,31,22,1.736842105263158,0.4270833333333333,0.4823763889427201,3.3684210526315788
1161,19,33,22,1.736842105263158,0.4114583333333333,0.48237638894272,3.3684210526315788
1162,19,35,23,1.736842105263158,0.4036458333333333,0.4823763889427201,3.3684210526315788
1163,19,29,23,1.736842105263158,0.44791666666666663,0.4823763889427201,3.3684210526315788
1164,19,27,23,1.6842105263157894,0.46031746031746024,0.5668594533825794,3.3157894736842106
1165,20,25,25,1.7777777777777777,0.49218749999999994,0.49690399499995325,3.5555555555555554
1166,19,32,20,1.736842105263158,0.40104166666666663,0.4823763889427201,3.3684210526315788
1167,19,30,23,1.736842105263158,0.4427083333333333,0.4823763889427201,3.3684210526315788
1168,18,30,23,1.7,0.4427083333333333,0.39999999999999997,3.2
1169,19,30,24,1.736842105263158,0.4505208333333333,0.4823763889427201,3.3684210526315788
1170,19,34,20,1.736842105263158,0.3854166666666667,0.4823763889427201,3.3684210526315788
1171,19,29,21,1.736842105263158,0.4348958333333333,0.4823763889427201,3.3684210526315788
1172,19,30,22,1.736842105263158,0.4296875,0.4823763889427201,3.3684210526315788
1173,19,31,23,1.736842105263158,0.4348958333333333,0.48237638894272,3.3684210526315788
1174,18,29,22,1.7,0.44010416666666663,0.39999999999999997,3.2
1175,19,29,23,1.736842105263158,0.4505208333333333,0.4823763889427201,3.3684210526315788
1176,18,28,25,1.7,0.47135416666666663,0.39999999999999997,3.2
1177,20,30,24,1.7777777777777777,0.4505208333333333,0.49690399499995325,3.5555555555555554
1178,20,31,23,1.7777777777777777,0.43229166666666663,0.49690399499995325,3.5555555555555554
1179,20,27,25,1.7777777777777777,0.4817708333333333,0.49690399499995325,3.5555555555555554
1180,19,30,24,1.736842105263158,0.4505208333333333,0.4823763889427201,3.3684210526315788
1181,19,30,22,1.736842105263158,0.43229166666666663,0.4823763889427201,3.3684210526315788
1182,19,31,23,1.736842105263158,0.4348958333333333,0.4823763889427201,3.3684210526315788
1183,19,27,25,1.736842105263158,0.47916666666666663,0.4823763889427201,3.3684210526315788
1184,20,31,22,1.7777777777777777,0.4270833333333333,0.49690399499995325,3.5555555555555554
1185,18,33,21,1.7,0.40104166666666663,0.39999999999999997,3.2
1186,18,33,22,1.7,0.40885416666666663,0.39999999999999997,3.2
1187,19,28,23,1.736842105263158,0.45572916666666663,0.4823763889427201,3.3684210526315788
1188,19,30,23,1.736842105263158,0.4427083333333333,0.4823763889427201,3.3684210526315788
1189,19,28,24,1.736842105263158,0.4661458333333333,0.4823763889427201,3.3684210526315788
1190,19,30,23,1.736842105263158,0.4427083333333333,0.4823763889427201,3.3684210526315788
1191,19,28,23,1.736842105263158,0.45572916666666663,0.4823763889427201,3.3684210526315788
1192,19,32,23,1.736842105263158,0.42447916666666663,0.4823763889427201,3.3684210526315788
1193,18,30,22,1.7,0.43229166666666663,0.39999999999999997,3.2
1194,19,32,23,1.736842105263158,0.4270833333333333,0.4823763889427201,3.3684210526315788
1195,19,30,23,1.736842105263158,0.4427083333333333,0.4823763889427201,3.3684210526315788
1196,19,32,21,1.736842105263158,0.4140625,0.4823763889427201,3.3684210526315788
1197,19,27,25,1.736842105263158,0.4817708333333333,0.4823763889427201,3.3684210526315788
1198,19,25,26,1.736842105263158,0.5026041666666666,0.4823763889427201,3.3684210526315788
1199,19,32,23,1.736842105263158,0.42447916666666663,0.4823763889427201,3.3684210526315788
1200,19,29,24,1.736842105263158,0.4583333333333333,0.4823763889427201,3.3684210526315788
1201,18,29,23,1.7,0.44791666666666663,0.39999999999999997,3.2
1202,19,29,23,1.736842105263158,0.4505208333333333,0.4823763889427201,3.3684210526315788
1203,18,29,22,1.7,0.4375,0.39999999999999997,3.2
1204,19,29,24,1.736842105263158,0.4583333333333333,0.4823763889427201,3.3684210526315788
1205,18,34,22,1.7,0.4036458333333333,0.39999999999999997,3.2
1206,19,28,24,1.736842105263158,0.46354166666666663,0.4823763889427201,3.3684210526315788
1207,18,31,22,1.7,0.421875,0.39999999999999997,3.2
1208,19,31,22,1.736842105263158,0.4270833333333333,0.4823763889427201,3.3684210526315788
1209,19,31,22,1.736842105263158,0.4270833333333333,0.4823763889427201,3.3684210526315788
1210,19,27,26,1.736842105263158,0.4895833333333333,0.4823763889427201,3.3684210526315788
1211,19,31,24,1.736842105263158,0.4427083333333333,0.4823763889427201,3.3684210526315788
1212,19,28,25,1.736842105263158,0.4739583333333333,0.4823763889427201,3.3684210526315788
1213,19,30,24,1.736842105263158,0.44791666666666663,0.4823763889427201,3.3684210526315788
1214,19,27,24,1.736842105263158,0.4739583333333333,0.4823763889427201,3.3684210526315788
1215,19,34,22,1.736842105263158,0.4036458333333333,0.4823763889427201,3.3684210526315788
1216,20,27,26,1.7777777777777777,0.4895833333333333,0.49690399499995325,3.5555555555555554
1217,20,29,23,1.7777777777777777,0.4505208333333333,0.49690399499995325,3.5555555555555554
1218,20,32,22,1.7777777777777777,0.4192708333333333,0.49690399499995325,3.5555555555555554
1219,19,27,25,1.736842105263158,0.4817708333333333,0.4823763889427201,3.3684210526315788
1220,19,31,23,1.736842105263158,0.4348958333333333,0.48237638894272,3.3684210526315788
1221,20,31,23,1.7777777777777777,0.4348958333333333,0.49690399499995325,3.5555555555555554
1222,19,30,24,1.736842105263158,0.4505208333333333,0.4823763889427201,3.3684210526315788
1223,19,28,25,1.736842105263158,0.4739583333333333,0.4823763889427201,3.3684210526315788
1224,18,26,24,1.7,0.4765625,0.39999999999999997,3.2
1225,19,28,24,1.736842105263158,0.46354166666666663,0.4823763889427201,3.3684210526315788
1226,19,31,22,1.736842105263158,0.4270833333333333,0.4823763889427201,3.3684210526315788
1227,18,28,25,1.7,0.47135416666666663,0.39999999999999997,3.2
1228,18,27,24,1.7,0.4661458333333333,0.39999999999999997,3.2
1229,20,29,24,1.7777777777777777,0.4583333333333333,0.49690399499995325,3.5555555555555554
1230,20,33,22,1.7777777777777777,0.4114583333333333,0.49690399499995325,3.5555555555555554
1231,19,28,24,1.736842105263158,0.46354166666666663,0.4823763889427201,3.3684210526315788
1232,20,28,23,1.7777777777777777,0.453125,0.49690399499995325,3.5555555555555554
1233,19,25,26,1.736842105263158,0.5,0.4823763889427201,3.3684210526315788
1234,19,29,24,1.736842105263158,0.4583333333333333,0.4823763889427201,3.3684210526315788
1235,18,28,24,1.7,0.46354166666666663,0.39999999999999997,3.2
1236,19,30,23,1.6842105263157894,0.43915343915343913,0.5668594533825794,3.3157894736842106
1237,19,30,24,1.736842105263158,0.4453125,0.4823763889427201,3.3684210526315788
1238,19,24,26,1.6842105263157894,0.5079365079365079,0.5668594533825794,3.3157894736842106
1239,20,29,24,1.7777777777777777,0.4583333333333333,0.49690399499995325,3.5555555555555554
1240,20,37,21,1.7777777777777777,0.3723958333333333,0.49690399499995325,3.5555555555555554
1241,19,29,24,1.736842105263158,0.4583333333333333,0.4823763889427201,3.3684210526315788
1242,19,27,25,1.736842105263158,0.47916666666666663,0.4823763889427201,3.3684210526315788
1243,19,25,26,1.736842105263158,0.5,0.4823763889427201,3.3684210526315788
1244,19,27,27,1.736842105263158,0.4973958333333333,0.4823763889427201,3.3684210526315788
1245,20,29,24,1.7777777777777777,0.4583333333333333,0.49690399499995325,3.5555555555555554
1246,19,26,26,1.736842105263158,0.49479166666666663,0.4823763889427201,3.3684210526315788
1247,18,28,25,1.7,0.47135416666666663,0.39999999999999997,3.2
1248,19,30,24,1.736842105263158,0.44791666666666663,0.4823763889427201,3.3684210526315788
1249,19,28,25,1.736842105263158,0.4739583333333333,0.4823763889427201,3.3684210526315788
1250,19,27,25,1.736842105263158,0.4817708333333333,0.4823763889427201,3.3684210526315788
1251,19,25,25,1.736842105263158,0.48958333333333326,0.4823763889427201,3.3684210526315788
1252,20,31,24,1.7777777777777777,0.44010416666666663,0.49690399499995325,3.5555555555555554
1253,19,30,25,1.736842105263158,0.453125,0.4823763889427201,3.3684210526315788
1254,20,27,25,1.7777777777777777,0.4765625,0.49690399499995325,3.5555555555555554
1255,19,28,24,1.736842105263158,0.46354166666666663,0.4823763889427201,3.3684210526315788
1256,18,29,23,1.7,0.4453125,0.39999999999999997,3.2
1257,19,29,23,1.736842105263158,0.4505208333333333,0.4823763889427201,3.3684210526315788
1258,20,26,26,1.7777777777777777,0.49479166666666663,0.49690399499995325,3.5555555555555554
1259,18,33,20,1.65,0.3941798941798942,0.47696960070847283,3.15
1260,19,30,23,1.736842105263158,0.44010416666666663,0.4823763889427201,3.3684210526315788
1261,19,27,25,1.736842105263158,0.4765625,0.4823763889427201,3.3684210526315788
1262,19,30,23,1.736842105263158,0.44010416666666663,0.4823763889427201,3.3684210526315788
1263,19,31,23,1.736842105263158,0.4348958333333333,0.4823763889427201,3.3684210526315788
1264,18,27,25,1.7,0.47916666666666663,0.39999999999999997,3.2
1265,19,29,25,1.736842105263158,0.4661458333333333,0.4823763889427201,3.3684210526315788
1266,18,33,22,1.7,0.4114583333333333,0.39999999999999997,3.2
1267,19,30,24,1.736842105263158,0.44791666666666663,0.48237638894272,3.3684210526315788
1268,18,31,23,1.7,0.4348958333333333,0.39999999999999997,3.2
1269,18,28,24,1.7,0.4661458333333333,0.39999999999999997,3.2
1270,19,27,25,1.736842105263158,0.47916666666666663,0.4823763889427201,3.3684210526315788
1271,19,28,24,1.736842105263158,0.46354166666666663,0.4823763889427201,3.3684210526315788
1272,20,30,23,1.7777777777777777,0.4427083333333333,0.49690399499995325,3.5555555555555554
1273,20,27,26,1.7777777777777777,0.48697916666666663,0.49690399499995325,3.5555555555555554
1274,19,27,26,1.736842105263158,0.4895833333333333,0.4823763889427201,3.3684210526315788
1275,19,30,23,1.736842105263158,0.4427083333333333,0.4823763889427201,3.3684210526315788
1276,18,27,25,1.7,0.4817708333333333,0.39999999999999997,3.2
1277,19,33,23,1.736842105263158,0.4192708333333333,0.4823763889427201,3.3684210526315788
1278,18,29,24,1.7,0.4583333333333333,0.39999999999999997,3.2
1279,19,28,24,1.736842105263158,0.4609375,0.4823763889427201,3.3684210526315788
1280,19,27,25,1.736842105263158,0.4817708333333333,0.4823763889427201,3.3684210526315788
1281,18,27,25,1.7,0.4817708333333333,0.39999999999999997,3.2
1282,19,27,26,1.736842105263158,0.4895833333333333,0.4823763889427201,3.3684210526315788
1283,18,31,22,1.7,0.4270833333333333,0.39999999999999997,3.2
1284,19,28,24,1.736842105263158,0.46354166666666663,0.4823763889427201,3.3684210526315788
1285,19,27,24,1.736842105263158,0.47135416666666663,0.4823763889427201,3.3684210526315788
1286,20,29,23,1.7777777777777777,0.4505208333333333,0.49690399499995325,3.5555555555555554
1287,19,31,24,1.736842105263158,0.4427083333333333,0.4823763889427201,3.3684210526315788
1288,19,31,22,1.736842105263158,0.4270833333333333,0.4823763889427201,3.3684210526315788
1289,19,30,22,1.736842105263158,0.4296875,0.48237638894272,3.3684210526315788
1290,19,33,23,1.736842105263158,0.41666666666666663,0.4823763889427201,3.3684210526315788
1291,19,27,24,1.736842105263158,0.47135416666666663,0.4823763889427201,3.3684210526315788
1292,19,25,25,1.6842105263157894,0.49470899470899465,0.5668594533825794,3.3157894736842106
1293,19,23,26,1.736842105263158,0.5104166666666666,0.4823763889427201,3.3684210526315788
1294,19,31,22,1.736842105263158,0.42447916666666663,0.4823763889427201,3.3684210526315788
1295,18,29,24,1.7,0.45572916666666663,0.39999999999999997,3.2
1296,19,30,24,1.736842105263158,0.4505208333333333,0.4823763889427201,3.3684210526315788
1297,19,29,23,1.736842105263158,0.4505208333333333,0.4823763889427201,3.3684210526315788
1298,19,29,24,1.736842105263158,0.4583333333333333,0.4823763889427201,3.3684210526315788
1299,18,30,23,1.7,0.4375,0.39999999999999997,3.2
1300,19,33,24,1.736842105263158,0.4270833333333333,0.4823763889427201,3.3684210526315788
1301,20,27,25,1.7777777777777777,0.47916666666666663,0.49690399499995325,3.5555555555555554
1302,19,32,22,1.736842105263158,0.41666666666666663,0.4823763889427201,3.3684210526315788
1303,19,28,26,1.736842105263158,0.4817708333333333,0.4823763889427201,3.3684210526315788
1304,19,28,25,1.736842105263158,0.4739583333333333,0.4823763889427201,3.3684210526315788
1305,19,26,25,1.736842105263158,0.4895833333333333,0.4823763889427201,3.3684210526315788
1306,20,28,24,1.7777777777777777,0.4609375,0.49690399499995325,3.5555555555555554
1307,19,28,24,1.736842105263158,0.4661458333333333,0.4823763889427201,3.3684210526315788
1308,18,26,25,1.7,0.48697916666666663,0.39999999999999997,3.2
1309,19,25,25,1.736842105263158,0.49479166666666663,0.4823763889427201,3.3684210526315788
1310,19,29,24,1.736842105263158,0.45572916666666663,0.4823763889427201,3.3684210526315788
1311,19,27,26,1.736842105263158,0.4895833333333333,0.4823763889427201,3.3684210526315788
1312,18,29,25,1.7,0.4661458333333333,0.39999999999999997,3.2
1313,20,32,23,1.7777777777777777,0.4270833333333333,0.49690399499995325,3.5555555555555554
1314,18,27,25,1.7,0.4817708333333333,0.39999999999999997,3.2
1315,19,28,25,1.736842105263158,0.47135416666666663,0.4823763889427201,3.3684210526315788
1316,20,27,25,1.7777777777777777,0.4817708333333333,0.49690399499995325,3.5555555555555554
1317,19,32,22,1.736842105263158,0.4192708333333333,0.4823763889427201,3.3684210526315788
1318,19,28,25,1.736842105263158,0.4739583333333333,0.4823763889427201,3.3684210526315788
1319,19,26,26,1.736842105263158,0.4973958333333333,0.4823763889427201,3.3684210526315788
1320,19,28,25,1.736842105263158,0.4739583333333333,0.4823763889427201,3.3684210526315788
1321,20,23,24,1.7222222222222223,0.4973544973544973,0.6009252125773316,3.5
1322,19,28,24,1.736842105263158,0.46354166666666663,0.4823763889427201,3.3684210526315788
1323,19,27,23,1.6842105263157894,0.46296296296296297,0.5668594533825794,3.3157894736842106
1324,19,27,24,1.736842105263158,0.47135416666666663,0.4823763889427201,3.3684210526315788
1325,19,27,25,1.736842105263158,0.47916666666666663,0.4823763889427201,3.3684210526315788
1326,18,31,23,1.7,0.42968749999999994,0.39999999999999997,3.2
1327,18,26,25,1.7,0.4817708333333333,0.39999999999999997,3.2
1328,19,26,25,1.736842105263158,0.48697916666666663,0.4823763889427201,3.3684210526315788
1329,20,28,25,1.7777777777777777,0.4739583333333333,0.49690399499995325,3.5555555555555554
1330,18,28,26,1.7,0.4817708333333333,0.39999999999999997,3.2
1331,18,25,27,1.7,0.5078125,0.39999999999999997,3.2
1332,18,32,22,1.7,0.4192708333333333,0.39999999999999997,3.2
1333,19,29,23,1.736842105263158,0.4479166666666667,0.4823763889427201,3.3684210526315788
1334,19,28,25,1.736842105263158,0.47135416666666663,0.4823763889427201,3.3684210526315788
1335,19,28,26,1.736842105263158,0.4817708333333333,0.4823763889427201,3.3684210526315788
1336,18,23,26,1.7,0.5130208333333333,0.39999999999999997,3.2
1337,19,28,25,1.736842105263158,0.4739583333333333,0.4823763889427201,3.3684210526315788
1338,18,26,24,1.7,0.4765625,0.39999999999999997,3.2
1339,19,28,25,1.736842105263158,0.4739583333333333,0.48237638894272,3.3684210526315788
1340,19,25,25,1.736842105263158,0.4895833333333333,0.4823763889427201,3.3684210526315788
1341,20,26,26,1.7777777777777777,0.49479166666666663,0.49690399499995325,3.5555555555555554
1342,18,27,25,1.7,0.47916666666666663,0.39999999999999997,3.2
1343,20,27,25,1.7777777777777777,0.47916666666666663,0.49690399499995325,3.5555555555555554
1344,18,27,25,1.7,0.47916666666666663,0.39999999999999997,3.2
1345,19,28,25,1.736842105263158,0.47135416666666663,0.4823763889427201,3.3684210526315788
1346,19,27,26,1.736842105263158,0.4895833333333333,0.4823763889427201,3.3684210526315788
1347,19,27,25,1.736842105263158,0.47916666666666663,0.4823763889427201,3.3684210526315788
1348,20,34,21,1.8333333333333333,0.390625,0.49690399499995325,3.5555555555555554
1349,19,35,23,1.7894736842105263,0.4036458333333333,0.4823763889427201,3.3684210526315788
1350,19,35,21,1.7894736842105263,0.3880208333333333,0.4823763889427201,3.3684210526315788
1351,19,28,24,1.736842105263158,0.4609375,0.4823763889427201,3.3684210526315788
1352,18,26,25,1.7,0.48437499999999994,0.39999999999999997,3.2
1353,18,27,24,1.7,0.46875,0.39999999999999997,3.2
1354,18,33,21,1.75,0.4010416666666667,0.39999999999999997,3.2
1355,19,27,25,1.736842105263158,0.47916666666666663,0.4823763889427201,3.3684210526315788
1356,19,26,25,1.736842105263158,0.48437499999999994,0.48237638894272,3.3684210526315788
1357,18,25,26,1.7,0.49739583333333326,0.39999999999999997,3.2
1358,18,36,22,1.7,0.3880208333333333,0.39999999999999997,3.2
1359,19,29,25,1.736842105263158,0.4635416666666667,0.4823763889427201,3.3684210526315788
1360,20,27,25,1.7777777777777777,0.47916666666666663,0.49690399499995325,3.5555555555555554
1361,19,30,23,1.736842105263158,0.4375,0.4823763889427201,3.3684210526315788
1362,19,32,23,1.736842105263158,0.4296875,0.48237638894272,3.3684210526315788
1363,19,26,25,1.736842105263158,0.484375,0.4823763889427201,3.3684210526315788
1364,19,27,26,1.736842105263158,0.48697916666666663,0.4823763889427201,3.3684210526315788
1365,19,26,25,1.736842105263158,0.48697916666666663,0.4823763889427201,3.3684210526315788
1366,18,35,22,1.75,0.3958333333333333,0.39999999999999997,3.2
1367,19,26,27,1.736842105263158,0.5026041666666666,0.4823763889427201,3.3684210526315788
1368,19,36,21,1.736842105263158,0.3828125,0.48237638894272,3.3684210526315788
1369,19,28,25,1.736842105263158,0.47135416666666663,0.4823763889427201,3.3684210526315788
1370,19,27,25,1.736842105263158,0.47916666666666663,0.4823763889427201,3.3684210526315788
1371,20,26,26,1.7777777777777777,0.49479166666666663,0.49690399499995325,3.5555555555555554
1372,18,28,25,1.7,0.47135416666666663,0.39999999999999997,3.2
1373,19,27,25,1.736842105263158,0.47916666666666663,0.4823763889427201,3.3684210526315788
1374,19,23,26,1.736842105263158,0.5078125,0.4823763889427201,3.3684210526315788
1375,19,27,26,1.736842105263158,0.4895833333333333,0.4823763889427201,3.3684210526315788
1376,20,27,26,1.7777777777777777,0.4895833333333333,0.49690399499995325,3.5555555555555554
1377,20,25,26,1.7777777777777777,0.5026041666666666,0.49690399499995325,3.5555555555555554
1378,19,27,25,1.736842105263158,0.47916666666666663,0.4823763889427201,3.3684210526315788
1379,19,26,25,1.736842105263158,0.48697916666666663,0.48237638894272,3.3684210526315788
1380,19,27,27,1.736842105263158,0.4973958333333333,0.4823763889427201,3.3684210526315788
1381,18,28,25,1.7,0.47135416666666663,0.39999999999999997,3.2
1382,18,27,25,1.7,0.4765625,0.39999999999999997,3.2
1383,19,28,25,1.736842105263158,0.47135416666666663,0.4823763889427201,3.3684210526315788
1384,19,31,21,1.736842105263158,0.4140625,0.4823763889427201,3.3684210526315788
1385,18,26,25,1.7,0.4895833333333333,0.39999999999999997,3.2
1386,19,27,24,1.736842105263158,0.47135416666666663,0.4823763889427201,3.3684210526315788
1387,18,28,25,1.7,0.47135416666666663,0.39999999999999997,3.2
1388,19,26,26,1.736842105263158,0.49479166666666663,0.4823763889427201,3.3684210526315788
1389,19,36,21,1.736842105263158,0.3802083333333333,0.4823763889427201,3.3684210526315788
1390,19,27,25,1.736842105263158,0.47916666666666663,0.4823763889427201,3.3684210526315788
1391,18,33,21,1.75,0.4010416666666667,0.39999999999999997,3.2
1392,18,35,18,1.7,0.359375,0.39999999999999997,3.2
1393,18,26,24,1.7,0.4739583333333333,0.39999999999999997,3.2
1394,19,25,25,1.736842105263158,0.4921875,0.4823763889427201,3.3684210526315788
1395,20,28,24,1.7777777777777777,0.46354166666666663,0.49690399499995325,3.5555555555555554
1396,19,26,25,1.736842105263158,0.4895833333333333,0.4823763889427201,3.3684210526315788
1397,19,27,25,1.736842105263158,0.47916666666666663,0.4823763889427201,3.3684210526315788
1398,19,33,21,1.736842105263158,0.4036458333333333,0.4823763889427201,3.3684210526315788
1399,19,32,22,1.736842105263158,0.4192708333333333,0.4823763889427201,3.3684210526315788
1400,18,23,27,1.65,0.5211640211640212,0.47696960070847283,3.15
1401,19,26,27,1.736842105263158,0.5026041666666666,0.4823763889427201,3.3684210526315788
1402,18,27,26,1.7,0.48697916666666663,0.39999999999999997,3.2
1403,18,28,25,1.7,0.47135416666666663,0.39999999999999997,3.2
1404,19,27,25,1.736842105263158,0.4817708333333333,0.4823763889427201,3.3684210526315788
1405,18,31,21,1.75,0.41666666666666663,0.39999999999999997,3.2
1406,18,35,17,1.7,0.3515625,0.39999999999999997,3.2
1407,19,32,22,1.736842105263158,0.4192708333333333,0.4823763889427201,3.3684210526315788
1408,19,25,25,1.736842105263158,0.4921875,0.4823763889427201,3.3684210526315788
1409,18,29,23,1.7,0.4453125,0.39999999999999997,3.2
1410,20,27,26,1.7777777777777777,0.48697916666666663,0.49690399499995325,3.5555555555555554
1411,18,27,25,1.7,0.47656249999999994,0.39999999999999997,3.2
1412,18,28,25,1.7,0.47135416666666663,0.39999999999999997,3.2
1413,20,26,25,1.7777777777777777,0.48437499999999994,0.49690399499995325,3.5555555555555554
1414,19,25,26,1.736842105263158,0.49739583333333326,0.4823763889427201,3.3684210526315788
1415,19,28,25,1.736842105263158,0.4739583333333333,0.4823763889427201,3.3684210526315788
1416,18,34,25,1.7,0.4270833333333333,0.39999999999999997,3.2
1417,19,25,26,1.736842105263158,0.5026041666666666,0.4823763889427201,3.3684210526315788
1418,19,25,26,1.736842105263158,0.49999999999999994,0.4823763889427201,3.3684210526315788
1419,18,27,24,1.65,0.47089947089947093,0.47696960070847283,3.15
1420,19,24,28,1.6842105263157894,0.5264550264550264,0.5668594533825794,3.3157894736842106
1421,20,29,22,1.7777777777777777,0.4375,0.49690399499995325,3.5555555555555554
1422,19,24,27,1.736842105263158,0.5130208333333333,0.4823763889427201,3.3684210526315788
1423,19,32,21,1.6842105263157894,0.41005291005291006,0.5668594533825794,3.3157894736842106
1424,19,28,23,1.6842105263157894,0.45238095238095233,0.5668594533825794,3.3157894736842106
1425,19,25,26,1.736842105263158,0.5052083333333333,0.4823763889427201,3.3684210526315788
1426,19,26,27,1.736842105263158,0.5026041666666666,0.4823763889427201,3.3684210526315788
1427,18,31,23,1.7,0.4348958333333333,0.39999999999999997,3.2
1428,18,30,24,1.7,0.45052083333333337,0.39999999999999997,3.2
1429,19,37,21,1.736842105263158,0.375,0.4823763889427201,3.3684210526315788
1430,19,26,26,1.736842105263158,0.49479166666666663,0.4823763889427201,3.3684210526315788
1431,20,28,25,1.7777777777777777,0.4739583333333333,0.49690399499995325,3.5555555555555554
1432,19,29,24,1.736842105263158,0.4505208333333333,0.4823763889427201,3.3684210526315788
1433,20,35,23,1.7777777777777777,0.40104166666666663,0.49690399499995325,3.5555555555555554
1434,19,28,25,1.736842105263158,0.4739583333333333,0.4823763889427201,3.3684210526315788
1435,19,25,26,1.736842105263158,0.5026041666666666,0.4823763889427201,3.3684210526315788
1436,19,26,26,1.736842105263158,0.49479166666666663,0.4823763889427201,3.3684210526315788
1437,18,36,23,1.7,0.3984375,0.39999999999999997,3.2
1438,18,36,22,1.75,0.3880208333333333,0.39999999999999997,3.2
1439,19,27,26,1.736842105263158,0.48697916666666663,0.4823763889427201,3.3684210526315788
1440,19,27,25,1.736842105263158,0.47916666666666663,0.4823763889427201,3.3684210526315788
1441,18,28,25,1.7,0.47135416666666663,0.39999999999999997,3.2
1442,19,31,22,1.736842105263158,0.42447916666666663,0.4823763889427201,3.3684210526315788
1443,20,26,26,1.7777777777777777,0.49479166666666663,0.49690399499995325,3.5555555555555554
1444,18,37,19,1.7,0.3567708333333333,0.39999999999999997,3.2
1445,19,25,25,1.736842105263158,0.4895833333333333,0.48237638894272,3.3684210526315788
1446,19,26,26,1.736842105263158,0.49218749999999994,0.48237638894272,3.3684210526315788
1447,19,28,23,1.736842105263158,0.4583333333333333,0.4823763889427201,3.3684210526315788
1448,19,29,23,1.736842105263158,0.4505208333333333,0.4823763889427201,3.3684210526315788
1449,19,25,27,1.736842105263158,0.5104166666666666,0.4823763889427201,3.3684210526315788
1450,18,32,23,1.7,0.421875,0.39999999999999997,3.2
1451,18,27,25,1.7,0.4765625,0.39999999999999997,3.2
1452,19,27,27,1.736842105263158,0.4973958333333333,0.4823763889427201,3.3684210526315788
1453,19,32,22,1.736842105263158,0.4140625,0.4823763889427201,3.3684210526315788
1454,18,33,21,1.65,0.3994708994708995,0.47696960070847283,3.15
1455,18,33,22,1.75,0.40885416666666663,0.39999999999999997,3.2
1456,19,27,25,1.736842105263158,0.4791666666666667,0.4823763889427201,3.3684210526315788
1457,20,32,21,1.7777777777777777,0.40364583333333337,0.49690399499995325,3.5555555555555554
1458,18,27,26,1.7,0.48697916666666663,0.39999999999999997,3.2
1459,20,27,25,1.7777777777777777,0.4765625,0.49690399499995325,3.5555555555555554
1460,19,26,27,1.736842105263158,0.5026041666666666,0.48237638894272,3.3684210526315788
1461,20,30,24,1.7777777777777777,0.4505208333333333,0.49690399499995325,3.5555555555555554
1462,20,25,25,1.7777777777777777,0.4921875,0.49690399499995325,3.5555555555555554
1463,18,27,26,1.7,0.4895833333333333,0.39999999999999997,3.2
1464,19,27,26,1.736842105263158,0.4895833333333333,0.4823763889427201,3.3684210526315788
1465,19,24,26,1.6842105263157894,0.5079365079365079,0.5668594533825794,3.3157894736842106
1466,19,27,25,1.736842105263158,0.47916666666666663,0.4823763889427201,3.3684210526315788
1467,18,26,26,1.7,0.49218749999999994,0.39999999999999997,3.2
1468,19,28,23,1.736842105263158,0.4505208333333333,0.4823763889427201,3.3684210526315788
1469,19,24,26,1.736842105263158,0.5104166666666666,0.4823763889427201,3.3684210526315788
1470,19,32,23,1.736842105263158,0.4270833333333333,0.48237638894272,3.3684210526315788
1471,19,26,26,1.736842105263158,0.49479166666666663,0.4823763889427201,3.3684210526315788
1472,20,31,27,1.8333333333333333,0.46614583333333337,0.49690399499995325,3.5555555555555554
1473,18,33,23,1.7,0.4140625,0.39999999999999997,3.2
1474,20,25,25,1.7777777777777777,0.49479166666666663,0.49690399499995325,3.5555555555555554
1475,18,23,27,1.7,0.5182291666666666,0.39999999999999997,3.2
1476,18,23,26,1.7,0.515625,0.39999999999999997,3.2
1477,20,32,26,1.7777777777777777,0.44791666666666663,0.49690399499995325,3.5555555555555554
1478,18,24,26,1.7,0.5078125,0.39999999999999997,3.2
1479,18,25,25,1.7,0.49479166666666663,0.39999999999999997,3.2
1480,19,29,23,1.736842105263158,0.44791666666666663,0.4823763889427201,3.3684210526315788
1481,19,36,21,1.736842105263158,0.3802083333333333,0.4823763889427201,3.3684210526315788
1482,19,31,24,1.736842105263158,0.44010416666666663,0.4823763889427201,3.3684210526315788
1483,19,28,27,1.736842105263158,0.48697916666666663,0.4823763889427201,3.3684210526315788
1484,19,27,26,1.736842105263158,0.48697916666666663,0.4823763889427201,3.3684210526315788
1485,19,25,26,1.736842105263158,0.5026041666666666,0.48237638894272,3.3684210526315788
1486,18,35,21,1.65,0.38095238095238093,0.47696960070847283,3.15
1487,18,24,26,1.7,0.5078125,0.39999999999999997,3.2
1488,18,33,21,1.75,0.4036458333333333,0.39999999999999997,3.2
1489,19,35,21,1.736842105263158,0.3880208333333333,0.4823763889427201,3.3684210526315788
1490,19,27,26,1.736842105263158,0.48697916666666663,0.4823763889427201,3.3684210526315788
1491,19,26,26,1.736842105263158,0.49218749999999994,0.4823763889427201,3.3684210526315788
1492,19,26,25,1.736842105263158,0.484375,0.4823763889427201,3.3684210526315788
1493,19,33,24,1.736842105263158,0.4244791666666667,0.4823763889427201,3.3684210526315788
1494,20,26,26,1.7777777777777777,0.49479166666666663,0.49690399499995325,3.5555555555555554
1495,18,26,25,1.7,0.484375,0.39999999999999997,3.2
1496,18,28,24,1.7,0.46354166666666663,0.39999999999999997,3.2
1497,18,26,26,1.7,0.49479166666666663,0.39999999999999997,3.2
1498,19,31,24,1.736842105263158,0.4427083333333333,0.4823763889427201,3.3684210526315788
1499,18,31,22,1.7,0.41927083333333337,0.39999999999999997,3.2
1500,18,26,26,1.7,0.49479166666666663,0.39999999999999997,3.2
1501,19,28,24,1.736842105263158,0.46354166666666663,0.4823763889427201,3.3684210526315788
1502,19,29,20,1.6842105263157894,0.42063492063492064,0.5668594533825794,3.3157894736842106
1503,20,28,26,1.7777777777777777,0.4817708333333333,0.49690399499995325,3.5555555555555554
1504,19,31,23,1.736842105263158,0.43489583333333337,0.48237638894272,3.3684210526315788
1505,19,31,21,1.736842105263158,0.4140625,0.4823763889427201,3.3684210526315788
1506,18,36,17,1.7,0.34114583333333337,0.39999999999999997,3.2
1507,19,26,26,1.736842105263158,0.49479166666666663,0.4823763889427201,3.3684210526315788
1508,18,28,25,1.7,0.47135416666666663,0.39999999999999997,3.2
1509,19,26,25,1.736842105263158,0.484375,0.4823763889427201,3.3684210526315788
1510,19,23,26,1.6842105263157894,0.5158730158730159,0.5668594533825794,3.3157894736842106
1511,18,26,26,1.65,0.49470899470899465,0.47696960070847283,3.15
1512,19,31,23,1.736842105263158,0.4296875,0.4823763889427201,3.3684210526315788
1513,19,24,26,1.736842105263158,0.5104166666666666,0.4823763889427201,3.3684210526315788
1514,19,26,25,1.736842105263158,0.48437499999999994,0.4823763889427201,3.3684210526315788
1515,18,27,25,1.65,0.48148148148148145,0.47696960070847283,3.15
1516,19,29,24,1.736842105263158,0.453125,0.4823763889427201,3.3684210526315788
1517,19,23,27,1.736842105263158,0.5208333333333333,0.4823763889427201,3.3684210526315788
1518,19,29,24,1.736842105263158,0.45572916666666663,0.4823763889427201,3.3684210526315788
1519,19,25,26,1.736842105263158,0.49999999999999994,0.4823763889427201,3.3684210526315788
1520,18,23,27,1.7,0.5234375,0.39999999999999997,3.2
1521,19,26,26,1.736842105263158,0.49479166666666663,0.4823763889427201,3.3684210526315788
1522,18,24,26,1.7,0.5026041666666666,0.39999999999999997,3.2
1523,19,25,26,1.736842105263158,0.5026041666666666,0.4823763889427201,3.3684210526315788
1524,19,27,24,1.736842105263158,0.46875,0.4823763889427201,3.3684210526315788
1525,19,31,21,1.736842105263158,0.4140625,0.4823763889427201,3.3684210526315788
1526,19,27,25,1.736842105263158,0.47916666666666663,0.4823763889427201,3.3684210526315788
1527,18,33,23,1.7,0.41145833333333337,0.39999999999999997,3.2
1528,20,24,24,1.7777777777777777,0.48697916666666663,0.49690399499995325,3.5555555555555554
1529,19,37,21,1.736842105263158,0.3697916666666667,0.4823763889427201,3.3684210526315788
1530,19,28,23,1.736842105263158,0.453125,0.4823763889427201,3.3684210526315788
1531,19,27,23,1.736842105263158,0.4609375,0.4823763889427201,3.3684210526315788
1532,20,28,25,1.7777777777777777,0.47135416666666663,0.49690399499995325,3.5555555555555554
1533,19,23,25,1.736842105263158,0.5052083333333333,0.4823763889427201,3.3684210526315788
1534,19,22,26,1.6842105263157894,0.5264550264550264,0.5668594533825794,3.3157894736842106
1535,19,31,27,1.736842105263158,0.4661458333333333,0.4823763889427201,3.3684210526315788
1536,19,26,26,1.736842105263158,0.4973958333333333,0.4823763889427201,3.3684210526315788
1537,19,29,23,1.736842105263158,0.4505208333333333,0.4823763889427201,3.3684210526315788
1538,19,37,21,1.736842105263158,0.36979166666666663,0.4823763889427201,3.3684210526315788
1539,19,23,26,1.6842105263157894,0.5185185185185185,0.5668594533825794,3.3157894736842106
1540,19,33,23,1.736842105263158,0.4140625,0.4823763889427201,3.3684210526315788
1541,20,27,25,1.7777777777777777,0.47916666666666663,0.49690399499995325,3.5555555555555554
1542,19,23,27,1.736842105263158,0.5234375,0.4823763889427201,3.3684210526315788
1543,20,29,22,1.7777777777777777,0.4375,0.49690399499995325,3.5555555555555554
1544,20,25,27,1.7777777777777777,0.5104166666666666,0.49690399499995325,3.5555555555555554
1545,19,26,25,1.736842105263158,0.48697916666666663,0.4823763889427201,3.3684210526315788
1546,19,24,26,1.736842105263158,0.5104166666666666,0.4823763889427201,3.3684210526315788
1547,18,26,27,1.7,0.5026041666666666,0.39999999999999997,3.2
1548,19,27,25,1.736842105263158,0.47916666666666663,0.4823763889427201,3.3684210526315788
1549,18,27,24,1.7,0.47135416666666663,0.39999999999999997,3.2
1550,19,25,26,1.736842105263158,0.5052083333333333,0.4823763889427201,3.3684210526315788
1551,20,36,21,1.7777777777777777,0.375,0.49690399499995325,3.5555555555555554
1552,19,25,26,1.736842105263158,0.5026041666666666,0.4823763889427201,3.3684210526315788
1553,18,38,21,1.7,0.3645833333333333,0.39999999999999997,3.2
1554,19,26,27,1.736842105263158,0.5026041666666666,0.4823763889427201,3.3684210526315788
1555,19,36,21,1.736842105263158,0.3776041666666667,0.4823763889427201,3.3684210526315788
1556,19,36,18,1.736842105263158,0.359375,0.48237638894272,3.3684210526315788
1557,20,25,26,1.7777777777777777,0.5026041666666666,0.49690399499995325,3.5555555555555554
1558,19,30,22,1.736842105263158,0.42708333333333337,0.4823763889427201,3.3684210526315788
1559,18,25,27,1.7,0.5078125,0.39999999999999997,3.2
1560,19,24,26,1.736842105263158,0.5078125,0.4823763889427201,3.3684210526315788
1561,19,25,26,1.736842105263158,0.5026041666666666,0.4823763889427201,3.3684210526315788
1562,19,26,25,1.6842105263157894,0.48677248677248675,0.5668594533825794,3.3157894736842106
1563,19,34,21,1.736842105263158,0.38802083333333337,0.4823763889427201,3.3684210526315788
1564,19,25,27,1.6842105263157894,0.5105820105820107,0.5668594533825794,3.3157894736842106
1565,18,26,27,1.7,0.5026041666666666,0.39999999999999997,3.2
1566,18,31,22,1.65,0.42857142857142855,0.47696960070847283,3.15
1567,19,26,27,1.736842105263158,0.5026041666666666,0.4823763889427201,3.3684210526315788
1568,19,24,26,1.736842105263158,0.5052083333333333,0.4823763889427201,3.3684210526315788
1569,20,24,26,1.7777777777777777,0.5104166666666666,0.49690399499995325,3.5555555555555554
1570,19,25,26,1.736842105263158,0.5026041666666666,0.48237638894272,3.3684210526315788
1571,19,36,22,1.736842105263158,0.3854166666666667,0.4823763889427201,3.3684210526315788
1572,19,33,21,1.736842105263158,0.39583333333333337,0.4823763889427201,3.3684210526315788
1573,19,31,22,1.736842105263158,0.4270833333333333,0.4823763889427201,3.3684210526315788
1574,19,29,24,1.6842105263157894,0.4603174603174603,0.5668594533825794,3.3157894736842106
1575,19,25,25,1.736842105263158,0.4895833333333333,0.48237638894272,3.3684210526315788
1576,18,28,26,1.7,0.4817708333333333,0.39999999999999997,3.2
1577,18,23,26,1.7,0.515625,0.39999999999999997,3.2
1578,19,23,26,1.736842105263158,0.5182291666666666,0.4823763889427201,3.3684210526315788
1579,19,25,27,1.736842105263158,0.5104166666666666,0.4823763889427201,3.3684210526315788
1580,19,32,22,1.736842105263158,0.41666666666666663,0.4823763889427201,3.3684210526315788
1581,20,27,24,1.7777777777777777,0.4609375,0.49690399499995325,3.5555555555555554
1582,18,25,27,1.7,0.5104166666666666,0.39999999999999997,3.2
1583,20,33,22,1.7777777777777777,0.40885416666666663,0.49690399499995325,3.5555555555555554
1584,18,31,24,1.7,0.44270833333333337,0.39999999999999997,3.2
1585,19,26,26,1.736842105263158,0.4921875,0.4823763889427201,3.3684210526315788
1586,19,37,21,1.736842105263158,0.3723958333333333,0.4823763889427201,3.3684210526315788
1587,19,30,22,1.736842105263158,0.43229166666666663,0.4823763889427201,3.3684210526315788
1588,19,24,28,1.736842105263158,0.5260416666666666,0.4823763889427201,3.3684210526315788
1589,18,28,25,1.7,0.47135416666666663,0.39999999999999997,3.2
1590,18,23,27,1.7,0.5234375,0.39999999999999997,3.2
1591,19,22,26,1.6842105263157894,0.5238095238095238,0.5668594533825794,3.3157894736842106
1592,19,25,26,1.736842105263158,0.5026041666666666,0.48237638894272,3.3684210526315788
1593,19,25,27,1.736842105263158,0.5104166666666666,0.4823763889427201,3.3684210526315788
1594,18,25,27,1.7,0.5104166666666666,0.39999999999999997,3.2
1595,19,26,26,1.736842105263158,0.49479166666666663,0.4823763889427201,3.3684210526315788
1596,19,29,23,1.736842105263158,0.4453125,0.4823763889427201,3.3684210526315788
1597,18,25,28,1.7,0.5182291666666666,0.39999999999999997,3.2
1598,19,30,23,1.736842105263158,0.4427083333333333,0.48237638894272,3.3684210526315788
1599,21,25,26,1.8235294117647058,0.5,0.42418250299576343,3.764705882352941
1600,19,34,21,1.736842105263158,0.390625,0.4823763889427201,3.3684210526315788
1601,18,34,21,1.75,0.3958333333333333,0.39999999999999997,3.2
1602,19,26,26,1.736842105263158,0.5,0.4823763889427201,3.3684210526315788
1603,19,35,21,1.736842105263158,0.38541666666666663,0.4823763889427201,3.3684210526315788
1604,19,29,25,1.736842105263158,0.4661458333333333,0.4823763889427201,3.3684210526315788
1605,19,23,26,1.736842105263158,0.515625,0.4823763889427201,3.3684210526315788
1606,19,29,23,1.6842105263157894,0.44708994708994704,0.5668594533825794,3.3157894736842106
1607,20,35,22,1.7777777777777777,0.390625,0.49690399499995325,3.5555555555555554
1608,18,24,26,1.7,0.5052083333333333,0.39999999999999997,3.2
1609,19,24,26,1.736842105263158,0.5104166666666666,0.4823763889427201,3.3684210526315788
1610,20,23,26,1.7777777777777777,0.515625,0.49690399499995325,3.5555555555555554
1611,19,25,26,1.736842105263158,0.5026041666666666,0.4823763889427201,3.3684210526315788
1612,19,23,27,1.736842105263158,0.5260416666666666,0.4823763889427201,3.3684210526315788
1613,20,32,23,1.7777777777777777,0.4270833333333333,0.49690399499995325,3.5555555555555554
1614,19,22,27,1.736842105263158,0.5286458333333333,0.4823763889427201,3.3684210526315788
1615,18,33,24,1.7,0.421875,0.39999999999999997,3.2
1616,19,25,26,1.736842105263158,0.5026041666666666,0.4823763889427201,3.3684210526315788
1617,19,24,25,1.6842105263157894,0.4973544973544973,0.5668594533825794,3.3157894736842106
1618,19,31,25,1.736842105263158,0.4453125,0.48237638894272,3.3684210526315788
1619,19,24,27,1.736842105263158,0.5182291666666666,0.48237638894272,3.3684210526315788
1620,18,27,26,1.7,0.48697916666666663,0.39999999999999997,3.2
1621,19,37,20,1.736842105263158,0.3619791666666667,0.4823763889427201,3.3684210526315788
1622,19,31,24,1.736842105263158,0.4453125,0.4823763889427201,3.3684210526315788
1623,19,24,26,1.6842105263157894,0.5105820105820106,0.5668594533825794,3.3157894736842106
1624,18,33,24,1.7,0.421875,0.39999999999999997,3.2
1625,19,30,25,1.6842105263157894,0.4523809523809524,0.5668594533825794,3.3157894736842106
1626,19,36,22,1.736842105263158,0.3880208333333333,0.4823763889427201,3.3684210526315788
1627,18,25,26,1.7,0.5026041666666666,0.39999999999999997,3.2
1628,19,27,25,1.736842105263158,0.47916666666666663,0.48237638894272,3.3684210526315788
1629,19,35,23,1.736842105263158,0.40104166666666663,0.4823763889427201,3.3684210526315788
1630,19,35,22,1.6842105263157894,0.3915343915343915,0.5668594533825794,3.3157894736842106
1631,18,23,27,1.7,0.5208333333333333,0.39999999999999997,3.2
1632,19,24,26,1.736842105263158,0.5078125,0.4823763889427201,3.3684210526315788
1633,18,22,27,1.65,0.5291005291005292,0.47696960070847283,3.15
1634,19,31,24,1.736842105263158,0.4453125,0.4823763889427201,3.3684210526315788
1635,18,29,22,1.7,0.4375,0.39999999999999997,3.2
1636,18,23,26,1.65,0.5158730158730159,0.47696960070847283,3.15
1637,20,26,25,1.7777777777777777,0.48697916666666663,0.49690399499995325,3.5555555555555554
1638,19,35,21,1.736842105263158,0.3854166666666667,0.4823763889427201,3.3684210526315788
1639,19,35,21,1.736842105263158,0.38541666666666663,0.4823763889427201,3.3684210526315788
1640,18,27,24,1.65,0.4656084656084656,0.47696960070847283,3.15
1641,19,29,25,1.736842105263158,0.4609375,0.4823763889427201,3.3684210526315788
1642,18,23,26,1.7,0.515625,0.39999999999999997,3.2
1643,18,24,27,1.7,0.515625,0.39999999999999997,3.2
1644,19,26,26,1.736842105263158,0.49479166666666663,0.4823763889427201,3.3684210526315788
1645,19,24,27,1.736842105263158,0.515625,0.4823763889427201,3.3684210526315788
1646,19,23,26,1.736842105263158,0.515625,0.4823763889427201,3.3684210526315788
1647,19,26,25,1.736842105263158,0.48437499999999994,0.48237638894272,3.3684210526315788
1648,19,24,26,1.736842105263158,0.5052083333333333,0.4823763889427201,3.3684210526315788
1649,19,31,22,1.736842105263158,0.425925925925926,0.5668594533825794,3.3157894736842106
1650,19,28,24,1.736842105263158,0.4661458333333333,0.4823763889427201,3.3684210526315788
1651,18,26,27,1.7,0.5026041666666666,0.39999999999999997,3.2
1652,18,35,21,1.7,0.38541666666666663,0.39999999999999997,3.2
1653,19,25,27,1.6842105263157894,0.5105820105820106,0.5668594533825794,3.3157894736842106
1654,19,35,22,1.736842105263158,0.3932291666666667,0.4823763889427201,3.3684210526315788
1655,19,23,26,1.736842105263158,0.515625,0.4823763889427201,3.3684210526315788
1656,18,37,21,1.7,0.3723958333333333,0.39999999999999997,3.2
1657,19,23,26,1.6842105263157894,0.5185185185185185,0.5668594533825794,3.3157894736842106
1658,18,33,22,1.75,0.40885416666666663,0.39999999999999997,3.2
1659,18,25,27,1.7,0.5104166666666666,0.39999999999999997,3.2
1660,20,29,27,1.7777777777777777,0.47916666666666663,0.49690399499995325,3.5555555555555554
1661,18,30,26,1.7,0.4609375,0.39999999999999997,3.2
1662,19,24,26,1.736842105263158,0.5078125,0.4823763889427201,3.3684210526315788
1663,18,34,22,1.7,0.3984375,0.39999999999999997,3.2
1664,19,35,23,1.736842105263158,0.4036458333333333,0.4823763889427201,3.3684210526315788
1665,19,27,26,1.736842105263158,0.48697916666666663,0.4823763889427201,3.3684210526315788
1666,19,35,21,1.736842105263158,0.3828125,0.4823763889427201,3.3684210526315788
1667,19,22,26,1.736842105263158,0.5208333333333333,0.4823763889427201,3.3684210526315788
1668,19,24,28,1.736842105263158,0.5260416666666666,0.4823763889427201,3.3684210526315788
1669,18,32,22,1.7,0.41145833333333337,0.39999999999999997,3.2
1670,19,24,26,1.736842105263158,0.5104166666666666,0.4823763889427201,3.3684210526315788
1671,18,25,26,1.7,0.5026041666666666,0.39999999999999997,3.2
1672,19,29,26,1.6842105263157894,0.4708994708994709,0.5668594533825794,3.3157894736842106
1673,19,37,21,1.736842105263158,0.36979166666666663,0.48237638894272,3.3684210526315788
1674,19,31,24,1.736842105263158,0.43489583333333337,0.48237638894272,3.3684210526315788
1675,19,27,26,1.736842105263158,0.48697916666666663,0.4823763889427201,3.3684210526315788
1676,19,25,26,1.736842105263158,0.5026041666666666,0.4823763889427201,3.3684210526315788
1677,18,27,23,1.7,0.46354166666666663,0.39999999999999997,3.2
1678,19,34,23,1.736842105263158,0.40885416666666663,0.4823763889427201,3.3684210526315788
1679,19,25,27,1.736842105263158,0.5104166666666666,0.4823763889427201,3.3684210526315788
1680,18,25,26,1.65,0.49999999999999994,0.47696960070847283,3.15
1681,18,23,26,1.65,0.5132275132275131,0.47696960070847283,3.15
1682,19,35,23,1.736842105263158,0.40104166666666663,0.4823763889427201,3.3684210526315788
1683,18,26,25,1.7,0.4817708333333333,0.39999999999999997,3.2
1684,18,31,23,1.7,0.4244791666666667,0.39999999999999997,3.2
1685,19,25,27,1.736842105263158,0.5104166666666666,0.4823763889427201,3.3684210526315788
1686,18,24,26,1.7,0.5078125,0.39999999999999997,3.2
1687,18,24,26,1.7,0.5052083333333333,0.39999999999999997,3.2
1688,18,24,26,1.7,0.5078125,0.39999999999999997,3.2
1689,18,25,26,1.7,0.5026041666666666,0.39999999999999997,3.2
1690,19,36,22,1.6842105263157894,0.3862433862433862,0.5668594533825794,3.3157894736842106
1691,20,26,25,1.7222222222222223,0.4894179894179895,0.6009252125773316,3.5
1692,20,30,23,1.7777777777777777,0.43489583333333337,0.49690399499995325,3.5555555555555554
1693,18,34,17,1.65,0.3571428571428571,0.47696960070847283,3.15
1694,19,33,20,1.736842105263158,0.3880208333333333,0.4823763889427201,3.3684210526315788
1695,18,22,28,1.7,0.5364583333333333,0.39999999999999997,3.2
1696,18,26,25,1.7,0.48697916666666663,0.39999999999999997,3.2
1697,18,26,27,1.7,0.5026041666666666,0.39999999999999997,3.2
1698,19,24,26,1.736842105263158,0.5104166666666666,0.4823763889427201,3.3684210526315788
1699,19,33,23,1.736842105263158,0.4140625,0.4823763889427201,3.3684210526315788
1700,18,25,25,1.7,0.4921875,0.39999999999999997,3.2
1701,19,25,28,1.736842105263158,0.5182291666666666,0.4823763889427201,3.3684210526315788
1702,20,35,21,1.7777777777777777,0.3828125,0.49690399499995325,3.5555555555555554
1703,18,30,24,1.7,0.44708994708994704,0.47696960070847283,3.15
1704,19,31,23,1.6842105263157894,0.4338624338624339,0.5668594533825794,3.3157894736842106
1705,19,24,28,1.736842105263158,0.5234375,0.4823763889427201,3.3684210526315788
1706,18,31,22,1.7,0.42447916666666663,0.39999999999999997,3.2
1707,19,34,23,1.7894736842105263,0.40625,0.48237638894272,3.3684210526315788
1708,19,25,27,1.736842105263158,0.5104166666666666,0.48237638894272,3.3684210526315788
1709,19,23,26,1.736842105263158,0.515625,0.4823763889427201,3.3684210526315788
1710,18,32,25,1.7,0.44010416666666663,0.39999999999999997,3.2
1711,19,31,21,1.6842105263157894,0.40740740740740744,0.5668594533825794,3.3157894736842106
1712,19,22,26,1.736842105263158,0.5234375,0.4823763889427201,3.3684210526315788
1713,19,24,28,1.736842105263158,0.5260416666666666,0.4823763889427201,3.3684210526315788
1714,19,32,22,1.6842105263157894,0.41005291005291006,0.5668594533825794,3.3157894736842106
1715,18,29,23,1.7,0.4453125,0.39999999999999997,3.2
1716,20,34,22,1.8333333333333333,0.4036458333333333,0.49690399499995325,3.5555555555555554
1717,19,23,26,1.736842105263158,0.515625,0.4823763889427201,3.3684210526315788
1718,19,26,25,1.736842105263158,0.4895833333333333,0.4823763889427201,3.3684210526315788
1719,19,36,20,1.736842105263158,0.36979166666666663,0.4823763889427201,3.3684210526315788
1720,19,25,26,1.736842105263158,0.5026041666666666,0.4823763889427201,3.3684210526315788
1721,19,23,26,1.736842105263158,0.515625,0.4823763889427201,3.3684210526315788
1722,19,24,25,1.736842105263158,0.5026041666666666,0.4823763889427201,3.3684210526315788
1723,18,26,27,1.7,0.5026041666666666,0.39999999999999997,3.2
1724,18,34,21,1.65,0.3915343915343915,0.47696960070847283,3.15
1725,19,23,28,1.6842105263157894,0.5343915343915343,0.5668594533825794,3.3157894736842106
1726,19,25,26,1.736842105263158,0.49999999999999994,0.4823763889427201,3.3684210526315788
1727,18,32,22,1.7,0.4140625,0.39999999999999997,3.2
1728,18,26,24,1.7,0.47916666666666663,0.39999999999999997,3.2
1729,18,30,21,1.65,0.4126984126984126,0.47696960070847283,3.15
1730,18,34,21,1.7,0.38802083333333337,0.39999999999999997,3.2
1731,18,33,21,1.7,0.3984375,0.39999999999999997,3.2
1732,19,25,28,1.736842105263158,0.5182291666666666,0.48237638894272,3.3684210526315788
1733,19,23,26,1.736842105263158,0.515625,0.4823763889427201,3.3684210526315788
1734,19,25,25,1.736842105263158,0.4921875,0.4823763889427201,3.3684210526315788
1735,18,27,25,1.7,0.47916666666666663,0.39999999999999997,3.2
1736,19,24,27,1.736842105263158,0.515625,0.4823763889427201,3.3684210526315788
1737,18,23,27,1.7,0.5208333333333333,0.39999999999999997,3.2
1738,19,22,28,1.736842105263158,0.5390625,0.48237638894272,3.3684210526315788
1739,19,26,27,1.736842105263158,0.5026041666666666,0.4823763889427201,3.3684210526315788
1740,18,25,26,1.7,0.5,0.39999999999999997,3.2
1741,19,25,26,1.736842105263158,0.5026041666666666,0.4823763889427201,3.3684210526315788
1742,19,33,23,1.7894736842105263,0.4166666666666667,0.4823763889427201,3.3684210526315788
1743,18,26,24,1.65,0.4735449735449735,0.47696960070847283,3.15
1744,19,31,23,1.736842105263158,0.4348958333333333,0.4823763889427201,3.3684210526315788
1745,18,23,26,1.7,0.515625,0.39999999999999997,3.2
1746,19,36,21,1.736842105263158,0.375,0.4823763889427201,3.3684210526315788
1747,19,25,27,1.736842105263158,0.5104166666666666,0.48237638894272,3.3684210526315788
1748,19,34,21,1.736842105263158,0.39322916666666663,0.4823763889427201,3.3684210526315788
1749,19,23,26,1.736842105263158,0.515625,0.4823763889427201,3.3684210526315788
1750,19,29,24,1.736842105263158,0.45572916666666663,0.4823763889427201,3.3684210526315788
1751,19,21,27,1.6842105263157894,0.537037037037037,0.5668594533825794,3.3157894736842106
1752,19,25,27,1.736842105263158,0.5104166666666666,0.4823763889427201,3.3684210526315788
1753,19,22,26,1.6842105263157894,0.5238095238095238,0.5668594533825794,3.3157894736842106
1754,19,24,26,1.736842105263158,0.5078125,0.4823763889427201,3.3684210526315788
1755,18,26,25,1.7,0.48697916666666663,0.39999999999999997,3.2
1756,19,32,22,1.736842105263158,0.41145833333333337,0.4823763889427201,3.3684210526315788
1757,18,21,28,1.65,0.5476190476190477,0.47696960070847283,3.15
1758,19,25,27,1.736842105263158,0.5078125,0.4823763889427201,3.3684210526315788
1759,19,24,28,1.736842105263158,0.5260416666666666,0.48237638894272,3.3684210526315788
1760,19,20,29,1.736842105263158,0.5625,0.4823763889427201,3.3684210526315788
1761,19,23,29,1.736842105263158,0.5416666666666666,0.4823763889427201,3.3684210526315788
1762,18,25,28,1.7,0.5182291666666666,0.39999999999999997,3.2
1763,18,34,22,1.65,0.3968253968253968,0.47696960070847283,3.15
1764,18,23,25,1.7,0.5052083333333333,0.39999999999999997,3.2
1765,18,34,24,1.7,0.4192708333333333,0.39999999999999997,3.2
1766,19,22,26,1.736842105263158,0.5182291666666666,0.4823763889427201,3.3684210526315788
1767,19,31,22,1.7894736842105263,0.4270833333333333,0.4823763889427201,3.3684210526315788
1768,19,23,26,1.6842105263157894,0.5158730158730159,0.5668594533825794,3.3157894736842106
1769,18,34,23,1.7,0.40625,0.39999999999999997,3.2
1770,20,30,23,1.7777777777777777,0.4427083333333333,0.49690399499995325,3.5555555555555554
1771,19,22,26,1.736842105263158,0.5208333333333333,0.4823763889427201,3.3684210526315788
1772,19,24,26,1.736842105263158,0.5078125,0.4823763889427201,3.3684210526315788
1773,18,32,23,1.75,0.421875,0.39999999999999997,3.2
1774,19,23,26,1.736842105263158,0.515625,0.4823763889427201,3.3684210526315788
1775,18,24,28,1.7,0.5260416666666666,0.39999999999999997,3.2
1776,19,29,23,1.6842105263157894,0.44444444444444436,0.5668594533825794,3.3157894736842106
1777,19,23,27,1.6842105263157894,0.5264550264550264,0.5668594533825794,3.3157894736842106
1778,19,23,28,1.736842105263158,0.53125,0.48237638894272,3.3684210526315788
1779,18,29,23,1.7,0.45052083333333337,0.39999999999999997,3.2
1780,20,26,26,1.7777777777777777,0.49479166666666663,0.49690399499995325,3.5555555555555554
1781,18,22,27,1.7,0.53125,0.39999999999999997,3.2
1782,18,27,26,1.7,0.47916666666666663,0.39999999999999997,3.2
1783,19,24,26,1.736842105263158,0.5104166666666666,0.48237638894272,3.3684210526315788
1784,19,29,22,1.736842105263158,0.4348958333333333,0.4823763889427201,3.3684210526315788
1785,20,24,26,1.7777777777777777,0.5104166666666666,0.49690399499995325,3.5555555555555554
1786,18,22,29,1.7,0.546875,0.39999999999999997,3.2
1787,18,26,25,1.65,0.48412698412698413,0.47696960070847283,3.15
1788,19,26,26,1.736842105263158,0.49479166666666663,0.4823763889427201,3.3684210526315788
1789,19,22,26,1.736842105263158,0.5208333333333333,0.4823763889427201,3.3684210526315788
1790,18,24,25,1.7,0.5,0.39999999999999997,3.2
1791,18,29,23,1.7,0.453125,0.39999999999999997,3.2
1792,18,32,23,1.7,0.41927083333333337,0.39999999999999997,3.2
1793,19,33,21,1.736842105263158,0.3984375,0.48237638894272,3.3684210526315788
1794,18,25,25,1.7,0.4921875,0.39999999999999997,3.2
1795,19,35,22,1.736842105263158,0.39322916666666663,0.4823763889427201,3.3684210526315788
1796,19,32,24,1.736842105263158,0.43229166666666663,0.4823763889427201,3.3684210526315788
1797,19,24,26,1.736842105263158,0.5104166666666666,0.4823763889427201,3.3684210526315788
1798,19,34,23,1.7894736842105263,0.4114583333333333,0.48237638894272,3.3684210526315788
1799,19,25,26,1.736842105263158,0.5078125,0.4823763889427201,3.3684210526315788
1800,19,22,27,1.736842105263158,0.53125,0.4823763889427201,3.3684210526315788
1801,19,25,27,1.736842105263158,0.5104166666666666,0.4823763889427201,3.3684210526315788
1802,19,24,26,1.736842105263158,0.5104166666666666,0.4823763889427201,3.3684210526315788
1803,19,31,22,1.736842105263158,0.421875,0.4823763889427201,3.3684210526315788
1804,18,26,25,1.7,0.48697916666666663,0.39999999999999997,3.2
1805,18,34,24,1.7,0.41927083333333337,0.39999999999999997,3.2
1806,19,35,21,1.736842105263158,0.38541666666666663,0.4823763889427201,3.3684210526315788
1807,18,27,24,1.7,0.46875,0.39999999999999997,3.2
1808,19,32,23,1.736842105263158,0.41927083333333337,0.4823763889427201,3.3684210526315788
1809,18,35,19,1.7,0.36458333333333337,0.39999999999999997,3.2
1810,19,31,26,1.7894736842105263,0.45572916666666663,0.4823763889427201,3.3684210526315788
1811,19,32,23,1.736842105263158,0.42447916666666663,0.4823763889427201,3.3684210526315788
1812,20,27,24,1.7777777777777777,0.46875,0.49690399499995325,3.5555555555555554
1813,19,28,26,1.736842105263158,0.4817708333333333,0.48237638894272,3.3684210526315788
1814,19,26,26,1.736842105263158,0.49479166666666663,0.4823763889427201,3.3684210526315788
1815,19,23,27,1.736842105263158,0.5260416666666666,0.4823763889427201,3.3684210526315788
1816,20,37,20,1.7777777777777777,0.3619791666666667,0.49690399499995325,3.5555555555555554
1817,19,23,26,1.736842105263158,0.515625,0.4823763889427201,3.3684210526315788
1818,18,35,21,1.75,0.3880208333333333,0.39999999999999997,3.2
1819,18,27,26,1.7,0.4895833333333333,0.39999999999999997,3.2
1820,19,24,26,1.736842105263158,0.5078125,0.4823763889427201,3.3684210526315788
1821,19,29,24,1.736842105263158,0.45833333333333337,0.4823763889427201,3.3684210526315788
1822,20,23,26,1.7777777777777777,0.515625,0.49690399499995325,3.5555555555555554
1823,19,29,24,1.736842105263158,0.45572916666666663,0.4823763889427201,3.3684210526315788
1824,18,34,22,1.7,0.3984375,0.39999999999999997,3.2
1825,18,33,22,1.7,0.40885416666666663,0.39999999999999997,3.2
1826,18,29,24,1.7,0.45572916666666663,0.39999999999999997,3.2
1827,19,34,22,1.736842105263158,0.40104166666666663,0.4823763889427201,3.3684210526315788
1828,19,24,26,1.736842105263158,0.5078125,0.4823763889427201,3.3684210526315788
1829,19,27,25,1.6842105263157894,0.4788359788359788,0.5668594533825794,3.3157894736842106
1830,19,30,24,1.736842105263158,0.44791666666666663,0.48237638894272,3.3684210526315788
1831,19,24,29,1.736842105263158,0.5338541666666666,0.4823763889427201,3.3684210526315788
1832,19,25,28,1.736842105263158,0.5182291666666666,0.4823763889427201,3.3684210526315788
1833,19,32,21,1.736842105263158,0.40885416666666663,0.4823763889427201,3.3684210526315788
1834,20,26,25,1.7777777777777777,0.4895833333333333,0.49690399499995325,3.5555555555555554
1835,18,25,27,1.7,0.5078125,0.39999999999999997,3.2
1836,19,26,26,1.736842105263158,0.49479166666666663,0.4823763889427201,3.3684210526315788
1837,18,24,28,1.7,0.5260416666666666,0.39999999999999997,3.2
1838,19,25,27,1.736842105263158,0.5104166666666666,0.4823763889427201,3.3684210526315788
1839,19,35,22,1.736842105263158,0.3958333333333333,0.4823763889427201,3.3684210526315788
1840,19,30,24,1.7894736842105263,0.4453125,0.4823763889427201,3.3684210526315788
1841,18,27,25,1.7,0.47916666666666663,0.39999999999999997,3.2
1842,18,23,27,1.7,0.5208333333333333,0.39999999999999997,3.2
1843,19,25,28,1.736842105263158,0.5182291666666666,0.48237638894272,3.3684210526315788
1844,19,24,26,1.736842105263158,0.5104166666666666,0.4823763889427201,3.3684210526315788
1845,18,24,27,1.7,0.515625,0.39999999999999997,3.2
1846,19,25,25,1.736842105263158,0.4921875,0.48237638894272,3.3684210526315788
1847,18,26,26,1.7,0.49479166666666663,0.39999999999999997,3.2
1848,19,22,27,1.736842105263158,0.53125,0.4823763889427201,3.3684210526315788
1849,19,21,29,1.736842105263158,0.5572916666666666,0.4823763889427201,3.3684210526315788
1850,19,24,26,1.736842105263158,0.5104166666666666,0.4823763889427201,3.3684210526315788
1851,20,24,26,1.7777777777777777,0.5104166666666666,0.49690399499995325,3.5555555555555554
1852,19,33,25,1.736842105263158,0.43229166666666663,0.4823763889427201,3.3684210526315788
1853,19,30,25,1.736842105263158,0.4583333333333333,0.4823763889427201,3.3684210526315788
1854,19,27,26,1.6842105263157894,0.48412698412698413,0.5668594533825794,3.3157894736842106
1855,18,22,27,1.65,0.5291005291005291,0.47696960070847283,3.15
1856,19,34,21,1.736842105263158,0.39322916666666663,0.4823763889427201,3.3684210526315788
1857,18,24,27,1.7,0.515625,0.39999999999999997,3.2
1858,19,23,26,1.736842105263158,0.5130208333333333,0.4823763889427201,3.3684210526315788
1859,18,24,26,1.7,0.5104166666666666,0.39999999999999997,3.2
1860,19,23,29,1.736842105263158,0.5416666666666666,0.4823763889427201,3.3684210526315788
1861,18,24,27,1.7,0.515625,0.39999999999999997,3.2
1862,19,34,20,1.736842105263158,0.3828125,0.4823763889427201,3.3684210526315788
1863,18,23,26,1.7,0.515625,0.39999999999999997,3.2
1864,19,27,26,1.736842105263158,0.4895833333333333,0.4823763889427201,3.3684210526315788
1865,18,22,26,1.7,0.5208333333333333,0.39999999999999997,3.2
1866,18,31,24,1.75,0.44010416666666663,0.39999999999999997,3.2
1867,18,24,26,1.7,0.5104166666666666,0.39999999999999997,3.2
1868,18,31,23,1.7,0.42708333333333337,0.39999999999999997,3.2
1869,19,25,27,1.736842105263158,0.5104166666666666,0.4823763889427201,3.3684210526315788
1870,18,34,22,1.7,0.39583333333333337,0.39999999999999997,3.2
1871,20,33,21,1.7777777777777777,0.3984375,0.49690399499995325,3.5555555555555554
1872,18,24,28,1.7,0.5260416666666666,0.39999999999999997,3.2
1873,19,25,28,1.736842105263158,0.5182291666666666,0.4823763889427201,3.3684210526315788
1874,18,24,28,1.7,0.5260416666666666,0.39999999999999997,3.2
1875,19,25,27,1.736842105263158,0.5104166666666666,0.4823763889427201,3.3684210526315788
1876,19,23,26,1.736842105263158,0.515625,0.4823763889427201,3.3684210526315788
1877,19,32,23,1.736842105263158,0.41927083333333337,0.4823763889427201,3.3684210526315788
1878,19,22,30,1.736842105263158,0.5572916666666666,0.4823763889427201,3.3684210526315788
1879,18,32,24,1.7,0.42708333333333337,0.39999999999999997,3.2
1880,18,25,28,1.7,0.5182291666666666,0.39999999999999997,3.2
1881,19,22,30,1.736842105263158,0.5572916666666666,0.4823763889427201,3.3684210526315788
1882,18,23,28,1.7,0.53125,0.39999999999999997,3.2
1884,19,21,31,1.736842105263158,0.5729166666666666,0.4823763889427201,3.3684210526315788
1885,19,21,31,1.736842105263158,0.5729166666666666,0.4823763889427201,3.3684210526315788
1886,19,21,31,1.736842105263158,0.5729166666666666,0.4823763889427201,3.3684210526315788
1887,19,21,31,1.736842105263158,0.5729166666666666,0.4823763889427201,3.3684210526315788
1888,19,21,31,1.736842105263158,0.5729166666666666,0.4823763889427201,3.3684210526315788
1889,19,21,31,1.736842105263158,0.5729166666666666,0.4823763889427201,3.3684210526315788
1890,19,21,31,1.736842105263158,0.5729166666666666,0.4823763889427201,3.3684210526315788
1891,19,21,31,1.736842105263158,0.5729166666666666,0.4823763889427201,3.3684210526315788
1892,19,21,31,1.736842105263158,0.5729166666666666,0.4823763889427201,3.3684210526315788
1893,19,21,31,1.736842105263158,0.5729166666666666,0.4823763889427201,3.3684210526315788
