Episode,Desafios_sin_equipo,Estudiantes_fuera_preferencias,Estudiantes_primera_prioridad,Promedio_carreras_por_equipo,Satisfaccion_promedio,STD_tamano_equipos,Tamano_promedio_equipo
2,18,60,2,1.75,0.046875,0.39999999999999997,3.2
3,17,57,1,1.7142857142857142,0.057291666666666664,0.21295885499997994,3.0476190476190474
4,18,58,3,1.75,0.06510416666666666,0.39999999999999997,3.2
5,17,60,2,1.7142857142857142,0.04427083333333333,0.21295885499997994,3.0476190476190474
6,18,60,1,1.75,0.03645833333333333,0.39999999999999997,3.2
7,19,59,2,1.7894736842105263,0.049479166666666664,0.4823763889427201,3.3684210526315788
8,18,57,3,1.75,0.07031249999999999,0.39999999999999997,3.2
9,19,58,4,1.7894736842105263,0.07552083333333333,0.4823763889427201,3.3684210526315788
10,17,60,1,1.7142857142857142,0.033854166666666664,0.21295885499997994,3.0476190476190474
11,19,60,0,1.7894736842105263,0.020833333333333332,0.4823763889427201,3.3684210526315788
12,17,59,1,1.6666666666666667,0.0390625,0.21295885499997994,3.0476190476190474
13,18,60,1,1.75,0.033854166666666664,0.39999999999999997,3.2
14,19,61,0,1.7894736842105263,0.020833333333333332,0.4823763889427201,3.3684210526315788
15,19,59,1,1.7894736842105263,0.04427083333333333,0.4823763889427201,3.3684210526315788
16,18,57,1,1.75,0.057291666666666664,0.39999999999999997,3.2
17,17,61,2,1.7142857142857142,0.0390625,0.21295885499997994,3.0476190476190474
18,18,60,2,1.75,0.04427083333333333,0.39999999999999997,3.2
19,19,62,1,1.7894736842105263,0.0234375,0.48237638894272,3.3684210526315788
20,18,60,1,1.7,0.0390625,0.39999999999999997,3.2
21,18,60,1,1.75,0.033854166666666664,0.39999999999999997,3.2
22,18,58,1,1.75,0.046875,0.39999999999999997,3.2
23,18,56,2,1.75,0.07291666666666666,0.39999999999999997,3.2
24,17,60,2,1.7142857142857142,0.04427083333333333,0.21295885499997994,3.0476190476190474
25,18,64,0,1.7,0.0,0.39999999999999997,3.2
26,18,64,0,1.75,0.0,0.39999999999999997,3.2
27,19,63,1,1.7894736842105263,0.015625,0.48237638894272,3.3684210526315788
28,19,58,1,1.736842105263158,0.046875,0.48237638894272,3.3684210526315788
29,19,54,4,1.736842105263158,0.10416666666666666,0.48237638894272,3.3684210526315788
30,18,58,2,1.75,0.05989583333333333,0.39999999999999997,3.2
31,18,58,1,1.75,0.049479166666666664,0.39999999999999997,3.2
32,18,61,1,1.75,0.028645833333333332,0.39999999999999997,3.2
33,18,61,0,1.75,0.018229166666666664,0.39999999999999997,3.2
34,19,60,1,1.7894736842105263,0.03645833333333333,0.48237638894272,3.3684210526315788
35,18,60,0,1.7,0.018518518518518517,0.47696960070847283,3.15
36,17,56,3,1.6666666666666667,0.07142857142857142,0.3086066999241838,3.0
37,17,60,0,1.7142857142857142,0.0234375,0.21295885499997994,3.0476190476190474
38,18,61,1,1.75,0.028645833333333332,0.39999999999999997,3.2
39,18,57,4,1.75,0.078125,0.39999999999999997,3.2
40,18,60,1,1.75,0.0390625,0.39999999999999997,3.2
41,18,60,3,1.75,0.0546875,0.39999999999999997,3.2
42,17,56,2,1.6666666666666667,0.06510416666666667,0.21295885499997994,3.0476190476190474
43,19,59,1,1.7894736842105263,0.041666666666666664,0.4823763889427201,3.3684210526315788
44,17,58,2,1.7142857142857142,0.057291666666666664,0.21295885499997994,3.0476190476190474
45,18,59,0,1.75,0.033854166666666664,0.39999999999999997,3.2
46,17,55,1,1.7142857142857142,0.0703125,0.21295885499997994,3.0476190476190474
47,18,56,2,1.75,0.0703125,0.39999999999999997,3.2
48,18,63,1,1.7,0.015625,0.39999999999999997,3.2
49,17,54,4,1.7142857142857142,0.10416666666666666,0.21295885499997994,3.0476190476190474
50,18,56,3,1.7,0.078125,0.39999999999999997,3.2
51,18,54,5,1.75,0.10677083333333333,0.39999999999999997,3.2
52,18,59,3,1.75,0.05989583333333333,0.39999999999999997,3.2
53,17,58,3,1.7142857142857142,0.06510416666666666,0.21295885499997994,3.0476190476190474
54,18,63,0,1.75,0.005208333333333333,0.39999999999999997,3.2
55,18,53,3,1.75,0.10156249999999999,0.39999999999999997,3.2
56,18,60,1,1.7,0.0291005291005291,0.47696960070847283,3.15
57,18,59,1,1.75,0.041666666666666664,0.39999999999999997,3.2
58,18,58,3,1.75,0.06770833333333334,0.39999999999999997,3.2
59,17,59,2,1.7142857142857142,0.05208333333333333,0.21295885499997994,3.0476190476190474
60,17,52,6,1.6666666666666667,0.1328125,0.21295885499997994,3.0476190476190474
61,18,61,1,1.7,0.03125,0.39999999999999997,3.2
62,19,60,1,1.7894736842105263,0.033854166666666664,0.4823763889427201,3.3684210526315788
63,18,63,0,1.75,0.005208333333333333,0.39999999999999997,3.2
64,18,54,4,1.75,0.09895833333333331,0.39999999999999997,3.2
65,18,55,2,1.7,0.07142857142857142,0.47696960070847283,3.15
66,17,62,0,1.7142857142857142,0.013020833333333332,0.21295885499997994,3.0476190476190474
67,19,57,4,1.7894736842105263,0.0859375,0.4823763889427201,3.3684210526315788
68,17,62,1,1.7142857142857142,0.0234375,0.21295885499997994,3.0476190476190474
69,18,60,1,1.75,0.033854166666666664,0.39999999999999997,3.2
70,18,59,3,1.75,0.057291666666666664,0.39999999999999997,3.2
71,18,57,5,1.75,0.09375,0.39999999999999997,3.2
72,18,58,2,1.75,0.057291666666666664,0.39999999999999997,3.2
73,17,59,2,1.7142857142857142,0.052083333333333336,0.21295885499997994,3.0476190476190474
74,19,54,4,1.7894736842105263,0.10677083333333333,0.4823763889427201,3.3684210526315788
75,18,60,1,1.75,0.03645833333333333,0.39999999999999997,3.2
76,18,61,3,1.75,0.046875,0.39999999999999997,3.2
77,17,59,1,1.6666666666666667,0.04427083333333333,0.21295885499997994,3.0476190476190474
78,18,62,0,1.75,0.010416666666666666,0.39999999999999997,3.2
79,17,53,2,1.7142857142857142,0.0859375,0.21295885499997994,3.0476190476190474
80,17,60,2,1.7142857142857142,0.04427083333333333,0.21295885499997994,3.0476190476190474
81,18,59,1,1.75,0.04427083333333333,0.39999999999999997,3.2
82,18,57,2,1.75,0.06510416666666667,0.39999999999999997,3.2
83,17,58,1,1.7142857142857142,0.046875,0.21295885499997994,3.0476190476190474
84,18,57,2,1.75,0.05989583333333333,0.39999999999999997,3.2
85,18,57,1,1.75,0.0546875,0.39999999999999997,3.2
86,18,57,3,1.75,0.0703125,0.39999999999999997,3.2
87,18,60,1,1.65,0.0390625,0.39999999999999997,3.2
88,18,58,1,1.75,0.046875,0.39999999999999997,3.2
89,17,55,2,1.7142857142857142,0.078125,0.21295885499997994,3.0476190476190474
90,18,54,5,1.75,0.11458333333333333,0.39999999999999997,3.2
91,18,57,2,1.75,0.06249999999999999,0.39999999999999997,3.2
92,17,59,1,1.7142857142857142,0.0390625,0.21295885499997994,3.0476190476190474
93,18,59,2,1.7,0.05208333333333333,0.39999999999999997,3.2
94,17,59,2,1.7142857142857142,0.05208333333333333,0.21295885499997994,3.0476190476190474
95,18,59,2,1.75,0.049479166666666664,0.39999999999999997,3.2
96,18,59,0,1.75,0.02864583333333333,0.39999999999999997,3.2
97,18,57,3,1.75,0.0703125,0.39999999999999997,3.2
98,17,56,3,1.7142857142857142,0.08072916666666667,0.21295885499997994,3.0476190476190474
99,17,59,1,1.7142857142857142,0.041666666666666664,0.21295885499997994,3.0476190476190474
100,18,55,3,1.75,0.0859375,0.39999999999999997,3.2
101,18,58,2,1.7,0.057291666666666664,0.39999999999999997,3.2
102,17,56,4,1.7142857142857142,0.08593749999999999,0.21295885499997994,3.0476190476190474
103,17,58,3,1.7142857142857142,0.0703125,0.21295885499997994,3.0476190476190474
104,18,54,2,1.75,0.08072916666666666,0.39999999999999997,3.2
105,18,54,4,1.75,0.09895833333333331,0.39999999999999997,3.2
106,18,56,2,1.75,0.06770833333333333,0.39999999999999997,3.2
107,17,58,2,1.7142857142857142,0.0546875,0.21295885499997994,3.0476190476190474
108,18,55,4,1.75,0.09635416666666666,0.39999999999999997,3.2
109,17,58,2,1.7142857142857142,0.057291666666666664,0.21295885499997994,3.0476190476190474
110,18,61,1,1.75,0.028645833333333332,0.39999999999999997,3.2
111,18,60,2,1.75,0.044270833333333336,0.39999999999999997,3.2
112,19,59,2,1.7894736842105263,0.049479166666666664,0.4823763889427201,3.3684210526315788
113,18,58,0,1.75,0.04427083333333333,0.39999999999999997,3.2
114,18,59,1,1.75,0.041666666666666664,0.39999999999999997,3.2
115,18,60,0,1.75,0.0234375,0.39999999999999997,3.2
116,17,53,1,1.6666666666666667,0.08072916666666666,0.21295885499997994,3.0476190476190474
117,18,59,2,1.75,0.05208333333333333,0.39999999999999997,3.2
118,18,54,2,1.75,0.08333333333333333,0.39999999999999997,3.2
119,17,63,0,1.7142857142857142,0.0078125,0.21295885499997994,3.0476190476190474
120,17,58,3,1.6666666666666667,0.06770833333333334,0.21295885499997994,3.0476190476190474
121,18,58,1,1.75,0.049479166666666664,0.39999999999999997,3.2
122,18,57,3,1.75,0.0703125,0.39999999999999997,3.2
123,18,56,2,1.75,0.0703125,0.39999999999999997,3.2
124,18,57,3,1.7,0.06613756613756613,0.47696960070847283,3.15
125,17,58,2,1.7142857142857142,0.057291666666666664,0.21295885499997994,3.0476190476190474
126,18,56,3,1.75,0.07552083333333333,0.39999999999999997,3.2
127,19,60,0,1.7894736842105263,0.026041666666666664,0.48237638894272,3.3684210526315788
128,17,59,2,1.7142857142857142,0.05208333333333333,0.21295885499997994,3.0476190476190474
129,19,59,0,1.7894736842105263,0.033854166666666664,0.4823763889427201,3.3684210526315788
130,18,61,0,1.75,0.0234375,0.39999999999999997,3.2
131,18,58,0,1.75,0.03645833333333333,0.39999999999999997,3.2
132,18,60,1,1.75,0.03645833333333333,0.39999999999999997,3.2
133,19,62,1,1.7894736842105263,0.0234375,0.4823763889427201,3.3684210526315788
134,18,56,3,1.75,0.07812499999999999,0.39999999999999997,3.2
135,19,54,7,1.7894736842105263,0.12499999999999999,0.4823763889427201,3.3684210526315788
136,18,58,2,1.75,0.057291666666666664,0.39999999999999997,3.2
137,18,58,0,1.75,0.0390625,0.39999999999999997,3.2
138,19,56,3,1.7894736842105263,0.08072916666666666,0.4823763889427201,3.3684210526315788
139,17,59,1,1.7142857142857142,0.041666666666666664,0.21295885499997994,3.0476190476190474
140,18,56,5,1.75,0.09895833333333333,0.39999999999999997,3.2
141,18,56,2,1.75,0.0703125,0.39999999999999997,3.2
142,19,59,5,1.7894736842105263,0.078125,0.4823763889427201,3.3684210526315788
143,18,57,2,1.75,0.06770833333333333,0.39999999999999997,3.2
144,18,59,2,1.75,0.049479166666666664,0.39999999999999997,3.2
145,18,58,5,1.75,0.0859375,0.39999999999999997,3.2
146,19,56,1,1.7894736842105263,0.0625,0.4823763889427201,3.3684210526315788
147,18,55,4,1.75,0.09635416666666666,0.39999999999999997,3.2
148,18,53,5,1.75,0.11979166666666666,0.39999999999999997,3.2
149,19,57,4,1.7894736842105263,0.08333333333333333,0.48237638894272,3.3684210526315788
150,19,55,4,1.7894736842105263,0.09895833333333333,0.48237638894272,3.3684210526315788
151,17,55,1,1.7142857142857142,0.06510416666666666,0.21295885499997994,3.0476190476190474
152,18,57,3,1.75,0.07552083333333333,0.39999999999999997,3.2
153,18,54,5,1.75,0.109375,0.39999999999999997,3.2
154,18,53,3,1.75,0.09895833333333333,0.39999999999999997,3.2
155,19,56,1,1.7894736842105263,0.06510416666666666,0.4823763889427201,3.3684210526315788
156,17,54,5,1.7142857142857142,0.11458333333333333,0.21295885499997994,3.0476190476190474
157,18,59,0,1.7,0.028645833333333332,0.39999999999999997,3.2
158,18,59,0,1.75,0.03645833333333333,0.39999999999999997,3.2
159,18,57,1,1.75,0.057291666666666664,0.39999999999999997,3.2
160,18,53,5,1.75,0.11718749999999999,0.39999999999999997,3.2
161,18,56,3,1.75,0.078125,0.39999999999999997,3.2
162,19,56,4,1.7894736842105263,0.09375,0.4823763889427201,3.3684210526315788
163,19,59,3,1.7894736842105263,0.057291666666666664,0.4823763889427201,3.3684210526315788
164,18,55,3,1.75,0.09114583333333333,0.39999999999999997,3.2
165,18,59,2,1.75,0.05208333333333333,0.39999999999999997,3.2
166,18,56,4,1.75,0.09114583333333333,0.39999999999999997,3.2
167,18,58,1,1.75,0.05208333333333333,0.39999999999999997,3.2
168,18,54,3,1.75,0.09375,0.39999999999999997,3.2
169,19,51,7,1.736842105263158,0.15625,0.4823763889427201,3.3684210526315788
170,17,54,3,1.7142857142857142,0.09375,0.21295885499997994,3.0476190476190474
171,17,59,3,1.7142857142857142,0.05729166666666667,0.21295885499997994,3.0476190476190474
172,17,56,7,1.7142857142857142,0.1171875,0.21295885499997994,3.0476190476190474
173,18,55,4,1.75,0.09635416666666666,0.39999999999999997,3.2
174,18,57,2,1.75,0.0625,0.39999999999999997,3.2
175,18,58,3,1.7,0.06084656084656084,0.47696960070847283,3.15
176,18,53,7,1.75,0.13541666666666666,0.39999999999999997,3.2
177,18,50,4,1.7,0.13020833333333334,0.39999999999999997,3.2
178,18,58,1,1.75,0.049479166666666664,0.39999999999999997,3.2
179,17,58,1,1.7142857142857142,0.04947916666666666,0.21295885499997994,3.0476190476190474
180,18,58,0,1.75,0.0390625,0.39999999999999997,3.2
181,19,56,4,1.7894736842105263,0.08854166666666666,0.48237638894272,3.3684210526315788
182,18,54,5,1.75,0.11458333333333333,0.39999999999999997,3.2
183,19,57,2,1.7894736842105263,0.059895833333333336,0.48237638894272,3.3684210526315788
184,18,57,3,1.75,0.07552083333333333,0.39999999999999997,3.2
185,17,53,3,1.7142857142857142,0.09895833333333331,0.21295885499997994,3.0476190476190474
186,19,57,2,1.7894736842105263,0.05989583333333333,0.48237638894272,3.3684210526315788
187,18,49,3,1.75,0.12499999999999999,0.39999999999999997,3.2
188,18,53,4,1.75,0.11197916666666666,0.39999999999999997,3.2
189,19,54,6,1.7894736842105263,0.12239583333333333,0.4823763889427201,3.3684210526315788
190,18,56,2,1.75,0.07291666666666666,0.39999999999999997,3.2
191,17,54,5,1.7142857142857142,0.1171875,0.21295885499997994,3.0476190476190474
192,19,55,5,1.7894736842105263,0.10416666666666666,0.4823763889427201,3.3684210526315788
193,18,57,4,1.75,0.08333333333333333,0.39999999999999997,3.2
194,19,60,1,1.7894736842105263,0.03645833333333333,0.48237638894272,3.3684210526315788
195,18,50,6,1.75,0.140625,0.39999999999999997,3.2
196,19,51,4,1.7894736842105263,0.11979166666666666,0.4823763889427201,3.3684210526315788
197,18,53,5,1.7,0.1171875,0.39999999999999997,3.2
198,20,53,7,1.8333333333333333,0.13802083333333331,0.49690399499995325,3.5555555555555554
199,18,52,7,1.75,0.14583333333333334,0.39999999999999997,3.2
200,19,59,2,1.7894736842105263,0.04947916666666667,0.4823763889427201,3.3684210526315788
201,18,52,3,1.75,0.109375,0.39999999999999997,3.2
202,17,54,4,1.7142857142857142,0.09895833333333331,0.21295885499997994,3.0476190476190474
203,18,55,5,1.7,0.10416666666666666,0.39999999999999997,3.2
204,19,55,5,1.7894736842105263,0.10677083333333334,0.4823763889427201,3.3684210526315788
205,18,57,2,1.75,0.0703125,0.39999999999999997,3.2
206,18,59,2,1.75,0.049479166666666664,0.39999999999999997,3.2
207,18,54,2,1.75,0.08593749999999999,0.39999999999999997,3.2
208,18,53,5,1.75,0.1171875,0.39999999999999997,3.2
209,20,53,6,1.8333333333333333,0.12239583333333333,0.49690399499995325,3.5555555555555554
210,18,51,6,1.75,0.13802083333333331,0.39999999999999997,3.2
211,17,51,5,1.7142857142857142,0.12760416666666666,0.21295885499997994,3.0476190476190474
212,17,56,4,1.7142857142857142,0.0859375,0.21295885499997994,3.0476190476190474
213,17,54,3,1.7142857142857142,0.09635416666666666,0.21295885499997994,3.0476190476190474
214,19,53,6,1.7894736842105263,0.1328125,0.48237638894272,3.3684210526315788
215,17,55,3,1.7142857142857142,0.0859375,0.21295885499997994,3.0476190476190474
216,18,51,6,1.75,0.140625,0.39999999999999997,3.2
217,19,48,4,1.7894736842105263,0.1484375,0.4823763889427201,3.3684210526315788
218,17,57,2,1.7142857142857142,0.0625,0.21295885499997994,3.0476190476190474
219,19,48,6,1.7894736842105263,0.1640625,0.4823763889427201,3.3684210526315788
220,17,48,8,1.7142857142857142,0.18229166666666666,0.21295885499997994,3.0476190476190474
221,18,49,8,1.7,0.17447916666666666,0.39999999999999997,3.2
222,17,54,5,1.7142857142857142,0.109375,0.21295885499997994,3.0476190476190474
223,18,47,8,1.7,0.17708333333333334,0.39999999999999997,3.2
224,18,52,6,1.75,0.1328125,0.39999999999999997,3.2
225,18,55,4,1.75,0.09635416666666666,0.39999999999999997,3.2
226,18,53,4,1.75,0.109375,0.39999999999999997,3.2
227,19,57,3,1.7894736842105263,0.078125,0.4823763889427201,3.3684210526315788
228,20,49,6,1.8333333333333333,0.1484375,0.49690399499995325,3.5555555555555554
229,17,54,5,1.7142857142857142,0.11458333333333333,0.21295885499997994,3.0476190476190474
230,18,51,8,1.75,0.15885416666666666,0.39999999999999997,3.2
231,17,54,3,1.7142857142857142,0.09375,0.21295885499997994,3.0476190476190474
232,18,55,3,1.75,0.08854166666666666,0.39999999999999997,3.2
233,18,47,8,1.7,0.18489583333333331,0.39999999999999997,3.2
234,18,49,7,1.75,0.16145833333333331,0.39999999999999997,3.2
235,17,49,7,1.7142857142857142,0.16927083333333331,0.21295885499997994,3.0476190476190474
236,18,51,8,1.75,0.15885416666666666,0.39999999999999997,3.2
237,18,55,5,1.75,0.1015625,0.39999999999999997,3.2
238,18,57,4,1.75,0.0859375,0.39999999999999997,3.2
239,18,52,6,1.75,0.13020833333333331,0.39999999999999997,3.2
240,17,51,6,1.7142857142857142,0.13802083333333334,0.21295885499997994,3.0476190476190474
241,17,49,7,1.7142857142857142,0.16145833333333331,0.21295885499997994,3.0476190476190474
242,18,53,4,1.75,0.10677083333333333,0.39999999999999997,3.2
243,18,47,9,1.7,0.1875,0.39999999999999997,3.2
244,18,47,7,1.75,0.17708333333333331,0.39999999999999997,3.2
245,18,52,6,1.75,0.1328125,0.39999999999999997,3.2
246,19,50,9,1.736842105263158,0.17708333333333334,0.4823763889427201,3.3684210526315788
247,17,51,8,1.7142857142857142,0.15885416666666666,0.21295885499997994,3.0476190476190474
248,18,55,5,1.75,0.10677083333333333,0.39999999999999997,3.2
249,18,50,8,1.7,0.16666666666666666,0.39999999999999997,3.2
250,18,49,4,1.75,0.1328125,0.39999999999999997,3.2
251,18,55,5,1.75,0.10416666666666667,0.39999999999999997,3.2
252,18,47,8,1.75,0.18229166666666666,0.39999999999999997,3.2
253,18,50,5,1.7,0.1349206349206349,0.47696960070847283,3.15
254,19,44,12,1.7894736842105263,0.23437499999999997,0.4823763889427201,3.3684210526315788
255,18,54,5,1.75,0.11458333333333333,0.39999999999999997,3.2
256,17,45,12,1.7142857142857142,0.234375,0.21295885499997994,3.0476190476190474
257,19,48,8,1.736842105263158,0.17724867724867727,0.5668594533825794,3.3157894736842106
258,19,50,9,1.7894736842105263,0.17447916666666669,0.4823763889427201,3.3684210526315788
259,19,51,7,1.736842105263158,0.1484375,0.4823763889427201,3.3684210526315788
260,17,53,5,1.7142857142857142,0.1171875,0.21295885499997994,3.0476190476190474
261,17,57,4,1.7142857142857142,0.0859375,0.21295885499997994,3.0476190476190474
262,18,52,4,1.75,0.1171875,0.39999999999999997,3.2
263,18,52,7,1.7,0.14322916666666669,0.39999999999999997,3.2
264,18,52,8,1.7,0.1484375,0.39999999999999997,3.2
265,18,50,6,1.75,0.1484375,0.39999999999999997,3.2
266,19,49,7,1.736842105263158,0.15364583333333331,0.48237638894272,3.3684210526315788
267,18,52,5,1.7,0.13020833333333334,0.39999999999999997,3.2
268,19,47,9,1.7894736842105263,0.19270833333333331,0.4823763889427201,3.3684210526315788
269,18,49,9,1.75,0.18229166666666669,0.39999999999999997,3.2
270,18,47,7,1.7,0.17724867724867724,0.47696960070847283,3.15
271,18,51,3,1.7,0.10317460317460317,0.47696960070847283,3.15
272,19,48,11,1.7894736842105263,0.203125,0.4823763889427201,3.3684210526315788
273,18,52,9,1.75,0.16145833333333331,0.39999999999999997,3.2
274,18,45,12,1.75,0.23437499999999997,0.39999999999999997,3.2
275,19,45,13,1.736842105263158,0.24739583333333331,0.4823763889427201,3.3684210526315788
276,18,49,8,1.75,0.16927083333333331,0.39999999999999997,3.2
277,18,51,6,1.75,0.140625,0.39999999999999997,3.2
278,18,52,8,1.7,0.15104166666666666,0.39999999999999997,3.2
279,18,48,11,1.75,0.203125,0.39999999999999997,3.2
280,18,51,7,1.7,0.14583333333333331,0.39999999999999997,3.2
281,19,43,11,1.7894736842105263,0.23697916666666666,0.4823763889427201,3.3684210526315788
282,19,50,9,1.736842105263158,0.17708333333333331,0.4823763889427201,3.3684210526315788
283,19,52,8,1.7894736842105263,0.15364583333333334,0.4823763889427201,3.3684210526315788
284,18,54,6,1.75,0.12239583333333333,0.39999999999999997,3.2
285,19,53,6,1.7894736842105263,0.12760416666666666,0.4823763889427201,3.3684210526315788
286,19,49,8,1.6842105263157894,0.164021164021164,0.5668594533825794,3.3157894736842106
287,18,51,8,1.7,0.15364583333333331,0.39999999999999997,3.2
288,18,48,10,1.75,0.19791666666666669,0.39999999999999997,3.2
289,17,48,11,1.6666666666666667,0.20572916666666666,0.21295885499997994,3.0476190476190474
290,17,46,9,1.6666666666666667,0.20572916666666663,0.21295885499997994,3.0476190476190474
291,18,51,8,1.75,0.15625,0.39999999999999997,3.2
292,19,46,9,1.736842105263158,0.20052083333333331,0.4823763889427201,3.3684210526315788
293,19,44,10,1.7894736842105263,0.2265625,0.4823763889427201,3.3684210526315788
294,17,47,10,1.6666666666666667,0.19576719576719578,0.3086066999241838,3.0
295,18,48,7,1.7,0.16666666666666666,0.39999999999999997,3.2
296,20,50,10,1.8333333333333333,0.1796875,0.49690399499995325,3.5555555555555554
297,20,48,8,1.7777777777777777,0.18229166666666666,0.49690399499995325,3.5555555555555554
298,18,53,6,1.75,0.12760416666666666,0.39999999999999997,3.2
299,19,42,15,1.736842105263158,0.2786458333333333,0.4823763889427201,3.3684210526315788
300,19,48,11,1.736842105263158,0.20572916666666669,0.4823763889427201,3.3684210526315788
301,18,48,9,1.7,0.19010416666666669,0.39999999999999997,3.2
302,18,49,7,1.7,0.15625,0.39999999999999997,3.2
303,18,44,11,1.75,0.234375,0.39999999999999997,3.2
304,18,50,10,1.7,0.18229166666666666,0.39999999999999997,3.2
305,19,48,8,1.7894736842105263,0.171875,0.4823763889427201,3.3684210526315788
306,18,50,7,1.75,0.15885416666666666,0.39999999999999997,3.2
307,18,47,10,1.75,0.20572916666666666,0.39999999999999997,3.2
308,18,47,11,1.75,0.2109375,0.39999999999999997,3.2
309,18,52,11,1.7,0.17708333333333334,0.39999999999999997,3.2
310,19,47,14,1.736842105263158,0.23697916666666666,0.4823763889427201,3.3684210526315788
311,18,49,9,1.75,0.18489583333333331,0.39999999999999997,3.2
312,18,45,15,1.7,0.265625,0.39999999999999997,3.2
313,18,47,14,1.7,0.23958333333333331,0.39999999999999997,3.2
314,18,52,9,1.7,0.16145833333333331,0.39999999999999997,3.2
315,19,47,11,1.7894736842105263,0.2109375,0.4823763889427201,3.3684210526315788
316,19,48,11,1.7894736842105263,0.20572916666666669,0.4823763889427201,3.3684210526315788
317,18,43,11,1.75,0.24739583333333331,0.39999999999999997,3.2
318,18,45,9,1.7,0.203125,0.39999999999999997,3.2
319,19,46,11,1.736842105263158,0.21875,0.4823763889427201,3.3684210526315788
320,19,46,13,1.736842105263158,0.2421875,0.4823763889427201,3.3684210526315788
321,19,48,11,1.736842105263158,0.2109375,0.4823763889427201,3.3684210526315788
322,19,47,12,1.736842105263158,0.22395833333333331,0.4823763889427201,3.3684210526315788
323,18,48,8,1.75,0.18229166666666666,0.39999999999999997,3.2
324,18,46,9,1.7,0.20572916666666666,0.39999999999999997,3.2
325,20,48,12,1.7777777777777777,0.21614583333333331,0.49690399499995325,3.5555555555555554
326,18,46,12,1.65,0.23177083333333331,0.39999999999999997,3.2
327,19,47,11,1.736842105263158,0.21354166666666669,0.4823763889427201,3.3684210526315788
328,18,46,12,1.7,0.22916666666666669,0.39999999999999997,3.2
329,18,45,13,1.7,0.24479166666666669,0.39999999999999997,3.2
330,19,47,11,1.736842105263158,0.21614583333333334,0.48237638894272,3.3684210526315788
331,19,41,15,1.736842105263158,0.2890625,0.4823763889427201,3.3684210526315788
332,18,49,10,1.7,0.19010416666666666,0.39999999999999997,3.2
333,19,43,16,1.736842105263158,0.2890625,0.4823763889427201,3.3684210526315788
334,19,49,11,1.736842105263158,0.19791666666666669,0.4823763889427201,3.3684210526315788
335,19,47,13,1.736842105263158,0.22395833333333331,0.4823763889427201,3.3684210526315788
336,17,50,7,1.6666666666666667,0.15608465608465608,0.3086066999241838,3.0
337,18,39,14,1.75,0.29166666666666663,0.39999999999999997,3.2
338,19,50,12,1.736842105263158,0.20052083333333334,0.48237638894272,3.3684210526315788
339,18,52,9,1.7,0.1640625,0.39999999999999997,3.2
340,19,51,10,1.736842105263158,0.17708333333333331,0.4823763889427201,3.3684210526315788
341,19,45,15,1.736842105263158,0.26041666666666663,0.4823763889427201,3.3684210526315788
342,18,47,10,1.7,0.2109375,0.39999999999999997,3.2
343,18,46,13,1.7,0.23697916666666663,0.39999999999999997,3.2
344,18,46,13,1.7,0.23958333333333334,0.39999999999999997,3.2
345,18,45,12,1.7,0.23958333333333331,0.39999999999999997,3.2
346,19,45,12,1.736842105263158,0.23697916666666666,0.48237638894272,3.3684210526315788
347,19,47,12,1.736842105263158,0.21614583333333334,0.4823763889427201,3.3684210526315788
348,18,45,14,1.7,0.25,0.39999999999999997,3.2
349,18,48,12,1.7,0.21354166666666666,0.39999999999999997,3.2
350,20,48,13,1.7777777777777777,0.2265625,0.49690399499995325,3.5555555555555554
351,19,42,14,1.736842105263158,0.2734375,0.4823763889427201,3.3684210526315788
352,19,43,17,1.736842105263158,0.29427083333333337,0.4823763889427201,3.3684210526315788
353,19,48,10,1.736842105263158,0.20052083333333331,0.4823763889427201,3.3684210526315788
354,19,44,13,1.736842105263158,0.2578125,0.4823763889427201,3.3684210526315788
355,18,46,13,1.7,0.234375,0.39999999999999997,3.2
356,20,49,13,1.7777777777777777,0.21614583333333334,0.49690399499995325,3.5555555555555554
357,20,41,16,1.8333333333333333,0.2916666666666667,0.49690399499995325,3.5555555555555554
358,19,45,14,1.736842105263158,0.2526041666666667,0.4823763889427201,3.3684210526315788
359,19,42,15,1.7894736842105263,0.28385416666666663,0.4823763889427201,3.3684210526315788
360,19,41,17,1.6842105263157894,0.3042328042328042,0.5668594533825794,3.3157894736842106
361,18,44,13,1.75,0.2552083333333333,0.39999999999999997,3.2
362,18,42,13,1.65,0.2619047619047619,0.47696960070847283,3.15
363,19,44,14,1.736842105263158,0.2630208333333333,0.4823763889427201,3.3684210526315788
364,19,42,12,1.736842105263158,0.2552083333333333,0.4823763889427201,3.3684210526315788
365,19,48,11,1.736842105263158,0.2109375,0.4823763889427201,3.3684210526315788
366,19,49,12,1.736842105263158,0.20833333333333334,0.4823763889427201,3.3684210526315788
367,20,45,13,1.7777777777777777,0.23958333333333331,0.49690399499995325,3.5555555555555554
368,19,40,14,1.736842105263158,0.28385416666666663,0.4823763889427201,3.3684210526315788
369,18,44,12,1.75,0.24739583333333331,0.39999999999999997,3.2
370,19,44,15,1.736842105263158,0.265625,0.4823763889427201,3.3684210526315788
371,18,46,13,1.7,0.23177083333333331,0.39999999999999997,3.2
372,18,43,15,1.7,0.2786458333333333,0.39999999999999997,3.2
373,19,42,17,1.736842105263158,0.2916666666666667,0.4823763889427201,3.3684210526315788
374,18,48,12,1.7,0.21875,0.39999999999999997,3.2
375,18,48,11,1.7,0.20833333333333331,0.39999999999999997,3.2
376,18,52,10,1.7,0.16666666666666669,0.39999999999999997,3.2
377,19,44,15,1.736842105263158,0.265625,0.4823763889427201,3.3684210526315788
378,19,41,17,1.7894736842105263,0.3046875,0.48237638894272,3.3684210526315788
379,19,44,14,1.6842105263157894,0.25925925925925924,0.5668594533825794,3.3157894736842106
380,18,45,14,1.7,0.25,0.39999999999999997,3.2
381,19,42,16,1.7894736842105263,0.2890625,0.4823763889427201,3.3684210526315788
382,20,44,14,1.7777777777777777,0.26041666666666663,0.49690399499995325,3.5555555555555554
383,17,44,11,1.7142857142857142,0.234375,0.21295885499997994,3.0476190476190474
384,18,43,13,1.65,0.24867724867724866,0.47696960070847283,3.15
385,18,48,10,1.7,0.19791666666666666,0.39999999999999997,3.2
386,19,41,15,1.736842105263158,0.2916666666666667,0.4823763889427201,3.3684210526315788
387,19,48,11,1.736842105263158,0.203125,0.4823763889427201,3.3684210526315788
388,20,48,14,1.7777777777777777,0.23177083333333331,0.49690399499995325,3.5555555555555554
389,18,43,16,1.7,0.27864583333333337,0.39999999999999997,3.2
390,18,44,14,1.7,0.25520833333333337,0.39999999999999997,3.2
391,18,48,10,1.7,0.19791666666666666,0.39999999999999997,3.2
392,18,42,15,1.7,0.28385416666666663,0.39999999999999997,3.2
393,19,44,17,1.736842105263158,0.28645833333333337,0.48237638894272,3.3684210526315788
394,18,43,17,1.7,0.296875,0.39999999999999997,3.2
395,18,48,11,1.7,0.203125,0.39999999999999997,3.2
396,18,43,15,1.7,0.2734375,0.39999999999999997,3.2
397,18,45,13,1.7,0.25,0.39999999999999997,3.2
398,18,43,16,1.7,0.2864583333333333,0.39999999999999997,3.2
399,20,50,11,1.7777777777777777,0.19270833333333334,0.49690399499995325,3.5555555555555554
400,18,43,16,1.7,0.28125,0.39999999999999997,3.2
401,17,43,13,1.6666666666666667,0.25260416666666663,0.21295885499997994,3.0476190476190474
402,18,41,15,1.75,0.2890625,0.39999999999999997,3.2
403,19,47,16,1.736842105263158,0.2552083333333333,0.4823763889427201,3.3684210526315788
404,17,49,14,1.7142857142857142,0.2265625,0.21295885499997994,3.0476190476190474
405,20,46,12,1.7777777777777777,0.22916666666666663,0.49690399499995325,3.5555555555555554
406,19,45,14,1.736842105263158,0.2578125,0.4823763889427201,3.3684210526315788
407,18,43,17,1.75,0.2890625,0.39999999999999997,3.2
408,19,46,12,1.736842105263158,0.23177083333333331,0.4823763889427201,3.3684210526315788
409,18,43,10,1.65,0.23177083333333334,0.39999999999999997,3.2
410,18,44,16,1.65,0.2724867724867725,0.47696960070847283,3.15
411,18,42,18,1.7,0.30729166666666663,0.39999999999999997,3.2
412,19,42,15,1.736842105263158,0.2838541666666667,0.48237638894272,3.3684210526315788
413,19,45,16,1.736842105263158,0.27083333333333337,0.4823763889427201,3.3684210526315788
414,18,44,12,1.7,0.23958333333333331,0.39999999999999997,3.2
415,19,44,14,1.736842105263158,0.2604166666666667,0.4823763889427201,3.3684210526315788
416,18,39,16,1.7,0.3125,0.39999999999999997,3.2
417,18,43,12,1.7,0.25,0.39999999999999997,3.2
418,18,45,14,1.7,0.2578125,0.39999999999999997,3.2
419,18,45,13,1.7,0.2421875,0.39999999999999997,3.2
420,19,46,16,1.736842105263158,0.265625,0.4823763889427201,3.3684210526315788
421,17,44,14,1.619047619047619,0.2566137566137566,0.3086066999241838,3.0
422,19,48,11,1.6842105263157894,0.2037037037037037,0.5668594533825794,3.3157894736842106
423,19,42,15,1.7894736842105263,0.2864583333333333,0.4823763889427201,3.3684210526315788
424,18,48,11,1.7,0.20572916666666666,0.39999999999999997,3.2
425,18,45,16,1.7,0.27083333333333337,0.39999999999999997,3.2
426,18,44,17,1.7,0.2890625,0.39999999999999997,3.2
427,20,41,17,1.7777777777777777,0.29947916666666663,0.49690399499995325,3.5555555555555554
428,19,48,12,1.736842105263158,0.21875,0.4823763889427201,3.3684210526315788
429,19,45,15,1.736842105263158,0.265625,0.4823763889427201,3.3684210526315788
430,19,44,15,1.736842105263158,0.27083333333333337,0.4823763889427201,3.3684210526315788
431,18,42,15,1.7,0.28385416666666663,0.39999999999999997,3.2
432,17,42,16,1.7142857142857142,0.29427083333333337,0.21295885499997994,3.0476190476190474
433,18,42,16,1.7,0.29427083333333337,0.39999999999999997,3.2
434,18,41,17,1.7,0.30208333333333337,0.39999999999999997,3.2
435,17,41,15,1.6666666666666667,0.2890625,0.21295885499997994,3.0476190476190474
436,18,44,15,1.7,0.27083333333333337,0.39999999999999997,3.2
437,19,41,17,1.736842105263158,0.3046875,0.4823763889427201,3.3684210526315788
438,18,43,17,1.7,0.2916666666666667,0.39999999999999997,3.2
439,19,44,12,1.736842105263158,0.24479166666666666,0.4823763889427201,3.3684210526315788
440,19,43,17,1.7894736842105263,0.2890625,0.4823763889427201,3.3684210526315788
441,20,46,16,1.7777777777777777,0.26302083333333337,0.49690399499995325,3.5555555555555554
442,18,42,18,1.65,0.30687830687830686,0.47696960070847283,3.15
443,18,43,13,1.7,0.265625,0.39999999999999997,3.2
444,19,44,16,1.6842105263157894,0.2751322751322751,0.5668594533825794,3.3157894736842106
445,18,43,14,1.7,0.2630208333333333,0.39999999999999997,3.2
446,19,46,16,1.736842105263158,0.2630208333333333,0.4823763889427201,3.3684210526315788
447,18,39,16,1.7,0.3125,0.39999999999999997,3.2
448,17,45,14,1.619047619047619,0.2513227513227513,0.3086066999241838,3.0
449,19,43,15,1.736842105263158,0.27604166666666663,0.4823763889427201,3.3684210526315788
450,19,43,13,1.6842105263157894,0.25396825396825395,0.5668594533825794,3.3157894736842106
451,19,37,18,1.6842105263157894,0.3386243386243386,0.5668594533825794,3.3157894736842106
452,19,45,13,1.736842105263158,0.24479166666666666,0.4823763889427201,3.3684210526315788
453,19,42,16,1.736842105263158,0.29166666666666663,0.4823763889427201,3.3684210526315788
454,18,45,15,1.7,0.2604166666666667,0.39999999999999997,3.2
455,18,42,14,1.7,0.2708333333333333,0.39999999999999997,3.2
456,19,45,15,1.736842105263158,0.26302083333333337,0.4823763889427201,3.3684210526315788
457,19,44,16,1.736842105263158,0.2760416666666667,0.4823763889427201,3.3684210526315788
458,19,44,14,1.736842105263158,0.26041666666666663,0.4823763889427201,3.3684210526315788
459,18,46,13,1.7,0.23958333333333331,0.39999999999999997,3.2
460,19,41,17,1.736842105263158,0.3072916666666667,0.4823763889427201,3.3684210526315788
461,19,47,10,1.736842105263158,0.20572916666666666,0.4823763889427201,3.3684210526315788
462,20,42,17,1.7777777777777777,0.2994791666666667,0.49690399499995325,3.5555555555555554
463,19,44,13,1.736842105263158,0.25,0.4823763889427201,3.3684210526315788
464,18,45,14,1.7,0.25260416666666663,0.39999999999999997,3.2
465,18,50,12,1.7,0.20052083333333331,0.39999999999999997,3.2
466,20,35,20,1.8333333333333333,0.3828125,0.49690399499995325,3.5555555555555554
467,19,40,19,1.736842105263158,0.33333333333333337,0.48237638894272,3.3684210526315788
468,18,45,15,1.75,0.265625,0.39999999999999997,3.2
469,18,43,15,1.65,0.2777777777777778,0.47696960070847283,3.15
470,18,49,13,1.7,0.21875,0.39999999999999997,3.2
471,18,40,18,1.7,0.3229166666666667,0.39999999999999997,3.2
472,19,40,15,1.736842105263158,0.2942708333333333,0.4823763889427201,3.3684210526315788
473,18,44,13,1.7,0.25260416666666663,0.39999999999999997,3.2
474,18,45,16,1.7,0.27083333333333337,0.39999999999999997,3.2
475,18,44,15,1.75,0.26822916666666663,0.39999999999999997,3.2
476,18,42,16,1.7,0.29166666666666663,0.39999999999999997,3.2
477,19,44,14,1.6842105263157894,0.25396825396825395,0.5668594533825794,3.3157894736842106
478,20,41,13,1.7777777777777777,0.27604166666666663,0.49690399499995325,3.5555555555555554
479,18,46,12,1.7,0.23177083333333334,0.39999999999999997,3.2
480,19,41,17,1.736842105263158,0.3098958333333333,0.4823763889427201,3.3684210526315788
481,19,43,15,1.736842105263158,0.2786458333333333,0.4823763889427201,3.3684210526315788
482,19,44,14,1.736842105263158,0.2578125,0.4823763889427201,3.3684210526315788
483,18,46,16,1.7,0.265625,0.39999999999999997,3.2
484,19,43,16,1.7894736842105263,0.2864583333333333,0.4823763889427201,3.3684210526315788
485,19,48,12,1.736842105263158,0.2109375,0.4823763889427201,3.3684210526315788
486,19,43,15,1.736842105263158,0.2760416666666667,0.48237638894272,3.3684210526315788
487,19,42,19,1.736842105263158,0.31510416666666663,0.4823763889427201,3.3684210526315788
488,19,40,16,1.736842105263158,0.30989583333333337,0.4823763889427201,3.3684210526315788
489,19,43,17,1.736842105263158,0.29427083333333337,0.4823763889427201,3.3684210526315788
490,18,39,18,1.7,0.3307291666666667,0.39999999999999997,3.2
491,19,38,16,1.736842105263158,0.31510416666666663,0.4823763889427201,3.3684210526315788
492,18,42,14,1.7,0.27604166666666663,0.39999999999999997,3.2
493,18,38,17,1.7,0.328125,0.39999999999999997,3.2
494,18,46,12,1.7,0.22916666666666666,0.39999999999999997,3.2
495,18,45,14,1.75,0.2578125,0.39999999999999997,3.2
496,18,43,16,1.7,0.28385416666666663,0.39999999999999997,3.2
497,18,41,14,1.7,0.2864583333333333,0.39999999999999997,3.2
498,18,39,20,1.7,0.3489583333333333,0.39999999999999997,3.2
499,20,43,18,1.7777777777777777,0.29947916666666663,0.49690399499995325,3.5555555555555554
500,19,44,13,1.736842105263158,0.2552083333333333,0.4823763889427201,3.3684210526315788
501,18,47,9,1.7,0.19791666666666666,0.39999999999999997,3.2
502,18,42,19,1.7,0.3203125,0.39999999999999997,3.2
503,19,45,14,1.7894736842105263,0.25260416666666663,0.4823763889427201,3.3684210526315788
504,18,38,19,1.7,0.3359375,0.39999999999999997,3.2
505,19,43,19,1.736842105263158,0.3098958333333333,0.4823763889427201,3.3684210526315788
506,18,38,19,1.7,0.3463541666666667,0.39999999999999997,3.2
507,19,42,14,1.7894736842105263,0.2734375,0.4823763889427201,3.3684210526315788
508,18,43,15,1.7,0.28125,0.39999999999999997,3.2
509,20,42,16,1.7777777777777777,0.29166666666666663,0.49690399499995325,3.5555555555555554
510,18,42,15,1.7,0.28385416666666663,0.39999999999999997,3.2
511,18,44,16,1.7,0.27864583333333337,0.39999999999999997,3.2
512,19,39,16,1.736842105263158,0.30989583333333337,0.4823763889427201,3.3684210526315788
513,19,40,17,1.736842105263158,0.3151041666666667,0.4823763889427201,3.3684210526315788
514,18,39,16,1.7,0.3125,0.39999999999999997,3.2
515,18,41,17,1.7,0.3072916666666667,0.39999999999999997,3.2
516,19,43,18,1.736842105263158,0.30208333333333337,0.4823763889427201,3.3684210526315788
517,19,40,16,1.736842105263158,0.30989583333333337,0.4823763889427201,3.3684210526315788
518,19,41,12,1.6842105263157894,0.26719576719576715,0.5668594533825794,3.3157894736842106
519,19,43,12,1.736842105263158,0.25,0.48237638894272,3.3684210526315788
520,19,45,13,1.736842105263158,0.2421875,0.4823763889427201,3.3684210526315788
521,17,44,17,1.6666666666666667,0.28125,0.21295885499997994,3.0476190476190474
522,18,41,15,1.7,0.2890625,0.39999999999999997,3.2
523,19,41,21,1.736842105263158,0.34375,0.48237638894272,3.3684210526315788
524,19,42,16,1.736842105263158,0.29166666666666663,0.4823763889427201,3.3684210526315788
525,18,45,16,1.7,0.26822916666666663,0.39999999999999997,3.2
526,19,43,16,1.736842105263158,0.2864583333333333,0.4823763889427201,3.3684210526315788
527,18,43,18,1.7,0.3020833333333333,0.39999999999999997,3.2
528,19,38,20,1.736842105263158,0.3541666666666667,0.4823763889427201,3.3684210526315788
529,19,38,19,1.736842105263158,0.34895833333333337,0.48237638894272,3.3684210526315788
530,19,42,20,1.736842105263158,0.328125,0.4823763889427201,3.3684210526315788
531,19,43,18,1.736842105263158,0.30208333333333337,0.4823763889427201,3.3684210526315788
532,18,40,18,1.7,0.32291666666666663,0.39999999999999997,3.2
533,19,39,20,1.6842105263157894,0.3412698412698412,0.5668594533825794,3.3157894736842106
534,19,41,16,1.736842105263158,0.3046875,0.4823763889427201,3.3684210526315788
535,19,38,17,1.736842105263158,0.33072916666666663,0.48237638894272,3.3684210526315788
536,18,35,21,1.65,0.3862433862433862,0.47696960070847283,3.15
537,20,42,16,1.7777777777777777,0.2942708333333333,0.49690399499995325,3.5555555555555554
538,19,48,14,1.736842105263158,0.234375,0.4823763889427201,3.3684210526315788
539,18,42,17,1.7,0.3046875,0.39999999999999997,3.2
540,17,41,18,1.6666666666666667,0.3177083333333333,0.21295885499997994,3.0476190476190474
541,19,39,16,1.736842105263158,0.3125,0.4823763889427201,3.3684210526315788
542,18,46,16,1.7,0.2630208333333333,0.39999999999999997,3.2
543,18,41,13,1.6,0.2698412698412698,0.47696960070847283,3.15
544,18,41,17,1.7,0.3098958333333333,0.39999999999999997,3.2
545,18,41,14,1.7,0.27604166666666663,0.39999999999999997,3.2
546,18,44,17,1.7,0.2864583333333333,0.39999999999999997,3.2
547,19,40,17,1.736842105263158,0.3177083333333333,0.4823763889427201,3.3684210526315788
548,19,40,21,1.736842105263158,0.34635416666666663,0.4823763889427201,3.3684210526315788
549,17,40,20,1.6666666666666667,0.33854166666666663,0.21295885499997994,3.0476190476190474
550,20,40,17,1.7777777777777777,0.30989583333333337,0.49690399499995325,3.5555555555555554
551,17,40,16,1.6666666666666667,0.29947916666666663,0.21295885499997994,3.0476190476190474
552,18,42,19,1.7,0.31770833333333337,0.39999999999999997,3.2
553,18,43,15,1.7,0.2786458333333333,0.39999999999999997,3.2
554,18,41,19,1.7,0.3255208333333333,0.39999999999999997,3.2
555,18,40,22,1.7,0.359375,0.39999999999999997,3.2
556,18,40,18,1.7,0.32552083333333337,0.39999999999999997,3.2
557,18,37,19,1.7,0.35416666666666663,0.39999999999999997,3.2
558,18,38,17,1.7,0.3307291666666667,0.39999999999999997,3.2
559,18,43,16,1.7,0.2890625,0.39999999999999997,3.2
560,18,36,17,1.7,0.3385416666666667,0.39999999999999997,3.2
561,18,33,19,1.7,0.37760416666666663,0.39999999999999997,3.2
562,19,40,16,1.736842105263158,0.3046875,0.48237638894272,3.3684210526315788
563,19,40,21,1.736842105263158,0.34635416666666663,0.4823763889427201,3.3684210526315788
564,19,37,20,1.736842105263158,0.359375,0.4823763889427201,3.3684210526315788
565,19,44,15,1.736842105263158,0.2708333333333333,0.4823763889427201,3.3684210526315788
566,18,43,15,1.7,0.2786458333333333,0.39999999999999997,3.2
567,19,44,12,1.736842105263158,0.2421875,0.4823763889427201,3.3684210526315788
568,18,38,21,1.75,0.36197916666666663,0.39999999999999997,3.2
569,18,38,19,1.7,0.34895833333333337,0.39999999999999997,3.2
570,18,42,16,1.7,0.29166666666666663,0.39999999999999997,3.2
571,18,39,18,1.7,0.3333333333333333,0.39999999999999997,3.2
572,19,37,22,1.6842105263157894,0.37566137566137564,0.5668594533825794,3.3157894736842106
573,17,40,19,1.6666666666666667,0.3333333333333333,0.21295885499997994,3.0476190476190474
574,18,38,16,1.7,0.3203125,0.39999999999999997,3.2
575,18,40,22,1.7,0.359375,0.39999999999999997,3.2
576,19,42,18,1.736842105263158,0.30989583333333337,0.48237638894272,3.3684210526315788
577,20,34,21,1.7777777777777777,0.39322916666666663,0.49690399499995325,3.5555555555555554
578,19,40,19,1.736842105263158,0.328125,0.4823763889427201,3.3684210526315788
579,19,41,16,1.736842105263158,0.3046875,0.4823763889427201,3.3684210526315788
580,17,38,16,1.6666666666666667,0.31510416666666663,0.21295885499997994,3.0476190476190474
581,17,39,18,1.6666666666666667,0.33333333333333337,0.21295885499997994,3.0476190476190474
582,19,43,16,1.7894736842105263,0.2864583333333333,0.4823763889427201,3.3684210526315788
583,19,44,16,1.736842105263158,0.28125,0.4823763889427201,3.3684210526315788
584,19,40,19,1.736842105263158,0.3333333333333333,0.4823763889427201,3.3684210526315788
585,18,40,17,1.7,0.3203125,0.39999999999999997,3.2
586,20,38,19,1.7777777777777777,0.3489583333333333,0.49690399499995325,3.5555555555555554
587,18,38,19,1.7,0.34375,0.39999999999999997,3.2
588,18,42,15,1.7,0.28385416666666663,0.39999999999999997,3.2
589,18,37,19,1.65,0.3492063492063492,0.47696960070847283,3.15
590,18,36,19,1.7,0.3567708333333333,0.39999999999999997,3.2
591,18,36,20,1.7,0.3671875,0.39999999999999997,3.2
592,18,41,19,1.7,0.32291666666666663,0.39999999999999997,3.2
593,19,43,15,1.736842105263158,0.28125,0.4823763889427201,3.3684210526315788
594,19,36,21,1.736842105263158,0.375,0.4823763889427201,3.3684210526315788
595,18,40,20,1.7,0.3411458333333333,0.39999999999999997,3.2
596,19,37,19,1.736842105263158,0.3541666666666667,0.4823763889427201,3.3684210526315788
597,19,36,22,1.736842105263158,0.3828125,0.4823763889427201,3.3684210526315788
598,19,37,18,1.7894736842105263,0.3489583333333333,0.4823763889427201,3.3684210526315788
599,18,37,21,1.7,0.3723958333333333,0.39999999999999997,3.2
600,18,38,19,1.7,0.34635416666666663,0.39999999999999997,3.2
601,17,43,17,1.6666666666666667,0.29427083333333337,0.21295885499997994,3.0476190476190474
602,19,42,18,1.736842105263158,0.3125,0.4823763889427201,3.3684210526315788
603,18,36,22,1.7,0.3880208333333333,0.39999999999999997,3.2
604,19,35,21,1.736842105263158,0.3880208333333333,0.4823763889427201,3.3684210526315788
605,19,37,19,1.736842105263158,0.35416666666666663,0.4823763889427201,3.3684210526315788
606,19,37,20,1.736842105263158,0.36197916666666663,0.48237638894272,3.3684210526315788
607,18,38,20,1.75,0.3567708333333333,0.39999999999999997,3.2
608,19,36,21,1.7894736842105263,0.3802083333333333,0.4823763889427201,3.3684210526315788
609,18,34,23,1.7,0.40885416666666663,0.39999999999999997,3.2
610,18,42,19,1.7,0.3177083333333333,0.39999999999999997,3.2
611,19,38,18,1.736842105263158,0.3307291666666667,0.4823763889427201,3.3684210526315788
612,19,41,19,1.736842105263158,0.328125,0.4823763889427201,3.3684210526315788
613,19,39,16,1.736842105263158,0.3125,0.4823763889427201,3.3684210526315788
614,19,41,19,1.736842105263158,0.3255208333333333,0.48237638894272,3.3684210526315788
615,19,44,17,1.736842105263158,0.2890625,0.4823763889427201,3.3684210526315788
616,19,40,19,1.6842105263157894,0.3333333333333333,0.5668594533825794,3.3157894736842106
617,17,38,16,1.6666666666666667,0.31510416666666663,0.21295885499997994,3.0476190476190474
618,18,38,19,1.75,0.34375,0.39999999999999997,3.2
619,18,40,17,1.7,0.30729166666666663,0.39999999999999997,3.2
620,19,44,16,1.6842105263157894,0.2751322751322751,0.5668594533825794,3.3157894736842106
621,19,39,19,1.736842105263158,0.33854166666666663,0.48237638894272,3.3684210526315788
622,18,38,21,1.7,0.36197916666666663,0.39999999999999997,3.2
623,20,37,19,1.7777777777777777,0.35416666666666663,0.49690399499995325,3.5555555555555554
624,18,38,20,1.7,0.3515625,0.39999999999999997,3.2
625,19,39,19,1.736842105263158,0.3359375,0.4823763889427201,3.3684210526315788
626,18,38,19,1.7,0.34635416666666663,0.39999999999999997,3.2
627,19,41,17,1.736842105263158,0.30729166666666663,0.48237638894272,3.3684210526315788
628,19,39,21,1.736842105263158,0.35677083333333337,0.4823763889427201,3.3684210526315788
629,18,36,20,1.7,0.36979166666666663,0.39999999999999997,3.2
630,19,37,23,1.736842105263158,0.38541666666666663,0.4823763889427201,3.3684210526315788
631,20,40,20,1.7777777777777777,0.33854166666666663,0.49690399499995325,3.5555555555555554
632,18,40,15,1.65,0.29166666666666663,0.39999999999999997,3.2
633,19,39,22,1.736842105263158,0.3671875,0.4823763889427201,3.3684210526315788
634,18,39,21,1.7,0.35416666666666663,0.39999999999999997,3.2
635,19,39,21,1.736842105263158,0.3567708333333333,0.48237638894272,3.3684210526315788
636,18,46,15,1.7,0.25260416666666663,0.39999999999999997,3.2
637,19,34,19,1.6842105263157894,0.37301587301587297,0.5668594533825794,3.3157894736842106
638,18,37,20,1.7,0.359375,0.39999999999999997,3.2
639,19,40,18,1.736842105263158,0.32291666666666663,0.4823763889427201,3.3684210526315788
640,19,39,19,1.736842105263158,0.34114583333333337,0.4823763889427201,3.3684210526315788
641,18,37,22,1.7,0.37760416666666663,0.39999999999999997,3.2
642,19,34,21,1.736842105263158,0.39322916666666663,0.4823763889427201,3.3684210526315788
643,19,37,21,1.736842105263158,0.36979166666666663,0.4823763889427201,3.3684210526315788
644,19,35,20,1.736842105263158,0.37239583333333337,0.4823763889427201,3.3684210526315788
645,19,35,22,1.736842105263158,0.39322916666666663,0.4823763889427201,3.3684210526315788
646,19,40,19,1.7894736842105263,0.328125,0.4823763889427201,3.3684210526315788
647,18,39,16,1.7,0.3125,0.39999999999999997,3.2
648,18,34,23,1.7,0.40104166666666663,0.39999999999999997,3.2
649,18,39,17,1.7,0.3177083333333333,0.39999999999999997,3.2
650,19,38,21,1.736842105263158,0.36197916666666663,0.4823763889427201,3.3684210526315788
651,18,35,20,1.7,0.375,0.39999999999999997,3.2
652,20,36,23,1.7777777777777777,0.39322916666666663,0.49690399499995325,3.5555555555555554
653,18,41,18,1.7,0.3125,0.39999999999999997,3.2
654,18,36,20,1.7,0.36458333333333337,0.39999999999999997,3.2
655,18,39,17,1.7,0.32291666666666663,0.39999999999999997,3.2
656,19,38,19,1.736842105263158,0.34635416666666663,0.4823763889427201,3.3684210526315788
657,18,35,21,1.7,0.38541666666666663,0.39999999999999997,3.2
658,19,39,22,1.736842105263158,0.3645833333333333,0.4823763889427201,3.3684210526315788
659,20,33,24,1.7777777777777777,0.4296875,0.49690399499995325,3.5555555555555554
660,19,35,22,1.736842105263158,0.39322916666666663,0.4823763889427201,3.3684210526315788
661,19,36,22,1.736842105263158,0.3854166666666667,0.4823763889427201,3.3684210526315788
662,19,38,21,1.736842105263158,0.36197916666666663,0.4823763889427201,3.3684210526315788
663,18,38,21,1.7,0.3645833333333333,0.39999999999999997,3.2
664,19,38,20,1.6842105263157894,0.3518518518518518,0.5668594533825794,3.3157894736842106
665,18,35,20,1.7,0.3723958333333333,0.39999999999999997,3.2
666,19,36,20,1.736842105263158,0.3645833333333333,0.4823763889427201,3.3684210526315788
667,18,33,20,1.7,0.38541666666666663,0.39999999999999997,3.2
668,19,39,17,1.736842105263158,0.32291666666666663,0.4823763889427201,3.3684210526315788
669,18,39,17,1.7,0.3203125,0.39999999999999997,3.2
670,18,40,17,1.7,0.31510416666666663,0.39999999999999997,3.2
671,19,38,20,1.736842105263158,0.35416666666666663,0.4823763889427201,3.3684210526315788
672,19,41,13,1.736842105263158,0.2708333333333333,0.4823763889427201,3.3684210526315788
673,18,39,18,1.75,0.3333333333333333,0.39999999999999997,3.2
674,18,37,20,1.7,0.359375,0.39999999999999997,3.2
675,19,32,19,1.7894736842105263,0.3828125,0.48237638894272,3.3684210526315788
676,18,36,19,1.7,0.3567708333333333,0.39999999999999997,3.2
677,18,38,20,1.7,0.3515625,0.39999999999999997,3.2
678,19,34,22,1.736842105263158,0.3984375,0.48237638894272,3.3684210526315788
679,18,37,20,1.7,0.36197916666666663,0.39999999999999997,3.2
680,19,37,19,1.736842105263158,0.35677083333333337,0.4823763889427201,3.3684210526315788
681,19,34,21,1.736842105263158,0.390625,0.4823763889427201,3.3684210526315788
682,19,37,22,1.736842105263158,0.3802083333333333,0.4823763889427201,3.3684210526315788
683,18,39,20,1.75,0.34375,0.39999999999999997,3.2
684,19,35,21,1.736842105263158,0.3828125,0.4823763889427201,3.3684210526315788
685,18,34,20,1.7,0.37760416666666663,0.39999999999999997,3.2
686,20,40,20,1.7777777777777777,0.34375,0.49690399499995325,3.5555555555555554
687,19,38,18,1.736842105263158,0.3359375,0.4823763889427201,3.3684210526315788
688,19,37,19,1.736842105263158,0.35416666666666663,0.48237638894272,3.3684210526315788
689,19,40,19,1.736842105263158,0.3359375,0.4823763889427201,3.3684210526315788
690,17,35,19,1.6666666666666667,0.36197916666666663,0.21295885499997994,3.0476190476190474
691,18,36,19,1.7,0.35677083333333337,0.39999999999999997,3.2
692,19,33,22,1.6842105263157894,0.40476190476190477,0.5668594533825794,3.3157894736842106
693,18,35,23,1.65,0.3968253968253968,0.47696960070847283,3.15
694,19,37,21,1.736842105263158,0.3697916666666667,0.48237638894272,3.3684210526315788
695,18,36,21,1.7,0.3776041666666667,0.39999999999999997,3.2
696,18,36,20,1.7,0.36979166666666663,0.39999999999999997,3.2
697,19,34,18,1.736842105263158,0.3645833333333333,0.4823763889427201,3.3684210526315788
698,19,32,22,1.736842105263158,0.4140625,0.4823763889427201,3.3684210526315788
699,19,37,20,1.736842105263158,0.359375,0.4823763889427201,3.3684210526315788
700,18,41,19,1.7,0.328125,0.39999999999999997,3.2
701,18,37,20,1.7,0.36197916666666663,0.39999999999999997,3.2
702,18,38,18,1.7,0.3359375,0.39999999999999997,3.2
703,19,35,21,1.736842105263158,0.3862433862433862,0.5668594533825794,3.3157894736842106
704,19,34,23,1.736842105263158,0.4140625,0.4823763889427201,3.3684210526315788
705,18,37,19,1.7,0.34895833333333337,0.39999999999999997,3.2
706,19,35,20,1.736842105263158,0.3776041666666667,0.4823763889427201,3.3684210526315788
707,19,37,20,1.736842105263158,0.36197916666666663,0.4823763889427201,3.3684210526315788
708,18,30,23,1.7,0.43489583333333337,0.39999999999999997,3.2
709,19,35,22,1.736842105263158,0.38802083333333337,0.4823763889427201,3.3684210526315788
710,18,34,23,1.7,0.40885416666666663,0.39999999999999997,3.2
711,19,36,22,1.736842105263158,0.38541666666666663,0.48237638894272,3.3684210526315788
712,18,36,21,1.7,0.37760416666666663,0.39999999999999997,3.2
713,18,35,21,1.65,0.3888888888888889,0.47696960070847283,3.15
714,19,36,22,1.7894736842105263,0.3880208333333333,0.4823763889427201,3.3684210526315788
715,19,33,21,1.736842105263158,0.40104166666666663,0.4823763889427201,3.3684210526315788
716,18,34,21,1.7,0.390625,0.39999999999999997,3.2
717,19,35,24,1.736842105263158,0.40885416666666663,0.4823763889427201,3.3684210526315788
718,18,33,24,1.7,0.42447916666666663,0.39999999999999997,3.2
719,18,33,20,1.7,0.3854166666666667,0.39999999999999997,3.2
720,19,33,20,1.736842105263158,0.38802083333333337,0.4823763889427201,3.3684210526315788
721,18,35,21,1.7,0.3880208333333333,0.39999999999999997,3.2
722,18,36,21,1.7,0.3802083333333333,0.39999999999999997,3.2
723,18,37,20,1.7,0.3645833333333333,0.39999999999999997,3.2
724,19,34,22,1.736842105263158,0.3984375,0.4823763889427201,3.3684210526315788
725,18,38,19,1.7,0.34635416666666663,0.39999999999999997,3.2
726,19,36,21,1.736842105263158,0.37760416666666663,0.48237638894272,3.3684210526315788
727,18,40,20,1.7,0.3411458333333333,0.39999999999999997,3.2
728,19,37,21,1.736842105263158,0.3697916666666667,0.4823763889427201,3.3684210526315788
729,18,35,20,1.7,0.36979166666666663,0.39999999999999997,3.2
730,19,33,24,1.736842105263158,0.42447916666666663,0.4823763889427201,3.3684210526315788
731,18,37,18,1.7,0.34635416666666663,0.39999999999999997,3.2
732,19,33,21,1.736842105263158,0.40104166666666663,0.4823763889427201,3.3684210526315788
733,19,32,21,1.736842105263158,0.4036458333333333,0.4823763889427201,3.3684210526315788
734,18,33,22,1.7,0.4114583333333333,0.39999999999999997,3.2
735,18,29,24,1.65,0.4497354497354497,0.47696960070847283,3.15
736,19,36,22,1.736842105263158,0.3880208333333333,0.4823763889427201,3.3684210526315788
737,18,37,23,1.7,0.3880208333333333,0.39999999999999997,3.2
738,18,33,23,1.7,0.4140625,0.39999999999999997,3.2
739,18,39,18,1.7,0.328125,0.39999999999999997,3.2
740,19,31,24,1.736842105263158,0.4375,0.48237638894272,3.3684210526315788
741,19,32,23,1.736842105263158,0.421875,0.4823763889427201,3.3684210526315788
742,19,34,22,1.736842105263158,0.40104166666666663,0.48237638894272,3.3684210526315788
743,18,33,21,1.7,0.3984375,0.39999999999999997,3.2
744,18,37,21,1.7,0.3723958333333333,0.39999999999999997,3.2
745,17,40,19,1.6666666666666667,0.3359375,0.21295885499997994,3.0476190476190474
746,18,34,23,1.7,0.40885416666666663,0.39999999999999997,3.2
747,18,37,21,1.7,0.3723958333333333,0.39999999999999997,3.2
748,18,37,21,1.7,0.3723958333333333,0.39999999999999997,3.2
749,18,39,19,1.7,0.34114583333333337,0.39999999999999997,3.2
750,19,35,20,1.6842105263157894,0.37566137566137564,0.5668594533825794,3.3157894736842106
751,18,38,20,1.7,0.35416666666666663,0.39999999999999997,3.2
752,19,34,22,1.736842105263158,0.40104166666666663,0.4823763889427201,3.3684210526315788
753,18,31,24,1.7,0.44010416666666663,0.39999999999999997,3.2
754,20,29,23,1.7777777777777777,0.44791666666666663,0.49690399499995325,3.5555555555555554
755,18,36,20,1.7,0.3671875,0.39999999999999997,3.2
756,18,36,20,1.7,0.3671875,0.39999999999999997,3.2
757,19,33,24,1.736842105263158,0.4244791666666667,0.4823763889427201,3.3684210526315788
758,20,32,26,1.7777777777777777,0.4505208333333333,0.49690399499995325,3.5555555555555554
759,18,29,23,1.7,0.4453125,0.39999999999999997,3.2
760,18,39,21,1.7,0.3567708333333333,0.39999999999999997,3.2
761,19,33,20,1.736842105263158,0.39322916666666663,0.48237638894272,3.3684210526315788
762,19,35,22,1.736842105263158,0.39583333333333337,0.4823763889427201,3.3684210526315788
763,19,32,22,1.736842105263158,0.4140625,0.4823763889427201,3.3684210526315788
764,18,32,21,1.65,0.3994708994708994,0.47696960070847283,3.15
765,18,35,20,1.7,0.37760416666666663,0.39999999999999997,3.2
766,19,33,24,1.736842105263158,0.4270833333333333,0.4823763889427201,3.3684210526315788
767,18,33,24,1.7,0.4270833333333333,0.39999999999999997,3.2
768,18,36,21,1.7,0.375,0.39999999999999997,3.2
769,19,34,22,1.736842105263158,0.40104166666666663,0.4823763889427201,3.3684210526315788
770,18,37,21,1.7,0.36979166666666663,0.39999999999999997,3.2
771,18,34,23,1.7,0.40885416666666663,0.39999999999999997,3.2
772,18,37,20,1.7,0.36197916666666663,0.39999999999999997,3.2
773,19,34,22,1.736842105263158,0.3984375,0.4823763889427201,3.3684210526315788
774,18,34,22,1.7,0.4010416666666667,0.39999999999999997,3.2
775,18,29,25,1.7,0.46354166666666663,0.39999999999999997,3.2
776,19,33,20,1.736842105263158,0.39322916666666663,0.4823763889427201,3.3684210526315788
777,18,31,21,1.7,0.4114583333333333,0.39999999999999997,3.2
778,19,31,25,1.736842105263158,0.4505208333333333,0.48237638894272,3.3684210526315788
779,17,41,19,1.6666666666666667,0.3255208333333333,0.21295885499997994,3.0476190476190474
780,18,36,24,1.7,0.4036458333333333,0.39999999999999997,3.2
781,19,33,21,1.736842105263158,0.3984375,0.4823763889427201,3.3684210526315788
782,18,36,22,1.7,0.38541666666666663,0.39999999999999997,3.2
783,18,30,26,1.7,0.4661458333333333,0.39999999999999997,3.2
784,19,34,23,1.736842105263158,0.40885416666666663,0.4823763889427201,3.3684210526315788
785,19,32,20,1.736842105263158,0.40104166666666663,0.48237638894272,3.3684210526315788
786,18,31,22,1.7,0.4270833333333333,0.39999999999999997,3.2
787,19,34,24,1.736842105263158,0.4192708333333333,0.48237638894272,3.3684210526315788
788,18,33,23,1.7,0.4114583333333333,0.39999999999999997,3.2
789,18,37,17,1.7,0.33854166666666663,0.39999999999999997,3.2
790,19,32,23,1.736842105263158,0.42447916666666663,0.4823763889427201,3.3684210526315788
791,18,32,22,1.7,0.40885416666666663,0.39999999999999997,3.2
792,19,31,24,1.736842105263158,0.4375,0.4823763889427201,3.3684210526315788
793,17,35,22,1.6666666666666667,0.39322916666666663,0.21295885499997994,3.0476190476190474
794,19,36,23,1.736842105263158,0.3958333333333333,0.48237638894272,3.3684210526315788
795,18,32,24,1.7,0.4348958333333333,0.39999999999999997,3.2
796,17,36,23,1.6666666666666667,0.3958333333333333,0.21295885499997994,3.0476190476190474
797,18,30,22,1.7,0.4270833333333333,0.39999999999999997,3.2
798,19,34,22,1.736842105263158,0.4036458333333333,0.4823763889427201,3.3684210526315788
799,19,33,22,1.736842105263158,0.40885416666666663,0.4823763889427201,3.3684210526315788
800,19,33,24,1.6842105263157894,0.42592592592592593,0.5668594533825794,3.3157894736842106
801,19,33,24,1.736842105263158,0.42447916666666663,0.4823763889427201,3.3684210526315788
802,18,30,24,1.7,0.4505208333333333,0.39999999999999997,3.2
803,19,33,23,1.736842105263158,0.4192708333333333,0.4823763889427201,3.3684210526315788
804,19,28,24,1.736842105263158,0.4661458333333333,0.48237638894272,3.3684210526315788
805,18,33,24,1.7,0.421875,0.39999999999999997,3.2
806,19,41,19,1.736842105263158,0.32291666666666663,0.4823763889427201,3.3684210526315788
807,19,31,24,1.736842105263158,0.44010416666666663,0.4823763889427201,3.3684210526315788
808,18,32,23,1.7,0.4270833333333333,0.39999999999999997,3.2
809,18,29,26,1.7,0.47135416666666663,0.39999999999999997,3.2
810,18,31,23,1.7,0.4296875,0.39999999999999997,3.2
811,18,31,22,1.7,0.42447916666666663,0.39999999999999997,3.2
812,18,34,22,1.7,0.4036458333333333,0.39999999999999997,3.2
813,19,33,23,1.736842105263158,0.4192708333333333,0.4823763889427201,3.3684210526315788
814,18,33,23,1.7,0.4192708333333333,0.39999999999999997,3.2
815,18,38,21,1.7,0.3645833333333333,0.39999999999999997,3.2
816,18,36,22,1.7,0.3880208333333333,0.39999999999999997,3.2
817,18,34,24,1.7,0.41927083333333337,0.39999999999999997,3.2
818,19,32,23,1.736842105263158,0.42447916666666663,0.48237638894272,3.3684210526315788
819,18,36,22,1.7,0.38541666666666663,0.39999999999999997,3.2
820,18,35,22,1.7,0.39322916666666663,0.39999999999999997,3.2
821,19,39,20,1.736842105263158,0.34635416666666663,0.4823763889427201,3.3684210526315788
822,19,33,22,1.736842105263158,0.40885416666666663,0.4823763889427201,3.3684210526315788
823,18,33,23,1.7,0.41927083333333337,0.39999999999999997,3.2
824,19,35,22,1.7894736842105263,0.39583333333333337,0.48237638894272,3.3684210526315788
825,18,32,24,1.7,0.4348958333333333,0.39999999999999997,3.2
826,18,38,19,1.7,0.34635416666666663,0.39999999999999997,3.2
827,19,31,22,1.736842105263158,0.421875,0.48237638894272,3.3684210526315788
828,18,34,22,1.7,0.40104166666666663,0.39999999999999997,3.2
829,19,28,25,1.736842105263158,0.46875,0.4823763889427201,3.3684210526315788
830,18,36,24,1.7,0.40104166666666663,0.39999999999999997,3.2
831,18,35,20,1.75,0.38020833333333337,0.39999999999999997,3.2
832,18,30,24,1.7,0.44791666666666663,0.39999999999999997,3.2
833,19,37,20,1.736842105263158,0.3645833333333333,0.4823763889427201,3.3684210526315788
834,18,28,23,1.7,0.4557291666666667,0.39999999999999997,3.2
835,18,31,23,1.7,0.43229166666666663,0.39999999999999997,3.2
836,19,33,24,1.736842105263158,0.4270833333333333,0.48237638894272,3.3684210526315788
837,19,29,25,1.736842105263158,0.46354166666666663,0.4823763889427201,3.3684210526315788
838,18,33,22,1.7,0.40885416666666663,0.39999999999999997,3.2
839,18,31,25,1.7,0.4505208333333333,0.39999999999999997,3.2
840,19,31,22,1.6842105263157894,0.42063492063492064,0.5668594533825794,3.3157894736842106
841,19,36,22,1.736842105263158,0.3880208333333333,0.48237638894272,3.3684210526315788
842,19,32,24,1.6842105263157894,0.43121693121693117,0.5668594533825794,3.3157894736842106
843,20,33,24,1.7777777777777777,0.42447916666666663,0.49690399499995325,3.5555555555555554
844,19,31,24,1.736842105263158,0.44010416666666663,0.48237638894272,3.3684210526315788
845,18,29,27,1.7,0.47916666666666663,0.39999999999999997,3.2
846,19,34,24,1.736842105263158,0.4192708333333333,0.48237638894272,3.3684210526315788
847,20,28,25,1.7777777777777777,0.46875,0.49690399499995325,3.5555555555555554
848,19,34,23,1.736842105263158,0.4114583333333333,0.48237638894272,3.3684210526315788
849,19,35,21,1.736842105263158,0.3828125,0.48237638894272,3.3684210526315788
850,19,31,25,1.736842105263158,0.4505208333333333,0.4823763889427201,3.3684210526315788
851,19,39,16,1.736842105263158,0.31510416666666663,0.48237638894272,3.3684210526315788
852,19,33,23,1.736842105263158,0.4140625,0.4823763889427201,3.3684210526315788
853,19,32,25,1.736842105263158,0.44010416666666663,0.4823763889427201,3.3684210526315788
854,18,35,23,1.7,0.4036458333333333,0.39999999999999997,3.2
855,18,31,24,1.7,0.4427083333333333,0.39999999999999997,3.2
856,18,32,24,1.7,0.43229166666666663,0.39999999999999997,3.2
857,19,37,22,1.736842105263158,0.3802083333333333,0.4823763889427201,3.3684210526315788
858,19,32,24,1.736842105263158,0.4348958333333333,0.48237638894272,3.3684210526315788
859,18,33,24,1.7,0.4296875,0.39999999999999997,3.2
860,19,30,26,1.736842105263158,0.4661458333333333,0.4823763889427201,3.3684210526315788
861,18,30,24,1.7,0.4505208333333333,0.39999999999999997,3.2
862,19,36,19,1.736842105263158,0.36197916666666663,0.4823763889427201,3.3684210526315788
863,18,33,25,1.7,0.4348958333333333,0.39999999999999997,3.2
864,19,30,24,1.736842105263158,0.4479166666666667,0.4823763889427201,3.3684210526315788
865,18,31,23,1.7,0.4244791666666667,0.39999999999999997,3.2
866,19,37,22,1.736842105263158,0.3802083333333333,0.4823763889427201,3.3684210526315788
867,19,32,22,1.736842105263158,0.4140625,0.48237638894272,3.3684210526315788
868,19,35,23,1.736842105263158,0.4036458333333333,0.4823763889427201,3.3684210526315788
869,19,35,23,1.736842105263158,0.4036458333333333,0.4823763889427201,3.3684210526315788
870,19,29,24,1.736842105263158,0.4583333333333333,0.4823763889427201,3.3684210526315788
871,18,34,22,1.7,0.40104166666666663,0.39999999999999997,3.2
872,19,33,23,1.736842105263158,0.41666666666666663,0.4823763889427201,3.3684210526315788
873,18,39,20,1.7,0.34895833333333337,0.39999999999999997,3.2
874,18,31,24,1.7,0.44010416666666663,0.39999999999999997,3.2
875,18,28,25,1.7,0.46875,0.39999999999999997,3.2
876,18,29,25,1.7,0.46354166666666663,0.39999999999999997,3.2
877,19,31,23,1.736842105263158,0.43229166666666663,0.48237638894272,3.3684210526315788
878,18,31,25,1.7,0.4505208333333333,0.39999999999999997,3.2
879,19,30,25,1.736842105263158,0.45572916666666663,0.4823763889427201,3.3684210526315788
880,19,29,27,1.736842105263158,0.4817708333333333,0.4823763889427201,3.3684210526315788
881,18,34,24,1.7,0.4192708333333333,0.39999999999999997,3.2
882,19,31,22,1.736842105263158,0.4270833333333333,0.48237638894272,3.3684210526315788
883,18,32,22,1.65,0.4126984126984127,0.47696960070847283,3.15
884,18,31,25,1.7,0.4453125,0.39999999999999997,3.2
885,18,32,24,1.7,0.4348958333333333,0.39999999999999997,3.2
886,19,30,26,1.736842105263158,0.46354166666666663,0.4823763889427201,3.3684210526315788
887,19,30,25,1.736842105263158,0.45572916666666663,0.4823763889427201,3.3684210526315788
888,18,32,26,1.7,0.4505208333333333,0.39999999999999997,3.2
889,19,30,22,1.736842105263158,0.4348958333333333,0.4823763889427201,3.3684210526315788
890,18,30,25,1.7,0.4583333333333333,0.39999999999999997,3.2
891,19,35,22,1.736842105263158,0.3958333333333333,0.48237638894272,3.3684210526315788
892,18,36,22,1.75,0.390625,0.39999999999999997,3.2
893,18,34,23,1.7,0.4114583333333333,0.39999999999999997,3.2
894,19,31,24,1.736842105263158,0.44010416666666663,0.4823763889427201,3.3684210526315788
895,18,32,24,1.7,0.43229166666666663,0.39999999999999997,3.2
896,18,34,24,1.7,0.4192708333333333,0.39999999999999997,3.2
897,18,31,25,1.7,0.4505208333333333,0.39999999999999997,3.2
898,19,31,24,1.736842105263158,0.4427083333333333,0.4823763889427201,3.3684210526315788
899,18,31,25,1.7,0.4505208333333333,0.39999999999999997,3.2
900,18,31,24,1.7,0.44010416666666663,0.39999999999999997,3.2
901,19,33,24,1.736842105263158,0.4270833333333333,0.4823763889427201,3.3684210526315788
902,19,29,27,1.736842105263158,0.4791666666666667,0.4823763889427201,3.3684210526315788
903,18,34,22,1.7,0.4036458333333333,0.39999999999999997,3.2
904,19,30,25,1.736842105263158,0.4583333333333333,0.4823763889427201,3.3684210526315788
905,19,30,26,1.736842105263158,0.4661458333333333,0.4823763889427201,3.3684210526315788
906,20,34,20,1.7777777777777777,0.38541666666666663,0.49690399499995325,3.5555555555555554
907,19,27,26,1.736842105263158,0.4869791666666667,0.4823763889427201,3.3684210526315788
908,19,29,24,1.736842105263158,0.45572916666666663,0.4823763889427201,3.3684210526315788
909,18,30,26,1.7,0.45833333333333337,0.39999999999999997,3.2
910,18,31,23,1.65,0.43386243386243384,0.47696960070847283,3.15
911,18,34,23,1.7,0.40885416666666663,0.39999999999999997,3.2
912,18,28,26,1.7,0.4817708333333333,0.39999999999999997,3.2
913,19,33,24,1.736842105263158,0.4270833333333333,0.4823763889427201,3.3684210526315788
914,19,37,18,1.736842105263158,0.3489583333333333,0.48237638894272,3.3684210526315788
915,18,28,26,1.65,0.4788359788359788,0.47696960070847283,3.15
916,18,34,24,1.7,0.4192708333333333,0.39999999999999997,3.2
917,18,30,25,1.7,0.4583333333333333,0.39999999999999997,3.2
918,19,31,22,1.736842105263158,0.42447916666666663,0.4823763889427201,3.3684210526315788
919,17,38,21,1.6666666666666667,0.36197916666666663,0.21295885499997994,3.0476190476190474
920,19,29,26,1.736842105263158,0.46875,0.4823763889427201,3.3684210526315788
921,18,33,23,1.7,0.4192708333333333,0.39999999999999997,3.2
922,19,27,25,1.736842105263158,0.4765625,0.4823763889427201,3.3684210526315788
923,18,34,21,1.7,0.390625,0.39999999999999997,3.2
924,18,38,21,1.7,0.3671875,0.39999999999999997,3.2
925,19,32,22,1.736842105263158,0.4192708333333333,0.4823763889427201,3.3684210526315788
926,19,29,24,1.736842105263158,0.45572916666666663,0.48237638894272,3.3684210526315788
927,19,30,25,1.736842105263158,0.4583333333333333,0.4823763889427201,3.3684210526315788
928,18,30,25,1.7,0.4583333333333333,0.39999999999999997,3.2
929,19,27,24,1.736842105263158,0.46875,0.4823763889427201,3.3684210526315788
930,18,31,24,1.7,0.4427083333333333,0.39999999999999997,3.2
931,19,28,26,1.736842105263158,0.47916666666666663,0.4823763889427201,3.3684210526315788
932,19,32,24,1.736842105263158,0.4348958333333333,0.4823763889427201,3.3684210526315788
933,19,32,25,1.736842105263158,0.4427083333333333,0.4823763889427201,3.3684210526315788
934,19,32,24,1.736842105263158,0.4296875,0.4823763889427201,3.3684210526315788
935,19,26,26,1.736842105263158,0.48958333333333337,0.4823763889427201,3.3684210526315788
936,19,33,23,1.736842105263158,0.4192708333333333,0.4823763889427201,3.3684210526315788
937,19,32,27,1.736842105263158,0.4583333333333333,0.4823763889427201,3.3684210526315788
938,18,32,24,1.7,0.43229166666666663,0.39999999999999997,3.2
939,18,29,25,1.7,0.4635416666666667,0.39999999999999997,3.2
940,19,30,24,1.736842105263158,0.4479166666666667,0.48237638894272,3.3684210526315788
941,17,33,25,1.6666666666666667,0.4348958333333333,0.21295885499997994,3.0476190476190474
942,19,27,26,1.736842105263158,0.48697916666666663,0.4823763889427201,3.3684210526315788
943,19,33,24,1.736842105263158,0.4244791666666667,0.4823763889427201,3.3684210526315788
944,19,33,23,1.736842105263158,0.41927083333333337,0.4823763889427201,3.3684210526315788
945,18,27,25,1.7,0.47656249999999994,0.39999999999999997,3.2
946,19,26,27,1.736842105263158,0.49999999999999994,0.4823763889427201,3.3684210526315788
947,18,30,25,1.7,0.45572916666666663,0.39999999999999997,3.2
948,19,27,26,1.736842105263158,0.4817708333333333,0.4823763889427201,3.3684210526315788
949,18,29,24,1.65,0.4523809523809524,0.47696960070847283,3.15
950,18,28,25,1.7,0.4713541666666667,0.39999999999999997,3.2
951,19,28,24,1.736842105263158,0.4609375,0.48237638894272,3.3684210526315788
952,18,31,24,1.7,0.44010416666666663,0.39999999999999997,3.2
953,18,28,24,1.65,0.4629629629629629,0.47696960070847283,3.15
954,19,32,25,1.736842105263158,0.4427083333333333,0.4823763889427201,3.3684210526315788
955,18,28,26,1.7,0.4817708333333333,0.39999999999999997,3.2
956,18,31,25,1.7,0.4453125,0.39999999999999997,3.2
957,18,28,24,1.7,0.4609375,0.39999999999999997,3.2
958,18,31,24,1.7,0.4427083333333333,0.39999999999999997,3.2
959,18,31,24,1.7,0.43749999999999994,0.39999999999999997,3.2
960,19,31,23,1.736842105263158,0.4348958333333333,0.48237638894272,3.3684210526315788
961,18,34,22,1.7,0.40104166666666663,0.39999999999999997,3.2
962,18,28,26,1.7,0.4765625,0.39999999999999997,3.2
963,18,30,25,1.7,0.453125,0.39999999999999997,3.2
964,19,31,26,1.736842105263158,0.45572916666666663,0.4823763889427201,3.3684210526315788
965,18,29,24,1.7,0.453125,0.39999999999999997,3.2
966,19,29,23,1.736842105263158,0.4505208333333333,0.4823763889427201,3.3684210526315788
967,19,28,25,1.736842105263158,0.47135416666666663,0.4823763889427201,3.3684210526315788
968,19,28,24,1.6842105263157894,0.4629629629629629,0.5668594533825794,3.3157894736842106
969,19,28,25,1.736842105263158,0.47135416666666663,0.4823763889427201,3.3684210526315788
970,18,27,26,1.65,0.48677248677248675,0.47696960070847283,3.15
971,19,32,24,1.736842105263158,0.4375,0.4823763889427201,3.3684210526315788
972,18,39,21,1.7,0.35677083333333337,0.39999999999999997,3.2
973,18,29,24,1.7,0.453125,0.39999999999999997,3.2
974,18,35,22,1.7,0.39583333333333337,0.39999999999999997,3.2
975,19,35,22,1.736842105263158,0.3958333333333333,0.4823763889427201,3.3684210526315788
976,17,40,20,1.7142857142857142,0.34375,0.21295885499997994,3.0476190476190474
977,18,35,22,1.7,0.39322916666666663,0.39999999999999997,3.2
978,18,38,22,1.7,0.37239583333333337,0.39999999999999997,3.2
979,18,33,24,1.7,0.4270833333333333,0.39999999999999997,3.2
980,18,36,22,1.7,0.3828125,0.39999999999999997,3.2
981,19,29,24,1.6842105263157894,0.455026455026455,0.5668594533825794,3.3157894736842106
982,19,32,22,1.736842105263158,0.4192708333333333,0.4823763889427201,3.3684210526315788
983,19,32,24,1.736842105263158,0.4348958333333333,0.4823763889427201,3.3684210526315788
984,18,34,21,1.7,0.3958333333333333,0.39999999999999997,3.2
985,19,36,18,1.736842105263158,0.35416666666666663,0.4823763889427201,3.3684210526315788
986,19,32,25,1.736842105263158,0.4375,0.48237638894272,3.3684210526315788
987,18,33,24,1.7,0.4270833333333333,0.39999999999999997,3.2
988,18,40,19,1.75,0.3307291666666667,0.39999999999999997,3.2
989,18,28,25,1.7,0.4739583333333333,0.39999999999999997,3.2
990,18,28,24,1.7,0.46354166666666663,0.39999999999999997,3.2
991,19,31,25,1.736842105263158,0.4505208333333333,0.48237638894272,3.3684210526315788
992,19,33,24,1.736842105263158,0.4270833333333333,0.48237638894272,3.3684210526315788
993,18,30,25,1.7,0.4583333333333333,0.39999999999999997,3.2
994,18,34,21,1.7,0.3958333333333333,0.39999999999999997,3.2
995,18,33,24,1.7,0.4270833333333333,0.39999999999999997,3.2
996,19,30,25,1.736842105263158,0.4583333333333333,0.4823763889427201,3.3684210526315788
997,18,34,24,1.7,0.4192708333333333,0.39999999999999997,3.2
998,19,27,27,1.736842105263158,0.49479166666666663,0.4823763889427201,3.3684210526315788
999,19,25,25,1.736842105263158,0.48697916666666663,0.4823763889427201,3.3684210526315788
1000,18,29,23,1.7,0.4453125,0.39999999999999997,3.2
1001,20,30,24,1.7777777777777777,0.44791666666666663,0.49690399499995325,3.5555555555555554
1002,18,25,26,1.65,0.49999999999999994,0.47696960070847283,3.15
1003,19,29,26,1.736842105263158,0.4739583333333333,0.4823763889427201,3.3684210526315788
1004,18,32,25,1.7,0.44010416666666663,0.39999999999999997,3.2
1005,18,28,26,1.7,0.47916666666666663,0.39999999999999997,3.2
1006,19,32,25,1.736842105263158,0.4453125,0.48237638894272,3.3684210526315788
1007,18,30,24,1.7,0.44270833333333337,0.39999999999999997,3.2
1008,18,31,24,1.7,0.44010416666666663,0.39999999999999997,3.2
1009,18,30,25,1.7,0.453125,0.39999999999999997,3.2
1010,18,38,20,1.7,0.3567708333333333,0.39999999999999997,3.2
1011,19,31,23,1.736842105263158,0.43229166666666663,0.4823763889427201,3.3684210526315788
1012,18,29,24,1.7,0.453125,0.39999999999999997,3.2
1013,19,28,24,1.736842105263158,0.46354166666666663,0.4823763889427201,3.3684210526315788
1014,19,31,24,1.736842105263158,0.4427083333333333,0.4823763889427201,3.3684210526315788
1015,19,29,26,1.736842105263158,0.4739583333333333,0.4823763889427201,3.3684210526315788
1016,18,36,23,1.65,0.3941798941798942,0.47696960070847283,3.15
1017,20,30,24,1.7777777777777777,0.4453125,0.49690399499995325,3.5555555555555554
1018,18,29,25,1.7,0.46354166666666663,0.39999999999999997,3.2
1019,18,30,24,1.7,0.4453125,0.39999999999999997,3.2
1020,18,30,25,1.7,0.45572916666666663,0.39999999999999997,3.2
1021,18,29,26,1.7,0.4739583333333333,0.39999999999999997,3.2
1022,19,29,25,1.736842105263158,0.46354166666666663,0.4823763889427201,3.3684210526315788
1023,19,30,24,1.736842105263158,0.4453125,0.4823763889427201,3.3684210526315788
1024,19,30,25,1.736842105263158,0.4583333333333333,0.4823763889427201,3.3684210526315788
1025,19,31,24,1.736842105263158,0.44010416666666663,0.4823763889427201,3.3684210526315788
1026,18,27,26,1.7,0.48697916666666663,0.39999999999999997,3.2
1027,18,30,25,1.7,0.4583333333333333,0.39999999999999997,3.2
1028,18,32,24,1.7,0.43229166666666663,0.39999999999999997,3.2
1029,18,27,26,1.7,0.4895833333333333,0.39999999999999997,3.2
1030,19,30,25,1.736842105263158,0.4583333333333333,0.48237638894272,3.3684210526315788
1031,18,30,24,1.7,0.4453125,0.39999999999999997,3.2
1032,18,34,24,1.7,0.41666666666666663,0.39999999999999997,3.2
1033,19,30,24,1.736842105263158,0.44791666666666663,0.4823763889427201,3.3684210526315788
1034,20,30,25,1.7777777777777777,0.45572916666666663,0.49690399499995325,3.5555555555555554
1035,19,29,25,1.6842105263157894,0.4656084656084656,0.5668594533825794,3.3157894736842106
1036,20,30,23,1.7777777777777777,0.4375,0.49690399499995325,3.5555555555555554
1037,19,28,26,1.736842105263158,0.47656249999999994,0.48237638894272,3.3684210526315788
1038,18,31,22,1.7,0.421875,0.39999999999999997,3.2
1039,18,29,24,1.65,0.455026455026455,0.47696960070847283,3.15
1040,18,28,25,1.7,0.4739583333333333,0.39999999999999997,3.2
1041,20,29,25,1.7777777777777777,0.4609375,0.49690399499995325,3.5555555555555554
1042,19,37,23,1.736842105263158,0.38541666666666663,0.4823763889427201,3.3684210526315788
1043,18,30,23,1.7,0.4375,0.39999999999999997,3.2
1044,18,29,25,1.65,0.4629629629629629,0.47696960070847283,3.15
1045,19,29,26,1.736842105263158,0.47135416666666663,0.4823763889427201,3.3684210526315788
1046,19,30,23,1.736842105263158,0.4375,0.4823763889427201,3.3684210526315788
1047,19,31,24,1.736842105263158,0.4427083333333333,0.4823763889427201,3.3684210526315788
1048,19,29,25,1.736842105263158,0.46354166666666663,0.4823763889427201,3.3684210526315788
1049,18,34,23,1.7,0.4114583333333333,0.39999999999999997,3.2
1050,19,31,24,1.6842105263157894,0.43915343915343913,0.5668594533825794,3.3157894736842106
1051,19,32,25,1.736842105263158,0.4427083333333333,0.48237638894272,3.3684210526315788
1052,18,34,22,1.7,0.4036458333333333,0.39999999999999997,3.2
1053,20,31,23,1.7777777777777777,0.43229166666666663,0.49690399499995325,3.5555555555555554
1054,19,31,25,1.736842105263158,0.4505208333333333,0.4823763889427201,3.3684210526315788
1055,18,31,24,1.7,0.44010416666666663,0.39999999999999997,3.2
1056,18,25,26,1.7,0.5026041666666666,0.39999999999999997,3.2
1057,19,30,24,1.6842105263157894,0.44708994708994704,0.5668594533825794,3.3157894736842106
1058,19,27,27,1.736842105263158,0.49479166666666663,0.4823763889427201,3.3684210526315788
1059,18,29,25,1.7,0.4661458333333333,0.39999999999999997,3.2
1060,19,28,26,1.736842105263158,0.47916666666666663,0.4823763889427201,3.3684210526315788
1061,19,29,27,1.736842105263158,0.47916666666666663,0.4823763889427201,3.3684210526315788
1062,18,29,25,1.7,0.4609375,0.39999999999999997,3.2
1063,18,29,25,1.7,0.46354166666666663,0.39999999999999997,3.2
1064,19,29,25,1.736842105263158,0.4661458333333333,0.4823763889427201,3.3684210526315788
1065,18,27,26,1.65,0.48677248677248675,0.47696960070847283,3.15
1066,19,35,23,1.736842105263158,0.40104166666666663,0.4823763889427201,3.3684210526315788
1067,19,28,26,1.736842105263158,0.47916666666666663,0.4823763889427201,3.3684210526315788
1068,18,28,24,1.7,0.4609375,0.39999999999999997,3.2
1069,19,31,22,1.736842105263158,0.421875,0.4823763889427201,3.3684210526315788
1070,19,29,24,1.736842105263158,0.44791666666666663,0.4823763889427201,3.3684210526315788
1071,19,32,25,1.736842105263158,0.4427083333333333,0.4823763889427201,3.3684210526315788
1072,18,29,24,1.7,0.45572916666666663,0.39999999999999997,3.2
1073,19,27,26,1.736842105263158,0.48697916666666663,0.4823763889427201,3.3684210526315788
1074,19,29,26,1.736842105263158,0.47135416666666663,0.4823763889427201,3.3684210526315788
1075,19,37,23,1.736842105263158,0.3880208333333333,0.48237638894272,3.3684210526315788
1076,18,30,25,1.7,0.45572916666666663,0.39999999999999997,3.2
1077,18,28,27,1.7,0.4895833333333333,0.39999999999999997,3.2
1078,19,33,24,1.736842105263158,0.421875,0.4823763889427201,3.3684210526315788
1079,18,34,23,1.7,0.4140625,0.39999999999999997,3.2
1080,18,27,26,1.7,0.48697916666666663,0.39999999999999997,3.2
1081,19,30,26,1.736842105263158,0.4661458333333333,0.4823763889427201,3.3684210526315788
1082,18,26,25,1.7,0.484375,0.39999999999999997,3.2
1083,18,28,26,1.65,0.4788359788359788,0.47696960070847283,3.15
1084,18,28,24,1.7,0.4609375,0.39999999999999997,3.2
1085,18,32,24,1.7,0.43229166666666663,0.39999999999999997,3.2
1086,18,27,25,1.7,0.4765625,0.39999999999999997,3.2
1087,18,29,25,1.7,0.46354166666666663,0.39999999999999997,3.2
1088,19,32,25,1.7894736842105263,0.44270833333333337,0.4823763889427201,3.3684210526315788
1089,19,26,25,1.736842105263158,0.484375,0.4823763889427201,3.3684210526315788
1090,18,33,23,1.7,0.4192708333333333,0.39999999999999997,3.2
1091,19,33,24,1.736842105263158,0.4270833333333333,0.4823763889427201,3.3684210526315788
1092,19,26,27,1.736842105263158,0.5026041666666666,0.4823763889427201,3.3684210526315788
1093,18,31,23,1.7,0.42447916666666663,0.39999999999999997,3.2
1094,19,29,25,1.736842105263158,0.4609375,0.4823763889427201,3.3684210526315788
1095,19,31,23,1.736842105263158,0.4296875,0.4823763889427201,3.3684210526315788
1096,19,30,23,1.736842105263158,0.43489583333333337,0.4823763889427201,3.3684210526315788
1097,19,28,27,1.736842105263158,0.48697916666666663,0.4823763889427201,3.3684210526315788
1098,18,29,24,1.7,0.453125,0.39999999999999997,3.2
1099,18,35,23,1.7,0.4010416666666667,0.39999999999999997,3.2
1100,18,34,22,1.7,0.4036458333333333,0.39999999999999997,3.2
1101,18,28,26,1.7,0.47916666666666663,0.39999999999999997,3.2
1102,18,32,23,1.7,0.4270833333333333,0.39999999999999997,3.2
1103,18,25,26,1.7,0.5026041666666666,0.39999999999999997,3.2
1104,18,32,24,1.7,0.4348958333333333,0.39999999999999997,3.2
1105,19,29,26,1.736842105263158,0.47135416666666663,0.4823763889427201,3.3684210526315788
1106,19,32,25,1.736842105263158,0.44010416666666663,0.4823763889427201,3.3684210526315788
1107,19,35,25,1.736842105263158,0.41666666666666663,0.4823763889427201,3.3684210526315788
1108,19,34,23,1.736842105263158,0.4114583333333333,0.4823763889427201,3.3684210526315788
1109,19,29,26,1.736842105263158,0.47135416666666663,0.4823763889427201,3.3684210526315788
1110,19,38,19,1.736842105263158,0.3515625,0.4823763889427201,3.3684210526315788
1111,18,29,25,1.7,0.4583333333333333,0.39999999999999997,3.2
1112,18,33,24,1.7,0.4270833333333333,0.39999999999999997,3.2
1113,19,33,25,1.736842105263158,0.4348958333333333,0.4823763889427201,3.3684210526315788
1114,19,32,25,1.736842105263158,0.4427083333333333,0.4823763889427201,3.3684210526315788
1115,18,27,27,1.7,0.49479166666666663,0.39999999999999997,3.2
1116,19,26,26,1.736842105263158,0.4921875,0.4823763889427201,3.3684210526315788
1117,19,27,26,1.736842105263158,0.484375,0.4823763889427201,3.3684210526315788
1118,19,29,25,1.736842105263158,0.4661458333333333,0.4823763889427201,3.3684210526315788
1119,19,27,26,1.736842105263158,0.48697916666666663,0.4823763889427201,3.3684210526315788
1120,18,27,26,1.7,0.48697916666666663,0.39999999999999997,3.2
1121,19,26,26,1.736842105263158,0.49479166666666663,0.4823763889427201,3.3684210526315788
1122,19,29,25,1.736842105263158,0.46354166666666663,0.4823763889427201,3.3684210526315788
1123,18,29,25,1.7,0.46354166666666663,0.39999999999999997,3.2
1124,18,28,26,1.7,0.47916666666666663,0.39999999999999997,3.2
1125,18,27,26,1.7,0.484375,0.39999999999999997,3.2
1126,19,25,26,1.6842105263157894,0.49999999999999994,0.5668594533825794,3.3157894736842106
1127,19,30,25,1.736842105263158,0.45572916666666663,0.48237638894272,3.3684210526315788
1128,19,36,21,1.7894736842105263,0.3828125,0.48237638894272,3.3684210526315788
1129,18,28,25,1.7,0.4739583333333333,0.39999999999999997,3.2
1130,18,28,26,1.7,0.47916666666666663,0.39999999999999997,3.2
1131,19,31,25,1.736842105263158,0.4505208333333333,0.4823763889427201,3.3684210526315788
1132,19,31,25,1.736842105263158,0.4505208333333333,0.4823763889427201,3.3684210526315788
1133,18,29,26,1.7,0.47135416666666663,0.39999999999999997,3.2
1134,18,34,22,1.7,0.3984375,0.39999999999999997,3.2
1135,18,29,24,1.7,0.45572916666666663,0.39999999999999997,3.2
1136,18,32,24,1.7,0.4348958333333333,0.39999999999999997,3.2
1137,18,36,22,1.7,0.38541666666666663,0.39999999999999997,3.2
1138,19,28,26,1.736842105263158,0.4817708333333333,0.4823763889427201,3.3684210526315788
1139,18,31,24,1.7,0.4375,0.39999999999999997,3.2
1140,18,29,25,1.7,0.4609375,0.39999999999999997,3.2
1141,19,28,24,1.736842105263158,0.4583333333333333,0.4823763889427201,3.3684210526315788
1142,19,34,25,1.736842105263158,0.4270833333333333,0.4823763889427201,3.3684210526315788
1143,18,26,26,1.7,0.4921875,0.39999999999999997,3.2
1144,18,30,21,1.7,0.4270833333333333,0.39999999999999997,3.2
1145,19,29,24,1.736842105263158,0.45572916666666663,0.4823763889427201,3.3684210526315788
1146,18,27,26,1.7,0.48697916666666663,0.39999999999999997,3.2
1147,19,31,24,1.736842105263158,0.4401041666666667,0.4823763889427201,3.3684210526315788
1148,18,32,25,1.7,0.4375,0.39999999999999997,3.2
1149,18,35,22,1.7,0.3958333333333333,0.39999999999999997,3.2
1150,18,28,26,1.7,0.4765625,0.39999999999999997,3.2
1151,18,27,25,1.7,0.47916666666666663,0.39999999999999997,3.2
1152,18,28,25,1.7,0.46875,0.39999999999999997,3.2
1153,19,31,24,1.736842105263158,0.4427083333333333,0.4823763889427201,3.3684210526315788
1154,20,29,25,1.7777777777777777,0.46354166666666663,0.49690399499995325,3.5555555555555554
1155,19,26,25,1.736842105263158,0.4817708333333333,0.4823763889427201,3.3684210526315788
1156,19,29,25,1.736842105263158,0.4609375,0.4823763889427201,3.3684210526315788
1157,19,32,24,1.736842105263158,0.4348958333333333,0.4823763889427201,3.3684210526315788
1158,20,32,25,1.7777777777777777,0.4427083333333333,0.49690399499995325,3.5555555555555554
1159,18,29,26,1.7,0.4739583333333333,0.39999999999999997,3.2
1160,19,31,23,1.736842105263158,0.43229166666666663,0.4823763889427201,3.3684210526315788
1161,18,26,25,1.7,0.484375,0.39999999999999997,3.2
1162,19,32,23,1.736842105263158,0.42447916666666663,0.4823763889427201,3.3684210526315788
1163,18,28,26,1.65,0.4788359788359788,0.47696960070847283,3.15
1164,18,28,26,1.7,0.4765625,0.39999999999999997,3.2
1165,19,30,26,1.736842105263158,0.46354166666666663,0.4823763889427201,3.3684210526315788
1166,18,29,26,1.7,0.47135416666666663,0.39999999999999997,3.2
1167,19,29,25,1.736842105263158,0.46354166666666663,0.48237638894272,3.3684210526315788
1168,18,32,24,1.7,0.4348958333333333,0.39999999999999997,3.2
1169,19,32,24,1.736842105263158,0.43229166666666663,0.4823763889427201,3.3684210526315788
1170,19,27,25,1.736842105263158,0.4765625,0.4823763889427201,3.3684210526315788
1171,19,27,25,1.736842105263158,0.47916666666666663,0.4823763889427201,3.3684210526315788
1172,19,29,25,1.736842105263158,0.45833333333333337,0.48237638894272,3.3684210526315788
1173,18,27,25,1.7,0.47916666666666663,0.39999999999999997,3.2
1174,20,32,24,1.7777777777777777,0.43229166666666663,0.49690399499995325,3.5555555555555554
1175,19,31,25,1.736842105263158,0.4505208333333333,0.4823763889427201,3.3684210526315788
1176,19,33,23,1.736842105263158,0.4166666666666667,0.4823763889427201,3.3684210526315788
1177,19,25,27,1.6842105263157894,0.5105820105820106,0.5668594533825794,3.3157894736842106
1178,18,31,23,1.7,0.4348958333333333,0.39999999999999997,3.2
1179,18,33,24,1.7,0.4270833333333333,0.39999999999999997,3.2
1180,18,27,27,1.7,0.4973958333333333,0.39999999999999997,3.2
1181,19,25,25,1.736842105263158,0.484375,0.4823763889427201,3.3684210526315788
1182,19,31,24,1.736842105263158,0.44010416666666663,0.4823763889427201,3.3684210526315788
1183,18,28,26,1.7,0.4817708333333333,0.39999999999999997,3.2
1184,19,30,24,1.736842105263158,0.44791666666666663,0.4823763889427201,3.3684210526315788
1185,18,31,23,1.7,0.4296875,0.39999999999999997,3.2
1186,19,26,27,1.736842105263158,0.5026041666666666,0.4823763889427201,3.3684210526315788
1187,19,23,26,1.736842105263158,0.5182291666666667,0.4823763889427201,3.3684210526315788
1188,19,29,26,1.736842105263158,0.47395833333333337,0.4823763889427201,3.3684210526315788
1189,18,31,25,1.7,0.44791666666666663,0.39999999999999997,3.2
1190,19,33,24,1.736842105263158,0.4270833333333333,0.48237638894272,3.3684210526315788
1191,18,26,26,1.7,0.49479166666666663,0.39999999999999997,3.2
1192,18,26,26,1.7,0.49479166666666663,0.39999999999999997,3.2
1193,19,31,24,1.736842105263158,0.44010416666666663,0.48237638894272,3.3684210526315788
1194,19,29,26,1.736842105263158,0.4739583333333333,0.4823763889427201,3.3684210526315788
1195,18,27,26,1.7,0.484375,0.39999999999999997,3.2
1196,18,34,24,1.7,0.4192708333333333,0.39999999999999997,3.2
1197,18,30,24,1.7,0.4453125,0.39999999999999997,3.2
1198,18,28,25,1.65,0.4708994708994709,0.47696960070847283,3.15
1199,18,26,26,1.7,0.49479166666666663,0.39999999999999997,3.2
1200,18,32,25,1.7,0.4427083333333333,0.39999999999999997,3.2
1201,19,30,25,1.736842105263158,0.4583333333333333,0.4823763889427201,3.3684210526315788
1202,19,29,26,1.736842105263158,0.47135416666666663,0.4823763889427201,3.3684210526315788
1203,19,32,22,1.736842105263158,0.4140625,0.48237638894272,3.3684210526315788
1204,18,28,26,1.7,0.47916666666666663,0.39999999999999997,3.2
1205,19,30,27,1.736842105263158,0.4739583333333333,0.4823763889427201,3.3684210526315788
1206,19,29,26,1.736842105263158,0.47135416666666663,0.4823763889427201,3.3684210526315788
1207,18,26,26,1.65,0.492063492063492,0.47696960070847283,3.15
1208,18,27,26,1.7,0.48697916666666663,0.39999999999999997,3.2
1209,19,26,26,1.736842105263158,0.49479166666666663,0.4823763889427201,3.3684210526315788
1210,19,31,25,1.736842105263158,0.44791666666666663,0.4823763889427201,3.3684210526315788
1211,19,27,26,1.6842105263157894,0.48677248677248675,0.5668594533825794,3.3157894736842106
1212,18,30,25,1.7,0.45572916666666663,0.39999999999999997,3.2
1213,18,32,24,1.7,0.4348958333333333,0.39999999999999997,3.2
1214,19,32,22,1.736842105263158,0.4140625,0.4823763889427201,3.3684210526315788
1215,19,26,26,1.6842105263157894,0.49470899470899465,0.5668594533825794,3.3157894736842106
1216,18,27,26,1.7,0.48697916666666663,0.39999999999999997,3.2
1217,19,27,27,1.736842105263158,0.49479166666666663,0.4823763889427201,3.3684210526315788
1218,18,30,24,1.7,0.44791666666666663,0.39999999999999997,3.2
1219,18,26,27,1.7,0.5026041666666666,0.39999999999999997,3.2
1220,19,27,26,1.736842105263158,0.48697916666666663,0.4823763889427201,3.3684210526315788
1221,18,25,26,1.7,0.49999999999999994,0.39999999999999997,3.2
1222,18,28,27,1.7,0.48697916666666663,0.39999999999999997,3.2
1223,19,33,25,1.6842105263157894,0.43386243386243384,0.5668594533825794,3.3157894736842106
1224,19,28,26,1.736842105263158,0.47916666666666663,0.4823763889427201,3.3684210526315788
1225,19,26,27,1.736842105263158,0.49999999999999994,0.4823763889427201,3.3684210526315788
1226,18,27,26,1.7,0.48697916666666663,0.39999999999999997,3.2
1227,18,26,26,1.7,0.49479166666666663,0.39999999999999997,3.2
1228,18,32,24,1.7,0.43229166666666663,0.39999999999999997,3.2
1229,19,32,25,1.736842105263158,0.4427083333333333,0.48237638894272,3.3684210526315788
1230,19,27,26,1.736842105263158,0.48697916666666663,0.4823763889427201,3.3684210526315788
1231,19,30,25,1.736842105263158,0.45572916666666663,0.4823763889427201,3.3684210526315788
1232,19,28,24,1.736842105263158,0.46354166666666663,0.48237638894272,3.3684210526315788
1233,19,28,27,1.736842105263158,0.48958333333333337,0.4823763889427201,3.3684210526315788
1234,18,28,25,1.65,0.47354497354497355,0.47696960070847283,3.15
1235,20,34,25,1.7777777777777777,0.4270833333333333,0.49690399499995325,3.5555555555555554
1236,18,27,27,1.7,0.49479166666666663,0.39999999999999997,3.2
1237,19,35,24,1.736842105263158,0.4114583333333333,0.48237638894272,3.3684210526315788
1238,19,30,26,1.736842105263158,0.4661458333333333,0.4823763889427201,3.3684210526315788
1239,19,29,27,1.736842105263158,0.47916666666666663,0.4823763889427201,3.3684210526315788
1240,19,27,26,1.736842105263158,0.4817708333333333,0.4823763889427201,3.3684210526315788
1241,19,31,25,1.736842105263158,0.4505208333333333,0.4823763889427201,3.3684210526315788
1242,19,28,26,1.736842105263158,0.47916666666666663,0.4823763889427201,3.3684210526315788
1243,18,30,24,1.7,0.4453125,0.39999999999999997,3.2
1244,19,31,24,1.736842105263158,0.44010416666666663,0.4823763889427201,3.3684210526315788
1245,19,33,23,1.736842105263158,0.4192708333333333,0.4823763889427201,3.3684210526315788
1246,18,26,26,1.7,0.49479166666666663,0.39999999999999997,3.2
1247,19,27,26,1.736842105263158,0.48697916666666663,0.4823763889427201,3.3684210526315788
1248,18,25,27,1.7,0.5104166666666666,0.39999999999999997,3.2
1249,18,37,22,1.75,0.37760416666666663,0.39999999999999997,3.2
1250,18,27,27,1.7,0.49479166666666663,0.39999999999999997,3.2
1251,18,26,26,1.7,0.49479166666666663,0.39999999999999997,3.2
1252,18,26,26,1.7,0.49479166666666663,0.39999999999999997,3.2
1253,18,27,26,1.7,0.48697916666666663,0.39999999999999997,3.2
1254,19,26,25,1.736842105263158,0.484375,0.4823763889427201,3.3684210526315788
1255,18,36,21,1.75,0.38020833333333337,0.39999999999999997,3.2
1256,19,29,24,1.736842105263158,0.45572916666666663,0.4823763889427201,3.3684210526315788
1257,19,25,26,1.736842105263158,0.4973958333333333,0.4823763889427201,3.3684210526315788
1258,18,30,24,1.7,0.4453125,0.39999999999999997,3.2
1259,18,29,25,1.7,0.4635416666666667,0.39999999999999997,3.2
1260,18,26,27,1.7,0.5052083333333333,0.39999999999999997,3.2
1261,19,27,26,1.736842105263158,0.484375,0.4823763889427201,3.3684210526315788
1262,18,29,24,1.7,0.453125,0.39999999999999997,3.2
1263,19,28,26,1.736842105263158,0.47916666666666663,0.4823763889427201,3.3684210526315788
1264,18,32,24,1.7,0.43229166666666663,0.39999999999999997,3.2
1265,18,28,26,1.7,0.47916666666666663,0.39999999999999997,3.2
1266,18,28,26,1.7,0.47916666666666663,0.39999999999999997,3.2
1267,18,26,27,1.7,0.5,0.39999999999999997,3.2
1268,18,30,25,1.7,0.45572916666666663,0.39999999999999997,3.2
1269,18,31,25,1.7,0.44791666666666663,0.39999999999999997,3.2
1270,19,35,23,1.736842105263158,0.4036458333333333,0.4823763889427201,3.3684210526315788
1271,18,24,27,1.7,0.515625,0.39999999999999997,3.2
1272,18,27,26,1.7,0.48697916666666663,0.39999999999999997,3.2
1273,19,31,24,1.736842105263158,0.44270833333333337,0.48237638894272,3.3684210526315788
1274,19,30,25,1.736842105263158,0.4583333333333333,0.4823763889427201,3.3684210526315788
1275,19,28,26,1.736842105263158,0.47916666666666663,0.4823763889427201,3.3684210526315788
1276,19,27,27,1.736842105263158,0.49479166666666663,0.4823763889427201,3.3684210526315788
1277,18,28,25,1.7,0.47135416666666663,0.39999999999999997,3.2
1278,18,26,27,1.65,0.5026455026455026,0.47696960070847283,3.15
1279,19,24,27,1.736842105263158,0.5182291666666666,0.4823763889427201,3.3684210526315788
1280,18,28,24,1.7,0.46354166666666663,0.39999999999999997,3.2
1281,18,39,22,1.7,0.3671875,0.39999999999999997,3.2
1282,18,28,26,1.7,0.4817708333333333,0.39999999999999997,3.2
1283,19,27,27,1.736842105263158,0.49479166666666663,0.4823763889427201,3.3684210526315788
1284,18,26,26,1.7,0.49479166666666663,0.39999999999999997,3.2
1285,18,31,25,1.7,0.4505208333333333,0.39999999999999997,3.2
1286,19,31,23,1.736842105263158,0.43229166666666663,0.48237638894272,3.3684210526315788
1287,18,31,24,1.7,0.44010416666666663,0.39999999999999997,3.2
1288,18,27,26,1.7,0.48697916666666663,0.39999999999999997,3.2
1289,19,31,24,1.736842105263158,0.4427083333333333,0.4823763889427201,3.3684210526315788
1290,19,27,26,1.736842105263158,0.48697916666666663,0.4823763889427201,3.3684210526315788
1291,18,29,25,1.7,0.4661458333333333,0.39999999999999997,3.2
1292,18,25,27,1.7,0.5104166666666667,0.39999999999999997,3.2
1293,19,27,27,1.736842105263158,0.4921875,0.48237638894272,3.3684210526315788
1294,18,27,27,1.7,0.49479166666666663,0.39999999999999997,3.2
1295,18,27,26,1.7,0.48697916666666663,0.39999999999999997,3.2
1296,18,31,25,1.7,0.4505208333333333,0.39999999999999997,3.2
1297,19,29,25,1.736842105263158,0.4661458333333333,0.4823763889427201,3.3684210526315788
1298,18,26,26,1.7,0.49479166666666663,0.39999999999999997,3.2
1299,19,28,26,1.736842105263158,0.47916666666666663,0.4823763889427201,3.3684210526315788
1300,19,29,24,1.736842105263158,0.4583333333333333,0.4823763889427201,3.3684210526315788
1301,19,27,26,1.6842105263157894,0.4894179894179894,0.5668594533825794,3.3157894736842106
1302,18,25,27,1.7,0.5104166666666667,0.39999999999999997,3.2
1303,18,28,26,1.7,0.47916666666666663,0.39999999999999997,3.2
1304,19,30,25,1.736842105263158,0.4505208333333333,0.4823763889427201,3.3684210526315788
1305,19,25,27,1.736842105263158,0.5078125,0.4823763889427201,3.3684210526315788
1306,18,26,27,1.7,0.5026041666666667,0.39999999999999997,3.2
1307,19,27,28,1.736842105263158,0.5026041666666666,0.4823763889427201,3.3684210526315788
1308,18,26,25,1.7,0.4817708333333333,0.39999999999999997,3.2
1309,18,26,26,1.7,0.4921875,0.39999999999999997,3.2
1310,19,27,26,1.736842105263158,0.484375,0.4823763889427201,3.3684210526315788
1311,19,24,27,1.736842105263158,0.515625,0.4823763889427201,3.3684210526315788
1312,18,27,27,1.7,0.49479166666666663,0.39999999999999997,3.2
1313,18,31,25,1.7,0.4505208333333333,0.39999999999999997,3.2
1314,18,26,26,1.7,0.49479166666666663,0.39999999999999997,3.2
1315,19,25,27,1.6842105263157894,0.5105820105820106,0.5668594533825794,3.3157894736842106
1316,19,29,25,1.736842105263158,0.46354166666666663,0.4823763889427201,3.3684210526315788
1317,19,25,27,1.6842105263157894,0.5105820105820106,0.5668594533825794,3.3157894736842106
1318,18,31,25,1.7,0.4505208333333333,0.39999999999999997,3.2
1319,18,27,27,1.7,0.49479166666666663,0.39999999999999997,3.2
1320,19,30,25,1.736842105263158,0.4583333333333333,0.4823763889427201,3.3684210526315788
1321,20,32,25,1.7777777777777777,0.4427083333333333,0.49690399499995325,3.5555555555555554
1322,18,31,24,1.7,0.4427083333333333,0.39999999999999997,3.2
1323,18,26,26,1.7,0.4947916666666667,0.39999999999999997,3.2
1324,19,26,27,1.736842105263158,0.5026041666666667,0.4823763889427201,3.3684210526315788
1325,18,30,21,1.7,0.421875,0.39999999999999997,3.2
1326,18,24,27,1.7,0.5182291666666667,0.39999999999999997,3.2
1327,18,31,24,1.7,0.4427083333333333,0.39999999999999997,3.2
1328,18,26,26,1.7,0.49479166666666663,0.39999999999999997,3.2
1329,18,29,24,1.7,0.45572916666666663,0.39999999999999997,3.2
1330,19,26,27,1.736842105263158,0.5,0.4823763889427201,3.3684210526315788
1331,18,24,27,1.7,0.5182291666666667,0.39999999999999997,3.2
1332,18,28,26,1.7,0.47916666666666663,0.39999999999999997,3.2
1333,18,27,26,1.7,0.4869791666666667,0.39999999999999997,3.2
1334,18,24,27,1.7,0.5182291666666667,0.39999999999999997,3.2
1335,18,23,27,1.7,0.5234375,0.39999999999999997,3.2
1336,18,26,28,1.7,0.5130208333333333,0.39999999999999997,3.2
1337,18,34,25,1.7,0.4270833333333333,0.39999999999999997,3.2
1338,19,26,27,1.6842105263157894,0.5026455026455026,0.5668594533825794,3.3157894736842106
1339,18,31,24,1.7,0.4427083333333333,0.39999999999999997,3.2
1340,18,23,28,1.7,0.5338541666666667,0.39999999999999997,3.2
1341,18,31,25,1.7,0.44791666666666663,0.39999999999999997,3.2
1342,18,25,27,1.7,0.5104166666666667,0.39999999999999997,3.2
1343,19,26,26,1.736842105263158,0.4921875,0.4823763889427201,3.3684210526315788
1344,18,25,26,1.65,0.49999999999999994,0.47696960070847283,3.15
1345,18,24,27,1.7,0.515625,0.39999999999999997,3.2
1346,18,31,25,1.7,0.44791666666666663,0.39999999999999997,3.2
1347,18,24,27,1.7,0.515625,0.39999999999999997,3.2
1348,19,32,24,1.736842105263158,0.4348958333333333,0.4823763889427201,3.3684210526315788
1349,19,34,24,1.736842105263158,0.4192708333333333,0.4823763889427201,3.3684210526315788
1350,18,25,26,1.7,0.5026041666666666,0.39999999999999997,3.2
1351,18,26,27,1.7,0.5026041666666667,0.39999999999999997,3.2
1352,18,27,26,1.7,0.48697916666666663,0.39999999999999997,3.2
1353,19,26,26,1.736842105263158,0.4921875,0.4823763889427201,3.3684210526315788
1354,18,25,27,1.7,0.5104166666666666,0.39999999999999997,3.2
1355,19,30,23,1.736842105263158,0.44010416666666663,0.4823763889427201,3.3684210526315788
1356,18,26,26,1.7,0.49218749999999994,0.39999999999999997,3.2
1357,19,35,24,1.736842105263158,0.4140625,0.48237638894272,3.3684210526315788
1358,19,30,25,1.736842105263158,0.4557291666666667,0.4823763889427201,3.3684210526315788
1359,18,27,27,1.7,0.49479166666666663,0.39999999999999997,3.2
1360,18,27,26,1.7,0.48697916666666663,0.39999999999999997,3.2
1361,18,26,27,1.7,0.49999999999999994,0.39999999999999997,3.2
1362,18,26,27,1.7,0.5026041666666667,0.39999999999999997,3.2
1363,18,26,27,1.7,0.5026041666666666,0.39999999999999997,3.2
1364,18,25,27,1.7,0.5104166666666667,0.39999999999999997,3.2
1365,18,26,26,1.7,0.49218749999999994,0.39999999999999997,3.2
1366,18,25,27,1.7,0.5104166666666666,0.39999999999999997,3.2
1367,18,26,26,1.7,0.49479166666666663,0.39999999999999997,3.2
1368,18,24,27,1.7,0.5182291666666667,0.39999999999999997,3.2
1369,18,26,27,1.7,0.5026041666666667,0.39999999999999997,3.2
1370,18,27,27,1.7,0.49479166666666663,0.39999999999999997,3.2
1371,18,27,26,1.7,0.48697916666666663,0.39999999999999997,3.2
1372,18,26,27,1.7,0.5026041666666666,0.39999999999999997,3.2
1373,18,26,27,1.7,0.5026041666666666,0.39999999999999997,3.2
1374,18,24,27,1.7,0.5182291666666667,0.39999999999999997,3.2
1375,19,26,27,1.736842105263158,0.5,0.4823763889427201,3.3684210526315788
1376,19,24,27,1.736842105263158,0.515625,0.4823763889427201,3.3684210526315788
1377,19,28,25,1.736842105263158,0.47135416666666663,0.4823763889427201,3.3684210526315788
1378,19,38,22,1.7894736842105263,0.3697916666666667,0.48237638894272,3.3684210526315788
1379,18,24,27,1.7,0.515625,0.39999999999999997,3.2
1380,18,25,27,1.65,0.5105820105820107,0.47696960070847283,3.15
1381,18,27,27,1.7,0.49479166666666663,0.39999999999999997,3.2
1382,18,27,27,1.7,0.49479166666666663,0.39999999999999997,3.2
1383,19,27,26,1.736842105263158,0.484375,0.48237638894272,3.3684210526315788
1384,18,31,25,1.7,0.4505208333333333,0.39999999999999997,3.2
1385,19,30,25,1.736842105263158,0.4609375,0.48237638894272,3.3684210526315788
1386,18,27,25,1.7,0.47656249999999994,0.39999999999999997,3.2
1387,18,24,27,1.7,0.515625,0.39999999999999997,3.2
1388,19,25,27,1.736842105263158,0.5104166666666666,0.4823763889427201,3.3684210526315788
1389,18,25,26,1.7,0.49999999999999994,0.39999999999999997,3.2
1390,19,24,26,1.6842105263157894,0.5105820105820107,0.5668594533825794,3.3157894736842106
1391,19,32,23,1.736842105263158,0.421875,0.48237638894272,3.3684210526315788
1392,19,27,26,1.736842105263158,0.484375,0.4823763889427201,3.3684210526315788
1393,18,30,24,1.7,0.44791666666666663,0.39999999999999997,3.2
1394,18,26,27,1.7,0.5052083333333333,0.39999999999999997,3.2
1395,18,33,24,1.7,0.4270833333333333,0.39999999999999997,3.2
1396,19,27,27,1.736842105263158,0.49479166666666663,0.4823763889427201,3.3684210526315788
1397,18,26,26,1.7,0.49218749999999994,0.39999999999999997,3.2
1398,19,25,27,1.736842105263158,0.5078125,0.4823763889427201,3.3684210526315788
1399,18,24,27,1.7,0.515625,0.39999999999999997,3.2
1400,18,25,27,1.7,0.5104166666666667,0.39999999999999997,3.2
1401,18,24,27,1.7,0.5182291666666667,0.39999999999999997,3.2
1402,18,29,26,1.7,0.4739583333333333,0.39999999999999997,3.2
1403,19,25,27,1.736842105263158,0.5104166666666666,0.4823763889427201,3.3684210526315788
1404,18,31,24,1.7,0.4427083333333333,0.39999999999999997,3.2
1405,19,38,21,1.736842105263158,0.36197916666666663,0.48237638894272,3.3684210526315788
1406,19,25,27,1.736842105263158,0.5078125,0.4823763889427201,3.3684210526315788
1407,18,26,27,1.7,0.5026041666666667,0.39999999999999997,3.2
1408,18,23,27,1.65,0.5185185185185185,0.47696960070847283,3.15
1409,18,27,27,1.7,0.49479166666666663,0.39999999999999997,3.2
1410,18,28,26,1.7,0.47916666666666663,0.39999999999999997,3.2
1411,18,26,27,1.7,0.5,0.39999999999999997,3.2
1412,18,26,27,1.7,0.5026041666666667,0.39999999999999997,3.2
1413,18,26,27,1.7,0.5026041666666666,0.39999999999999997,3.2
1414,18,27,27,1.7,0.49479166666666663,0.39999999999999997,3.2
1415,19,27,26,1.6842105263157894,0.4894179894179894,0.5668594533825794,3.3157894736842106
1416,18,26,27,1.7,0.5026041666666666,0.39999999999999997,3.2
1417,18,26,27,1.7,0.5052083333333333,0.39999999999999997,3.2
1418,19,24,27,1.736842105263158,0.5182291666666666,0.4823763889427201,3.3684210526315788
1419,18,25,26,1.7,0.49999999999999994,0.39999999999999997,3.2
1420,19,31,25,1.736842105263158,0.44791666666666663,0.4823763889427201,3.3684210526315788
1421,19,31,23,1.736842105263158,0.4296875,0.4823763889427201,3.3684210526315788
1422,19,25,27,1.6842105263157894,0.5105820105820106,0.5668594533825794,3.3157894736842106
1423,18,26,27,1.7,0.5026041666666666,0.39999999999999997,3.2
1424,18,29,25,1.7,0.46354166666666663,0.39999999999999997,3.2
1425,18,23,28,1.7,0.53125,0.39999999999999997,3.2
1426,18,25,27,1.7,0.5130208333333333,0.39999999999999997,3.2
1427,18,26,27,1.7,0.5026041666666666,0.39999999999999997,3.2
1428,18,33,24,1.7,0.4270833333333333,0.39999999999999997,3.2
1429,18,25,28,1.7,0.5182291666666666,0.39999999999999997,3.2
1430,19,27,27,1.736842105263158,0.49479166666666663,0.4823763889427201,3.3684210526315788
1431,19,26,27,1.6842105263157894,0.5026455026455026,0.5668594533825794,3.3157894736842106
1432,19,27,27,1.736842105263158,0.49479166666666663,0.4823763889427201,3.3684210526315788
1433,18,25,26,1.7,0.5026041666666666,0.39999999999999997,3.2
1434,18,25,27,1.7,0.5104166666666666,0.39999999999999997,3.2
1435,19,26,27,1.736842105263158,0.5026041666666666,0.4823763889427201,3.3684210526315788
1436,19,32,25,1.736842105263158,0.4427083333333333,0.4823763889427201,3.3684210526315788
1437,18,28,25,1.7,0.47135416666666663,0.39999999999999997,3.2
1438,18,25,27,1.7,0.5130208333333334,0.39999999999999997,3.2
1439,18,29,24,1.7,0.45572916666666663,0.39999999999999997,3.2
1440,18,25,27,1.7,0.5104166666666667,0.39999999999999997,3.2
1441,18,26,27,1.65,0.5026455026455026,0.47696960070847283,3.15
1442,19,25,28,1.6842105263157894,0.5185185185185185,0.5668594533825794,3.3157894736842106
1443,18,24,27,1.7,0.5182291666666667,0.39999999999999997,3.2
1444,18,26,27,1.7,0.5026041666666666,0.39999999999999997,3.2
1445,18,26,27,1.7,0.5026041666666666,0.39999999999999997,3.2
1446,18,25,27,1.7,0.5104166666666667,0.39999999999999997,3.2
1447,18,30,25,1.7,0.4583333333333333,0.39999999999999997,3.2
1448,18,30,25,1.7,0.45833333333333337,0.39999999999999997,3.2
1449,18,27,27,1.7,0.49479166666666663,0.39999999999999997,3.2
1450,19,26,27,1.736842105263158,0.5026041666666666,0.4823763889427201,3.3684210526315788
1451,18,25,27,1.7,0.5104166666666667,0.39999999999999997,3.2
1452,19,31,26,1.736842105263158,0.4583333333333333,0.4823763889427201,3.3684210526315788
1453,18,25,26,1.7,0.4973958333333333,0.39999999999999997,3.2
1454,19,25,26,1.736842105263158,0.49999999999999994,0.4823763889427201,3.3684210526315788
1455,19,26,27,1.736842105263158,0.5026041666666666,0.4823763889427201,3.3684210526315788
1456,18,26,27,1.7,0.5026041666666667,0.39999999999999997,3.2
1457,19,25,28,1.736842105263158,0.5182291666666666,0.4823763889427201,3.3684210526315788
1458,18,25,27,1.7,0.5104166666666666,0.39999999999999997,3.2
1459,18,27,26,1.7,0.4895833333333333,0.39999999999999997,3.2
1460,18,24,26,1.7,0.5078125,0.39999999999999997,3.2
1461,19,27,27,1.736842105263158,0.49479166666666663,0.4823763889427201,3.3684210526315788
1462,18,26,27,1.65,0.5026455026455026,0.47696960070847283,3.15
1463,19,24,28,1.736842105263158,0.5260416666666666,0.4823763889427201,3.3684210526315788
1464,18,24,27,1.7,0.515625,0.39999999999999997,3.2
1465,19,25,27,1.736842105263158,0.5104166666666667,0.4823763889427201,3.3684210526315788
1466,19,32,25,1.736842105263158,0.4427083333333333,0.4823763889427201,3.3684210526315788
1467,19,26,26,1.736842105263158,0.4895833333333333,0.4823763889427201,3.3684210526315788
1468,18,26,27,1.7,0.5026041666666667,0.39999999999999997,3.2
1469,19,26,27,1.736842105263158,0.5026041666666666,0.48237638894272,3.3684210526315788
1470,18,24,28,1.7,0.5234375,0.39999999999999997,3.2
1471,19,25,26,1.736842105263158,0.49739583333333326,0.4823763889427201,3.3684210526315788
1472,19,26,27,1.736842105263158,0.5,0.4823763889427201,3.3684210526315788
1473,19,30,25,1.736842105263158,0.4583333333333333,0.4823763889427201,3.3684210526315788
1474,18,25,27,1.7,0.5104166666666667,0.39999999999999997,3.2
1475,18,26,27,1.7,0.5026041666666667,0.39999999999999997,3.2
1476,18,25,27,1.7,0.5104166666666667,0.39999999999999997,3.2
1477,19,26,26,1.736842105263158,0.4895833333333333,0.4823763889427201,3.3684210526315788
1478,19,32,23,1.6842105263157894,0.42592592592592593,0.5668594533825794,3.3157894736842106
1479,18,26,27,1.7,0.5026041666666666,0.39999999999999997,3.2
1480,19,24,28,1.736842105263158,0.5260416666666667,0.4823763889427201,3.3684210526315788
1481,18,29,26,1.7,0.47135416666666663,0.39999999999999997,3.2
1482,18,25,27,1.7,0.5078125,0.39999999999999997,3.2
1483,18,28,26,1.7,0.47916666666666663,0.39999999999999997,3.2
1484,19,27,27,1.736842105263158,0.49479166666666663,0.4823763889427201,3.3684210526315788
1485,18,26,26,1.7,0.4921875,0.39999999999999997,3.2
1486,19,25,27,1.736842105263158,0.5104166666666667,0.4823763889427201,3.3684210526315788
1487,17,33,25,1.6666666666666667,0.4348958333333333,0.21295885499997994,3.0476190476190474
1488,19,30,24,1.736842105263158,0.44791666666666663,0.4823763889427201,3.3684210526315788
1489,18,28,24,1.7,0.4661458333333333,0.39999999999999997,3.2
1490,19,28,27,1.736842105263158,0.48697916666666663,0.4823763889427201,3.3684210526315788
1491,19,35,22,1.736842105263158,0.39322916666666663,0.4823763889427201,3.3684210526315788
1492,19,26,27,1.6842105263157894,0.5026455026455026,0.5668594533825794,3.3157894736842106
1493,18,25,27,1.7,0.5104166666666666,0.39999999999999997,3.2
1494,19,26,27,1.736842105263158,0.5026041666666666,0.4823763889427201,3.3684210526315788
1495,19,27,27,1.736842105263158,0.49479166666666663,0.4823763889427201,3.3684210526315788
1496,18,27,26,1.7,0.48697916666666663,0.39999999999999997,3.2
1497,18,25,27,1.7,0.5078125,0.39999999999999997,3.2
1498,19,27,26,1.736842105263158,0.48697916666666663,0.4823763889427201,3.3684210526315788
1499,18,25,27,1.65,0.5105820105820107,0.47696960070847283,3.15
1500,19,26,27,1.736842105263158,0.5,0.4823763889427201,3.3684210526315788
1501,18,28,26,1.7,0.47916666666666663,0.39999999999999997,3.2
1502,19,28,24,1.736842105263158,0.46354166666666663,0.4823763889427201,3.3684210526315788
1503,18,25,27,1.7,0.5104166666666666,0.39999999999999997,3.2
1504,19,32,24,1.736842105263158,0.4348958333333333,0.48237638894272,3.3684210526315788
1505,18,27,26,1.7,0.48697916666666663,0.39999999999999997,3.2
1506,19,25,26,1.736842105263158,0.5026041666666666,0.4823763889427201,3.3684210526315788
1507,19,30,24,1.736842105263158,0.4505208333333333,0.48237638894272,3.3684210526315788
1508,18,26,27,1.7,0.5026041666666666,0.39999999999999997,3.2
1509,19,27,26,1.736842105263158,0.48437499999999994,0.4823763889427201,3.3684210526315788
1510,19,27,27,1.736842105263158,0.49479166666666663,0.4823763889427201,3.3684210526315788
1511,18,26,27,1.7,0.5,0.39999999999999997,3.2
1512,18,25,27,1.7,0.5104166666666667,0.39999999999999997,3.2
1513,19,25,27,1.736842105263158,0.5104166666666666,0.4823763889427201,3.3684210526315788
1514,18,33,25,1.7,0.43229166666666663,0.39999999999999997,3.2
1515,19,27,26,1.736842105263158,0.484375,0.4823763889427201,3.3684210526315788
1516,19,33,22,1.736842105263158,0.40885416666666663,0.4823763889427201,3.3684210526315788
1517,18,29,24,1.7,0.4583333333333333,0.39999999999999997,3.2
1518,18,25,25,1.7,0.48958333333333326,0.39999999999999997,3.2
1519,18,27,27,1.7,0.49479166666666663,0.39999999999999997,3.2
1520,19,27,27,1.736842105263158,0.49479166666666663,0.4823763889427201,3.3684210526315788
1521,19,26,27,1.736842105263158,0.5,0.4823763889427201,3.3684210526315788
1522,18,26,27,1.65,0.5026455026455026,0.47696960070847283,3.15
1523,19,26,27,1.736842105263158,0.5,0.4823763889427201,3.3684210526315788
1524,19,28,26,1.736842105263158,0.47916666666666663,0.4823763889427201,3.3684210526315788
1525,18,25,27,1.7,0.5104166666666666,0.39999999999999997,3.2
1526,19,25,27,1.736842105263158,0.5104166666666666,0.4823763889427201,3.3684210526315788
1527,19,34,23,1.736842105263158,0.4114583333333333,0.4823763889427201,3.3684210526315788
1528,19,27,26,1.736842105263158,0.48697916666666663,0.4823763889427201,3.3684210526315788
1529,19,35,22,1.736842105263158,0.3984375,0.4823763889427201,3.3684210526315788
1530,18,25,27,1.7,0.5104166666666666,0.39999999999999997,3.2
1531,19,27,27,1.736842105263158,0.49479166666666663,0.4823763889427201,3.3684210526315788
1532,19,24,27,1.736842105263158,0.515625,0.4823763889427201,3.3684210526315788
1533,18,26,27,1.7,0.5026041666666666,0.39999999999999997,3.2
1534,19,25,27,1.736842105263158,0.5104166666666666,0.4823763889427201,3.3684210526315788
1535,19,26,28,1.736842105263158,0.5104166666666666,0.4823763889427201,3.3684210526315788
1536,19,24,28,1.736842105263158,0.5260416666666667,0.4823763889427201,3.3684210526315788
1537,18,24,27,1.65,0.5185185185185185,0.47696960070847283,3.15
1538,18,25,27,1.7,0.5104166666666667,0.39999999999999997,3.2
1539,19,25,28,1.736842105263158,0.5182291666666666,0.4823763889427201,3.3684210526315788
1540,19,27,27,1.736842105263158,0.49479166666666663,0.4823763889427201,3.3684210526315788
1541,18,25,27,1.7,0.5052083333333333,0.39999999999999997,3.2
1542,19,25,27,1.736842105263158,0.5104166666666667,0.4823763889427201,3.3684210526315788
1543,19,26,28,1.736842105263158,0.5104166666666666,0.4823763889427201,3.3684210526315788
1544,18,33,23,1.7,0.4192708333333333,0.39999999999999997,3.2
1545,19,25,27,1.736842105263158,0.5104166666666666,0.4823763889427201,3.3684210526315788
1546,19,34,23,1.736842105263158,0.40885416666666663,0.48237638894272,3.3684210526315788
1547,19,26,27,1.736842105263158,0.5026041666666666,0.48237638894272,3.3684210526315788
1548,19,25,27,1.736842105263158,0.5104166666666666,0.4823763889427201,3.3684210526315788
1549,19,31,24,1.736842105263158,0.44010416666666663,0.4823763889427201,3.3684210526315788
1550,19,27,27,1.736842105263158,0.49479166666666663,0.4823763889427201,3.3684210526315788
1551,19,27,27,1.736842105263158,0.49479166666666663,0.4823763889427201,3.3684210526315788
1552,18,24,27,1.7,0.5182291666666667,0.39999999999999997,3.2
1553,19,26,26,1.736842105263158,0.49218749999999994,0.4823763889427201,3.3684210526315788
1554,19,25,27,1.736842105263158,0.5104166666666666,0.4823763889427201,3.3684210526315788
1555,18,28,26,1.7,0.47916666666666663,0.39999999999999997,3.2
1556,19,25,28,1.736842105263158,0.5182291666666666,0.4823763889427201,3.3684210526315788
1557,18,25,27,1.7,0.5104166666666666,0.39999999999999997,3.2
1558,19,27,27,1.736842105263158,0.4921875,0.4823763889427201,3.3684210526315788
1559,19,26,27,1.736842105263158,0.5026041666666667,0.4823763889427201,3.3684210526315788
1560,18,24,27,1.7,0.5182291666666667,0.39999999999999997,3.2
1561,18,26,27,1.7,0.5026041666666667,0.39999999999999997,3.2
1562,19,26,27,1.736842105263158,0.5026041666666666,0.4823763889427201,3.3684210526315788
1563,18,26,27,1.7,0.5026041666666667,0.39999999999999997,3.2
1564,18,27,27,1.7,0.49479166666666663,0.39999999999999997,3.2
1565,19,26,26,1.736842105263158,0.4921875,0.4823763889427201,3.3684210526315788
1566,19,26,27,1.736842105263158,0.5026041666666666,0.4823763889427201,3.3684210526315788
1567,19,26,27,1.736842105263158,0.5026041666666666,0.4823763889427201,3.3684210526315788
1568,19,27,27,1.736842105263158,0.49479166666666663,0.4823763889427201,3.3684210526315788
1569,19,22,28,1.736842105263158,0.5390625,0.4823763889427201,3.3684210526315788
1570,19,33,23,1.736842105263158,0.4192708333333333,0.4823763889427201,3.3684210526315788
1571,18,25,27,1.7,0.5104166666666667,0.39999999999999997,3.2
1572,18,26,26,1.7,0.4921875,0.39999999999999997,3.2
1573,19,27,27,1.736842105263158,0.49479166666666663,0.4823763889427201,3.3684210526315788
1574,19,26,28,1.736842105263158,0.5104166666666666,0.4823763889427201,3.3684210526315788
1575,18,27,27,1.7,0.49479166666666663,0.39999999999999997,3.2
1576,18,25,26,1.7,0.5026041666666666,0.39999999999999997,3.2
1577,18,25,27,1.7,0.5104166666666666,0.39999999999999997,3.2
1578,19,26,28,1.736842105263158,0.5104166666666666,0.4823763889427201,3.3684210526315788
1579,19,25,27,1.736842105263158,0.5104166666666666,0.4823763889427201,3.3684210526315788
1580,19,25,28,1.736842105263158,0.5182291666666666,0.4823763889427201,3.3684210526315788
1581,19,27,28,1.736842105263158,0.5026041666666666,0.4823763889427201,3.3684210526315788
1582,18,31,24,1.7,0.44010416666666663,0.39999999999999997,3.2
1583,19,26,28,1.736842105263158,0.5104166666666666,0.48237638894272,3.3684210526315788
1584,18,26,25,1.7,0.48697916666666663,0.39999999999999997,3.2
1585,18,25,27,1.7,0.5104166666666666,0.39999999999999997,3.2
1586,19,26,28,1.736842105263158,0.5104166666666666,0.4823763889427201,3.3684210526315788
1587,19,26,28,1.736842105263158,0.5104166666666666,0.4823763889427201,3.3684210526315788
1588,19,25,28,1.736842105263158,0.5182291666666666,0.4823763889427201,3.3684210526315788
1589,19,26,27,1.736842105263158,0.5026041666666666,0.4823763889427201,3.3684210526315788
1590,18,25,27,1.7,0.5104166666666666,0.39999999999999997,3.2
1591,18,26,26,1.7,0.4921875,0.39999999999999997,3.2
1592,18,23,28,1.7,0.5338541666666667,0.39999999999999997,3.2
1593,18,25,27,1.7,0.5104166666666667,0.39999999999999997,3.2
1594,19,26,27,1.736842105263158,0.5,0.4823763889427201,3.3684210526315788
1595,18,25,27,1.7,0.5104166666666666,0.39999999999999997,3.2
1596,18,24,27,1.7,0.5182291666666666,0.39999999999999997,3.2
1597,18,28,24,1.7,0.46354166666666663,0.39999999999999997,3.2
1598,18,24,27,1.7,0.5182291666666667,0.39999999999999997,3.2
1599,19,27,26,1.736842105263158,0.48697916666666663,0.4823763889427201,3.3684210526315788
1600,18,32,24,1.7,0.4348958333333333,0.39999999999999997,3.2
1601,18,25,26,1.7,0.49999999999999994,0.39999999999999997,3.2
1602,19,29,24,1.736842105263158,0.45572916666666663,0.4823763889427201,3.3684210526315788
1603,19,24,28,1.736842105263158,0.5260416666666666,0.4823763889427201,3.3684210526315788
1604,19,24,28,1.736842105263158,0.5260416666666666,0.4823763889427201,3.3684210526315788
1605,19,22,27,1.736842105263158,0.5338541666666666,0.4823763889427201,3.3684210526315788
1606,18,35,25,1.7,0.4192708333333333,0.39999999999999997,3.2
1607,19,26,27,1.736842105263158,0.5026041666666666,0.4823763889427201,3.3684210526315788
1608,19,24,27,1.736842105263158,0.5182291666666666,0.4823763889427201,3.3684210526315788
1609,19,29,25,1.736842105263158,0.46614583333333337,0.4823763889427201,3.3684210526315788
1610,18,25,27,1.7,0.5078125,0.39999999999999997,3.2
1611,18,23,28,1.7,0.5338541666666667,0.39999999999999997,3.2
1612,18,26,27,1.7,0.5026041666666666,0.39999999999999997,3.2
1613,18,26,27,1.7,0.5026041666666666,0.39999999999999997,3.2
1614,19,25,28,1.736842105263158,0.5182291666666666,0.4823763889427201,3.3684210526315788
1615,18,24,27,1.7,0.5182291666666666,0.39999999999999997,3.2
1616,19,25,28,1.736842105263158,0.5182291666666666,0.4823763889427201,3.3684210526315788
1617,18,35,24,1.7,0.40885416666666663,0.39999999999999997,3.2
1618,18,25,27,1.7,0.5078125,0.39999999999999997,3.2
1619,19,26,27,1.736842105263158,0.5026041666666666,0.4823763889427201,3.3684210526315788
1620,19,26,27,1.736842105263158,0.5026041666666666,0.4823763889427201,3.3684210526315788
1621,19,25,28,1.6842105263157894,0.5185185185185185,0.5668594533825794,3.3157894736842106
1622,19,26,27,1.736842105263158,0.5026041666666666,0.4823763889427201,3.3684210526315788
1623,18,26,25,1.65,0.4841269841269841,0.47696960070847283,3.15
1624,19,26,27,1.736842105263158,0.5,0.4823763889427201,3.3684210526315788
1625,18,26,27,1.7,0.5026041666666666,0.39999999999999997,3.2
1626,19,29,26,1.736842105263158,0.4739583333333333,0.4823763889427201,3.3684210526315788
1627,19,32,25,1.736842105263158,0.4427083333333333,0.4823763889427201,3.3684210526315788
1628,19,26,27,1.736842105263158,0.5026041666666666,0.4823763889427201,3.3684210526315788
1629,18,25,26,1.7,0.5,0.39999999999999997,3.2
1630,18,27,27,1.7,0.49479166666666663,0.39999999999999997,3.2
1631,19,25,27,1.736842105263158,0.5104166666666666,0.4823763889427201,3.3684210526315788
1632,19,27,26,1.736842105263158,0.484375,0.4823763889427201,3.3684210526315788
1633,18,27,26,1.7,0.484375,0.39999999999999997,3.2
1634,20,31,23,1.7777777777777777,0.4348958333333333,0.49690399499995325,3.5555555555555554
1635,18,26,27,1.7,0.5,0.39999999999999997,3.2
1636,19,25,27,1.736842105263158,0.5104166666666666,0.4823763889427201,3.3684210526315788
1637,19,27,27,1.736842105263158,0.49479166666666663,0.4823763889427201,3.3684210526315788
1638,18,25,26,1.7,0.5026041666666666,0.39999999999999997,3.2
1639,18,24,27,1.7,0.515625,0.39999999999999997,3.2
1640,19,29,25,1.736842105263158,0.4661458333333333,0.4823763889427201,3.3684210526315788
1641,18,27,25,1.7,0.4817708333333333,0.39999999999999997,3.2
1642,18,23,28,1.7,0.5338541666666667,0.39999999999999997,3.2
1643,18,25,28,1.7,0.5182291666666666,0.39999999999999997,3.2
1644,19,25,27,1.736842105263158,0.5104166666666667,0.4823763889427201,3.3684210526315788
1645,19,22,28,1.6842105263157894,0.5423280423280423,0.5668594533825794,3.3157894736842106
1646,18,25,27,1.65,0.5105820105820106,0.47696960070847283,3.15
1647,19,25,27,1.736842105263158,0.5078125,0.4823763889427201,3.3684210526315788
1648,19,25,27,1.736842105263158,0.5078125,0.4823763889427201,3.3684210526315788
1649,19,25,27,1.736842105263158,0.5104166666666666,0.4823763889427201,3.3684210526315788
1650,18,34,24,1.7,0.41666666666666663,0.39999999999999997,3.2
1651,18,23,27,1.7,0.5260416666666667,0.39999999999999997,3.2
1652,18,23,27,1.7,0.5260416666666666,0.39999999999999997,3.2
1653,19,26,27,1.736842105263158,0.5026041666666666,0.4823763889427201,3.3684210526315788
1654,18,26,27,1.65,0.5026455026455026,0.47696960070847283,3.15
1655,19,24,27,1.736842105263158,0.5182291666666666,0.4823763889427201,3.3684210526315788
1656,19,23,27,1.6842105263157894,0.5238095238095238,0.5668594533825794,3.3157894736842106
1657,19,26,28,1.736842105263158,0.5104166666666666,0.4823763889427201,3.3684210526315788
1658,19,30,26,1.736842105263158,0.4661458333333333,0.4823763889427201,3.3684210526315788
1659,19,27,27,1.736842105263158,0.49479166666666663,0.4823763889427201,3.3684210526315788
1660,19,23,28,1.6842105263157894,0.5343915343915343,0.5668594533825794,3.3157894736842106
1661,19,25,28,1.736842105263158,0.5182291666666666,0.4823763889427201,3.3684210526315788
1662,19,34,23,1.736842105263158,0.4114583333333333,0.4823763889427201,3.3684210526315788
1663,18,27,27,1.7,0.49479166666666663,0.39999999999999997,3.2
1664,19,27,26,1.736842105263158,0.48697916666666663,0.4823763889427201,3.3684210526315788
1665,19,25,27,1.736842105263158,0.5104166666666666,0.4823763889427201,3.3684210526315788
1666,18,24,27,1.7,0.5182291666666666,0.39999999999999997,3.2
1667,18,25,26,1.7,0.5,0.39999999999999997,3.2
1668,19,25,27,1.736842105263158,0.5104166666666666,0.4823763889427201,3.3684210526315788
1669,18,23,28,1.7,0.5364583333333333,0.39999999999999997,3.2
1670,19,26,27,1.736842105263158,0.5026041666666666,0.4823763889427201,3.3684210526315788
1671,20,29,25,1.7777777777777777,0.4661458333333333,0.49690399499995325,3.5555555555555554
1672,18,29,24,1.7,0.453125,0.39999999999999997,3.2
1673,18,27,27,1.7,0.49479166666666663,0.39999999999999997,3.2
1674,19,26,27,1.736842105263158,0.5026041666666666,0.4823763889427201,3.3684210526315788
1675,18,23,27,1.7,0.5260416666666667,0.39999999999999997,3.2
1676,19,26,26,1.736842105263158,0.4921875,0.4823763889427201,3.3684210526315788
1677,19,24,27,1.736842105263158,0.5182291666666666,0.4823763889427201,3.3684210526315788
1678,19,26,26,1.736842105263158,0.4973958333333333,0.48237638894272,3.3684210526315788
1679,18,27,27,1.65,0.49470899470899465,0.47696960070847283,3.15
1680,19,26,27,1.736842105263158,0.5026041666666666,0.4823763889427201,3.3684210526315788
1681,18,27,25,1.7,0.47656249999999994,0.39999999999999997,3.2
1682,19,25,27,1.736842105263158,0.5104166666666666,0.4823763889427201,3.3684210526315788
1683,18,27,26,1.7,0.484375,0.39999999999999997,3.2
1684,18,24,28,1.7,0.5286458333333333,0.39999999999999997,3.2
1685,19,26,27,1.736842105263158,0.5026041666666666,0.4823763889427201,3.3684210526315788
1686,19,30,24,1.736842105263158,0.44791666666666663,0.48237638894272,3.3684210526315788
1687,19,26,27,1.736842105263158,0.5,0.4823763889427201,3.3684210526315788
1688,19,25,27,1.736842105263158,0.5104166666666666,0.4823763889427201,3.3684210526315788
1689,19,28,25,1.736842105263158,0.47135416666666663,0.4823763889427201,3.3684210526315788
1690,19,28,26,1.736842105263158,0.4765625,0.4823763889427201,3.3684210526315788
1691,19,25,27,1.736842105263158,0.5104166666666666,0.4823763889427201,3.3684210526315788
1692,19,26,27,1.736842105263158,0.5026041666666666,0.4823763889427201,3.3684210526315788
1693,19,35,23,1.736842105263158,0.40625,0.4823763889427201,3.3684210526315788
1694,19,27,24,1.736842105263158,0.46875,0.4823763889427201,3.3684210526315788
1695,18,26,27,1.7,0.5026041666666666,0.39999999999999997,3.2
1696,19,25,27,1.736842105263158,0.5104166666666666,0.4823763889427201,3.3684210526315788
1697,18,24,28,1.7,0.5260416666666667,0.39999999999999997,3.2
1698,19,28,24,1.736842105263158,0.46614583333333337,0.4823763889427201,3.3684210526315788
1699,19,25,27,1.736842105263158,0.5104166666666666,0.4823763889427201,3.3684210526315788
1700,19,25,28,1.736842105263158,0.5182291666666666,0.4823763889427201,3.3684210526315788
1701,19,26,28,1.736842105263158,0.5104166666666666,0.4823763889427201,3.3684210526315788
1702,19,25,28,1.736842105263158,0.5182291666666666,0.4823763889427201,3.3684210526315788
1703,18,31,23,1.7,0.43229166666666663,0.39999999999999997,3.2
1704,18,27,26,1.7,0.484375,0.39999999999999997,3.2
1705,19,23,28,1.736842105263158,0.5338541666666666,0.4823763889427201,3.3684210526315788
1706,18,27,27,1.7,0.49479166666666663,0.39999999999999997,3.2
1707,19,24,28,1.736842105263158,0.5260416666666666,0.4823763889427201,3.3684210526315788
1708,19,24,28,1.736842105263158,0.5260416666666666,0.4823763889427201,3.3684210526315788
1709,18,24,27,1.65,0.5185185185185185,0.47696960070847283,3.15
1710,18,26,26,1.7,0.49479166666666663,0.39999999999999997,3.2
1711,18,29,25,1.65,0.4629629629629629,0.47696960070847283,3.15
1712,19,24,26,1.736842105263158,0.5104166666666666,0.4823763889427201,3.3684210526315788
1713,18,25,27,1.7,0.5104166666666666,0.39999999999999997,3.2
1714,19,25,28,1.736842105263158,0.5182291666666666,0.4823763889427201,3.3684210526315788
1715,18,25,27,1.7,0.5104166666666666,0.39999999999999997,3.2
1716,19,25,27,1.736842105263158,0.5104166666666666,0.4823763889427201,3.3684210526315788
1717,18,25,27,1.7,0.5104166666666666,0.39999999999999997,3.2
1718,18,26,27,1.7,0.5026041666666666,0.39999999999999997,3.2
1719,19,26,27,1.736842105263158,0.5026041666666666,0.4823763889427201,3.3684210526315788
1720,18,27,27,1.7,0.49479166666666663,0.39999999999999997,3.2
1721,18,23,28,1.7,0.5338541666666667,0.39999999999999997,3.2
1722,19,33,22,1.736842105263158,0.4114583333333333,0.4823763889427201,3.3684210526315788
1723,18,27,27,1.7,0.49479166666666663,0.39999999999999997,3.2
1724,19,26,26,1.736842105263158,0.4921875,0.48237638894272,3.3684210526315788
1725,19,27,27,1.736842105263158,0.49479166666666663,0.4823763889427201,3.3684210526315788
1726,19,24,27,1.736842105263158,0.5182291666666666,0.4823763889427201,3.3684210526315788
1727,19,29,26,1.736842105263158,0.47135416666666663,0.4823763889427201,3.3684210526315788
1728,18,25,27,1.7,0.5104166666666666,0.39999999999999997,3.2
1729,19,25,28,1.736842105263158,0.5182291666666666,0.4823763889427201,3.3684210526315788
1730,18,26,27,1.7,0.5,0.39999999999999997,3.2
1731,19,24,27,1.736842105263158,0.5182291666666666,0.4823763889427201,3.3684210526315788
1732,18,26,26,1.7,0.49479166666666663,0.39999999999999997,3.2
1733,19,26,28,1.736842105263158,0.5104166666666666,0.4823763889427201,3.3684210526315788
1734,18,24,27,1.65,0.5185185185185185,0.47696960070847283,3.15
1735,18,25,27,1.7,0.5130208333333333,0.39999999999999997,3.2
1736,19,27,27,1.736842105263158,0.49479166666666663,0.4823763889427201,3.3684210526315788
1737,18,22,27,1.7,0.53125,0.39999999999999997,3.2
1738,18,25,28,1.7,0.5182291666666666,0.39999999999999997,3.2
1739,18,26,27,1.65,0.5026455026455026,0.47696960070847283,3.15
1740,19,25,27,1.6842105263157894,0.5105820105820106,0.5668594533825794,3.3157894736842106
1741,18,27,27,1.7,0.49479166666666663,0.39999999999999997,3.2
1742,19,25,28,1.6842105263157894,0.521164021164021,0.5668594533825794,3.3157894736842106
1743,19,24,28,1.736842105263158,0.5260416666666666,0.4823763889427201,3.3684210526315788
1744,18,25,25,1.7,0.4921875,0.39999999999999997,3.2
1745,18,25,28,1.65,0.5185185185185185,0.47696960070847283,3.15
1746,19,25,27,1.736842105263158,0.5104166666666666,0.4823763889427201,3.3684210526315788
1747,18,24,27,1.7,0.5182291666666666,0.39999999999999997,3.2
1748,19,26,27,1.736842105263158,0.5026041666666666,0.4823763889427201,3.3684210526315788
1749,19,26,27,1.736842105263158,0.5026041666666666,0.4823763889427201,3.3684210526315788
1750,19,26,27,1.736842105263158,0.5,0.4823763889427201,3.3684210526315788
1751,18,26,27,1.7,0.5026041666666666,0.39999999999999997,3.2
1752,18,24,27,1.7,0.5130208333333333,0.39999999999999997,3.2
1753,19,24,28,1.736842105263158,0.5260416666666666,0.4823763889427201,3.3684210526315788
1754,19,24,27,1.736842105263158,0.5182291666666666,0.4823763889427201,3.3684210526315788
1755,18,24,27,1.7,0.5182291666666667,0.39999999999999997,3.2
1756,19,25,28,1.736842105263158,0.5182291666666666,0.4823763889427201,3.3684210526315788
1757,19,25,28,1.6842105263157894,0.5185185185185185,0.5668594533825794,3.3157894736842106
1758,19,24,27,1.736842105263158,0.5182291666666666,0.4823763889427201,3.3684210526315788
1759,19,24,28,1.736842105263158,0.5260416666666666,0.4823763889427201,3.3684210526315788
1760,19,27,27,1.736842105263158,0.49479166666666663,0.4823763889427201,3.3684210526315788
1761,19,25,27,1.736842105263158,0.5104166666666666,0.4823763889427201,3.3684210526315788
1762,19,24,27,1.736842105263158,0.515625,0.4823763889427201,3.3684210526315788
1763,18,25,27,1.7,0.5104166666666666,0.39999999999999997,3.2
1764,18,24,27,1.7,0.5182291666666667,0.39999999999999997,3.2
1765,18,28,26,1.7,0.4817708333333333,0.39999999999999997,3.2
1766,19,25,27,1.736842105263158,0.5104166666666666,0.4823763889427201,3.3684210526315788
1767,19,23,28,1.736842105263158,0.5338541666666666,0.4823763889427201,3.3684210526315788
1768,18,24,27,1.7,0.5182291666666666,0.39999999999999997,3.2
1769,19,25,28,1.736842105263158,0.5182291666666666,0.4823763889427201,3.3684210526315788
1770,19,24,27,1.736842105263158,0.5182291666666666,0.4823763889427201,3.3684210526315788
1771,20,34,24,1.7777777777777777,0.4140625,0.49690399499995325,3.5555555555555554
1772,19,23,27,1.736842105263158,0.5260416666666666,0.4823763889427201,3.3684210526315788
1773,19,26,28,1.736842105263158,0.5104166666666666,0.4823763889427201,3.3684210526315788
1774,19,25,27,1.736842105263158,0.5104166666666666,0.4823763889427201,3.3684210526315788
1775,19,22,27,1.736842105263158,0.53125,0.4823763889427201,3.3684210526315788
1776,18,23,28,1.7,0.5338541666666667,0.39999999999999997,3.2
1777,18,25,27,1.7,0.5104166666666666,0.39999999999999997,3.2
1778,18,35,22,1.75,0.3984375,0.39999999999999997,3.2
1779,18,26,28,1.7,0.5104166666666666,0.39999999999999997,3.2
1780,18,25,27,1.7,0.5078125,0.39999999999999997,3.2
1781,19,25,26,1.736842105263158,0.5026041666666666,0.4823763889427201,3.3684210526315788
1782,19,35,23,1.736842105263158,0.4036458333333333,0.48237638894272,3.3684210526315788
1783,18,32,24,1.7,0.4322916666666667,0.39999999999999997,3.2
1784,19,25,28,1.736842105263158,0.5182291666666666,0.4823763889427201,3.3684210526315788
1785,18,26,28,1.7,0.5104166666666666,0.39999999999999997,3.2
1786,18,35,23,1.7,0.4036458333333333,0.39999999999999997,3.2
1787,18,25,28,1.7,0.5182291666666666,0.39999999999999997,3.2
1788,19,25,27,1.736842105263158,0.5078125,0.4823763889427201,3.3684210526315788
1789,19,26,27,1.736842105263158,0.5026041666666666,0.4823763889427201,3.3684210526315788
1790,19,26,26,1.736842105263158,0.49479166666666663,0.4823763889427201,3.3684210526315788
1791,18,24,27,1.7,0.5182291666666666,0.39999999999999997,3.2
1792,19,26,27,1.736842105263158,0.5,0.4823763889427201,3.3684210526315788
1793,18,26,27,1.7,0.5026041666666666,0.39999999999999997,3.2
1794,18,22,28,1.7,0.5416666666666666,0.39999999999999997,3.2
1795,19,24,27,1.736842105263158,0.5182291666666666,0.4823763889427201,3.3684210526315788
1796,18,25,27,1.7,0.5130208333333333,0.39999999999999997,3.2
1797,19,26,27,1.736842105263158,0.5,0.48237638894272,3.3684210526315788
1798,18,26,27,1.65,0.5052910052910052,0.47696960070847283,3.15
1799,19,24,27,1.736842105263158,0.5182291666666666,0.4823763889427201,3.3684210526315788
1800,19,26,27,1.736842105263158,0.5,0.4823763889427201,3.3684210526315788
1801,18,24,27,1.7,0.515625,0.39999999999999997,3.2
1802,18,24,28,1.7,0.5260416666666666,0.39999999999999997,3.2
1803,19,25,28,1.736842105263158,0.5182291666666666,0.4823763889427201,3.3684210526315788
1804,18,24,27,1.7,0.515625,0.39999999999999997,3.2
1805,20,29,24,1.7777777777777777,0.4583333333333333,0.49690399499995325,3.5555555555555554
1806,18,32,24,1.7,0.4348958333333333,0.39999999999999997,3.2
1807,19,25,28,1.736842105263158,0.5182291666666666,0.4823763889427201,3.3684210526315788
1808,19,25,27,1.736842105263158,0.5078125,0.4823763889427201,3.3684210526315788
1809,18,23,27,1.7,0.5260416666666667,0.39999999999999997,3.2
1810,18,29,28,1.7,0.4895833333333333,0.39999999999999997,3.2
1811,19,23,27,1.736842105263158,0.5260416666666666,0.48237638894272,3.3684210526315788
1812,18,23,29,1.7,0.5416666666666666,0.39999999999999997,3.2
1813,18,24,27,1.7,0.5208333333333333,0.39999999999999997,3.2
1814,19,26,28,1.736842105263158,0.5104166666666666,0.4823763889427201,3.3684210526315788
1815,18,24,27,1.7,0.5182291666666667,0.39999999999999997,3.2
1816,19,25,28,1.736842105263158,0.5182291666666666,0.4823763889427201,3.3684210526315788
1817,18,25,27,1.7,0.5130208333333333,0.39999999999999997,3.2
1818,18,27,27,1.7,0.4973958333333333,0.39999999999999997,3.2
1819,19,25,27,1.736842105263158,0.5078125,0.4823763889427201,3.3684210526315788
1820,18,26,27,1.7,0.5026041666666666,0.39999999999999997,3.2
1821,19,27,27,1.736842105263158,0.49479166666666663,0.4823763889427201,3.3684210526315788
1822,18,26,27,1.7,0.5026041666666666,0.39999999999999997,3.2
1823,18,26,25,1.7,0.48177083333333326,0.39999999999999997,3.2
1824,19,23,28,1.736842105263158,0.5338541666666666,0.4823763889427201,3.3684210526315788
1825,18,24,27,1.7,0.5182291666666666,0.39999999999999997,3.2
1826,18,25,27,1.7,0.5104166666666666,0.39999999999999997,3.2
1827,18,27,27,1.7,0.4973958333333333,0.39999999999999997,3.2
1828,19,25,27,1.736842105263158,0.5104166666666666,0.4823763889427201,3.3684210526315788
1829,19,25,27,1.736842105263158,0.5104166666666666,0.4823763889427201,3.3684210526315788
1830,18,24,27,1.7,0.5182291666666666,0.39999999999999997,3.2
1831,18,29,26,1.7,0.47135416666666663,0.39999999999999997,3.2
1832,18,29,25,1.7,0.46354166666666663,0.39999999999999997,3.2
1833,18,23,27,1.7,0.5260416666666666,0.39999999999999997,3.2
1834,18,23,27,1.7,0.5234375,0.39999999999999997,3.2
1835,18,25,28,1.7,0.5182291666666666,0.39999999999999997,3.2
1836,18,27,27,1.7,0.49479166666666663,0.39999999999999997,3.2
1837,18,23,27,1.7,0.5260416666666667,0.39999999999999997,3.2
1838,18,31,25,1.7,0.4505208333333333,0.39999999999999997,3.2
1839,18,24,27,1.7,0.5182291666666666,0.39999999999999997,3.2
1840,19,26,27,1.736842105263158,0.5026041666666666,0.4823763889427201,3.3684210526315788
1841,18,25,27,1.7,0.5104166666666666,0.39999999999999997,3.2
1842,18,29,25,1.7,0.46354166666666663,0.39999999999999997,3.2
1843,19,28,25,1.736842105263158,0.46875,0.48237638894272,3.3684210526315788
1844,18,26,27,1.7,0.5026041666666666,0.39999999999999997,3.2
1845,18,27,27,1.7,0.49479166666666663,0.39999999999999997,3.2
1846,18,25,27,1.7,0.5078125,0.39999999999999997,3.2
1847,18,28,26,1.7,0.4817708333333333,0.39999999999999997,3.2
1848,18,24,27,1.7,0.515625,0.39999999999999997,3.2
1849,19,25,27,1.736842105263158,0.5078125,0.4823763889427201,3.3684210526315788
1850,18,22,27,1.7,0.5338541666666667,0.39999999999999997,3.2
1851,18,24,27,1.7,0.5182291666666666,0.39999999999999997,3.2
1852,18,25,27,1.7,0.5104166666666666,0.39999999999999997,3.2
1853,18,23,28,1.7,0.5364583333333333,0.39999999999999997,3.2
1854,18,24,27,1.7,0.5182291666666666,0.39999999999999997,3.2
1855,19,23,27,1.736842105263158,0.5260416666666666,0.4823763889427201,3.3684210526315788
1856,18,23,27,1.7,0.5260416666666666,0.39999999999999997,3.2
1857,19,24,28,1.736842105263158,0.5260416666666666,0.4823763889427201,3.3684210526315788
1858,19,23,27,1.736842105263158,0.5260416666666666,0.4823763889427201,3.3684210526315788
1859,19,25,28,1.736842105263158,0.5208333333333333,0.4823763889427201,3.3684210526315788
1860,19,24,27,1.736842105263158,0.5182291666666666,0.4823763889427201,3.3684210526315788
1861,19,25,27,1.736842105263158,0.5104166666666666,0.4823763889427201,3.3684210526315788
1862,18,23,27,1.7,0.5260416666666666,0.39999999999999997,3.2
1863,18,23,27,1.7,0.5260416666666667,0.39999999999999997,3.2
1864,19,25,27,1.736842105263158,0.5104166666666666,0.4823763889427201,3.3684210526315788
1865,18,24,27,1.7,0.5208333333333333,0.39999999999999997,3.2
1866,18,25,27,1.7,0.5130208333333333,0.39999999999999997,3.2
1867,18,26,27,1.7,0.5026041666666666,0.39999999999999997,3.2
1868,19,26,27,1.736842105263158,0.5026041666666666,0.48237638894272,3.3684210526315788
1869,18,24,27,1.7,0.5208333333333333,0.39999999999999997,3.2
1870,18,29,24,1.65,0.4576719576719577,0.47696960070847283,3.15
1871,18,27,27,1.7,0.4973958333333333,0.39999999999999997,3.2
1872,18,26,27,1.65,0.5026455026455026,0.47696960070847283,3.15
1873,18,24,27,1.7,0.5182291666666667,0.39999999999999997,3.2
1874,19,27,27,1.736842105263158,0.4973958333333333,0.4823763889427201,3.3684210526315788
1875,19,24,28,1.736842105263158,0.5260416666666666,0.4823763889427201,3.3684210526315788
1876,18,26,27,1.7,0.5026041666666666,0.39999999999999997,3.2
1877,18,26,27,1.7,0.5026041666666666,0.39999999999999997,3.2
1878,18,31,25,1.7,0.4505208333333333,0.39999999999999997,3.2
1879,18,24,28,1.7,0.5286458333333333,0.39999999999999997,3.2
1880,18,25,28,1.7,0.5208333333333333,0.39999999999999997,3.2
1881,18,26,27,1.7,0.5052083333333333,0.39999999999999997,3.2
1882,18,23,29,1.7,0.5416666666666666,0.39999999999999997,3.2
1883,18,24,27,1.7,0.5208333333333333,0.39999999999999997,3.2
1884,18,24,27,1.7,0.5182291666666667,0.39999999999999997,3.2
1885,18,25,27,1.7,0.5104166666666666,0.39999999999999997,3.2
1886,18,22,28,1.7,0.5416666666666666,0.39999999999999997,3.2
1887,19,23,27,1.736842105263158,0.5260416666666666,0.4823763889427201,3.3684210526315788
1889,18,24,28,1.7,0.5286458333333333,0.39999999999999997,3.2
1890,18,24,28,1.7,0.5286458333333333,0.39999999999999997,3.2
1891,18,24,28,1.7,0.5286458333333333,0.39999999999999997,3.2
1892,18,24,28,1.7,0.5286458333333333,0.39999999999999997,3.2
1893,18,24,28,1.7,0.5286458333333333,0.39999999999999997,3.2
1894,18,24,28,1.7,0.5286458333333333,0.39999999999999997,3.2
1895,18,24,28,1.7,0.5286458333333333,0.39999999999999997,3.2
1896,18,24,28,1.7,0.5286458333333333,0.39999999999999997,3.2
1897,18,24,28,1.7,0.5286458333333333,0.39999999999999997,3.2
1898,18,24,28,1.7,0.5286458333333333,0.39999999999999997,3.2
