Episode,Desafios_sin_equipo,Estudiantes_fuera_preferencias,Estudiantes_primera_prioridad,Promedio_carreras_por_equipo,Satisfaccion_promedio,STD_tamano_equipos,Tamano_promedio_equipo
2,17,60,2,1.7142857142857142,0.04427083333333333,0.21295885499997994,3.0476190476190474
3,17,53,6,1.7142857142857142,0.13020833333333331,0.21295885499997994,3.0476190476190474
4,18,60,1,1.75,0.033854166666666664,0.39999999999999997,3.2
5,18,62,0,1.75,0.013020833333333332,0.39999999999999997,3.2
6,18,58,4,1.65,0.07552083333333333,0.39999999999999997,3.2
7,17,58,3,1.7142857142857142,0.06770833333333333,0.21295885499997994,3.0476190476190474
8,18,53,4,1.7,0.11197916666666666,0.39999999999999997,3.2
9,18,60,0,1.75,0.028645833333333332,0.39999999999999997,3.2
10,17,59,3,1.7142857142857142,0.05989583333333333,0.21295885499997994,3.0476190476190474
11,17,56,2,1.7142857142857142,0.0703125,0.21295885499997994,3.0476190476190474
12,17,61,0,1.7142857142857142,0.020833333333333332,0.21295885499997994,3.0476190476190474
13,17,59,1,1.7142857142857142,0.04427083333333333,0.21295885499997994,3.0476190476190474
14,18,59,1,1.75,0.04427083333333333,0.39999999999999997,3.2
15,19,58,1,1.7894736842105263,0.049479166666666664,0.48237638894272,3.3684210526315788
16,18,59,3,1.75,0.05989583333333333,0.39999999999999997,3.2
17,17,53,4,1.6666666666666667,0.10416666666666666,0.21295885499997994,3.0476190476190474
18,17,60,3,1.7142857142857142,0.0546875,0.21295885499997994,3.0476190476190474
19,18,58,0,1.75,0.036458333333333336,0.39999999999999997,3.2
20,18,59,1,1.75,0.04427083333333333,0.39999999999999997,3.2
21,18,61,1,1.75,0.026041666666666664,0.39999999999999997,3.2
22,17,56,6,1.7142857142857142,0.109375,0.21295885499997994,3.0476190476190474
23,19,59,2,1.7894736842105263,0.049479166666666664,0.4823763889427201,3.3684210526315788
24,19,58,2,1.7894736842105263,0.0546875,0.4823763889427201,3.3684210526315788
25,17,57,2,1.7142857142857142,0.0625,0.21295885499997994,3.0476190476190474
26,19,58,2,1.7894736842105263,0.05729166666666667,0.4823763889427201,3.3684210526315788
27,17,61,1,1.7142857142857142,0.028645833333333332,0.21295885499997994,3.0476190476190474
28,17,57,2,1.7142857142857142,0.06770833333333333,0.21295885499997994,3.0476190476190474
29,17,57,5,1.7142857142857142,0.08854166666666666,0.21295885499997994,3.0476190476190474
30,18,60,0,1.75,0.026041666666666664,0.39999999999999997,3.2
31,17,57,3,1.6666666666666667,0.07552083333333333,0.21295885499997994,3.0476190476190474
32,17,59,4,1.7142857142857142,0.06770833333333333,0.21295885499997994,3.0476190476190474
33,19,59,1,1.7894736842105263,0.04427083333333333,0.4823763889427201,3.3684210526315788
34,18,58,2,1.75,0.0546875,0.39999999999999997,3.2
35,18,60,1,1.75,0.0390625,0.39999999999999997,3.2
36,18,55,3,1.7,0.08072916666666666,0.39999999999999997,3.2
37,17,61,2,1.7142857142857142,0.0390625,0.21295885499997994,3.0476190476190474
38,17,57,2,1.7142857142857142,0.0625,0.21295885499997994,3.0476190476190474
39,18,58,0,1.75,0.0390625,0.39999999999999997,3.2
40,17,62,1,1.7142857142857142,0.0234375,0.21295885499997996,3.0476190476190474
41,18,60,2,1.75,0.046875,0.39999999999999997,3.2
42,17,62,0,1.6666666666666667,0.010416666666666666,0.21295885499997994,3.0476190476190474
43,18,57,3,1.75,0.07291666666666666,0.39999999999999997,3.2
44,18,59,2,1.75,0.049479166666666664,0.39999999999999997,3.2
45,18,61,3,1.75,0.046875,0.39999999999999997,3.2
46,19,61,1,1.7894736842105263,0.03125,0.4823763889427201,3.3684210526315788
47,17,57,1,1.7142857142857142,0.05729166666666666,0.21295885499997994,3.0476190476190474
48,17,59,2,1.7142857142857142,0.05208333333333333,0.21295885499997994,3.0476190476190474
49,18,57,4,1.75,0.078125,0.39999999999999997,3.2
50,17,57,3,1.7142857142857142,0.07291666666666667,0.21295885499997994,3.0476190476190474
51,18,59,1,1.75,0.0390625,0.39999999999999997,3.2
52,18,61,3,1.75,0.046875,0.39999999999999997,3.2
53,19,57,2,1.7894736842105263,0.06249999999999999,0.4823763889427201,3.3684210526315788
54,17,55,6,1.6666666666666667,0.109375,0.21295885499997994,3.0476190476190474
55,19,57,0,1.7894736842105263,0.04427083333333333,0.4823763889427201,3.3684210526315788
56,18,59,2,1.75,0.0546875,0.39999999999999997,3.2
57,18,60,2,1.75,0.04427083333333333,0.39999999999999997,3.2
58,18,56,2,1.75,0.07552083333333333,0.39999999999999997,3.2
59,19,60,2,1.7894736842105263,0.04427083333333333,0.4823763889427201,3.3684210526315788
60,17,52,4,1.7142857142857142,0.11458333333333331,0.21295885499997994,3.0476190476190474
61,19,61,0,1.7894736842105263,0.018229166666666664,0.4823763889427201,3.3684210526315788
62,18,56,1,1.75,0.057291666666666664,0.39999999999999997,3.2
63,17,58,2,1.7142857142857142,0.0546875,0.21295885499997994,3.0476190476190474
64,18,56,2,1.75,0.0625,0.39999999999999997,3.2
65,18,57,1,1.75,0.05989583333333333,0.39999999999999997,3.2
66,17,57,2,1.7142857142857142,0.06770833333333333,0.21295885499997994,3.0476190476190474
67,18,62,1,1.75,0.0234375,0.39999999999999997,3.2
68,19,58,0,1.7894736842105263,0.03645833333333333,0.48237638894272,3.3684210526315788
69,18,62,0,1.75,0.013020833333333332,0.39999999999999997,3.2
70,18,57,2,1.75,0.05989583333333333,0.39999999999999997,3.2
71,17,56,2,1.6666666666666667,0.06613756613756613,0.3086066999241838,3.0
72,17,56,2,1.6666666666666667,0.06613756613756613,0.3086066999241838,3.0
73,17,59,1,1.7142857142857142,0.0390625,0.21295885499997994,3.0476190476190474
74,18,60,0,1.75,0.026041666666666664,0.39999999999999997,3.2
75,17,59,3,1.7142857142857142,0.05989583333333333,0.21295885499997994,3.0476190476190474
76,17,60,2,1.7142857142857142,0.04427083333333333,0.21295885499997994,3.0476190476190474
77,19,58,3,1.7894736842105263,0.06770833333333333,0.48237638894272,3.3684210526315788
78,18,58,2,1.75,0.0546875,0.39999999999999997,3.2
79,17,58,2,1.7142857142857142,0.0546875,0.21295885499997994,3.0476190476190474
80,17,60,3,1.7142857142857142,0.05208333333333333,0.21295885499997994,3.0476190476190474
81,18,57,3,1.75,0.07291666666666666,0.39999999999999997,3.2
82,18,60,1,1.7,0.0390625,0.39999999999999997,3.2
83,18,59,1,1.75,0.0390625,0.39999999999999997,3.2
84,19,59,2,1.736842105263158,0.05208333333333333,0.4823763889427201,3.3684210526315788
85,18,58,4,1.75,0.07552083333333333,0.39999999999999997,3.2
86,19,54,6,1.7894736842105263,0.11979166666666666,0.48237638894272,3.3684210526315788
87,18,59,2,1.7,0.0546875,0.39999999999999997,3.2
88,19,59,2,1.7894736842105263,0.05208333333333333,0.4823763889427201,3.3684210526315788
89,17,55,5,1.6666666666666667,0.10317460317460317,0.3086066999241838,3.0
90,18,61,2,1.75,0.0390625,0.39999999999999997,3.2
91,18,61,0,1.7,0.018229166666666664,0.39999999999999997,3.2
92,18,58,3,1.75,0.06249999999999999,0.39999999999999997,3.2
93,17,57,3,1.7142857142857142,0.07291666666666666,0.21295885499997994,3.0476190476190474
94,18,54,4,1.75,0.1015625,0.39999999999999997,3.2
95,18,58,1,1.75,0.049479166666666664,0.39999999999999997,3.2
96,18,56,1,1.7,0.05989583333333333,0.39999999999999997,3.2
97,17,57,2,1.7142857142857142,0.06510416666666666,0.21295885499997994,3.0476190476190474
98,18,60,1,1.75,0.033854166666666664,0.39999999999999997,3.2
99,18,57,5,1.75,0.08854166666666666,0.39999999999999997,3.2
100,17,56,2,1.7142857142857142,0.07552083333333333,0.21295885499997994,3.0476190476190474
101,18,55,3,1.75,0.08072916666666667,0.39999999999999997,3.2
102,19,60,3,1.7894736842105263,0.0546875,0.48237638894272,3.3684210526315788
103,17,54,1,1.7142857142857142,0.0703125,0.21295885499997994,3.0476190476190474
104,17,57,0,1.7142857142857142,0.049479166666666664,0.21295885499997994,3.0476190476190474
105,18,59,1,1.75,0.0390625,0.39999999999999997,3.2
106,18,57,2,1.75,0.05989583333333333,0.39999999999999997,3.2
107,18,54,1,1.75,0.07291666666666666,0.39999999999999997,3.2
108,17,54,4,1.7142857142857142,0.1015625,0.21295885499997994,3.0476190476190474
109,17,59,2,1.7142857142857142,0.049479166666666664,0.21295885499997994,3.0476190476190474
110,18,59,2,1.75,0.049479166666666664,0.39999999999999997,3.2
111,18,54,5,1.75,0.11197916666666667,0.39999999999999997,3.2
112,19,53,3,1.7894736842105263,0.09895833333333333,0.4823763889427201,3.3684210526315788
113,17,60,3,1.7142857142857142,0.052083333333333336,0.21295885499997994,3.0476190476190474
114,17,59,3,1.7142857142857142,0.057291666666666664,0.21295885499997994,3.0476190476190474
115,18,55,5,1.75,0.10677083333333333,0.39999999999999997,3.2
116,18,56,4,1.75,0.0859375,0.39999999999999997,3.2
117,18,52,2,1.75,0.1015625,0.39999999999999997,3.2
118,17,60,2,1.6666666666666667,0.04427083333333333,0.21295885499997994,3.0476190476190474
119,17,59,3,1.6666666666666667,0.05989583333333333,0.21295885499997994,3.0476190476190474
120,17,58,2,1.7142857142857142,0.0546875,0.21295885499997994,3.0476190476190474
121,18,55,4,1.75,0.09635416666666666,0.39999999999999997,3.2
122,18,60,4,1.75,0.0625,0.39999999999999997,3.2
123,17,53,5,1.6666666666666667,0.11458333333333333,0.21295885499997994,3.0476190476190474
124,19,56,3,1.7894736842105263,0.08333333333333333,0.4823763889427201,3.3684210526315788
125,19,60,1,1.7894736842105263,0.031249999999999997,0.4823763889427201,3.3684210526315788
126,19,56,5,1.7894736842105263,0.09635416666666666,0.4823763889427201,3.3684210526315788
127,17,62,2,1.7142857142857142,0.03125,0.21295885499997994,3.0476190476190474
128,17,52,3,1.7142857142857142,0.10677083333333333,0.21295885499997994,3.0476190476190474
129,17,54,3,1.7142857142857142,0.09375,0.21295885499997994,3.0476190476190474
130,18,59,3,1.75,0.05729166666666667,0.39999999999999997,3.2
131,17,58,2,1.7142857142857142,0.05989583333333333,0.21295885499997994,3.0476190476190474
132,18,58,5,1.75,0.0859375,0.39999999999999997,3.2
133,18,56,1,1.75,0.057291666666666664,0.39999999999999997,3.2
134,17,53,5,1.6666666666666667,0.11458333333333331,0.21295885499997994,3.0476190476190474
135,18,56,6,1.75,0.10677083333333333,0.39999999999999997,3.2
136,18,56,3,1.75,0.078125,0.39999999999999997,3.2
137,18,56,4,1.75,0.09375,0.39999999999999997,3.2
138,19,56,2,1.7894736842105263,0.0703125,0.4823763889427201,3.3684210526315788
139,17,60,1,1.7142857142857142,0.0390625,0.21295885499997994,3.0476190476190474
140,19,54,4,1.7894736842105263,0.10677083333333333,0.4823763889427201,3.3684210526315788
141,19,56,3,1.7894736842105263,0.08333333333333333,0.48237638894272,3.3684210526315788
142,19,51,5,1.7894736842105263,0.1328125,0.48237638894272,3.3684210526315788
143,18,54,6,1.75,0.12239583333333334,0.39999999999999997,3.2
144,18,54,5,1.7,0.10582010582010581,0.47696960070847283,3.15
145,18,56,3,1.75,0.0859375,0.39999999999999997,3.2
146,19,54,3,1.7894736842105263,0.08854166666666666,0.4823763889427201,3.3684210526315788
147,18,59,2,1.75,0.05208333333333333,0.39999999999999997,3.2
148,18,55,4,1.75,0.09895833333333333,0.39999999999999997,3.2
149,17,52,5,1.7142857142857142,0.12760416666666666,0.21295885499997994,3.0476190476190474
150,18,53,7,1.65,0.13227513227513227,0.47696960070847283,3.15
151,18,56,1,1.75,0.06510416666666666,0.39999999999999997,3.2
152,18,58,2,1.75,0.05989583333333333,0.39999999999999997,3.2
153,17,58,4,1.6666666666666667,0.07552083333333333,0.21295885499997994,3.0476190476190474
154,18,52,6,1.75,0.1328125,0.39999999999999997,3.2
155,19,48,5,1.7894736842105263,0.15364583333333331,0.4823763889427201,3.3684210526315788
156,19,55,3,1.7894736842105263,0.08333333333333333,0.4823763889427201,3.3684210526315788
157,17,55,5,1.7142857142857142,0.10677083333333333,0.21295885499997994,3.0476190476190474
158,18,55,7,1.75,0.12239583333333333,0.39999999999999997,3.2
159,18,52,6,1.7,0.1328125,0.39999999999999997,3.2
160,17,50,9,1.7142857142857142,0.17447916666666669,0.21295885499997994,3.0476190476190474
161,19,50,5,1.7894736842105263,0.140625,0.4823763889427201,3.3684210526315788
162,18,52,6,1.75,0.13020833333333331,0.39999999999999997,3.2
163,18,54,4,1.75,0.1015625,0.39999999999999997,3.2
164,17,58,3,1.7142857142857142,0.06770833333333333,0.21295885499997994,3.0476190476190474
165,17,52,5,1.7142857142857142,0.12239583333333333,0.21295885499997994,3.0476190476190474
166,18,61,1,1.75,0.028645833333333332,0.39999999999999997,3.2
167,17,56,5,1.6666666666666667,0.09895833333333333,0.21295885499997994,3.0476190476190474
168,18,49,10,1.75,0.19010416666666669,0.39999999999999997,3.2
169,17,52,2,1.6666666666666667,0.09788359788359788,0.3086066999241838,3.0
170,17,58,3,1.6666666666666667,0.06770833333333333,0.21295885499997994,3.0476190476190474
171,19,48,8,1.7894736842105263,0.17447916666666666,0.4823763889427201,3.3684210526315788
172,18,52,3,1.75,0.10677083333333331,0.39999999999999997,3.2
173,17,53,7,1.7142857142857142,0.13541666666666666,0.21295885499997994,3.0476190476190474
174,18,54,4,1.75,0.10156249999999999,0.39999999999999997,3.2
175,17,51,6,1.7142857142857142,0.1484375,0.21295885499997994,3.0476190476190474
176,18,54,5,1.75,0.10677083333333333,0.39999999999999997,3.2
177,17,51,7,1.7142857142857142,0.15104166666666669,0.21295885499997994,3.0476190476190474
178,18,54,7,1.7,0.13020833333333331,0.39999999999999997,3.2
179,17,49,7,1.7142857142857142,0.16666666666666666,0.21295885499997994,3.0476190476190474
180,18,47,8,1.75,0.1796875,0.39999999999999997,3.2
181,17,51,8,1.6666666666666667,0.15625,0.21295885499997994,3.0476190476190474
182,19,50,7,1.7894736842105263,0.16145833333333331,0.4823763889427201,3.3684210526315788
183,17,49,9,1.7142857142857142,0.18229166666666666,0.21295885499997994,3.0476190476190474
184,17,51,6,1.7142857142857142,0.1484375,0.21295885499997994,3.0476190476190474
185,18,49,8,1.75,0.17447916666666666,0.39999999999999997,3.2
186,18,52,8,1.75,0.15625,0.39999999999999997,3.2
187,18,48,9,1.75,0.1875,0.39999999999999997,3.2
188,19,49,5,1.7894736842105263,0.1484375,0.4823763889427201,3.3684210526315788
189,18,54,3,1.75,0.09114583333333333,0.39999999999999997,3.2
190,18,50,10,1.75,0.1875,0.39999999999999997,3.2
191,18,44,11,1.7,0.23177083333333331,0.39999999999999997,3.2
192,17,41,13,1.6666666666666667,0.26822916666666663,0.21295885499997994,3.0476190476190474
193,17,49,6,1.7142857142857142,0.15885416666666669,0.21295885499997994,3.0476190476190474
194,17,54,5,1.7142857142857142,0.11458333333333333,0.21295885499997994,3.0476190476190474
195,19,51,4,1.7894736842105263,0.12239583333333333,0.4823763889427201,3.3684210526315788
196,19,49,10,1.7894736842105263,0.19270833333333331,0.4823763889427201,3.3684210526315788
197,17,47,7,1.7142857142857142,0.17447916666666666,0.21295885499997994,3.0476190476190474
198,17,54,7,1.6666666666666667,0.13020833333333331,0.21295885499997994,3.0476190476190474
199,19,49,8,1.736842105263158,0.17447916666666669,0.4823763889427201,3.3684210526315788
200,18,45,11,1.7,0.22395833333333334,0.39999999999999997,3.2
201,17,51,8,1.6666666666666667,0.16145833333333331,0.21295885499997994,3.0476190476190474
202,17,44,9,1.7142857142857142,0.21354166666666666,0.21295885499997994,3.0476190476190474
203,19,52,7,1.736842105263158,0.14583333333333334,0.4823763889427201,3.3684210526315788
204,18,51,6,1.7,0.140625,0.39999999999999997,3.2
205,19,53,5,1.7894736842105263,0.11979166666666666,0.4823763889427201,3.3684210526315788
206,18,50,9,1.7,0.17708333333333331,0.39999999999999997,3.2
207,17,50,9,1.6666666666666667,0.1796875,0.21295885499997994,3.0476190476190474
208,18,53,5,1.7,0.12239583333333333,0.39999999999999997,3.2
209,18,47,9,1.7,0.1953125,0.39999999999999997,3.2
210,19,47,11,1.7894736842105263,0.21614583333333331,0.4823763889427201,3.3684210526315788
211,18,45,13,1.75,0.24739583333333331,0.39999999999999997,3.2
212,19,50,9,1.736842105263158,0.17708333333333331,0.4823763889427201,3.3684210526315788
213,17,51,8,1.6666666666666667,0.15885416666666666,0.21295885499997994,3.0476190476190474
214,18,47,9,1.75,0.19791666666666666,0.39999999999999997,3.2
215,19,45,11,1.7894736842105263,0.22395833333333331,0.48237638894272,3.3684210526315788
216,18,41,14,1.7,0.27864583333333337,0.39999999999999997,3.2
217,17,47,11,1.6666666666666667,0.21354166666666669,0.21295885499997994,3.0476190476190474
218,20,47,9,1.8333333333333333,0.19270833333333331,0.49690399499995325,3.5555555555555554
219,17,51,11,1.7142857142857142,0.18489583333333331,0.21295885499997994,3.0476190476190474
220,18,46,11,1.7,0.22135416666666669,0.39999999999999997,3.2
221,18,49,9,1.7,0.1875,0.39999999999999997,3.2
222,19,51,8,1.7894736842105263,0.16145833333333331,0.4823763889427201,3.3684210526315788
223,18,43,10,1.75,0.23177083333333331,0.39999999999999997,3.2
224,19,44,9,1.736842105263158,0.22135416666666666,0.4823763889427201,3.3684210526315788
225,17,51,8,1.7142857142857142,0.16145833333333334,0.21295885499997994,3.0476190476190474
226,18,51,10,1.65,0.1746031746031746,0.47696960070847283,3.15
227,17,45,12,1.6666666666666667,0.23697916666666666,0.21295885499997994,3.0476190476190474
228,18,44,7,1.7,0.20572916666666669,0.39999999999999997,3.2
229,17,47,9,1.619047619047619,0.1984126984126984,0.3086066999241838,3.0
230,18,47,7,1.75,0.1875,0.39999999999999997,3.2
231,18,48,9,1.75,0.19270833333333334,0.39999999999999997,3.2
232,18,43,10,1.7,0.23177083333333331,0.39999999999999997,3.2
233,19,46,12,1.736842105263158,0.22916666666666669,0.4823763889427201,3.3684210526315788
234,17,44,11,1.7142857142857142,0.23697916666666663,0.21295885499997994,3.0476190476190474
235,17,46,10,1.6666666666666667,0.21354166666666666,0.21295885499997994,3.0476190476190474
236,18,51,8,1.75,0.1640625,0.39999999999999997,3.2
237,19,45,8,1.7894736842105263,0.203125,0.4823763889427201,3.3684210526315788
238,18,42,15,1.7,0.28125,0.39999999999999997,3.2
239,18,48,9,1.75,0.19010416666666666,0.39999999999999997,3.2
240,18,42,14,1.7,0.2734375,0.39999999999999997,3.2
241,18,46,8,1.7,0.18783068783068782,0.47696960070847283,3.15
242,18,48,10,1.75,0.20052083333333334,0.39999999999999997,3.2
243,20,50,9,1.7777777777777777,0.17447916666666669,0.49690399499995325,3.5555555555555554
244,18,45,9,1.7,0.2109375,0.39999999999999997,3.2
245,19,48,12,1.7894736842105263,0.21614583333333331,0.4823763889427201,3.3684210526315788
246,19,45,12,1.736842105263158,0.23958333333333331,0.4823763889427201,3.3684210526315788
247,19,46,10,1.736842105263158,0.21354166666666666,0.4823763889427201,3.3684210526315788
248,18,47,11,1.7,0.21614583333333334,0.39999999999999997,3.2
249,18,40,14,1.7,0.2890625,0.39999999999999997,3.2
250,18,46,11,1.75,0.22395833333333331,0.39999999999999997,3.2
251,19,45,11,1.7894736842105263,0.23177083333333331,0.4823763889427201,3.3684210526315788
252,19,44,14,1.736842105263158,0.2630208333333333,0.4823763889427201,3.3684210526315788
253,18,43,14,1.65,0.26190476190476186,0.47696960070847283,3.15
254,18,44,14,1.7,0.2578125,0.39999999999999997,3.2
255,18,46,12,1.75,0.22916666666666666,0.39999999999999997,3.2
256,18,46,11,1.7,0.21614583333333331,0.39999999999999997,3.2
257,18,46,14,1.7,0.24479166666666666,0.39999999999999997,3.2
258,18,45,11,1.7,0.22656249999999997,0.39999999999999997,3.2
259,19,41,13,1.736842105263158,0.27604166666666663,0.4823763889427201,3.3684210526315788
260,17,40,15,1.6666666666666667,0.296875,0.21295885499997994,3.0476190476190474
261,19,42,13,1.736842105263158,0.26822916666666663,0.4823763889427201,3.3684210526315788
262,18,40,14,1.7,0.29166666666666663,0.39999999999999997,3.2
263,18,42,13,1.7,0.27083333333333337,0.39999999999999997,3.2
264,19,45,10,1.736842105263158,0.22395833333333331,0.4823763889427201,3.3684210526315788
265,18,43,15,1.7,0.2734375,0.39999999999999997,3.2
266,18,48,11,1.75,0.20833333333333331,0.39999999999999997,3.2
267,18,41,13,1.7,0.27083333333333337,0.39999999999999997,3.2
268,19,45,13,1.736842105263158,0.24479166666666666,0.4823763889427201,3.3684210526315788
269,19,44,15,1.736842105263158,0.2682291666666667,0.4823763889427201,3.3684210526315788
270,19,46,10,1.736842105263158,0.21354166666666666,0.4823763889427201,3.3684210526315788
271,19,45,11,1.736842105263158,0.22916666666666666,0.4823763889427201,3.3684210526315788
272,18,47,13,1.7,0.234375,0.39999999999999997,3.2
273,19,42,13,1.736842105263158,0.26822916666666663,0.4823763889427201,3.3684210526315788
274,17,43,13,1.6666666666666667,0.2604166666666667,0.21295885499997994,3.0476190476190474
275,19,46,13,1.736842105263158,0.2421875,0.4823763889427201,3.3684210526315788
276,19,44,13,1.736842105263158,0.2578125,0.4823763889427201,3.3684210526315788
277,18,47,10,1.7,0.2109375,0.39999999999999997,3.2
278,19,42,13,1.736842105263158,0.265625,0.4823763889427201,3.3684210526315788
279,18,43,17,1.7,0.296875,0.39999999999999997,3.2
280,20,44,16,1.7777777777777777,0.28125,0.49690399499995325,3.5555555555555554
281,19,41,14,1.736842105263158,0.2864583333333333,0.48237638894272,3.3684210526315788
282,19,47,14,1.736842105263158,0.2421875,0.4823763889427201,3.3684210526315788
283,20,42,13,1.8333333333333333,0.26822916666666663,0.49690399499995325,3.5555555555555554
284,18,41,13,1.65,0.26719576719576715,0.47696960070847283,3.15
285,18,43,14,1.7,0.2682291666666667,0.39999999999999997,3.2
286,18,42,12,1.7,0.2578125,0.39999999999999997,3.2
287,18,42,14,1.75,0.2734375,0.39999999999999997,3.2
288,19,46,11,1.736842105263158,0.22135416666666669,0.4823763889427201,3.3684210526315788
289,18,44,11,1.7,0.23958333333333331,0.39999999999999997,3.2
290,18,46,12,1.75,0.2265625,0.39999999999999997,3.2
291,17,45,12,1.619047619047619,0.2328042328042328,0.3086066999241838,3.0
292,18,46,14,1.7,0.25,0.39999999999999997,3.2
293,18,44,16,1.7,0.28125,0.39999999999999997,3.2
294,19,42,15,1.736842105263158,0.28645833333333337,0.4823763889427201,3.3684210526315788
295,18,43,16,1.7,0.2838541666666667,0.39999999999999997,3.2
296,20,42,13,1.7777777777777777,0.2682291666666667,0.49690399499995325,3.5555555555555554
297,18,43,14,1.7,0.27083333333333337,0.39999999999999997,3.2
298,19,40,14,1.6842105263157894,0.29365079365079366,0.5668594533825794,3.3157894736842106
299,18,44,13,1.7,0.25,0.39999999999999997,3.2
300,18,43,14,1.75,0.27083333333333337,0.39999999999999997,3.2
301,18,44,13,1.7,0.2526041666666667,0.39999999999999997,3.2
302,19,42,17,1.736842105263158,0.3046875,0.4823763889427201,3.3684210526315788
303,18,41,14,1.65,0.2804232804232804,0.47696960070847283,3.15
304,19,46,12,1.736842105263158,0.234375,0.4823763889427201,3.3684210526315788
305,18,37,17,1.65,0.335978835978836,0.47696960070847283,3.15
306,19,44,16,1.736842105263158,0.27604166666666663,0.4823763889427201,3.3684210526315788
307,18,46,13,1.7,0.23958333333333331,0.39999999999999997,3.2
308,17,44,15,1.6666666666666667,0.2708333333333333,0.21295885499997994,3.0476190476190474
309,17,43,15,1.6666666666666667,0.2734375,0.21295885499997994,3.0476190476190474
310,18,44,16,1.7,0.28125,0.39999999999999997,3.2
311,19,40,18,1.736842105263158,0.32291666666666663,0.4823763889427201,3.3684210526315788
312,19,48,13,1.736842105263158,0.2265625,0.4823763889427201,3.3684210526315788
313,18,40,16,1.7,0.3046875,0.39999999999999997,3.2
314,18,41,16,1.7,0.3020833333333333,0.39999999999999997,3.2
315,19,44,15,1.736842105263158,0.2708333333333333,0.4823763889427201,3.3684210526315788
316,19,44,15,1.736842105263158,0.2708333333333333,0.4823763889427201,3.3684210526315788
317,18,40,17,1.7,0.3177083333333333,0.39999999999999997,3.2
318,19,41,15,1.736842105263158,0.2890625,0.4823763889427201,3.3684210526315788
319,19,43,12,1.736842105263158,0.25260416666666663,0.4823763889427201,3.3684210526315788
320,17,36,20,1.6666666666666667,0.375,0.21295885499997994,3.0476190476190474
321,18,41,18,1.7,0.3177083333333333,0.39999999999999997,3.2
322,20,45,15,1.7777777777777777,0.2630208333333333,0.49690399499995325,3.5555555555555554
323,19,43,17,1.736842105263158,0.2942708333333333,0.4823763889427201,3.3684210526315788
324,19,37,18,1.736842105263158,0.34635416666666663,0.4823763889427201,3.3684210526315788
325,19,43,15,1.736842105263158,0.2734375,0.4823763889427201,3.3684210526315788
326,17,41,16,1.6666666666666667,0.2994791666666667,0.21295885499997994,3.0476190476190474
327,19,43,17,1.736842105263158,0.296875,0.4823763889427201,3.3684210526315788
328,19,40,15,1.736842105263158,0.29166666666666663,0.4823763889427201,3.3684210526315788
329,18,49,13,1.7,0.21875,0.39999999999999997,3.2
330,18,44,14,1.7,0.26041666666666663,0.39999999999999997,3.2
331,18,43,14,1.7,0.26822916666666663,0.39999999999999997,3.2
332,18,41,19,1.7,0.328125,0.39999999999999997,3.2
333,18,43,15,1.7,0.2734375,0.39999999999999997,3.2
334,19,38,16,1.736842105263158,0.3203125,0.48237638894272,3.3684210526315788
335,18,38,17,1.7,0.3307291666666667,0.39999999999999997,3.2
336,18,42,16,1.7,0.2890625,0.39999999999999997,3.2
337,19,36,22,1.736842105263158,0.38541666666666663,0.4823763889427201,3.3684210526315788
338,18,43,15,1.7,0.27604166666666663,0.39999999999999997,3.2
339,18,43,15,1.7,0.28125,0.39999999999999997,3.2
340,19,40,17,1.736842105263158,0.31510416666666663,0.4823763889427201,3.3684210526315788
341,19,39,18,1.736842105263158,0.33333333333333337,0.48237638894272,3.3684210526315788
342,20,40,19,1.7777777777777777,0.33072916666666663,0.49690399499995325,3.5555555555555554
343,17,39,18,1.6666666666666667,0.3359375,0.21295885499997994,3.0476190476190474
344,18,42,16,1.7,0.2916666666666667,0.39999999999999997,3.2
345,18,43,14,1.75,0.265625,0.39999999999999997,3.2
346,19,43,18,1.736842105263158,0.3046875,0.4823763889427201,3.3684210526315788
347,18,43,14,1.7,0.2734375,0.39999999999999997,3.2
348,19,41,17,1.736842105263158,0.30989583333333337,0.4823763889427201,3.3684210526315788
349,18,37,18,1.7,0.34375,0.39999999999999997,3.2
350,20,41,16,1.7777777777777777,0.29947916666666663,0.49690399499995325,3.5555555555555554
351,18,42,17,1.7,0.2994791666666667,0.39999999999999997,3.2
352,19,42,17,1.736842105263158,0.3046875,0.48237638894272,3.3684210526315788
353,18,43,15,1.7,0.28125,0.39999999999999997,3.2
354,19,37,18,1.6842105263157894,0.3465608465608466,0.5668594533825794,3.3157894736842106
355,19,36,21,1.736842105263158,0.37760416666666663,0.48237638894272,3.3684210526315788
356,18,41,18,1.7,0.31770833333333337,0.39999999999999997,3.2
357,17,36,18,1.6666666666666667,0.3515625,0.21295885499997994,3.0476190476190474
358,18,42,18,1.7,0.3072916666666667,0.39999999999999997,3.2
359,19,41,17,1.736842105263158,0.30989583333333337,0.4823763889427201,3.3684210526315788
360,18,39,18,1.7,0.33072916666666663,0.39999999999999997,3.2
361,18,41,17,1.7,0.30729166666666663,0.39999999999999997,3.2
362,18,39,16,1.7,0.31770833333333337,0.39999999999999997,3.2
363,19,35,17,1.736842105263158,0.34895833333333337,0.48237638894272,3.3684210526315788
364,19,41,15,1.736842105263158,0.29166666666666663,0.4823763889427201,3.3684210526315788
365,18,37,19,1.65,0.3492063492063492,0.47696960070847283,3.15
366,19,41,18,1.736842105263158,0.31770833333333337,0.48237638894272,3.3684210526315788
367,18,42,17,1.7,0.3046875,0.39999999999999997,3.2
368,19,38,19,1.736842105263158,0.34635416666666663,0.4823763889427201,3.3684210526315788
369,18,42,17,1.7,0.3046875,0.39999999999999997,3.2
370,18,42,18,1.7,0.30989583333333337,0.39999999999999997,3.2
371,18,39,17,1.7,0.32552083333333337,0.39999999999999997,3.2
372,18,40,19,1.7,0.33333333333333337,0.39999999999999997,3.2
373,19,41,15,1.6842105263157894,0.2830687830687831,0.5668594533825794,3.3157894736842106
374,19,43,16,1.736842105263158,0.28385416666666663,0.4823763889427201,3.3684210526315788
375,19,41,18,1.7894736842105263,0.3203125,0.4823763889427201,3.3684210526315788
376,18,39,16,1.7,0.3125,0.39999999999999997,3.2
377,18,40,18,1.7,0.3255208333333333,0.39999999999999997,3.2
378,19,37,19,1.736842105263158,0.34895833333333337,0.48237638894272,3.3684210526315788
379,19,41,18,1.736842105263158,0.3177083333333333,0.4823763889427201,3.3684210526315788
380,20,36,20,1.7777777777777777,0.3671875,0.49690399499995325,3.5555555555555554
381,18,40,19,1.7,0.3359375,0.39999999999999997,3.2
382,19,41,18,1.736842105263158,0.31770833333333337,0.4823763889427201,3.3684210526315788
383,18,39,17,1.7,0.3229166666666667,0.39999999999999997,3.2
384,19,39,20,1.736842105263158,0.3489583333333333,0.4823763889427201,3.3684210526315788
385,18,41,19,1.7,0.32552083333333337,0.39999999999999997,3.2
386,18,40,17,1.7,0.3151041666666667,0.39999999999999997,3.2
387,18,39,19,1.7,0.33854166666666663,0.39999999999999997,3.2
388,18,38,18,1.7,0.3385416666666667,0.39999999999999997,3.2
389,19,38,19,1.736842105263158,0.3489583333333333,0.4823763889427201,3.3684210526315788
390,18,38,18,1.65,0.3412698412698413,0.47696960070847283,3.15
391,19,42,18,1.736842105263158,0.3125,0.4823763889427201,3.3684210526315788
392,18,36,20,1.7,0.36979166666666663,0.39999999999999997,3.2
393,19,38,19,1.736842105263158,0.34375,0.4823763889427201,3.3684210526315788
394,18,39,20,1.7,0.34895833333333337,0.39999999999999997,3.2
395,19,42,18,1.736842105263158,0.3098958333333333,0.4823763889427201,3.3684210526315788
396,20,36,22,1.7777777777777777,0.3854166666666667,0.49690399499995325,3.5555555555555554
397,19,38,19,1.736842105263158,0.34895833333333337,0.4823763889427201,3.3684210526315788
398,18,37,19,1.7,0.34895833333333337,0.39999999999999997,3.2
399,18,39,17,1.7,0.3203125,0.39999999999999997,3.2
400,18,39,19,1.7,0.34375,0.39999999999999997,3.2
401,19,35,20,1.736842105263158,0.375,0.4823763889427201,3.3684210526315788
402,19,39,19,1.736842105263158,0.34114583333333337,0.4823763889427201,3.3684210526315788
403,18,42,17,1.7,0.30208333333333337,0.39999999999999997,3.2
404,19,36,19,1.6842105263157894,0.36243386243386244,0.5668594533825794,3.3157894736842106
405,18,36,20,1.7,0.36979166666666663,0.39999999999999997,3.2
406,18,40,20,1.7,0.34375,0.39999999999999997,3.2
407,18,39,19,1.7,0.34114583333333337,0.39999999999999997,3.2
408,20,41,18,1.7777777777777777,0.3203125,0.49690399499995325,3.5555555555555554
409,18,39,20,1.7,0.34635416666666663,0.39999999999999997,3.2
410,19,37,21,1.736842105263158,0.3723958333333333,0.4823763889427201,3.3684210526315788
411,18,36,21,1.7,0.3828125,0.39999999999999997,3.2
412,19,39,19,1.736842105263158,0.3411458333333333,0.4823763889427201,3.3684210526315788
413,19,37,20,1.6842105263157894,0.36507936507936506,0.5668594533825794,3.3157894736842106
414,19,40,20,1.736842105263158,0.34375,0.4823763889427201,3.3684210526315788
415,20,37,21,1.7222222222222223,0.37037037037037035,0.6009252125773316,3.5
416,19,35,21,1.736842105263158,0.3828125,0.4823763889427201,3.3684210526315788
417,19,37,21,1.736842105263158,0.37239583333333337,0.4823763889427201,3.3684210526315788
418,18,38,21,1.7,0.3671875,0.39999999999999997,3.2
419,18,38,19,1.7,0.3515625,0.39999999999999997,3.2
420,18,38,18,1.7,0.3411458333333333,0.39999999999999997,3.2
421,18,37,22,1.7,0.38020833333333337,0.39999999999999997,3.2
422,19,38,20,1.736842105263158,0.35677083333333337,0.4823763889427201,3.3684210526315788
423,19,38,22,1.736842105263158,0.375,0.4823763889427201,3.3684210526315788
424,19,38,19,1.736842105263158,0.3463541666666667,0.4823763889427201,3.3684210526315788
425,19,37,21,1.736842105263158,0.37239583333333337,0.4823763889427201,3.3684210526315788
426,19,34,21,1.736842105263158,0.390625,0.4823763889427201,3.3684210526315788
427,18,39,20,1.7,0.3515625,0.39999999999999997,3.2
428,19,41,19,1.736842105263158,0.328125,0.4823763889427201,3.3684210526315788
429,19,40,20,1.736842105263158,0.34375,0.48237638894272,3.3684210526315788
430,19,39,21,1.736842105263158,0.359375,0.48237638894272,3.3684210526315788
431,19,37,21,1.736842105263158,0.3697916666666667,0.4823763889427201,3.3684210526315788
432,18,38,22,1.7,0.375,0.39999999999999997,3.2
433,18,38,21,1.7,0.3671875,0.39999999999999997,3.2
434,19,41,19,1.736842105263158,0.328125,0.4823763889427201,3.3684210526315788
435,18,36,21,1.7,0.38020833333333337,0.39999999999999997,3.2
436,19,41,18,1.736842105263158,0.3203125,0.4823763889427201,3.3684210526315788
437,19,39,18,1.736842105263158,0.33072916666666663,0.4823763889427201,3.3684210526315788
438,18,38,20,1.7,0.35677083333333337,0.39999999999999997,3.2
439,19,39,20,1.736842105263158,0.3515625,0.48237638894272,3.3684210526315788
440,18,39,18,1.7,0.33072916666666663,0.39999999999999997,3.2
441,19,36,21,1.736842105263158,0.38020833333333337,0.4823763889427201,3.3684210526315788
442,19,39,21,1.736842105263158,0.359375,0.4823763889427201,3.3684210526315788
443,18,37,20,1.7,0.36458333333333337,0.39999999999999997,3.2
444,20,39,17,1.7777777777777777,0.32291666666666663,0.49690399499995325,3.5555555555555554
445,18,37,21,1.7,0.3697916666666667,0.39999999999999997,3.2
446,19,36,21,1.736842105263158,0.3776041666666667,0.4823763889427201,3.3684210526315788
447,19,39,22,1.736842105263158,0.3671875,0.48237638894272,3.3684210526315788
448,19,37,22,1.736842105263158,0.38020833333333337,0.4823763889427201,3.3684210526315788
449,19,37,20,1.736842105263158,0.36458333333333337,0.4823763889427201,3.3684210526315788
450,19,38,21,1.736842105263158,0.3671875,0.4823763889427201,3.3684210526315788
451,19,41,19,1.736842105263158,0.32552083333333337,0.4823763889427201,3.3684210526315788
452,19,36,21,1.736842105263158,0.3828125,0.4823763889427201,3.3684210526315788
453,19,41,19,1.736842105263158,0.328125,0.4823763889427201,3.3684210526315788
454,19,37,19,1.736842105263158,0.3541666666666667,0.4823763889427201,3.3684210526315788
455,18,39,21,1.7,0.359375,0.39999999999999997,3.2
456,19,35,21,1.736842105263158,0.3828125,0.4823763889427201,3.3684210526315788
457,18,38,21,1.7,0.3671875,0.39999999999999997,3.2
458,19,37,21,1.736842105263158,0.37239583333333337,0.48237638894272,3.3684210526315788
459,18,43,16,1.7,0.2864583333333333,0.39999999999999997,3.2
460,18,37,21,1.7,0.37239583333333337,0.39999999999999997,3.2
461,19,37,19,1.736842105263158,0.35416666666666663,0.4823763889427201,3.3684210526315788
462,18,38,20,1.7,0.3541666666666667,0.39999999999999997,3.2
463,18,37,22,1.7,0.38020833333333337,0.39999999999999997,3.2
464,20,37,21,1.7777777777777777,0.3723958333333333,0.49690399499995325,3.5555555555555554
465,19,40,19,1.736842105263158,0.33333333333333337,0.4823763889427201,3.3684210526315788
466,18,40,20,1.7,0.34375,0.39999999999999997,3.2
467,19,35,22,1.736842105263158,0.39583333333333337,0.4823763889427201,3.3684210526315788
468,19,39,22,1.736842105263158,0.3671875,0.48237638894272,3.3684210526315788
469,19,39,20,1.736842105263158,0.3463541666666667,0.4823763889427201,3.3684210526315788
470,18,40,21,1.7,0.3515625,0.39999999999999997,3.2
471,19,38,20,1.736842105263158,0.359375,0.48237638894272,3.3684210526315788
472,19,39,21,1.736842105263158,0.359375,0.4823763889427201,3.3684210526315788
473,19,38,20,1.736842105263158,0.35677083333333337,0.4823763889427201,3.3684210526315788
474,18,38,19,1.65,0.3492063492063492,0.47696960070847283,3.15
475,19,36,21,1.736842105263158,0.3828125,0.4823763889427201,3.3684210526315788
476,18,39,21,1.7,0.359375,0.39999999999999997,3.2
477,19,39,19,1.736842105263158,0.3411458333333333,0.4823763889427201,3.3684210526315788
478,19,36,19,1.736842105263158,0.359375,0.4823763889427201,3.3684210526315788
479,18,36,23,1.7,0.3932291666666667,0.39999999999999997,3.2
480,19,37,22,1.736842105263158,0.38020833333333337,0.4823763889427201,3.3684210526315788
481,18,36,22,1.7,0.390625,0.39999999999999997,3.2
482,18,40,21,1.7,0.3515625,0.39999999999999997,3.2
483,18,35,22,1.7,0.39583333333333337,0.39999999999999997,3.2
484,19,36,23,1.736842105263158,0.3958333333333333,0.4823763889427201,3.3684210526315788
485,18,39,20,1.7,0.3515625,0.39999999999999997,3.2
486,18,36,23,1.7,0.3984375,0.39999999999999997,3.2
487,18,35,21,1.7,0.38802083333333337,0.39999999999999997,3.2
488,18,38,22,1.7,0.37239583333333337,0.39999999999999997,3.2
489,19,37,23,1.736842105263158,0.38802083333333337,0.4823763889427201,3.3684210526315788
490,18,34,23,1.7,0.4140625,0.39999999999999997,3.2
491,18,37,23,1.7,0.390625,0.39999999999999997,3.2
492,18,41,20,1.7,0.3359375,0.39999999999999997,3.2
493,19,32,24,1.736842105263158,0.4375,0.48237638894272,3.3684210526315788
494,18,35,23,1.7,0.40364583333333337,0.39999999999999997,3.2
495,19,36,23,1.736842105263158,0.39583333333333337,0.48237638894272,3.3684210526315788
496,18,36,22,1.7,0.38802083333333337,0.39999999999999997,3.2
497,19,35,22,1.736842105263158,0.39583333333333337,0.4823763889427201,3.3684210526315788
498,19,39,20,1.736842105263158,0.3489583333333333,0.4823763889427201,3.3684210526315788
499,18,34,22,1.75,0.40625,0.39999999999999997,3.2
500,18,37,21,1.7,0.37239583333333337,0.39999999999999997,3.2
501,18,32,22,1.7,0.41666666666666663,0.39999999999999997,3.2
502,19,38,21,1.736842105263158,0.3671875,0.4823763889427201,3.3684210526315788
503,19,38,21,1.736842105263158,0.36458333333333337,0.4823763889427201,3.3684210526315788
504,18,36,22,1.7,0.390625,0.39999999999999997,3.2
505,19,37,19,1.736842105263158,0.35416666666666663,0.4823763889427201,3.3684210526315788
506,19,38,23,1.736842105263158,0.3828125,0.4823763889427201,3.3684210526315788
507,18,33,22,1.7,0.40625,0.39999999999999997,3.2
508,18,35,22,1.7,0.39583333333333337,0.39999999999999997,3.2
509,18,38,22,1.7,0.375,0.39999999999999997,3.2
510,19,37,21,1.736842105263158,0.37239583333333337,0.4823763889427201,3.3684210526315788
511,18,36,21,1.7,0.3828125,0.39999999999999997,3.2
512,18,34,22,1.7,0.40364583333333337,0.39999999999999997,3.2
513,18,34,23,1.7,0.40625,0.39999999999999997,3.2
514,18,35,24,1.7,0.4140625,0.39999999999999997,3.2
515,19,35,23,1.736842105263158,0.40625,0.4823763889427201,3.3684210526315788
516,18,41,16,1.7,0.30208333333333337,0.39999999999999997,3.2
517,18,32,24,1.7,0.4375,0.39999999999999997,3.2
518,19,36,23,1.736842105263158,0.3984375,0.4823763889427201,3.3684210526315788
519,19,36,23,1.736842105263158,0.3984375,0.4823763889427201,3.3684210526315788
520,18,37,23,1.7,0.390625,0.39999999999999997,3.2
521,18,35,22,1.7,0.3984375,0.39999999999999997,3.2
522,18,35,22,1.7,0.39583333333333337,0.39999999999999997,3.2
523,18,34,23,1.7,0.4088541666666667,0.39999999999999997,3.2
524,19,32,24,1.736842105263158,0.43489583333333337,0.48237638894272,3.3684210526315788
525,18,34,23,1.7,0.4140625,0.39999999999999997,3.2
526,18,37,23,1.7,0.390625,0.39999999999999997,3.2
527,19,34,23,1.736842105263158,0.4140625,0.4823763889427201,3.3684210526315788
528,18,35,22,1.7,0.3932291666666667,0.39999999999999997,3.2
529,19,35,23,1.6842105263157894,0.40476190476190477,0.5668594533825794,3.3157894736842106
530,19,36,23,1.736842105263158,0.3984375,0.48237638894272,3.3684210526315788
531,18,34,23,1.7,0.4140625,0.39999999999999997,3.2
532,19,31,21,1.736842105263158,0.40625,0.4823763889427201,3.3684210526315788
533,19,34,22,1.736842105263158,0.4010416666666667,0.4823763889427201,3.3684210526315788
534,18,37,22,1.7,0.3828125,0.39999999999999997,3.2
535,19,36,23,1.736842105263158,0.3984375,0.4823763889427201,3.3684210526315788
536,19,36,24,1.736842105263158,0.40625,0.4823763889427201,3.3684210526315788
537,18,35,20,1.7,0.36979166666666663,0.39999999999999997,3.2
538,19,36,22,1.736842105263158,0.390625,0.4823763889427201,3.3684210526315788
539,19,35,22,1.736842105263158,0.39583333333333337,0.4823763889427201,3.3684210526315788
540,18,34,23,1.7,0.40885416666666663,0.39999999999999997,3.2
541,18,32,23,1.7,0.42708333333333337,0.39999999999999997,3.2
542,19,36,22,1.736842105263158,0.3854166666666667,0.4823763889427201,3.3684210526315788
543,19,36,23,1.736842105263158,0.3958333333333333,0.4823763889427201,3.3684210526315788
544,18,37,22,1.7,0.3828125,0.39999999999999997,3.2
545,18,33,22,1.7,0.4140625,0.39999999999999997,3.2
546,18,39,21,1.7,0.359375,0.39999999999999997,3.2
547,18,36,22,1.7,0.390625,0.39999999999999997,3.2
548,18,37,22,1.7,0.3828125,0.39999999999999997,3.2
549,19,35,22,1.736842105263158,0.3984375,0.4823763889427201,3.3684210526315788
550,18,36,22,1.7,0.390625,0.39999999999999997,3.2
551,19,35,22,1.736842105263158,0.3984375,0.4823763889427201,3.3684210526315788
552,20,34,23,1.7777777777777777,0.41145833333333337,0.49690399499995325,3.5555555555555554
553,19,31,22,1.736842105263158,0.41927083333333337,0.4823763889427201,3.3684210526315788
554,18,41,18,1.7,0.31510416666666663,0.39999999999999997,3.2
555,19,36,22,1.736842105263158,0.390625,0.4823763889427201,3.3684210526315788
556,18,35,22,1.7,0.39583333333333337,0.39999999999999997,3.2
557,18,36,24,1.7,0.40625,0.39999999999999997,3.2
558,18,34,23,1.7,0.4140625,0.39999999999999997,3.2
559,19,33,23,1.736842105263158,0.4140625,0.4823763889427201,3.3684210526315788
560,18,34,23,1.7,0.4114583333333333,0.39999999999999997,3.2
561,19,30,25,1.736842105263158,0.45833333333333337,0.4823763889427201,3.3684210526315788
562,18,36,21,1.7,0.38020833333333337,0.39999999999999997,3.2
563,19,35,21,1.736842105263158,0.38802083333333337,0.48237638894272,3.3684210526315788
564,18,35,23,1.7,0.4036458333333333,0.39999999999999997,3.2
565,18,33,23,1.7,0.421875,0.39999999999999997,3.2
566,18,32,24,1.7,0.43489583333333337,0.39999999999999997,3.2
567,19,36,22,1.736842105263158,0.38802083333333337,0.4823763889427201,3.3684210526315788
568,18,32,22,1.7,0.4166666666666667,0.39999999999999997,3.2
569,18,39,21,1.7,0.359375,0.39999999999999997,3.2
570,18,35,23,1.7,0.40625,0.39999999999999997,3.2
571,18,33,23,1.7,0.41927083333333337,0.39999999999999997,3.2
572,18,34,23,1.7,0.41145833333333337,0.39999999999999997,3.2
573,18,33,22,1.7,0.41145833333333337,0.39999999999999997,3.2
574,19,33,23,1.736842105263158,0.41927083333333337,0.4823763889427201,3.3684210526315788
575,18,29,25,1.65,0.46296296296296297,0.47696960070847283,3.15
576,18,36,23,1.7,0.39583333333333337,0.39999999999999997,3.2
577,18,38,22,1.7,0.375,0.39999999999999997,3.2
578,18,35,23,1.7,0.40625,0.39999999999999997,3.2
579,20,33,22,1.7777777777777777,0.4140625,0.49690399499995325,3.5555555555555554
580,18,33,23,1.7,0.41927083333333337,0.39999999999999997,3.2
581,18,34,22,1.7,0.4010416666666667,0.39999999999999997,3.2
582,18,34,22,1.7,0.4010416666666667,0.39999999999999997,3.2
583,18,33,24,1.7,0.4296875,0.39999999999999997,3.2
584,19,35,21,1.736842105263158,0.38802083333333337,0.4823763889427201,3.3684210526315788
585,18,37,22,1.7,0.38020833333333337,0.39999999999999997,3.2
586,19,34,23,1.736842105263158,0.4140625,0.4823763889427201,3.3684210526315788
587,19,34,23,1.736842105263158,0.4140625,0.4823763889427201,3.3684210526315788
588,17,43,15,1.7142857142857142,0.27864583333333337,0.21295885499997994,3.0476190476190474
589,19,34,24,1.736842105263158,0.41927083333333337,0.48237638894272,3.3684210526315788
590,18,33,23,1.7,0.421875,0.39999999999999997,3.2
591,18,37,23,1.7,0.390625,0.39999999999999997,3.2
592,18,34,23,1.7,0.4140625,0.39999999999999997,3.2
593,18,37,22,1.7,0.3828125,0.39999999999999997,3.2
594,19,36,22,1.736842105263158,0.390625,0.4823763889427201,3.3684210526315788
595,19,36,22,1.736842105263158,0.390625,0.4823763889427201,3.3684210526315788
596,18,33,22,1.7,0.40625,0.39999999999999997,3.2
597,18,38,22,1.7,0.37239583333333337,0.39999999999999997,3.2
598,17,44,13,1.6666666666666667,0.25520833333333337,0.21295885499997994,3.0476190476190474
599,18,34,22,1.7,0.40625,0.39999999999999997,3.2
600,18,35,21,1.7,0.3880208333333333,0.39999999999999997,3.2
601,19,33,22,1.736842105263158,0.4140625,0.4823763889427201,3.3684210526315788
602,18,31,24,1.7,0.4375,0.39999999999999997,3.2
603,19,34,21,1.736842105263158,0.39322916666666663,0.4823763889427201,3.3684210526315788
604,18,35,23,1.7,0.40625,0.39999999999999997,3.2
605,18,35,22,1.7,0.3984375,0.39999999999999997,3.2
606,18,37,22,1.7,0.3802083333333333,0.39999999999999997,3.2
607,19,33,24,1.736842105263158,0.4296875,0.4823763889427201,3.3684210526315788
608,18,40,14,1.7,0.2942708333333333,0.39999999999999997,3.2
609,18,33,23,1.7,0.41927083333333337,0.39999999999999997,3.2
610,18,34,24,1.7,0.41927083333333337,0.39999999999999997,3.2
611,18,36,23,1.7,0.3984375,0.39999999999999997,3.2
612,19,35,23,1.736842105263158,0.40625,0.4823763889427201,3.3684210526315788
613,18,42,17,1.7,0.3020833333333333,0.39999999999999997,3.2
614,19,37,22,1.736842105263158,0.38020833333333337,0.48237638894272,3.3684210526315788
615,19,34,24,1.736842105263158,0.41927083333333337,0.4823763889427201,3.3684210526315788
616,18,37,22,1.7,0.38020833333333337,0.39999999999999997,3.2
617,18,36,22,1.7,0.390625,0.39999999999999997,3.2
618,19,31,25,1.736842105263158,0.45052083333333337,0.48237638894272,3.3684210526315788
619,18,30,25,1.7,0.45833333333333337,0.39999999999999997,3.2
620,18,35,23,1.7,0.40625,0.39999999999999997,3.2
621,18,33,23,1.7,0.4140625,0.39999999999999997,3.2
622,18,35,23,1.7,0.40625,0.39999999999999997,3.2
623,18,32,24,1.7,0.4375,0.39999999999999997,3.2
624,18,38,20,1.7,0.359375,0.39999999999999997,3.2
625,18,31,23,1.7,0.4322916666666667,0.39999999999999997,3.2
626,18,38,22,1.7,0.375,0.39999999999999997,3.2
627,18,34,23,1.7,0.4140625,0.39999999999999997,3.2
628,18,31,25,1.7,0.4505208333333333,0.39999999999999997,3.2
629,18,34,23,1.7,0.41145833333333337,0.39999999999999997,3.2
630,18,30,25,1.7,0.453125,0.39999999999999997,3.2
631,18,34,23,1.7,0.4140625,0.39999999999999997,3.2
632,19,37,22,1.736842105263158,0.3828125,0.4823763889427201,3.3684210526315788
633,19,34,23,1.736842105263158,0.4140625,0.4823763889427201,3.3684210526315788
634,19,34,23,1.736842105263158,0.4140625,0.48237638894272,3.3684210526315788
635,18,31,24,1.7,0.4401041666666667,0.39999999999999997,3.2
636,18,33,24,1.7,0.4296875,0.39999999999999997,3.2
637,18,33,23,1.7,0.421875,0.39999999999999997,3.2
638,18,33,23,1.7,0.421875,0.39999999999999997,3.2
639,18,37,22,1.7,0.3828125,0.39999999999999997,3.2
640,18,35,23,1.7,0.40364583333333337,0.39999999999999997,3.2
641,19,34,23,1.7894736842105263,0.41145833333333337,0.4823763889427201,3.3684210526315788
642,18,38,22,1.7,0.375,0.39999999999999997,3.2
643,18,36,22,1.7,0.390625,0.39999999999999997,3.2
644,18,32,24,1.7,0.4375,0.39999999999999997,3.2
645,19,35,23,1.736842105263158,0.4010416666666667,0.4823763889427201,3.3684210526315788
646,18,37,22,1.7,0.3828125,0.39999999999999997,3.2
647,18,32,24,1.7,0.4322916666666667,0.39999999999999997,3.2
648,18,35,22,1.7,0.39583333333333337,0.39999999999999997,3.2
649,18,32,24,1.7,0.4348958333333333,0.39999999999999997,3.2
650,19,35,21,1.736842105263158,0.38802083333333337,0.48237638894272,3.3684210526315788
651,18,37,23,1.7,0.390625,0.39999999999999997,3.2
652,18,34,23,1.7,0.41145833333333337,0.39999999999999997,3.2
653,19,37,23,1.736842105263158,0.390625,0.4823763889427201,3.3684210526315788
654,19,34,25,1.736842105263158,0.42708333333333337,0.4823763889427201,3.3684210526315788
655,18,36,19,1.7,0.36197916666666663,0.39999999999999997,3.2
656,19,34,22,1.736842105263158,0.4010416666666667,0.4823763889427201,3.3684210526315788
657,19,32,22,1.736842105263158,0.4166666666666667,0.4823763889427201,3.3684210526315788
658,19,36,22,1.736842105263158,0.390625,0.48237638894272,3.3684210526315788
659,19,35,22,1.736842105263158,0.3984375,0.48237638894272,3.3684210526315788
660,19,34,22,1.736842105263158,0.40104166666666663,0.48237638894272,3.3684210526315788
661,19,32,23,1.736842105263158,0.42708333333333337,0.4823763889427201,3.3684210526315788
662,18,33,23,1.7,0.41927083333333337,0.39999999999999997,3.2
663,18,37,21,1.7,0.375,0.39999999999999997,3.2
664,18,34,23,1.65,0.4074074074074074,0.47696960070847283,3.15
665,18,34,22,1.7,0.40364583333333337,0.39999999999999997,3.2
666,18,32,24,1.65,0.4365079365079365,0.47696960070847283,3.15
667,18,32,23,1.7,0.42708333333333337,0.39999999999999997,3.2
668,18,35,23,1.7,0.40364583333333337,0.39999999999999997,3.2
669,19,33,23,1.736842105263158,0.41927083333333337,0.4823763889427201,3.3684210526315788
670,19,34,24,1.736842105263158,0.421875,0.4823763889427201,3.3684210526315788
671,19,32,23,1.736842105263158,0.4244791666666667,0.4823763889427201,3.3684210526315788
672,18,35,24,1.7,0.4140625,0.39999999999999997,3.2
673,19,34,23,1.736842105263158,0.41145833333333337,0.48237638894272,3.3684210526315788
674,18,36,22,1.75,0.38802083333333337,0.39999999999999997,3.2
675,19,36,23,1.736842105263158,0.3984375,0.48237638894272,3.3684210526315788
676,19,35,22,1.736842105263158,0.3984375,0.4823763889427201,3.3684210526315788
677,19,33,24,1.736842105263158,0.4296875,0.48237638894272,3.3684210526315788
678,18,34,23,1.7,0.4088541666666667,0.39999999999999997,3.2
679,19,33,23,1.736842105263158,0.41927083333333337,0.4823763889427201,3.3684210526315788
680,19,34,23,1.736842105263158,0.4140625,0.4823763889427201,3.3684210526315788
681,18,34,23,1.65,0.4126984126984127,0.47696960070847283,3.15
682,18,35,23,1.7,0.40625,0.39999999999999997,3.2
683,19,33,23,1.736842105263158,0.4166666666666667,0.4823763889427201,3.3684210526315788
684,19,32,23,1.736842105263158,0.4296875,0.4823763889427201,3.3684210526315788
685,18,35,22,1.7,0.39583333333333337,0.39999999999999997,3.2
686,18,35,22,1.7,0.39583333333333337,0.39999999999999997,3.2
687,18,35,23,1.7,0.40625,0.39999999999999997,3.2
688,18,36,22,1.7,0.390625,0.39999999999999997,3.2
689,18,33,24,1.7,0.42708333333333337,0.39999999999999997,3.2
690,18,34,23,1.7,0.4140625,0.39999999999999997,3.2
691,18,35,23,1.7,0.40625,0.39999999999999997,3.2
692,18,36,20,1.7,0.3671875,0.39999999999999997,3.2
693,18,32,24,1.7,0.4375,0.39999999999999997,3.2
694,19,35,22,1.736842105263158,0.3984375,0.4823763889427201,3.3684210526315788
695,18,39,19,1.7,0.3411458333333333,0.39999999999999997,3.2
696,19,31,26,1.736842105263158,0.4609375,0.48237638894272,3.3684210526315788
697,18,32,23,1.65,0.425925925925926,0.47696960070847283,3.15
698,20,39,15,1.8333333333333333,0.3046875,0.49690399499995325,3.5555555555555554
699,18,34,23,1.7,0.41145833333333337,0.39999999999999997,3.2
700,18,35,22,1.7,0.3984375,0.39999999999999997,3.2
701,19,33,24,1.736842105263158,0.4296875,0.48237638894272,3.3684210526315788
702,18,34,23,1.7,0.4140625,0.39999999999999997,3.2
703,18,37,19,1.75,0.3541666666666667,0.39999999999999997,3.2
704,19,34,23,1.736842105263158,0.4114583333333333,0.4823763889427201,3.3684210526315788
705,18,41,18,1.7,0.3177083333333333,0.39999999999999997,3.2
706,18,30,22,1.7,0.4296875,0.39999999999999997,3.2
707,20,36,22,1.7777777777777777,0.390625,0.49690399499995325,3.5555555555555554
708,17,41,14,1.6666666666666667,0.28645833333333337,0.21295885499997994,3.0476190476190474
709,18,35,21,1.7,0.390625,0.39999999999999997,3.2
710,18,36,19,1.7,0.3619791666666667,0.39999999999999997,3.2
711,18,31,25,1.7,0.4479166666666667,0.39999999999999997,3.2
712,18,33,23,1.7,0.4166666666666667,0.39999999999999997,3.2
713,18,30,23,1.7,0.43489583333333337,0.39999999999999997,3.2
714,18,35,21,1.7,0.38541666666666663,0.39999999999999997,3.2
715,19,33,26,1.736842105263158,0.4427083333333333,0.48237638894272,3.3684210526315788
716,18,35,23,1.7,0.40625,0.39999999999999997,3.2
717,20,36,22,1.7777777777777777,0.38802083333333337,0.49690399499995325,3.5555555555555554
718,18,35,23,1.7,0.40364583333333337,0.39999999999999997,3.2
719,18,30,24,1.7,0.4479166666666667,0.39999999999999997,3.2
720,18,32,23,1.7,0.42708333333333337,0.39999999999999997,3.2
721,18,32,23,1.7,0.4296875,0.39999999999999997,3.2
722,19,32,24,1.6842105263157894,0.4365079365079365,0.5668594533825794,3.3157894736842106
723,18,33,23,1.7,0.41927083333333337,0.39999999999999997,3.2
724,19,35,23,1.736842105263158,0.40625,0.4823763889427201,3.3684210526315788
725,18,33,24,1.7,0.42708333333333337,0.39999999999999997,3.2
726,18,35,21,1.75,0.38802083333333337,0.39999999999999997,3.2
727,19,31,25,1.736842105263158,0.45052083333333337,0.4823763889427201,3.3684210526315788
728,18,33,24,1.7,0.4296875,0.39999999999999997,3.2
729,18,37,20,1.7,0.36458333333333337,0.39999999999999997,3.2
730,18,32,23,1.7,0.4244791666666667,0.39999999999999997,3.2
731,18,32,25,1.7,0.4401041666666667,0.39999999999999997,3.2
732,18,31,25,1.7,0.45052083333333337,0.39999999999999997,3.2
733,18,33,23,1.7,0.4166666666666667,0.39999999999999997,3.2
734,18,35,22,1.7,0.3984375,0.39999999999999997,3.2
735,18,33,24,1.7,0.4296875,0.39999999999999997,3.2
736,18,33,24,1.7,0.4244791666666667,0.39999999999999997,3.2
737,19,34,23,1.736842105263158,0.4140625,0.4823763889427201,3.3684210526315788
738,18,30,24,1.7,0.4479166666666667,0.39999999999999997,3.2
739,18,35,22,1.7,0.39583333333333337,0.39999999999999997,3.2
740,18,31,24,1.7,0.44270833333333337,0.39999999999999997,3.2
741,18,30,23,1.65,0.4365079365079365,0.47696960070847283,3.15
742,19,33,23,1.6842105263157894,0.417989417989418,0.5668594533825794,3.3157894736842106
743,18,30,24,1.7,0.44270833333333337,0.39999999999999997,3.2
744,19,33,24,1.736842105263158,0.42708333333333337,0.4823763889427201,3.3684210526315788
745,18,33,24,1.7,0.4244791666666667,0.39999999999999997,3.2
746,18,32,23,1.7,0.41927083333333337,0.39999999999999997,3.2
747,19,32,23,1.736842105263158,0.421875,0.4823763889427201,3.3684210526315788
748,18,31,24,1.7,0.4401041666666667,0.39999999999999997,3.2
749,18,33,23,1.7,0.41927083333333337,0.39999999999999997,3.2
750,19,43,14,1.736842105263158,0.2734375,0.4823763889427201,3.3684210526315788
751,18,31,25,1.7,0.45052083333333337,0.39999999999999997,3.2
752,18,35,21,1.75,0.38802083333333337,0.39999999999999997,3.2
753,18,30,24,1.65,0.4470899470899471,0.47696960070847283,3.15
754,18,34,23,1.7,0.41145833333333337,0.39999999999999997,3.2
755,18,34,23,1.7,0.41145833333333337,0.39999999999999997,3.2
756,18,33,22,1.7,0.4088541666666667,0.39999999999999997,3.2
757,19,33,23,1.736842105263158,0.41927083333333337,0.4823763889427201,3.3684210526315788
758,18,32,23,1.7,0.42708333333333337,0.39999999999999997,3.2
759,19,32,24,1.736842105263158,0.43489583333333337,0.48237638894272,3.3684210526315788
760,19,30,23,1.736842105263158,0.44010416666666674,0.4823763889427201,3.3684210526315788
761,17,36,22,1.6666666666666667,0.390625,0.21295885499997994,3.0476190476190474
762,19,31,24,1.736842105263158,0.44270833333333337,0.4823763889427201,3.3684210526315788
763,19,34,23,1.6842105263157894,0.4126984126984127,0.5668594533825794,3.3157894736842106
764,18,34,23,1.7,0.4088541666666667,0.39999999999999997,3.2
765,18,35,22,1.7,0.3932291666666667,0.39999999999999997,3.2
766,18,30,23,1.7,0.4375,0.39999999999999997,3.2
767,18,31,25,1.7,0.453125,0.39999999999999997,3.2
768,18,31,23,1.65,0.4312169312169312,0.47696960070847283,3.15
769,18,35,21,1.65,0.3888888888888889,0.47696960070847283,3.15
770,19,32,23,1.736842105263158,0.4244791666666667,0.48237638894272,3.3684210526315788
771,18,32,23,1.65,0.4232804232804233,0.47696960070847283,3.15
772,18,34,22,1.7,0.4010416666666667,0.39999999999999997,3.2
773,18,35,23,1.7,0.40625,0.39999999999999997,3.2
774,19,39,19,1.736842105263158,0.3411458333333333,0.4823763889427201,3.3684210526315788
775,18,35,23,1.7,0.40625,0.39999999999999997,3.2
776,18,32,23,1.7,0.42708333333333337,0.39999999999999997,3.2
777,18,32,25,1.7,0.4453125,0.39999999999999997,3.2
778,18,33,24,1.7,0.4296875,0.39999999999999997,3.2
779,19,35,23,1.736842105263158,0.40364583333333337,0.48237638894272,3.3684210526315788
780,20,36,23,1.7777777777777777,0.3984375,0.49690399499995325,3.5555555555555554
781,18,34,23,1.7,0.4114583333333333,0.39999999999999997,3.2
782,18,32,23,1.7,0.4244791666666667,0.39999999999999997,3.2
783,18,33,21,1.7,0.4010416666666667,0.39999999999999997,3.2
784,18,31,23,1.7,0.4322916666666667,0.39999999999999997,3.2
785,18,31,23,1.7,0.4322916666666667,0.39999999999999997,3.2
786,19,37,22,1.736842105263158,0.3802083333333333,0.4823763889427201,3.3684210526315788
787,18,35,23,1.7,0.40364583333333337,0.39999999999999997,3.2
788,19,33,23,1.736842105263158,0.421875,0.4823763889427201,3.3684210526315788
789,18,30,24,1.7,0.4479166666666667,0.39999999999999997,3.2
790,18,32,24,1.7,0.43489583333333337,0.39999999999999997,3.2
791,18,30,26,1.7,0.46875,0.39999999999999997,3.2
792,18,33,24,1.7,0.4244791666666667,0.39999999999999997,3.2
793,18,34,23,1.7,0.40885416666666663,0.39999999999999997,3.2
794,18,31,26,1.7,0.4557291666666667,0.39999999999999997,3.2
795,18,32,23,1.7,0.42708333333333337,0.39999999999999997,3.2
796,18,32,23,1.7,0.4244791666666667,0.39999999999999997,3.2
797,19,34,23,1.736842105263158,0.4140625,0.48237638894272,3.3684210526315788
798,18,29,26,1.7,0.47395833333333337,0.39999999999999997,3.2
799,19,31,24,1.736842105263158,0.4453125,0.4823763889427201,3.3684210526315788
800,19,36,22,1.736842105263158,0.38802083333333337,0.4823763889427201,3.3684210526315788
801,18,32,23,1.7,0.4244791666666667,0.39999999999999997,3.2
802,19,33,24,1.736842105263158,0.4296875,0.4823763889427201,3.3684210526315788
803,18,33,23,1.7,0.41927083333333337,0.39999999999999997,3.2
804,18,31,24,1.7,0.4375,0.39999999999999997,3.2
805,18,34,23,1.7,0.4088541666666667,0.39999999999999997,3.2
806,20,37,22,1.7777777777777777,0.38020833333333337,0.49690399499995325,3.5555555555555554
807,18,31,23,1.7,0.4296875,0.39999999999999997,3.2
808,18,31,23,1.65,0.4338624338624339,0.47696960070847283,3.15
809,19,38,22,1.736842105263158,0.375,0.48237638894272,3.3684210526315788
810,18,30,25,1.7,0.45572916666666674,0.39999999999999997,3.2
811,18,33,23,1.7,0.41927083333333337,0.39999999999999997,3.2
812,18,33,24,1.7,0.4244791666666667,0.39999999999999997,3.2
813,18,30,25,1.7,0.45833333333333337,0.39999999999999997,3.2
814,19,32,23,1.6842105263157894,0.425925925925926,0.5668594533825794,3.3157894736842106
815,18,31,25,1.7,0.45052083333333337,0.39999999999999997,3.2
816,18,34,23,1.7,0.41145833333333337,0.39999999999999997,3.2
817,18,30,24,1.7,0.4479166666666667,0.39999999999999997,3.2
818,18,33,24,1.7,0.42708333333333337,0.39999999999999997,3.2
819,18,32,24,1.7,0.43489583333333337,0.39999999999999997,3.2
820,18,31,24,1.7,0.44270833333333337,0.39999999999999997,3.2
821,18,30,24,1.7,0.4479166666666667,0.39999999999999997,3.2
822,19,32,23,1.736842105263158,0.4244791666666667,0.4823763889427201,3.3684210526315788
823,18,31,23,1.7,0.4296875,0.39999999999999997,3.2
824,18,35,23,1.7,0.40625,0.39999999999999997,3.2
825,18,29,25,1.7,0.46614583333333337,0.39999999999999997,3.2
826,18,32,24,1.7,0.4322916666666667,0.39999999999999997,3.2
827,18,32,22,1.7,0.4166666666666667,0.39999999999999997,3.2
828,18,33,24,1.7,0.42447916666666663,0.39999999999999997,3.2
829,18,31,24,1.7,0.44270833333333337,0.39999999999999997,3.2
830,19,36,21,1.736842105263158,0.3776041666666667,0.48237638894272,3.3684210526315788
831,18,30,24,1.7,0.4479166666666667,0.39999999999999997,3.2
832,18,30,24,1.7,0.4479166666666667,0.39999999999999997,3.2
833,18,30,24,1.7,0.4479166666666667,0.39999999999999997,3.2
834,18,30,23,1.7,0.4401041666666667,0.39999999999999997,3.2
835,19,35,21,1.736842105263158,0.390625,0.48237638894272,3.3684210526315788
836,19,36,22,1.736842105263158,0.38802083333333337,0.4823763889427201,3.3684210526315788
837,18,32,23,1.7,0.42708333333333337,0.39999999999999997,3.2
838,18,30,23,1.7,0.4401041666666667,0.39999999999999997,3.2
839,19,34,23,1.736842105263158,0.41145833333333337,0.4823763889427201,3.3684210526315788
840,18,33,23,1.7,0.41927083333333337,0.39999999999999997,3.2
841,19,32,24,1.736842105263158,0.4322916666666667,0.4823763889427201,3.3684210526315788
842,18,30,25,1.7,0.45572916666666674,0.39999999999999997,3.2
843,19,32,24,1.736842105263158,0.43489583333333337,0.48237638894272,3.3684210526315788
844,18,33,22,1.7,0.41145833333333337,0.39999999999999997,3.2
845,18,31,23,1.65,0.4312169312169312,0.47696960070847283,3.15
846,18,30,25,1.7,0.45572916666666674,0.39999999999999997,3.2
847,18,31,25,1.7,0.45052083333333337,0.39999999999999997,3.2
848,18,31,24,1.7,0.44270833333333337,0.39999999999999997,3.2
849,19,40,17,1.736842105263158,0.3151041666666667,0.4823763889427201,3.3684210526315788
850,18,33,23,1.7,0.4166666666666667,0.39999999999999997,3.2
851,19,31,23,1.736842105263158,0.4322916666666667,0.48237638894272,3.3684210526315788
852,18,32,23,1.7,0.42708333333333337,0.39999999999999997,3.2
853,18,31,23,1.7,0.4322916666666667,0.39999999999999997,3.2
854,18,35,22,1.7,0.39583333333333337,0.39999999999999997,3.2
855,19,30,23,1.6842105263157894,0.4365079365079365,0.5668594533825794,3.3157894736842106
856,18,31,23,1.7,0.4322916666666667,0.39999999999999997,3.2
857,18,32,24,1.7,0.43489583333333337,0.39999999999999997,3.2
858,18,32,23,1.7,0.4244791666666667,0.39999999999999997,3.2
859,18,36,21,1.7,0.38020833333333337,0.39999999999999997,3.2
860,18,33,23,1.7,0.41927083333333337,0.39999999999999997,3.2
861,18,32,24,1.7,0.43489583333333337,0.39999999999999997,3.2
862,19,31,25,1.736842105263158,0.4479166666666667,0.4823763889427201,3.3684210526315788
863,19,34,23,1.736842105263158,0.4140625,0.48237638894272,3.3684210526315788
864,19,32,23,1.736842105263158,0.4244791666666667,0.48237638894272,3.3684210526315788
865,18,31,25,1.7,0.4479166666666667,0.39999999999999997,3.2
866,18,32,23,1.7,0.4244791666666667,0.39999999999999997,3.2
867,18,30,24,1.7,0.4479166666666667,0.39999999999999997,3.2
868,19,33,25,1.736842105263158,0.43489583333333337,0.4823763889427201,3.3684210526315788
869,18,30,23,1.7,0.4401041666666667,0.39999999999999997,3.2
870,19,37,21,1.7894736842105263,0.37239583333333337,0.4823763889427201,3.3684210526315788
871,19,33,23,1.736842105263158,0.41927083333333337,0.4823763889427201,3.3684210526315788
872,18,32,24,1.7,0.43489583333333337,0.39999999999999997,3.2
873,19,33,23,1.736842105263158,0.41927083333333337,0.48237638894272,3.3684210526315788
874,19,31,25,1.736842105263158,0.45052083333333337,0.4823763889427201,3.3684210526315788
875,17,35,23,1.6666666666666667,0.40364583333333337,0.21295885499997994,3.0476190476190474
876,19,32,23,1.736842105263158,0.4244791666666667,0.4823763889427201,3.3684210526315788
877,18,30,24,1.7,0.4479166666666667,0.39999999999999997,3.2
878,19,32,23,1.736842105263158,0.421875,0.4823763889427201,3.3684210526315788
879,19,30,25,1.736842105263158,0.45833333333333337,0.4823763889427201,3.3684210526315788
880,19,30,25,1.736842105263158,0.4557291666666667,0.48237638894272,3.3684210526315788
881,19,33,22,1.736842105263158,0.4088541666666667,0.4823763889427201,3.3684210526315788
882,18,32,23,1.7,0.4244791666666667,0.39999999999999997,3.2
883,18,31,25,1.7,0.45052083333333337,0.39999999999999997,3.2
884,19,32,24,1.736842105263158,0.43489583333333337,0.4823763889427201,3.3684210526315788
885,18,33,22,1.7,0.4088541666666667,0.39999999999999997,3.2
886,19,29,24,1.6842105263157894,0.45502645502645506,0.5668594533825794,3.3157894736842106
887,19,29,23,1.736842105263158,0.44270833333333337,0.4823763889427201,3.3684210526315788
888,19,31,24,1.736842105263158,0.4401041666666667,0.48237638894272,3.3684210526315788
889,18,32,23,1.7,0.42708333333333337,0.39999999999999997,3.2
890,18,29,23,1.7,0.44531250000000006,0.39999999999999997,3.2
891,18,31,24,1.7,0.44270833333333337,0.39999999999999997,3.2
892,18,32,23,1.7,0.4244791666666667,0.39999999999999997,3.2
893,18,32,25,1.7,0.4453125,0.39999999999999997,3.2
894,18,31,24,1.7,0.4401041666666667,0.39999999999999997,3.2
895,18,30,25,1.7,0.45833333333333337,0.39999999999999997,3.2
896,18,29,26,1.7,0.47395833333333337,0.39999999999999997,3.2
897,18,31,25,1.7,0.45052083333333337,0.39999999999999997,3.2
898,19,31,25,1.736842105263158,0.45052083333333337,0.48237638894272,3.3684210526315788
899,18,28,23,1.65,0.45238095238095244,0.47696960070847283,3.15
900,18,33,24,1.7,0.4244791666666667,0.39999999999999997,3.2
901,18,31,24,1.7,0.44270833333333337,0.39999999999999997,3.2
902,18,36,21,1.7,0.38020833333333337,0.39999999999999997,3.2
903,19,31,23,1.736842105263158,0.4322916666666667,0.4823763889427201,3.3684210526315788
904,18,30,25,1.7,0.45572916666666663,0.39999999999999997,3.2
905,18,29,25,1.7,0.46614583333333337,0.39999999999999997,3.2
906,20,38,20,1.7777777777777777,0.359375,0.49690399499995325,3.5555555555555554
907,18,30,25,1.7,0.45833333333333337,0.39999999999999997,3.2
908,19,38,20,1.736842105263158,0.3515625,0.4823763889427201,3.3684210526315788
909,19,30,24,1.736842105263158,0.44791666666666674,0.4823763889427201,3.3684210526315788
910,18,31,25,1.7,0.4479166666666667,0.39999999999999997,3.2
911,18,30,24,1.7,0.4479166666666667,0.39999999999999997,3.2
912,18,30,24,1.7,0.4479166666666667,0.39999999999999997,3.2
913,18,31,23,1.7,0.4322916666666667,0.39999999999999997,3.2
914,18,31,24,1.7,0.44270833333333337,0.39999999999999997,3.2
915,18,29,25,1.7,0.4635416666666667,0.39999999999999997,3.2
916,18,28,26,1.7,0.4765625,0.39999999999999997,3.2
917,18,32,24,1.7,0.4375,0.39999999999999997,3.2
918,18,37,19,1.7,0.359375,0.39999999999999997,3.2
919,18,33,23,1.7,0.4166666666666667,0.39999999999999997,3.2
920,18,30,25,1.7,0.45833333333333337,0.39999999999999997,3.2
921,18,32,23,1.7,0.42708333333333337,0.39999999999999997,3.2
922,18,29,25,1.7,0.4609375,0.39999999999999997,3.2
923,18,32,23,1.7,0.42708333333333337,0.39999999999999997,3.2
924,19,30,24,1.736842105263158,0.4479166666666667,0.4823763889427201,3.3684210526315788
925,18,30,25,1.7,0.45833333333333337,0.39999999999999997,3.2
926,19,32,24,1.736842105263158,0.43489583333333337,0.48237638894272,3.3684210526315788
927,19,36,22,1.736842105263158,0.38802083333333337,0.4823763889427201,3.3684210526315788
928,19,31,25,1.736842105263158,0.4479166666666667,0.4823763889427201,3.3684210526315788
929,18,30,24,1.7,0.4479166666666667,0.39999999999999997,3.2
930,19,31,24,1.736842105263158,0.4401041666666667,0.48237638894272,3.3684210526315788
931,18,31,24,1.7,0.4401041666666667,0.39999999999999997,3.2
932,19,32,23,1.736842105263158,0.42708333333333337,0.48237638894272,3.3684210526315788
933,18,30,25,1.7,0.45833333333333337,0.39999999999999997,3.2
934,18,34,22,1.7,0.40625,0.39999999999999997,3.2
935,18,32,23,1.7,0.4244791666666667,0.39999999999999997,3.2
936,18,32,25,1.7,0.44270833333333337,0.39999999999999997,3.2
937,18,31,24,1.7,0.44270833333333337,0.39999999999999997,3.2
938,17,39,16,1.6666666666666667,0.3151041666666667,0.21295885499997994,3.0476190476190474
939,18,31,23,1.7,0.4296875,0.39999999999999997,3.2
940,19,33,25,1.736842105263158,0.43489583333333337,0.48237638894272,3.3684210526315788
941,18,30,24,1.7,0.4479166666666667,0.39999999999999997,3.2
942,18,32,25,1.7,0.44270833333333337,0.39999999999999997,3.2
943,19,37,20,1.736842105263158,0.3671875,0.4823763889427201,3.3684210526315788
944,18,29,24,1.7,0.453125,0.39999999999999997,3.2
945,19,34,21,1.736842105263158,0.39583333333333337,0.48237638894272,3.3684210526315788
946,19,31,23,1.736842105263158,0.4322916666666667,0.48237638894272,3.3684210526315788
947,18,31,25,1.7,0.45052083333333337,0.39999999999999997,3.2
948,18,30,24,1.7,0.45052083333333337,0.39999999999999997,3.2
949,18,29,26,1.7,0.47395833333333337,0.39999999999999997,3.2
950,19,31,24,1.736842105263158,0.44270833333333337,0.4823763889427201,3.3684210526315788
951,18,28,25,1.7,0.4713541666666667,0.39999999999999997,3.2
952,18,31,24,1.7,0.4401041666666667,0.39999999999999997,3.2
953,19,29,24,1.6842105263157894,0.45767195767195773,0.5668594533825794,3.3157894736842106
954,18,32,23,1.7,0.4244791666666667,0.39999999999999997,3.2
955,18,28,24,1.65,0.4576719576719577,0.47696960070847283,3.15
956,18,31,24,1.65,0.44179894179894186,0.47696960070847283,3.15
957,19,33,23,1.736842105263158,0.41927083333333337,0.48237638894272,3.3684210526315788
958,19,32,26,1.736842105263158,0.45052083333333337,0.48237638894272,3.3684210526315788
959,18,31,24,1.7,0.44270833333333337,0.39999999999999997,3.2
960,18,29,25,1.7,0.4609375,0.39999999999999997,3.2
961,19,35,23,1.736842105263158,0.40625,0.48237638894272,3.3684210526315788
962,18,30,25,1.7,0.45833333333333337,0.39999999999999997,3.2
963,18,37,24,1.7,0.3984375,0.39999999999999997,3.2
964,19,35,21,1.7894736842105263,0.38802083333333337,0.4823763889427201,3.3684210526315788
965,18,30,25,1.7,0.45833333333333337,0.39999999999999997,3.2
966,18,33,24,1.7,0.4244791666666667,0.39999999999999997,3.2
967,18,30,25,1.7,0.45833333333333337,0.39999999999999997,3.2
968,18,32,23,1.7,0.4244791666666667,0.39999999999999997,3.2
969,18,31,24,1.7,0.4401041666666667,0.39999999999999997,3.2
970,19,32,23,1.736842105263158,0.4244791666666667,0.4823763889427201,3.3684210526315788
971,18,31,25,1.7,0.45052083333333337,0.39999999999999997,3.2
972,18,28,25,1.65,0.4735449735449736,0.47696960070847283,3.15
973,19,29,24,1.6842105263157894,0.45767195767195773,0.5668594533825794,3.3157894736842106
974,18,26,27,1.7,0.5026041666666667,0.39999999999999997,3.2
975,19,33,24,1.736842105263158,0.4244791666666667,0.4823763889427201,3.3684210526315788
976,18,30,25,1.7,0.45833333333333337,0.39999999999999997,3.2
977,18,29,26,1.7,0.47395833333333337,0.39999999999999997,3.2
978,18,39,18,1.7,0.33072916666666663,0.39999999999999997,3.2
979,19,35,19,1.736842105263158,0.37239583333333337,0.4823763889427201,3.3684210526315788
980,18,32,24,1.7,0.43489583333333337,0.39999999999999997,3.2
981,18,30,25,1.7,0.4557291666666667,0.39999999999999997,3.2
982,18,31,25,1.7,0.4479166666666667,0.39999999999999997,3.2
983,19,32,22,1.736842105263158,0.41927083333333337,0.4823763889427201,3.3684210526315788
984,19,36,22,1.736842105263158,0.38541666666666663,0.4823763889427201,3.3684210526315788
985,18,27,26,1.7,0.48697916666666674,0.39999999999999997,3.2
986,18,31,25,1.7,0.453125,0.39999999999999997,3.2
987,18,28,26,1.7,0.48177083333333337,0.39999999999999997,3.2
988,18,35,22,1.75,0.39583333333333337,0.39999999999999997,3.2
989,18,28,25,1.7,0.47395833333333337,0.39999999999999997,3.2
990,19,30,25,1.736842105263158,0.45833333333333337,0.48237638894272,3.3684210526315788
991,19,29,24,1.6842105263157894,0.45502645502645506,0.5668594533825794,3.3157894736842106
992,18,29,26,1.7,0.47395833333333337,0.39999999999999997,3.2
993,18,30,25,1.7,0.45833333333333337,0.39999999999999997,3.2
994,18,30,25,1.7,0.4557291666666667,0.39999999999999997,3.2
995,19,29,25,1.736842105263158,0.4635416666666667,0.4823763889427201,3.3684210526315788
996,18,30,25,1.65,0.45502645502645506,0.47696960070847283,3.15
997,18,30,26,1.7,0.4635416666666667,0.39999999999999997,3.2
998,18,30,24,1.7,0.4479166666666667,0.39999999999999997,3.2
999,18,26,25,1.7,0.484375,0.39999999999999997,3.2
1000,18,30,24,1.65,0.44973544973544977,0.47696960070847283,3.15
1001,18,32,24,1.7,0.4296875,0.39999999999999997,3.2
1002,18,30,25,1.7,0.45833333333333337,0.39999999999999997,3.2
1003,18,30,25,1.7,0.45833333333333337,0.39999999999999997,3.2
1004,18,31,24,1.7,0.44270833333333337,0.39999999999999997,3.2
1005,18,29,26,1.7,0.47395833333333337,0.39999999999999997,3.2
1006,18,31,24,1.7,0.4401041666666667,0.39999999999999997,3.2
1007,18,33,25,1.7,0.43489583333333337,0.39999999999999997,3.2
1008,18,31,25,1.7,0.4479166666666667,0.39999999999999997,3.2
1009,18,32,24,1.7,0.43489583333333337,0.39999999999999997,3.2
1010,18,30,24,1.7,0.4479166666666667,0.39999999999999997,3.2
1011,18,28,27,1.7,0.48958333333333337,0.39999999999999997,3.2
1012,19,30,23,1.6842105263157894,0.4391534391534392,0.5668594533825794,3.3157894736842106
1013,19,29,25,1.736842105263158,0.46614583333333337,0.48237638894272,3.3684210526315788
1014,18,29,25,1.7,0.46614583333333337,0.39999999999999997,3.2
1015,18,31,24,1.7,0.44270833333333337,0.39999999999999997,3.2
1016,18,33,23,1.7,0.4166666666666667,0.39999999999999997,3.2
1017,18,27,26,1.7,0.4869791666666667,0.39999999999999997,3.2
1018,18,31,23,1.7,0.43489583333333337,0.39999999999999997,3.2
1019,18,30,24,1.7,0.4479166666666667,0.39999999999999997,3.2
1020,19,30,24,1.6842105263157894,0.44973544973544977,0.5668594533825794,3.3157894736842106
1021,18,33,24,1.7,0.42708333333333337,0.39999999999999997,3.2
1022,19,36,23,1.736842105263158,0.3958333333333333,0.4823763889427201,3.3684210526315788
1023,18,31,25,1.7,0.45052083333333337,0.39999999999999997,3.2
1024,18,28,27,1.7,0.48958333333333337,0.39999999999999997,3.2
1025,18,29,26,1.7,0.47395833333333337,0.39999999999999997,3.2
1026,19,35,22,1.736842105263158,0.39322916666666663,0.4823763889427201,3.3684210526315788
1027,18,31,25,1.7,0.45052083333333337,0.39999999999999997,3.2
1028,18,33,23,1.7,0.41927083333333337,0.39999999999999997,3.2
1029,18,31,25,1.7,0.45052083333333337,0.39999999999999997,3.2
1030,18,29,26,1.7,0.47395833333333337,0.39999999999999997,3.2
1031,18,28,26,1.7,0.48177083333333337,0.39999999999999997,3.2
1032,18,32,25,1.7,0.44270833333333337,0.39999999999999997,3.2
1033,19,28,25,1.6842105263157894,0.47089947089947093,0.5668594533825794,3.3157894736842106
1034,18,27,25,1.7,0.4765625,0.39999999999999997,3.2
1035,18,31,25,1.7,0.45052083333333337,0.39999999999999997,3.2
1036,18,32,23,1.7,0.4244791666666667,0.39999999999999997,3.2
1037,18,29,26,1.7,0.47395833333333337,0.39999999999999997,3.2
1038,18,29,26,1.7,0.47395833333333337,0.39999999999999997,3.2
1039,18,30,25,1.7,0.45833333333333337,0.39999999999999997,3.2
1040,18,29,26,1.7,0.47395833333333337,0.39999999999999997,3.2
1041,18,29,26,1.7,0.47395833333333337,0.39999999999999997,3.2
1042,18,28,26,1.7,0.48177083333333337,0.39999999999999997,3.2
1043,18,31,26,1.7,0.4557291666666667,0.39999999999999997,3.2
1044,18,29,24,1.65,0.45502645502645506,0.47696960070847283,3.15
1045,18,29,26,1.7,0.4713541666666667,0.39999999999999997,3.2
1046,18,31,24,1.7,0.44270833333333337,0.39999999999999997,3.2
1047,18,29,26,1.7,0.47395833333333337,0.39999999999999997,3.2
1048,18,38,20,1.7,0.359375,0.39999999999999997,3.2
1049,18,31,24,1.7,0.4401041666666667,0.39999999999999997,3.2
1050,18,32,25,1.7,0.4401041666666667,0.39999999999999997,3.2
1051,19,31,25,1.736842105263158,0.45052083333333337,0.48237638894272,3.3684210526315788
1052,18,28,26,1.7,0.48177083333333337,0.39999999999999997,3.2
1053,18,29,26,1.7,0.47395833333333337,0.39999999999999997,3.2
1054,18,31,25,1.7,0.45052083333333337,0.39999999999999997,3.2
1055,18,31,25,1.7,0.45052083333333337,0.39999999999999997,3.2
1056,18,29,25,1.7,0.4635416666666667,0.39999999999999997,3.2
1057,18,30,26,1.7,0.46614583333333337,0.39999999999999997,3.2
1058,18,29,25,1.7,0.4635416666666667,0.39999999999999997,3.2
1059,18,28,25,1.7,0.47395833333333337,0.39999999999999997,3.2
1060,18,30,25,1.7,0.4557291666666667,0.39999999999999997,3.2
1061,18,29,26,1.7,0.4713541666666667,0.39999999999999997,3.2
1062,18,31,24,1.65,0.4391534391534392,0.47696960070847283,3.15
1063,18,28,26,1.7,0.48177083333333337,0.39999999999999997,3.2
1064,18,30,26,1.7,0.46614583333333337,0.39999999999999997,3.2
1065,18,32,24,1.7,0.43489583333333337,0.39999999999999997,3.2
1066,18,30,24,1.65,0.4470899470899471,0.47696960070847283,3.15
1067,18,31,24,1.7,0.4401041666666667,0.39999999999999997,3.2
1068,18,29,24,1.7,0.453125,0.39999999999999997,3.2
1069,18,29,26,1.7,0.47395833333333337,0.39999999999999997,3.2
1070,18,27,27,1.65,0.4947089947089947,0.47696960070847283,3.15
1071,18,29,25,1.7,0.4635416666666667,0.39999999999999997,3.2
1072,18,31,24,1.7,0.44270833333333337,0.39999999999999997,3.2
1073,18,30,26,1.7,0.46614583333333337,0.39999999999999997,3.2
1074,18,29,26,1.7,0.47395833333333337,0.39999999999999997,3.2
1075,18,29,26,1.7,0.47395833333333337,0.39999999999999997,3.2
1076,18,33,22,1.7,0.41145833333333337,0.39999999999999997,3.2
1077,18,28,27,1.7,0.48958333333333337,0.39999999999999997,3.2
1078,18,29,26,1.7,0.47395833333333337,0.39999999999999997,3.2
1079,18,34,23,1.7,0.41145833333333337,0.39999999999999997,3.2
1080,18,29,26,1.7,0.47395833333333337,0.39999999999999997,3.2
1081,18,28,25,1.7,0.4713541666666667,0.39999999999999997,3.2
1082,18,28,26,1.7,0.48177083333333337,0.39999999999999997,3.2
1083,18,28,26,1.7,0.48177083333333337,0.39999999999999997,3.2
1084,18,30,25,1.7,0.45833333333333337,0.39999999999999997,3.2
1085,18,29,26,1.7,0.47395833333333337,0.39999999999999997,3.2
1086,18,28,26,1.7,0.48177083333333337,0.39999999999999997,3.2
1087,18,30,25,1.65,0.45767195767195773,0.47696960070847283,3.15
1088,18,31,24,1.7,0.44270833333333337,0.39999999999999997,3.2
1089,18,29,26,1.7,0.47395833333333337,0.39999999999999997,3.2
1090,18,29,26,1.7,0.47395833333333337,0.39999999999999997,3.2
1091,18,29,26,1.7,0.47395833333333337,0.39999999999999997,3.2
1092,19,31,24,1.736842105263158,0.44270833333333337,0.48237638894272,3.3684210526315788
1093,18,30,26,1.7,0.46614583333333337,0.39999999999999997,3.2
1094,18,30,26,1.7,0.46614583333333337,0.39999999999999997,3.2
1095,18,30,25,1.7,0.45833333333333337,0.39999999999999997,3.2
1096,18,32,24,1.7,0.43489583333333337,0.39999999999999997,3.2
1097,19,29,25,1.736842105263158,0.4635416666666667,0.48237638894272,3.3684210526315788
1098,18,30,25,1.7,0.4557291666666667,0.39999999999999997,3.2
1099,18,35,23,1.7,0.4036458333333333,0.39999999999999997,3.2
1100,19,36,22,1.7894736842105263,0.3854166666666667,0.4823763889427201,3.3684210526315788
1101,18,30,25,1.7,0.45833333333333337,0.39999999999999997,3.2
1102,18,27,26,1.7,0.48958333333333337,0.39999999999999997,3.2
1103,18,28,26,1.7,0.48177083333333337,0.39999999999999997,3.2
1104,18,29,26,1.7,0.47395833333333337,0.39999999999999997,3.2
1105,18,28,27,1.7,0.48958333333333337,0.39999999999999997,3.2
1106,18,29,26,1.7,0.47395833333333337,0.39999999999999997,3.2
1107,17,33,25,1.6666666666666667,0.43489583333333337,0.21295885499997994,3.0476190476190474
1108,18,29,25,1.7,0.46614583333333337,0.39999999999999997,3.2
1109,18,30,25,1.7,0.45833333333333337,0.39999999999999997,3.2
1110,18,28,26,1.7,0.48177083333333337,0.39999999999999997,3.2
1111,18,36,18,1.7,0.3515625,0.39999999999999997,3.2
1112,18,28,26,1.7,0.4791666666666667,0.39999999999999997,3.2
1113,18,30,26,1.7,0.46614583333333337,0.39999999999999997,3.2
1114,18,28,26,1.65,0.4814814814814815,0.47696960070847283,3.15
1115,18,30,26,1.7,0.46614583333333337,0.39999999999999997,3.2
1116,18,30,25,1.7,0.45833333333333337,0.39999999999999997,3.2
1117,18,29,25,1.65,0.46560846560846564,0.47696960070847283,3.15
1118,18,32,24,1.7,0.43489583333333337,0.39999999999999997,3.2
1119,18,29,25,1.7,0.4635416666666667,0.39999999999999997,3.2
1120,18,30,25,1.65,0.45767195767195773,0.47696960070847283,3.15
1121,18,28,25,1.7,0.4713541666666667,0.39999999999999997,3.2
1122,19,30,25,1.736842105263158,0.45833333333333337,0.48237638894272,3.3684210526315788
1123,18,29,26,1.7,0.47395833333333337,0.39999999999999997,3.2
1124,18,45,15,1.75,0.265625,0.39999999999999997,3.2
1125,19,33,23,1.736842105263158,0.41927083333333337,0.48237638894272,3.3684210526315788
1126,19,28,25,1.6842105263157894,0.4735449735449736,0.5668594533825794,3.3157894736842106
1127,18,28,25,1.7,0.47395833333333337,0.39999999999999997,3.2
1128,18,28,26,1.7,0.48177083333333337,0.39999999999999997,3.2
1129,18,29,27,1.7,0.48177083333333337,0.39999999999999997,3.2
1130,18,30,25,1.7,0.45833333333333337,0.39999999999999997,3.2
1131,18,29,25,1.7,0.46614583333333337,0.39999999999999997,3.2
1132,18,28,27,1.7,0.48958333333333337,0.39999999999999997,3.2
1133,18,29,26,1.7,0.47395833333333337,0.39999999999999997,3.2
1134,18,27,26,1.7,0.4869791666666667,0.39999999999999997,3.2
1135,18,29,26,1.7,0.47395833333333337,0.39999999999999997,3.2
1136,18,28,26,1.7,0.48177083333333337,0.39999999999999997,3.2
1137,18,31,24,1.7,0.44270833333333337,0.39999999999999997,3.2
1138,18,31,25,1.7,0.45052083333333337,0.39999999999999997,3.2
1139,18,29,25,1.7,0.46354166666666663,0.39999999999999997,3.2
1140,18,31,25,1.7,0.45052083333333337,0.39999999999999997,3.2
1141,18,29,26,1.7,0.47395833333333337,0.39999999999999997,3.2
1142,18,30,24,1.7,0.44791666666666663,0.39999999999999997,3.2
1143,18,28,27,1.7,0.48958333333333337,0.39999999999999997,3.2
1144,18,30,25,1.7,0.45833333333333337,0.39999999999999997,3.2
1145,18,30,24,1.7,0.45052083333333337,0.39999999999999997,3.2
1146,18,30,24,1.7,0.4479166666666667,0.39999999999999997,3.2
1147,18,28,27,1.7,0.48958333333333337,0.39999999999999997,3.2
1148,18,34,21,1.7,0.39583333333333337,0.39999999999999997,3.2
1149,18,30,25,1.7,0.45833333333333337,0.39999999999999997,3.2
1150,18,29,26,1.7,0.47395833333333337,0.39999999999999997,3.2
1151,18,29,27,1.7,0.48177083333333337,0.39999999999999997,3.2
1152,18,32,23,1.7,0.42447916666666663,0.39999999999999997,3.2
1153,18,29,26,1.7,0.47395833333333337,0.39999999999999997,3.2
1154,18,29,26,1.7,0.47395833333333337,0.39999999999999997,3.2
1155,18,28,27,1.7,0.48958333333333337,0.39999999999999997,3.2
1156,18,27,27,1.7,0.49739583333333337,0.39999999999999997,3.2
1157,18,30,24,1.7,0.45052083333333337,0.39999999999999997,3.2
1158,18,28,26,1.7,0.48177083333333337,0.39999999999999997,3.2
1159,18,28,26,1.7,0.48177083333333337,0.39999999999999997,3.2
1160,18,28,26,1.7,0.48177083333333337,0.39999999999999997,3.2
1161,18,29,26,1.7,0.47395833333333337,0.39999999999999997,3.2
1162,18,29,26,1.7,0.47395833333333337,0.39999999999999997,3.2
1163,18,28,27,1.7,0.48958333333333337,0.39999999999999997,3.2
1164,18,28,26,1.7,0.48177083333333337,0.39999999999999997,3.2
1165,18,29,26,1.7,0.47395833333333337,0.39999999999999997,3.2
1166,18,26,28,1.7,0.5130208333333334,0.39999999999999997,3.2
1167,19,31,24,1.736842105263158,0.4401041666666667,0.48237638894272,3.3684210526315788
1168,18,28,27,1.7,0.48958333333333337,0.39999999999999997,3.2
1169,18,27,26,1.65,0.4894179894179895,0.47696960070847283,3.15
1170,19,32,24,1.736842105263158,0.43489583333333337,0.4823763889427201,3.3684210526315788
1171,19,29,25,1.736842105263158,0.46614583333333337,0.48237638894272,3.3684210526315788
1172,18,27,27,1.7,0.49739583333333337,0.39999999999999997,3.2
1173,18,27,27,1.7,0.49739583333333337,0.39999999999999997,3.2
1174,18,27,28,1.7,0.5052083333333334,0.39999999999999997,3.2
1175,18,28,26,1.7,0.4791666666666667,0.39999999999999997,3.2
1176,19,29,26,1.736842105263158,0.47395833333333337,0.4823763889427201,3.3684210526315788
1177,18,28,27,1.7,0.48958333333333337,0.39999999999999997,3.2
1178,18,28,27,1.7,0.48958333333333337,0.39999999999999997,3.2
1179,19,28,25,1.736842105263158,0.4713541666666667,0.48237638894272,3.3684210526315788
1180,18,28,26,1.65,0.4814814814814815,0.47696960070847283,3.15
1181,18,30,25,1.7,0.45833333333333337,0.39999999999999997,3.2
1182,18,28,27,1.7,0.48958333333333337,0.39999999999999997,3.2
1183,18,38,18,1.7,0.34114583333333337,0.39999999999999997,3.2
1184,18,33,24,1.7,0.42708333333333337,0.39999999999999997,3.2
1185,18,29,25,1.7,0.46614583333333337,0.39999999999999997,3.2
1186,18,28,26,1.7,0.48177083333333337,0.39999999999999997,3.2
1187,18,29,26,1.7,0.47395833333333337,0.39999999999999997,3.2
1188,18,29,25,1.7,0.4635416666666667,0.39999999999999997,3.2
1189,18,30,25,1.7,0.45833333333333337,0.39999999999999997,3.2
1190,18,31,24,1.7,0.4401041666666667,0.39999999999999997,3.2
1191,18,29,26,1.7,0.47395833333333337,0.39999999999999997,3.2
1192,18,30,25,1.7,0.45833333333333337,0.39999999999999997,3.2
1193,18,29,26,1.7,0.47395833333333337,0.39999999999999997,3.2
1194,18,29,26,1.7,0.47395833333333337,0.39999999999999997,3.2
1195,18,27,27,1.7,0.49739583333333337,0.39999999999999997,3.2
1196,18,29,26,1.7,0.47395833333333337,0.39999999999999997,3.2
1197,18,26,27,1.65,0.5026455026455027,0.47696960070847283,3.15
1198,18,30,26,1.7,0.4635416666666667,0.39999999999999997,3.2
1199,18,30,26,1.7,0.46614583333333337,0.39999999999999997,3.2
1200,18,27,27,1.7,0.49739583333333337,0.39999999999999997,3.2
1201,18,29,26,1.7,0.47395833333333337,0.39999999999999997,3.2
1202,18,27,27,1.7,0.49739583333333337,0.39999999999999997,3.2
1203,18,28,23,1.65,0.4523809523809524,0.47696960070847283,3.15
1204,18,30,26,1.7,0.46614583333333337,0.39999999999999997,3.2
1205,18,28,27,1.7,0.48958333333333337,0.39999999999999997,3.2
1206,18,28,27,1.7,0.48958333333333337,0.39999999999999997,3.2
1207,18,28,26,1.7,0.48177083333333337,0.39999999999999997,3.2
1208,18,29,26,1.7,0.47395833333333337,0.39999999999999997,3.2
1209,18,28,27,1.7,0.48958333333333337,0.39999999999999997,3.2
1210,18,29,26,1.7,0.47395833333333337,0.39999999999999997,3.2
1211,18,30,24,1.7,0.44791666666666663,0.39999999999999997,3.2
1212,18,28,27,1.7,0.48958333333333337,0.39999999999999997,3.2
1213,18,27,26,1.65,0.4894179894179895,0.47696960070847283,3.15
1214,18,31,25,1.7,0.45052083333333337,0.39999999999999997,3.2
1215,18,28,26,1.65,0.4814814814814815,0.47696960070847283,3.15
1216,18,29,26,1.7,0.47395833333333337,0.39999999999999997,3.2
1217,18,25,28,1.7,0.5208333333333334,0.39999999999999997,3.2
1218,18,29,26,1.7,0.47395833333333337,0.39999999999999997,3.2
1219,18,30,26,1.7,0.46614583333333337,0.39999999999999997,3.2
1220,18,31,25,1.7,0.45052083333333337,0.39999999999999997,3.2
1221,18,27,27,1.7,0.49739583333333337,0.39999999999999997,3.2
1222,18,28,26,1.7,0.48177083333333337,0.39999999999999997,3.2
1223,18,28,25,1.65,0.4735449735449736,0.47696960070847283,3.15
1224,18,29,26,1.7,0.47395833333333337,0.39999999999999997,3.2
1225,18,30,26,1.7,0.46614583333333337,0.39999999999999997,3.2
1226,18,28,27,1.7,0.48958333333333337,0.39999999999999997,3.2
1227,18,29,26,1.7,0.47395833333333337,0.39999999999999997,3.2
1228,18,27,27,1.7,0.49739583333333337,0.39999999999999997,3.2
1229,18,31,25,1.7,0.45052083333333337,0.39999999999999997,3.2
1230,18,27,27,1.7,0.49739583333333337,0.39999999999999997,3.2
1231,18,28,27,1.7,0.48958333333333337,0.39999999999999997,3.2
1232,18,28,26,1.7,0.48177083333333337,0.39999999999999997,3.2
1233,18,34,21,1.7,0.3984375,0.39999999999999997,3.2
1234,18,28,27,1.7,0.48958333333333337,0.39999999999999997,3.2
1235,18,27,27,1.7,0.49739583333333337,0.39999999999999997,3.2
1236,18,27,28,1.7,0.5052083333333334,0.39999999999999997,3.2
1237,18,28,27,1.7,0.48958333333333337,0.39999999999999997,3.2
1238,18,30,26,1.7,0.46614583333333337,0.39999999999999997,3.2
1239,18,36,24,1.7,0.40625,0.39999999999999997,3.2
1240,18,28,25,1.7,0.47395833333333337,0.39999999999999997,3.2
1241,18,29,27,1.7,0.48177083333333337,0.39999999999999997,3.2
1242,18,26,26,1.7,0.4921875,0.39999999999999997,3.2
1243,19,29,26,1.736842105263158,0.47395833333333337,0.48237638894272,3.3684210526315788
1244,18,29,27,1.7,0.48177083333333337,0.39999999999999997,3.2
1245,19,31,24,1.6842105263157894,0.43915343915343913,0.5668594533825794,3.3157894736842106
1246,18,30,26,1.7,0.46614583333333337,0.39999999999999997,3.2
1247,18,28,27,1.7,0.48958333333333337,0.39999999999999997,3.2
1248,17,35,21,1.6666666666666667,0.38802083333333337,0.21295885499997994,3.0476190476190474
1249,18,30,25,1.7,0.45833333333333337,0.39999999999999997,3.2
1250,18,29,26,1.7,0.47395833333333337,0.39999999999999997,3.2
1251,18,26,27,1.65,0.5052910052910053,0.47696960070847283,3.15
1252,18,39,23,1.7,0.375,0.39999999999999997,3.2
1253,18,28,26,1.7,0.48177083333333337,0.39999999999999997,3.2
1254,18,37,20,1.7,0.3671875,0.39999999999999997,3.2
1255,18,29,26,1.7,0.47395833333333337,0.39999999999999997,3.2
1256,18,28,27,1.7,0.48958333333333337,0.39999999999999997,3.2
1257,19,37,21,1.7894736842105263,0.37239583333333337,0.48237638894272,3.3684210526315788
1258,18,27,27,1.7,0.4947916666666667,0.39999999999999997,3.2
1259,18,28,27,1.7,0.48958333333333337,0.39999999999999997,3.2
1260,18,28,27,1.7,0.48958333333333337,0.39999999999999997,3.2
1261,18,30,25,1.7,0.45833333333333337,0.39999999999999997,3.2
1262,18,30,25,1.7,0.45833333333333337,0.39999999999999997,3.2
1263,18,32,22,1.65,0.417989417989418,0.47696960070847283,3.15
1264,19,34,23,1.736842105263158,0.41145833333333337,0.4823763889427201,3.3684210526315788
1265,18,29,26,1.7,0.47395833333333337,0.39999999999999997,3.2
1266,18,28,27,1.7,0.48958333333333337,0.39999999999999997,3.2
1267,18,28,27,1.7,0.48958333333333337,0.39999999999999997,3.2
1268,18,28,27,1.7,0.48958333333333337,0.39999999999999997,3.2
1269,18,28,26,1.65,0.4814814814814815,0.47696960070847283,3.15
1270,18,28,27,1.7,0.4869791666666667,0.39999999999999997,3.2
1271,18,28,27,1.7,0.48958333333333337,0.39999999999999997,3.2
1272,18,28,27,1.7,0.48958333333333337,0.39999999999999997,3.2
1273,18,28,27,1.7,0.48958333333333337,0.39999999999999997,3.2
1274,18,29,26,1.7,0.47395833333333337,0.39999999999999997,3.2
1275,18,29,27,1.7,0.48177083333333337,0.39999999999999997,3.2
1276,18,34,23,1.75,0.40885416666666663,0.39999999999999997,3.2
1277,18,29,27,1.7,0.48177083333333337,0.39999999999999997,3.2
1278,18,30,26,1.7,0.46614583333333337,0.39999999999999997,3.2
1279,19,36,21,1.7894736842105263,0.3776041666666667,0.4823763889427201,3.3684210526315788
1280,18,31,25,1.7,0.4479166666666667,0.39999999999999997,3.2
1281,18,28,26,1.7,0.48177083333333337,0.39999999999999997,3.2
1282,18,28,27,1.7,0.48958333333333337,0.39999999999999997,3.2
1283,18,28,27,1.7,0.48958333333333337,0.39999999999999997,3.2
1284,19,35,23,1.7894736842105263,0.40364583333333337,0.4823763889427201,3.3684210526315788
1285,18,36,23,1.75,0.3984375,0.39999999999999997,3.2
1286,20,35,22,1.7777777777777777,0.39583333333333337,0.49690399499995325,3.5555555555555554
1287,18,37,20,1.75,0.36458333333333337,0.39999999999999997,3.2
1288,18,36,23,1.7,0.3984375,0.39999999999999997,3.2
1289,18,29,27,1.7,0.48177083333333337,0.39999999999999997,3.2
1290,18,29,26,1.65,0.4735449735449736,0.47696960070847283,3.15
1291,18,28,27,1.7,0.48958333333333337,0.39999999999999997,3.2
1292,18,28,25,1.7,0.47135416666666663,0.39999999999999997,3.2
1293,18,28,26,1.7,0.48177083333333337,0.39999999999999997,3.2
1294,18,27,27,1.7,0.49739583333333337,0.39999999999999997,3.2
1295,18,28,27,1.7,0.48958333333333337,0.39999999999999997,3.2
1296,18,28,27,1.7,0.48958333333333337,0.39999999999999997,3.2
1297,18,28,27,1.7,0.48958333333333337,0.39999999999999997,3.2
1298,18,34,22,1.7,0.4010416666666667,0.39999999999999997,3.2
1299,18,30,26,1.7,0.46614583333333337,0.39999999999999997,3.2
1300,18,29,26,1.7,0.47395833333333337,0.39999999999999997,3.2
1301,18,28,27,1.7,0.48958333333333337,0.39999999999999997,3.2
1302,18,31,25,1.7,0.45052083333333337,0.39999999999999997,3.2
1303,19,33,24,1.736842105263158,0.4296875,0.4823763889427201,3.3684210526315788
1304,18,30,25,1.7,0.45833333333333337,0.39999999999999997,3.2
1305,18,27,26,1.7,0.4869791666666667,0.39999999999999997,3.2
1306,19,32,23,1.736842105263158,0.42708333333333337,0.4823763889427201,3.3684210526315788
1307,18,27,27,1.7,0.4947916666666667,0.39999999999999997,3.2
1308,18,33,22,1.7,0.4088541666666667,0.39999999999999997,3.2
1309,18,28,27,1.7,0.48958333333333337,0.39999999999999997,3.2
1310,18,27,27,1.7,0.49739583333333337,0.39999999999999997,3.2
1311,18,30,24,1.7,0.4453125,0.39999999999999997,3.2
1312,18,27,27,1.7,0.49739583333333337,0.39999999999999997,3.2
1313,19,30,25,1.736842105263158,0.45833333333333337,0.48237638894272,3.3684210526315788
1314,18,28,27,1.7,0.48958333333333337,0.39999999999999997,3.2
1315,18,37,21,1.75,0.37239583333333337,0.39999999999999997,3.2
1316,18,28,26,1.7,0.4791666666666667,0.39999999999999997,3.2
1317,19,36,21,1.7894736842105263,0.38020833333333337,0.4823763889427201,3.3684210526315788
1318,19,36,21,1.7894736842105263,0.38020833333333337,0.4823763889427201,3.3684210526315788
1319,18,27,27,1.7,0.49739583333333337,0.39999999999999997,3.2
1320,18,28,27,1.7,0.48958333333333337,0.39999999999999997,3.2
1321,18,31,26,1.7,0.45833333333333337,0.39999999999999997,3.2
1322,18,26,28,1.7,0.5104166666666667,0.39999999999999997,3.2
1323,18,31,26,1.7,0.4557291666666667,0.39999999999999997,3.2
1324,18,30,25,1.7,0.45833333333333337,0.39999999999999997,3.2
1325,19,30,23,1.7894736842105263,0.4375,0.4823763889427201,3.3684210526315788
1326,18,28,27,1.7,0.48958333333333337,0.39999999999999997,3.2
1327,18,31,27,1.7,0.46614583333333337,0.39999999999999997,3.2
1328,18,27,27,1.7,0.49739583333333337,0.39999999999999997,3.2
1329,18,27,27,1.7,0.49739583333333337,0.39999999999999997,3.2
1330,18,30,27,1.7,0.47395833333333337,0.39999999999999997,3.2
1331,19,37,19,1.736842105263158,0.359375,0.4823763889427201,3.3684210526315788
1332,18,26,28,1.65,0.5132275132275133,0.47696960070847283,3.15
1333,18,29,26,1.7,0.47395833333333337,0.39999999999999997,3.2
1334,18,37,19,1.7,0.3541666666666667,0.39999999999999997,3.2
1335,18,33,20,1.7,0.39322916666666663,0.39999999999999997,3.2
1336,19,35,24,1.736842105263158,0.4114583333333333,0.48237638894272,3.3684210526315788
1337,19,39,18,1.736842105263158,0.33072916666666663,0.4823763889427201,3.3684210526315788
1338,18,28,25,1.7,0.47135416666666663,0.39999999999999997,3.2
1339,18,28,27,1.7,0.48958333333333337,0.39999999999999997,3.2
1340,18,30,24,1.7,0.4479166666666667,0.39999999999999997,3.2
1341,18,28,27,1.7,0.48958333333333337,0.39999999999999997,3.2
1342,18,28,27,1.7,0.48958333333333337,0.39999999999999997,3.2
1343,18,31,24,1.7,0.4401041666666667,0.39999999999999997,3.2
1344,18,37,22,1.75,0.38020833333333337,0.39999999999999997,3.2
1345,18,27,27,1.7,0.49739583333333337,0.39999999999999997,3.2
1346,20,35,21,1.7222222222222223,0.3888888888888889,0.6009252125773316,3.5
1347,18,36,21,1.75,0.38020833333333337,0.39999999999999997,3.2
1348,18,29,27,1.7,0.48177083333333337,0.39999999999999997,3.2
1349,18,28,27,1.7,0.48958333333333337,0.39999999999999997,3.2
1350,18,29,26,1.7,0.47395833333333337,0.39999999999999997,3.2
1351,19,36,20,1.736842105263158,0.375,0.4823763889427201,3.3684210526315788
1352,18,30,26,1.7,0.46614583333333337,0.39999999999999997,3.2
1353,18,37,19,1.7,0.35677083333333337,0.39999999999999997,3.2
1354,19,28,26,1.736842105263158,0.4791666666666667,0.48237638894272,3.3684210526315788
1355,18,29,25,1.7,0.46614583333333337,0.39999999999999997,3.2
1356,18,29,26,1.7,0.47395833333333337,0.39999999999999997,3.2
1357,18,28,27,1.7,0.48958333333333337,0.39999999999999997,3.2
1358,18,28,27,1.7,0.48958333333333337,0.39999999999999997,3.2
1359,19,36,21,1.7894736842105263,0.38020833333333337,0.4823763889427201,3.3684210526315788
1360,18,28,27,1.7,0.48958333333333337,0.39999999999999997,3.2
1361,18,28,27,1.7,0.48958333333333337,0.39999999999999997,3.2
1362,19,35,20,1.736842105263158,0.38020833333333337,0.4823763889427201,3.3684210526315788
1363,18,31,25,1.7,0.45052083333333337,0.39999999999999997,3.2
1364,19,29,26,1.736842105263158,0.47395833333333337,0.48237638894272,3.3684210526315788
1365,18,28,27,1.7,0.48958333333333337,0.39999999999999997,3.2
1366,17,36,24,1.6666666666666667,0.40625,0.21295885499997994,3.0476190476190474
1367,18,29,26,1.7,0.47395833333333337,0.39999999999999997,3.2
1368,18,28,26,1.7,0.47916666666666663,0.39999999999999997,3.2
1369,18,28,27,1.7,0.48958333333333337,0.39999999999999997,3.2
1370,18,30,26,1.7,0.46614583333333337,0.39999999999999997,3.2
1371,18,27,27,1.7,0.4947916666666667,0.39999999999999997,3.2
1372,18,26,28,1.7,0.5104166666666667,0.39999999999999997,3.2
1373,18,35,22,1.7,0.3958333333333333,0.39999999999999997,3.2
1374,18,28,27,1.7,0.48958333333333337,0.39999999999999997,3.2
1375,18,28,27,1.7,0.48958333333333337,0.39999999999999997,3.2
1376,18,34,23,1.7,0.41145833333333337,0.39999999999999997,3.2
1377,18,28,26,1.7,0.48177083333333337,0.39999999999999997,3.2
1378,18,26,27,1.7,0.5026041666666667,0.39999999999999997,3.2
1379,18,28,27,1.7,0.48958333333333337,0.39999999999999997,3.2
1380,18,28,27,1.7,0.48958333333333337,0.39999999999999997,3.2
1381,18,28,26,1.7,0.48177083333333337,0.39999999999999997,3.2
1382,18,28,27,1.7,0.48958333333333337,0.39999999999999997,3.2
1383,18,30,22,1.65,0.42328042328042326,0.47696960070847283,3.15
1384,18,35,22,1.7,0.3984375,0.39999999999999997,3.2
1385,18,30,25,1.7,0.45833333333333337,0.39999999999999997,3.2
1386,18,28,27,1.7,0.48958333333333337,0.39999999999999997,3.2
1387,18,27,27,1.65,0.4973544973544974,0.47696960070847283,3.15
1388,18,29,26,1.7,0.4713541666666667,0.39999999999999997,3.2
1389,18,28,27,1.7,0.48958333333333337,0.39999999999999997,3.2
1390,18,28,26,1.7,0.48177083333333337,0.39999999999999997,3.2
1391,19,29,26,1.736842105263158,0.47395833333333337,0.48237638894272,3.3684210526315788
1392,18,28,26,1.7,0.4791666666666667,0.39999999999999997,3.2
1393,18,32,23,1.7,0.42708333333333337,0.39999999999999997,3.2
1394,18,28,26,1.7,0.48177083333333337,0.39999999999999997,3.2
1395,18,29,26,1.7,0.47395833333333337,0.39999999999999997,3.2
1396,18,37,20,1.7,0.36197916666666663,0.39999999999999997,3.2
1397,18,28,26,1.7,0.48177083333333337,0.39999999999999997,3.2
1398,18,29,26,1.7,0.47395833333333337,0.39999999999999997,3.2
1399,18,27,26,1.7,0.4869791666666667,0.39999999999999997,3.2
1400,18,28,27,1.7,0.48958333333333337,0.39999999999999997,3.2
1401,18,28,27,1.7,0.48958333333333337,0.39999999999999997,3.2
1402,18,27,27,1.7,0.49739583333333337,0.39999999999999997,3.2
1403,18,27,27,1.7,0.49739583333333337,0.39999999999999997,3.2
1404,18,27,26,1.7,0.48958333333333337,0.39999999999999997,3.2
1405,18,31,25,1.75,0.45052083333333337,0.39999999999999997,3.2
1406,18,27,27,1.7,0.4947916666666667,0.39999999999999997,3.2
1407,18,36,21,1.75,0.3776041666666667,0.39999999999999997,3.2
1408,18,34,23,1.75,0.41145833333333337,0.39999999999999997,3.2
1409,18,27,27,1.7,0.49739583333333337,0.39999999999999997,3.2
1410,19,36,22,1.736842105263158,0.38802083333333337,0.4823763889427201,3.3684210526315788
1411,19,37,21,1.7894736842105263,0.3723958333333333,0.4823763889427201,3.3684210526315788
1412,19,36,21,1.7894736842105263,0.38020833333333337,0.4823763889427201,3.3684210526315788
1413,18,34,22,1.7,0.40364583333333337,0.39999999999999997,3.2
1414,19,36,22,1.736842105263158,0.390625,0.4823763889427201,3.3684210526315788
1415,18,28,26,1.7,0.4791666666666667,0.39999999999999997,3.2
1416,18,28,27,1.7,0.48958333333333337,0.39999999999999997,3.2
1417,18,28,27,1.7,0.48958333333333337,0.39999999999999997,3.2
1418,18,28,27,1.7,0.48958333333333337,0.39999999999999997,3.2
1419,18,33,23,1.7,0.4192708333333333,0.39999999999999997,3.2
1420,18,28,27,1.7,0.48958333333333337,0.39999999999999997,3.2
1421,18,29,26,1.7,0.4713541666666667,0.39999999999999997,3.2
1422,18,30,26,1.7,0.46614583333333337,0.39999999999999997,3.2
1423,18,27,27,1.7,0.4947916666666667,0.39999999999999997,3.2
1424,18,27,27,1.7,0.49739583333333337,0.39999999999999997,3.2
1425,18,29,27,1.7,0.48177083333333337,0.39999999999999997,3.2
1426,18,25,28,1.65,0.5211640211640212,0.47696960070847283,3.15
1427,18,27,27,1.7,0.49479166666666674,0.39999999999999997,3.2
1428,19,34,22,1.736842105263158,0.40625,0.4823763889427201,3.3684210526315788
1429,17,36,19,1.6666666666666667,0.3619791666666667,0.21295885499997994,3.0476190476190474
1430,18,35,20,1.7,0.375,0.39999999999999997,3.2
1431,18,34,22,1.7,0.4036458333333333,0.39999999999999997,3.2
1432,18,29,27,1.7,0.48177083333333337,0.39999999999999997,3.2
1433,18,29,25,1.7,0.46614583333333337,0.39999999999999997,3.2
1434,17,33,24,1.6666666666666667,0.42447916666666663,0.21295885499997994,3.0476190476190474
1435,18,30,25,1.7,0.4557291666666667,0.39999999999999997,3.2
1436,18,32,25,1.7,0.44270833333333337,0.39999999999999997,3.2
1437,18,24,28,1.65,0.5264550264550265,0.47696960070847283,3.15
1438,18,36,22,1.7,0.390625,0.39999999999999997,3.2
1439,19,35,25,1.736842105263158,0.421875,0.4823763889427201,3.3684210526315788
1440,18,29,26,1.7,0.47395833333333337,0.39999999999999997,3.2
1441,18,30,25,1.7,0.45833333333333337,0.39999999999999997,3.2
1442,18,34,23,1.7,0.41145833333333337,0.39999999999999997,3.2
1443,18,31,25,1.7,0.45052083333333337,0.39999999999999997,3.2
1444,18,35,20,1.7,0.3828125,0.39999999999999997,3.2
1445,18,29,27,1.7,0.48177083333333337,0.39999999999999997,3.2
1446,18,35,22,1.7,0.3984375,0.39999999999999997,3.2
1447,18,37,21,1.7,0.3723958333333333,0.39999999999999997,3.2
1448,18,34,21,1.7,0.39583333333333337,0.39999999999999997,3.2
1449,18,39,20,1.7,0.3515625,0.39999999999999997,3.2
1450,18,35,23,1.7,0.4036458333333333,0.39999999999999997,3.2
1451,18,30,25,1.7,0.45833333333333337,0.39999999999999997,3.2
1452,18,27,27,1.7,0.49739583333333337,0.39999999999999997,3.2
1453,18,27,26,1.7,0.48958333333333337,0.39999999999999997,3.2
1454,18,30,26,1.7,0.46614583333333337,0.39999999999999997,3.2
1455,19,29,26,1.736842105263158,0.47395833333333337,0.48237638894272,3.3684210526315788
1456,19,35,22,1.736842105263158,0.3984375,0.4823763889427201,3.3684210526315788
1457,18,28,25,1.7,0.4713541666666667,0.39999999999999997,3.2
1458,19,37,18,1.6842105263157894,0.3412698412698412,0.5668594533825794,3.3157894736842106
1459,19,33,22,1.7894736842105263,0.4088541666666667,0.4823763889427201,3.3684210526315788
1460,18,25,28,1.7,0.5208333333333334,0.39999999999999997,3.2
1461,17,39,19,1.6666666666666667,0.34375,0.21295885499997994,3.0476190476190474
1462,18,34,21,1.7,0.3984375,0.39999999999999997,3.2
1463,17,34,19,1.6666666666666667,0.37760416666666663,0.21295885499997994,3.0476190476190474
1464,18,28,27,1.7,0.48958333333333337,0.39999999999999997,3.2
1465,18,33,24,1.7,0.42708333333333337,0.39999999999999997,3.2
1466,18,29,26,1.65,0.47089947089947093,0.47696960070847283,3.15
1467,18,27,27,1.7,0.4947916666666667,0.39999999999999997,3.2
1468,18,28,26,1.7,0.48177083333333337,0.39999999999999997,3.2
1469,18,30,25,1.7,0.45833333333333337,0.39999999999999997,3.2
1470,18,28,26,1.7,0.48177083333333337,0.39999999999999997,3.2
1471,18,38,20,1.7,0.3567708333333333,0.39999999999999997,3.2
1472,18,28,27,1.7,0.4869791666666667,0.39999999999999997,3.2
1473,18,30,25,1.7,0.45833333333333337,0.39999999999999997,3.2
1474,19,36,21,1.736842105263158,0.37760416666666663,0.4823763889427201,3.3684210526315788
1475,18,30,25,1.7,0.45833333333333337,0.39999999999999997,3.2
1476,18,26,26,1.65,0.4973544973544974,0.47696960070847283,3.15
1477,18,31,25,1.7,0.45052083333333337,0.39999999999999997,3.2
1478,20,33,23,1.7777777777777777,0.4140625,0.49690399499995325,3.5555555555555554
1479,18,30,26,1.7,0.46614583333333337,0.39999999999999997,3.2
1480,18,29,26,1.7,0.47395833333333337,0.39999999999999997,3.2
1481,18,29,25,1.7,0.4635416666666667,0.39999999999999997,3.2
1482,18,32,25,1.7,0.44270833333333337,0.39999999999999997,3.2
1483,18,29,26,1.7,0.47395833333333337,0.39999999999999997,3.2
1484,18,29,26,1.7,0.47395833333333337,0.39999999999999997,3.2
1485,18,30,25,1.7,0.45833333333333337,0.39999999999999997,3.2
1486,18,31,25,1.7,0.45052083333333337,0.39999999999999997,3.2
1487,18,28,27,1.7,0.48958333333333337,0.39999999999999997,3.2
1488,18,27,27,1.7,0.4947916666666667,0.39999999999999997,3.2
1489,18,29,26,1.7,0.47395833333333337,0.39999999999999997,3.2
1490,18,29,26,1.7,0.47395833333333337,0.39999999999999997,3.2
1491,18,29,26,1.7,0.47395833333333337,0.39999999999999997,3.2
1492,18,30,25,1.7,0.45833333333333337,0.39999999999999997,3.2
1493,18,29,26,1.7,0.47395833333333337,0.39999999999999997,3.2
1494,18,28,27,1.7,0.48958333333333337,0.39999999999999997,3.2
1495,18,27,27,1.7,0.4947916666666667,0.39999999999999997,3.2
1496,18,27,26,1.65,0.4867724867724868,0.47696960070847283,3.15
1497,18,23,28,1.65,0.5343915343915344,0.47696960070847283,3.15
1498,19,35,22,1.7894736842105263,0.3932291666666667,0.48237638894272,3.3684210526315788
1499,18,31,24,1.7,0.44270833333333337,0.39999999999999997,3.2
1500,18,35,24,1.7,0.41145833333333337,0.39999999999999997,3.2
1501,18,29,26,1.7,0.47395833333333337,0.39999999999999997,3.2
1502,18,28,27,1.7,0.48958333333333337,0.39999999999999997,3.2
1503,18,37,20,1.7,0.3671875,0.39999999999999997,3.2
1504,18,28,26,1.7,0.48177083333333337,0.39999999999999997,3.2
1505,18,30,24,1.7,0.4453125,0.39999999999999997,3.2
1506,18,29,26,1.7,0.47395833333333337,0.39999999999999997,3.2
1507,18,28,27,1.7,0.48958333333333337,0.39999999999999997,3.2
1508,18,32,22,1.7,0.4192708333333333,0.39999999999999997,3.2
1509,18,31,25,1.7,0.45052083333333337,0.39999999999999997,3.2
1510,18,31,26,1.7,0.45833333333333337,0.39999999999999997,3.2
1511,19,34,22,1.736842105263158,0.4010416666666667,0.4823763889427201,3.3684210526315788
1512,18,27,27,1.65,0.4973544973544974,0.47696960070847283,3.15
1513,18,30,26,1.7,0.46614583333333337,0.39999999999999997,3.2
1514,18,30,26,1.7,0.46614583333333337,0.39999999999999997,3.2
1515,18,27,27,1.7,0.4947916666666667,0.39999999999999997,3.2
1516,18,30,27,1.7,0.47395833333333337,0.39999999999999997,3.2
1517,18,33,25,1.7,0.43489583333333337,0.39999999999999997,3.2
1518,18,29,27,1.7,0.48177083333333337,0.39999999999999997,3.2
1519,19,37,20,1.736842105263158,0.3671875,0.4823763889427201,3.3684210526315788
1520,18,29,25,1.7,0.46614583333333337,0.39999999999999997,3.2
1521,18,30,25,1.7,0.45572916666666663,0.39999999999999997,3.2
1522,18,38,20,1.65,0.35714285714285715,0.47696960070847283,3.15
1523,18,28,27,1.7,0.48958333333333337,0.39999999999999997,3.2
1524,18,37,21,1.7,0.3703703703703704,0.47696960070847283,3.15
1525,18,30,26,1.7,0.46614583333333337,0.39999999999999997,3.2
1526,18,29,25,1.7,0.46354166666666663,0.39999999999999997,3.2
1527,18,29,26,1.7,0.47395833333333337,0.39999999999999997,3.2
1528,18,30,25,1.7,0.45833333333333337,0.39999999999999997,3.2
1529,18,28,26,1.65,0.4814814814814815,0.47696960070847283,3.15
1530,18,28,26,1.7,0.4791666666666667,0.39999999999999997,3.2
1531,18,31,25,1.7,0.45052083333333337,0.39999999999999997,3.2
1532,18,28,25,1.65,0.4735449735449736,0.47696960070847283,3.15
1533,18,23,28,1.65,0.5343915343915344,0.47696960070847283,3.15
1534,18,31,25,1.7,0.45052083333333337,0.39999999999999997,3.2
1535,18,28,26,1.7,0.48177083333333337,0.39999999999999997,3.2
1536,18,30,26,1.7,0.46614583333333337,0.39999999999999997,3.2
1537,19,29,26,1.736842105263158,0.47395833333333337,0.48237638894272,3.3684210526315788
1538,18,30,26,1.7,0.46614583333333337,0.39999999999999997,3.2
1539,18,29,26,1.7,0.47395833333333337,0.39999999999999997,3.2
1540,18,29,26,1.7,0.47395833333333337,0.39999999999999997,3.2
1541,18,30,24,1.7,0.45052083333333337,0.39999999999999997,3.2
1542,18,29,26,1.7,0.47395833333333337,0.39999999999999997,3.2
1543,18,30,26,1.7,0.46614583333333337,0.39999999999999997,3.2
1544,20,36,22,1.7777777777777777,0.38541666666666663,0.49690399499995325,3.5555555555555554
1545,18,34,24,1.7,0.41927083333333337,0.39999999999999997,3.2
1546,19,33,23,1.736842105263158,0.4166666666666667,0.4823763889427201,3.3684210526315788
1547,18,29,26,1.7,0.47395833333333337,0.39999999999999997,3.2
1548,18,30,26,1.7,0.46614583333333337,0.39999999999999997,3.2
1549,18,30,25,1.7,0.45833333333333337,0.39999999999999997,3.2
1550,18,28,26,1.7,0.48177083333333337,0.39999999999999997,3.2
1551,18,31,25,1.7,0.45052083333333337,0.39999999999999997,3.2
1552,18,29,26,1.7,0.47395833333333337,0.39999999999999997,3.2
1553,18,29,26,1.7,0.47395833333333337,0.39999999999999997,3.2
1554,18,29,26,1.7,0.47395833333333337,0.39999999999999997,3.2
1555,18,31,25,1.7,0.45052083333333337,0.39999999999999997,3.2
1556,18,28,25,1.65,0.4735449735449736,0.47696960070847283,3.15
1557,18,31,25,1.7,0.45052083333333337,0.39999999999999997,3.2
1558,18,30,25,1.7,0.4557291666666667,0.39999999999999997,3.2
1559,19,29,25,1.736842105263158,0.4635416666666667,0.4823763889427201,3.3684210526315788
1560,18,29,26,1.7,0.47395833333333337,0.39999999999999997,3.2
1561,18,35,22,1.75,0.39583333333333337,0.39999999999999997,3.2
1562,18,32,24,1.7,0.4375,0.39999999999999997,3.2
1563,18,33,22,1.75,0.40885416666666663,0.39999999999999997,3.2
1564,18,28,26,1.7,0.48177083333333337,0.39999999999999997,3.2
1565,18,26,27,1.65,0.5052910052910053,0.47696960070847283,3.15
1566,19,33,23,1.6842105263157894,0.417989417989418,0.5668594533825794,3.3157894736842106
1567,18,29,26,1.7,0.47395833333333337,0.39999999999999997,3.2
1568,18,35,23,1.7,0.40364583333333337,0.39999999999999997,3.2
1569,18,29,26,1.7,0.47395833333333337,0.39999999999999997,3.2
1570,18,29,26,1.7,0.47395833333333337,0.39999999999999997,3.2
1571,18,28,26,1.7,0.48177083333333337,0.39999999999999997,3.2
1572,18,29,26,1.7,0.47395833333333337,0.39999999999999997,3.2
1573,18,32,24,1.7,0.43489583333333337,0.39999999999999997,3.2
1574,18,29,26,1.7,0.47395833333333337,0.39999999999999997,3.2
1575,18,36,21,1.7,0.38020833333333337,0.39999999999999997,3.2
1576,18,36,22,1.7,0.38802083333333337,0.39999999999999997,3.2
1577,18,30,25,1.7,0.45833333333333337,0.39999999999999997,3.2
1578,18,28,26,1.7,0.48177083333333337,0.39999999999999997,3.2
1579,18,32,22,1.75,0.4166666666666667,0.39999999999999997,3.2
1580,18,34,23,1.7,0.4140625,0.39999999999999997,3.2
1581,18,30,25,1.7,0.45833333333333337,0.39999999999999997,3.2
1582,18,29,26,1.7,0.47395833333333337,0.39999999999999997,3.2
1583,18,30,25,1.7,0.45833333333333337,0.39999999999999997,3.2
1584,18,29,26,1.7,0.47395833333333337,0.39999999999999997,3.2
1585,18,35,21,1.65,0.3854166666666667,0.39999999999999997,3.2
1586,18,29,26,1.7,0.47395833333333337,0.39999999999999997,3.2
1587,18,28,26,1.7,0.48177083333333337,0.39999999999999997,3.2
1588,18,34,25,1.7,0.42708333333333337,0.39999999999999997,3.2
1589,18,30,25,1.7,0.45833333333333337,0.39999999999999997,3.2
1590,18,29,26,1.7,0.47395833333333337,0.39999999999999997,3.2
1591,19,32,23,1.736842105263158,0.42708333333333337,0.4823763889427201,3.3684210526315788
1592,18,33,22,1.7,0.4140625,0.39999999999999997,3.2
1593,18,31,25,1.7,0.45052083333333337,0.39999999999999997,3.2
1594,18,29,26,1.7,0.47395833333333337,0.39999999999999997,3.2
1595,18,29,26,1.7,0.47395833333333337,0.39999999999999997,3.2
1596,18,29,25,1.7,0.4635416666666667,0.39999999999999997,3.2
1597,18,29,26,1.7,0.47395833333333337,0.39999999999999997,3.2
1598,18,27,27,1.7,0.4947916666666667,0.39999999999999997,3.2
1599,18,26,27,1.7,0.5026041666666667,0.39999999999999997,3.2
1600,18,29,25,1.7,0.46614583333333337,0.39999999999999997,3.2
1601,18,29,26,1.7,0.47395833333333337,0.39999999999999997,3.2
1602,18,29,26,1.7,0.47395833333333337,0.39999999999999997,3.2
1603,19,36,24,1.736842105263158,0.40625,0.48237638894272,3.3684210526315788
1604,18,38,19,1.7,0.34635416666666663,0.39999999999999997,3.2
1605,18,28,26,1.7,0.4791666666666667,0.39999999999999997,3.2
1606,18,35,22,1.7,0.3984375,0.39999999999999997,3.2
1607,19,33,24,1.736842105263158,0.4270833333333333,0.4823763889427201,3.3684210526315788
1608,18,33,23,1.7,0.41927083333333337,0.39999999999999997,3.2
1609,17,32,24,1.6666666666666667,0.4296875,0.21295885499997994,3.0476190476190474
1610,19,36,21,1.736842105263158,0.37239583333333337,0.4823763889427201,3.3684210526315788
1611,18,35,24,1.7,0.4140625,0.39999999999999997,3.2
1612,18,32,24,1.7,0.4375,0.39999999999999997,3.2
1613,19,33,25,1.736842105263158,0.43489583333333337,0.4823763889427201,3.3684210526315788
1614,18,39,19,1.7,0.34375,0.39999999999999997,3.2
1615,18,29,26,1.7,0.47395833333333337,0.39999999999999997,3.2
1616,18,28,26,1.7,0.4791666666666667,0.39999999999999997,3.2
1617,17,38,22,1.7142857142857142,0.375,0.21295885499997994,3.0476190476190474
1618,18,28,26,1.7,0.48177083333333337,0.39999999999999997,3.2
1619,18,36,21,1.75,0.38020833333333337,0.39999999999999997,3.2
1620,17,36,22,1.6666666666666667,0.390625,0.21295885499997994,3.0476190476190474
1621,18,28,26,1.7,0.48177083333333337,0.39999999999999997,3.2
1622,18,29,26,1.7,0.47395833333333337,0.39999999999999997,3.2
1623,18,28,26,1.7,0.4791666666666667,0.39999999999999997,3.2
1624,18,34,21,1.7,0.39583333333333337,0.39999999999999997,3.2
1625,18,35,23,1.7,0.40625,0.39999999999999997,3.2
1626,19,30,25,1.736842105263158,0.45833333333333337,0.48237638894272,3.3684210526315788
1627,18,28,26,1.7,0.4791666666666667,0.39999999999999997,3.2
1628,18,29,26,1.7,0.47395833333333337,0.39999999999999997,3.2
1629,18,34,22,1.7,0.40364583333333337,0.39999999999999997,3.2
1630,18,28,26,1.7,0.48177083333333337,0.39999999999999997,3.2
1631,18,29,26,1.7,0.47395833333333337,0.39999999999999997,3.2
1632,18,37,23,1.65,0.3888888888888889,0.47696960070847283,3.15
1633,18,28,26,1.7,0.4791666666666667,0.39999999999999997,3.2
1634,18,29,26,1.7,0.47395833333333337,0.39999999999999997,3.2
1635,18,30,26,1.7,0.46614583333333337,0.39999999999999997,3.2
1636,18,28,26,1.7,0.48177083333333337,0.39999999999999997,3.2
1637,18,28,26,1.7,0.48177083333333337,0.39999999999999997,3.2
1638,18,29,26,1.7,0.47395833333333337,0.39999999999999997,3.2
1639,18,26,27,1.65,0.5052910052910053,0.47696960070847283,3.15
1640,18,30,25,1.7,0.45833333333333337,0.39999999999999997,3.2
1641,18,29,26,1.7,0.47395833333333337,0.39999999999999997,3.2
1642,18,36,21,1.75,0.38020833333333337,0.39999999999999997,3.2
1643,18,34,23,1.75,0.41145833333333337,0.39999999999999997,3.2
1644,18,28,26,1.7,0.4791666666666667,0.39999999999999997,3.2
1645,19,36,21,1.7894736842105263,0.38020833333333337,0.4823763889427201,3.3684210526315788
1646,18,32,25,1.7,0.44270833333333337,0.39999999999999997,3.2
1647,19,36,21,1.7894736842105263,0.38020833333333337,0.4823763889427201,3.3684210526315788
1648,18,29,26,1.7,0.47395833333333337,0.39999999999999997,3.2
1649,18,36,22,1.75,0.3854166666666667,0.39999999999999997,3.2
1650,18,29,26,1.7,0.47395833333333337,0.39999999999999997,3.2
1651,18,31,25,1.7,0.44791666666666663,0.39999999999999997,3.2
1652,18,31,25,1.7,0.45052083333333337,0.39999999999999997,3.2
1653,18,29,26,1.7,0.47395833333333337,0.39999999999999997,3.2
1654,19,30,25,1.736842105263158,0.45833333333333337,0.48237638894272,3.3684210526315788
1655,18,29,26,1.7,0.47395833333333337,0.39999999999999997,3.2
1656,18,27,26,1.7,0.4869791666666667,0.39999999999999997,3.2
1657,18,27,27,1.7,0.49739583333333337,0.39999999999999997,3.2
1658,18,29,26,1.7,0.47395833333333337,0.39999999999999997,3.2
1659,18,27,26,1.7,0.4869791666666667,0.39999999999999997,3.2
1660,18,29,26,1.7,0.47395833333333337,0.39999999999999997,3.2
1661,18,31,26,1.7,0.45833333333333337,0.39999999999999997,3.2
1662,18,30,25,1.7,0.45833333333333337,0.39999999999999997,3.2
1663,18,31,25,1.7,0.45052083333333337,0.39999999999999997,3.2
1664,18,26,27,1.7,0.5026041666666667,0.39999999999999997,3.2
1665,18,28,25,1.7,0.47395833333333337,0.39999999999999997,3.2
1666,18,30,26,1.7,0.46614583333333337,0.39999999999999997,3.2
1667,18,29,26,1.7,0.47395833333333337,0.39999999999999997,3.2
1668,18,29,25,1.7,0.46614583333333337,0.39999999999999997,3.2
1669,18,35,22,1.7,0.39583333333333337,0.39999999999999997,3.2
1670,18,28,26,1.7,0.4791666666666667,0.39999999999999997,3.2
1671,18,30,25,1.7,0.45833333333333337,0.39999999999999997,3.2
1672,18,35,24,1.7,0.4140625,0.39999999999999997,3.2
1673,18,33,23,1.7,0.421875,0.39999999999999997,3.2
1674,18,36,22,1.7,0.390625,0.39999999999999997,3.2
1675,19,35,23,1.736842105263158,0.4036458333333333,0.4823763889427201,3.3684210526315788
1676,19,34,23,1.736842105263158,0.41145833333333337,0.4823763889427201,3.3684210526315788
1677,17,33,20,1.6666666666666667,0.39322916666666663,0.21295885499997994,3.0476190476190474
1678,18,28,26,1.7,0.48177083333333337,0.39999999999999997,3.2
1679,18,29,26,1.7,0.47395833333333337,0.39999999999999997,3.2
1680,18,29,26,1.7,0.47395833333333337,0.39999999999999997,3.2
1681,18,30,26,1.7,0.46614583333333337,0.39999999999999997,3.2
1682,18,30,25,1.7,0.45833333333333337,0.39999999999999997,3.2
1683,18,28,26,1.7,0.4791666666666667,0.39999999999999997,3.2
1684,18,29,26,1.7,0.47395833333333337,0.39999999999999997,3.2
1685,18,31,25,1.7,0.45052083333333337,0.39999999999999997,3.2
1686,18,37,21,1.7,0.375,0.39999999999999997,3.2
1687,18,28,26,1.7,0.4791666666666667,0.39999999999999997,3.2
1688,18,37,21,1.75,0.37239583333333337,0.39999999999999997,3.2
1689,18,28,25,1.65,0.47089947089947093,0.47696960070847283,3.15
1690,18,29,26,1.7,0.47395833333333337,0.39999999999999997,3.2
1691,18,29,25,1.7,0.46614583333333337,0.39999999999999997,3.2
1692,18,29,26,1.7,0.4713541666666667,0.39999999999999997,3.2
1693,18,28,26,1.7,0.48177083333333337,0.39999999999999997,3.2
1694,18,29,26,1.7,0.47395833333333337,0.39999999999999997,3.2
1695,18,29,26,1.7,0.47395833333333337,0.39999999999999997,3.2
1696,18,27,25,1.7,0.4791666666666667,0.39999999999999997,3.2
1697,18,28,26,1.7,0.4791666666666667,0.39999999999999997,3.2
1698,18,34,23,1.7,0.40885416666666663,0.39999999999999997,3.2
1699,19,31,24,1.736842105263158,0.44010416666666663,0.4823763889427201,3.3684210526315788
1700,18,35,22,1.7,0.390625,0.39999999999999997,3.2
1701,18,26,27,1.65,0.5052910052910053,0.47696960070847283,3.15
1702,18,31,24,1.65,0.43915343915343913,0.47696960070847283,3.15
1703,18,33,24,1.7,0.4270833333333333,0.39999999999999997,3.2
1704,18,27,27,1.7,0.49739583333333337,0.39999999999999997,3.2
1705,18,29,26,1.7,0.47395833333333337,0.39999999999999997,3.2
1706,19,35,22,1.736842105263158,0.39583333333333337,0.4823763889427201,3.3684210526315788
1707,18,28,26,1.7,0.4791666666666667,0.39999999999999997,3.2
1708,18,30,25,1.7,0.45833333333333337,0.39999999999999997,3.2
1709,18,28,26,1.7,0.4791666666666667,0.39999999999999997,3.2
1710,18,29,26,1.7,0.47395833333333337,0.39999999999999997,3.2
1711,18,30,26,1.7,0.46614583333333337,0.39999999999999997,3.2
1712,18,34,22,1.7,0.4036458333333333,0.39999999999999997,3.2
1713,19,31,25,1.6842105263157894,0.4497354497354497,0.5668594533825794,3.3157894736842106
1714,19,30,26,1.736842105263158,0.46614583333333337,0.48237638894272,3.3684210526315788
1715,18,28,26,1.7,0.4791666666666667,0.39999999999999997,3.2
1716,18,29,26,1.7,0.47395833333333337,0.39999999999999997,3.2
1717,18,29,26,1.7,0.47395833333333337,0.39999999999999997,3.2
1718,18,27,26,1.7,0.4869791666666667,0.39999999999999997,3.2
1719,18,28,26,1.7,0.48177083333333337,0.39999999999999997,3.2
1720,18,30,25,1.7,0.45833333333333337,0.39999999999999997,3.2
1721,19,38,22,1.736842105263158,0.36979166666666663,0.48237638894272,3.3684210526315788
1722,18,31,23,1.65,0.4338624338624339,0.47696960070847283,3.15
1723,18,29,25,1.7,0.46614583333333337,0.39999999999999997,3.2
1724,18,28,26,1.7,0.4791666666666667,0.39999999999999997,3.2
1725,19,36,20,1.7894736842105263,0.3697916666666667,0.4823763889427201,3.3684210526315788
1726,18,29,26,1.7,0.47395833333333337,0.39999999999999997,3.2
1727,18,28,25,1.7,0.4713541666666667,0.39999999999999997,3.2
1728,18,30,25,1.7,0.45572916666666663,0.39999999999999997,3.2
1729,18,30,25,1.7,0.45833333333333337,0.39999999999999997,3.2
1730,18,27,27,1.7,0.49739583333333337,0.39999999999999997,3.2
1731,19,28,25,1.736842105263158,0.4713541666666667,0.4823763889427201,3.3684210526315788
1732,18,29,26,1.7,0.47395833333333337,0.39999999999999997,3.2
1733,18,30,25,1.7,0.45833333333333337,0.39999999999999997,3.2
1734,18,26,28,1.7,0.5130208333333334,0.39999999999999997,3.2
1735,18,30,25,1.7,0.45833333333333337,0.39999999999999997,3.2
1736,18,27,26,1.7,0.4869791666666667,0.39999999999999997,3.2
1737,19,34,23,1.736842105263158,0.40885416666666663,0.4823763889427201,3.3684210526315788
1738,18,29,26,1.7,0.47395833333333337,0.39999999999999997,3.2
1739,18,33,23,1.7,0.41666666666666663,0.39999999999999997,3.2
1740,18,31,25,1.7,0.45052083333333337,0.39999999999999997,3.2
1741,18,29,26,1.7,0.47395833333333337,0.39999999999999997,3.2
1742,18,28,26,1.65,0.4814814814814815,0.47696960070847283,3.15
1743,18,26,27,1.65,0.5052910052910053,0.47696960070847283,3.15
1744,18,29,25,1.65,0.46560846560846564,0.47696960070847283,3.15
1745,19,29,25,1.736842105263158,0.4635416666666667,0.48237638894272,3.3684210526315788
1746,18,30,25,1.7,0.45833333333333337,0.39999999999999997,3.2
1747,18,29,25,1.7,0.4635416666666667,0.39999999999999997,3.2
1748,18,29,25,1.65,0.46560846560846564,0.47696960070847283,3.15
1749,18,40,17,1.7,0.3177083333333333,0.39999999999999997,3.2
1750,18,28,26,1.7,0.4791666666666667,0.39999999999999997,3.2
1751,18,29,25,1.7,0.4635416666666667,0.39999999999999997,3.2
1752,18,28,26,1.7,0.48177083333333337,0.39999999999999997,3.2
1753,18,28,25,1.7,0.47395833333333337,0.39999999999999997,3.2
1754,18,29,25,1.7,0.4635416666666667,0.39999999999999997,3.2
1755,18,28,26,1.7,0.48177083333333337,0.39999999999999997,3.2
1756,18,30,25,1.7,0.45833333333333337,0.39999999999999997,3.2
1757,18,28,26,1.7,0.4791666666666667,0.39999999999999997,3.2
1758,18,31,25,1.7,0.45052083333333337,0.39999999999999997,3.2
1759,18,28,26,1.7,0.4791666666666667,0.39999999999999997,3.2
1760,18,29,27,1.7,0.4791666666666667,0.39999999999999997,3.2
1761,19,30,25,1.736842105263158,0.45833333333333337,0.48237638894272,3.3684210526315788
1762,18,26,28,1.7,0.5104166666666667,0.39999999999999997,3.2
1763,18,30,25,1.7,0.4557291666666667,0.39999999999999997,3.2
1764,19,31,23,1.736842105263158,0.42708333333333337,0.4823763889427201,3.3684210526315788
1765,18,29,26,1.7,0.47395833333333337,0.39999999999999997,3.2
1766,18,29,26,1.7,0.47395833333333337,0.39999999999999997,3.2
1767,18,29,26,1.7,0.47395833333333337,0.39999999999999997,3.2
1768,18,30,26,1.7,0.46614583333333337,0.39999999999999997,3.2
1769,18,27,28,1.7,0.5052083333333334,0.39999999999999997,3.2
1770,18,30,27,1.7,0.47395833333333337,0.39999999999999997,3.2
1771,18,30,25,1.7,0.45572916666666663,0.39999999999999997,3.2
1772,18,27,27,1.7,0.49739583333333337,0.39999999999999997,3.2
1773,18,34,23,1.7,0.41145833333333337,0.39999999999999997,3.2
1774,18,27,28,1.7,0.5052083333333334,0.39999999999999997,3.2
1775,17,43,14,1.7142857142857142,0.2734375,0.21295885499997994,3.0476190476190474
1776,18,28,27,1.7,0.48958333333333337,0.39999999999999997,3.2
1777,20,35,23,1.7777777777777777,0.40364583333333337,0.49690399499995325,3.5555555555555554
1778,18,29,26,1.7,0.47395833333333337,0.39999999999999997,3.2
1779,18,29,26,1.7,0.47395833333333337,0.39999999999999997,3.2
1780,18,28,25,1.7,0.46875,0.39999999999999997,3.2
1781,19,36,23,1.736842105263158,0.3984375,0.4823763889427201,3.3684210526315788
1782,18,28,27,1.7,0.48958333333333337,0.39999999999999997,3.2
1783,18,30,26,1.7,0.46614583333333337,0.39999999999999997,3.2
1784,18,31,25,1.7,0.45052083333333337,0.39999999999999997,3.2
1785,18,27,27,1.7,0.49739583333333337,0.39999999999999997,3.2
1786,18,32,21,1.7,0.40625,0.39999999999999997,3.2
1787,18,29,26,1.7,0.47395833333333337,0.39999999999999997,3.2
1788,18,29,25,1.7,0.46614583333333337,0.39999999999999997,3.2
1789,18,28,26,1.7,0.48177083333333337,0.39999999999999997,3.2
1790,18,27,27,1.7,0.49739583333333337,0.39999999999999997,3.2
1791,18,28,26,1.7,0.47916666666666663,0.39999999999999997,3.2
1792,18,29,25,1.65,0.46296296296296297,0.47696960070847283,3.15
1793,18,27,27,1.65,0.4973544973544974,0.47696960070847283,3.15
1794,18,32,26,1.7,0.4479166666666667,0.39999999999999997,3.2
1795,18,28,26,1.7,0.48177083333333337,0.39999999999999997,3.2
1796,18,28,26,1.7,0.4791666666666667,0.39999999999999997,3.2
1797,18,29,25,1.7,0.46614583333333337,0.39999999999999997,3.2
1798,19,34,23,1.736842105263158,0.40885416666666663,0.4823763889427201,3.3684210526315788
1799,18,28,27,1.7,0.48958333333333337,0.39999999999999997,3.2
1800,18,29,25,1.7,0.4635416666666667,0.39999999999999997,3.2
1801,18,25,28,1.7,0.5182291666666667,0.39999999999999997,3.2
1802,18,26,29,1.7,0.5208333333333334,0.39999999999999997,3.2
1803,18,30,26,1.7,0.46614583333333337,0.39999999999999997,3.2
1804,18,28,27,1.7,0.48958333333333337,0.39999999999999997,3.2
1805,18,30,25,1.7,0.45833333333333337,0.39999999999999997,3.2
1806,18,28,24,1.7,0.4635416666666667,0.39999999999999997,3.2
1807,18,28,27,1.7,0.48958333333333337,0.39999999999999997,3.2
1808,18,29,26,1.7,0.47395833333333337,0.39999999999999997,3.2
1809,18,28,26,1.7,0.48177083333333337,0.39999999999999997,3.2
1810,18,29,27,1.7,0.48177083333333337,0.39999999999999997,3.2
1811,18,28,25,1.7,0.46875,0.39999999999999997,3.2
1812,18,31,27,1.7,0.46875,0.39999999999999997,3.2
1813,18,32,27,1.7,0.4609375,0.39999999999999997,3.2
1814,18,28,26,1.7,0.47916666666666674,0.39999999999999997,3.2
1815,18,27,28,1.7,0.5052083333333334,0.39999999999999997,3.2
1816,18,29,26,1.7,0.47395833333333337,0.39999999999999997,3.2
1817,18,28,26,1.7,0.48177083333333337,0.39999999999999997,3.2
1818,18,28,27,1.7,0.48958333333333337,0.39999999999999997,3.2
1819,18,30,24,1.7,0.45052083333333337,0.39999999999999997,3.2
1820,18,28,27,1.7,0.48958333333333337,0.39999999999999997,3.2
1821,18,29,25,1.7,0.4635416666666667,0.39999999999999997,3.2
1822,18,29,26,1.7,0.47395833333333337,0.39999999999999997,3.2
1823,18,29,26,1.7,0.47395833333333337,0.39999999999999997,3.2
1824,18,26,28,1.7,0.5130208333333334,0.39999999999999997,3.2
1825,18,27,27,1.7,0.49739583333333337,0.39999999999999997,3.2
1826,18,28,27,1.7,0.48958333333333337,0.39999999999999997,3.2
1827,18,29,27,1.7,0.48177083333333337,0.39999999999999997,3.2
1828,18,25,28,1.7,0.5182291666666667,0.39999999999999997,3.2
1829,18,28,27,1.7,0.48958333333333337,0.39999999999999997,3.2
1830,18,27,27,1.7,0.4947916666666667,0.39999999999999997,3.2
1831,18,25,28,1.7,0.5182291666666667,0.39999999999999997,3.2
1832,18,27,28,1.7,0.5052083333333334,0.39999999999999997,3.2
1833,18,29,26,1.7,0.47395833333333337,0.39999999999999997,3.2
1834,18,25,28,1.7,0.5182291666666667,0.39999999999999997,3.2
1835,19,36,21,1.7894736842105263,0.38020833333333337,0.4823763889427201,3.3684210526315788
1836,18,26,28,1.7,0.5104166666666667,0.39999999999999997,3.2
1837,18,26,28,1.7,0.5104166666666667,0.39999999999999997,3.2
1838,18,27,28,1.7,0.5052083333333334,0.39999999999999997,3.2
1839,19,42,14,1.7894736842105263,0.27864583333333337,0.4823763889427201,3.3684210526315788
1840,19,28,27,1.736842105263158,0.48958333333333337,0.48237638894272,3.3684210526315788
1841,18,29,24,1.7,0.45833333333333337,0.39999999999999997,3.2
1842,18,28,26,1.7,0.48177083333333337,0.39999999999999997,3.2
1843,18,38,20,1.7,0.359375,0.39999999999999997,3.2
1844,19,30,26,1.736842105263158,0.46614583333333337,0.48237638894272,3.3684210526315788
1845,18,28,27,1.7,0.48958333333333337,0.39999999999999997,3.2
1846,18,28,26,1.7,0.48177083333333337,0.39999999999999997,3.2
1847,18,27,27,1.7,0.49739583333333337,0.39999999999999997,3.2
1848,18,27,28,1.7,0.5026041666666667,0.39999999999999997,3.2
1849,18,24,28,1.65,0.5264550264550265,0.47696960070847283,3.15
1850,18,43,18,1.7,0.3046875,0.39999999999999997,3.2
1851,18,26,27,1.7,0.5026041666666667,0.39999999999999997,3.2
1852,18,27,28,1.7,0.5052083333333334,0.39999999999999997,3.2
1853,18,27,27,1.7,0.49739583333333337,0.39999999999999997,3.2
1854,18,33,22,1.7,0.4140625,0.39999999999999997,3.2
1855,18,36,21,1.7,0.37760416666666663,0.39999999999999997,3.2
1856,18,37,21,1.7,0.3723958333333333,0.39999999999999997,3.2
1857,18,26,28,1.7,0.5104166666666667,0.39999999999999997,3.2
1858,18,28,27,1.7,0.48958333333333337,0.39999999999999997,3.2
1859,18,27,27,1.7,0.49739583333333337,0.39999999999999997,3.2
1860,18,27,27,1.7,0.4947916666666667,0.39999999999999997,3.2
1861,18,25,29,1.7,0.5286458333333334,0.39999999999999997,3.2
1862,18,40,15,1.75,0.2994791666666667,0.39999999999999997,3.2
1863,18,27,28,1.7,0.5052083333333334,0.39999999999999997,3.2
1864,18,25,28,1.65,0.5185185185185186,0.47696960070847283,3.15
1865,18,34,23,1.7,0.4140625,0.39999999999999997,3.2
1866,18,26,28,1.7,0.5130208333333334,0.39999999999999997,3.2
1867,18,38,20,1.65,0.35714285714285715,0.47696960070847283,3.15
1868,19,39,20,1.7894736842105263,0.34375,0.4823763889427201,3.3684210526315788
1869,18,22,29,1.65,0.5502645502645503,0.47696960070847283,3.15
1870,18,27,28,1.7,0.5052083333333334,0.39999999999999997,3.2
1871,19,28,27,1.736842105263158,0.48958333333333337,0.48237638894272,3.3684210526315788
1872,18,26,28,1.7,0.5130208333333334,0.39999999999999997,3.2
1873,18,24,29,1.7,0.5364583333333334,0.39999999999999997,3.2
1874,18,27,28,1.7,0.5052083333333334,0.39999999999999997,3.2
1875,18,27,27,1.7,0.4947916666666667,0.39999999999999997,3.2
1876,18,35,22,1.75,0.39583333333333337,0.39999999999999997,3.2
1877,18,27,28,1.7,0.5052083333333334,0.39999999999999997,3.2
1878,18,36,21,1.75,0.37760416666666663,0.39999999999999997,3.2
1880,18,25,28,1.7,0.5182291666666667,0.39999999999999997,3.2
1881,18,25,28,1.7,0.5182291666666667,0.39999999999999997,3.2
1882,18,25,28,1.7,0.5182291666666667,0.39999999999999997,3.2
1883,18,25,28,1.7,0.5182291666666667,0.39999999999999997,3.2
1884,18,25,28,1.7,0.5182291666666667,0.39999999999999997,3.2
1885,18,25,28,1.7,0.5182291666666667,0.39999999999999997,3.2
1886,18,25,28,1.7,0.5182291666666667,0.39999999999999997,3.2
1887,18,25,28,1.7,0.5182291666666667,0.39999999999999997,3.2
1888,18,25,28,1.7,0.5182291666666667,0.39999999999999997,3.2
1889,18,25,28,1.7,0.5182291666666667,0.39999999999999997,3.2
