Episode,Desafios_sin_equipo,Estudiantes_fuera_preferencias,Estudiantes_primera_prioridad,Promedio_carreras_por_equipo,Satisfaccion_promedio,STD_tamano_equipos,Tamano_promedio_equipo
2,17,57,3,1.7142857142857142,0.07291666666666666,0.21295885499997994,3.0476190476190474
3,19,60,1,1.7894736842105263,0.033854166666666664,0.4823763889427201,3.3684210526315788
4,17,57,1,1.7142857142857142,0.057291666666666664,0.21295885499997994,3.0476190476190474
5,18,60,4,1.75,0.0625,0.39999999999999997,3.2
6,18,54,3,1.75,0.09114583333333333,0.39999999999999997,3.2
7,17,57,3,1.7142857142857142,0.0703125,0.21295885499997994,3.0476190476190474
8,18,57,1,1.75,0.057291666666666664,0.39999999999999997,3.2
9,17,58,1,1.7142857142857142,0.04427083333333333,0.21295885499997994,3.0476190476190474
10,17,57,2,1.6666666666666667,0.06249999999999999,0.21295885499997994,3.0476190476190474
11,17,60,3,1.7142857142857142,0.05208333333333333,0.21295885499997994,3.0476190476190474
12,17,59,2,1.6666666666666667,0.04497354497354497,0.3086066999241838,3.0
13,17,59,1,1.7142857142857142,0.041666666666666664,0.21295885499997994,3.0476190476190474
14,18,63,0,1.75,0.0078125,0.39999999999999997,3.2
15,19,60,2,1.7894736842105263,0.046875,0.4823763889427201,3.3684210526315788
16,18,60,1,1.75,0.03645833333333333,0.39999999999999997,3.2
17,19,58,2,1.7894736842105263,0.0625,0.4823763889427201,3.3684210526315788
18,18,59,2,1.7,0.049479166666666664,0.39999999999999997,3.2
19,18,62,1,1.75,0.020833333333333332,0.39999999999999997,3.2
20,18,58,3,1.75,0.06770833333333333,0.39999999999999997,3.2
21,17,59,1,1.7142857142857142,0.04427083333333333,0.21295885499997994,3.0476190476190474
22,18,63,0,1.75,0.0078125,0.39999999999999997,3.2
23,18,58,1,1.75,0.05208333333333333,0.39999999999999997,3.2
24,18,62,0,1.75,0.013020833333333332,0.39999999999999997,3.2
25,18,61,1,1.75,0.028645833333333332,0.39999999999999997,3.2
26,18,59,3,1.75,0.0625,0.39999999999999997,3.2
27,18,56,2,1.75,0.07291666666666666,0.39999999999999997,3.2
28,19,55,1,1.7894736842105263,0.0703125,0.48237638894272,3.3684210526315788
29,18,62,0,1.75,0.015625,0.39999999999999997,3.2
30,17,57,3,1.7142857142857142,0.0703125,0.21295885499997994,3.0476190476190474
31,18,62,2,1.75,0.03125,0.39999999999999997,3.2
32,20,57,1,1.8333333333333333,0.0546875,0.49690399499995325,3.5555555555555554
33,18,60,1,1.7,0.033854166666666664,0.39999999999999997,3.2
34,18,60,1,1.75,0.0390625,0.39999999999999997,3.2
35,18,58,1,1.75,0.041666666666666664,0.39999999999999997,3.2
36,19,59,1,1.7894736842105263,0.04427083333333333,0.4823763889427201,3.3684210526315788
37,18,56,3,1.75,0.08072916666666666,0.39999999999999997,3.2
38,19,63,0,1.7894736842105263,0.005208333333333333,0.48237638894272,3.3684210526315788
39,19,57,2,1.7894736842105263,0.06770833333333333,0.4823763889427201,3.3684210526315788
40,18,62,1,1.75,0.0234375,0.39999999999999997,3.2
41,18,56,7,1.75,0.1171875,0.39999999999999997,3.2
42,17,59,2,1.7142857142857142,0.05208333333333333,0.21295885499997994,3.0476190476190474
43,18,62,0,1.75,0.013020833333333332,0.39999999999999997,3.2
44,18,57,3,1.75,0.07552083333333333,0.39999999999999997,3.2
45,19,60,1,1.7894736842105263,0.033854166666666664,0.4823763889427201,3.3684210526315788
46,19,55,2,1.7894736842105263,0.078125,0.4823763889427201,3.3684210526315788
47,17,59,0,1.7142857142857142,0.028645833333333332,0.21295885499997994,3.0476190476190474
48,18,58,1,1.75,0.046875,0.39999999999999997,3.2
49,19,57,1,1.7894736842105263,0.05729166666666667,0.48237638894272,3.3684210526315788
50,17,63,0,1.7142857142857142,0.0078125,0.21295885499997994,3.0476190476190474
51,18,60,3,1.75,0.0546875,0.39999999999999997,3.2
52,17,60,2,1.7142857142857142,0.04427083333333333,0.21295885499997994,3.0476190476190474
53,17,55,4,1.6666666666666667,0.09375,0.21295885499997994,3.0476190476190474
54,18,52,1,1.7,0.08465608465608465,0.47696960070847283,3.15
55,17,60,1,1.7142857142857142,0.033854166666666664,0.21295885499997994,3.0476190476190474
56,17,58,1,1.7142857142857142,0.049479166666666664,0.21295885499997994,3.0476190476190474
57,19,58,3,1.7894736842105263,0.06770833333333334,0.4823763889427201,3.3684210526315788
58,18,62,2,1.75,0.03125,0.39999999999999997,3.2
59,17,57,2,1.7142857142857142,0.06770833333333333,0.21295885499997994,3.0476190476190474
60,18,59,2,1.75,0.05208333333333333,0.39999999999999997,3.2
61,19,61,2,1.7894736842105263,0.0390625,0.4823763889427201,3.3684210526315788
62,19,61,2,1.7894736842105263,0.03645833333333333,0.4823763889427201,3.3684210526315788
63,20,59,2,1.8333333333333333,0.049479166666666664,0.49690399499995325,3.5555555555555554
64,18,56,3,1.7,0.08072916666666666,0.39999999999999997,3.2
65,17,60,1,1.7142857142857142,0.033854166666666664,0.21295885499997994,3.0476190476190474
66,18,59,1,1.7,0.046875,0.39999999999999997,3.2
67,18,60,1,1.75,0.0390625,0.39999999999999997,3.2
68,17,62,1,1.7142857142857142,0.020833333333333332,0.21295885499997994,3.0476190476190474
69,18,55,2,1.75,0.08072916666666666,0.39999999999999997,3.2
70,18,59,0,1.75,0.026041666666666664,0.39999999999999997,3.2
71,18,59,2,1.75,0.05208333333333333,0.39999999999999997,3.2
72,19,57,0,1.7894736842105263,0.049479166666666664,0.4823763889427201,3.3684210526315788
73,19,60,1,1.7894736842105263,0.03645833333333333,0.48237638894272,3.3684210526315788
74,19,62,0,1.7894736842105263,0.010416666666666666,0.4823763889427201,3.3684210526315788
75,18,61,0,1.75,0.020833333333333332,0.39999999999999997,3.2
76,19,60,1,1.7894736842105263,0.033854166666666664,0.4823763889427201,3.3684210526315788
77,17,59,1,1.7142857142857142,0.04427083333333333,0.21295885499997994,3.0476190476190474
78,17,60,3,1.7142857142857142,0.05208333333333333,0.21295885499997994,3.0476190476190474
79,19,57,3,1.7894736842105263,0.06770833333333333,0.4823763889427201,3.3684210526315788
80,18,59,1,1.75,0.04166666666666667,0.39999999999999997,3.2
81,19,62,0,1.7894736842105263,0.015625,0.4823763889427201,3.3684210526315788
82,17,62,0,1.6666666666666667,0.015625,0.21295885499997994,3.0476190476190474
83,18,61,2,1.75,0.0390625,0.39999999999999997,3.2
84,17,56,1,1.7142857142857142,0.0625,0.21295885499997994,3.0476190476190474
85,18,59,2,1.75,0.05208333333333333,0.39999999999999997,3.2
86,18,58,1,1.75,0.049479166666666664,0.39999999999999997,3.2
87,18,61,0,1.75,0.020833333333333332,0.39999999999999997,3.2
88,18,59,3,1.75,0.05989583333333333,0.39999999999999997,3.2
89,18,56,3,1.75,0.08072916666666666,0.39999999999999997,3.2
90,18,57,1,1.75,0.049479166666666664,0.39999999999999997,3.2
91,17,60,2,1.7142857142857142,0.044270833333333336,0.21295885499997994,3.0476190476190474
92,19,58,3,1.7894736842105263,0.0625,0.4823763889427201,3.3684210526315788
93,19,60,0,1.7894736842105263,0.03125,0.4823763889427201,3.3684210526315788
94,18,55,6,1.75,0.11197916666666666,0.39999999999999997,3.2
95,19,60,1,1.7894736842105263,0.03125,0.48237638894272,3.3684210526315788
96,18,60,2,1.75,0.046875,0.39999999999999997,3.2
97,17,58,5,1.7142857142857142,0.0859375,0.21295885499997994,3.0476190476190474
98,18,60,1,1.75,0.03125,0.39999999999999997,3.2
99,18,61,2,1.75,0.03645833333333333,0.39999999999999997,3.2
100,19,57,1,1.7894736842105263,0.0546875,0.4823763889427201,3.3684210526315788
101,18,58,1,1.75,0.049479166666666664,0.39999999999999997,3.2
102,18,53,5,1.7,0.1171875,0.39999999999999997,3.2
103,17,58,5,1.6666666666666667,0.0859375,0.21295885499997994,3.0476190476190474
104,19,58,2,1.7894736842105263,0.057291666666666664,0.4823763889427201,3.3684210526315788
105,17,55,1,1.7142857142857142,0.06770833333333333,0.21295885499997994,3.0476190476190474
106,19,61,1,1.7894736842105263,0.028645833333333332,0.4823763889427201,3.3684210526315788
107,19,60,1,1.7894736842105263,0.03645833333333333,0.48237638894272,3.3684210526315788
108,19,61,0,1.7894736842105263,0.0234375,0.4823763889427201,3.3684210526315788
109,18,61,0,1.75,0.015625,0.39999999999999997,3.2
110,19,58,2,1.7894736842105263,0.0546875,0.4823763889427201,3.3684210526315788
111,18,56,2,1.7,0.06770833333333334,0.39999999999999997,3.2
112,18,61,2,1.75,0.0390625,0.39999999999999997,3.2
113,18,59,4,1.75,0.0703125,0.39999999999999997,3.2
114,17,63,1,1.7142857142857142,0.015625,0.21295885499997994,3.0476190476190474
115,18,61,1,1.75,0.028645833333333332,0.39999999999999997,3.2
116,17,58,1,1.7142857142857142,0.05208333333333333,0.21295885499997994,3.0476190476190474
117,18,55,4,1.75,0.09375,0.39999999999999997,3.2
118,18,58,3,1.75,0.0625,0.39999999999999997,3.2
119,18,54,1,1.75,0.078125,0.39999999999999997,3.2
120,18,59,0,1.75,0.03125,0.39999999999999997,3.2
121,18,59,3,1.75,0.05989583333333333,0.39999999999999997,3.2
122,18,60,2,1.75,0.04427083333333333,0.39999999999999997,3.2
123,17,61,0,1.6666666666666667,0.020833333333333332,0.21295885499997994,3.0476190476190474
124,18,57,2,1.75,0.0625,0.39999999999999997,3.2
125,19,59,2,1.736842105263158,0.046875,0.48237638894272,3.3684210526315788
126,18,54,4,1.75,0.09895833333333333,0.39999999999999997,3.2
127,19,61,0,1.7894736842105263,0.018229166666666664,0.4823763889427201,3.3684210526315788
128,18,54,3,1.75,0.09375,0.39999999999999997,3.2
129,19,59,1,1.7894736842105263,0.04427083333333333,0.48237638894272,3.3684210526315788
130,18,59,1,1.75,0.04427083333333333,0.39999999999999997,3.2
131,18,62,1,1.75,0.0234375,0.39999999999999997,3.2
132,19,50,4,1.7894736842105263,0.1328125,0.4823763889427201,3.3684210526315788
133,17,59,3,1.7142857142857142,0.0625,0.21295885499997994,3.0476190476190474
134,19,60,2,1.7894736842105263,0.04427083333333333,0.4823763889427201,3.3684210526315788
135,20,61,3,1.8333333333333333,0.046875,0.49690399499995325,3.5555555555555554
136,18,58,3,1.75,0.06770833333333333,0.39999999999999997,3.2
137,19,59,0,1.7894736842105263,0.03645833333333333,0.4823763889427201,3.3684210526315788
138,19,59,3,1.7894736842105263,0.0625,0.4823763889427201,3.3684210526315788
139,18,52,6,1.75,0.12760416666666666,0.39999999999999997,3.2
140,18,58,3,1.75,0.06770833333333333,0.39999999999999997,3.2
141,17,59,3,1.7142857142857142,0.05729166666666666,0.21295885499997994,3.0476190476190474
142,18,57,3,1.75,0.0703125,0.39999999999999997,3.2
143,17,54,5,1.7142857142857142,0.109375,0.21295885499997994,3.0476190476190474
144,17,58,0,1.7142857142857142,0.04427083333333333,0.21295885499997994,3.0476190476190474
145,17,57,4,1.7142857142857142,0.08072916666666666,0.21295885499997994,3.0476190476190474
146,17,53,4,1.7142857142857142,0.1171875,0.21295885499997994,3.0476190476190474
147,18,56,2,1.75,0.0703125,0.39999999999999997,3.2
148,17,59,2,1.7142857142857142,0.05208333333333333,0.21295885499997994,3.0476190476190474
149,18,58,0,1.75,0.0390625,0.39999999999999997,3.2
150,18,58,3,1.75,0.06510416666666666,0.39999999999999997,3.2
151,18,57,3,1.75,0.0703125,0.39999999999999997,3.2
152,18,57,1,1.75,0.057291666666666664,0.39999999999999997,3.2
153,18,52,5,1.75,0.12239583333333333,0.39999999999999997,3.2
154,18,56,3,1.75,0.08072916666666666,0.39999999999999997,3.2
155,17,59,2,1.7142857142857142,0.05208333333333333,0.21295885499997994,3.0476190476190474
156,17,59,1,1.7142857142857142,0.04427083333333333,0.21295885499997994,3.0476190476190474
157,19,60,2,1.7894736842105263,0.04427083333333333,0.4823763889427201,3.3684210526315788
158,18,55,4,1.75,0.08854166666666667,0.39999999999999997,3.2
159,18,62,0,1.75,0.015625,0.39999999999999997,3.2
160,17,57,1,1.7142857142857142,0.05208333333333333,0.21295885499997994,3.0476190476190474
161,19,57,2,1.7894736842105263,0.06510416666666666,0.4823763889427201,3.3684210526315788
162,19,58,3,1.7894736842105263,0.0703125,0.4823763889427201,3.3684210526315788
163,19,55,2,1.736842105263158,0.07552083333333333,0.4823763889427201,3.3684210526315788
164,18,57,1,1.75,0.05468749999999999,0.39999999999999997,3.2
165,17,63,0,1.7142857142857142,0.005208333333333333,0.21295885499997994,3.0476190476190474
166,19,52,3,1.7894736842105263,0.10677083333333333,0.4823763889427201,3.3684210526315788
167,19,58,3,1.7894736842105263,0.06249999999999999,0.4823763889427201,3.3684210526315788
168,17,59,2,1.7142857142857142,0.0546875,0.21295885499997994,3.0476190476190474
169,18,55,3,1.75,0.0859375,0.39999999999999997,3.2
170,19,59,0,1.7894736842105263,0.03645833333333333,0.4823763889427201,3.3684210526315788
171,18,58,2,1.75,0.05729166666666666,0.39999999999999997,3.2
172,19,61,1,1.7894736842105263,0.028645833333333332,0.4823763889427201,3.3684210526315788
173,18,57,0,1.75,0.046875,0.39999999999999997,3.2
174,17,58,1,1.7142857142857142,0.049479166666666664,0.21295885499997994,3.0476190476190474
175,17,57,1,1.7142857142857142,0.05989583333333333,0.21295885499997994,3.0476190476190474
176,18,56,4,1.75,0.08854166666666666,0.39999999999999997,3.2
177,18,61,1,1.75,0.028645833333333332,0.39999999999999997,3.2
178,17,54,1,1.7142857142857142,0.078125,0.21295885499997994,3.0476190476190474
179,18,51,6,1.75,0.13802083333333331,0.39999999999999997,3.2
180,17,56,2,1.7142857142857142,0.07291666666666666,0.21295885499997994,3.0476190476190474
181,18,59,3,1.7,0.05989583333333333,0.39999999999999997,3.2
182,18,54,3,1.75,0.08854166666666666,0.39999999999999997,3.2
183,17,59,2,1.7142857142857142,0.0546875,0.21295885499997994,3.0476190476190474
184,19,56,3,1.7894736842105263,0.08333333333333333,0.48237638894272,3.3684210526315788
185,17,56,4,1.7142857142857142,0.08854166666666666,0.21295885499997994,3.0476190476190474
186,18,57,4,1.75,0.08072916666666666,0.39999999999999997,3.2
187,18,58,3,1.75,0.0703125,0.39999999999999997,3.2
188,18,54,3,1.75,0.08854166666666666,0.39999999999999997,3.2
189,18,56,5,1.75,0.09374999999999999,0.39999999999999997,3.2
190,19,57,2,1.7894736842105263,0.06510416666666666,0.4823763889427201,3.3684210526315788
191,18,57,1,1.75,0.052083333333333336,0.39999999999999997,3.2
192,18,55,4,1.75,0.09114583333333333,0.39999999999999997,3.2
193,18,59,3,1.75,0.05989583333333333,0.39999999999999997,3.2
194,18,56,2,1.7,0.0703125,0.39999999999999997,3.2
195,19,59,0,1.7894736842105263,0.033854166666666664,0.4823763889427201,3.3684210526315788
196,17,55,5,1.619047619047619,0.1015625,0.21295885499997994,3.0476190476190474
197,18,57,4,1.75,0.08333333333333333,0.39999999999999997,3.2
198,17,49,5,1.6666666666666667,0.14021164021164023,0.3086066999241838,3.0
199,17,59,3,1.7142857142857142,0.0625,0.21295885499997994,3.0476190476190474
200,18,57,1,1.75,0.049479166666666664,0.39999999999999997,3.2
201,20,53,3,1.8333333333333333,0.09895833333333333,0.49690399499995325,3.5555555555555554
202,17,54,3,1.7142857142857142,0.09114583333333333,0.21295885499997994,3.0476190476190474
203,18,58,1,1.7,0.03968253968253968,0.47696960070847283,3.15
204,18,59,1,1.7,0.0390625,0.39999999999999997,3.2
205,18,59,4,1.75,0.06770833333333333,0.39999999999999997,3.2
206,19,59,2,1.7894736842105263,0.046875,0.4823763889427201,3.3684210526315788
207,18,56,2,1.75,0.07291666666666666,0.39999999999999997,3.2
208,19,52,3,1.7894736842105263,0.109375,0.48237638894272,3.3684210526315788
209,17,52,2,1.6666666666666667,0.10156249999999999,0.21295885499997996,3.0476190476190474
210,18,57,4,1.75,0.08333333333333333,0.39999999999999997,3.2
211,18,53,4,1.75,0.10937499999999999,0.39999999999999997,3.2
212,18,57,3,1.75,0.07291666666666666,0.39999999999999997,3.2
213,18,58,1,1.75,0.044270833333333336,0.39999999999999997,3.2
214,18,54,0,1.75,0.06510416666666666,0.39999999999999997,3.2
215,19,55,5,1.7894736842105263,0.10677083333333333,0.48237638894272,3.3684210526315788
216,19,52,6,1.7894736842105263,0.13020833333333331,0.4823763889427201,3.3684210526315788
217,18,55,3,1.75,0.0859375,0.39999999999999997,3.2
218,18,56,3,1.75,0.08072916666666666,0.39999999999999997,3.2
219,18,59,2,1.75,0.049479166666666664,0.39999999999999997,3.2
220,18,58,3,1.75,0.06510416666666667,0.39999999999999997,3.2
221,18,54,3,1.75,0.09374999999999999,0.39999999999999997,3.2
222,17,52,8,1.7142857142857142,0.15364583333333331,0.21295885499997994,3.0476190476190474
223,18,54,2,1.75,0.08854166666666666,0.39999999999999997,3.2
224,18,56,4,1.75,0.08854166666666666,0.39999999999999997,3.2
225,18,58,2,1.75,0.057291666666666664,0.39999999999999997,3.2
226,18,54,4,1.7,0.1015625,0.39999999999999997,3.2
227,18,57,1,1.65,0.05729166666666666,0.39999999999999997,3.2
228,18,55,4,1.7,0.09635416666666666,0.39999999999999997,3.2
229,18,56,2,1.75,0.07291666666666666,0.39999999999999997,3.2
230,19,50,4,1.7894736842105263,0.1328125,0.4823763889427201,3.3684210526315788
231,17,60,2,1.7142857142857142,0.041666666666666664,0.21295885499997994,3.0476190476190474
232,18,57,3,1.75,0.07552083333333333,0.39999999999999997,3.2
233,19,50,4,1.7894736842105263,0.125,0.4823763889427201,3.3684210526315788
234,18,48,10,1.75,0.19791666666666669,0.39999999999999997,3.2
235,19,57,2,1.7894736842105263,0.06770833333333333,0.4823763889427201,3.3684210526315788
236,19,58,0,1.7894736842105263,0.041666666666666664,0.4823763889427201,3.3684210526315788
237,18,54,4,1.75,0.10416666666666666,0.39999999999999997,3.2
238,18,55,2,1.7,0.06613756613756613,0.47696960070847283,3.15
239,17,57,1,1.7142857142857142,0.04947916666666666,0.21295885499997994,3.0476190476190474
240,18,52,3,1.75,0.10416666666666666,0.39999999999999997,3.2
241,18,57,1,1.75,0.057291666666666664,0.39999999999999997,3.2
242,17,59,1,1.7142857142857142,0.041666666666666664,0.21295885499997994,3.0476190476190474
243,17,55,2,1.7142857142857142,0.078125,0.21295885499997994,3.0476190476190474
244,18,51,2,1.75,0.10416666666666666,0.39999999999999997,3.2
245,18,53,5,1.75,0.11979166666666666,0.39999999999999997,3.2
246,19,54,3,1.7894736842105263,0.09114583333333331,0.4823763889427201,3.3684210526315788
247,17,54,6,1.7142857142857142,0.11979166666666666,0.21295885499997994,3.0476190476190474
248,19,55,3,1.7894736842105263,0.08333333333333333,0.48237638894272,3.3684210526315788
249,18,56,3,1.75,0.078125,0.39999999999999997,3.2
250,17,55,5,1.6666666666666667,0.10416666666666667,0.21295885499997994,3.0476190476190474
251,19,55,3,1.7894736842105263,0.0859375,0.48237638894272,3.3684210526315788
252,17,52,5,1.7142857142857142,0.13020833333333331,0.21295885499997994,3.0476190476190474
253,19,44,7,1.7894736842105263,0.19270833333333331,0.4823763889427201,3.3684210526315788
254,19,56,2,1.7894736842105263,0.0703125,0.4823763889427201,3.3684210526315788
255,19,53,2,1.7894736842105263,0.09114583333333333,0.4823763889427201,3.3684210526315788
256,18,56,3,1.7,0.078125,0.39999999999999997,3.2
257,19,50,6,1.7894736842105263,0.14322916666666669,0.48237638894272,3.3684210526315788
258,19,57,2,1.7894736842105263,0.0625,0.4823763889427201,3.3684210526315788
259,18,56,3,1.75,0.08072916666666666,0.39999999999999997,3.2
260,18,54,5,1.7,0.11197916666666666,0.39999999999999997,3.2
261,18,54,5,1.75,0.10677083333333331,0.39999999999999997,3.2
262,18,53,8,1.75,0.14322916666666666,0.39999999999999997,3.2
263,18,49,9,1.75,0.18489583333333334,0.39999999999999997,3.2
264,19,51,8,1.736842105263158,0.16145833333333331,0.4823763889427201,3.3684210526315788
265,18,54,3,1.75,0.09635416666666666,0.39999999999999997,3.2
266,17,56,2,1.6666666666666667,0.06349206349206349,0.3086066999241838,3.0
267,18,52,2,1.75,0.1015625,0.39999999999999997,3.2
268,18,50,5,1.75,0.14322916666666666,0.39999999999999997,3.2
269,19,52,5,1.736842105263158,0.12239583333333334,0.4823763889427201,3.3684210526315788
270,18,60,2,1.75,0.046875,0.39999999999999997,3.2
271,18,51,8,1.75,0.15885416666666666,0.39999999999999997,3.2
272,19,54,6,1.7894736842105263,0.12239583333333333,0.4823763889427201,3.3684210526315788
273,18,48,6,1.7,0.1640625,0.39999999999999997,3.2
274,18,51,8,1.7,0.15885416666666666,0.39999999999999997,3.2
275,18,51,5,1.75,0.1328125,0.39999999999999997,3.2
276,19,52,6,1.7894736842105263,0.13020833333333331,0.4823763889427201,3.3684210526315788
277,18,56,2,1.75,0.0703125,0.39999999999999997,3.2
278,18,52,5,1.7,0.12760416666666666,0.39999999999999997,3.2
279,18,59,2,1.75,0.05208333333333333,0.39999999999999997,3.2
280,18,52,4,1.75,0.11979166666666666,0.39999999999999997,3.2
281,17,54,6,1.7142857142857142,0.11979166666666666,0.21295885499997994,3.0476190476190474
282,18,57,4,1.75,0.08072916666666666,0.39999999999999997,3.2
283,17,54,4,1.7142857142857142,0.09895833333333333,0.21295885499997994,3.0476190476190474
284,17,51,5,1.7142857142857142,0.12760416666666666,0.21295885499997994,3.0476190476190474
285,19,52,5,1.7894736842105263,0.11979166666666667,0.48237638894272,3.3684210526315788
286,18,51,6,1.75,0.140625,0.39999999999999997,3.2
287,18,47,9,1.75,0.19791666666666666,0.39999999999999997,3.2
288,19,53,6,1.7894736842105263,0.13020833333333331,0.4823763889427201,3.3684210526315788
289,20,56,3,1.8333333333333333,0.08333333333333333,0.49690399499995325,3.5555555555555554
290,18,53,3,1.75,0.1015625,0.39999999999999997,3.2
291,18,56,4,1.75,0.08854166666666666,0.39999999999999997,3.2
292,18,53,3,1.75,0.10416666666666666,0.39999999999999997,3.2
293,18,54,6,1.75,0.11979166666666666,0.39999999999999997,3.2
294,18,57,2,1.75,0.06249999999999999,0.39999999999999997,3.2
295,18,51,8,1.75,0.15625,0.39999999999999997,3.2
296,17,55,5,1.7142857142857142,0.10416666666666667,0.21295885499997994,3.0476190476190474
297,19,48,4,1.7894736842105263,0.140625,0.4823763889427201,3.3684210526315788
298,19,54,5,1.736842105263158,0.10937499999999999,0.48237638894272,3.3684210526315788
299,17,54,5,1.7142857142857142,0.109375,0.21295885499997994,3.0476190476190474
300,17,50,4,1.7142857142857142,0.125,0.21295885499997994,3.0476190476190474
301,18,51,7,1.75,0.14583333333333331,0.39999999999999997,3.2
302,19,53,7,1.7894736842105263,0.140625,0.4823763889427201,3.3684210526315788
303,18,47,6,1.75,0.16927083333333334,0.39999999999999997,3.2
304,17,53,6,1.7142857142857142,0.12760416666666666,0.21295885499997994,3.0476190476190474
305,17,52,5,1.7142857142857142,0.1328125,0.21295885499997994,3.0476190476190474
306,18,50,7,1.75,0.16145833333333331,0.39999999999999997,3.2
307,18,49,9,1.75,0.18489583333333331,0.39999999999999997,3.2
308,19,53,5,1.7894736842105263,0.1171875,0.4823763889427201,3.3684210526315788
309,18,54,1,1.75,0.07291666666666666,0.39999999999999997,3.2
310,18,52,3,1.75,0.1015625,0.39999999999999997,3.2
311,18,50,6,1.7,0.1484375,0.39999999999999997,3.2
312,17,52,5,1.7142857142857142,0.125,0.21295885499997994,3.0476190476190474
313,19,56,4,1.7894736842105263,0.08854166666666666,0.4823763889427201,3.3684210526315788
314,17,53,5,1.6666666666666667,0.1171875,0.21295885499997994,3.0476190476190474
315,18,52,4,1.75,0.11979166666666666,0.39999999999999997,3.2
316,19,51,10,1.736842105263158,0.17447916666666669,0.4823763889427201,3.3684210526315788
317,18,50,5,1.7,0.1328125,0.39999999999999997,3.2
318,19,55,4,1.7894736842105263,0.09375,0.4823763889427201,3.3684210526315788
319,18,48,8,1.65,0.1746031746031746,0.47696960070847283,3.15
320,19,51,3,1.7894736842105263,0.10937499999999999,0.4823763889427201,3.3684210526315788
321,19,49,7,1.7894736842105263,0.16145833333333331,0.4823763889427201,3.3684210526315788
322,19,48,8,1.7894736842105263,0.17708333333333331,0.4823763889427201,3.3684210526315788
323,18,53,6,1.75,0.12760416666666669,0.39999999999999997,3.2
324,18,48,8,1.75,0.17708333333333331,0.39999999999999997,3.2
325,19,48,5,1.7894736842105263,0.15364583333333331,0.48237638894272,3.3684210526315788
326,19,55,3,1.7894736842105263,0.0859375,0.4823763889427201,3.3684210526315788
327,19,48,7,1.736842105263158,0.16666666666666666,0.4823763889427201,3.3684210526315788
328,19,54,6,1.7894736842105263,0.12239583333333334,0.48237638894272,3.3684210526315788
329,19,53,5,1.7894736842105263,0.11718749999999999,0.4823763889427201,3.3684210526315788
330,17,49,5,1.7142857142857142,0.14322916666666666,0.21295885499997994,3.0476190476190474
331,17,53,7,1.7142857142857142,0.13541666666666669,0.21295885499997994,3.0476190476190474
332,18,45,6,1.7,0.17724867724867724,0.47696960070847283,3.15
333,18,48,8,1.75,0.18229166666666669,0.39999999999999997,3.2
334,17,47,9,1.7142857142857142,0.19270833333333331,0.21295885499997994,3.0476190476190474
335,18,51,6,1.75,0.14583333333333331,0.39999999999999997,3.2
336,18,50,8,1.75,0.16666666666666666,0.39999999999999997,3.2
337,18,48,6,1.75,0.15885416666666666,0.39999999999999997,3.2
338,19,48,6,1.7894736842105263,0.15885416666666669,0.4823763889427201,3.3684210526315788
339,19,47,9,1.7894736842105263,0.1953125,0.4823763889427201,3.3684210526315788
340,19,49,7,1.736842105263158,0.16666666666666669,0.4823763889427201,3.3684210526315788
341,19,53,5,1.7894736842105263,0.1171875,0.4823763889427201,3.3684210526315788
342,18,49,4,1.75,0.13541666666666666,0.39999999999999997,3.2
343,18,47,9,1.7,0.19576719576719576,0.47696960070847283,3.15
344,18,51,6,1.75,0.140625,0.39999999999999997,3.2
345,19,47,9,1.7894736842105263,0.19270833333333331,0.4823763889427201,3.3684210526315788
346,19,54,5,1.7894736842105263,0.11458333333333333,0.48237638894272,3.3684210526315788
347,17,49,9,1.6666666666666667,0.17708333333333331,0.21295885499997994,3.0476190476190474
348,20,46,10,1.7777777777777777,0.21354166666666663,0.49690399499995325,3.5555555555555554
349,18,51,6,1.75,0.13541666666666666,0.39999999999999997,3.2
350,19,50,8,1.7894736842105263,0.16145833333333331,0.4823763889427201,3.3684210526315788
351,18,51,7,1.7,0.15104166666666666,0.39999999999999997,3.2
352,17,50,5,1.7142857142857142,0.13802083333333331,0.21295885499997994,3.0476190476190474
353,18,50,6,1.75,0.15364583333333331,0.39999999999999997,3.2
354,18,49,6,1.75,0.1484375,0.39999999999999997,3.2
355,18,47,7,1.75,0.17708333333333334,0.39999999999999997,3.2
356,18,49,10,1.75,0.1875,0.39999999999999997,3.2
357,17,43,11,1.619047619047619,0.2421875,0.21295885499997994,3.0476190476190474
358,18,47,5,1.7,0.15364583333333331,0.39999999999999997,3.2
359,18,47,12,1.75,0.22135416666666666,0.39999999999999997,3.2
360,19,50,5,1.736842105263158,0.1328125,0.48237638894272,3.3684210526315788
361,18,50,6,1.75,0.14583333333333331,0.39999999999999997,3.2
362,19,48,8,1.7894736842105263,0.18229166666666666,0.48237638894272,3.3684210526315788
363,18,45,9,1.75,0.2109375,0.39999999999999997,3.2
364,17,45,9,1.6666666666666667,0.2109375,0.21295885499997994,3.0476190476190474
365,18,54,5,1.7,0.11458333333333333,0.39999999999999997,3.2
366,18,51,8,1.65,0.15608465608465608,0.47696960070847283,3.15
367,19,49,8,1.7894736842105263,0.16666666666666669,0.4823763889427201,3.3684210526315788
368,19,49,10,1.736842105263158,0.18489583333333331,0.4823763889427201,3.3684210526315788
369,18,46,7,1.7,0.1875,0.39999999999999997,3.2
370,19,49,6,1.7894736842105263,0.15625,0.4823763889427201,3.3684210526315788
371,17,45,9,1.6666666666666667,0.20634920634920634,0.3086066999241838,3.0
372,19,44,13,1.736842105263158,0.25260416666666663,0.4823763889427201,3.3684210526315788
373,19,46,12,1.7894736842105263,0.23177083333333331,0.4823763889427201,3.3684210526315788
374,18,49,6,1.75,0.15364583333333331,0.39999999999999997,3.2
375,18,47,5,1.75,0.171875,0.39999999999999997,3.2
376,19,47,8,1.736842105263158,0.19010416666666666,0.4823763889427201,3.3684210526315788
377,18,48,9,1.7,0.1875,0.39999999999999997,3.2
378,19,46,14,1.6842105263157894,0.2433862433862434,0.5668594533825794,3.3157894736842106
379,19,46,9,1.7894736842105263,0.20833333333333331,0.4823763889427201,3.3684210526315788
380,18,46,10,1.75,0.21354166666666666,0.39999999999999997,3.2
381,18,46,14,1.7,0.2421875,0.39999999999999997,3.2
382,19,51,5,1.7894736842105263,0.1328125,0.4823763889427201,3.3684210526315788
383,19,46,9,1.736842105263158,0.19791666666666666,0.4823763889427201,3.3684210526315788
384,19,47,10,1.736842105263158,0.19791666666666666,0.4823763889427201,3.3684210526315788
385,20,45,15,1.7777777777777777,0.26041666666666663,0.49690399499995325,3.5555555555555554
386,17,51,7,1.7142857142857142,0.1484375,0.21295885499997996,3.0476190476190474
387,19,43,13,1.7894736842105263,0.2604166666666667,0.48237638894272,3.3684210526315788
388,19,43,12,1.7894736842105263,0.2526041666666667,0.4823763889427201,3.3684210526315788
389,19,47,12,1.7894736842105263,0.22135416666666669,0.48237638894272,3.3684210526315788
390,18,42,12,1.7,0.2578125,0.39999999999999997,3.2
391,18,50,7,1.7,0.16145833333333331,0.39999999999999997,3.2
392,19,48,12,1.736842105263158,0.21354166666666669,0.4823763889427201,3.3684210526315788
393,18,49,8,1.75,0.17447916666666666,0.39999999999999997,3.2
394,18,47,10,1.75,0.203125,0.39999999999999997,3.2
395,19,42,12,1.736842105263158,0.2552083333333333,0.4823763889427201,3.3684210526315788
396,19,46,9,1.6842105263157894,0.203125,0.4823763889427201,3.3684210526315788
397,19,44,10,1.7894736842105263,0.2265625,0.4823763889427201,3.3684210526315788
398,18,46,9,1.7,0.19791666666666663,0.39999999999999997,3.2
399,18,48,9,1.75,0.19010416666666669,0.39999999999999997,3.2
400,17,49,10,1.7142857142857142,0.19010416666666666,0.21295885499997994,3.0476190476190474
401,19,51,6,1.736842105263158,0.13802083333333331,0.4823763889427201,3.3684210526315788
402,19,47,9,1.7894736842105263,0.19270833333333331,0.48237638894272,3.3684210526315788
403,19,44,10,1.736842105263158,0.22135416666666666,0.48237638894272,3.3684210526315788
404,19,45,11,1.736842105263158,0.22395833333333331,0.4823763889427201,3.3684210526315788
405,19,44,16,1.736842105263158,0.2786458333333333,0.4823763889427201,3.3684210526315788
406,18,47,8,1.7,0.18489583333333331,0.39999999999999997,3.2
407,17,50,12,1.6666666666666667,0.20052083333333334,0.21295885499997994,3.0476190476190474
408,18,45,10,1.7,0.22135416666666666,0.39999999999999997,3.2
409,20,45,12,1.7777777777777777,0.23697916666666663,0.49690399499995325,3.5555555555555554
410,19,45,11,1.7894736842105263,0.22656249999999997,0.4823763889427201,3.3684210526315788
411,18,48,9,1.7,0.19270833333333331,0.39999999999999997,3.2
412,19,49,8,1.736842105263158,0.17447916666666666,0.4823763889427201,3.3684210526315788
413,19,41,10,1.736842105263158,0.23958333333333334,0.4823763889427201,3.3684210526315788
414,19,45,13,1.736842105263158,0.24739583333333331,0.48237638894272,3.3684210526315788
415,19,49,10,1.7894736842105263,0.19270833333333331,0.4823763889427201,3.3684210526315788
416,18,46,11,1.75,0.22135416666666666,0.39999999999999997,3.2
417,19,43,11,1.7894736842105263,0.24739583333333331,0.4823763889427201,3.3684210526315788
418,19,43,13,1.736842105263158,0.25520833333333337,0.4823763889427201,3.3684210526315788
419,19,48,7,1.6842105263157894,0.17195767195767195,0.5668594533825794,3.3157894736842106
420,19,46,11,1.7894736842105263,0.22135416666666666,0.4823763889427201,3.3684210526315788
421,19,48,10,1.736842105263158,0.20052083333333331,0.4823763889427201,3.3684210526315788
422,18,44,14,1.7,0.2578125,0.39999999999999997,3.2
423,18,44,13,1.7,0.25260416666666663,0.39999999999999997,3.2
424,19,47,11,1.736842105263158,0.20833333333333331,0.4823763889427201,3.3684210526315788
425,18,48,10,1.7,0.19270833333333331,0.39999999999999997,3.2
426,19,47,12,1.7894736842105263,0.21875,0.4823763889427201,3.3684210526315788
427,18,45,11,1.75,0.2265625,0.39999999999999997,3.2
428,18,52,7,1.75,0.14583333333333331,0.39999999999999997,3.2
429,17,45,10,1.6666666666666667,0.21614583333333331,0.21295885499997994,3.0476190476190474
430,19,44,13,1.736842105263158,0.2578125,0.4823763889427201,3.3684210526315788
431,18,46,11,1.7,0.21875,0.39999999999999997,3.2
432,18,46,15,1.7,0.2552083333333333,0.39999999999999997,3.2
433,18,49,9,1.75,0.18489583333333331,0.39999999999999997,3.2
434,19,44,10,1.736842105263158,0.2265625,0.4823763889427201,3.3684210526315788
435,19,46,13,1.736842105263158,0.2421875,0.4823763889427201,3.3684210526315788
436,19,43,13,1.7894736842105263,0.2552083333333333,0.4823763889427201,3.3684210526315788
437,19,49,12,1.736842105263158,0.2109375,0.4823763889427201,3.3684210526315788
438,19,49,11,1.736842105263158,0.203125,0.4823763889427201,3.3684210526315788
439,18,46,12,1.7,0.23177083333333331,0.39999999999999997,3.2
440,19,47,10,1.7894736842105263,0.20572916666666666,0.48237638894272,3.3684210526315788
441,17,42,12,1.6666666666666667,0.2526041666666667,0.21295885499997994,3.0476190476190474
442,18,45,12,1.75,0.234375,0.39999999999999997,3.2
443,18,42,10,1.75,0.23697916666666666,0.39999999999999997,3.2
444,19,49,9,1.736842105263158,0.1796875,0.4823763889427201,3.3684210526315788
445,17,46,12,1.619047619047619,0.2222222222222222,0.3086066999241838,3.0
446,19,42,12,1.6842105263157894,0.25661375661375657,0.5668594533825794,3.3157894736842106
447,18,49,10,1.75,0.1875,0.39999999999999997,3.2
448,18,52,7,1.75,0.14583333333333331,0.39999999999999997,3.2
449,19,47,12,1.736842105263158,0.2265625,0.4823763889427201,3.3684210526315788
450,18,44,12,1.65,0.23544973544973544,0.47696960070847283,3.15
451,19,50,8,1.736842105263158,0.16666666666666666,0.4823763889427201,3.3684210526315788
452,19,49,10,1.736842105263158,0.1953125,0.4823763889427201,3.3684210526315788
453,17,55,6,1.7142857142857142,0.11458333333333334,0.21295885499997994,3.0476190476190474
454,19,46,9,1.736842105263158,0.20572916666666666,0.4823763889427201,3.3684210526315788
455,18,44,12,1.75,0.23958333333333331,0.39999999999999997,3.2
456,18,46,14,1.75,0.24739583333333331,0.39999999999999997,3.2
457,18,46,12,1.7,0.2265625,0.39999999999999997,3.2
458,18,44,12,1.75,0.2421875,0.39999999999999997,3.2
459,17,42,13,1.7142857142857142,0.26822916666666663,0.21295885499997994,3.0476190476190474
460,18,44,13,1.75,0.24479166666666666,0.39999999999999997,3.2
461,19,44,11,1.736842105263158,0.234375,0.4823763889427201,3.3684210526315788
462,18,44,14,1.75,0.2630208333333333,0.39999999999999997,3.2
463,18,42,11,1.75,0.2421875,0.39999999999999997,3.2
464,18,44,11,1.75,0.23697916666666669,0.39999999999999997,3.2
465,18,41,12,1.75,0.26041666666666663,0.39999999999999997,3.2
466,18,43,14,1.7,0.2682291666666667,0.39999999999999997,3.2
467,18,47,10,1.7,0.20052083333333331,0.39999999999999997,3.2
468,20,45,12,1.8333333333333333,0.23697916666666666,0.49690399499995325,3.5555555555555554
469,18,45,13,1.75,0.24218749999999997,0.39999999999999997,3.2
470,19,44,10,1.736842105263158,0.23177083333333331,0.48237638894272,3.3684210526315788
471,18,47,10,1.7,0.20572916666666666,0.39999999999999997,3.2
472,18,50,9,1.7,0.17708333333333331,0.39999999999999997,3.2
473,18,43,15,1.7,0.27864583333333337,0.39999999999999997,3.2
474,18,46,11,1.7,0.21874999999999997,0.39999999999999997,3.2
475,20,47,8,1.8333333333333333,0.1875,0.49690399499995325,3.5555555555555554
476,19,42,17,1.736842105263158,0.3046875,0.4823763889427201,3.3684210526315788
477,18,46,10,1.75,0.21354166666666669,0.39999999999999997,3.2
478,19,46,10,1.7894736842105263,0.2109375,0.4823763889427201,3.3684210526315788
479,19,42,15,1.736842105263158,0.28125,0.4823763889427201,3.3684210526315788
480,18,44,15,1.7,0.26302083333333337,0.39999999999999997,3.2
481,19,46,12,1.736842105263158,0.22395833333333331,0.4823763889427201,3.3684210526315788
482,19,46,14,1.736842105263158,0.24479166666666666,0.4823763889427201,3.3684210526315788
483,19,43,17,1.736842105263158,0.2942708333333333,0.4823763889427201,3.3684210526315788
484,18,46,13,1.75,0.23177083333333334,0.39999999999999997,3.2
485,18,43,13,1.75,0.25260416666666663,0.39999999999999997,3.2
486,18,42,14,1.75,0.2734375,0.39999999999999997,3.2
487,17,45,12,1.6666666666666667,0.23177083333333331,0.21295885499997994,3.0476190476190474
488,19,43,14,1.736842105263158,0.26302083333333337,0.4823763889427201,3.3684210526315788
489,19,39,17,1.736842105263158,0.32291666666666663,0.4823763889427201,3.3684210526315788
490,18,46,13,1.7,0.23958333333333331,0.39999999999999997,3.2
491,18,44,13,1.75,0.25260416666666663,0.39999999999999997,3.2
492,18,46,13,1.7,0.23958333333333331,0.39999999999999997,3.2
493,19,46,13,1.736842105263158,0.23177083333333331,0.4823763889427201,3.3684210526315788
494,19,42,14,1.736842105263158,0.2734375,0.4823763889427201,3.3684210526315788
495,18,47,14,1.7,0.23958333333333334,0.39999999999999997,3.2
496,19,43,15,1.736842105263158,0.2760416666666667,0.48237638894272,3.3684210526315788
497,19,45,10,1.7894736842105263,0.22135416666666666,0.4823763889427201,3.3684210526315788
498,18,45,12,1.75,0.23958333333333331,0.39999999999999997,3.2
499,19,40,17,1.736842105263158,0.3098958333333333,0.4823763889427201,3.3684210526315788
500,18,45,13,1.7,0.24739583333333331,0.39999999999999997,3.2
501,19,49,12,1.7894736842105263,0.20833333333333334,0.4823763889427201,3.3684210526315788
502,18,41,16,1.7,0.30208333333333337,0.39999999999999997,3.2
503,18,42,16,1.7,0.2864583333333333,0.39999999999999997,3.2
504,18,43,10,1.7,0.234375,0.39999999999999997,3.2
505,18,43,14,1.7,0.26822916666666663,0.39999999999999997,3.2
506,19,44,14,1.736842105263158,0.26302083333333337,0.4823763889427201,3.3684210526315788
507,19,47,13,1.736842105263158,0.23177083333333331,0.4823763889427201,3.3684210526315788
508,19,41,11,1.736842105263158,0.26041666666666663,0.4823763889427201,3.3684210526315788
509,18,42,14,1.75,0.27083333333333337,0.39999999999999997,3.2
510,19,44,11,1.7894736842105263,0.23177083333333331,0.4823763889427201,3.3684210526315788
511,18,48,13,1.7,0.22395833333333331,0.39999999999999997,3.2
512,17,44,15,1.6666666666666667,0.26822916666666663,0.21295885499997994,3.0476190476190474
513,20,44,14,1.7777777777777777,0.25520833333333337,0.49690399499995325,3.5555555555555554
514,19,42,19,1.736842105263158,0.31510416666666663,0.4823763889427201,3.3684210526315788
515,18,44,10,1.75,0.22916666666666669,0.39999999999999997,3.2
516,19,43,14,1.736842105263158,0.2708333333333333,0.48237638894272,3.3684210526315788
517,18,41,14,1.7,0.2786458333333333,0.39999999999999997,3.2
518,19,41,17,1.736842105263158,0.30208333333333337,0.4823763889427201,3.3684210526315788
519,19,49,11,1.736842105263158,0.19791666666666666,0.4823763889427201,3.3684210526315788
520,19,47,12,1.736842105263158,0.22395833333333331,0.4823763889427201,3.3684210526315788
521,18,42,17,1.7,0.30208333333333337,0.39999999999999997,3.2
522,18,36,17,1.7,0.34635416666666663,0.39999999999999997,3.2
523,18,41,13,1.7,0.26822916666666663,0.39999999999999997,3.2
524,18,36,15,1.65,0.3253968253968254,0.47696960070847283,3.15
525,18,40,16,1.75,0.30729166666666663,0.39999999999999997,3.2
526,19,44,14,1.736842105263158,0.2578125,0.4823763889427201,3.3684210526315788
527,18,45,12,1.7,0.234375,0.39999999999999997,3.2
528,19,43,14,1.7894736842105263,0.26822916666666663,0.48237638894272,3.3684210526315788
529,18,45,14,1.7,0.2552083333333333,0.39999999999999997,3.2
530,19,43,17,1.736842105263158,0.296875,0.48237638894272,3.3684210526315788
531,19,41,14,1.736842105263158,0.27864583333333337,0.4823763889427201,3.3684210526315788
532,20,42,15,1.7777777777777777,0.28125,0.49690399499995325,3.5555555555555554
533,20,41,17,1.7777777777777777,0.3098958333333333,0.49690399499995325,3.5555555555555554
534,19,43,13,1.736842105263158,0.2578125,0.4823763889427201,3.3684210526315788
535,18,38,15,1.7,0.30989583333333337,0.39999999999999997,3.2
536,19,43,16,1.736842105263158,0.2838541666666667,0.4823763889427201,3.3684210526315788
537,18,42,13,1.75,0.26302083333333337,0.39999999999999997,3.2
538,18,43,15,1.7,0.27864583333333337,0.39999999999999997,3.2
539,19,40,13,1.6842105263157894,0.2751322751322752,0.5668594533825794,3.3157894736842106
540,19,47,13,1.736842105263158,0.2265625,0.4823763889427201,3.3684210526315788
541,19,41,15,1.7894736842105263,0.2890625,0.4823763889427201,3.3684210526315788
542,18,43,13,1.7,0.2578125,0.39999999999999997,3.2
543,19,40,15,1.6842105263157894,0.2989417989417989,0.5668594533825794,3.3157894736842106
544,18,43,13,1.75,0.2578125,0.39999999999999997,3.2
545,18,42,14,1.7,0.2786458333333333,0.39999999999999997,3.2
546,19,42,16,1.7894736842105263,0.29166666666666663,0.4823763889427201,3.3684210526315788
547,18,42,16,1.7,0.2942708333333333,0.39999999999999997,3.2
548,19,42,11,1.7894736842105263,0.24479166666666663,0.48237638894272,3.3684210526315788
549,18,44,13,1.75,0.2526041666666667,0.39999999999999997,3.2
550,19,40,15,1.736842105263158,0.2942708333333333,0.48237638894272,3.3684210526315788
551,19,45,13,1.736842105263158,0.24739583333333331,0.4823763889427201,3.3684210526315788
552,19,43,13,1.736842105263158,0.26041666666666663,0.4823763889427201,3.3684210526315788
553,19,42,16,1.736842105263158,0.29427083333333337,0.4823763889427201,3.3684210526315788
554,18,39,15,1.75,0.3046875,0.39999999999999997,3.2
555,18,45,13,1.7,0.2421875,0.39999999999999997,3.2
556,18,41,14,1.7,0.27604166666666663,0.39999999999999997,3.2
557,18,41,14,1.7,0.28645833333333337,0.39999999999999997,3.2
558,19,41,17,1.736842105263158,0.3072916666666667,0.4823763889427201,3.3684210526315788
559,17,46,11,1.6666666666666667,0.22135416666666666,0.21295885499997994,3.0476190476190474
560,18,46,11,1.7,0.22395833333333334,0.39999999999999997,3.2
561,17,42,17,1.6666666666666667,0.30208333333333337,0.21295885499997994,3.0476190476190474
562,18,42,16,1.7,0.2942708333333333,0.39999999999999997,3.2
563,19,41,14,1.736842105263158,0.27604166666666663,0.4823763889427201,3.3684210526315788
564,18,44,13,1.7,0.25520833333333337,0.39999999999999997,3.2
565,18,43,12,1.7,0.25,0.39999999999999997,3.2
566,18,40,17,1.7,0.3203125,0.39999999999999997,3.2
567,19,42,16,1.736842105263158,0.29166666666666663,0.4823763889427201,3.3684210526315788
568,19,41,15,1.736842105263158,0.29166666666666663,0.48237638894272,3.3684210526315788
569,19,41,17,1.736842105263158,0.30729166666666663,0.4823763889427201,3.3684210526315788
570,18,45,14,1.7,0.2552083333333333,0.39999999999999997,3.2
571,19,44,13,1.736842105263158,0.2578125,0.4823763889427201,3.3684210526315788
572,18,40,17,1.7,0.31510416666666663,0.39999999999999997,3.2
573,18,42,16,1.7,0.2942708333333333,0.39999999999999997,3.2
574,18,42,17,1.7,0.3046875,0.39999999999999997,3.2
575,18,42,15,1.7,0.2864583333333333,0.39999999999999997,3.2
576,19,39,17,1.6842105263157894,0.32010582010582006,0.5668594533825794,3.3157894736842106
577,19,38,15,1.736842105263158,0.3046875,0.4823763889427201,3.3684210526315788
578,18,38,17,1.75,0.3359375,0.39999999999999997,3.2
579,18,41,15,1.65,0.29100529100529104,0.47696960070847283,3.15
580,18,36,13,1.65,0.3015873015873015,0.47696960070847283,3.15
581,19,42,17,1.736842105263158,0.30208333333333337,0.4823763889427201,3.3684210526315788
582,19,43,15,1.736842105263158,0.2760416666666667,0.4823763889427201,3.3684210526315788
583,18,44,15,1.7,0.26822916666666663,0.39999999999999997,3.2
584,18,45,16,1.7,0.2734375,0.39999999999999997,3.2
585,18,42,16,1.7,0.2942708333333333,0.39999999999999997,3.2
586,19,39,17,1.736842105263158,0.328125,0.4823763889427201,3.3684210526315788
587,19,37,18,1.736842105263158,0.3463541666666667,0.4823763889427201,3.3684210526315788
588,18,41,15,1.7,0.28385416666666663,0.39999999999999997,3.2
589,18,42,13,1.7,0.2708333333333333,0.39999999999999997,3.2
590,19,38,17,1.7894736842105263,0.3333333333333333,0.4823763889427201,3.3684210526315788
591,18,43,14,1.7,0.2682291666666667,0.39999999999999997,3.2
592,18,40,16,1.7,0.30729166666666663,0.39999999999999997,3.2
593,19,38,13,1.736842105263158,0.29166666666666663,0.4823763889427201,3.3684210526315788
594,20,41,19,1.7777777777777777,0.328125,0.49690399499995325,3.5555555555555554
595,19,44,14,1.736842105263158,0.26041666666666663,0.4823763889427201,3.3684210526315788
596,18,45,15,1.7,0.265625,0.39999999999999997,3.2
597,18,44,16,1.7,0.2786458333333333,0.39999999999999997,3.2
598,19,40,17,1.6842105263157894,0.3148148148148148,0.5668594533825794,3.3157894736842106
599,18,40,17,1.7,0.3151041666666667,0.39999999999999997,3.2
600,18,41,19,1.7,0.3255208333333333,0.39999999999999997,3.2
601,19,47,14,1.736842105263158,0.23958333333333331,0.4823763889427201,3.3684210526315788
602,19,40,18,1.736842105263158,0.32291666666666663,0.48237638894272,3.3684210526315788
603,18,39,18,1.7,0.33333333333333337,0.39999999999999997,3.2
604,19,40,14,1.6842105263157894,0.2857142857142857,0.5668594533825794,3.3157894736842106
605,19,42,14,1.736842105263158,0.27604166666666663,0.48237638894272,3.3684210526315788
606,19,41,17,1.736842105263158,0.30989583333333337,0.4823763889427201,3.3684210526315788
607,18,40,16,1.7,0.3125,0.39999999999999997,3.2
608,19,43,14,1.736842105263158,0.2734375,0.4823763889427201,3.3684210526315788
609,19,39,15,1.736842105263158,0.2994791666666667,0.4823763889427201,3.3684210526315788
610,19,40,19,1.736842105263158,0.3307291666666667,0.4823763889427201,3.3684210526315788
611,18,39,16,1.7,0.3098958333333333,0.39999999999999997,3.2
612,18,43,14,1.65,0.265625,0.39999999999999997,3.2
613,19,47,14,1.736842105263158,0.23958333333333331,0.48237638894272,3.3684210526315788
614,19,39,15,1.736842105263158,0.3125,0.4823763889427201,3.3684210526315788
615,18,44,15,1.7,0.26822916666666663,0.39999999999999997,3.2
616,18,42,13,1.75,0.26302083333333337,0.39999999999999997,3.2
617,18,45,15,1.7,0.26302083333333337,0.39999999999999997,3.2
618,18,47,13,1.75,0.234375,0.39999999999999997,3.2
619,19,40,17,1.736842105263158,0.3177083333333333,0.4823763889427201,3.3684210526315788
620,19,41,17,1.736842105263158,0.3098958333333333,0.4823763889427201,3.3684210526315788
621,18,40,17,1.7,0.31770833333333337,0.39999999999999997,3.2
622,18,41,16,1.7,0.2942708333333333,0.39999999999999997,3.2
623,18,41,17,1.7,0.30989583333333337,0.39999999999999997,3.2
624,19,41,18,1.736842105263158,0.3125,0.48237638894272,3.3684210526315788
625,18,44,16,1.75,0.27604166666666663,0.39999999999999997,3.2
626,18,43,13,1.7,0.2578125,0.39999999999999997,3.2
627,19,40,18,1.736842105263158,0.32552083333333337,0.4823763889427201,3.3684210526315788
628,19,37,20,1.736842105263158,0.36458333333333337,0.4823763889427201,3.3684210526315788
629,18,37,16,1.65,0.33068783068783075,0.47696960070847283,3.15
630,19,39,19,1.736842105263158,0.3411458333333333,0.4823763889427201,3.3684210526315788
631,18,39,19,1.7,0.34114583333333337,0.39999999999999997,3.2
632,19,40,16,1.736842105263158,0.3072916666666667,0.4823763889427201,3.3684210526315788
633,18,40,17,1.65,0.3121693121693122,0.47696960070847283,3.15
634,17,45,12,1.6666666666666667,0.2421875,0.21295885499997994,3.0476190476190474
635,18,39,16,1.65,0.3121693121693122,0.47696960070847283,3.15
636,17,43,13,1.6666666666666667,0.2578125,0.21295885499997994,3.0476190476190474
637,19,39,18,1.736842105263158,0.328125,0.4823763889427201,3.3684210526315788
638,19,37,15,1.736842105263158,0.31770833333333337,0.4823763889427201,3.3684210526315788
639,20,45,14,1.7777777777777777,0.2578125,0.49690399499995325,3.5555555555555554
640,19,39,14,1.736842105263158,0.296875,0.4823763889427201,3.3684210526315788
641,19,40,18,1.736842105263158,0.328125,0.4823763889427201,3.3684210526315788
642,18,40,17,1.7,0.3177083333333333,0.39999999999999997,3.2
643,19,38,19,1.736842105263158,0.34375,0.48237638894272,3.3684210526315788
644,18,38,17,1.7,0.3255208333333333,0.39999999999999997,3.2
645,19,39,17,1.736842105263158,0.3229166666666667,0.48237638894272,3.3684210526315788
646,18,36,19,1.7,0.3619791666666667,0.39999999999999997,3.2
647,19,44,15,1.736842105263158,0.2734375,0.4823763889427201,3.3684210526315788
648,18,37,19,1.7,0.35416666666666663,0.39999999999999997,3.2
649,19,39,14,1.736842105263158,0.29947916666666663,0.4823763889427201,3.3684210526315788
650,18,38,16,1.7,0.328125,0.39999999999999997,3.2
651,19,41,17,1.736842105263158,0.30989583333333337,0.48237638894272,3.3684210526315788
652,20,41,17,1.7777777777777777,0.3125,0.49690399499995325,3.5555555555555554
653,18,46,14,1.7,0.24739583333333334,0.39999999999999997,3.2
654,18,38,17,1.7,0.3307291666666667,0.39999999999999997,3.2
655,20,42,15,1.7777777777777777,0.28125,0.49690399499995325,3.5555555555555554
656,19,44,13,1.736842105263158,0.2578125,0.4823763889427201,3.3684210526315788
657,18,38,17,1.65,0.3253968253968254,0.47696960070847283,3.15
658,18,40,15,1.7,0.296875,0.39999999999999997,3.2
659,18,41,16,1.7,0.29947916666666663,0.39999999999999997,3.2
660,19,35,18,1.736842105263158,0.359375,0.4823763889427201,3.3684210526315788
661,18,40,15,1.7,0.30208333333333337,0.39999999999999997,3.2
662,19,37,21,1.736842105263158,0.3723958333333333,0.4823763889427201,3.3684210526315788
663,19,37,19,1.736842105263158,0.3489583333333333,0.48237638894272,3.3684210526315788
664,19,39,18,1.736842105263158,0.3333333333333333,0.4823763889427201,3.3684210526315788
665,19,38,18,1.736842105263158,0.34114583333333337,0.4823763889427201,3.3684210526315788
666,19,42,15,1.736842105263158,0.2864583333333333,0.4823763889427201,3.3684210526315788
667,18,41,17,1.7,0.3098958333333333,0.39999999999999997,3.2
668,19,39,19,1.736842105263158,0.3385416666666667,0.4823763889427201,3.3684210526315788
669,19,36,21,1.736842105263158,0.3802083333333333,0.4823763889427201,3.3684210526315788
670,19,41,18,1.736842105263158,0.31770833333333337,0.4823763889427201,3.3684210526315788
671,19,44,14,1.736842105263158,0.265625,0.4823763889427201,3.3684210526315788
672,18,40,17,1.7,0.31510416666666663,0.39999999999999997,3.2
673,18,39,19,1.7,0.3385416666666667,0.39999999999999997,3.2
674,19,40,19,1.736842105263158,0.3333333333333333,0.4823763889427201,3.3684210526315788
675,19,37,17,1.736842105263158,0.33854166666666663,0.4823763889427201,3.3684210526315788
676,18,39,18,1.7,0.3333333333333333,0.39999999999999997,3.2
677,19,34,18,1.736842105263158,0.3619791666666667,0.4823763889427201,3.3684210526315788
678,18,39,17,1.65,0.32010582010582006,0.47696960070847283,3.15
679,18,42,15,1.7,0.2838541666666667,0.39999999999999997,3.2
680,19,41,15,1.736842105263158,0.29427083333333337,0.4823763889427201,3.3684210526315788
681,18,42,19,1.7,0.31770833333333337,0.39999999999999997,3.2
682,19,39,17,1.736842105263158,0.3255208333333333,0.4823763889427201,3.3684210526315788
683,18,39,18,1.7,0.3333333333333333,0.39999999999999997,3.2
684,18,40,18,1.7,0.3255208333333333,0.39999999999999997,3.2
685,19,37,19,1.736842105263158,0.3541666666666667,0.4823763889427201,3.3684210526315788
686,18,37,14,1.7,0.3125,0.39999999999999997,3.2
687,19,39,18,1.736842105263158,0.3333333333333333,0.48237638894272,3.3684210526315788
688,18,40,18,1.7,0.32291666666666663,0.39999999999999997,3.2
689,18,37,19,1.7,0.3541666666666667,0.39999999999999997,3.2
690,19,40,16,1.736842105263158,0.3072916666666667,0.4823763889427201,3.3684210526315788
691,18,42,15,1.7,0.28645833333333337,0.39999999999999997,3.2
692,19,38,17,1.736842105263158,0.33072916666666663,0.4823763889427201,3.3684210526315788
693,19,40,16,1.736842105263158,0.3072916666666667,0.48237638894272,3.3684210526315788
694,18,40,17,1.7,0.3151041666666667,0.39999999999999997,3.2
695,18,40,16,1.7,0.3046875,0.39999999999999997,3.2
696,20,35,22,1.8333333333333333,0.39322916666666663,0.49690399499995325,3.5555555555555554
697,18,35,16,1.7,0.3359375,0.39999999999999997,3.2
698,18,34,20,1.7,0.3776041666666667,0.39999999999999997,3.2
699,18,37,21,1.7,0.36979166666666663,0.39999999999999997,3.2
700,20,39,20,1.7777777777777777,0.3463541666666667,0.49690399499995325,3.5555555555555554
701,19,41,18,1.736842105263158,0.3177083333333333,0.4823763889427201,3.3684210526315788
702,18,34,19,1.7,0.38020833333333337,0.39999999999999997,3.2
703,19,43,15,1.736842105263158,0.2786458333333333,0.48237638894272,3.3684210526315788
704,18,37,21,1.7,0.3697916666666667,0.39999999999999997,3.2
705,18,40,18,1.7,0.32552083333333337,0.39999999999999997,3.2
706,18,35,19,1.7,0.37239583333333337,0.39999999999999997,3.2
707,19,40,17,1.736842105263158,0.3125,0.4823763889427201,3.3684210526315788
708,19,39,18,1.736842105263158,0.33333333333333337,0.48237638894272,3.3684210526315788
709,19,43,14,1.736842105263158,0.26822916666666663,0.4823763889427201,3.3684210526315788
710,20,42,18,1.7777777777777777,0.30989583333333337,0.49690399499995325,3.5555555555555554
711,19,39,18,1.736842105263158,0.33333333333333337,0.4823763889427201,3.3684210526315788
712,17,39,19,1.6666666666666667,0.3411458333333333,0.21295885499997994,3.0476190476190474
713,18,38,18,1.7,0.3359375,0.39999999999999997,3.2
714,18,38,14,1.7,0.3020833333333333,0.39999999999999997,3.2
715,18,38,16,1.65,0.3068783068783068,0.47696960070847283,3.15
716,18,42,19,1.7,0.3177083333333333,0.39999999999999997,3.2
717,18,39,17,1.7,0.31770833333333337,0.39999999999999997,3.2
718,19,43,16,1.736842105263158,0.2890625,0.48237638894272,3.3684210526315788
719,19,41,17,1.736842105263158,0.3072916666666667,0.4823763889427201,3.3684210526315788
720,19,39,20,1.736842105263158,0.34635416666666663,0.4823763889427201,3.3684210526315788
721,20,35,18,1.7777777777777777,0.359375,0.49690399499995325,3.5555555555555554
722,19,35,19,1.736842105263158,0.36979166666666663,0.4823763889427201,3.3684210526315788
723,19,37,18,1.736842105263158,0.34375,0.4823763889427201,3.3684210526315788
724,18,40,18,1.7,0.3255208333333333,0.39999999999999997,3.2
725,18,40,19,1.7,0.3359375,0.39999999999999997,3.2
726,19,39,18,1.736842105263158,0.33333333333333337,0.4823763889427201,3.3684210526315788
727,19,35,20,1.736842105263158,0.3723958333333333,0.4823763889427201,3.3684210526315788
728,19,38,18,1.736842105263158,0.3385416666666667,0.4823763889427201,3.3684210526315788
729,17,39,17,1.6666666666666667,0.3229166666666667,0.21295885499997994,3.0476190476190474
730,18,44,16,1.7,0.2786458333333333,0.39999999999999997,3.2
731,18,42,17,1.7,0.3020833333333333,0.39999999999999997,3.2
732,17,36,19,1.6666666666666667,0.359375,0.21295885499997994,3.0476190476190474
733,18,39,16,1.7,0.3151041666666667,0.39999999999999997,3.2
734,18,40,15,1.75,0.29947916666666663,0.39999999999999997,3.2
735,19,36,20,1.6842105263157894,0.37037037037037035,0.5668594533825794,3.3157894736842106
736,18,40,16,1.7,0.3046875,0.39999999999999997,3.2
737,18,36,19,1.7,0.3671875,0.39999999999999997,3.2
738,19,42,19,1.736842105263158,0.3203125,0.4823763889427201,3.3684210526315788
739,17,33,19,1.6666666666666667,0.37760416666666663,0.21295885499997994,3.0476190476190474
740,18,35,23,1.7,0.40104166666666663,0.39999999999999997,3.2
741,19,37,19,1.736842105263158,0.35416666666666663,0.4823763889427201,3.3684210526315788
742,18,43,16,1.7,0.2864583333333333,0.39999999999999997,3.2
743,17,39,17,1.6666666666666667,0.32291666666666663,0.21295885499997994,3.0476190476190474
744,18,35,22,1.7,0.3932291666666667,0.39999999999999997,3.2
745,18,42,18,1.7,0.3098958333333333,0.39999999999999997,3.2
746,19,34,20,1.736842105263158,0.3854166666666667,0.48237638894272,3.3684210526315788
747,18,38,16,1.7,0.32291666666666663,0.39999999999999997,3.2
748,17,38,19,1.6666666666666667,0.3515625,0.21295885499997994,3.0476190476190474
749,18,41,15,1.7,0.2942708333333333,0.39999999999999997,3.2
750,18,39,15,1.65,0.3042328042328042,0.47696960070847283,3.15
751,19,46,14,1.736842105263158,0.24739583333333331,0.4823763889427201,3.3684210526315788
752,19,39,19,1.736842105263158,0.34375,0.4823763889427201,3.3684210526315788
753,18,40,18,1.7,0.328125,0.39999999999999997,3.2
754,18,37,21,1.7,0.36979166666666663,0.39999999999999997,3.2
755,18,34,21,1.7,0.39322916666666663,0.39999999999999997,3.2
756,18,38,19,1.7,0.34375,0.39999999999999997,3.2
757,18,38,16,1.7,0.3203125,0.39999999999999997,3.2
758,18,41,18,1.7,0.3203125,0.39999999999999997,3.2
759,18,36,21,1.65,0.38095238095238093,0.47696960070847283,3.15
760,20,35,21,1.7777777777777777,0.390625,0.49690399499995325,3.5555555555555554
761,19,41,17,1.736842105263158,0.3098958333333333,0.4823763889427201,3.3684210526315788
762,19,38,19,1.736842105263158,0.3489583333333333,0.48237638894272,3.3684210526315788
763,18,38,19,1.7,0.3463541666666667,0.39999999999999997,3.2
764,19,42,17,1.736842105263158,0.30208333333333337,0.4823763889427201,3.3684210526315788
765,19,37,20,1.6842105263157894,0.36243386243386244,0.5668594533825794,3.3157894736842106
766,19,41,18,1.736842105263158,0.31770833333333337,0.48237638894272,3.3684210526315788
767,18,35,19,1.7,0.3671875,0.39999999999999997,3.2
768,19,37,19,1.736842105263158,0.3567708333333333,0.48237638894272,3.3684210526315788
769,19,40,16,1.736842105263158,0.3098958333333333,0.4823763889427201,3.3684210526315788
770,18,34,19,1.7,0.37760416666666663,0.39999999999999997,3.2
771,18,36,21,1.7,0.37760416666666663,0.39999999999999997,3.2
772,18,40,17,1.7,0.31770833333333337,0.39999999999999997,3.2
773,19,33,18,1.736842105263158,0.37239583333333337,0.4823763889427201,3.3684210526315788
774,18,33,21,1.7,0.4010416666666667,0.39999999999999997,3.2
775,18,38,19,1.7,0.34635416666666663,0.39999999999999997,3.2
776,19,37,17,1.736842105263158,0.3359375,0.48237638894272,3.3684210526315788
777,18,36,18,1.75,0.3515625,0.39999999999999997,3.2
778,17,34,22,1.6666666666666667,0.40364583333333337,0.21295885499997994,3.0476190476190474
779,19,38,16,1.736842105263158,0.32291666666666663,0.4823763889427201,3.3684210526315788
780,17,40,19,1.7142857142857142,0.3359375,0.21295885499997994,3.0476190476190474
781,18,40,17,1.7,0.3125,0.39999999999999997,3.2
782,19,37,21,1.736842105263158,0.3697916666666667,0.4823763889427201,3.3684210526315788
783,18,41,17,1.7,0.30952380952380953,0.47696960070847283,3.15
784,18,40,15,1.7,0.29629629629629634,0.47696960070847283,3.15
785,19,38,18,1.736842105263158,0.3359375,0.4823763889427201,3.3684210526315788
786,19,42,16,1.736842105263158,0.296875,0.48237638894272,3.3684210526315788
787,19,36,16,1.736842105263158,0.3359375,0.48237638894272,3.3684210526315788
788,19,36,19,1.6842105263157894,0.3624338624338625,0.5668594533825794,3.3157894736842106
789,19,36,19,1.736842105263158,0.359375,0.4823763889427201,3.3684210526315788
790,19,29,23,1.736842105263158,0.44010416666666663,0.4823763889427201,3.3684210526315788
791,18,38,19,1.7,0.34895833333333337,0.39999999999999997,3.2
792,19,37,20,1.736842105263158,0.3645833333333333,0.4823763889427201,3.3684210526315788
793,19,41,18,1.736842105263158,0.3177083333333333,0.4823763889427201,3.3684210526315788
794,19,40,16,1.736842105263158,0.30989583333333337,0.4823763889427201,3.3684210526315788
795,18,37,21,1.7,0.375,0.39999999999999997,3.2
796,18,42,17,1.7,0.3046875,0.39999999999999997,3.2
797,18,41,15,1.7,0.2942708333333333,0.39999999999999997,3.2
798,19,35,21,1.736842105263158,0.38020833333333337,0.4823763889427201,3.3684210526315788
799,19,33,22,1.736842105263158,0.40364583333333337,0.4823763889427201,3.3684210526315788
800,19,34,20,1.736842105263158,0.3854166666666667,0.4823763889427201,3.3684210526315788
801,19,39,18,1.736842105263158,0.3359375,0.48237638894272,3.3684210526315788
802,18,31,20,1.7,0.40625,0.39999999999999997,3.2
803,18,38,20,1.7,0.3567708333333333,0.39999999999999997,3.2
804,19,34,20,1.736842105263158,0.3880208333333333,0.4823763889427201,3.3684210526315788
805,18,42,16,1.75,0.296875,0.39999999999999997,3.2
806,19,38,19,1.736842105263158,0.34895833333333337,0.4823763889427201,3.3684210526315788
807,19,35,19,1.736842105263158,0.37239583333333337,0.4823763889427201,3.3684210526315788
808,19,36,18,1.736842105263158,0.3515625,0.4823763889427201,3.3684210526315788
809,18,41,18,1.7,0.3177083333333333,0.39999999999999997,3.2
810,19,38,15,1.6842105263157894,0.31216931216931215,0.5668594533825794,3.3157894736842106
811,19,37,19,1.736842105263158,0.359375,0.4823763889427201,3.3684210526315788
812,17,38,16,1.6666666666666667,0.32291666666666663,0.21295885499997994,3.0476190476190474
813,18,34,21,1.7,0.3932291666666667,0.39999999999999997,3.2
814,19,38,18,1.736842105263158,0.3385416666666667,0.4823763889427201,3.3684210526315788
815,17,36,22,1.6666666666666667,0.38541666666666663,0.21295885499997994,3.0476190476190474
816,19,35,21,1.736842105263158,0.3828125,0.4823763889427201,3.3684210526315788
817,18,38,18,1.7,0.3385416666666667,0.39999999999999997,3.2
818,19,39,18,1.736842105263158,0.3359375,0.4823763889427201,3.3684210526315788
819,18,41,16,1.7,0.30208333333333337,0.39999999999999997,3.2
820,19,35,19,1.736842105263158,0.3671875,0.4823763889427201,3.3684210526315788
821,18,36,20,1.7,0.3723958333333333,0.39999999999999997,3.2
822,19,36,20,1.736842105263158,0.3671875,0.4823763889427201,3.3684210526315788
823,19,36,19,1.736842105263158,0.3671875,0.4823763889427201,3.3684210526315788
824,18,40,17,1.7,0.3125,0.39999999999999997,3.2
825,19,35,17,1.736842105263158,0.3515625,0.4823763889427201,3.3684210526315788
826,19,38,18,1.736842105263158,0.3411458333333333,0.4823763889427201,3.3684210526315788
827,18,39,19,1.7,0.34375,0.39999999999999997,3.2
828,18,32,21,1.7,0.4088541666666667,0.39999999999999997,3.2
829,19,37,20,1.736842105263158,0.3645833333333333,0.4823763889427201,3.3684210526315788
830,18,37,20,1.7,0.36458333333333337,0.39999999999999997,3.2
831,19,35,18,1.736842105263158,0.36197916666666663,0.48237638894272,3.3684210526315788
832,18,31,21,1.7,0.4166666666666667,0.39999999999999997,3.2
833,18,37,19,1.7,0.3541666666666667,0.39999999999999997,3.2
834,18,33,20,1.7,0.390625,0.39999999999999997,3.2
835,18,38,18,1.7,0.3411458333333333,0.39999999999999997,3.2
836,18,38,20,1.7,0.359375,0.39999999999999997,3.2
837,17,37,20,1.6666666666666667,0.3671875,0.21295885499997994,3.0476190476190474
838,18,38,18,1.7,0.3411458333333333,0.39999999999999997,3.2
839,17,36,15,1.7142857142857142,0.328125,0.21295885499997994,3.0476190476190474
840,19,34,18,1.736842105263158,0.3671875,0.4823763889427201,3.3684210526315788
841,18,39,19,1.7,0.34375,0.39999999999999997,3.2
842,18,43,15,1.7,0.28125,0.39999999999999997,3.2
843,19,36,19,1.736842105263158,0.3645833333333333,0.4823763889427201,3.3684210526315788
844,19,37,18,1.736842105263158,0.34635416666666663,0.4823763889427201,3.3684210526315788
845,18,37,21,1.7,0.3723958333333333,0.39999999999999997,3.2
846,17,36,19,1.6666666666666667,0.35677083333333337,0.21295885499997994,3.0476190476190474
847,20,37,20,1.7777777777777777,0.3671875,0.49690399499995325,3.5555555555555554
848,18,37,20,1.7,0.3671875,0.39999999999999997,3.2
849,19,36,21,1.736842105263158,0.3828125,0.4823763889427201,3.3684210526315788
850,17,35,18,1.6666666666666667,0.359375,0.21295885499997994,3.0476190476190474
851,19,37,20,1.736842105263158,0.3645833333333333,0.4823763889427201,3.3684210526315788
852,18,43,14,1.7,0.26822916666666663,0.39999999999999997,3.2
853,17,32,22,1.6666666666666667,0.41927083333333337,0.21295885499997994,3.0476190476190474
854,18,35,22,1.7,0.39322916666666663,0.39999999999999997,3.2
855,19,36,20,1.736842105263158,0.3723958333333333,0.4823763889427201,3.3684210526315788
856,19,38,21,1.736842105263158,0.36458333333333337,0.48237638894272,3.3684210526315788
857,18,36,20,1.65,0.37037037037037035,0.47696960070847283,3.15
858,20,36,17,1.7777777777777777,0.34375,0.49690399499995325,3.5555555555555554
859,18,34,21,1.7,0.39322916666666663,0.39999999999999997,3.2
860,19,32,22,1.736842105263158,0.41666666666666663,0.4823763889427201,3.3684210526315788
861,19,33,19,1.6842105263157894,0.38359788359788355,0.5668594533825794,3.3157894736842106
862,18,34,20,1.7,0.390625,0.39999999999999997,3.2
863,19,32,23,1.736842105263158,0.421875,0.4823763889427201,3.3684210526315788
864,19,32,21,1.6842105263157894,0.4074074074074074,0.5668594533825794,3.3157894736842106
865,19,35,21,1.736842105263158,0.3880208333333333,0.4823763889427201,3.3684210526315788
866,19,38,20,1.736842105263158,0.3567708333333333,0.4823763889427201,3.3684210526315788
867,18,38,18,1.7,0.33854166666666663,0.39999999999999997,3.2
868,18,34,20,1.7,0.38541666666666663,0.39999999999999997,3.2
869,19,32,20,1.736842105263158,0.39583333333333337,0.4823763889427201,3.3684210526315788
870,19,36,20,1.736842105263158,0.36979166666666663,0.4823763889427201,3.3684210526315788
871,18,31,20,1.7,0.40104166666666663,0.39999999999999997,3.2
872,18,37,20,1.7,0.3645833333333333,0.39999999999999997,3.2
873,18,34,22,1.7,0.4036458333333333,0.39999999999999997,3.2
874,19,37,19,1.736842105263158,0.34895833333333337,0.4823763889427201,3.3684210526315788
875,19,36,22,1.736842105263158,0.3880208333333333,0.4823763889427201,3.3684210526315788
876,18,38,20,1.7,0.35416666666666663,0.39999999999999997,3.2
877,19,37,17,1.736842105263158,0.3359375,0.4823763889427201,3.3684210526315788
878,19,38,21,1.736842105263158,0.3671875,0.48237638894272,3.3684210526315788
879,18,33,22,1.65,0.41005291005291006,0.47696960070847283,3.15
880,19,38,18,1.736842105263158,0.34375,0.4823763889427201,3.3684210526315788
881,18,37,20,1.7,0.3645833333333333,0.39999999999999997,3.2
882,18,36,21,1.7,0.3802083333333333,0.39999999999999997,3.2
883,19,38,17,1.736842105263158,0.33072916666666663,0.4823763889427201,3.3684210526315788
884,20,32,21,1.7222222222222223,0.41005291005291006,0.6009252125773316,3.5
885,18,34,21,1.7,0.39322916666666663,0.39999999999999997,3.2
886,19,34,20,1.736842105263158,0.3828125,0.4823763889427201,3.3684210526315788
887,19,35,21,1.736842105263158,0.3880208333333333,0.4823763889427201,3.3684210526315788
888,18,35,20,1.65,0.3783068783068783,0.47696960070847283,3.15
889,19,37,20,1.736842105263158,0.36197916666666663,0.4823763889427201,3.3684210526315788
890,18,33,20,1.7,0.38802083333333337,0.39999999999999997,3.2
891,19,37,20,1.736842105263158,0.36197916666666663,0.4823763889427201,3.3684210526315788
892,19,34,20,1.736842105263158,0.38541666666666663,0.4823763889427201,3.3684210526315788
893,19,36,18,1.736842105263158,0.3515625,0.4823763889427201,3.3684210526315788
894,18,33,20,1.7,0.39322916666666663,0.39999999999999997,3.2
895,18,35,21,1.7,0.3828125,0.39999999999999997,3.2
896,18,38,19,1.65,0.3492063492063492,0.47696960070847283,3.15
897,20,31,23,1.7222222222222223,0.43121693121693117,0.6009252125773316,3.5
898,19,35,18,1.736842105263158,0.3645833333333333,0.4823763889427201,3.3684210526315788
899,19,41,19,1.736842105263158,0.32552083333333337,0.48237638894272,3.3684210526315788
900,19,36,17,1.736842105263158,0.34895833333333337,0.4823763889427201,3.3684210526315788
901,18,35,21,1.7,0.3880208333333333,0.39999999999999997,3.2
902,18,39,18,1.7,0.3359375,0.39999999999999997,3.2
903,19,39,22,1.736842105263158,0.3671875,0.4823763889427201,3.3684210526315788
904,18,32,23,1.7,0.42447916666666663,0.39999999999999997,3.2
905,17,36,18,1.6666666666666667,0.35416666666666663,0.21295885499997994,3.0476190476190474
906,18,29,22,1.65,0.43121693121693117,0.47696960070847283,3.15
907,19,36,17,1.7894736842105263,0.3463541666666667,0.4823763889427201,3.3684210526315788
908,19,33,24,1.736842105263158,0.4270833333333333,0.4823763889427201,3.3684210526315788
909,19,33,22,1.736842105263158,0.4114583333333333,0.4823763889427201,3.3684210526315788
910,19,32,23,1.736842105263158,0.4270833333333333,0.4823763889427201,3.3684210526315788
911,19,40,17,1.736842105263158,0.3203125,0.48237638894272,3.3684210526315788
912,19,35,18,1.6842105263157894,0.35449735449735453,0.5668594533825794,3.3157894736842106
913,18,36,21,1.7,0.3828125,0.39999999999999997,3.2
914,19,37,18,1.736842105263158,0.3489583333333333,0.4823763889427201,3.3684210526315788
915,20,36,21,1.7777777777777777,0.3802083333333333,0.49690399499995325,3.5555555555555554
916,19,38,19,1.6842105263157894,0.3439153439153439,0.5668594533825794,3.3157894736842106
917,18,36,20,1.7,0.3723958333333333,0.39999999999999997,3.2
918,19,36,19,1.736842105263158,0.36458333333333337,0.4823763889427201,3.3684210526315788
919,19,33,23,1.736842105263158,0.4192708333333333,0.4823763889427201,3.3684210526315788
920,18,32,23,1.7,0.42447916666666663,0.39999999999999997,3.2
921,19,35,19,1.736842105263158,0.3723958333333333,0.4823763889427201,3.3684210526315788
922,18,40,17,1.7,0.3151041666666667,0.39999999999999997,3.2
923,20,34,19,1.7777777777777777,0.3802083333333333,0.49690399499995325,3.5555555555555554
924,19,32,21,1.736842105263158,0.4114583333333333,0.4823763889427201,3.3684210526315788
925,18,32,22,1.7,0.4140625,0.39999999999999997,3.2
926,19,32,24,1.736842105263158,0.43229166666666663,0.4823763889427201,3.3684210526315788
927,18,38,18,1.7,0.34375,0.39999999999999997,3.2
928,19,33,19,1.736842105263158,0.38020833333333337,0.4823763889427201,3.3684210526315788
929,19,34,21,1.736842105263158,0.39583333333333337,0.4823763889427201,3.3684210526315788
930,19,36,22,1.736842105263158,0.3880208333333333,0.4823763889427201,3.3684210526315788
931,19,37,21,1.736842105263158,0.3723958333333333,0.4823763889427201,3.3684210526315788
932,18,35,19,1.65,0.36507936507936506,0.47696960070847283,3.15
933,18,35,21,1.7,0.3880208333333333,0.39999999999999997,3.2
934,18,35,20,1.65,0.3783068783068783,0.47696960070847283,3.15
935,18,35,21,1.7,0.3880208333333333,0.39999999999999997,3.2
936,19,37,22,1.6842105263157894,0.38095238095238093,0.5668594533825794,3.3157894736842106
937,19,41,15,1.7894736842105263,0.296875,0.4823763889427201,3.3684210526315788
938,19,35,23,1.736842105263158,0.4036458333333333,0.4823763889427201,3.3684210526315788
939,19,37,19,1.736842105263158,0.35416666666666663,0.48237638894272,3.3684210526315788
940,18,37,19,1.7,0.35677083333333337,0.39999999999999997,3.2
941,19,35,23,1.736842105263158,0.40364583333333337,0.4823763889427201,3.3684210526315788
942,18,38,22,1.7,0.3723958333333333,0.39999999999999997,3.2
943,19,33,22,1.736842105263158,0.40625,0.4823763889427201,3.3684210526315788
944,18,33,19,1.7,0.3828125,0.39999999999999997,3.2
945,18,31,23,1.7,0.43229166666666663,0.39999999999999997,3.2
946,19,35,19,1.736842105263158,0.3723958333333333,0.4823763889427201,3.3684210526315788
947,19,36,20,1.736842105263158,0.3723958333333333,0.4823763889427201,3.3684210526315788
948,19,34,19,1.736842105263158,0.37760416666666663,0.4823763889427201,3.3684210526315788
949,18,34,19,1.65,0.38095238095238093,0.47696960070847283,3.15
950,18,32,22,1.7,0.4192708333333333,0.39999999999999997,3.2
951,18,37,23,1.7,0.390625,0.39999999999999997,3.2
952,20,35,18,1.7777777777777777,0.359375,0.49690399499995325,3.5555555555555554
953,19,36,20,1.736842105263158,0.3723958333333333,0.48237638894272,3.3684210526315788
954,18,29,23,1.7,0.453125,0.39999999999999997,3.2
955,18,29,23,1.7,0.4505208333333333,0.39999999999999997,3.2
956,20,33,22,1.7777777777777777,0.4114583333333333,0.49690399499995325,3.5555555555555554
957,18,31,21,1.7,0.41666666666666663,0.39999999999999997,3.2
958,19,34,20,1.736842105263158,0.3828125,0.48237638894272,3.3684210526315788
959,18,35,20,1.7,0.375,0.39999999999999997,3.2
960,19,38,17,1.6842105263157894,0.328042328042328,0.5668594533825794,3.3157894736842106
961,19,37,19,1.736842105263158,0.3567708333333333,0.4823763889427201,3.3684210526315788
962,18,31,23,1.7,0.4270833333333333,0.39999999999999997,3.2
963,19,33,22,1.736842105263158,0.4114583333333333,0.4823763889427201,3.3684210526315788
964,19,40,16,1.736842105263158,0.3072916666666667,0.4823763889427201,3.3684210526315788
965,19,33,24,1.736842105263158,0.42708333333333337,0.4823763889427201,3.3684210526315788
966,19,36,19,1.736842105263158,0.36197916666666663,0.4823763889427201,3.3684210526315788
967,18,33,20,1.7,0.3984375,0.39999999999999997,3.2
968,18,32,20,1.7,0.40364583333333337,0.39999999999999997,3.2
969,19,35,21,1.736842105263158,0.390625,0.4823763889427201,3.3684210526315788
970,18,36,20,1.7,0.3723958333333333,0.39999999999999997,3.2
971,18,32,21,1.65,0.40211640211640204,0.47696960070847283,3.15
972,19,31,22,1.736842105263158,0.4270833333333333,0.4823763889427201,3.3684210526315788
973,17,35,21,1.6666666666666667,0.38541666666666663,0.21295885499997994,3.0476190476190474
974,19,33,22,1.736842105263158,0.4114583333333333,0.4823763889427201,3.3684210526315788
975,19,37,20,1.736842105263158,0.3645833333333333,0.4823763889427201,3.3684210526315788
976,18,35,22,1.7,0.3984375,0.39999999999999997,3.2
977,19,32,26,1.736842105263158,0.44791666666666663,0.4823763889427201,3.3684210526315788
978,19,35,19,1.736842105263158,0.3697916666666667,0.4823763889427201,3.3684210526315788
979,18,34,21,1.7,0.3958333333333333,0.39999999999999997,3.2
980,18,34,22,1.7,0.40104166666666663,0.39999999999999997,3.2
981,19,36,20,1.736842105263158,0.3723958333333333,0.4823763889427201,3.3684210526315788
982,17,33,20,1.6666666666666667,0.39322916666666663,0.21295885499997994,3.0476190476190474
983,19,29,25,1.736842105263158,0.46354166666666663,0.48237638894272,3.3684210526315788
984,18,35,21,1.7,0.38541666666666663,0.39999999999999997,3.2
985,18,29,23,1.7,0.4453125,0.39999999999999997,3.2
986,18,34,21,1.7,0.39322916666666663,0.39999999999999997,3.2
987,19,32,22,1.736842105263158,0.4192708333333333,0.4823763889427201,3.3684210526315788
988,18,33,23,1.7,0.41666666666666663,0.39999999999999997,3.2
989,18,34,22,1.7,0.3984375,0.39999999999999997,3.2
990,18,33,24,1.7,0.42447916666666663,0.39999999999999997,3.2
991,19,35,21,1.736842105263158,0.38541666666666663,0.4823763889427201,3.3684210526315788
992,19,31,20,1.736842105263158,0.40625,0.48237638894272,3.3684210526315788
993,19,35,23,1.736842105263158,0.4036458333333333,0.4823763889427201,3.3684210526315788
994,18,32,22,1.7,0.4192708333333333,0.39999999999999997,3.2
995,20,35,21,1.7777777777777777,0.38541666666666663,0.49690399499995325,3.5555555555555554
996,19,32,20,1.736842105263158,0.3984375,0.4823763889427201,3.3684210526315788
997,19,34,21,1.736842105263158,0.3984375,0.4823763889427201,3.3684210526315788
998,19,34,21,1.736842105263158,0.39322916666666663,0.48237638894272,3.3684210526315788
999,19,33,20,1.736842105263158,0.390625,0.4823763889427201,3.3684210526315788
1000,19,32,21,1.736842105263158,0.40625,0.4823763889427201,3.3684210526315788
1001,19,37,19,1.736842105263158,0.3567708333333333,0.4823763889427201,3.3684210526315788
1002,17,34,21,1.6666666666666667,0.3958333333333333,0.21295885499997994,3.0476190476190474
1003,19,30,21,1.6842105263157894,0.42328042328042326,0.5668594533825794,3.3157894736842106
1004,19,36,21,1.736842105263158,0.3802083333333333,0.4823763889427201,3.3684210526315788
1005,20,34,19,1.7777777777777777,0.3802083333333333,0.49690399499995325,3.5555555555555554
1006,19,37,17,1.7894736842105263,0.33854166666666663,0.48237638894272,3.3684210526315788
1007,19,32,22,1.736842105263158,0.41666666666666663,0.4823763889427201,3.3684210526315788
1008,17,34,22,1.619047619047619,0.40211640211640215,0.3086066999241838,3.0
1009,18,35,22,1.7,0.3958333333333333,0.39999999999999997,3.2
1010,18,33,19,1.65,0.38359788359788355,0.47696960070847283,3.15
1011,19,39,17,1.736842105263158,0.328125,0.48237638894272,3.3684210526315788
1012,19,36,22,1.736842105263158,0.3854166666666667,0.4823763889427201,3.3684210526315788
1013,19,30,24,1.736842105263158,0.44791666666666663,0.48237638894272,3.3684210526315788
1014,19,31,23,1.736842105263158,0.4348958333333333,0.4823763889427201,3.3684210526315788
1015,18,31,22,1.7,0.42447916666666663,0.39999999999999997,3.2
1016,18,35,19,1.7,0.36979166666666663,0.39999999999999997,3.2
1017,20,31,23,1.7777777777777777,0.43229166666666663,0.49690399499995325,3.5555555555555554
1018,18,34,19,1.7,0.375,0.39999999999999997,3.2
1019,18,34,22,1.7,0.4036458333333333,0.39999999999999997,3.2
1020,18,34,20,1.7,0.38541666666666663,0.39999999999999997,3.2
1021,19,35,18,1.736842105263158,0.35677083333333337,0.4823763889427201,3.3684210526315788
1022,19,33,23,1.736842105263158,0.4192708333333333,0.4823763889427201,3.3684210526315788
1023,18,33,21,1.7,0.40104166666666663,0.39999999999999997,3.2
1024,19,33,21,1.736842105263158,0.40364583333333337,0.4823763889427201,3.3684210526315788
1025,20,37,21,1.7777777777777777,0.375,0.49690399499995325,3.5555555555555554
1026,18,29,23,1.7,0.44270833333333337,0.39999999999999997,3.2
1027,19,29,22,1.6842105263157894,0.4417989417989418,0.5668594533825794,3.3157894736842106
1028,19,33,22,1.736842105263158,0.40625,0.4823763889427201,3.3684210526315788
1029,19,38,18,1.736842105263158,0.33854166666666663,0.4823763889427201,3.3684210526315788
1030,19,33,20,1.736842105263158,0.39583333333333337,0.4823763889427201,3.3684210526315788
1031,20,31,21,1.7777777777777777,0.4166666666666667,0.49690399499995325,3.5555555555555554
1032,17,32,24,1.6666666666666667,0.4375,0.21295885499997994,3.0476190476190474
1033,19,35,22,1.736842105263158,0.39322916666666663,0.48237638894272,3.3684210526315788
1034,18,30,23,1.7,0.4375,0.39999999999999997,3.2
1035,17,35,21,1.6666666666666667,0.3854166666666667,0.21295885499997994,3.0476190476190474
1036,19,34,21,1.736842105263158,0.3958333333333333,0.4823763889427201,3.3684210526315788
1037,19,29,25,1.736842105263158,0.46354166666666663,0.4823763889427201,3.3684210526315788
1038,19,33,23,1.736842105263158,0.41666666666666663,0.4823763889427201,3.3684210526315788
1039,19,32,23,1.736842105263158,0.4270833333333333,0.4823763889427201,3.3684210526315788
1040,19,31,23,1.736842105263158,0.4348958333333333,0.4823763889427201,3.3684210526315788
1041,18,34,22,1.7,0.4036458333333333,0.39999999999999997,3.2
1042,19,33,21,1.736842105263158,0.40104166666666663,0.4823763889427201,3.3684210526315788
1043,19,33,22,1.736842105263158,0.40885416666666663,0.48237638894272,3.3684210526315788
1044,18,29,22,1.7,0.4348958333333333,0.39999999999999997,3.2
1045,18,38,19,1.7,0.3489583333333333,0.39999999999999997,3.2
1046,19,32,21,1.736842105263158,0.40885416666666663,0.4823763889427201,3.3684210526315788
1047,19,32,22,1.736842105263158,0.4140625,0.4823763889427201,3.3684210526315788
1048,18,35,23,1.7,0.4036458333333333,0.39999999999999997,3.2
1049,19,35,20,1.736842105263158,0.3776041666666667,0.4823763889427201,3.3684210526315788
1050,19,34,21,1.736842105263158,0.39322916666666663,0.4823763889427201,3.3684210526315788
1051,18,30,24,1.65,0.4523809523809524,0.47696960070847283,3.15
1052,19,32,24,1.736842105263158,0.4348958333333333,0.48237638894272,3.3684210526315788
1053,19,36,21,1.736842105263158,0.3828125,0.4823763889427201,3.3684210526315788
1054,19,32,23,1.736842105263158,0.4270833333333333,0.4823763889427201,3.3684210526315788
1055,18,33,22,1.7,0.4114583333333333,0.39999999999999997,3.2
1056,19,31,23,1.736842105263158,0.43229166666666663,0.4823763889427201,3.3684210526315788
1057,18,36,22,1.7,0.38541666666666663,0.39999999999999997,3.2
1058,18,28,23,1.65,0.455026455026455,0.47696960070847283,3.15
1059,18,32,21,1.7,0.40885416666666663,0.39999999999999997,3.2
1060,19,34,23,1.736842105263158,0.40885416666666663,0.4823763889427201,3.3684210526315788
1061,19,34,19,1.7894736842105263,0.38020833333333337,0.4823763889427201,3.3684210526315788
1062,18,36,22,1.65,0.3862433862433862,0.47696960070847283,3.15
1063,20,33,22,1.7777777777777777,0.4114583333333333,0.49690399499995325,3.5555555555555554
1064,19,34,21,1.736842105263158,0.3984375,0.4823763889427201,3.3684210526315788
1065,19,35,20,1.736842105263158,0.38020833333333337,0.4823763889427201,3.3684210526315788
1066,19,35,19,1.736842105263158,0.37239583333333337,0.4823763889427201,3.3684210526315788
1067,18,31,24,1.7,0.4427083333333333,0.39999999999999997,3.2
1068,19,32,20,1.736842105263158,0.3958333333333333,0.4823763889427201,3.3684210526315788
1069,19,32,20,1.736842105263158,0.3984375,0.4823763889427201,3.3684210526315788
1070,19,31,22,1.736842105263158,0.4270833333333333,0.4823763889427201,3.3684210526315788
1071,19,37,19,1.736842105263158,0.35416666666666663,0.48237638894272,3.3684210526315788
1072,19,31,23,1.736842105263158,0.43229166666666663,0.4823763889427201,3.3684210526315788
1073,18,35,20,1.7,0.3802083333333333,0.39999999999999997,3.2
1074,19,34,21,1.736842105263158,0.3958333333333333,0.4823763889427201,3.3684210526315788
1075,19,35,23,1.736842105263158,0.4036458333333333,0.4823763889427201,3.3684210526315788
1076,19,34,22,1.736842105263158,0.40104166666666663,0.4823763889427201,3.3684210526315788
1077,20,37,20,1.7777777777777777,0.3671875,0.49690399499995325,3.5555555555555554
1078,18,34,18,1.7,0.36979166666666663,0.39999999999999997,3.2
1079,19,30,25,1.736842105263158,0.4583333333333333,0.48237638894272,3.3684210526315788
1080,19,32,22,1.736842105263158,0.421875,0.4823763889427201,3.3684210526315788
1081,19,36,21,1.736842105263158,0.3802083333333333,0.4823763889427201,3.3684210526315788
1082,19,33,22,1.736842105263158,0.4114583333333333,0.4823763889427201,3.3684210526315788
1083,18,32,22,1.7,0.41666666666666663,0.39999999999999997,3.2
1084,18,36,20,1.7,0.36979166666666663,0.39999999999999997,3.2
1085,18,34,20,1.7,0.390625,0.39999999999999997,3.2
1086,17,32,21,1.6666666666666667,0.40885416666666663,0.21295885499997994,3.0476190476190474
1087,19,34,21,1.736842105263158,0.390625,0.48237638894272,3.3684210526315788
1088,18,35,22,1.7,0.3984375,0.39999999999999997,3.2
1089,18,34,21,1.65,0.3968253968253968,0.47696960070847283,3.15
1090,18,29,22,1.7,0.43489583333333337,0.39999999999999997,3.2
1091,19,33,23,1.736842105263158,0.4140625,0.4823763889427201,3.3684210526315788
1092,20,32,22,1.7777777777777777,0.4140625,0.49690399499995325,3.5555555555555554
1093,20,34,22,1.7777777777777777,0.40625,0.49690399499995325,3.5555555555555554
1094,18,27,24,1.65,0.46825396825396826,0.47696960070847283,3.15
1095,18,30,24,1.65,0.4497354497354497,0.47696960070847283,3.15
1096,18,32,22,1.7,0.41666666666666663,0.39999999999999997,3.2
1097,20,33,21,1.7777777777777777,0.40625,0.49690399499995325,3.5555555555555554
1098,19,30,22,1.736842105263158,0.43229166666666663,0.48237638894272,3.3684210526315788
1099,20,33,23,1.7777777777777777,0.4140625,0.49690399499995325,3.5555555555555554
1100,19,32,25,1.736842105263158,0.44010416666666663,0.4823763889427201,3.3684210526315788
1101,19,33,21,1.6842105263157894,0.3994708994708994,0.5668594533825794,3.3157894736842106
1102,19,35,22,1.736842105263158,0.3958333333333333,0.4823763889427201,3.3684210526315788
1103,18,33,21,1.7,0.4036458333333333,0.39999999999999997,3.2
1104,19,34,24,1.736842105263158,0.4192708333333333,0.4823763889427201,3.3684210526315788
1105,19,34,23,1.736842105263158,0.4140625,0.4823763889427201,3.3684210526315788
1106,21,32,22,1.8235294117647058,0.4140625,0.42418250299576343,3.764705882352941
1107,20,32,23,1.7777777777777777,0.42447916666666663,0.49690399499995325,3.5555555555555554
1108,18,31,23,1.7,0.43229166666666663,0.39999999999999997,3.2
1109,18,33,21,1.7,0.3984375,0.39999999999999997,3.2
1110,19,35,19,1.736842105263158,0.3671875,0.4823763889427201,3.3684210526315788
1111,20,34,22,1.7777777777777777,0.40104166666666663,0.49690399499995325,3.5555555555555554
1112,18,31,23,1.7,0.4296875,0.39999999999999997,3.2
1113,19,33,23,1.736842105263158,0.41666666666666663,0.48237638894272,3.3684210526315788
1114,19,31,24,1.6842105263157894,0.43915343915343913,0.5668594533825794,3.3157894736842106
1115,19,31,25,1.736842105263158,0.44791666666666663,0.4823763889427201,3.3684210526315788
1116,19,34,21,1.736842105263158,0.3958333333333333,0.4823763889427201,3.3684210526315788
1117,19,31,22,1.736842105263158,0.41927083333333337,0.4823763889427201,3.3684210526315788
1118,19,35,19,1.736842105263158,0.36979166666666663,0.4823763889427201,3.3684210526315788
1119,19,31,22,1.736842105263158,0.421875,0.4823763889427201,3.3684210526315788
1120,19,32,20,1.736842105263158,0.3984375,0.4823763889427201,3.3684210526315788
1121,19,35,20,1.736842105263158,0.3828125,0.4823763889427201,3.3684210526315788
1122,19,29,21,1.736842105263158,0.421875,0.4823763889427201,3.3684210526315788
1123,19,35,20,1.736842105263158,0.3802083333333333,0.4823763889427201,3.3684210526315788
1124,19,35,22,1.736842105263158,0.3984375,0.4823763889427201,3.3684210526315788
1125,18,32,23,1.7,0.42447916666666663,0.39999999999999997,3.2
1126,18,32,23,1.7,0.42447916666666663,0.39999999999999997,3.2
1127,20,32,22,1.7777777777777777,0.41666666666666663,0.49690399499995325,3.5555555555555554
1128,17,34,22,1.6666666666666667,0.40104166666666663,0.21295885499997994,3.0476190476190474
1129,19,35,23,1.736842105263158,0.4036458333333333,0.4823763889427201,3.3684210526315788
1130,19,30,24,1.736842105263158,0.44791666666666663,0.4823763889427201,3.3684210526315788
1131,19,34,22,1.736842105263158,0.4036458333333333,0.48237638894272,3.3684210526315788
1132,20,31,22,1.7777777777777777,0.421875,0.49690399499995325,3.5555555555555554
1133,19,35,23,1.736842105263158,0.40625,0.48237638894272,3.3684210526315788
1134,18,37,17,1.7,0.34114583333333337,0.39999999999999997,3.2
1135,19,32,23,1.736842105263158,0.42447916666666663,0.4823763889427201,3.3684210526315788
1136,19,34,20,1.736842105263158,0.3854166666666667,0.4823763889427201,3.3684210526315788
1137,19,35,20,1.736842105263158,0.3802083333333333,0.48237638894272,3.3684210526315788
1138,19,33,23,1.736842105263158,0.41666666666666663,0.4823763889427201,3.3684210526315788
1139,19,34,22,1.736842105263158,0.4036458333333333,0.4823763889427201,3.3684210526315788
1140,19,33,23,1.736842105263158,0.41666666666666663,0.4823763889427201,3.3684210526315788
1141,19,36,20,1.736842105263158,0.3723958333333333,0.4823763889427201,3.3684210526315788
1142,19,37,22,1.736842105263158,0.3828125,0.4823763889427201,3.3684210526315788
1143,20,33,20,1.7222222222222223,0.3941798941798942,0.6009252125773316,3.5
1144,18,36,22,1.65,0.3862433862433862,0.47696960070847283,3.15
1145,19,34,21,1.736842105263158,0.390625,0.48237638894272,3.3684210526315788
1146,19,34,23,1.736842105263158,0.4114583333333333,0.4823763889427201,3.3684210526315788
1147,19,33,22,1.736842105263158,0.4114583333333333,0.4823763889427201,3.3684210526315788
1148,20,35,21,1.7777777777777777,0.38541666666666663,0.49690399499995325,3.5555555555555554
1149,19,33,24,1.736842105263158,0.42447916666666663,0.48237638894272,3.3684210526315788
1150,19,34,21,1.736842105263158,0.3958333333333333,0.4823763889427201,3.3684210526315788
1151,18,28,24,1.65,0.46031746031746024,0.47696960070847283,3.15
1152,19,32,23,1.736842105263158,0.42447916666666663,0.4823763889427201,3.3684210526315788
1153,18,32,23,1.7,0.42447916666666663,0.39999999999999997,3.2
1154,19,35,19,1.736842105263158,0.36979166666666663,0.4823763889427201,3.3684210526315788
1155,20,35,21,1.7777777777777777,0.390625,0.49690399499995325,3.5555555555555554
1156,18,32,25,1.7,0.4427083333333333,0.39999999999999997,3.2
1157,19,33,22,1.736842105263158,0.40885416666666663,0.4823763889427201,3.3684210526315788
1158,19,35,23,1.736842105263158,0.4036458333333333,0.4823763889427201,3.3684210526315788
1159,18,31,23,1.7,0.4296875,0.39999999999999997,3.2
1160,19,33,22,1.736842105263158,0.4114583333333333,0.4823763889427201,3.3684210526315788
1161,19,32,23,1.736842105263158,0.4296875,0.4823763889427201,3.3684210526315788
1162,20,31,24,1.7777777777777777,0.44010416666666663,0.49690399499995325,3.5555555555555554
1163,19,31,23,1.736842105263158,0.4270833333333333,0.4823763889427201,3.3684210526315788
1164,18,36,21,1.7,0.3802083333333333,0.39999999999999997,3.2
1165,18,34,23,1.7,0.4114583333333333,0.39999999999999997,3.2
1166,18,34,22,1.7,0.3984375,0.39999999999999997,3.2
1167,18,36,19,1.7,0.3645833333333333,0.39999999999999997,3.2
1168,19,34,22,1.736842105263158,0.40625,0.4823763889427201,3.3684210526315788
1169,18,33,24,1.7,0.42447916666666663,0.39999999999999997,3.2
1170,18,32,21,1.7,0.40885416666666663,0.39999999999999997,3.2
1171,19,33,21,1.736842105263158,0.3984375,0.4823763889427201,3.3684210526315788
1172,19,34,21,1.736842105263158,0.3932291666666667,0.48237638894272,3.3684210526315788
1173,19,34,21,1.736842105263158,0.3958333333333333,0.4823763889427201,3.3684210526315788
1174,20,32,23,1.7777777777777777,0.42447916666666663,0.49690399499995325,3.5555555555555554
1175,19,35,20,1.736842105263158,0.37760416666666663,0.4823763889427201,3.3684210526315788
1176,19,32,23,1.736842105263158,0.421875,0.4823763889427201,3.3684210526315788
1177,20,33,22,1.7777777777777777,0.4114583333333333,0.49690399499995325,3.5555555555555554
1178,19,35,21,1.736842105263158,0.38541666666666663,0.4823763889427201,3.3684210526315788
1179,19,32,22,1.736842105263158,0.41145833333333337,0.4823763889427201,3.3684210526315788
1180,19,35,23,1.736842105263158,0.4036458333333333,0.48237638894272,3.3684210526315788
1181,19,36,20,1.736842105263158,0.37239583333333337,0.4823763889427201,3.3684210526315788
1182,18,30,22,1.65,0.43121693121693117,0.47696960070847283,3.15
1183,19,31,24,1.736842105263158,0.44010416666666663,0.4823763889427201,3.3684210526315788
1184,20,34,21,1.7777777777777777,0.390625,0.49690399499995325,3.5555555555555554
1185,18,34,22,1.7,0.40104166666666663,0.39999999999999997,3.2
1186,19,34,21,1.736842105263158,0.39322916666666663,0.4823763889427201,3.3684210526315788
1187,19,29,24,1.736842105263158,0.453125,0.4823763889427201,3.3684210526315788
1188,18,30,24,1.7,0.44791666666666663,0.39999999999999997,3.2
1189,19,35,22,1.736842105263158,0.39322916666666663,0.4823763889427201,3.3684210526315788
1190,19,32,22,1.736842105263158,0.41666666666666663,0.4823763889427201,3.3684210526315788
1191,19,33,22,1.736842105263158,0.40885416666666663,0.4823763889427201,3.3684210526315788
1192,19,31,25,1.736842105263158,0.4505208333333333,0.4823763889427201,3.3684210526315788
1193,18,32,24,1.7,0.4296875,0.39999999999999997,3.2
1194,19,32,20,1.736842105263158,0.40104166666666663,0.4823763889427201,3.3684210526315788
1195,18,34,22,1.7,0.4036458333333333,0.39999999999999997,3.2
1196,20,31,20,1.7777777777777777,0.40885416666666663,0.49690399499995325,3.5555555555555554
1197,19,30,23,1.736842105263158,0.44010416666666663,0.4823763889427201,3.3684210526315788
1198,20,35,21,1.7777777777777777,0.390625,0.49690399499995325,3.5555555555555554
1199,20,30,22,1.7777777777777777,0.4348958333333333,0.49690399499995325,3.5555555555555554
1200,19,34,23,1.736842105263158,0.40885416666666663,0.4823763889427201,3.3684210526315788
1201,18,36,22,1.7,0.38541666666666663,0.39999999999999997,3.2
1202,19,33,21,1.736842105263158,0.40104166666666663,0.4823763889427201,3.3684210526315788
1203,19,35,20,1.736842105263158,0.38020833333333337,0.4823763889427201,3.3684210526315788
1204,19,34,20,1.736842105263158,0.38802083333333337,0.4823763889427201,3.3684210526315788
1205,17,29,25,1.6666666666666667,0.46354166666666663,0.21295885499997994,3.0476190476190474
1206,18,35,18,1.7,0.36458333333333337,0.39999999999999997,3.2
1207,19,30,23,1.736842105263158,0.4375,0.4823763889427201,3.3684210526315788
1208,18,31,22,1.7,0.42447916666666663,0.39999999999999997,3.2
1209,19,33,22,1.736842105263158,0.40885416666666663,0.4823763889427201,3.3684210526315788
1210,18,28,24,1.7,0.4609375,0.39999999999999997,3.2
1211,19,31,22,1.736842105263158,0.421875,0.4823763889427201,3.3684210526315788
1212,18,33,24,1.7,0.4270833333333333,0.39999999999999997,3.2
1213,18,30,25,1.7,0.45572916666666663,0.39999999999999997,3.2
1214,20,37,22,1.7777777777777777,0.3802083333333333,0.49690399499995325,3.5555555555555554
1215,17,33,22,1.6666666666666667,0.40885416666666663,0.21295885499997994,3.0476190476190474
1216,19,35,23,1.736842105263158,0.4036458333333333,0.4823763889427201,3.3684210526315788
1217,18,33,21,1.65,0.4021164021164021,0.47696960070847283,3.15
1218,19,34,23,1.736842105263158,0.4114583333333333,0.4823763889427201,3.3684210526315788
1219,19,32,24,1.736842105263158,0.4348958333333333,0.48237638894272,3.3684210526315788
1220,19,34,22,1.736842105263158,0.4036458333333333,0.4823763889427201,3.3684210526315788
1221,19,34,24,1.736842105263158,0.421875,0.48237638894272,3.3684210526315788
1222,18,29,21,1.7,0.42708333333333337,0.39999999999999997,3.2
1223,19,31,22,1.736842105263158,0.42447916666666663,0.4823763889427201,3.3684210526315788
1224,20,30,22,1.7777777777777777,0.4348958333333333,0.49690399499995325,3.5555555555555554
1225,20,39,21,1.7777777777777777,0.3567708333333333,0.49690399499995325,3.5555555555555554
1226,19,30,24,1.736842105263158,0.4479166666666667,0.4823763889427201,3.3684210526315788
1227,18,31,22,1.7,0.421875,0.39999999999999997,3.2
1228,19,34,23,1.736842105263158,0.41145833333333337,0.4823763889427201,3.3684210526315788
1229,18,34,21,1.7,0.3958333333333333,0.39999999999999997,3.2
1230,19,32,23,1.736842105263158,0.4296875,0.48237638894272,3.3684210526315788
1231,18,32,22,1.7,0.4140625,0.39999999999999997,3.2
1232,19,33,23,1.736842105263158,0.4192708333333333,0.48237638894272,3.3684210526315788
1233,19,32,22,1.736842105263158,0.4192708333333333,0.4823763889427201,3.3684210526315788
1234,19,29,24,1.736842105263158,0.45572916666666663,0.48237638894272,3.3684210526315788
1235,17,31,23,1.6666666666666667,0.43229166666666663,0.21295885499997994,3.0476190476190474
1236,19,32,22,1.736842105263158,0.41927083333333337,0.4823763889427201,3.3684210526315788
1237,19,34,23,1.736842105263158,0.4088541666666667,0.4823763889427201,3.3684210526315788
1238,18,31,22,1.7,0.4270833333333333,0.39999999999999997,3.2
1239,17,32,22,1.6666666666666667,0.41666666666666663,0.21295885499997994,3.0476190476190474
1240,18,37,21,1.7,0.36979166666666663,0.39999999999999997,3.2
1241,18,30,23,1.7,0.4375,0.39999999999999997,3.2
1242,19,31,22,1.736842105263158,0.41927083333333337,0.4823763889427201,3.3684210526315788
1243,18,33,20,1.75,0.39322916666666663,0.39999999999999997,3.2
1244,19,32,22,1.736842105263158,0.4140625,0.4823763889427201,3.3684210526315788
1245,18,35,23,1.7,0.40364583333333337,0.39999999999999997,3.2
1246,19,30,22,1.736842105263158,0.4270833333333333,0.4823763889427201,3.3684210526315788
1247,19,39,19,1.736842105263158,0.34375,0.4823763889427201,3.3684210526315788
1248,19,31,24,1.736842105263158,0.44010416666666663,0.4823763889427201,3.3684210526315788
1249,19,33,23,1.736842105263158,0.4192708333333333,0.4823763889427201,3.3684210526315788
1250,19,34,22,1.736842105263158,0.40104166666666663,0.4823763889427201,3.3684210526315788
1251,20,32,25,1.7777777777777777,0.4401041666666667,0.49690399499995325,3.5555555555555554
1252,19,34,24,1.736842105263158,0.421875,0.4823763889427201,3.3684210526315788
1253,18,31,24,1.7,0.44010416666666663,0.39999999999999997,3.2
1254,19,32,24,1.736842105263158,0.4348958333333333,0.4823763889427201,3.3684210526315788
1255,18,32,23,1.7,0.42447916666666663,0.39999999999999997,3.2
1256,20,30,25,1.7777777777777777,0.45572916666666663,0.49690399499995325,3.5555555555555554
1257,19,34,20,1.736842105263158,0.38802083333333337,0.4823763889427201,3.3684210526315788
1258,18,34,23,1.7,0.40885416666666663,0.39999999999999997,3.2
1259,18,35,21,1.7,0.3880208333333333,0.39999999999999997,3.2
1260,19,33,22,1.736842105263158,0.40885416666666663,0.4823763889427201,3.3684210526315788
1261,17,32,22,1.6666666666666667,0.4192708333333333,0.21295885499997994,3.0476190476190474
1262,18,33,23,1.7,0.4192708333333333,0.39999999999999997,3.2
1263,18,38,17,1.7,0.3333333333333333,0.39999999999999997,3.2
1264,19,31,23,1.736842105263158,0.43229166666666663,0.4823763889427201,3.3684210526315788
1265,18,30,23,1.7,0.44010416666666663,0.39999999999999997,3.2
1266,18,33,23,1.7,0.4192708333333333,0.39999999999999997,3.2
1267,19,34,23,1.736842105263158,0.40885416666666663,0.4823763889427201,3.3684210526315788
1268,20,33,22,1.7777777777777777,0.4036458333333333,0.49690399499995325,3.5555555555555554
1269,18,32,24,1.7,0.4348958333333333,0.39999999999999997,3.2
1270,19,33,23,1.6842105263157894,0.41798941798941797,0.5668594533825794,3.3157894736842106
1271,18,32,23,1.7,0.4270833333333333,0.39999999999999997,3.2
1272,19,33,21,1.736842105263158,0.4036458333333333,0.4823763889427201,3.3684210526315788
1273,19,34,22,1.736842105263158,0.40364583333333337,0.48237638894272,3.3684210526315788
1274,18,31,23,1.7,0.4348958333333333,0.39999999999999997,3.2
1275,20,36,19,1.8333333333333333,0.36197916666666663,0.49690399499995325,3.5555555555555554
1276,18,36,21,1.7,0.3802083333333333,0.39999999999999997,3.2
1277,18,31,24,1.7,0.4427083333333333,0.39999999999999997,3.2
1278,19,30,24,1.736842105263158,0.44791666666666663,0.4823763889427201,3.3684210526315788
1279,18,31,21,1.7,0.41666666666666663,0.39999999999999997,3.2
1280,19,29,25,1.736842105263158,0.4609375,0.4823763889427201,3.3684210526315788
1281,18,35,22,1.7,0.3958333333333333,0.39999999999999997,3.2
1282,19,28,24,1.736842105263158,0.4609375,0.4823763889427201,3.3684210526315788
1283,19,37,17,1.7894736842105263,0.34114583333333337,0.4823763889427201,3.3684210526315788
1284,18,30,24,1.65,0.44708994708994704,0.47696960070847283,3.15
1285,18,35,22,1.7,0.3958333333333333,0.39999999999999997,3.2
1286,19,30,23,1.6842105263157894,0.43915343915343913,0.5668594533825794,3.3157894736842106
1287,17,33,21,1.6666666666666667,0.40104166666666663,0.21295885499997994,3.0476190476190474
1288,18,32,23,1.7,0.42447916666666663,0.39999999999999997,3.2
1289,19,32,23,1.736842105263158,0.4270833333333333,0.48237638894272,3.3684210526315788
1290,18,33,21,1.7,0.3984375,0.39999999999999997,3.2
1291,18,31,24,1.7,0.44010416666666663,0.39999999999999997,3.2
1292,19,32,21,1.736842105263158,0.40625,0.4823763889427201,3.3684210526315788
1293,18,31,23,1.7,0.4348958333333333,0.39999999999999997,3.2
1294,19,30,24,1.736842105263158,0.4453125,0.4823763889427201,3.3684210526315788
1295,19,36,22,1.736842105263158,0.390625,0.48237638894272,3.3684210526315788
1296,19,34,22,1.736842105263158,0.40625,0.4823763889427201,3.3684210526315788
1297,18,35,18,1.65,0.36243386243386244,0.47696960070847283,3.15
1298,18,30,21,1.7,0.421875,0.39999999999999997,3.2
1299,19,32,22,1.736842105263158,0.41666666666666663,0.4823763889427201,3.3684210526315788
1300,19,31,22,1.736842105263158,0.4166666666666667,0.4823763889427201,3.3684210526315788
1301,18,32,25,1.7,0.4427083333333333,0.39999999999999997,3.2
1302,19,32,22,1.736842105263158,0.4140625,0.4823763889427201,3.3684210526315788
1303,19,34,21,1.6842105263157894,0.3968253968253968,0.5668594533825794,3.3157894736842106
1304,19,29,25,1.736842105263158,0.4609375,0.4823763889427201,3.3684210526315788
1305,20,30,21,1.7777777777777777,0.42447916666666663,0.49690399499995325,3.5555555555555554
1306,19,31,24,1.736842105263158,0.4453125,0.48237638894272,3.3684210526315788
1307,18,30,23,1.7,0.44010416666666663,0.39999999999999997,3.2
1308,19,33,23,1.736842105263158,0.4192708333333333,0.4823763889427201,3.3684210526315788
1309,19,31,22,1.736842105263158,0.42447916666666663,0.4823763889427201,3.3684210526315788
1310,19,34,22,1.736842105263158,0.4036458333333333,0.4823763889427201,3.3684210526315788
1311,19,31,24,1.736842105263158,0.4401041666666667,0.4823763889427201,3.3684210526315788
1312,19,31,24,1.736842105263158,0.44010416666666663,0.4823763889427201,3.3684210526315788
1313,19,32,24,1.736842105263158,0.43229166666666663,0.4823763889427201,3.3684210526315788
1314,18,31,23,1.7,0.43489583333333337,0.39999999999999997,3.2
1315,19,32,24,1.736842105263158,0.4348958333333333,0.4823763889427201,3.3684210526315788
1316,18,27,26,1.7,0.484375,0.39999999999999997,3.2
1317,19,34,24,1.736842105263158,0.41927083333333337,0.4823763889427201,3.3684210526315788
1318,18,32,25,1.7,0.44010416666666663,0.39999999999999997,3.2
1319,19,34,20,1.736842105263158,0.38802083333333337,0.4823763889427201,3.3684210526315788
1320,18,32,23,1.7,0.42447916666666663,0.39999999999999997,3.2
1321,18,31,24,1.7,0.4427083333333333,0.39999999999999997,3.2
1322,19,34,22,1.736842105263158,0.4010416666666667,0.4823763889427201,3.3684210526315788
1323,19,30,24,1.736842105263158,0.4505208333333333,0.4823763889427201,3.3684210526315788
1324,19,30,24,1.736842105263158,0.4453125,0.4823763889427201,3.3684210526315788
1325,19,34,21,1.736842105263158,0.39322916666666663,0.4823763889427201,3.3684210526315788
1326,19,30,25,1.736842105263158,0.45572916666666663,0.4823763889427201,3.3684210526315788
1327,17,28,23,1.619047619047619,0.4523809523809524,0.3086066999241838,3.0
1328,19,30,26,1.736842105263158,0.46354166666666663,0.48237638894272,3.3684210526315788
1329,18,30,22,1.7,0.4296875,0.39999999999999997,3.2
1330,18,33,22,1.7,0.4114583333333333,0.39999999999999997,3.2
1331,18,34,22,1.65,0.4021164021164021,0.47696960070847283,3.15
1332,19,31,25,1.736842105263158,0.44791666666666663,0.48237638894272,3.3684210526315788
1333,19,29,26,1.736842105263158,0.47135416666666663,0.4823763889427201,3.3684210526315788
1334,19,30,25,1.736842105263158,0.4583333333333333,0.48237638894272,3.3684210526315788
1335,20,35,22,1.7777777777777777,0.3958333333333333,0.49690399499995325,3.5555555555555554
1336,18,31,25,1.7,0.4505208333333333,0.39999999999999997,3.2
1337,18,30,25,1.7,0.45572916666666663,0.39999999999999997,3.2
1338,19,33,24,1.736842105263158,0.42708333333333337,0.4823763889427201,3.3684210526315788
1339,19,27,27,1.736842105263158,0.4895833333333333,0.4823763889427201,3.3684210526315788
1340,19,34,24,1.736842105263158,0.41927083333333337,0.4823763889427201,3.3684210526315788
1341,18,27,27,1.7,0.49479166666666663,0.39999999999999997,3.2
1342,19,29,25,1.736842105263158,0.4661458333333333,0.4823763889427201,3.3684210526315788
1343,19,31,23,1.736842105263158,0.4296875,0.4823763889427201,3.3684210526315788
1344,18,31,22,1.65,0.4206349206349206,0.47696960070847283,3.15
1345,18,28,26,1.7,0.47916666666666663,0.39999999999999997,3.2
1346,18,35,22,1.7,0.3958333333333333,0.39999999999999997,3.2
1347,19,28,27,1.736842105263158,0.4895833333333333,0.4823763889427201,3.3684210526315788
1348,18,33,26,1.7,0.4453125,0.39999999999999997,3.2
1349,18,31,25,1.7,0.44791666666666663,0.39999999999999997,3.2
1350,19,32,23,1.736842105263158,0.42447916666666663,0.48237638894272,3.3684210526315788
1351,19,33,25,1.736842105263158,0.4348958333333333,0.4823763889427201,3.3684210526315788
1352,19,35,22,1.736842105263158,0.3984375,0.4823763889427201,3.3684210526315788
1353,19,29,25,1.736842105263158,0.4609375,0.4823763889427201,3.3684210526315788
1354,20,33,24,1.7777777777777777,0.4296875,0.49690399499995325,3.5555555555555554
1355,18,35,23,1.7,0.40625,0.39999999999999997,3.2
1356,19,31,22,1.736842105263158,0.42447916666666663,0.48237638894272,3.3684210526315788
1357,19,32,23,1.736842105263158,0.4270833333333333,0.4823763889427201,3.3684210526315788
1358,18,29,24,1.7,0.45572916666666663,0.39999999999999997,3.2
1359,20,33,22,1.7777777777777777,0.40885416666666663,0.49690399499995325,3.5555555555555554
1360,19,28,27,1.736842105263158,0.48697916666666663,0.4823763889427201,3.3684210526315788
1361,19,28,25,1.736842105263158,0.4661458333333333,0.4823763889427201,3.3684210526315788
1362,19,32,21,1.736842105263158,0.4114583333333333,0.4823763889427201,3.3684210526315788
1363,19,34,22,1.736842105263158,0.40104166666666663,0.4823763889427201,3.3684210526315788
1364,19,32,24,1.736842105263158,0.4375,0.4823763889427201,3.3684210526315788
1365,19,31,25,1.736842105263158,0.4505208333333333,0.4823763889427201,3.3684210526315788
1366,19,31,23,1.736842105263158,0.43229166666666663,0.48237638894272,3.3684210526315788
1367,18,28,25,1.65,0.47089947089947093,0.47696960070847283,3.15
1368,18,32,23,1.7,0.42447916666666663,0.39999999999999997,3.2
1369,18,38,20,1.7,0.35416666666666663,0.39999999999999997,3.2
1370,19,34,22,1.736842105263158,0.40104166666666663,0.4823763889427201,3.3684210526315788
1371,19,30,26,1.736842105263158,0.46354166666666663,0.4823763889427201,3.3684210526315788
1372,18,31,23,1.7,0.4322916666666667,0.39999999999999997,3.2
1373,20,34,23,1.7777777777777777,0.40885416666666663,0.49690399499995325,3.5555555555555554
1374,19,30,25,1.736842105263158,0.4583333333333333,0.48237638894272,3.3684210526315788
1375,18,32,22,1.7,0.41666666666666663,0.39999999999999997,3.2
1376,18,30,24,1.7,0.4453125,0.39999999999999997,3.2
1377,18,40,18,1.7,0.32552083333333337,0.39999999999999997,3.2
1378,18,30,24,1.7,0.44791666666666663,0.39999999999999997,3.2
1379,19,31,25,1.736842105263158,0.4453125,0.4823763889427201,3.3684210526315788
1380,19,31,24,1.736842105263158,0.44010416666666663,0.4823763889427201,3.3684210526315788
1381,18,32,23,1.7,0.42447916666666663,0.39999999999999997,3.2
1382,19,34,22,1.736842105263158,0.40104166666666663,0.48237638894272,3.3684210526315788
1383,19,30,23,1.736842105263158,0.4375,0.4823763889427201,3.3684210526315788
1384,19,32,24,1.736842105263158,0.43229166666666663,0.4823763889427201,3.3684210526315788
1385,18,32,22,1.7,0.4140625,0.39999999999999997,3.2
1386,19,32,23,1.736842105263158,0.4270833333333333,0.48237638894272,3.3684210526315788
1387,18,29,27,1.7,0.4817708333333333,0.39999999999999997,3.2
1388,19,29,27,1.736842105263158,0.47916666666666663,0.4823763889427201,3.3684210526315788
1389,18,33,24,1.7,0.4270833333333333,0.39999999999999997,3.2
1390,19,31,25,1.736842105263158,0.4505208333333333,0.4823763889427201,3.3684210526315788
1391,20,31,25,1.7777777777777777,0.4453125,0.49690399499995325,3.5555555555555554
1392,19,28,26,1.736842105263158,0.47656249999999994,0.4823763889427201,3.3684210526315788
1393,19,30,21,1.736842105263158,0.4166666666666667,0.4823763889427201,3.3684210526315788
1394,20,30,24,1.7777777777777777,0.44531249999999994,0.49690399499995325,3.5555555555555554
1395,18,32,24,1.7,0.4348958333333333,0.39999999999999997,3.2
1396,18,29,26,1.7,0.4739583333333333,0.39999999999999997,3.2
1397,19,36,21,1.736842105263158,0.3828125,0.48237638894272,3.3684210526315788
1398,19,30,23,1.736842105263158,0.4427083333333333,0.4823763889427201,3.3684210526315788
1399,19,34,23,1.736842105263158,0.40885416666666663,0.4823763889427201,3.3684210526315788
1400,19,30,26,1.736842105263158,0.46354166666666663,0.48237638894272,3.3684210526315788
1401,19,32,22,1.736842105263158,0.4140625,0.4823763889427201,3.3684210526315788
1402,18,31,22,1.65,0.4232804232804233,0.47696960070847283,3.15
1403,19,32,24,1.736842105263158,0.43229166666666663,0.4823763889427201,3.3684210526315788
1404,17,28,26,1.6666666666666667,0.4765625,0.21295885499997994,3.0476190476190474
1405,19,27,27,1.736842105263158,0.4973958333333333,0.48237638894272,3.3684210526315788
1406,20,31,24,1.7777777777777777,0.44010416666666663,0.49690399499995325,3.5555555555555554
1407,19,29,25,1.736842105263158,0.46354166666666663,0.4823763889427201,3.3684210526315788
1408,19,32,23,1.736842105263158,0.4270833333333333,0.4823763889427201,3.3684210526315788
1409,19,29,22,1.736842105263158,0.44010416666666663,0.4823763889427201,3.3684210526315788
1410,19,32,24,1.736842105263158,0.4296875,0.4823763889427201,3.3684210526315788
1411,18,30,24,1.7,0.4453125,0.39999999999999997,3.2
1412,19,31,24,1.736842105263158,0.4375,0.4823763889427201,3.3684210526315788
1413,18,32,24,1.7,0.4348958333333333,0.39999999999999997,3.2
1414,20,29,24,1.7777777777777777,0.453125,0.49690399499995325,3.5555555555555554
1415,18,32,22,1.7,0.41927083333333337,0.39999999999999997,3.2
1416,18,34,22,1.7,0.4036458333333333,0.39999999999999997,3.2
1417,20,29,23,1.7777777777777777,0.44791666666666663,0.49690399499995325,3.5555555555555554
1418,19,33,22,1.736842105263158,0.40625,0.4823763889427201,3.3684210526315788
1419,18,29,24,1.7,0.45052083333333337,0.39999999999999997,3.2
1420,18,25,24,1.7,0.4817708333333333,0.39999999999999997,3.2
1421,19,31,26,1.736842105263158,0.4583333333333333,0.48237638894272,3.3684210526315788
1422,19,32,22,1.736842105263158,0.41666666666666663,0.48237638894272,3.3684210526315788
1423,19,31,26,1.736842105263158,0.45572916666666663,0.48237638894272,3.3684210526315788
1424,19,31,25,1.736842105263158,0.4479166666666667,0.48237638894272,3.3684210526315788
1425,18,32,24,1.7,0.4348958333333333,0.39999999999999997,3.2
1426,19,29,26,1.736842105263158,0.47135416666666663,0.4823763889427201,3.3684210526315788
1427,18,31,24,1.7,0.4427083333333333,0.39999999999999997,3.2
1428,20,31,23,1.7777777777777777,0.43229166666666663,0.49690399499995325,3.5555555555555554
1429,19,32,24,1.736842105263158,0.43229166666666663,0.4823763889427201,3.3684210526315788
1430,19,32,24,1.736842105263158,0.4348958333333333,0.4823763889427201,3.3684210526315788
1431,19,35,23,1.736842105263158,0.4036458333333333,0.4823763889427201,3.3684210526315788
1432,19,32,24,1.736842105263158,0.4375,0.4823763889427201,3.3684210526315788
1433,19,33,24,1.736842105263158,0.42708333333333337,0.4823763889427201,3.3684210526315788
1434,19,31,26,1.736842105263158,0.4583333333333333,0.4823763889427201,3.3684210526315788
1435,18,32,25,1.7,0.44270833333333337,0.39999999999999997,3.2
1436,18,32,22,1.65,0.4153439153439153,0.47696960070847283,3.15
1437,19,30,25,1.736842105263158,0.4505208333333333,0.4823763889427201,3.3684210526315788
1438,19,31,23,1.736842105263158,0.4348958333333333,0.4823763889427201,3.3684210526315788
1439,18,31,24,1.7,0.44010416666666663,0.39999999999999997,3.2
1440,19,28,23,1.736842105263158,0.4583333333333333,0.48237638894272,3.3684210526315788
1441,18,33,24,1.7,0.42447916666666663,0.39999999999999997,3.2
1442,19,29,25,1.736842105263158,0.4635416666666667,0.4823763889427201,3.3684210526315788
1443,19,29,25,1.736842105263158,0.46354166666666663,0.48237638894272,3.3684210526315788
1444,20,30,24,1.7777777777777777,0.44791666666666663,0.49690399499995325,3.5555555555555554
1445,19,34,23,1.736842105263158,0.4140625,0.4823763889427201,3.3684210526315788
1446,20,31,25,1.7777777777777777,0.4505208333333333,0.49690399499995325,3.5555555555555554
1447,20,34,24,1.7777777777777777,0.4192708333333333,0.49690399499995325,3.5555555555555554
1448,19,28,27,1.736842105263158,0.4895833333333333,0.4823763889427201,3.3684210526315788
1449,19,31,24,1.736842105263158,0.44010416666666663,0.4823763889427201,3.3684210526315788
1450,20,30,26,1.7777777777777777,0.46354166666666674,0.49690399499995325,3.5555555555555554
1451,19,35,22,1.736842105263158,0.39322916666666663,0.4823763889427201,3.3684210526315788
1452,19,30,23,1.736842105263158,0.44010416666666663,0.4823763889427201,3.3684210526315788
1453,18,34,24,1.7,0.4192708333333333,0.39999999999999997,3.2
1454,19,31,24,1.736842105263158,0.4427083333333333,0.4823763889427201,3.3684210526315788
1455,18,31,26,1.7,0.4557291666666667,0.39999999999999997,3.2
1456,19,36,17,1.7894736842105263,0.34895833333333337,0.4823763889427201,3.3684210526315788
1457,18,32,24,1.7,0.43229166666666663,0.39999999999999997,3.2
1458,19,31,22,1.736842105263158,0.421875,0.4823763889427201,3.3684210526315788
1459,18,29,24,1.7,0.453125,0.39999999999999997,3.2
1460,18,33,22,1.7,0.40885416666666663,0.39999999999999997,3.2
1461,18,34,24,1.7,0.4192708333333333,0.39999999999999997,3.2
1462,18,36,19,1.7,0.3645833333333333,0.39999999999999997,3.2
1463,18,33,24,1.7,0.42708333333333337,0.39999999999999997,3.2
1464,18,32,21,1.7,0.4088541666666667,0.39999999999999997,3.2
1465,19,36,21,1.736842105263158,0.3828125,0.48237638894272,3.3684210526315788
1466,19,29,26,1.6842105263157894,0.47619047619047616,0.5668594533825794,3.3157894736842106
1467,18,36,22,1.7,0.390625,0.39999999999999997,3.2
1468,19,29,27,1.736842105263158,0.47916666666666663,0.4823763889427201,3.3684210526315788
1469,19,30,24,1.736842105263158,0.4479166666666667,0.48237638894272,3.3684210526315788
1470,19,31,24,1.736842105263158,0.4375,0.4823763889427201,3.3684210526315788
1471,19,31,23,1.6842105263157894,0.43121693121693117,0.5668594533825794,3.3157894736842106
1472,18,33,21,1.7,0.4010416666666667,0.39999999999999997,3.2
1473,19,33,24,1.736842105263158,0.42708333333333337,0.48237638894272,3.3684210526315788
1474,19,33,23,1.736842105263158,0.4192708333333333,0.4823763889427201,3.3684210526315788
1475,18,34,22,1.65,0.4021164021164021,0.47696960070847283,3.15
1476,19,35,20,1.7894736842105263,0.3802083333333333,0.4823763889427201,3.3684210526315788
1477,17,31,22,1.6666666666666667,0.421875,0.21295885499997994,3.0476190476190474
1478,19,36,22,1.736842105263158,0.390625,0.4823763889427201,3.3684210526315788
1479,19,30,26,1.736842105263158,0.4661458333333333,0.4823763889427201,3.3684210526315788
1480,19,34,24,1.736842105263158,0.4192708333333333,0.4823763889427201,3.3684210526315788
1481,19,36,22,1.736842105263158,0.3880208333333333,0.4823763889427201,3.3684210526315788
1482,19,30,23,1.736842105263158,0.44010416666666663,0.48237638894272,3.3684210526315788
1483,19,31,26,1.736842105263158,0.4609375,0.4823763889427201,3.3684210526315788
1484,18,33,24,1.7,0.4296875,0.39999999999999997,3.2
1485,18,29,26,1.7,0.46875,0.39999999999999997,3.2
1486,18,34,22,1.7,0.40104166666666663,0.39999999999999997,3.2
1487,19,32,25,1.736842105263158,0.4427083333333333,0.4823763889427201,3.3684210526315788
1488,18,33,24,1.7,0.42708333333333337,0.39999999999999997,3.2
1489,18,31,21,1.65,0.4153439153439153,0.47696960070847283,3.15
1490,19,35,22,1.736842105263158,0.3958333333333333,0.4823763889427201,3.3684210526315788
1491,18,35,23,1.7,0.40625,0.39999999999999997,3.2
1492,19,26,26,1.736842105263158,0.4921875,0.4823763889427201,3.3684210526315788
1493,19,33,22,1.6842105263157894,0.40740740740740744,0.5668594533825794,3.3157894736842106
1494,17,29,23,1.619047619047619,0.4470899470899471,0.3086066999241838,3.0
1495,19,36,23,1.736842105263158,0.39583333333333337,0.4823763889427201,3.3684210526315788
1496,18,33,23,1.7,0.4192708333333333,0.39999999999999997,3.2
1497,20,35,22,1.7777777777777777,0.3984375,0.49690399499995325,3.5555555555555554
1498,18,30,25,1.65,0.4603174603174603,0.47696960070847283,3.15
1499,19,32,23,1.736842105263158,0.421875,0.4823763889427201,3.3684210526315788
1500,18,32,26,1.7,0.453125,0.39999999999999997,3.2
1501,18,32,23,1.65,0.425925925925926,0.47696960070847283,3.15
1502,19,32,24,1.736842105263158,0.43229166666666663,0.4823763889427201,3.3684210526315788
1503,18,33,23,1.7,0.4192708333333333,0.39999999999999997,3.2
1504,19,33,22,1.736842105263158,0.40885416666666663,0.4823763889427201,3.3684210526315788
1505,20,30,25,1.7777777777777777,0.4583333333333333,0.49690399499995325,3.5555555555555554
1506,19,33,22,1.736842105263158,0.4114583333333333,0.48237638894272,3.3684210526315788
1507,19,33,22,1.736842105263158,0.4088541666666667,0.4823763889427201,3.3684210526315788
1508,19,33,25,1.736842105263158,0.43489583333333337,0.4823763889427201,3.3684210526315788
1509,19,37,21,1.736842105263158,0.375,0.4823763889427201,3.3684210526315788
1510,18,35,22,1.7,0.39583333333333337,0.39999999999999997,3.2
1511,19,39,18,1.736842105263158,0.3359375,0.4823763889427201,3.3684210526315788
1512,20,34,23,1.7777777777777777,0.4140625,0.49690399499995325,3.5555555555555554
1513,19,28,26,1.6842105263157894,0.4761904761904761,0.5668594533825794,3.3157894736842106
1514,18,33,23,1.7,0.4166666666666667,0.39999999999999997,3.2
1515,18,32,26,1.7,0.453125,0.39999999999999997,3.2
1516,20,32,23,1.7222222222222223,0.425925925925926,0.6009252125773316,3.5
1517,19,31,24,1.736842105263158,0.44270833333333337,0.4823763889427201,3.3684210526315788
1518,19,29,26,1.736842105263158,0.46614583333333326,0.4823763889427201,3.3684210526315788
1519,20,35,23,1.7777777777777777,0.40625,0.49690399499995325,3.5555555555555554
1520,18,29,25,1.7,0.4583333333333333,0.39999999999999997,3.2
1521,19,32,23,1.736842105263158,0.4270833333333333,0.4823763889427201,3.3684210526315788
1522,18,35,22,1.7,0.39583333333333337,0.39999999999999997,3.2
1523,19,32,23,1.736842105263158,0.42447916666666663,0.4823763889427201,3.3684210526315788
1524,19,33,23,1.736842105263158,0.4166666666666667,0.4823763889427201,3.3684210526315788
1525,19,32,24,1.736842105263158,0.43489583333333337,0.4823763889427201,3.3684210526315788
1526,19,33,24,1.736842105263158,0.4296875,0.4823763889427201,3.3684210526315788
1527,19,32,25,1.736842105263158,0.4453125,0.4823763889427201,3.3684210526315788
1528,19,33,24,1.736842105263158,0.42708333333333337,0.4823763889427201,3.3684210526315788
1529,18,33,22,1.7,0.41145833333333337,0.39999999999999997,3.2
1530,19,31,24,1.736842105263158,0.4375,0.4823763889427201,3.3684210526315788
1531,19,27,28,1.736842105263158,0.5,0.4823763889427201,3.3684210526315788
1532,19,35,22,1.736842105263158,0.3958333333333333,0.4823763889427201,3.3684210526315788
1533,18,34,21,1.7,0.3932291666666667,0.39999999999999997,3.2
1534,19,32,24,1.736842105263158,0.4375,0.48237638894272,3.3684210526315788
1535,19,35,22,1.736842105263158,0.3932291666666667,0.48237638894272,3.3684210526315788
1536,19,32,24,1.736842105263158,0.4375,0.4823763889427201,3.3684210526315788
1537,19,35,22,1.736842105263158,0.39583333333333337,0.4823763889427201,3.3684210526315788
1538,19,36,22,1.736842105263158,0.390625,0.4823763889427201,3.3684210526315788
1539,19,35,20,1.736842105263158,0.3828125,0.4823763889427201,3.3684210526315788
1540,18,30,25,1.7,0.453125,0.39999999999999997,3.2
1541,19,33,24,1.7894736842105263,0.4270833333333333,0.48237638894272,3.3684210526315788
1542,18,32,25,1.7,0.4453125,0.39999999999999997,3.2
1543,19,31,25,1.736842105263158,0.453125,0.4823763889427201,3.3684210526315788
1544,18,29,26,1.7,0.4765625,0.39999999999999997,3.2
1545,18,33,22,1.7,0.40885416666666663,0.39999999999999997,3.2
1546,18,30,25,1.7,0.4583333333333333,0.39999999999999997,3.2
1547,18,33,24,1.7,0.42447916666666663,0.39999999999999997,3.2
1548,19,30,25,1.736842105263158,0.45833333333333337,0.48237638894272,3.3684210526315788
1549,18,29,28,1.7,0.4921875,0.39999999999999997,3.2
1550,19,28,24,1.736842105263158,0.4609375,0.48237638894272,3.3684210526315788
1551,18,33,24,1.7,0.4296875,0.39999999999999997,3.2
1552,19,33,24,1.736842105263158,0.4296875,0.4823763889427201,3.3684210526315788
1553,19,30,25,1.736842105263158,0.45833333333333337,0.4823763889427201,3.3684210526315788
1554,20,32,23,1.7777777777777777,0.42447916666666663,0.49690399499995325,3.5555555555555554
1555,18,30,25,1.7,0.4609375,0.39999999999999997,3.2
1556,18,32,25,1.7,0.44270833333333337,0.39999999999999997,3.2
1557,18,29,24,1.7,0.453125,0.39999999999999997,3.2
1558,19,31,24,1.736842105263158,0.44270833333333337,0.4823763889427201,3.3684210526315788
1559,19,30,24,1.6842105263157894,0.4470899470899471,0.5668594533825794,3.3157894736842106
1560,19,30,23,1.736842105263158,0.4375,0.4823763889427201,3.3684210526315788
1561,19,32,24,1.736842105263158,0.43489583333333337,0.4823763889427201,3.3684210526315788
1562,19,33,24,1.736842105263158,0.4296875,0.4823763889427201,3.3684210526315788
1563,18,28,22,1.65,0.4470899470899471,0.47696960070847283,3.15
1564,19,31,24,1.736842105263158,0.4375,0.48237638894272,3.3684210526315788
1565,18,32,22,1.7,0.4140625,0.39999999999999997,3.2
1566,19,31,25,1.736842105263158,0.453125,0.48237638894272,3.3684210526315788
1567,18,29,27,1.7,0.48177083333333337,0.39999999999999997,3.2
1568,18,33,23,1.7,0.41927083333333337,0.39999999999999997,3.2
1569,19,30,25,1.736842105263158,0.45833333333333337,0.4823763889427201,3.3684210526315788
1570,18,30,24,1.7,0.44791666666666663,0.39999999999999997,3.2
1571,19,29,26,1.736842105263158,0.4765625,0.4823763889427201,3.3684210526315788
1572,18,34,22,1.65,0.40211640211640215,0.47696960070847283,3.15
1573,19,30,24,1.736842105263158,0.4453125,0.4823763889427201,3.3684210526315788
1574,18,31,25,1.7,0.453125,0.39999999999999997,3.2
1575,19,31,24,1.736842105263158,0.4401041666666667,0.4823763889427201,3.3684210526315788
1576,18,31,24,1.7,0.4375,0.39999999999999997,3.2
1577,18,35,22,1.7,0.39583333333333337,0.39999999999999997,3.2
1578,18,30,26,1.7,0.4661458333333333,0.39999999999999997,3.2
1579,19,30,26,1.736842105263158,0.46614583333333337,0.48237638894272,3.3684210526315788
1580,19,31,25,1.736842105263158,0.453125,0.48237638894272,3.3684210526315788
1581,19,29,26,1.6842105263157894,0.47354497354497355,0.5668594533825794,3.3157894736842106
1582,19,31,23,1.736842105263158,0.4322916666666667,0.4823763889427201,3.3684210526315788
1583,19,32,24,1.736842105263158,0.4322916666666667,0.48237638894272,3.3684210526315788
1584,17,31,25,1.6666666666666667,0.44791666666666663,0.21295885499997994,3.0476190476190474
1585,19,35,22,1.736842105263158,0.39583333333333337,0.4823763889427201,3.3684210526315788
1586,18,31,22,1.7,0.42447916666666663,0.39999999999999997,3.2
1587,18,31,24,1.7,0.4375,0.39999999999999997,3.2
1588,18,32,24,1.65,0.43386243386243384,0.47696960070847283,3.15
1589,19,31,24,1.736842105263158,0.44010416666666663,0.4823763889427201,3.3684210526315788
1590,19,30,26,1.736842105263158,0.46354166666666663,0.4823763889427201,3.3684210526315788
1591,19,31,24,1.736842105263158,0.44270833333333337,0.4823763889427201,3.3684210526315788
1592,19,30,26,1.736842105263158,0.46875,0.4823763889427201,3.3684210526315788
1593,19,31,25,1.736842105263158,0.453125,0.4823763889427201,3.3684210526315788
1594,18,32,24,1.7,0.4348958333333333,0.39999999999999997,3.2
1595,18,27,27,1.65,0.5,0.47696960070847283,3.15
1596,20,32,23,1.7777777777777777,0.42447916666666663,0.49690399499995325,3.5555555555555554
1597,18,30,24,1.7,0.4479166666666667,0.39999999999999997,3.2
1598,19,33,24,1.736842105263158,0.4296875,0.48237638894272,3.3684210526315788
1599,18,32,24,1.7,0.43489583333333337,0.39999999999999997,3.2
1600,19,32,24,1.736842105263158,0.4322916666666667,0.4823763889427201,3.3684210526315788
1601,19,31,25,1.736842105263158,0.45052083333333337,0.4823763889427201,3.3684210526315788
1602,19,33,24,1.6842105263157894,0.42857142857142855,0.5668594533825794,3.3157894736842106
1603,19,34,22,1.736842105263158,0.40364583333333337,0.48237638894272,3.3684210526315788
1604,19,32,22,1.736842105263158,0.4140625,0.4823763889427201,3.3684210526315788
1605,18,32,25,1.7,0.4453125,0.39999999999999997,3.2
1606,18,35,24,1.7,0.4140625,0.39999999999999997,3.2
1607,19,31,25,1.736842105263158,0.45052083333333337,0.4823763889427201,3.3684210526315788
1608,19,28,24,1.736842105263158,0.4557291666666667,0.48237638894272,3.3684210526315788
1609,19,30,23,1.736842105263158,0.44010416666666663,0.4823763889427201,3.3684210526315788
1610,19,31,23,1.736842105263158,0.4296875,0.4823763889427201,3.3684210526315788
1611,19,31,24,1.736842105263158,0.44010416666666663,0.4823763889427201,3.3684210526315788
1612,18,31,24,1.7,0.4375,0.39999999999999997,3.2
1613,19,31,22,1.736842105263158,0.4244791666666667,0.48237638894272,3.3684210526315788
1614,18,33,25,1.7,0.4375,0.39999999999999997,3.2
1615,18,30,24,1.7,0.4453125,0.39999999999999997,3.2
1616,19,32,23,1.736842105263158,0.42708333333333337,0.4823763889427201,3.3684210526315788
1617,19,32,24,1.736842105263158,0.4375,0.4823763889427201,3.3684210526315788
1618,18,32,23,1.7,0.421875,0.39999999999999997,3.2
1619,19,28,26,1.736842105263158,0.48177083333333337,0.48237638894272,3.3684210526315788
1620,18,30,26,1.7,0.4661458333333333,0.39999999999999997,3.2
1621,18,29,26,1.7,0.4713541666666667,0.39999999999999997,3.2
1622,19,33,23,1.6842105263157894,0.41798941798941797,0.5668594533825794,3.3157894736842106
1623,18,30,25,1.7,0.45572916666666663,0.39999999999999997,3.2
1624,19,31,25,1.736842105263158,0.4479166666666667,0.4823763889427201,3.3684210526315788
1625,18,30,25,1.7,0.4583333333333333,0.39999999999999997,3.2
1626,18,30,23,1.7,0.4375,0.39999999999999997,3.2
1627,19,30,25,1.736842105263158,0.4583333333333333,0.4823763889427201,3.3684210526315788
1628,19,30,27,1.736842105263158,0.4765625,0.48237638894272,3.3684210526315788
1629,19,33,24,1.736842105263158,0.4296875,0.48237638894272,3.3684210526315788
1630,19,30,25,1.736842105263158,0.45833333333333337,0.4823763889427201,3.3684210526315788
1631,18,31,23,1.7,0.43489583333333337,0.39999999999999997,3.2
1632,18,31,25,1.7,0.4479166666666667,0.39999999999999997,3.2
1633,19,28,26,1.736842105263158,0.47916666666666663,0.4823763889427201,3.3684210526315788
1634,19,30,25,1.736842105263158,0.4583333333333333,0.4823763889427201,3.3684210526315788
1635,18,31,25,1.7,0.453125,0.39999999999999997,3.2
1636,19,32,23,1.736842105263158,0.42447916666666663,0.4823763889427201,3.3684210526315788
1637,19,31,26,1.736842105263158,0.45833333333333337,0.48237638894272,3.3684210526315788
1638,19,31,25,1.736842105263158,0.453125,0.4823763889427201,3.3684210526315788
1639,19,30,26,1.736842105263158,0.46614583333333337,0.4823763889427201,3.3684210526315788
1640,18,31,24,1.7,0.4375,0.39999999999999997,3.2
1641,18,30,26,1.7,0.46875,0.39999999999999997,3.2
1642,19,30,25,1.736842105263158,0.45572916666666663,0.4823763889427201,3.3684210526315788
1643,19,30,26,1.736842105263158,0.4661458333333333,0.4823763889427201,3.3684210526315788
1644,18,32,25,1.7,0.4453125,0.39999999999999997,3.2
1645,18,27,26,1.65,0.48677248677248675,0.47696960070847283,3.15
1646,18,34,22,1.7,0.4036458333333333,0.39999999999999997,3.2
1647,18,30,26,1.7,0.46875,0.39999999999999997,3.2
1648,19,32,25,1.736842105263158,0.4453125,0.48237638894272,3.3684210526315788
1649,17,39,17,1.6666666666666667,0.3177083333333333,0.21295885499997994,3.0476190476190474
1650,19,29,25,1.6842105263157894,0.46296296296296297,0.5668594533825794,3.3157894736842106
1651,18,28,26,1.7,0.4817708333333333,0.39999999999999997,3.2
1652,19,29,26,1.736842105263158,0.47395833333333337,0.4823763889427201,3.3684210526315788
1653,18,30,25,1.7,0.4609375,0.39999999999999997,3.2
1654,18,33,23,1.7,0.41666666666666663,0.39999999999999997,3.2
1655,18,32,24,1.7,0.43489583333333337,0.39999999999999997,3.2
1656,19,33,22,1.736842105263158,0.4140625,0.4823763889427201,3.3684210526315788
1657,19,30,26,1.736842105263158,0.46875,0.4823763889427201,3.3684210526315788
1658,18,30,26,1.65,0.46825396825396826,0.47696960070847283,3.15
1659,19,29,26,1.736842105263158,0.47395833333333337,0.4823763889427201,3.3684210526315788
1660,18,33,22,1.7,0.40625,0.39999999999999997,3.2
1661,19,32,26,1.736842105263158,0.453125,0.4823763889427201,3.3684210526315788
1662,18,31,25,1.7,0.45052083333333337,0.39999999999999997,3.2
1663,19,30,24,1.736842105263158,0.4453125,0.4823763889427201,3.3684210526315788
1664,19,31,24,1.736842105263158,0.4453125,0.4823763889427201,3.3684210526315788
1665,18,32,25,1.7,0.4453125,0.39999999999999997,3.2
1666,18,28,25,1.7,0.46875,0.39999999999999997,3.2
1667,19,29,25,1.736842105263158,0.4635416666666667,0.4823763889427201,3.3684210526315788
1668,18,31,24,1.7,0.4401041666666667,0.39999999999999997,3.2
1669,18,34,23,1.7,0.4140625,0.39999999999999997,3.2
1670,19,29,26,1.736842105263158,0.46875,0.4823763889427201,3.3684210526315788
1671,19,30,26,1.736842105263158,0.4661458333333333,0.48237638894272,3.3684210526315788
1672,18,28,26,1.7,0.47916666666666663,0.39999999999999997,3.2
1673,18,31,23,1.65,0.42857142857142855,0.47696960070847283,3.15
1674,18,29,24,1.7,0.4557291666666667,0.39999999999999997,3.2
1675,19,32,24,1.6842105263157894,0.43386243386243384,0.5668594533825794,3.3157894736842106
1676,19,29,26,1.736842105263158,0.4765625,0.4823763889427201,3.3684210526315788
1677,18,30,27,1.7,0.4739583333333333,0.39999999999999997,3.2
1678,18,29,27,1.7,0.4817708333333333,0.39999999999999997,3.2
1679,19,31,25,1.736842105263158,0.453125,0.4823763889427201,3.3684210526315788
1680,19,32,25,1.736842105263158,0.4427083333333333,0.4823763889427201,3.3684210526315788
1681,19,30,24,1.736842105263158,0.4479166666666667,0.4823763889427201,3.3684210526315788
1682,19,36,19,1.736842105263158,0.36197916666666663,0.4823763889427201,3.3684210526315788
1683,19,30,25,1.736842105263158,0.45833333333333337,0.4823763889427201,3.3684210526315788
1684,19,31,23,1.6842105263157894,0.4312169312169312,0.5668594533825794,3.3157894736842106
1685,18,31,24,1.65,0.44179894179894186,0.47696960070847283,3.15
1686,19,33,24,1.736842105263158,0.4296875,0.4823763889427201,3.3684210526315788
1687,18,31,24,1.65,0.4365079365079365,0.47696960070847283,3.15
1688,18,28,26,1.65,0.4788359788359788,0.47696960070847283,3.15
1689,19,28,25,1.6842105263157894,0.4682539682539682,0.5668594533825794,3.3157894736842106
1690,19,29,26,1.736842105263158,0.47395833333333337,0.4823763889427201,3.3684210526315788
1691,18,31,24,1.7,0.44270833333333337,0.39999999999999997,3.2
1692,19,30,25,1.736842105263158,0.4557291666666667,0.4823763889427201,3.3684210526315788
1693,19,32,24,1.736842105263158,0.43489583333333337,0.4823763889427201,3.3684210526315788
1694,19,29,27,1.736842105263158,0.48177083333333337,0.48237638894272,3.3684210526315788
1695,18,32,25,1.7,0.4453125,0.39999999999999997,3.2
1696,19,30,25,1.736842105263158,0.45833333333333337,0.4823763889427201,3.3684210526315788
1697,19,31,25,1.736842105263158,0.4505208333333333,0.4823763889427201,3.3684210526315788
1698,18,33,25,1.7,0.4375,0.39999999999999997,3.2
1699,19,29,26,1.6842105263157894,0.47354497354497355,0.5668594533825794,3.3157894736842106
1700,18,32,25,1.7,0.4453125,0.39999999999999997,3.2
1701,19,31,24,1.736842105263158,0.44010416666666663,0.4823763889427201,3.3684210526315788
1702,19,30,26,1.736842105263158,0.4661458333333333,0.4823763889427201,3.3684210526315788
1703,18,30,25,1.7,0.453125,0.39999999999999997,3.2
1704,18,29,26,1.7,0.47395833333333337,0.39999999999999997,3.2
1705,20,31,24,1.7777777777777777,0.4401041666666667,0.49690399499995325,3.5555555555555554
1706,19,31,25,1.736842105263158,0.45052083333333337,0.4823763889427201,3.3684210526315788
1707,19,33,24,1.736842105263158,0.4244791666666667,0.4823763889427201,3.3684210526315788
1708,18,32,25,1.7,0.4453125,0.39999999999999997,3.2
1709,19,32,24,1.736842105263158,0.4375,0.48237638894272,3.3684210526315788
1710,19,32,24,1.736842105263158,0.43489583333333337,0.4823763889427201,3.3684210526315788
1711,19,29,25,1.736842105263158,0.4635416666666667,0.48237638894272,3.3684210526315788
1712,18,34,23,1.65,0.40740740740740744,0.47696960070847283,3.15
1713,18,28,28,1.65,0.49470899470899465,0.47696960070847283,3.15
1714,18,29,26,1.7,0.47395833333333337,0.39999999999999997,3.2
1715,19,30,23,1.736842105263158,0.4401041666666667,0.4823763889427201,3.3684210526315788
1716,18,31,25,1.7,0.453125,0.39999999999999997,3.2
1717,18,31,24,1.7,0.4453125,0.39999999999999997,3.2
1718,20,30,25,1.7777777777777777,0.45572916666666663,0.49690399499995325,3.5555555555555554
1719,19,29,26,1.736842105263158,0.47135416666666663,0.4823763889427201,3.3684210526315788
1720,18,29,27,1.7,0.4791666666666667,0.39999999999999997,3.2
1721,20,30,26,1.7777777777777777,0.4661458333333333,0.49690399499995325,3.5555555555555554
1722,18,30,26,1.7,0.46614583333333337,0.39999999999999997,3.2
1723,19,29,25,1.6842105263157894,0.46560846560846564,0.5668594533825794,3.3157894736842106
1724,18,31,24,1.7,0.4401041666666667,0.39999999999999997,3.2
1725,18,30,23,1.7,0.4375,0.39999999999999997,3.2
1726,18,30,24,1.65,0.4470899470899471,0.47696960070847283,3.15
1727,20,34,22,1.7777777777777777,0.4010416666666667,0.49690399499995325,3.5555555555555554
1728,19,32,24,1.6842105263157894,0.4365079365079365,0.5668594533825794,3.3157894736842106
1729,19,29,26,1.736842105263158,0.4765625,0.4823763889427201,3.3684210526315788
1730,19,33,23,1.736842105263158,0.41927083333333337,0.4823763889427201,3.3684210526315788
1731,18,31,23,1.7,0.43229166666666663,0.39999999999999997,3.2
1732,19,34,24,1.736842105263158,0.421875,0.4823763889427201,3.3684210526315788
1733,18,30,25,1.7,0.45833333333333337,0.39999999999999997,3.2
1734,20,33,24,1.7777777777777777,0.4296875,0.49690399499995325,3.5555555555555554
1735,19,30,25,1.6842105263157894,0.4576719576719577,0.5668594533825794,3.3157894736842106
1736,18,29,25,1.7,0.4609375,0.39999999999999997,3.2
1737,18,30,25,1.7,0.4583333333333333,0.39999999999999997,3.2
1738,18,33,24,1.7,0.4296875,0.39999999999999997,3.2
1739,20,32,25,1.7777777777777777,0.44010416666666663,0.49690399499995325,3.5555555555555554
1740,19,33,25,1.736842105263158,0.43489583333333337,0.4823763889427201,3.3684210526315788
1741,18,36,22,1.7,0.390625,0.39999999999999997,3.2
1742,19,31,24,1.736842105263158,0.44270833333333337,0.48237638894272,3.3684210526315788
1743,19,30,24,1.736842105263158,0.44531250000000006,0.48237638894272,3.3684210526315788
1744,18,31,25,1.7,0.4479166666666667,0.39999999999999997,3.2
1745,18,30,24,1.7,0.4453125,0.39999999999999997,3.2
1746,18,28,25,1.7,0.4713541666666667,0.39999999999999997,3.2
1747,19,28,24,1.6842105263157894,0.46296296296296297,0.5668594533825794,3.3157894736842106
1748,19,32,23,1.736842105263158,0.421875,0.4823763889427201,3.3684210526315788
1749,18,30,23,1.7,0.44010416666666663,0.39999999999999997,3.2
1750,19,30,25,1.736842105263158,0.453125,0.4823763889427201,3.3684210526315788
1751,18,33,23,1.7,0.4166666666666667,0.39999999999999997,3.2
1752,19,34,22,1.736842105263158,0.4036458333333333,0.4823763889427201,3.3684210526315788
1753,20,30,25,1.7777777777777777,0.45572916666666663,0.49690399499995325,3.5555555555555554
1754,19,30,26,1.736842105263158,0.46614583333333337,0.48237638894272,3.3684210526315788
1755,19,29,26,1.736842105263158,0.47135416666666663,0.48237638894272,3.3684210526315788
1756,18,34,23,1.7,0.4140625,0.39999999999999997,3.2
1757,18,30,24,1.7,0.44791666666666663,0.39999999999999997,3.2
1758,18,32,24,1.7,0.43229166666666663,0.39999999999999997,3.2
1759,18,32,25,1.7,0.4453125,0.39999999999999997,3.2
1760,18,30,24,1.7,0.45052083333333337,0.39999999999999997,3.2
1761,18,30,27,1.7,0.4739583333333333,0.39999999999999997,3.2
1762,19,29,25,1.6842105263157894,0.46296296296296297,0.5668594533825794,3.3157894736842106
1763,19,31,26,1.736842105263158,0.4583333333333333,0.48237638894272,3.3684210526315788
1764,18,36,21,1.7,0.3828125,0.39999999999999997,3.2
1765,19,32,23,1.736842105263158,0.42447916666666663,0.4823763889427201,3.3684210526315788
1766,18,32,22,1.7,0.4140625,0.39999999999999997,3.2
1767,20,33,24,1.7777777777777777,0.42708333333333337,0.49690399499995325,3.5555555555555554
1768,20,31,23,1.7777777777777777,0.4296875,0.49690399499995325,3.5555555555555554
1769,19,35,22,1.736842105263158,0.3984375,0.4823763889427201,3.3684210526315788
1770,19,29,24,1.6842105263157894,0.4497354497354497,0.5668594533825794,3.3157894736842106
1771,18,30,26,1.7,0.4635416666666667,0.39999999999999997,3.2
1772,18,30,24,1.7,0.44791666666666663,0.39999999999999997,3.2
1773,18,32,25,1.7,0.4453125,0.39999999999999997,3.2
1774,18,29,25,1.7,0.4609375,0.39999999999999997,3.2
1775,20,29,25,1.7777777777777777,0.46354166666666663,0.49690399499995325,3.5555555555555554
1776,19,32,24,1.736842105263158,0.43489583333333337,0.4823763889427201,3.3684210526315788
1777,18,28,25,1.65,0.47089947089947093,0.47696960070847283,3.15
1778,19,31,25,1.736842105263158,0.44791666666666663,0.4823763889427201,3.3684210526315788
1779,18,31,26,1.7,0.4609375,0.39999999999999997,3.2
1780,18,27,26,1.7,0.48697916666666663,0.39999999999999997,3.2
1781,18,33,23,1.7,0.41927083333333337,0.39999999999999997,3.2
1782,18,29,26,1.65,0.47089947089947093,0.47696960070847283,3.15
1783,19,30,25,1.736842105263158,0.45572916666666663,0.4823763889427201,3.3684210526315788
1784,18,29,25,1.7,0.4635416666666667,0.39999999999999997,3.2
1785,18,31,24,1.65,0.4391534391534392,0.47696960070847283,3.15
1786,18,30,25,1.7,0.45833333333333337,0.39999999999999997,3.2
1787,18,32,23,1.7,0.4244791666666667,0.39999999999999997,3.2
1788,18,31,24,1.7,0.4375,0.39999999999999997,3.2
1789,19,34,23,1.6842105263157894,0.4126984126984127,0.5668594533825794,3.3157894736842106
1790,18,32,24,1.7,0.43489583333333337,0.39999999999999997,3.2
1791,18,36,19,1.7,0.359375,0.39999999999999997,3.2
1792,18,32,23,1.7,0.4244791666666667,0.39999999999999997,3.2
1793,18,30,22,1.7,0.43229166666666663,0.39999999999999997,3.2
1794,18,32,25,1.7,0.4453125,0.39999999999999997,3.2
1795,19,29,26,1.736842105263158,0.47135416666666663,0.4823763889427201,3.3684210526315788
1796,19,31,25,1.736842105263158,0.453125,0.4823763889427201,3.3684210526315788
1797,19,31,26,1.736842105263158,0.4609375,0.48237638894272,3.3684210526315788
1798,18,29,25,1.7,0.4609375,0.39999999999999997,3.2
1799,18,28,26,1.7,0.4817708333333333,0.39999999999999997,3.2
1800,19,31,24,1.736842105263158,0.4427083333333333,0.48237638894272,3.3684210526315788
1801,19,30,23,1.6842105263157894,0.4391534391534392,0.5668594533825794,3.3157894736842106
1802,19,35,20,1.7894736842105263,0.38020833333333337,0.4823763889427201,3.3684210526315788
1803,18,29,27,1.7,0.48177083333333337,0.39999999999999997,3.2
1804,18,33,23,1.7,0.41666666666666663,0.39999999999999997,3.2
1805,18,31,23,1.65,0.4338624338624339,0.47696960070847283,3.15
1806,18,32,24,1.65,0.4365079365079365,0.47696960070847283,3.15
1807,19,33,23,1.736842105263158,0.41927083333333337,0.4823763889427201,3.3684210526315788
1808,19,29,25,1.736842105263158,0.4609375,0.48237638894272,3.3684210526315788
1809,19,31,25,1.736842105263158,0.45052083333333337,0.4823763889427201,3.3684210526315788
1810,19,30,25,1.736842105263158,0.4583333333333333,0.4823763889427201,3.3684210526315788
1811,19,27,26,1.736842105263158,0.4791666666666667,0.4823763889427201,3.3684210526315788
1812,19,29,26,1.736842105263158,0.47135416666666663,0.48237638894272,3.3684210526315788
1813,20,33,23,1.7777777777777777,0.4192708333333333,0.49690399499995325,3.5555555555555554
1814,18,33,24,1.7,0.42708333333333337,0.39999999999999997,3.2
1815,19,27,27,1.736842105263158,0.4921875,0.48237638894272,3.3684210526315788
1816,18,31,26,1.65,0.4603174603174603,0.47696960070847283,3.15
1817,19,31,25,1.736842105263158,0.453125,0.4823763889427201,3.3684210526315788
1818,18,27,26,1.7,0.48697916666666663,0.39999999999999997,3.2
1819,19,30,26,1.736842105263158,0.4635416666666667,0.4823763889427201,3.3684210526315788
1820,19,29,25,1.736842105263158,0.4609375,0.4823763889427201,3.3684210526315788
1821,19,31,25,1.736842105263158,0.453125,0.4823763889427201,3.3684210526315788
1822,18,31,25,1.7,0.4505208333333333,0.39999999999999997,3.2
1823,18,29,25,1.65,0.4656084656084656,0.47696960070847283,3.15
1824,18,29,25,1.7,0.46354166666666663,0.39999999999999997,3.2
1825,18,28,27,1.7,0.4869791666666667,0.39999999999999997,3.2
1826,18,29,25,1.65,0.4656084656084656,0.47696960070847283,3.15
1827,19,30,26,1.736842105263158,0.4661458333333333,0.48237638894272,3.3684210526315788
1828,18,30,24,1.7,0.4479166666666667,0.39999999999999997,3.2
1829,19,31,25,1.736842105263158,0.45052083333333337,0.4823763889427201,3.3684210526315788
1830,19,30,24,1.736842105263158,0.44791666666666663,0.4823763889427201,3.3684210526315788
1831,19,31,25,1.736842105263158,0.453125,0.48237638894272,3.3684210526315788
1832,18,32,24,1.7,0.4322916666666667,0.39999999999999997,3.2
1833,18,27,27,1.7,0.49479166666666674,0.39999999999999997,3.2
1834,19,29,26,1.736842105263158,0.47395833333333337,0.48237638894272,3.3684210526315788
1835,19,32,24,1.736842105263158,0.43489583333333337,0.4823763889427201,3.3684210526315788
1836,18,31,26,1.7,0.4583333333333333,0.39999999999999997,3.2
1837,19,27,27,1.736842105263158,0.4947916666666667,0.48237638894272,3.3684210526315788
1838,18,30,26,1.7,0.46614583333333337,0.39999999999999997,3.2
1839,18,33,23,1.7,0.41927083333333337,0.39999999999999997,3.2
1840,18,29,23,1.7,0.4427083333333333,0.39999999999999997,3.2
1841,18,32,23,1.65,0.42857142857142855,0.47696960070847283,3.15
1842,18,31,24,1.7,0.4401041666666667,0.39999999999999997,3.2
1843,18,33,23,1.7,0.41927083333333337,0.39999999999999997,3.2
1844,18,32,24,1.7,0.4322916666666667,0.39999999999999997,3.2
1845,18,29,25,1.7,0.4661458333333333,0.39999999999999997,3.2
1846,19,31,25,1.736842105263158,0.4505208333333333,0.4823763889427201,3.3684210526315788
1847,19,31,24,1.736842105263158,0.44010416666666663,0.48237638894272,3.3684210526315788
1848,19,29,27,1.736842105263158,0.48177083333333337,0.48237638894272,3.3684210526315788
1849,20,30,24,1.7222222222222223,0.44708994708994704,0.6009252125773316,3.5
1850,18,31,23,1.7,0.4296875,0.39999999999999997,3.2
1851,19,28,27,1.736842105263158,0.484375,0.4823763889427201,3.3684210526315788
1852,19,31,25,1.736842105263158,0.45052083333333337,0.48237638894272,3.3684210526315788
1853,18,29,26,1.7,0.47135416666666663,0.39999999999999997,3.2
1854,18,32,24,1.7,0.4296875,0.39999999999999997,3.2
1855,19,33,23,1.736842105263158,0.41927083333333337,0.4823763889427201,3.3684210526315788
1856,20,29,26,1.7777777777777777,0.4739583333333333,0.49690399499995325,3.5555555555555554
1857,19,30,24,1.736842105263158,0.44791666666666663,0.4823763889427201,3.3684210526315788
1858,18,27,24,1.7,0.45833333333333337,0.39999999999999997,3.2
1859,19,30,25,1.6842105263157894,0.4576719576719577,0.5668594533825794,3.3157894736842106
1860,19,29,24,1.736842105263158,0.45572916666666663,0.4823763889427201,3.3684210526315788
1861,18,32,24,1.7,0.43489583333333337,0.39999999999999997,3.2
1862,19,33,24,1.736842105263158,0.4270833333333333,0.4823763889427201,3.3684210526315788
1863,19,27,26,1.6842105263157894,0.48677248677248675,0.5668594533825794,3.3157894736842106
1864,19,32,23,1.736842105263158,0.42447916666666663,0.4823763889427201,3.3684210526315788
1865,18,31,25,1.7,0.4479166666666667,0.39999999999999997,3.2
1866,18,29,25,1.7,0.46614583333333337,0.39999999999999997,3.2
1867,19,30,27,1.736842105263158,0.4765625,0.48237638894272,3.3684210526315788
1868,19,30,26,1.736842105263158,0.4661458333333333,0.4823763889427201,3.3684210526315788
1869,18,31,26,1.7,0.45572916666666674,0.39999999999999997,3.2
1870,19,28,27,1.736842105263158,0.4869791666666667,0.48237638894272,3.3684210526315788
1871,19,30,25,1.736842105263158,0.4583333333333333,0.48237638894272,3.3684210526315788
1872,18,31,23,1.7,0.43229166666666663,0.39999999999999997,3.2
1873,19,31,25,1.6842105263157894,0.4497354497354497,0.5668594533825794,3.3157894736842106
1874,18,29,27,1.7,0.48177083333333337,0.39999999999999997,3.2
1875,19,30,25,1.736842105263158,0.45572916666666663,0.48237638894272,3.3684210526315788
1876,19,29,27,1.736842105263158,0.48177083333333337,0.48237638894272,3.3684210526315788
1877,18,32,25,1.7,0.4453125,0.39999999999999997,3.2
1878,19,27,26,1.736842105263158,0.484375,0.48237638894272,3.3684210526315788
1879,18,42,18,1.7,0.3125,0.39999999999999997,3.2
1880,19,30,25,1.736842105263158,0.45833333333333337,0.4823763889427201,3.3684210526315788
1881,18,28,26,1.7,0.4765625,0.39999999999999997,3.2
1882,18,31,24,1.7,0.4427083333333333,0.39999999999999997,3.2
1883,18,30,24,1.7,0.4479166666666667,0.39999999999999997,3.2
1884,18,31,24,1.7,0.44010416666666663,0.39999999999999997,3.2
1885,19,29,27,1.736842105263158,0.48177083333333337,0.48237638894272,3.3684210526315788
1886,19,28,25,1.736842105263158,0.46614583333333337,0.4823763889427201,3.3684210526315788
1887,19,31,24,1.736842105263158,0.44010416666666663,0.48237638894272,3.3684210526315788
1888,18,26,28,1.7,0.5078125,0.39999999999999997,3.2
1890,18,25,26,1.7,0.49739583333333337,0.39999999999999997,3.2
1891,18,25,26,1.7,0.49739583333333337,0.39999999999999997,3.2
1892,18,25,26,1.7,0.49739583333333337,0.39999999999999997,3.2
1893,18,25,26,1.7,0.49739583333333337,0.39999999999999997,3.2
1894,18,25,26,1.7,0.49739583333333337,0.39999999999999997,3.2
1895,18,25,26,1.7,0.49739583333333337,0.39999999999999997,3.2
1896,18,25,26,1.7,0.49739583333333337,0.39999999999999997,3.2
1897,18,25,26,1.7,0.49739583333333337,0.39999999999999997,3.2
1898,18,25,26,1.7,0.49739583333333337,0.39999999999999997,3.2
1899,18,25,26,1.7,0.49739583333333337,0.39999999999999997,3.2
