Episode,Desafios_sin_equipo,Estudiantes_fuera_preferencias,Estudiantes_primera_prioridad,Promedio_carreras_por_equipo,Satisfaccion_promedio,STD_tamano_equipos,Tamano_promedio_equipo
2,18,59,0,1.75,0.033854166666666664,0.39999999999999997,3.2
3,18,59,4,1.75,0.0703125,0.39999999999999997,3.2
4,17,56,3,1.7142857142857142,0.08333333333333333,0.21295885499997994,3.0476190476190474
5,19,57,1,1.7894736842105263,0.05468749999999999,0.4823763889427201,3.3684210526315788
6,17,61,2,1.6666666666666667,0.03645833333333333,0.21295885499997994,3.0476190476190474
7,18,59,2,1.75,0.049479166666666664,0.39999999999999997,3.2
8,18,55,5,1.75,0.1015625,0.39999999999999997,3.2
9,17,59,1,1.7142857142857142,0.041666666666666664,0.21295885499997994,3.0476190476190474
10,17,51,6,1.7142857142857142,0.13541666666666666,0.21295885499997994,3.0476190476190474
11,17,57,1,1.7142857142857142,0.05208333333333333,0.21295885499997994,3.0476190476190474
12,18,54,1,1.75,0.08072916666666666,0.39999999999999997,3.2
13,17,62,0,1.7142857142857142,0.013020833333333332,0.21295885499997994,3.0476190476190474
14,17,63,0,1.7142857142857142,0.005208333333333333,0.21295885499997994,3.0476190476190474
15,18,62,1,1.75,0.020833333333333332,0.39999999999999997,3.2
16,18,58,3,1.75,0.0703125,0.39999999999999997,3.2
17,18,60,2,1.75,0.046875,0.39999999999999997,3.2
18,17,61,0,1.6666666666666667,0.020833333333333332,0.21295885499997994,3.0476190476190474
19,18,60,3,1.75,0.05208333333333333,0.39999999999999997,3.2
20,19,60,1,1.7894736842105263,0.033854166666666664,0.4823763889427201,3.3684210526315788
21,18,56,3,1.75,0.08072916666666667,0.39999999999999997,3.2
22,18,61,2,1.75,0.036458333333333336,0.39999999999999997,3.2
23,18,63,1,1.75,0.015625,0.39999999999999997,3.2
24,17,59,2,1.7142857142857142,0.049479166666666664,0.21295885499997996,3.0476190476190474
25,18,61,2,1.75,0.036458333333333336,0.39999999999999997,3.2
26,19,58,2,1.7894736842105263,0.05989583333333333,0.4823763889427201,3.3684210526315788
27,20,58,3,1.8333333333333333,0.0625,0.49690399499995325,3.5555555555555554
28,19,55,2,1.7894736842105263,0.07291666666666666,0.4823763889427201,3.3684210526315788
29,17,56,3,1.7142857142857142,0.08072916666666667,0.21295885499997994,3.0476190476190474
30,18,60,2,1.75,0.041666666666666664,0.39999999999999997,3.2
31,18,58,4,1.75,0.078125,0.39999999999999997,3.2
32,19,57,2,1.7894736842105263,0.0625,0.4823763889427201,3.3684210526315788
33,17,60,3,1.7142857142857142,0.0546875,0.21295885499997994,3.0476190476190474
34,17,59,1,1.7142857142857142,0.04166666666666667,0.21295885499997994,3.0476190476190474
35,19,57,3,1.7894736842105263,0.0703125,0.48237638894272,3.3684210526315788
36,18,61,2,1.75,0.03645833333333333,0.39999999999999997,3.2
37,18,60,2,1.75,0.04427083333333333,0.39999999999999997,3.2
38,19,62,2,1.7894736842105263,0.03125,0.4823763889427201,3.3684210526315788
39,18,56,1,1.75,0.0625,0.39999999999999997,3.2
40,19,60,1,1.7894736842105263,0.0390625,0.4823763889427201,3.3684210526315788
41,17,60,1,1.7142857142857142,0.03645833333333333,0.21295885499997994,3.0476190476190474
42,18,58,2,1.65,0.059895833333333336,0.39999999999999997,3.2
43,19,57,3,1.7894736842105263,0.07291666666666666,0.4823763889427201,3.3684210526315788
44,18,60,0,1.75,0.028645833333333332,0.39999999999999997,3.2
45,18,58,2,1.75,0.05729166666666667,0.39999999999999997,3.2
46,18,61,2,1.75,0.0390625,0.39999999999999997,3.2
47,18,54,3,1.75,0.09635416666666666,0.39999999999999997,3.2
48,17,60,1,1.7142857142857142,0.03645833333333333,0.21295885499997994,3.0476190476190474
49,18,57,2,1.75,0.06510416666666666,0.39999999999999997,3.2
50,19,61,1,1.7894736842105263,0.026041666666666664,0.4823763889427201,3.3684210526315788
51,17,58,1,1.7142857142857142,0.0546875,0.21295885499997994,3.0476190476190474
52,18,59,1,1.75,0.04427083333333333,0.39999999999999997,3.2
53,18,59,1,1.75,0.04427083333333333,0.39999999999999997,3.2
54,19,63,1,1.7894736842105263,0.015625,0.4823763889427201,3.3684210526315788
55,17,55,3,1.7142857142857142,0.08854166666666666,0.21295885499997994,3.0476190476190474
56,18,55,3,1.75,0.09114583333333333,0.39999999999999997,3.2
57,18,59,2,1.75,0.049479166666666664,0.39999999999999997,3.2
58,17,61,1,1.7142857142857142,0.028645833333333332,0.21295885499997994,3.0476190476190474
59,18,54,6,1.75,0.12239583333333334,0.39999999999999997,3.2
60,18,60,1,1.75,0.0390625,0.39999999999999997,3.2
61,18,57,3,1.7,0.06613756613756613,0.47696960070847283,3.15
62,18,59,3,1.75,0.0625,0.39999999999999997,3.2
63,19,59,4,1.7894736842105263,0.06770833333333333,0.4823763889427201,3.3684210526315788
64,18,59,3,1.75,0.057291666666666664,0.39999999999999997,3.2
65,18,61,1,1.7,0.03125,0.39999999999999997,3.2
66,17,58,5,1.7142857142857142,0.08333333333333333,0.21295885499997994,3.0476190476190474
67,17,57,2,1.7142857142857142,0.0625,0.21295885499997994,3.0476190476190474
68,18,59,2,1.7,0.05208333333333333,0.39999999999999997,3.2
69,18,60,2,1.75,0.046875,0.39999999999999997,3.2
70,19,61,0,1.7894736842105263,0.015625,0.4823763889427201,3.3684210526315788
71,18,61,2,1.75,0.0390625,0.39999999999999997,3.2
72,18,59,3,1.75,0.05989583333333333,0.39999999999999997,3.2
73,18,58,1,1.75,0.046875,0.39999999999999997,3.2
74,18,56,1,1.75,0.05989583333333333,0.39999999999999997,3.2
75,18,57,4,1.75,0.08072916666666666,0.39999999999999997,3.2
76,17,59,2,1.7142857142857142,0.05208333333333333,0.21295885499997994,3.0476190476190474
77,19,54,2,1.7894736842105263,0.0859375,0.48237638894272,3.3684210526315788
78,18,59,1,1.75,0.041666666666666664,0.39999999999999997,3.2
79,18,62,1,1.75,0.020833333333333332,0.39999999999999997,3.2
80,18,59,3,1.75,0.057291666666666664,0.39999999999999997,3.2
81,19,57,2,1.7894736842105263,0.05989583333333333,0.4823763889427201,3.3684210526315788
82,18,60,3,1.75,0.052083333333333336,0.39999999999999997,3.2
83,18,62,0,1.75,0.010416666666666666,0.39999999999999997,3.2
84,18,62,1,1.75,0.0234375,0.39999999999999997,3.2
85,19,60,2,1.7894736842105263,0.04427083333333333,0.48237638894272,3.3684210526315788
86,17,60,1,1.7142857142857142,0.036458333333333336,0.21295885499997994,3.0476190476190474
87,17,56,0,1.6666666666666667,0.04687499999999999,0.21295885499997994,3.0476190476190474
88,18,59,1,1.75,0.041666666666666664,0.39999999999999997,3.2
89,19,57,4,1.7894736842105263,0.08072916666666666,0.4823763889427201,3.3684210526315788
90,18,60,1,1.7,0.033854166666666664,0.39999999999999997,3.2
91,19,60,3,1.7894736842105263,0.05208333333333333,0.48237638894272,3.3684210526315788
92,18,61,1,1.75,0.03125,0.39999999999999997,3.2
93,18,57,3,1.7,0.07142857142857142,0.47696960070847283,3.15
94,17,63,0,1.7142857142857142,0.005208333333333333,0.21295885499997994,3.0476190476190474
95,18,55,3,1.75,0.07812499999999999,0.39999999999999997,3.2
96,17,63,0,1.7142857142857142,0.0078125,0.21295885499997994,3.0476190476190474
97,18,57,3,1.7,0.06613756613756613,0.47696960070847283,3.15
98,18,59,1,1.75,0.0390625,0.39999999999999997,3.2
99,17,58,1,1.7142857142857142,0.046875,0.21295885499997994,3.0476190476190474
100,18,61,0,1.75,0.018229166666666664,0.39999999999999997,3.2
101,18,60,2,1.75,0.04427083333333333,0.39999999999999997,3.2
102,17,60,2,1.7142857142857142,0.046875,0.21295885499997994,3.0476190476190474
103,17,59,0,1.6666666666666667,0.033854166666666664,0.21295885499997994,3.0476190476190474
104,18,60,2,1.75,0.04427083333333333,0.39999999999999997,3.2
105,18,59,1,1.75,0.04427083333333333,0.39999999999999997,3.2
106,18,55,2,1.75,0.07291666666666666,0.39999999999999997,3.2
107,18,62,0,1.75,0.015625,0.39999999999999997,3.2
108,19,60,0,1.736842105263158,0.021164021164021163,0.5668594533825794,3.3157894736842106
109,17,59,2,1.7142857142857142,0.046875,0.21295885499997994,3.0476190476190474
110,19,59,1,1.7894736842105263,0.04427083333333333,0.48237638894272,3.3684210526315788
111,18,59,2,1.75,0.049479166666666664,0.39999999999999997,3.2
112,18,59,2,1.75,0.05208333333333333,0.39999999999999997,3.2
113,18,62,0,1.75,0.015625,0.39999999999999997,3.2
114,19,60,2,1.7894736842105263,0.041666666666666664,0.4823763889427201,3.3684210526315788
115,17,54,3,1.7142857142857142,0.09635416666666666,0.21295885499997994,3.0476190476190474
116,17,56,2,1.7142857142857142,0.0703125,0.21295885499997994,3.0476190476190474
117,19,63,0,1.7894736842105263,0.005208333333333333,0.4823763889427201,3.3684210526315788
118,18,54,2,1.75,0.07552083333333333,0.39999999999999997,3.2
119,17,59,2,1.7142857142857142,0.04947916666666666,0.21295885499997994,3.0476190476190474
120,17,60,3,1.7142857142857142,0.0546875,0.21295885499997994,3.0476190476190474
121,18,58,1,1.75,0.046875,0.39999999999999997,3.2
122,18,54,0,1.75,0.05989583333333333,0.39999999999999997,3.2
123,19,59,3,1.7894736842105263,0.05989583333333333,0.4823763889427201,3.3684210526315788
124,18,58,2,1.75,0.057291666666666664,0.39999999999999997,3.2
125,19,59,4,1.7894736842105263,0.06770833333333333,0.48237638894272,3.3684210526315788
126,18,61,2,1.75,0.03645833333333333,0.39999999999999997,3.2
127,18,64,0,1.75,0.0,0.39999999999999997,3.2
128,18,61,0,1.75,0.018229166666666664,0.39999999999999997,3.2
129,17,61,1,1.7142857142857142,0.028645833333333332,0.21295885499997994,3.0476190476190474
130,18,57,4,1.75,0.08333333333333333,0.39999999999999997,3.2
131,18,59,2,1.75,0.04687499999999999,0.39999999999999997,3.2
132,18,59,1,1.75,0.046875,0.39999999999999997,3.2
133,18,59,1,1.75,0.04427083333333333,0.39999999999999997,3.2
134,17,57,2,1.6666666666666667,0.06770833333333333,0.21295885499997994,3.0476190476190474
135,17,57,2,1.6666666666666667,0.05989583333333333,0.21295885499997994,3.0476190476190474
136,17,61,2,1.7142857142857142,0.03645833333333333,0.21295885499997994,3.0476190476190474
137,17,54,4,1.6666666666666667,0.09895833333333331,0.21295885499997994,3.0476190476190474
138,17,58,1,1.7142857142857142,0.046875,0.21295885499997994,3.0476190476190474
139,17,57,2,1.7142857142857142,0.06510416666666666,0.21295885499997994,3.0476190476190474
140,18,60,1,1.75,0.033854166666666664,0.39999999999999997,3.2
141,19,60,0,1.7894736842105263,0.028645833333333332,0.4823763889427201,3.3684210526315788
142,18,60,1,1.75,0.033854166666666664,0.39999999999999997,3.2
143,17,62,1,1.7142857142857142,0.020833333333333332,0.21295885499997994,3.0476190476190474
144,17,58,2,1.7142857142857142,0.05989583333333333,0.21295885499997994,3.0476190476190474
145,18,57,2,1.75,0.0625,0.39999999999999997,3.2
146,19,61,1,1.7894736842105263,0.026041666666666664,0.4823763889427201,3.3684210526315788
147,17,63,1,1.6666666666666667,0.015625,0.21295885499997994,3.0476190476190474
148,18,61,0,1.75,0.020833333333333332,0.39999999999999997,3.2
149,19,58,3,1.7894736842105263,0.06770833333333334,0.48237638894272,3.3684210526315788
150,18,57,3,1.75,0.0703125,0.39999999999999997,3.2
151,19,62,0,1.7894736842105263,0.015625,0.4823763889427201,3.3684210526315788
152,17,57,2,1.7142857142857142,0.0625,0.21295885499997994,3.0476190476190474
153,18,57,2,1.75,0.05989583333333333,0.39999999999999997,3.2
154,18,56,4,1.75,0.0859375,0.39999999999999997,3.2
155,18,56,2,1.75,0.07552083333333333,0.39999999999999997,3.2
156,18,60,2,1.75,0.046875,0.39999999999999997,3.2
157,17,61,0,1.7142857142857142,0.018229166666666664,0.21295885499997994,3.0476190476190474
158,18,61,0,1.75,0.018229166666666664,0.39999999999999997,3.2
159,17,59,3,1.7142857142857142,0.0625,0.21295885499997994,3.0476190476190474
160,17,57,1,1.7142857142857142,0.049479166666666664,0.21295885499997994,3.0476190476190474
161,18,60,1,1.75,0.033854166666666664,0.39999999999999997,3.2
162,18,59,1,1.75,0.041666666666666664,0.39999999999999997,3.2
163,19,55,1,1.7894736842105263,0.07552083333333333,0.48237638894272,3.3684210526315788
164,18,55,3,1.75,0.0859375,0.39999999999999997,3.2
165,18,56,3,1.75,0.08072916666666666,0.39999999999999997,3.2
166,18,58,4,1.75,0.078125,0.39999999999999997,3.2
167,17,60,2,1.7142857142857142,0.04427083333333333,0.21295885499997994,3.0476190476190474
168,18,58,1,1.75,0.049479166666666664,0.39999999999999997,3.2
169,18,60,0,1.75,0.026041666666666664,0.39999999999999997,3.2
170,19,57,2,1.7894736842105263,0.06510416666666666,0.4823763889427201,3.3684210526315788
171,18,60,2,1.75,0.046875,0.39999999999999997,3.2
172,19,56,2,1.7894736842105263,0.0703125,0.4823763889427201,3.3684210526315788
173,18,58,1,1.75,0.04427083333333333,0.39999999999999997,3.2
174,18,61,1,1.75,0.03125,0.39999999999999997,3.2
175,19,62,1,1.7894736842105263,0.0234375,0.4823763889427201,3.3684210526315788
176,19,57,3,1.7894736842105263,0.07291666666666667,0.4823763889427201,3.3684210526315788
177,17,54,4,1.7142857142857142,0.10416666666666666,0.21295885499997994,3.0476190476190474
178,19,55,3,1.7894736842105263,0.08333333333333331,0.4823763889427201,3.3684210526315788
179,17,59,1,1.7142857142857142,0.041666666666666664,0.21295885499997994,3.0476190476190474
180,19,59,1,1.7894736842105263,0.046875,0.4823763889427201,3.3684210526315788
181,18,57,2,1.75,0.0625,0.39999999999999997,3.2
182,18,61,1,1.75,0.028645833333333332,0.39999999999999997,3.2
183,17,62,0,1.7142857142857142,0.010416666666666666,0.21295885499997994,3.0476190476190474
184,17,57,5,1.7142857142857142,0.09114583333333333,0.21295885499997994,3.0476190476190474
185,18,61,2,1.75,0.0390625,0.39999999999999997,3.2
186,18,57,2,1.75,0.06770833333333333,0.39999999999999997,3.2
187,18,58,1,1.75,0.046875,0.39999999999999997,3.2
188,18,60,2,1.75,0.04427083333333333,0.39999999999999997,3.2
189,18,60,2,1.75,0.046875,0.39999999999999997,3.2
190,17,60,3,1.7142857142857142,0.0546875,0.21295885499997994,3.0476190476190474
191,18,57,2,1.7,0.0625,0.39999999999999997,3.2
192,19,64,0,1.7894736842105263,0.0,0.4823763889427201,3.3684210526315788
193,17,59,0,1.7142857142857142,0.031249999999999997,0.21295885499997994,3.0476190476190474
194,18,59,1,1.7,0.041666666666666664,0.39999999999999997,3.2
195,17,59,1,1.7142857142857142,0.046875,0.21295885499997994,3.0476190476190474
196,19,60,3,1.7894736842105263,0.0546875,0.4823763889427201,3.3684210526315788
197,18,56,2,1.7,0.06770833333333333,0.39999999999999997,3.2
198,17,61,1,1.7142857142857142,0.028645833333333332,0.21295885499997994,3.0476190476190474
199,18,61,1,1.75,0.028645833333333332,0.39999999999999997,3.2
200,19,59,2,1.7894736842105263,0.04687499999999999,0.4823763889427201,3.3684210526315788
201,18,61,0,1.75,0.018229166666666664,0.39999999999999997,3.2
202,17,62,0,1.7142857142857142,0.015625,0.21295885499997994,3.0476190476190474
203,18,53,3,1.75,0.09635416666666666,0.39999999999999997,3.2
204,18,57,0,1.75,0.041666666666666664,0.39999999999999997,3.2
205,18,62,0,1.75,0.013020833333333332,0.39999999999999997,3.2
206,18,60,1,1.75,0.033854166666666664,0.39999999999999997,3.2
207,19,60,0,1.7894736842105263,0.026041666666666664,0.4823763889427201,3.3684210526315788
208,18,61,2,1.7,0.0390625,0.39999999999999997,3.2
209,18,58,1,1.75,0.046875,0.39999999999999997,3.2
210,18,59,5,1.75,0.078125,0.39999999999999997,3.2
211,18,60,1,1.75,0.033854166666666664,0.39999999999999997,3.2
212,18,58,3,1.75,0.06770833333333333,0.39999999999999997,3.2
213,18,61,2,1.7,0.03645833333333333,0.39999999999999997,3.2
214,18,58,3,1.75,0.06770833333333333,0.39999999999999997,3.2
215,18,60,3,1.75,0.0546875,0.39999999999999997,3.2
216,17,60,2,1.619047619047619,0.046875,0.21295885499997994,3.0476190476190474
217,18,58,4,1.75,0.07552083333333333,0.39999999999999997,3.2
218,18,61,0,1.75,0.020833333333333332,0.39999999999999997,3.2
219,17,57,1,1.6666666666666667,0.052910052910052914,0.3086066999241838,3.0
220,18,57,4,1.75,0.08072916666666666,0.39999999999999997,3.2
221,18,60,0,1.75,0.028645833333333332,0.39999999999999997,3.2
222,17,60,1,1.7142857142857142,0.033854166666666664,0.21295885499997994,3.0476190476190474
223,17,57,3,1.7142857142857142,0.0703125,0.21295885499997994,3.0476190476190474
224,17,57,0,1.7142857142857142,0.04427083333333333,0.21295885499997994,3.0476190476190474
225,19,57,2,1.7894736842105263,0.0625,0.4823763889427201,3.3684210526315788
226,17,57,3,1.7142857142857142,0.07291666666666666,0.21295885499997994,3.0476190476190474
227,17,63,0,1.7142857142857142,0.0078125,0.21295885499997996,3.0476190476190474
228,18,57,0,1.75,0.04427083333333333,0.39999999999999997,3.2
229,17,61,1,1.7142857142857142,0.03125,0.21295885499997994,3.0476190476190474
230,17,62,0,1.6666666666666667,0.015625,0.21295885499997994,3.0476190476190474
231,18,61,0,1.75,0.020833333333333332,0.39999999999999997,3.2
232,18,54,5,1.7,0.10052910052910051,0.47696960070847283,3.15
233,18,58,1,1.75,0.049479166666666664,0.39999999999999997,3.2
234,18,59,3,1.75,0.05989583333333333,0.39999999999999997,3.2
235,17,61,2,1.7142857142857142,0.0390625,0.21295885499997994,3.0476190476190474
236,18,59,3,1.75,0.05989583333333333,0.39999999999999997,3.2
237,19,64,0,1.7894736842105263,0.0,0.4823763889427201,3.3684210526315788
238,18,61,0,1.7,0.020833333333333332,0.39999999999999997,3.2
239,18,58,2,1.75,0.0546875,0.39999999999999997,3.2
240,17,58,0,1.7142857142857142,0.04427083333333333,0.21295885499997994,3.0476190476190474
241,18,62,2,1.75,0.03125,0.39999999999999997,3.2
242,18,56,1,1.75,0.05729166666666666,0.39999999999999997,3.2
243,18,59,2,1.7,0.04687499999999999,0.39999999999999997,3.2
244,18,58,4,1.75,0.078125,0.39999999999999997,3.2
245,17,57,1,1.7142857142857142,0.05208333333333333,0.21295885499997994,3.0476190476190474
246,17,59,2,1.7142857142857142,0.052083333333333336,0.21295885499997994,3.0476190476190474
247,17,61,1,1.7142857142857142,0.028645833333333332,0.21295885499997994,3.0476190476190474
248,17,56,2,1.6666666666666667,0.0703125,0.21295885499997994,3.0476190476190474
249,18,56,3,1.75,0.08072916666666666,0.39999999999999997,3.2
250,18,58,3,1.75,0.06510416666666666,0.39999999999999997,3.2
251,19,63,1,1.7894736842105263,0.015625,0.48237638894272,3.3684210526315788
252,18,59,1,1.75,0.046875,0.39999999999999997,3.2
253,18,62,0,1.75,0.013020833333333332,0.39999999999999997,3.2
254,18,62,0,1.75,0.013020833333333332,0.39999999999999997,3.2
255,17,57,3,1.7142857142857142,0.07552083333333333,0.21295885499997994,3.0476190476190474
256,17,57,0,1.7142857142857142,0.049479166666666664,0.21295885499997994,3.0476190476190474
257,19,61,2,1.736842105263158,0.03645833333333333,0.4823763889427201,3.3684210526315788
258,18,61,0,1.75,0.020833333333333332,0.39999999999999997,3.2
259,19,61,0,1.7894736842105263,0.015625,0.48237638894272,3.3684210526315788
260,17,59,3,1.7142857142857142,0.05729166666666666,0.21295885499997994,3.0476190476190474
261,18,59,2,1.75,0.049479166666666664,0.39999999999999997,3.2
262,18,57,3,1.75,0.07291666666666666,0.39999999999999997,3.2
263,19,61,0,1.7894736842105263,0.018229166666666664,0.48237638894272,3.3684210526315788
264,18,59,1,1.75,0.0390625,0.39999999999999997,3.2
265,18,59,2,1.75,0.05208333333333333,0.39999999999999997,3.2
266,19,57,1,1.7894736842105263,0.057291666666666664,0.4823763889427201,3.3684210526315788
267,18,62,0,1.75,0.015625,0.39999999999999997,3.2
268,18,56,5,1.75,0.09895833333333333,0.39999999999999997,3.2
269,18,60,1,1.75,0.03645833333333333,0.39999999999999997,3.2
270,17,57,2,1.7142857142857142,0.057291666666666664,0.21295885499997994,3.0476190476190474
271,17,59,3,1.7142857142857142,0.05989583333333333,0.21295885499997994,3.0476190476190474
272,19,60,1,1.736842105263158,0.0291005291005291,0.5668594533825794,3.3157894736842106
273,18,56,4,1.75,0.08854166666666667,0.39999999999999997,3.2
274,17,61,2,1.6666666666666667,0.031746031746031744,0.3086066999241838,3.0
275,18,61,3,1.75,0.046875,0.39999999999999997,3.2
276,18,61,2,1.75,0.0390625,0.39999999999999997,3.2
277,18,58,4,1.75,0.07552083333333333,0.39999999999999997,3.2
278,17,57,3,1.7142857142857142,0.0703125,0.21295885499997994,3.0476190476190474
279,18,55,3,1.75,0.08854166666666666,0.39999999999999997,3.2
280,18,59,2,1.75,0.05208333333333333,0.39999999999999997,3.2
281,17,57,3,1.7142857142857142,0.078125,0.21295885499997994,3.0476190476190474
282,18,58,0,1.75,0.0390625,0.39999999999999997,3.2
283,17,58,1,1.7142857142857142,0.05208333333333333,0.21295885499997994,3.0476190476190474
284,19,58,1,1.736842105263158,0.04497354497354497,0.5668594533825794,3.3157894736842106
285,17,62,1,1.7142857142857142,0.020833333333333332,0.21295885499997994,3.0476190476190474
286,17,56,3,1.7142857142857142,0.07552083333333331,0.21295885499997994,3.0476190476190474
287,19,58,2,1.7894736842105263,0.057291666666666664,0.4823763889427201,3.3684210526315788
288,17,57,2,1.7142857142857142,0.06770833333333333,0.21295885499997994,3.0476190476190474
289,18,58,0,1.75,0.04427083333333333,0.39999999999999997,3.2
290,19,59,3,1.7894736842105263,0.05989583333333333,0.4823763889427201,3.3684210526315788
291,18,58,1,1.75,0.049479166666666664,0.39999999999999997,3.2
292,19,59,2,1.7894736842105263,0.049479166666666664,0.4823763889427201,3.3684210526315788
293,17,57,2,1.7142857142857142,0.05989583333333333,0.21295885499997994,3.0476190476190474
294,17,54,7,1.7142857142857142,0.12760416666666666,0.21295885499997994,3.0476190476190474
295,18,59,2,1.75,0.049479166666666664,0.39999999999999997,3.2
296,19,60,1,1.7894736842105263,0.033854166666666664,0.4823763889427201,3.3684210526315788
297,18,55,3,1.75,0.08854166666666666,0.39999999999999997,3.2
298,17,58,4,1.6666666666666667,0.07552083333333333,0.21295885499997994,3.0476190476190474
299,17,62,0,1.6666666666666667,0.013020833333333332,0.21295885499997994,3.0476190476190474
300,18,57,1,1.75,0.05208333333333333,0.39999999999999997,3.2
301,19,60,2,1.7894736842105263,0.041666666666666664,0.4823763889427201,3.3684210526315788
302,17,60,1,1.6666666666666667,0.03645833333333333,0.21295885499997994,3.0476190476190474
303,17,58,3,1.7142857142857142,0.06510416666666666,0.21295885499997994,3.0476190476190474
304,18,60,2,1.7,0.041666666666666664,0.39999999999999997,3.2
305,17,56,3,1.7142857142857142,0.078125,0.21295885499997994,3.0476190476190474
306,18,61,0,1.75,0.018229166666666664,0.39999999999999997,3.2
307,18,57,4,1.75,0.07812500000000001,0.39999999999999997,3.2
308,18,56,4,1.75,0.09114583333333333,0.39999999999999997,3.2
309,17,59,0,1.7142857142857142,0.02864583333333333,0.21295885499997994,3.0476190476190474
310,18,61,2,1.75,0.036458333333333336,0.39999999999999997,3.2
311,18,57,3,1.75,0.07552083333333333,0.39999999999999997,3.2
312,19,55,0,1.7894736842105263,0.05729166666666666,0.48237638894272,3.3684210526315788
313,18,60,1,1.75,0.033854166666666664,0.39999999999999997,3.2
314,19,61,0,1.7894736842105263,0.018229166666666664,0.4823763889427201,3.3684210526315788
315,18,60,0,1.75,0.026041666666666664,0.39999999999999997,3.2
316,18,62,1,1.75,0.0234375,0.39999999999999997,3.2
317,17,60,1,1.619047619047619,0.031249999999999997,0.21295885499997994,3.0476190476190474
318,17,59,0,1.7142857142857142,0.02864583333333333,0.21295885499997994,3.0476190476190474
319,18,59,2,1.75,0.0546875,0.39999999999999997,3.2
320,19,56,4,1.7894736842105263,0.0859375,0.4823763889427201,3.3684210526315788
321,18,61,1,1.75,0.03125,0.39999999999999997,3.2
322,18,61,1,1.75,0.03125,0.39999999999999997,3.2
323,18,61,3,1.7,0.046875,0.39999999999999997,3.2
324,18,61,1,1.75,0.03125,0.39999999999999997,3.2
325,19,60,2,1.7894736842105263,0.046875,0.4823763889427201,3.3684210526315788
326,17,62,1,1.7142857142857142,0.020833333333333332,0.21295885499997994,3.0476190476190474
327,17,61,0,1.7142857142857142,0.020833333333333332,0.21295885499997994,3.0476190476190474
328,17,62,0,1.7142857142857142,0.013020833333333332,0.21295885499997994,3.0476190476190474
329,19,61,2,1.7894736842105263,0.036458333333333336,0.48237638894272,3.3684210526315788
330,18,55,5,1.75,0.10416666666666666,0.39999999999999997,3.2
331,17,61,0,1.7142857142857142,0.018229166666666664,0.21295885499997994,3.0476190476190474
332,18,61,1,1.75,0.03125,0.39999999999999997,3.2
333,19,56,3,1.7894736842105263,0.07552083333333333,0.4823763889427201,3.3684210526315788
334,17,61,1,1.7142857142857142,0.028645833333333332,0.21295885499997994,3.0476190476190474
335,18,63,0,1.7,0.005208333333333333,0.39999999999999997,3.2
336,18,62,1,1.75,0.0234375,0.39999999999999997,3.2
337,19,57,4,1.7894736842105263,0.08333333333333333,0.48237638894272,3.3684210526315788
338,18,55,4,1.75,0.09114583333333333,0.39999999999999997,3.2
339,18,59,2,1.75,0.05208333333333333,0.39999999999999997,3.2
340,17,58,5,1.7142857142857142,0.0859375,0.21295885499997994,3.0476190476190474
341,19,61,0,1.7894736842105263,0.020833333333333332,0.4823763889427201,3.3684210526315788
342,18,61,2,1.75,0.0390625,0.39999999999999997,3.2
343,20,59,2,1.8333333333333333,0.049479166666666664,0.49690399499995325,3.5555555555555554
344,18,58,4,1.75,0.07552083333333333,0.39999999999999997,3.2
345,18,62,0,1.75,0.013020833333333332,0.39999999999999997,3.2
346,17,59,0,1.7142857142857142,0.033854166666666664,0.21295885499997994,3.0476190476190474
347,19,61,1,1.7894736842105263,0.028645833333333332,0.4823763889427201,3.3684210526315788
348,17,62,1,1.7142857142857142,0.020833333333333332,0.21295885499997994,3.0476190476190474
349,19,61,1,1.7894736842105263,0.028645833333333332,0.4823763889427201,3.3684210526315788
350,18,58,0,1.75,0.041666666666666664,0.39999999999999997,3.2
351,17,57,3,1.7142857142857142,0.07291666666666666,0.21295885499997994,3.0476190476190474
352,18,62,0,1.75,0.010416666666666666,0.39999999999999997,3.2
353,19,59,4,1.7894736842105263,0.0703125,0.4823763889427201,3.3684210526315788
354,18,62,0,1.75,0.010416666666666666,0.39999999999999997,3.2
355,17,59,1,1.7142857142857142,0.03645833333333333,0.21295885499997994,3.0476190476190474
356,18,59,0,1.7,0.0291005291005291,0.47696960070847283,3.15
357,17,61,1,1.7142857142857142,0.026041666666666664,0.21295885499997994,3.0476190476190474
358,17,59,2,1.7142857142857142,0.049479166666666664,0.21295885499997994,3.0476190476190474
359,17,60,3,1.6666666666666667,0.0546875,0.21295885499997994,3.0476190476190474
360,17,57,1,1.7142857142857142,0.05989583333333333,0.21295885499997994,3.0476190476190474
361,17,58,2,1.7142857142857142,0.057291666666666664,0.21295885499997994,3.0476190476190474
362,18,62,2,1.75,0.03125,0.39999999999999997,3.2
363,18,61,2,1.7,0.0390625,0.39999999999999997,3.2
364,18,61,1,1.75,0.028645833333333332,0.39999999999999997,3.2
365,17,59,2,1.7142857142857142,0.05208333333333333,0.21295885499997994,3.0476190476190474
366,18,58,3,1.75,0.06510416666666666,0.39999999999999997,3.2
367,18,57,4,1.75,0.0859375,0.39999999999999997,3.2
368,17,62,1,1.6666666666666667,0.020833333333333332,0.21295885499997994,3.0476190476190474
369,17,57,1,1.7142857142857142,0.057291666666666664,0.21295885499997994,3.0476190476190474
370,17,60,3,1.7142857142857142,0.05208333333333333,0.21295885499997994,3.0476190476190474
371,17,62,1,1.7142857142857142,0.0234375,0.21295885499997994,3.0476190476190474
372,17,55,3,1.7142857142857142,0.09114583333333333,0.21295885499997994,3.0476190476190474
373,18,60,0,1.75,0.028645833333333332,0.39999999999999997,3.2
374,17,61,0,1.7142857142857142,0.018229166666666664,0.21295885499997994,3.0476190476190474
375,18,59,1,1.7,0.03645833333333333,0.39999999999999997,3.2
376,19,61,0,1.7894736842105263,0.020833333333333332,0.4823763889427201,3.3684210526315788
377,18,63,1,1.75,0.015625,0.39999999999999997,3.2
378,18,60,2,1.75,0.046875,0.39999999999999997,3.2
379,18,60,0,1.75,0.023437499999999997,0.39999999999999997,3.2
380,17,57,2,1.7142857142857142,0.06770833333333333,0.21295885499997994,3.0476190476190474
381,17,57,3,1.6666666666666667,0.07291666666666666,0.21295885499997994,3.0476190476190474
382,18,58,0,1.75,0.041666666666666664,0.39999999999999997,3.2
383,18,59,1,1.75,0.0390625,0.39999999999999997,3.2
384,17,60,1,1.7142857142857142,0.033854166666666664,0.21295885499997994,3.0476190476190474
385,18,57,3,1.75,0.0703125,0.39999999999999997,3.2
386,18,59,1,1.75,0.04427083333333333,0.39999999999999997,3.2
387,18,61,1,1.75,0.028645833333333332,0.39999999999999997,3.2
388,17,59,2,1.6666666666666667,0.042328042328042326,0.3086066999241838,3.0
389,18,59,1,1.75,0.0390625,0.39999999999999997,3.2
390,18,59,1,1.75,0.041666666666666664,0.39999999999999997,3.2
391,18,58,1,1.75,0.049479166666666664,0.39999999999999997,3.2
392,18,61,2,1.75,0.0390625,0.39999999999999997,3.2
393,19,59,1,1.7894736842105263,0.041666666666666664,0.48237638894272,3.3684210526315788
394,19,60,3,1.7894736842105263,0.052083333333333336,0.4823763889427201,3.3684210526315788
395,18,58,3,1.75,0.06770833333333334,0.39999999999999997,3.2
396,17,61,1,1.7142857142857142,0.026041666666666664,0.21295885499997996,3.0476190476190474
397,17,57,1,1.7142857142857142,0.05208333333333333,0.21295885499997994,3.0476190476190474
398,18,59,1,1.75,0.044270833333333336,0.39999999999999997,3.2
399,18,58,0,1.75,0.04427083333333333,0.39999999999999997,3.2
400,17,56,2,1.7142857142857142,0.06770833333333333,0.21295885499997994,3.0476190476190474
401,17,59,3,1.7142857142857142,0.0625,0.21295885499997994,3.0476190476190474
402,19,61,1,1.7894736842105263,0.03125,0.4823763889427201,3.3684210526315788
403,18,60,0,1.75,0.028645833333333332,0.39999999999999997,3.2
404,17,59,1,1.7142857142857142,0.04427083333333333,0.21295885499997994,3.0476190476190474
405,20,60,2,1.8333333333333333,0.04427083333333333,0.49690399499995325,3.5555555555555554
406,19,57,1,1.7894736842105263,0.0546875,0.48237638894272,3.3684210526315788
407,18,60,2,1.7,0.041666666666666664,0.39999999999999997,3.2
408,18,60,2,1.65,0.04427083333333333,0.39999999999999997,3.2
409,19,61,1,1.7894736842105263,0.026041666666666664,0.48237638894272,3.3684210526315788
410,18,59,0,1.75,0.033854166666666664,0.39999999999999997,3.2
411,19,58,3,1.7894736842105263,0.06770833333333333,0.4823763889427201,3.3684210526315788
412,18,59,1,1.75,0.041666666666666664,0.39999999999999997,3.2
413,20,61,2,1.8333333333333333,0.0390625,0.49690399499995325,3.5555555555555554
414,17,61,0,1.7142857142857142,0.015625,0.21295885499997994,3.0476190476190474
415,17,59,0,1.7142857142857142,0.03645833333333333,0.21295885499997994,3.0476190476190474
416,17,60,1,1.7142857142857142,0.033854166666666664,0.21295885499997994,3.0476190476190474
417,18,59,2,1.75,0.04947916666666667,0.39999999999999997,3.2
418,18,61,0,1.75,0.018229166666666664,0.39999999999999997,3.2
419,17,57,2,1.7142857142857142,0.06249999999999999,0.21295885499997994,3.0476190476190474
420,17,58,2,1.6666666666666667,0.05729166666666666,0.21295885499997994,3.0476190476190474
421,17,59,1,1.7142857142857142,0.041666666666666664,0.21295885499997994,3.0476190476190474
422,18,61,0,1.75,0.018229166666666664,0.39999999999999997,3.2
423,19,57,3,1.7894736842105263,0.0703125,0.4823763889427201,3.3684210526315788
424,17,58,3,1.7142857142857142,0.06770833333333333,0.21295885499997994,3.0476190476190474
425,17,59,2,1.7142857142857142,0.0546875,0.21295885499997994,3.0476190476190474
426,18,60,2,1.75,0.046875,0.39999999999999997,3.2
427,18,61,1,1.75,0.03125,0.39999999999999997,3.2
428,17,60,2,1.7142857142857142,0.044270833333333336,0.21295885499997994,3.0476190476190474
429,17,59,2,1.7142857142857142,0.046875,0.21295885499997994,3.0476190476190474
430,19,61,0,1.7894736842105263,0.0234375,0.4823763889427201,3.3684210526315788
431,18,60,2,1.75,0.046875,0.39999999999999997,3.2
432,18,58,1,1.7,0.04427083333333333,0.39999999999999997,3.2
433,18,60,0,1.75,0.026041666666666664,0.39999999999999997,3.2
434,18,60,1,1.7,0.03645833333333333,0.39999999999999997,3.2
435,19,61,1,1.7894736842105263,0.028645833333333332,0.4823763889427201,3.3684210526315788
436,17,59,2,1.7142857142857142,0.05208333333333333,0.21295885499997994,3.0476190476190474
437,17,56,2,1.7142857142857142,0.078125,0.21295885499997994,3.0476190476190474
438,19,58,4,1.7894736842105263,0.078125,0.4823763889427201,3.3684210526315788
439,19,56,2,1.7894736842105263,0.07291666666666666,0.4823763889427201,3.3684210526315788
440,17,63,0,1.7142857142857142,0.005208333333333333,0.21295885499997994,3.0476190476190474
441,17,55,3,1.6666666666666667,0.08072916666666666,0.21295885499997994,3.0476190476190474
442,18,56,5,1.75,0.09635416666666666,0.39999999999999997,3.2
443,17,57,3,1.7142857142857142,0.07291666666666666,0.21295885499997994,3.0476190476190474
444,18,61,0,1.7,0.020833333333333332,0.39999999999999997,3.2
445,17,59,3,1.7142857142857142,0.0625,0.21295885499997994,3.0476190476190474
446,18,58,2,1.75,0.05989583333333333,0.39999999999999997,3.2
447,18,56,4,1.75,0.09375,0.39999999999999997,3.2
448,17,60,2,1.7142857142857142,0.04427083333333333,0.21295885499997994,3.0476190476190474
449,18,54,2,1.75,0.0859375,0.39999999999999997,3.2
450,17,60,3,1.7142857142857142,0.0546875,0.21295885499997994,3.0476190476190474
451,18,57,3,1.75,0.07291666666666666,0.39999999999999997,3.2
452,17,61,0,1.7142857142857142,0.018229166666666664,0.21295885499997994,3.0476190476190474
453,19,58,2,1.7894736842105263,0.0546875,0.4823763889427201,3.3684210526315788
454,18,57,2,1.75,0.05989583333333333,0.39999999999999997,3.2
455,18,56,3,1.75,0.08333333333333334,0.39999999999999997,3.2
456,19,59,4,1.7894736842105263,0.0703125,0.48237638894272,3.3684210526315788
457,18,56,4,1.7,0.08854166666666666,0.39999999999999997,3.2
458,18,59,3,1.75,0.0625,0.39999999999999997,3.2
459,19,62,0,1.7894736842105263,0.013020833333333332,0.4823763889427201,3.3684210526315788
460,19,59,2,1.7894736842105263,0.049479166666666664,0.48237638894272,3.3684210526315788
461,19,60,1,1.7894736842105263,0.0390625,0.48237638894272,3.3684210526315788
462,18,59,0,1.75,0.026041666666666664,0.39999999999999997,3.2
463,19,61,2,1.7894736842105263,0.03645833333333333,0.48237638894272,3.3684210526315788
464,18,63,0,1.75,0.0078125,0.39999999999999997,3.2
465,18,58,1,1.75,0.049479166666666664,0.39999999999999997,3.2
466,19,62,1,1.7894736842105263,0.0234375,0.4823763889427201,3.3684210526315788
467,18,61,2,1.75,0.0390625,0.39999999999999997,3.2
468,17,62,0,1.7142857142857142,0.013020833333333332,0.21295885499997994,3.0476190476190474
469,19,63,0,1.7894736842105263,0.0078125,0.48237638894272,3.3684210526315788
470,18,60,0,1.75,0.023437499999999997,0.39999999999999997,3.2
471,18,59,1,1.75,0.04427083333333333,0.39999999999999997,3.2
472,17,59,1,1.7142857142857142,0.041666666666666664,0.21295885499997994,3.0476190476190474
473,17,62,1,1.7142857142857142,0.0234375,0.21295885499997994,3.0476190476190474
474,18,62,1,1.7,0.020833333333333332,0.39999999999999997,3.2
475,17,57,1,1.7142857142857142,0.0546875,0.21295885499997994,3.0476190476190474
476,18,58,3,1.75,0.06510416666666666,0.39999999999999997,3.2
477,18,60,1,1.7,0.03645833333333333,0.39999999999999997,3.2
478,18,58,1,1.75,0.05208333333333333,0.39999999999999997,3.2
479,18,57,5,1.75,0.09114583333333333,0.39999999999999997,3.2
480,17,61,0,1.7142857142857142,0.018229166666666664,0.21295885499997994,3.0476190476190474
481,19,62,1,1.7894736842105263,0.0234375,0.4823763889427201,3.3684210526315788
482,18,61,1,1.75,0.028645833333333332,0.39999999999999997,3.2
483,18,59,2,1.75,0.05208333333333333,0.39999999999999997,3.2
484,18,59,0,1.75,0.031249999999999997,0.39999999999999997,3.2
485,17,61,2,1.7142857142857142,0.03645833333333333,0.21295885499997994,3.0476190476190474
486,17,56,2,1.7142857142857142,0.06510416666666666,0.21295885499997994,3.0476190476190474
487,17,63,0,1.7142857142857142,0.0078125,0.21295885499997994,3.0476190476190474
488,18,62,2,1.75,0.03125,0.39999999999999997,3.2
489,18,61,1,1.75,0.026041666666666664,0.39999999999999997,3.2
490,19,59,3,1.7894736842105263,0.05989583333333333,0.48237638894272,3.3684210526315788
491,18,60,0,1.75,0.026041666666666664,0.39999999999999997,3.2
492,19,59,2,1.7894736842105263,0.049479166666666664,0.4823763889427201,3.3684210526315788
493,18,61,1,1.75,0.028645833333333332,0.39999999999999997,3.2
494,18,60,2,1.75,0.04427083333333333,0.39999999999999997,3.2
495,18,61,1,1.75,0.026041666666666664,0.39999999999999997,3.2
496,18,64,0,1.75,0.0,0.39999999999999997,3.2
497,19,61,2,1.7894736842105263,0.0390625,0.4823763889427201,3.3684210526315788
498,18,54,5,1.75,0.10416666666666666,0.39999999999999997,3.2
499,18,55,2,1.7,0.078125,0.39999999999999997,3.2
500,17,59,2,1.7142857142857142,0.04947916666666667,0.21295885499997994,3.0476190476190474
501,19,60,0,1.7894736842105263,0.020833333333333332,0.4823763889427201,3.3684210526315788
502,18,61,1,1.75,0.03125,0.39999999999999997,3.2
503,18,60,2,1.75,0.04427083333333333,0.39999999999999997,3.2
504,19,59,0,1.7894736842105263,0.02864583333333333,0.48237638894272,3.3684210526315788
505,17,57,0,1.6666666666666667,0.037037037037037035,0.3086066999241838,3.0
506,17,57,3,1.7142857142857142,0.07291666666666667,0.21295885499997994,3.0476190476190474
507,19,60,1,1.7894736842105263,0.03645833333333333,0.4823763889427201,3.3684210526315788
508,18,61,2,1.75,0.03645833333333333,0.39999999999999997,3.2
509,17,56,3,1.7142857142857142,0.078125,0.21295885499997994,3.0476190476190474
510,18,62,0,1.75,0.010416666666666666,0.39999999999999997,3.2
511,18,59,1,1.75,0.041666666666666664,0.39999999999999997,3.2
512,18,55,4,1.75,0.09895833333333333,0.39999999999999997,3.2
513,17,62,1,1.7142857142857142,0.020833333333333332,0.21295885499997994,3.0476190476190474
514,17,60,0,1.7142857142857142,0.026041666666666664,0.21295885499997994,3.0476190476190474
515,18,56,2,1.75,0.06770833333333333,0.39999999999999997,3.2
516,19,56,4,1.7894736842105263,0.09114583333333333,0.4823763889427201,3.3684210526315788
517,18,60,2,1.75,0.046875,0.39999999999999997,3.2
518,18,58,2,1.75,0.057291666666666664,0.39999999999999997,3.2
519,18,60,0,1.75,0.026041666666666664,0.39999999999999997,3.2
520,19,57,3,1.7894736842105263,0.06770833333333333,0.4823763889427201,3.3684210526315788
521,17,61,2,1.7142857142857142,0.03645833333333333,0.21295885499997994,3.0476190476190474
522,18,58,3,1.75,0.06770833333333333,0.39999999999999997,3.2
523,17,59,2,1.6666666666666667,0.042328042328042326,0.3086066999241838,3.0
524,18,64,0,1.75,0.0,0.39999999999999997,3.2
525,19,60,1,1.7894736842105263,0.033854166666666664,0.4823763889427201,3.3684210526315788
526,18,63,1,1.65,0.015625,0.39999999999999997,3.2
527,18,63,0,1.75,0.0078125,0.39999999999999997,3.2
528,18,58,2,1.75,0.05468749999999999,0.39999999999999997,3.2
529,20,63,0,1.8333333333333333,0.005208333333333333,0.49690399499995325,3.5555555555555554
530,18,60,1,1.75,0.033854166666666664,0.39999999999999997,3.2
531,18,60,2,1.75,0.04427083333333333,0.39999999999999997,3.2
532,17,59,0,1.7142857142857142,0.031249999999999997,0.21295885499997994,3.0476190476190474
533,17,58,2,1.7142857142857142,0.05468749999999999,0.21295885499997994,3.0476190476190474
534,17,60,1,1.7142857142857142,0.03645833333333333,0.21295885499997994,3.0476190476190474
535,18,59,0,1.75,0.031249999999999997,0.39999999999999997,3.2
536,18,58,3,1.75,0.0703125,0.39999999999999997,3.2
537,18,59,2,1.7,0.04497354497354497,0.47696960070847283,3.15
538,17,57,3,1.7142857142857142,0.07291666666666666,0.21295885499997994,3.0476190476190474
539,18,57,2,1.75,0.06510416666666666,0.39999999999999997,3.2
540,18,61,1,1.75,0.028645833333333332,0.39999999999999997,3.2
541,18,60,0,1.75,0.026041666666666664,0.39999999999999997,3.2
542,19,53,6,1.7894736842105263,0.12760416666666666,0.4823763889427201,3.3684210526315788
543,17,61,1,1.7142857142857142,0.03125,0.21295885499997994,3.0476190476190474
544,18,59,1,1.75,0.041666666666666664,0.39999999999999997,3.2
545,18,58,3,1.75,0.06510416666666666,0.39999999999999997,3.2
546,18,59,2,1.75,0.05208333333333333,0.39999999999999997,3.2
547,17,62,1,1.7142857142857142,0.0234375,0.21295885499997994,3.0476190476190474
548,19,60,0,1.7894736842105263,0.0234375,0.4823763889427201,3.3684210526315788
549,17,60,2,1.7142857142857142,0.041666666666666664,0.21295885499997994,3.0476190476190474
550,19,55,3,1.7894736842105263,0.08333333333333333,0.4823763889427201,3.3684210526315788
551,18,61,2,1.75,0.0390625,0.39999999999999997,3.2
552,17,56,5,1.7142857142857142,0.09895833333333333,0.21295885499997994,3.0476190476190474
553,18,61,1,1.75,0.028645833333333332,0.39999999999999997,3.2
554,17,58,2,1.7142857142857142,0.05208333333333333,0.21295885499997994,3.0476190476190474
555,18,63,0,1.75,0.005208333333333333,0.39999999999999997,3.2
556,18,59,1,1.75,0.0390625,0.39999999999999997,3.2
557,18,57,2,1.75,0.06510416666666666,0.39999999999999997,3.2
558,17,61,1,1.7142857142857142,0.028645833333333332,0.21295885499997994,3.0476190476190474
559,18,61,2,1.75,0.0390625,0.39999999999999997,3.2
560,17,61,0,1.7142857142857142,0.020833333333333332,0.21295885499997994,3.0476190476190474
561,17,59,1,1.7142857142857142,0.04427083333333333,0.21295885499997994,3.0476190476190474
562,18,59,1,1.75,0.041666666666666664,0.39999999999999997,3.2
563,17,60,2,1.7142857142857142,0.04166666666666667,0.21295885499997994,3.0476190476190474
564,18,56,3,1.75,0.07552083333333334,0.39999999999999997,3.2
565,18,57,3,1.75,0.0703125,0.39999999999999997,3.2
566,18,62,0,1.75,0.015625,0.39999999999999997,3.2
567,17,59,1,1.7142857142857142,0.0390625,0.21295885499997994,3.0476190476190474
568,18,56,3,1.75,0.07812499999999999,0.39999999999999997,3.2
569,18,60,1,1.75,0.03645833333333333,0.39999999999999997,3.2
570,17,57,0,1.7142857142857142,0.046875,0.21295885499997994,3.0476190476190474
571,18,58,0,1.75,0.03645833333333333,0.39999999999999997,3.2
572,18,60,3,1.75,0.05208333333333333,0.39999999999999997,3.2
573,18,58,2,1.75,0.05989583333333333,0.39999999999999997,3.2
574,18,60,2,1.75,0.044270833333333336,0.39999999999999997,3.2
575,18,60,1,1.7,0.033854166666666664,0.39999999999999997,3.2
576,17,61,1,1.7142857142857142,0.028645833333333332,0.21295885499997994,3.0476190476190474
577,19,58,4,1.7894736842105263,0.07552083333333333,0.4823763889427201,3.3684210526315788
578,18,57,4,1.75,0.08333333333333333,0.39999999999999997,3.2
579,17,58,0,1.6666666666666667,0.037037037037037035,0.3086066999241838,3.0
580,18,60,3,1.75,0.0546875,0.39999999999999997,3.2
581,19,58,2,1.7894736842105263,0.05208333333333333,0.4823763889427201,3.3684210526315788
582,17,62,1,1.7142857142857142,0.020833333333333332,0.21295885499997994,3.0476190476190474
583,17,60,1,1.7142857142857142,0.031249999999999997,0.21295885499997994,3.0476190476190474
584,17,60,3,1.7142857142857142,0.0546875,0.21295885499997994,3.0476190476190474
585,17,57,1,1.7142857142857142,0.05208333333333333,0.21295885499997994,3.0476190476190474
586,18,62,0,1.75,0.015625,0.39999999999999997,3.2
587,17,60,3,1.7142857142857142,0.0546875,0.21295885499997994,3.0476190476190474
588,19,61,0,1.7894736842105263,0.020833333333333332,0.4823763889427201,3.3684210526315788
589,17,58,3,1.7142857142857142,0.06510416666666666,0.21295885499997994,3.0476190476190474
590,18,57,2,1.75,0.0625,0.39999999999999997,3.2
591,19,57,1,1.7894736842105263,0.057291666666666664,0.4823763889427201,3.3684210526315788
592,17,60,3,1.7142857142857142,0.0546875,0.21295885499997994,3.0476190476190474
593,18,60,1,1.75,0.03645833333333333,0.39999999999999997,3.2
594,18,56,4,1.75,0.08854166666666666,0.39999999999999997,3.2
595,18,60,1,1.7,0.03645833333333333,0.39999999999999997,3.2
596,17,57,0,1.7142857142857142,0.049479166666666664,0.21295885499997994,3.0476190476190474
597,18,61,2,1.75,0.0390625,0.39999999999999997,3.2
598,18,61,0,1.75,0.0234375,0.39999999999999997,3.2
599,17,59,1,1.7142857142857142,0.041666666666666664,0.21295885499997994,3.0476190476190474
600,17,59,2,1.7142857142857142,0.049479166666666664,0.21295885499997994,3.0476190476190474
601,17,58,1,1.6666666666666667,0.04497354497354497,0.3086066999241838,3.0
602,18,60,4,1.75,0.0625,0.39999999999999997,3.2
603,19,61,3,1.7894736842105263,0.046875,0.4823763889427201,3.3684210526315788
604,17,57,0,1.7142857142857142,0.046875,0.21295885499997994,3.0476190476190474
605,18,62,0,1.75,0.013020833333333332,0.39999999999999997,3.2
606,18,60,2,1.75,0.044270833333333336,0.39999999999999997,3.2
607,18,58,2,1.7,0.057291666666666664,0.39999999999999997,3.2
608,18,62,1,1.65,0.020833333333333332,0.39999999999999997,3.2
609,18,62,0,1.75,0.010416666666666666,0.39999999999999997,3.2
610,17,62,0,1.7142857142857142,0.015625,0.21295885499997994,3.0476190476190474
611,17,61,2,1.7142857142857142,0.0390625,0.21295885499997994,3.0476190476190474
612,20,57,3,1.8333333333333333,0.07291666666666666,0.49690399499995325,3.5555555555555554
613,18,59,1,1.75,0.04427083333333333,0.39999999999999997,3.2
614,18,55,4,1.75,0.1015625,0.39999999999999997,3.2
615,17,59,4,1.7142857142857142,0.06770833333333333,0.21295885499997994,3.0476190476190474
616,17,59,1,1.7142857142857142,0.0390625,0.21295885499997994,3.0476190476190474
617,17,58,2,1.7142857142857142,0.05729166666666666,0.21295885499997994,3.0476190476190474
618,19,63,1,1.736842105263158,0.015625,0.48237638894272,3.3684210526315788
619,17,60,1,1.7142857142857142,0.03645833333333333,0.21295885499997994,3.0476190476190474
620,18,57,3,1.75,0.07291666666666666,0.39999999999999997,3.2
621,18,58,2,1.75,0.05989583333333333,0.39999999999999997,3.2
622,18,58,3,1.75,0.0703125,0.39999999999999997,3.2
623,18,58,3,1.75,0.06510416666666666,0.39999999999999997,3.2
624,18,64,0,1.75,0.0,0.39999999999999997,3.2
625,17,61,2,1.7142857142857142,0.03645833333333333,0.21295885499997994,3.0476190476190474
626,19,57,3,1.7894736842105263,0.078125,0.48237638894272,3.3684210526315788
627,18,62,1,1.75,0.0234375,0.39999999999999997,3.2
628,17,58,0,1.7142857142857142,0.041666666666666664,0.21295885499997994,3.0476190476190474
629,18,60,2,1.75,0.041666666666666664,0.39999999999999997,3.2
630,17,58,1,1.7142857142857142,0.0546875,0.21295885499997994,3.0476190476190474
631,18,62,1,1.75,0.020833333333333332,0.39999999999999997,3.2
632,18,61,1,1.75,0.028645833333333332,0.39999999999999997,3.2
633,18,58,0,1.75,0.0390625,0.39999999999999997,3.2
634,18,62,1,1.75,0.0234375,0.39999999999999997,3.2
635,18,60,1,1.75,0.03645833333333333,0.39999999999999997,3.2
636,19,59,1,1.7894736842105263,0.041666666666666664,0.4823763889427201,3.3684210526315788
637,18,58,1,1.7,0.03968253968253968,0.47696960070847283,3.15
638,18,59,3,1.75,0.05989583333333333,0.39999999999999997,3.2
639,18,60,0,1.75,0.028645833333333332,0.39999999999999997,3.2
640,19,53,4,1.7894736842105263,0.10416666666666666,0.4823763889427201,3.3684210526315788
641,18,62,0,1.75,0.013020833333333332,0.39999999999999997,3.2
642,17,64,0,1.7142857142857142,0.0,0.21295885499997994,3.0476190476190474
643,17,57,3,1.7142857142857142,0.07291666666666666,0.21295885499997994,3.0476190476190474
644,19,63,0,1.7894736842105263,0.0078125,0.48237638894272,3.3684210526315788
645,17,61,2,1.7142857142857142,0.03645833333333333,0.21295885499997994,3.0476190476190474
646,19,59,1,1.7894736842105263,0.03645833333333333,0.48237638894272,3.3684210526315788
647,17,62,0,1.7142857142857142,0.010416666666666666,0.21295885499997994,3.0476190476190474
648,18,60,2,1.75,0.046875,0.39999999999999997,3.2
649,19,60,1,1.7894736842105263,0.03645833333333333,0.4823763889427201,3.3684210526315788
650,18,57,3,1.75,0.0703125,0.39999999999999997,3.2
651,17,57,5,1.7142857142857142,0.09375,0.21295885499997994,3.0476190476190474
652,18,57,3,1.7,0.07552083333333333,0.39999999999999997,3.2
653,19,58,1,1.7894736842105263,0.046875,0.4823763889427201,3.3684210526315788
654,17,61,0,1.7142857142857142,0.0234375,0.21295885499997994,3.0476190476190474
655,18,59,2,1.75,0.05208333333333333,0.39999999999999997,3.2
656,19,61,2,1.7894736842105263,0.03645833333333333,0.4823763889427201,3.3684210526315788
657,19,62,0,1.7894736842105263,0.015625,0.4823763889427201,3.3684210526315788
658,18,60,1,1.7,0.033854166666666664,0.39999999999999997,3.2
659,17,60,1,1.7142857142857142,0.03645833333333333,0.21295885499997994,3.0476190476190474
660,17,62,1,1.7142857142857142,0.0234375,0.21295885499997994,3.0476190476190474
661,18,52,3,1.75,0.10677083333333331,0.39999999999999997,3.2
662,17,58,1,1.7142857142857142,0.046875,0.21295885499997994,3.0476190476190474
663,17,62,0,1.7142857142857142,0.015625,0.21295885499997994,3.0476190476190474
664,19,58,1,1.7894736842105263,0.049479166666666664,0.4823763889427201,3.3684210526315788
665,17,59,0,1.7142857142857142,0.026041666666666664,0.21295885499997994,3.0476190476190474
666,18,59,1,1.75,0.046875,0.39999999999999997,3.2
667,18,61,2,1.75,0.0390625,0.39999999999999997,3.2
668,17,60,2,1.6666666666666667,0.046875,0.21295885499997994,3.0476190476190474
669,19,61,1,1.7894736842105263,0.03125,0.4823763889427201,3.3684210526315788
670,17,54,3,1.7142857142857142,0.09375,0.21295885499997994,3.0476190476190474
671,18,60,2,1.7,0.04427083333333333,0.39999999999999997,3.2
672,18,58,3,1.75,0.06510416666666666,0.39999999999999997,3.2
673,17,59,0,1.7142857142857142,0.033854166666666664,0.21295885499997994,3.0476190476190474
674,18,57,2,1.75,0.06510416666666666,0.39999999999999997,3.2
675,18,59,2,1.75,0.046875,0.39999999999999997,3.2
676,19,62,0,1.7894736842105263,0.013020833333333332,0.4823763889427201,3.3684210526315788
677,17,59,2,1.7142857142857142,0.049479166666666664,0.21295885499997994,3.0476190476190474
678,18,60,1,1.7,0.03645833333333333,0.39999999999999997,3.2
679,17,58,2,1.7142857142857142,0.05989583333333333,0.21295885499997994,3.0476190476190474
680,18,61,1,1.75,0.026041666666666664,0.39999999999999997,3.2
681,17,57,3,1.7142857142857142,0.07291666666666666,0.21295885499997994,3.0476190476190474
682,18,62,1,1.75,0.020833333333333332,0.39999999999999997,3.2
683,18,63,1,1.75,0.015625,0.39999999999999997,3.2
684,18,59,1,1.75,0.0390625,0.39999999999999997,3.2
685,17,59,1,1.7142857142857142,0.041666666666666664,0.21295885499997994,3.0476190476190474
686,17,60,1,1.7142857142857142,0.03125,0.21295885499997996,3.0476190476190474
687,17,58,1,1.7142857142857142,0.052083333333333336,0.21295885499997994,3.0476190476190474
688,18,60,2,1.75,0.041666666666666664,0.39999999999999997,3.2
689,19,62,0,1.7894736842105263,0.010416666666666666,0.4823763889427201,3.3684210526315788
690,17,57,1,1.7142857142857142,0.05989583333333333,0.21295885499997994,3.0476190476190474
691,18,61,0,1.7,0.018229166666666664,0.39999999999999997,3.2
692,18,62,2,1.75,0.03125,0.39999999999999997,3.2
693,18,53,3,1.7,0.09523809523809523,0.47696960070847283,3.15
694,18,57,3,1.75,0.07552083333333333,0.39999999999999997,3.2
695,19,59,1,1.7894736842105263,0.041666666666666664,0.4823763889427201,3.3684210526315788
696,18,62,1,1.75,0.020833333333333332,0.39999999999999997,3.2
697,17,58,2,1.7142857142857142,0.0546875,0.21295885499997994,3.0476190476190474
698,18,61,0,1.7,0.013227513227513227,0.47696960070847283,3.15
699,18,61,0,1.75,0.020833333333333332,0.39999999999999997,3.2
700,19,59,2,1.7894736842105263,0.049479166666666664,0.4823763889427201,3.3684210526315788
701,19,59,4,1.7894736842105263,0.0703125,0.4823763889427201,3.3684210526315788
702,19,61,1,1.7894736842105263,0.028645833333333332,0.4823763889427201,3.3684210526315788
703,17,58,1,1.7142857142857142,0.046875,0.21295885499997994,3.0476190476190474
704,17,62,0,1.7142857142857142,0.013020833333333332,0.21295885499997994,3.0476190476190474
705,19,60,2,1.7894736842105263,0.046875,0.4823763889427201,3.3684210526315788
706,18,59,1,1.75,0.041666666666666664,0.39999999999999997,3.2
707,18,59,2,1.75,0.046875,0.39999999999999997,3.2
708,18,62,1,1.75,0.020833333333333332,0.39999999999999997,3.2
709,17,57,2,1.7142857142857142,0.0703125,0.21295885499997994,3.0476190476190474
710,17,57,5,1.7142857142857142,0.08854166666666666,0.21295885499997994,3.0476190476190474
711,18,60,0,1.7,0.021164021164021163,0.47696960070847283,3.15
712,19,56,4,1.7894736842105263,0.0859375,0.48237638894272,3.3684210526315788
713,19,61,2,1.7894736842105263,0.03645833333333333,0.48237638894272,3.3684210526315788
714,17,59,2,1.6666666666666667,0.049479166666666664,0.21295885499997994,3.0476190476190474
715,18,54,4,1.7,0.09788359788359788,0.47696960070847283,3.15
716,18,60,3,1.75,0.05208333333333333,0.39999999999999997,3.2
717,17,57,1,1.7142857142857142,0.0546875,0.21295885499997994,3.0476190476190474
718,18,54,2,1.75,0.08333333333333333,0.39999999999999997,3.2
719,17,54,1,1.619047619047619,0.078125,0.21295885499997994,3.0476190476190474
720,19,56,1,1.7894736842105263,0.05989583333333333,0.4823763889427201,3.3684210526315788
721,18,56,1,1.75,0.057291666666666664,0.39999999999999997,3.2
722,18,60,1,1.75,0.03645833333333333,0.39999999999999997,3.2
723,17,60,2,1.7142857142857142,0.044270833333333336,0.21295885499997994,3.0476190476190474
724,19,59,1,1.736842105263158,0.041666666666666664,0.48237638894272,3.3684210526315788
725,19,64,0,1.7894736842105263,0.0,0.4823763889427201,3.3684210526315788
726,18,61,1,1.75,0.028645833333333332,0.39999999999999997,3.2
727,18,59,2,1.75,0.05208333333333333,0.39999999999999997,3.2
728,19,61,0,1.7894736842105263,0.018229166666666664,0.4823763889427201,3.3684210526315788
729,18,58,0,1.75,0.041666666666666664,0.39999999999999997,3.2
730,18,60,1,1.7,0.026455026455026454,0.47696960070847283,3.15
731,18,61,1,1.75,0.03125,0.39999999999999997,3.2
732,20,59,2,1.8333333333333333,0.05208333333333333,0.49690399499995325,3.5555555555555554
733,19,59,2,1.7894736842105263,0.052083333333333336,0.4823763889427201,3.3684210526315788
734,18,61,0,1.75,0.0234375,0.39999999999999997,3.2
735,18,57,1,1.7,0.05468749999999999,0.39999999999999997,3.2
736,18,60,2,1.75,0.04427083333333333,0.39999999999999997,3.2
737,17,58,2,1.7142857142857142,0.0546875,0.21295885499997994,3.0476190476190474
738,17,57,4,1.7142857142857142,0.08333333333333333,0.21295885499997994,3.0476190476190474
739,18,55,6,1.75,0.11197916666666666,0.39999999999999997,3.2
740,18,60,0,1.75,0.026041666666666664,0.39999999999999997,3.2
741,19,60,0,1.7894736842105263,0.0234375,0.4823763889427201,3.3684210526315788
742,17,59,1,1.7142857142857142,0.0390625,0.21295885499997994,3.0476190476190474
743,18,61,1,1.75,0.03125,0.39999999999999997,3.2
744,18,56,5,1.75,0.09635416666666666,0.39999999999999997,3.2
745,18,58,2,1.75,0.05989583333333333,0.39999999999999997,3.2
746,18,56,4,1.75,0.0859375,0.39999999999999997,3.2
747,19,58,2,1.7894736842105263,0.0625,0.4823763889427201,3.3684210526315788
748,18,58,3,1.75,0.0703125,0.39999999999999997,3.2
749,18,59,2,1.75,0.049479166666666664,0.39999999999999997,3.2
750,18,58,3,1.75,0.06510416666666666,0.39999999999999997,3.2
751,18,56,1,1.75,0.05989583333333333,0.39999999999999997,3.2
752,17,60,1,1.7142857142857142,0.033854166666666664,0.21295885499997994,3.0476190476190474
753,19,61,2,1.7894736842105263,0.036458333333333336,0.48237638894272,3.3684210526315788
754,18,61,0,1.75,0.018229166666666664,0.39999999999999997,3.2
755,18,58,1,1.75,0.04427083333333333,0.39999999999999997,3.2
756,17,62,1,1.7142857142857142,0.020833333333333332,0.21295885499997994,3.0476190476190474
757,17,61,0,1.7142857142857142,0.015625,0.21295885499997994,3.0476190476190474
758,17,59,3,1.7142857142857142,0.057291666666666664,0.21295885499997994,3.0476190476190474
759,18,60,1,1.75,0.03645833333333333,0.39999999999999997,3.2
760,19,60,0,1.7894736842105263,0.020833333333333332,0.4823763889427201,3.3684210526315788
761,18,61,1,1.75,0.026041666666666664,0.39999999999999997,3.2
762,17,59,2,1.7142857142857142,0.049479166666666664,0.21295885499997994,3.0476190476190474
763,17,59,1,1.7142857142857142,0.0390625,0.21295885499997994,3.0476190476190474
764,17,56,4,1.7142857142857142,0.08593749999999999,0.21295885499997994,3.0476190476190474
765,19,56,3,1.7894736842105263,0.08072916666666666,0.4823763889427201,3.3684210526315788
766,18,63,0,1.75,0.0078125,0.39999999999999997,3.2
767,18,60,1,1.75,0.03645833333333333,0.39999999999999997,3.2
768,17,59,2,1.7142857142857142,0.049479166666666664,0.21295885499997994,3.0476190476190474
769,18,56,2,1.75,0.0703125,0.39999999999999997,3.2
770,18,59,1,1.75,0.041666666666666664,0.39999999999999997,3.2
771,18,58,2,1.7,0.05291005291005291,0.47696960070847283,3.15
772,18,61,0,1.75,0.018229166666666664,0.39999999999999997,3.2
773,18,61,1,1.75,0.028645833333333332,0.39999999999999997,3.2
774,18,59,3,1.75,0.0625,0.39999999999999997,3.2
775,18,59,1,1.75,0.041666666666666664,0.39999999999999997,3.2
776,19,60,1,1.736842105263158,0.033854166666666664,0.4823763889427201,3.3684210526315788
777,19,58,0,1.7894736842105263,0.0390625,0.4823763889427201,3.3684210526315788
778,18,59,2,1.75,0.05208333333333333,0.39999999999999997,3.2
779,19,57,4,1.736842105263158,0.08072916666666666,0.4823763889427201,3.3684210526315788
780,19,54,3,1.7894736842105263,0.09114583333333333,0.4823763889427201,3.3684210526315788
781,18,56,3,1.75,0.078125,0.39999999999999997,3.2
782,18,58,1,1.75,0.049479166666666664,0.39999999999999997,3.2
783,18,58,4,1.75,0.078125,0.39999999999999997,3.2
784,18,59,3,1.75,0.05989583333333333,0.39999999999999997,3.2
785,18,58,2,1.75,0.0625,0.39999999999999997,3.2
786,18,62,1,1.75,0.0234375,0.39999999999999997,3.2
787,18,53,5,1.75,0.12239583333333334,0.39999999999999997,3.2
788,19,57,2,1.7894736842105263,0.057291666666666664,0.48237638894272,3.3684210526315788
789,19,62,0,1.7894736842105263,0.013020833333333332,0.48237638894272,3.3684210526315788
790,19,63,0,1.7894736842105263,0.005208333333333333,0.4823763889427201,3.3684210526315788
791,19,58,2,1.7894736842105263,0.05989583333333333,0.4823763889427201,3.3684210526315788
792,18,62,1,1.75,0.020833333333333332,0.39999999999999997,3.2
793,18,57,3,1.75,0.07552083333333333,0.39999999999999997,3.2
794,18,56,4,1.75,0.09375,0.39999999999999997,3.2
795,17,61,0,1.7142857142857142,0.0234375,0.21295885499997994,3.0476190476190474
796,18,55,3,1.7,0.08465608465608467,0.47696960070847283,3.15
797,18,58,1,1.75,0.05208333333333333,0.39999999999999997,3.2
798,19,55,4,1.7894736842105263,0.09114583333333333,0.4823763889427201,3.3684210526315788
799,17,62,0,1.6666666666666667,0.010416666666666666,0.21295885499997994,3.0476190476190474
800,18,57,2,1.75,0.06510416666666666,0.39999999999999997,3.2
801,17,60,3,1.7142857142857142,0.052083333333333336,0.21295885499997994,3.0476190476190474
802,18,57,4,1.75,0.08072916666666666,0.39999999999999997,3.2
803,18,61,0,1.75,0.018229166666666664,0.39999999999999997,3.2
804,18,58,4,1.75,0.07552083333333334,0.39999999999999997,3.2
805,18,56,2,1.75,0.06770833333333333,0.39999999999999997,3.2
806,19,60,2,1.7894736842105263,0.041666666666666664,0.4823763889427201,3.3684210526315788
807,17,58,0,1.7142857142857142,0.0390625,0.21295885499997994,3.0476190476190474
808,19,57,0,1.7894736842105263,0.046875,0.4823763889427201,3.3684210526315788
809,17,58,1,1.6666666666666667,0.049479166666666664,0.21295885499997994,3.0476190476190474
810,18,58,3,1.75,0.06510416666666666,0.39999999999999997,3.2
811,18,58,4,1.75,0.07552083333333333,0.39999999999999997,3.2
812,17,60,1,1.6666666666666667,0.033854166666666664,0.21295885499997994,3.0476190476190474
813,18,63,0,1.75,0.005208333333333333,0.39999999999999997,3.2
814,18,59,2,1.75,0.05208333333333333,0.39999999999999997,3.2
815,19,60,3,1.7894736842105263,0.0546875,0.4823763889427201,3.3684210526315788
816,18,61,1,1.75,0.03125,0.39999999999999997,3.2
817,18,59,2,1.75,0.05208333333333333,0.39999999999999997,3.2
818,18,57,3,1.75,0.06770833333333333,0.39999999999999997,3.2
819,18,60,1,1.75,0.031249999999999997,0.39999999999999997,3.2
820,17,54,2,1.7142857142857142,0.08854166666666666,0.21295885499997994,3.0476190476190474
821,18,62,2,1.75,0.03125,0.39999999999999997,3.2
822,18,54,5,1.75,0.11197916666666666,0.39999999999999997,3.2
823,17,62,1,1.7142857142857142,0.020833333333333332,0.21295885499997994,3.0476190476190474
824,18,60,2,1.75,0.046875,0.39999999999999997,3.2
825,17,59,4,1.7142857142857142,0.06770833333333334,0.21295885499997994,3.0476190476190474
826,19,58,0,1.7894736842105263,0.0390625,0.48237638894272,3.3684210526315788
827,17,59,1,1.7142857142857142,0.046875,0.21295885499997994,3.0476190476190474
828,17,56,2,1.7142857142857142,0.07552083333333333,0.21295885499997996,3.0476190476190474
829,18,59,1,1.75,0.0390625,0.39999999999999997,3.2
830,18,62,1,1.75,0.020833333333333332,0.39999999999999997,3.2
831,18,53,5,1.75,0.11979166666666666,0.39999999999999997,3.2
832,18,62,1,1.7,0.0234375,0.39999999999999997,3.2
833,18,59,3,1.7,0.0625,0.39999999999999997,3.2
834,17,59,2,1.7142857142857142,0.05208333333333333,0.21295885499997994,3.0476190476190474
835,19,60,0,1.7894736842105263,0.028645833333333332,0.4823763889427201,3.3684210526315788
836,17,59,1,1.7142857142857142,0.041666666666666664,0.21295885499997994,3.0476190476190474
837,17,57,3,1.6666666666666667,0.07291666666666666,0.21295885499997994,3.0476190476190474
838,18,58,5,1.75,0.0859375,0.39999999999999997,3.2
839,18,61,1,1.75,0.03125,0.39999999999999997,3.2
840,18,60,0,1.75,0.028645833333333332,0.39999999999999997,3.2
841,18,58,1,1.7,0.049479166666666664,0.39999999999999997,3.2
842,18,56,5,1.75,0.09635416666666666,0.39999999999999997,3.2
843,17,60,1,1.7142857142857142,0.033854166666666664,0.21295885499997994,3.0476190476190474
844,18,58,0,1.75,0.04427083333333333,0.39999999999999997,3.2
845,18,59,1,1.75,0.04427083333333333,0.39999999999999997,3.2
846,18,57,1,1.7,0.0546875,0.39999999999999997,3.2
847,18,60,0,1.75,0.0234375,0.39999999999999997,3.2
848,17,62,1,1.7142857142857142,0.0234375,0.21295885499997994,3.0476190476190474
849,18,57,3,1.75,0.07291666666666666,0.39999999999999997,3.2
850,17,56,2,1.6666666666666667,0.07291666666666666,0.21295885499997994,3.0476190476190474
851,18,59,3,1.75,0.05989583333333333,0.39999999999999997,3.2
852,17,61,2,1.7142857142857142,0.0390625,0.21295885499997994,3.0476190476190474
853,18,59,1,1.7,0.041666666666666664,0.39999999999999997,3.2
854,18,57,3,1.75,0.07291666666666666,0.39999999999999997,3.2
855,18,59,3,1.75,0.05989583333333333,0.39999999999999997,3.2
856,17,60,1,1.7142857142857142,0.033854166666666664,0.21295885499997994,3.0476190476190474
857,17,55,3,1.7142857142857142,0.0859375,0.21295885499997994,3.0476190476190474
858,18,59,1,1.75,0.04427083333333333,0.39999999999999997,3.2
859,19,62,2,1.7894736842105263,0.03125,0.48237638894272,3.3684210526315788
860,17,60,3,1.7142857142857142,0.052083333333333336,0.21295885499997994,3.0476190476190474
861,18,61,1,1.7,0.028645833333333332,0.39999999999999997,3.2
862,18,56,4,1.75,0.09375,0.39999999999999997,3.2
863,17,59,1,1.7142857142857142,0.04427083333333333,0.21295885499997994,3.0476190476190474
864,18,58,0,1.75,0.046875,0.39999999999999997,3.2
865,18,60,1,1.75,0.03645833333333333,0.39999999999999997,3.2
866,18,57,3,1.75,0.0703125,0.39999999999999997,3.2
867,18,54,0,1.75,0.05468749999999999,0.39999999999999997,3.2
868,17,62,1,1.7142857142857142,0.0234375,0.21295885499997994,3.0476190476190474
869,17,61,0,1.7142857142857142,0.020833333333333332,0.21295885499997994,3.0476190476190474
870,18,56,2,1.75,0.06770833333333333,0.39999999999999997,3.2
871,18,55,4,1.75,0.09114583333333333,0.39999999999999997,3.2
872,17,58,3,1.7142857142857142,0.0625,0.21295885499997994,3.0476190476190474
873,18,59,0,1.75,0.02864583333333333,0.39999999999999997,3.2
874,17,59,1,1.7142857142857142,0.04427083333333333,0.21295885499997994,3.0476190476190474
875,18,56,3,1.75,0.07552083333333333,0.39999999999999997,3.2
876,19,58,2,1.7894736842105263,0.0546875,0.4823763889427201,3.3684210526315788
877,17,54,5,1.6666666666666667,0.109375,0.21295885499997994,3.0476190476190474
878,17,58,0,1.7142857142857142,0.03645833333333333,0.21295885499997994,3.0476190476190474
879,18,60,1,1.75,0.03645833333333333,0.39999999999999997,3.2
880,18,60,2,1.75,0.04427083333333333,0.39999999999999997,3.2
881,17,56,4,1.7142857142857142,0.08854166666666666,0.21295885499997994,3.0476190476190474
882,18,61,0,1.75,0.020833333333333332,0.39999999999999997,3.2
883,19,61,1,1.7894736842105263,0.026041666666666664,0.4823763889427201,3.3684210526315788
884,18,58,2,1.75,0.0546875,0.39999999999999997,3.2
885,18,56,2,1.65,0.07291666666666666,0.39999999999999997,3.2
886,18,58,4,1.75,0.07552083333333333,0.39999999999999997,3.2
887,17,60,0,1.7142857142857142,0.0234375,0.21295885499997994,3.0476190476190474
888,18,59,2,1.75,0.04947916666666667,0.39999999999999997,3.2
889,18,59,2,1.75,0.046875,0.39999999999999997,3.2
890,18,56,4,1.75,0.08854166666666666,0.39999999999999997,3.2
891,18,56,2,1.7,0.06613756613756613,0.47696960070847283,3.15
892,17,58,1,1.7142857142857142,0.046875,0.21295885499997994,3.0476190476190474
893,18,57,2,1.75,0.05989583333333333,0.39999999999999997,3.2
894,17,57,3,1.7142857142857142,0.07552083333333333,0.21295885499997994,3.0476190476190474
895,19,61,1,1.7894736842105263,0.028645833333333332,0.48237638894272,3.3684210526315788
896,18,61,1,1.75,0.03125,0.39999999999999997,3.2
897,17,57,1,1.7142857142857142,0.05208333333333333,0.21295885499997994,3.0476190476190474
898,19,59,0,1.7894736842105263,0.0390625,0.4823763889427201,3.3684210526315788
899,17,55,4,1.6666666666666667,0.09895833333333333,0.21295885499997994,3.0476190476190474
900,18,60,2,1.75,0.046875,0.39999999999999997,3.2
901,18,59,1,1.75,0.0390625,0.39999999999999997,3.2
902,17,62,1,1.6666666666666667,0.020833333333333332,0.21295885499997994,3.0476190476190474
903,18,63,0,1.7,0.0,0.47696960070847283,3.15
904,19,56,3,1.7894736842105263,0.078125,0.4823763889427201,3.3684210526315788
905,18,59,1,1.75,0.0390625,0.39999999999999997,3.2
906,17,58,3,1.7142857142857142,0.0703125,0.21295885499997994,3.0476190476190474
907,18,56,3,1.75,0.07552083333333333,0.39999999999999997,3.2
908,17,59,2,1.7142857142857142,0.0546875,0.21295885499997994,3.0476190476190474
909,18,58,3,1.75,0.0703125,0.39999999999999997,3.2
910,19,63,1,1.736842105263158,0.015625,0.4823763889427201,3.3684210526315788
911,18,63,0,1.75,0.0078125,0.39999999999999997,3.2
912,17,59,3,1.6666666666666667,0.05989583333333333,0.21295885499997994,3.0476190476190474
913,18,57,2,1.75,0.059895833333333336,0.39999999999999997,3.2
914,18,57,2,1.75,0.06510416666666667,0.39999999999999997,3.2
915,17,58,5,1.6666666666666667,0.0859375,0.21295885499997994,3.0476190476190474
916,17,61,0,1.7142857142857142,0.018229166666666664,0.21295885499997994,3.0476190476190474
917,17,60,0,1.7142857142857142,0.028645833333333332,0.21295885499997994,3.0476190476190474
918,17,58,2,1.7142857142857142,0.05989583333333333,0.21295885499997994,3.0476190476190474
919,18,62,1,1.65,0.020833333333333332,0.39999999999999997,3.2
920,18,59,2,1.75,0.05208333333333333,0.39999999999999997,3.2
921,18,56,1,1.75,0.05989583333333333,0.39999999999999997,3.2
922,18,60,1,1.75,0.03645833333333333,0.39999999999999997,3.2
923,19,62,1,1.7894736842105263,0.020833333333333332,0.4823763889427201,3.3684210526315788
924,18,54,4,1.7,0.10317460317460317,0.47696960070847283,3.15
925,18,61,0,1.75,0.020833333333333332,0.39999999999999997,3.2
926,18,61,2,1.75,0.036458333333333336,0.39999999999999997,3.2
927,18,60,2,1.75,0.04427083333333333,0.39999999999999997,3.2
928,18,59,1,1.7,0.04427083333333333,0.39999999999999997,3.2
929,18,57,2,1.75,0.06249999999999999,0.39999999999999997,3.2
930,17,55,1,1.7142857142857142,0.0625,0.21295885499997994,3.0476190476190474
931,19,60,2,1.7894736842105263,0.044270833333333336,0.4823763889427201,3.3684210526315788
932,17,60,1,1.6666666666666667,0.03645833333333333,0.21295885499997994,3.0476190476190474
933,17,60,1,1.7142857142857142,0.033854166666666664,0.21295885499997994,3.0476190476190474
934,17,62,0,1.7142857142857142,0.010416666666666666,0.21295885499997994,3.0476190476190474
935,17,58,1,1.7142857142857142,0.04687499999999999,0.21295885499997994,3.0476190476190474
936,17,57,4,1.7142857142857142,0.078125,0.21295885499997994,3.0476190476190474
937,19,58,4,1.7894736842105263,0.07291666666666666,0.4823763889427201,3.3684210526315788
938,18,60,1,1.75,0.03125,0.39999999999999997,3.2
939,18,61,2,1.75,0.0390625,0.39999999999999997,3.2
940,19,57,5,1.7894736842105263,0.09114583333333333,0.48237638894272,3.3684210526315788
941,18,62,0,1.75,0.015625,0.39999999999999997,3.2
942,18,57,2,1.75,0.06770833333333333,0.39999999999999997,3.2
943,17,61,2,1.7142857142857142,0.036458333333333336,0.21295885499997994,3.0476190476190474
944,18,54,3,1.7,0.09114583333333333,0.39999999999999997,3.2
945,18,62,0,1.75,0.015625,0.39999999999999997,3.2
946,18,60,1,1.75,0.0390625,0.39999999999999997,3.2
947,17,52,3,1.7142857142857142,0.10677083333333334,0.21295885499997994,3.0476190476190474
948,18,58,2,1.75,0.05989583333333333,0.39999999999999997,3.2
949,18,60,1,1.75,0.03645833333333333,0.39999999999999997,3.2
950,18,58,2,1.75,0.0546875,0.39999999999999997,3.2
951,17,61,0,1.7142857142857142,0.018229166666666664,0.21295885499997994,3.0476190476190474
952,19,59,2,1.7894736842105263,0.049479166666666664,0.4823763889427201,3.3684210526315788
953,18,62,1,1.75,0.0234375,0.39999999999999997,3.2
954,18,57,1,1.75,0.05208333333333333,0.39999999999999997,3.2
955,18,60,3,1.75,0.0546875,0.39999999999999997,3.2
956,18,59,1,1.7,0.041666666666666664,0.39999999999999997,3.2
957,19,55,3,1.7894736842105263,0.09114583333333333,0.4823763889427201,3.3684210526315788
958,19,63,0,1.7894736842105263,0.005208333333333333,0.48237638894272,3.3684210526315788
959,17,59,1,1.6666666666666667,0.03968253968253968,0.3086066999241838,3.0
960,18,61,0,1.75,0.020833333333333332,0.39999999999999997,3.2
961,18,61,0,1.75,0.020833333333333332,0.39999999999999997,3.2
962,18,59,2,1.75,0.049479166666666664,0.39999999999999997,3.2
963,17,56,1,1.7142857142857142,0.06770833333333333,0.21295885499997994,3.0476190476190474
964,18,58,2,1.75,0.05989583333333333,0.39999999999999997,3.2
965,18,61,1,1.75,0.028645833333333332,0.39999999999999997,3.2
966,19,57,0,1.7894736842105263,0.04427083333333333,0.4823763889427201,3.3684210526315788
967,18,61,1,1.75,0.03125,0.39999999999999997,3.2
968,18,55,4,1.75,0.09895833333333334,0.39999999999999997,3.2
969,17,58,1,1.7142857142857142,0.04947916666666666,0.21295885499997994,3.0476190476190474
970,18,55,2,1.75,0.07812499999999999,0.39999999999999997,3.2
971,17,59,1,1.7142857142857142,0.041666666666666664,0.21295885499997994,3.0476190476190474
972,18,57,4,1.75,0.0859375,0.39999999999999997,3.2
973,18,57,2,1.75,0.06510416666666666,0.39999999999999997,3.2
974,19,61,0,1.7894736842105263,0.018229166666666664,0.4823763889427201,3.3684210526315788
975,18,61,1,1.75,0.03125,0.39999999999999997,3.2
976,18,58,3,1.75,0.06510416666666666,0.39999999999999997,3.2
977,19,60,1,1.7894736842105263,0.033854166666666664,0.48237638894272,3.3684210526315788
978,18,60,1,1.75,0.03645833333333333,0.39999999999999997,3.2
979,18,59,3,1.75,0.05989583333333333,0.39999999999999997,3.2
980,18,58,2,1.75,0.052083333333333336,0.39999999999999997,3.2
981,18,54,6,1.75,0.12239583333333333,0.39999999999999997,3.2
982,17,62,1,1.7142857142857142,0.0234375,0.21295885499997994,3.0476190476190474
983,17,61,2,1.7142857142857142,0.03645833333333333,0.21295885499997996,3.0476190476190474
984,19,64,0,1.7894736842105263,0.0,0.48237638894272,3.3684210526315788
985,18,59,2,1.75,0.05208333333333333,0.39999999999999997,3.2
986,19,58,3,1.7894736842105263,0.06770833333333333,0.4823763889427201,3.3684210526315788
987,19,57,1,1.736842105263158,0.047619047619047616,0.5668594533825794,3.3157894736842106
988,19,62,0,1.7894736842105263,0.015625,0.4823763889427201,3.3684210526315788
989,18,60,0,1.75,0.026041666666666664,0.39999999999999997,3.2
990,18,60,2,1.75,0.04427083333333333,0.39999999999999997,3.2
991,17,56,2,1.7142857142857142,0.0703125,0.21295885499997994,3.0476190476190474
992,17,59,1,1.6666666666666667,0.037037037037037035,0.3086066999241838,3.0
993,17,60,1,1.7142857142857142,0.033854166666666664,0.21295885499997994,3.0476190476190474
994,17,58,3,1.7142857142857142,0.06770833333333333,0.21295885499997994,3.0476190476190474
995,19,57,2,1.7894736842105263,0.06510416666666666,0.4823763889427201,3.3684210526315788
996,18,58,2,1.75,0.05989583333333333,0.39999999999999997,3.2
997,18,55,4,1.75,0.09635416666666666,0.39999999999999997,3.2
998,17,64,0,1.7142857142857142,0.0,0.21295885499997994,3.0476190476190474
999,20,59,3,1.8333333333333333,0.05989583333333333,0.49690399499995325,3.5555555555555554
1000,18,57,1,1.75,0.05208333333333333,0.39999999999999997,3.2
1001,17,60,1,1.7142857142857142,0.03645833333333333,0.21295885499997994,3.0476190476190474
1002,17,55,3,1.7142857142857142,0.0859375,0.21295885499997994,3.0476190476190474
1003,18,56,2,1.75,0.07552083333333333,0.39999999999999997,3.2
1004,20,61,0,1.8333333333333333,0.018229166666666664,0.49690399499995325,3.5555555555555554
1005,18,55,1,1.7,0.06084656084656085,0.47696960070847283,3.15
1006,18,59,2,1.75,0.049479166666666664,0.39999999999999997,3.2
1007,17,56,3,1.7142857142857142,0.078125,0.21295885499997994,3.0476190476190474
1008,18,59,1,1.75,0.041666666666666664,0.39999999999999997,3.2
1009,18,55,3,1.75,0.08854166666666666,0.39999999999999997,3.2
1010,19,60,2,1.7894736842105263,0.046875,0.4823763889427201,3.3684210526315788
1011,17,61,2,1.7142857142857142,0.03645833333333333,0.21295885499997994,3.0476190476190474
1012,18,59,2,1.75,0.049479166666666664,0.39999999999999997,3.2
1013,17,59,1,1.7142857142857142,0.041666666666666664,0.21295885499997994,3.0476190476190474
1014,18,60,1,1.75,0.031249999999999997,0.39999999999999997,3.2
1015,18,61,2,1.75,0.03645833333333333,0.39999999999999997,3.2
1016,19,58,1,1.7894736842105263,0.04427083333333333,0.4823763889427201,3.3684210526315788
1017,18,59,3,1.75,0.05989583333333333,0.39999999999999997,3.2
1018,18,60,1,1.75,0.033854166666666664,0.39999999999999997,3.2
1019,19,61,0,1.7894736842105263,0.020833333333333332,0.4823763889427201,3.3684210526315788
1020,18,57,2,1.75,0.06510416666666666,0.39999999999999997,3.2
1021,18,58,0,1.75,0.0390625,0.39999999999999997,3.2
1022,18,58,3,1.75,0.0703125,0.39999999999999997,3.2
1023,18,58,3,1.75,0.06770833333333334,0.39999999999999997,3.2
1024,18,62,1,1.75,0.020833333333333332,0.39999999999999997,3.2
1025,18,60,2,1.75,0.04427083333333333,0.39999999999999997,3.2
1026,17,61,0,1.7142857142857142,0.020833333333333332,0.21295885499997994,3.0476190476190474
1027,18,59,2,1.75,0.05208333333333333,0.39999999999999997,3.2
1028,18,62,1,1.75,0.020833333333333332,0.39999999999999997,3.2
1029,18,64,0,1.75,0.0,0.39999999999999997,3.2
1030,18,62,2,1.7,0.03125,0.39999999999999997,3.2
1031,18,57,2,1.75,0.057291666666666664,0.39999999999999997,3.2
1032,18,56,3,1.75,0.08072916666666666,0.39999999999999997,3.2
1033,17,61,1,1.7142857142857142,0.03125,0.21295885499997994,3.0476190476190474
1034,18,58,3,1.75,0.06510416666666666,0.39999999999999997,3.2
1035,18,57,1,1.75,0.0546875,0.39999999999999997,3.2
1036,18,57,2,1.75,0.06770833333333334,0.39999999999999997,3.2
1037,18,60,1,1.75,0.03125,0.39999999999999997,3.2
1038,18,58,0,1.75,0.041666666666666664,0.39999999999999997,3.2
1039,19,61,0,1.7894736842105263,0.0234375,0.48237638894272,3.3684210526315788
1040,18,61,1,1.75,0.028645833333333332,0.39999999999999997,3.2
1041,18,59,1,1.75,0.0390625,0.39999999999999997,3.2
1042,17,58,3,1.7142857142857142,0.06510416666666666,0.21295885499997994,3.0476190476190474
1043,18,58,3,1.75,0.06770833333333333,0.39999999999999997,3.2
1044,19,62,1,1.7894736842105263,0.020833333333333332,0.4823763889427201,3.3684210526315788
1045,19,57,0,1.7894736842105263,0.049479166666666664,0.4823763889427201,3.3684210526315788
1046,18,61,1,1.75,0.03125,0.39999999999999997,3.2
1047,17,57,2,1.7142857142857142,0.06770833333333333,0.21295885499997994,3.0476190476190474
1048,18,60,0,1.75,0.026041666666666664,0.39999999999999997,3.2
1049,18,57,2,1.75,0.06510416666666666,0.39999999999999997,3.2
1050,17,59,3,1.7142857142857142,0.05989583333333333,0.21295885499997994,3.0476190476190474
1051,18,55,5,1.75,0.1015625,0.39999999999999997,3.2
1052,17,56,5,1.7142857142857142,0.09635416666666666,0.21295885499997994,3.0476190476190474
1053,19,61,1,1.7894736842105263,0.03125,0.4823763889427201,3.3684210526315788
1054,18,58,1,1.75,0.05208333333333333,0.39999999999999997,3.2
1055,17,59,4,1.7142857142857142,0.06770833333333333,0.21295885499997994,3.0476190476190474
1056,18,60,0,1.75,0.03125,0.39999999999999997,3.2
1057,18,59,0,1.75,0.033854166666666664,0.39999999999999997,3.2
1058,17,59,3,1.7142857142857142,0.05729166666666666,0.21295885499997994,3.0476190476190474
1059,17,56,3,1.7142857142857142,0.07552083333333333,0.21295885499997994,3.0476190476190474
1060,17,59,0,1.6666666666666667,0.03125,0.21295885499997994,3.0476190476190474
1061,18,57,3,1.75,0.07291666666666666,0.39999999999999997,3.2
1062,18,59,2,1.75,0.05208333333333333,0.39999999999999997,3.2
1063,17,58,3,1.6666666666666667,0.06770833333333334,0.21295885499997994,3.0476190476190474
1064,19,58,3,1.7894736842105263,0.06510416666666666,0.48237638894272,3.3684210526315788
1065,17,59,2,1.7142857142857142,0.046875,0.21295885499997994,3.0476190476190474
1066,18,58,0,1.7,0.041666666666666664,0.39999999999999997,3.2
1067,17,62,1,1.7142857142857142,0.020833333333333332,0.21295885499997994,3.0476190476190474
1068,18,56,2,1.75,0.07291666666666666,0.39999999999999997,3.2
1069,18,56,3,1.7,0.08333333333333333,0.39999999999999997,3.2
1070,18,61,0,1.75,0.020833333333333332,0.39999999999999997,3.2
1071,17,59,1,1.7142857142857142,0.0390625,0.21295885499997996,3.0476190476190474
1072,18,59,3,1.75,0.05989583333333333,0.39999999999999997,3.2
1073,17,60,1,1.6666666666666667,0.03645833333333333,0.21295885499997994,3.0476190476190474
1074,18,61,1,1.75,0.028645833333333332,0.39999999999999997,3.2
1075,18,55,3,1.75,0.09375,0.39999999999999997,3.2
1076,18,59,1,1.75,0.04427083333333333,0.39999999999999997,3.2
1077,17,57,2,1.6666666666666667,0.05989583333333333,0.21295885499997994,3.0476190476190474
1078,19,58,0,1.7894736842105263,0.033854166666666664,0.4823763889427201,3.3684210526315788
1079,19,61,1,1.736842105263158,0.028645833333333332,0.48237638894272,3.3684210526315788
1080,17,59,2,1.7142857142857142,0.0546875,0.21295885499997994,3.0476190476190474
1081,18,58,2,1.75,0.05468749999999999,0.39999999999999997,3.2
1082,18,60,0,1.75,0.0234375,0.39999999999999997,3.2
1083,18,60,2,1.75,0.046875,0.39999999999999997,3.2
1084,19,58,4,1.7894736842105263,0.078125,0.4823763889427201,3.3684210526315788
1085,19,61,0,1.7894736842105263,0.018229166666666664,0.4823763889427201,3.3684210526315788
1086,18,56,5,1.75,0.09635416666666667,0.39999999999999997,3.2
1087,18,55,4,1.75,0.09374999999999999,0.39999999999999997,3.2
1088,20,60,3,1.8333333333333333,0.05208333333333333,0.49690399499995325,3.5555555555555554
1089,17,59,1,1.7142857142857142,0.0390625,0.21295885499997994,3.0476190476190474
1090,18,61,1,1.75,0.026041666666666664,0.39999999999999997,3.2
1091,18,61,2,1.75,0.0390625,0.39999999999999997,3.2
1092,17,58,2,1.7142857142857142,0.0546875,0.21295885499997994,3.0476190476190474
1093,18,58,4,1.75,0.07552083333333333,0.39999999999999997,3.2
1094,17,57,2,1.7142857142857142,0.06510416666666666,0.21295885499997994,3.0476190476190474
1095,17,58,2,1.7142857142857142,0.0625,0.21295885499997994,3.0476190476190474
1096,18,64,0,1.75,0.0,0.39999999999999997,3.2
1097,18,58,2,1.75,0.0546875,0.39999999999999997,3.2
1098,18,57,6,1.75,0.09895833333333333,0.39999999999999997,3.2
1099,17,62,0,1.7142857142857142,0.015625,0.21295885499997994,3.0476190476190474
1100,18,58,2,1.7,0.057291666666666664,0.39999999999999997,3.2
1101,19,56,3,1.7894736842105263,0.078125,0.4823763889427201,3.3684210526315788
1102,18,59,2,1.75,0.05208333333333333,0.39999999999999997,3.2
1103,19,56,4,1.7894736842105263,0.08854166666666666,0.4823763889427201,3.3684210526315788
1104,19,58,2,1.7894736842105263,0.057291666666666664,0.4823763889427201,3.3684210526315788
1105,17,58,3,1.7142857142857142,0.06249999999999999,0.21295885499997994,3.0476190476190474
1106,18,61,1,1.75,0.028645833333333332,0.39999999999999997,3.2
1107,19,49,4,1.7894736842105263,0.13020833333333331,0.4823763889427201,3.3684210526315788
1108,18,61,2,1.75,0.03645833333333333,0.39999999999999997,3.2
1109,17,63,0,1.7142857142857142,0.0078125,0.21295885499997994,3.0476190476190474
1110,17,60,2,1.7142857142857142,0.046875,0.21295885499997994,3.0476190476190474
1111,19,58,3,1.7894736842105263,0.06770833333333333,0.48237638894272,3.3684210526315788
1112,18,61,1,1.75,0.03125,0.39999999999999997,3.2
1113,18,56,3,1.75,0.078125,0.39999999999999997,3.2
1114,18,60,1,1.75,0.0390625,0.39999999999999997,3.2
1115,18,60,2,1.75,0.046875,0.39999999999999997,3.2
1116,18,60,2,1.75,0.04427083333333333,0.39999999999999997,3.2
1117,19,62,1,1.7894736842105263,0.0234375,0.48237638894272,3.3684210526315788
1118,18,60,2,1.75,0.044270833333333336,0.39999999999999997,3.2
1119,18,56,3,1.75,0.08072916666666666,0.39999999999999997,3.2
1120,17,61,0,1.7142857142857142,0.018229166666666664,0.21295885499997994,3.0476190476190474
1121,18,58,2,1.7,0.05291005291005291,0.47696960070847283,3.15
1122,17,60,1,1.7142857142857142,0.03645833333333333,0.21295885499997994,3.0476190476190474
1123,18,56,3,1.7,0.08072916666666666,0.39999999999999997,3.2
1124,17,60,1,1.7142857142857142,0.03645833333333333,0.21295885499997994,3.0476190476190474
1125,17,60,2,1.7142857142857142,0.041666666666666664,0.21295885499997994,3.0476190476190474
1126,17,58,0,1.7142857142857142,0.04427083333333333,0.21295885499997994,3.0476190476190474
1127,19,59,2,1.7894736842105263,0.046875,0.4823763889427201,3.3684210526315788
1128,18,58,3,1.7,0.0703125,0.39999999999999997,3.2
1129,18,61,0,1.75,0.020833333333333332,0.39999999999999997,3.2
1130,18,60,2,1.75,0.046875,0.39999999999999997,3.2
1131,20,60,3,1.8333333333333333,0.0546875,0.49690399499995325,3.5555555555555554
1132,18,62,1,1.75,0.020833333333333332,0.39999999999999997,3.2
1133,19,60,1,1.7894736842105263,0.03645833333333333,0.48237638894272,3.3684210526315788
1134,17,59,2,1.7142857142857142,0.05208333333333333,0.21295885499997994,3.0476190476190474
1135,18,58,1,1.65,0.046875,0.39999999999999997,3.2
1136,18,61,0,1.75,0.020833333333333332,0.39999999999999997,3.2
1137,18,59,0,1.75,0.03125,0.39999999999999997,3.2
1138,18,58,2,1.75,0.059895833333333336,0.39999999999999997,3.2
1139,18,60,2,1.75,0.046875,0.39999999999999997,3.2
1140,18,55,4,1.75,0.09895833333333333,0.39999999999999997,3.2
1141,18,61,1,1.65,0.026041666666666664,0.39999999999999997,3.2
1142,18,57,2,1.75,0.0625,0.39999999999999997,3.2
1143,18,62,0,1.75,0.013020833333333332,0.39999999999999997,3.2
1144,19,59,4,1.7894736842105263,0.0703125,0.4823763889427201,3.3684210526315788
1145,18,60,2,1.75,0.04427083333333333,0.39999999999999997,3.2
1146,18,56,2,1.75,0.0703125,0.39999999999999997,3.2
1147,19,56,3,1.7894736842105263,0.07291666666666666,0.48237638894272,3.3684210526315788
1148,18,55,2,1.75,0.07291666666666666,0.39999999999999997,3.2
1149,17,61,0,1.6666666666666667,0.020833333333333332,0.21295885499997994,3.0476190476190474
1150,18,59,2,1.75,0.0546875,0.39999999999999997,3.2
1151,18,63,0,1.75,0.005208333333333333,0.39999999999999997,3.2
1152,18,58,2,1.75,0.059895833333333336,0.39999999999999997,3.2
1153,18,63,1,1.75,0.015625,0.39999999999999997,3.2
1154,18,62,1,1.75,0.020833333333333332,0.39999999999999997,3.2
1155,18,56,4,1.75,0.08593749999999999,0.39999999999999997,3.2
1156,18,57,4,1.75,0.08072916666666666,0.39999999999999997,3.2
1157,18,59,1,1.75,0.041666666666666664,0.39999999999999997,3.2
1158,18,58,3,1.75,0.06510416666666666,0.39999999999999997,3.2
1159,17,57,5,1.6666666666666667,0.09114583333333334,0.21295885499997994,3.0476190476190474
1160,17,59,3,1.7142857142857142,0.0625,0.21295885499997994,3.0476190476190474
1161,18,61,1,1.75,0.028645833333333332,0.39999999999999997,3.2
1162,18,60,1,1.75,0.033854166666666664,0.39999999999999997,3.2
1163,19,60,2,1.7894736842105263,0.04427083333333333,0.4823763889427201,3.3684210526315788
1164,18,62,0,1.75,0.013020833333333332,0.39999999999999997,3.2
1165,19,62,2,1.7894736842105263,0.03125,0.4823763889427201,3.3684210526315788
1166,19,55,4,1.7894736842105263,0.09635416666666666,0.48237638894272,3.3684210526315788
1167,18,58,1,1.75,0.046875,0.39999999999999997,3.2
1168,18,61,1,1.75,0.026041666666666664,0.39999999999999997,3.2
1169,17,59,2,1.7142857142857142,0.049479166666666664,0.21295885499997994,3.0476190476190474
1170,18,58,1,1.75,0.049479166666666664,0.39999999999999997,3.2
1171,17,56,3,1.7142857142857142,0.0859375,0.21295885499997994,3.0476190476190474
1172,19,58,1,1.7894736842105263,0.049479166666666664,0.4823763889427201,3.3684210526315788
1173,17,62,1,1.7142857142857142,0.020833333333333332,0.21295885499997994,3.0476190476190474
1174,17,58,0,1.7142857142857142,0.041666666666666664,0.21295885499997994,3.0476190476190474
1175,18,54,2,1.75,0.0859375,0.39999999999999997,3.2
1176,18,55,3,1.6,0.07936507936507935,0.47696960070847283,3.15
1177,17,62,1,1.7142857142857142,0.020833333333333332,0.21295885499997994,3.0476190476190474
1178,17,60,1,1.7142857142857142,0.033854166666666664,0.21295885499997994,3.0476190476190474
1179,17,58,3,1.7142857142857142,0.06770833333333333,0.21295885499997994,3.0476190476190474
1180,17,60,1,1.7142857142857142,0.03645833333333333,0.21295885499997994,3.0476190476190474
1181,17,61,1,1.7142857142857142,0.028645833333333332,0.21295885499997994,3.0476190476190474
1182,19,60,1,1.7894736842105263,0.03645833333333333,0.4823763889427201,3.3684210526315788
1183,17,60,1,1.7142857142857142,0.033854166666666664,0.21295885499997994,3.0476190476190474
1184,18,59,3,1.65,0.059895833333333336,0.39999999999999997,3.2
1185,19,58,1,1.7894736842105263,0.04427083333333333,0.4823763889427201,3.3684210526315788
1186,18,59,0,1.7,0.02864583333333333,0.39999999999999997,3.2
1187,17,62,1,1.7142857142857142,0.020833333333333332,0.21295885499997994,3.0476190476190474
1188,17,61,1,1.7142857142857142,0.028645833333333332,0.21295885499997994,3.0476190476190474
1189,17,62,0,1.7142857142857142,0.015625,0.21295885499997994,3.0476190476190474
1190,17,60,0,1.7142857142857142,0.020833333333333332,0.21295885499997994,3.0476190476190474
1191,17,57,2,1.7142857142857142,0.06770833333333333,0.21295885499997994,3.0476190476190474
1192,18,58,2,1.75,0.05468749999999999,0.39999999999999997,3.2
1193,18,58,3,1.75,0.0703125,0.39999999999999997,3.2
1194,18,61,0,1.75,0.020833333333333332,0.39999999999999997,3.2
1195,18,58,2,1.75,0.05989583333333333,0.39999999999999997,3.2
1196,17,56,3,1.7142857142857142,0.0859375,0.21295885499997994,3.0476190476190474
1197,17,54,3,1.7142857142857142,0.09114583333333333,0.21295885499997994,3.0476190476190474
1198,18,56,2,1.75,0.0703125,0.39999999999999997,3.2
1199,18,61,0,1.75,0.018229166666666664,0.39999999999999997,3.2
1200,18,58,2,1.75,0.057291666666666664,0.39999999999999997,3.2
1201,18,61,3,1.75,0.046875,0.39999999999999997,3.2
1202,17,59,2,1.7142857142857142,0.049479166666666664,0.21295885499997994,3.0476190476190474
1203,19,61,0,1.736842105263158,0.018229166666666664,0.48237638894272,3.3684210526315788
1204,18,61,2,1.75,0.0390625,0.39999999999999997,3.2
1205,17,61,1,1.7142857142857142,0.028645833333333332,0.21295885499997994,3.0476190476190474
1206,19,60,2,1.7894736842105263,0.046875,0.4823763889427201,3.3684210526315788
1207,18,56,1,1.75,0.0625,0.39999999999999997,3.2
1208,17,57,2,1.7142857142857142,0.057291666666666664,0.21295885499997994,3.0476190476190474
1209,18,57,1,1.75,0.05989583333333333,0.39999999999999997,3.2
1210,18,63,1,1.75,0.015625,0.39999999999999997,3.2
1211,18,62,1,1.75,0.0234375,0.39999999999999997,3.2
1212,18,58,1,1.75,0.049479166666666664,0.39999999999999997,3.2
1213,17,58,2,1.7142857142857142,0.05729166666666667,0.21295885499997994,3.0476190476190474
1214,17,59,3,1.7142857142857142,0.05989583333333333,0.21295885499997994,3.0476190476190474
1215,18,63,0,1.75,0.005208333333333333,0.39999999999999997,3.2
1216,17,57,3,1.7142857142857142,0.07552083333333333,0.21295885499997994,3.0476190476190474
1217,17,60,2,1.7142857142857142,0.04427083333333333,0.21295885499997994,3.0476190476190474
1218,17,61,0,1.7142857142857142,0.020833333333333332,0.21295885499997994,3.0476190476190474
1219,18,58,3,1.75,0.0625,0.39999999999999997,3.2
1220,19,62,0,1.7894736842105263,0.013020833333333332,0.4823763889427201,3.3684210526315788
1221,18,61,0,1.75,0.0234375,0.39999999999999997,3.2
1222,18,62,2,1.75,0.03125,0.39999999999999997,3.2
1223,19,58,0,1.7894736842105263,0.041666666666666664,0.4823763889427201,3.3684210526315788
1224,20,56,4,1.8333333333333333,0.08854166666666666,0.49690399499995325,3.5555555555555554
1225,19,61,2,1.736842105263158,0.0390625,0.4823763889427201,3.3684210526315788
1226,18,60,1,1.75,0.03645833333333333,0.39999999999999997,3.2
1227,18,59,2,1.75,0.049479166666666664,0.39999999999999997,3.2
1228,18,55,2,1.75,0.07291666666666666,0.39999999999999997,3.2
1229,18,63,0,1.75,0.0078125,0.39999999999999997,3.2
1230,18,58,3,1.75,0.06510416666666666,0.39999999999999997,3.2
1231,17,60,0,1.7142857142857142,0.0234375,0.21295885499997994,3.0476190476190474
1232,17,56,4,1.7142857142857142,0.09114583333333333,0.21295885499997994,3.0476190476190474
1233,19,58,1,1.7894736842105263,0.04947916666666666,0.4823763889427201,3.3684210526315788
1234,18,59,3,1.75,0.05989583333333333,0.39999999999999997,3.2
1235,17,61,2,1.7142857142857142,0.03645833333333333,0.21295885499997994,3.0476190476190474
1236,18,60,0,1.7,0.023437499999999997,0.39999999999999997,3.2
1237,18,58,2,1.75,0.057291666666666664,0.39999999999999997,3.2
1238,18,56,4,1.75,0.08333333333333333,0.39999999999999997,3.2
1239,18,61,1,1.75,0.026041666666666664,0.39999999999999997,3.2
1240,18,59,3,1.75,0.05989583333333333,0.39999999999999997,3.2
1241,18,59,2,1.75,0.05208333333333333,0.39999999999999997,3.2
1242,19,56,2,1.736842105263158,0.06613756613756613,0.5668594533825794,3.3157894736842106
1243,18,61,2,1.75,0.0390625,0.39999999999999997,3.2
1244,18,62,1,1.75,0.020833333333333332,0.39999999999999997,3.2
1245,17,59,2,1.7142857142857142,0.05208333333333333,0.21295885499997994,3.0476190476190474
1246,19,60,1,1.7894736842105263,0.033854166666666664,0.4823763889427201,3.3684210526315788
1247,18,60,1,1.75,0.03645833333333333,0.39999999999999997,3.2
1248,18,59,1,1.75,0.041666666666666664,0.39999999999999997,3.2
1249,18,59,2,1.75,0.046875,0.39999999999999997,3.2
1250,18,58,3,1.75,0.0703125,0.39999999999999997,3.2
1251,18,60,1,1.75,0.03645833333333333,0.39999999999999997,3.2
1252,19,58,3,1.7894736842105263,0.06770833333333333,0.4823763889427201,3.3684210526315788
1253,19,62,1,1.7894736842105263,0.020833333333333332,0.4823763889427201,3.3684210526315788
1254,19,56,2,1.7894736842105263,0.07291666666666666,0.48237638894272,3.3684210526315788
1255,18,60,2,1.75,0.04427083333333333,0.39999999999999997,3.2
1256,18,57,4,1.75,0.08072916666666667,0.39999999999999997,3.2
1257,19,61,0,1.7894736842105263,0.018229166666666664,0.4823763889427201,3.3684210526315788
1258,18,60,0,1.75,0.026041666666666664,0.39999999999999997,3.2
1259,17,57,3,1.7142857142857142,0.078125,0.21295885499997994,3.0476190476190474
1260,19,60,2,1.7894736842105263,0.046875,0.4823763889427201,3.3684210526315788
1261,18,61,0,1.75,0.018229166666666664,0.39999999999999997,3.2
1262,18,60,3,1.75,0.05208333333333333,0.39999999999999997,3.2
1263,17,59,1,1.7142857142857142,0.041666666666666664,0.21295885499997994,3.0476190476190474
1264,18,54,3,1.75,0.09895833333333333,0.39999999999999997,3.2
1265,18,59,0,1.75,0.03645833333333333,0.39999999999999997,3.2
1266,18,57,2,1.75,0.05989583333333333,0.39999999999999997,3.2
1267,18,60,3,1.75,0.0546875,0.39999999999999997,3.2
1268,18,60,3,1.75,0.05208333333333333,0.39999999999999997,3.2
1269,18,62,0,1.75,0.015625,0.39999999999999997,3.2
1270,17,58,2,1.7142857142857142,0.05989583333333333,0.21295885499997994,3.0476190476190474
1271,18,56,3,1.75,0.078125,0.39999999999999997,3.2
1272,18,63,1,1.75,0.015625,0.39999999999999997,3.2
1273,19,53,2,1.7894736842105263,0.08854166666666666,0.4823763889427201,3.3684210526315788
1274,17,62,0,1.7142857142857142,0.013020833333333332,0.21295885499997994,3.0476190476190474
1275,18,60,1,1.75,0.033854166666666664,0.39999999999999997,3.2
1276,18,59,0,1.75,0.0390625,0.39999999999999997,3.2
1277,18,57,4,1.75,0.08072916666666666,0.39999999999999997,3.2
1278,18,59,0,1.75,0.031249999999999997,0.39999999999999997,3.2
1279,17,60,3,1.6666666666666667,0.05208333333333333,0.21295885499997994,3.0476190476190474
1280,17,58,1,1.7142857142857142,0.04427083333333333,0.21295885499997994,3.0476190476190474
1281,19,57,2,1.7894736842105263,0.0625,0.4823763889427201,3.3684210526315788
1282,20,57,2,1.8333333333333333,0.06770833333333333,0.49690399499995325,3.5555555555555554
1283,18,62,0,1.75,0.013020833333333332,0.39999999999999997,3.2
1284,17,60,1,1.7142857142857142,0.033854166666666664,0.21295885499997994,3.0476190476190474
1285,17,61,3,1.7142857142857142,0.046875,0.21295885499997994,3.0476190476190474
1286,18,58,2,1.75,0.0546875,0.39999999999999997,3.2
1287,17,58,3,1.7142857142857142,0.0703125,0.21295885499997994,3.0476190476190474
1288,17,56,2,1.7142857142857142,0.07291666666666666,0.21295885499997994,3.0476190476190474
1289,18,57,6,1.75,0.1015625,0.39999999999999997,3.2
1290,17,56,2,1.7142857142857142,0.06770833333333334,0.21295885499997994,3.0476190476190474
1291,19,57,5,1.7894736842105263,0.08854166666666666,0.4823763889427201,3.3684210526315788
1292,19,59,0,1.7894736842105263,0.03645833333333333,0.48237638894272,3.3684210526315788
1293,18,61,1,1.75,0.028645833333333332,0.39999999999999997,3.2
1294,17,60,0,1.7142857142857142,0.020833333333333332,0.21295885499997994,3.0476190476190474
1295,18,61,2,1.75,0.0390625,0.39999999999999997,3.2
1296,17,61,0,1.7142857142857142,0.020833333333333332,0.21295885499997994,3.0476190476190474
1297,17,58,3,1.6666666666666667,0.06770833333333333,0.21295885499997994,3.0476190476190474
1298,18,61,0,1.75,0.015625,0.39999999999999997,3.2
1299,18,61,1,1.75,0.03125,0.39999999999999997,3.2
1300,18,56,4,1.75,0.09114583333333334,0.39999999999999997,3.2
1301,18,56,3,1.75,0.07552083333333333,0.39999999999999997,3.2
1302,18,61,1,1.75,0.028645833333333332,0.39999999999999997,3.2
1303,18,60,1,1.75,0.031249999999999997,0.39999999999999997,3.2
1304,17,60,1,1.7142857142857142,0.033854166666666664,0.21295885499997994,3.0476190476190474
1305,17,57,4,1.6666666666666667,0.07812500000000001,0.21295885499997994,3.0476190476190474
1306,18,61,1,1.75,0.028645833333333332,0.39999999999999997,3.2
1307,18,60,1,1.75,0.03645833333333333,0.39999999999999997,3.2
1308,18,62,1,1.75,0.0234375,0.39999999999999997,3.2
1309,18,60,1,1.75,0.033854166666666664,0.39999999999999997,3.2
1310,17,56,3,1.7142857142857142,0.08333333333333333,0.21295885499997994,3.0476190476190474
1311,19,55,4,1.7894736842105263,0.09635416666666666,0.4823763889427201,3.3684210526315788
1312,18,62,1,1.75,0.020833333333333332,0.39999999999999997,3.2
1313,18,58,0,1.75,0.036458333333333336,0.39999999999999997,3.2
1314,17,60,1,1.6666666666666667,0.03645833333333333,0.21295885499997994,3.0476190476190474
1315,18,59,1,1.75,0.04427083333333333,0.39999999999999997,3.2
1316,17,62,1,1.7142857142857142,0.020833333333333332,0.21295885499997994,3.0476190476190474
1317,18,60,1,1.75,0.033854166666666664,0.39999999999999997,3.2
1318,19,60,2,1.7894736842105263,0.041666666666666664,0.48237638894272,3.3684210526315788
1319,17,62,0,1.7142857142857142,0.015625,0.21295885499997994,3.0476190476190474
1320,19,58,3,1.7894736842105263,0.06510416666666666,0.4823763889427201,3.3684210526315788
1321,17,60,0,1.7142857142857142,0.0234375,0.21295885499997994,3.0476190476190474
1322,17,59,0,1.6666666666666667,0.026455026455026454,0.3086066999241838,3.0
1323,17,54,4,1.7142857142857142,0.09895833333333333,0.21295885499997994,3.0476190476190474
1324,18,58,1,1.7,0.047619047619047616,0.47696960070847283,3.15
1325,17,60,1,1.7142857142857142,0.03125,0.21295885499997994,3.0476190476190474
1326,18,60,0,1.75,0.026041666666666664,0.39999999999999997,3.2
1327,18,56,2,1.75,0.07031249999999999,0.39999999999999997,3.2
1328,18,59,2,1.75,0.049479166666666664,0.39999999999999997,3.2
1329,17,57,4,1.7142857142857142,0.08072916666666666,0.21295885499997994,3.0476190476190474
1330,18,61,0,1.75,0.015625,0.39999999999999997,3.2
1331,17,61,0,1.7142857142857142,0.018229166666666664,0.21295885499997994,3.0476190476190474
1332,18,59,2,1.75,0.05208333333333333,0.39999999999999997,3.2
1333,18,60,2,1.75,0.041666666666666664,0.39999999999999997,3.2
1334,17,58,2,1.7142857142857142,0.0546875,0.21295885499997994,3.0476190476190474
1335,19,59,1,1.7894736842105263,0.041666666666666664,0.4823763889427201,3.3684210526315788
1336,18,60,2,1.75,0.046875,0.39999999999999997,3.2
1337,18,62,0,1.75,0.013020833333333332,0.39999999999999997,3.2
1338,18,60,2,1.75,0.04427083333333333,0.39999999999999997,3.2
1339,18,60,0,1.75,0.0234375,0.39999999999999997,3.2
1340,17,61,1,1.7142857142857142,0.028645833333333332,0.21295885499997994,3.0476190476190474
1341,17,57,3,1.7142857142857142,0.07291666666666667,0.21295885499997994,3.0476190476190474
1342,17,61,1,1.7142857142857142,0.026041666666666664,0.21295885499997994,3.0476190476190474
1343,18,59,1,1.75,0.041666666666666664,0.39999999999999997,3.2
1344,18,59,2,1.75,0.046875,0.39999999999999997,3.2
1345,18,59,1,1.7,0.037037037037037035,0.47696960070847283,3.15
1346,17,61,2,1.7142857142857142,0.03645833333333333,0.21295885499997994,3.0476190476190474
1347,18,59,3,1.75,0.05989583333333333,0.39999999999999997,3.2
1348,17,63,1,1.7142857142857142,0.015625,0.21295885499997994,3.0476190476190474
1349,18,57,3,1.75,0.0703125,0.39999999999999997,3.2
1350,18,61,2,1.75,0.0390625,0.39999999999999997,3.2
1351,19,60,0,1.7894736842105263,0.023437499999999997,0.4823763889427201,3.3684210526315788
1352,17,57,3,1.7142857142857142,0.07552083333333333,0.21295885499997994,3.0476190476190474
1353,17,61,1,1.7142857142857142,0.026041666666666664,0.21295885499997994,3.0476190476190474
1354,19,61,0,1.7894736842105263,0.015625,0.4823763889427201,3.3684210526315788
1355,17,59,2,1.7142857142857142,0.049479166666666664,0.21295885499997994,3.0476190476190474
1356,19,60,2,1.7894736842105263,0.041666666666666664,0.4823763889427201,3.3684210526315788
1357,17,58,1,1.7142857142857142,0.046875,0.21295885499997994,3.0476190476190474
1358,19,60,1,1.7894736842105263,0.03645833333333333,0.4823763889427201,3.3684210526315788
1359,18,59,1,1.75,0.04427083333333333,0.39999999999999997,3.2
1360,17,54,3,1.7142857142857142,0.09635416666666666,0.21295885499997994,3.0476190476190474
1361,17,59,2,1.7142857142857142,0.05208333333333333,0.21295885499997994,3.0476190476190474
1362,18,56,2,1.75,0.0703125,0.39999999999999997,3.2
1363,18,58,5,1.75,0.08333333333333334,0.39999999999999997,3.2
1364,18,60,2,1.75,0.046875,0.39999999999999997,3.2
1365,18,59,1,1.75,0.0390625,0.39999999999999997,3.2
1366,17,58,0,1.7142857142857142,0.041666666666666664,0.21295885499997994,3.0476190476190474
1367,18,62,0,1.75,0.015625,0.39999999999999997,3.2
1368,20,59,1,1.8333333333333333,0.04427083333333333,0.49690399499995325,3.5555555555555554
1369,17,54,4,1.6666666666666667,0.10052910052910052,0.3086066999241838,3.0
1370,19,58,3,1.7894736842105263,0.06510416666666666,0.4823763889427201,3.3684210526315788
1371,18,59,3,1.7,0.057291666666666664,0.39999999999999997,3.2
1372,19,59,2,1.7894736842105263,0.0546875,0.48237638894272,3.3684210526315788
1373,17,61,2,1.7142857142857142,0.0390625,0.21295885499997996,3.0476190476190474
1374,18,60,1,1.75,0.033854166666666664,0.39999999999999997,3.2
1375,18,58,0,1.7,0.031746031746031744,0.47696960070847283,3.15
1376,18,53,4,1.75,0.1015625,0.39999999999999997,3.2
1377,19,60,3,1.7894736842105263,0.0546875,0.4823763889427201,3.3684210526315788
1378,17,62,2,1.7142857142857142,0.03125,0.21295885499997994,3.0476190476190474
1379,17,57,3,1.7142857142857142,0.07291666666666666,0.21295885499997994,3.0476190476190474
1380,19,62,0,1.7894736842105263,0.010416666666666666,0.4823763889427201,3.3684210526315788
1381,17,55,3,1.7142857142857142,0.08854166666666666,0.21295885499997994,3.0476190476190474
1382,17,61,1,1.7142857142857142,0.028645833333333332,0.21295885499997994,3.0476190476190474
1383,17,57,3,1.6666666666666667,0.07291666666666666,0.21295885499997994,3.0476190476190474
1384,18,59,4,1.75,0.06770833333333334,0.39999999999999997,3.2
1385,19,58,1,1.7894736842105263,0.049479166666666664,0.4823763889427201,3.3684210526315788
1386,18,58,2,1.75,0.05989583333333333,0.39999999999999997,3.2
1387,17,59,1,1.7142857142857142,0.041666666666666664,0.21295885499997994,3.0476190476190474
1388,18,57,3,1.75,0.07552083333333333,0.39999999999999997,3.2
1389,18,59,3,1.75,0.05989583333333333,0.39999999999999997,3.2
1390,19,59,1,1.7894736842105263,0.041666666666666664,0.4823763889427201,3.3684210526315788
1391,18,57,2,1.75,0.06770833333333333,0.39999999999999997,3.2
1392,18,57,2,1.75,0.0625,0.39999999999999997,3.2
1393,17,59,2,1.7142857142857142,0.049479166666666664,0.21295885499997994,3.0476190476190474
1394,19,57,5,1.7894736842105263,0.09375,0.4823763889427201,3.3684210526315788
1395,17,56,1,1.7142857142857142,0.0625,0.21295885499997994,3.0476190476190474
1396,17,58,3,1.6666666666666667,0.0703125,0.21295885499997994,3.0476190476190474
1397,17,58,0,1.7142857142857142,0.041666666666666664,0.21295885499997994,3.0476190476190474
1398,18,59,2,1.75,0.0546875,0.39999999999999997,3.2
1399,18,58,3,1.75,0.06770833333333333,0.39999999999999997,3.2
1400,17,57,3,1.7142857142857142,0.0703125,0.21295885499997994,3.0476190476190474
1401,18,61,1,1.75,0.03125,0.39999999999999997,3.2
1402,17,58,2,1.7142857142857142,0.05989583333333333,0.21295885499997994,3.0476190476190474
1403,18,59,0,1.75,0.033854166666666664,0.39999999999999997,3.2
1404,17,61,2,1.7142857142857142,0.0390625,0.21295885499997994,3.0476190476190474
1405,18,63,0,1.75,0.0078125,0.39999999999999997,3.2
1406,17,56,4,1.7142857142857142,0.09375,0.21295885499997994,3.0476190476190474
1407,19,60,3,1.7894736842105263,0.05208333333333333,0.4823763889427201,3.3684210526315788
1408,18,60,0,1.75,0.026041666666666664,0.39999999999999997,3.2
1409,17,58,3,1.7142857142857142,0.06510416666666666,0.21295885499997994,3.0476190476190474
1410,17,57,3,1.7142857142857142,0.078125,0.21295885499997994,3.0476190476190474
1411,18,62,1,1.75,0.0234375,0.39999999999999997,3.2
1412,19,59,2,1.7894736842105263,0.05208333333333333,0.4823763889427201,3.3684210526315788
1413,17,62,1,1.7142857142857142,0.0234375,0.21295885499997994,3.0476190476190474
1414,19,58,1,1.7894736842105263,0.04427083333333333,0.4823763889427201,3.3684210526315788
1415,18,60,1,1.75,0.033854166666666664,0.39999999999999997,3.2
1416,17,58,2,1.619047619047619,0.0546875,0.21295885499997994,3.0476190476190474
1417,18,60,0,1.75,0.026041666666666664,0.39999999999999997,3.2
1418,17,62,2,1.7142857142857142,0.03125,0.21295885499997994,3.0476190476190474
1419,18,58,2,1.7,0.05989583333333333,0.39999999999999997,3.2
1420,17,58,3,1.7142857142857142,0.06510416666666666,0.21295885499997994,3.0476190476190474
1421,18,59,4,1.75,0.06770833333333334,0.39999999999999997,3.2
1422,18,58,4,1.75,0.07552083333333334,0.39999999999999997,3.2
1423,17,59,2,1.7142857142857142,0.049479166666666664,0.21295885499997994,3.0476190476190474
1424,18,62,0,1.75,0.013020833333333332,0.39999999999999997,3.2
1425,17,54,5,1.7142857142857142,0.11197916666666666,0.21295885499997994,3.0476190476190474
1426,17,62,0,1.7142857142857142,0.010416666666666666,0.21295885499997994,3.0476190476190474
1427,19,60,1,1.7894736842105263,0.03125,0.4823763889427201,3.3684210526315788
1428,19,61,0,1.7894736842105263,0.018229166666666664,0.48237638894272,3.3684210526315788
1429,18,62,1,1.75,0.020833333333333332,0.39999999999999997,3.2
1430,18,60,3,1.75,0.0546875,0.39999999999999997,3.2
1431,18,61,2,1.75,0.03645833333333333,0.39999999999999997,3.2
1432,19,57,1,1.7894736842105263,0.049479166666666664,0.4823763889427201,3.3684210526315788
1433,18,60,0,1.7,0.021164021164021163,0.47696960070847283,3.15
1434,17,59,1,1.7142857142857142,0.03645833333333333,0.21295885499997994,3.0476190476190474
1435,18,57,3,1.75,0.06770833333333333,0.39999999999999997,3.2
1436,17,60,0,1.7142857142857142,0.028645833333333332,0.21295885499997994,3.0476190476190474
1437,18,57,2,1.75,0.0625,0.39999999999999997,3.2
1438,18,61,2,1.75,0.0390625,0.39999999999999997,3.2
1439,18,55,1,1.75,0.06510416666666666,0.39999999999999997,3.2
1440,18,62,0,1.75,0.013020833333333332,0.39999999999999997,3.2
1441,17,58,1,1.7142857142857142,0.046875,0.21295885499997994,3.0476190476190474
1442,19,61,1,1.736842105263158,0.026041666666666664,0.4823763889427201,3.3684210526315788
1443,18,58,2,1.75,0.057291666666666664,0.39999999999999997,3.2
1444,17,59,1,1.7142857142857142,0.041666666666666664,0.21295885499997994,3.0476190476190474
1445,17,61,0,1.7142857142857142,0.018229166666666664,0.21295885499997994,3.0476190476190474
1446,18,60,1,1.75,0.033854166666666664,0.39999999999999997,3.2
1447,17,57,4,1.7142857142857142,0.08072916666666666,0.21295885499997994,3.0476190476190474
1448,18,59,2,1.75,0.049479166666666664,0.39999999999999997,3.2
1449,19,59,5,1.7894736842105263,0.078125,0.4823763889427201,3.3684210526315788
1450,18,58,1,1.7,0.05208333333333333,0.39999999999999997,3.2
1451,18,60,1,1.75,0.033854166666666664,0.39999999999999997,3.2
1452,19,58,2,1.7894736842105263,0.05208333333333333,0.4823763889427201,3.3684210526315788
1453,18,59,1,1.75,0.0390625,0.39999999999999997,3.2
1454,18,60,4,1.75,0.0625,0.39999999999999997,3.2
1455,19,60,3,1.7894736842105263,0.0546875,0.48237638894272,3.3684210526315788
1456,18,59,1,1.75,0.04427083333333333,0.39999999999999997,3.2
1457,18,60,0,1.75,0.026041666666666664,0.39999999999999997,3.2
1458,18,58,5,1.7,0.08333333333333334,0.39999999999999997,3.2
1459,18,60,0,1.75,0.026041666666666664,0.39999999999999997,3.2
1460,19,53,4,1.736842105263158,0.10677083333333334,0.48237638894272,3.3684210526315788
1461,18,60,2,1.75,0.04427083333333333,0.39999999999999997,3.2
1462,19,54,3,1.736842105263158,0.08994708994708994,0.5668594533825794,3.3157894736842106
1463,19,61,0,1.7894736842105263,0.020833333333333332,0.4823763889427201,3.3684210526315788
1464,17,60,0,1.619047619047619,0.026041666666666664,0.21295885499997994,3.0476190476190474
1465,18,61,1,1.75,0.028645833333333332,0.39999999999999997,3.2
1466,17,61,0,1.7142857142857142,0.018229166666666664,0.21295885499997994,3.0476190476190474
1467,18,57,5,1.75,0.09114583333333333,0.39999999999999997,3.2
1468,18,55,5,1.75,0.10416666666666666,0.39999999999999997,3.2
1469,17,60,1,1.7142857142857142,0.033854166666666664,0.21295885499997994,3.0476190476190474
1470,17,59,0,1.7142857142857142,0.02864583333333333,0.21295885499997994,3.0476190476190474
1471,18,64,0,1.75,0.0,0.39999999999999997,3.2
1472,19,61,1,1.7894736842105263,0.03125,0.48237638894272,3.3684210526315788
1473,18,62,0,1.75,0.015625,0.39999999999999997,3.2
1474,18,61,1,1.75,0.026041666666666664,0.39999999999999997,3.2
1475,18,58,1,1.75,0.046875,0.39999999999999997,3.2
1476,17,61,1,1.7142857142857142,0.03125,0.21295885499997994,3.0476190476190474
1477,18,56,5,1.75,0.1015625,0.39999999999999997,3.2
1478,18,59,2,1.75,0.049479166666666664,0.39999999999999997,3.2
1479,18,56,5,1.75,0.09635416666666666,0.39999999999999997,3.2
1480,19,58,0,1.7894736842105263,0.041666666666666664,0.48237638894272,3.3684210526315788
1481,18,56,4,1.75,0.08854166666666666,0.39999999999999997,3.2
1482,18,61,1,1.75,0.026041666666666664,0.39999999999999997,3.2
1483,18,60,1,1.75,0.0390625,0.39999999999999997,3.2
1484,18,58,2,1.75,0.057291666666666664,0.39999999999999997,3.2
1485,17,57,2,1.6666666666666667,0.06770833333333333,0.21295885499997994,3.0476190476190474
1486,18,60,1,1.75,0.033854166666666664,0.39999999999999997,3.2
1487,18,60,1,1.75,0.033854166666666664,0.39999999999999997,3.2
1488,18,56,3,1.75,0.078125,0.39999999999999997,3.2
1489,18,62,1,1.75,0.0234375,0.39999999999999997,3.2
1490,18,60,1,1.75,0.03645833333333333,0.39999999999999997,3.2
1491,18,60,2,1.75,0.046875,0.39999999999999997,3.2
1492,18,56,1,1.75,0.0625,0.39999999999999997,3.2
1493,17,58,3,1.7142857142857142,0.06510416666666666,0.21295885499997994,3.0476190476190474
1494,19,57,2,1.7894736842105263,0.06510416666666666,0.4823763889427201,3.3684210526315788
1495,17,60,3,1.7142857142857142,0.0546875,0.21295885499997994,3.0476190476190474
1496,18,58,2,1.7,0.05989583333333333,0.39999999999999997,3.2
1497,17,59,2,1.7142857142857142,0.05208333333333333,0.21295885499997994,3.0476190476190474
1498,18,57,1,1.75,0.0546875,0.39999999999999997,3.2
1499,17,55,1,1.7142857142857142,0.07291666666666667,0.21295885499997994,3.0476190476190474
1500,18,54,6,1.75,0.125,0.39999999999999997,3.2
1501,18,60,0,1.75,0.023437499999999997,0.39999999999999997,3.2
1502,17,61,1,1.6666666666666667,0.026041666666666664,0.21295885499997994,3.0476190476190474
1503,18,58,2,1.7,0.05989583333333333,0.39999999999999997,3.2
1504,18,60,1,1.75,0.03645833333333333,0.39999999999999997,3.2
1505,17,60,1,1.7142857142857142,0.033854166666666664,0.21295885499997994,3.0476190476190474
1506,18,62,1,1.75,0.020833333333333332,0.39999999999999997,3.2
1507,17,54,3,1.7142857142857142,0.08854166666666666,0.21295885499997994,3.0476190476190474
1508,17,54,1,1.7142857142857142,0.07552083333333333,0.21295885499997994,3.0476190476190474
1509,17,57,5,1.7142857142857142,0.09114583333333333,0.21295885499997994,3.0476190476190474
1510,18,57,2,1.75,0.06510416666666666,0.39999999999999997,3.2
1511,17,56,3,1.6666666666666667,0.07142857142857142,0.3086066999241838,3.0
1512,18,58,1,1.75,0.049479166666666664,0.39999999999999997,3.2
1513,17,63,0,1.7142857142857142,0.005208333333333333,0.21295885499997994,3.0476190476190474
1514,17,58,4,1.6666666666666667,0.07291666666666666,0.21295885499997994,3.0476190476190474
1515,18,60,0,1.75,0.028645833333333332,0.39999999999999997,3.2
1516,19,61,1,1.7894736842105263,0.028645833333333332,0.4823763889427201,3.3684210526315788
1517,18,57,1,1.75,0.057291666666666664,0.39999999999999997,3.2
1518,19,58,0,1.7894736842105263,0.0390625,0.4823763889427201,3.3684210526315788
1519,17,62,1,1.7142857142857142,0.0234375,0.21295885499997994,3.0476190476190474
1520,19,58,2,1.7894736842105263,0.05729166666666666,0.48237638894272,3.3684210526315788
1521,18,59,2,1.75,0.049479166666666664,0.39999999999999997,3.2
1522,19,61,1,1.7894736842105263,0.028645833333333332,0.4823763889427201,3.3684210526315788
1523,17,59,1,1.7142857142857142,0.041666666666666664,0.21295885499997994,3.0476190476190474
1524,18,57,0,1.75,0.046875,0.39999999999999997,3.2
1525,18,59,1,1.75,0.041666666666666664,0.39999999999999997,3.2
1526,18,56,6,1.75,0.109375,0.39999999999999997,3.2
1527,19,59,0,1.7894736842105263,0.033854166666666664,0.4823763889427201,3.3684210526315788
1528,18,57,4,1.75,0.08072916666666666,0.39999999999999997,3.2
1529,18,58,5,1.75,0.08333333333333334,0.39999999999999997,3.2
1530,17,57,1,1.7142857142857142,0.049479166666666664,0.21295885499997994,3.0476190476190474
1531,18,61,2,1.75,0.0390625,0.39999999999999997,3.2
1532,17,58,5,1.7142857142857142,0.0859375,0.21295885499997994,3.0476190476190474
1533,18,61,0,1.75,0.015625,0.39999999999999997,3.2
1534,18,57,2,1.75,0.06770833333333333,0.39999999999999997,3.2
1535,17,57,3,1.7142857142857142,0.07291666666666666,0.21295885499997994,3.0476190476190474
1536,18,61,1,1.75,0.03125,0.39999999999999997,3.2
1537,17,57,2,1.7142857142857142,0.06770833333333333,0.21295885499997994,3.0476190476190474
1538,19,57,0,1.7894736842105263,0.046875,0.4823763889427201,3.3684210526315788
1539,18,60,1,1.75,0.033854166666666664,0.39999999999999997,3.2
1540,18,57,4,1.75,0.078125,0.39999999999999997,3.2
1541,17,56,0,1.7142857142857142,0.05208333333333333,0.21295885499997994,3.0476190476190474
1542,19,58,3,1.7894736842105263,0.06510416666666666,0.48237638894272,3.3684210526315788
1543,17,61,1,1.7142857142857142,0.03125,0.21295885499997994,3.0476190476190474
1544,18,60,3,1.75,0.05208333333333333,0.39999999999999997,3.2
1545,18,60,4,1.75,0.0625,0.39999999999999997,3.2
1546,18,61,0,1.75,0.018229166666666664,0.39999999999999997,3.2
1547,18,59,2,1.75,0.052083333333333336,0.39999999999999997,3.2
1548,19,60,3,1.7894736842105263,0.05208333333333333,0.48237638894272,3.3684210526315788
1549,18,61,0,1.7,0.0234375,0.39999999999999997,3.2
1550,18,57,2,1.75,0.0625,0.39999999999999997,3.2
1551,19,56,5,1.7894736842105263,0.09895833333333334,0.4823763889427201,3.3684210526315788
1552,19,62,1,1.7894736842105263,0.020833333333333332,0.48237638894272,3.3684210526315788
1553,18,61,2,1.75,0.0390625,0.39999999999999997,3.2
1554,18,57,5,1.75,0.08854166666666667,0.39999999999999997,3.2
1555,18,60,0,1.75,0.026041666666666664,0.39999999999999997,3.2
1556,18,61,1,1.75,0.03125,0.39999999999999997,3.2
1557,17,60,2,1.7142857142857142,0.044270833333333336,0.21295885499997994,3.0476190476190474
1558,17,58,3,1.7142857142857142,0.0703125,0.21295885499997994,3.0476190476190474
1559,17,61,2,1.7142857142857142,0.03645833333333333,0.21295885499997994,3.0476190476190474
1560,18,58,3,1.75,0.06510416666666666,0.39999999999999997,3.2
1561,18,59,2,1.7,0.047619047619047616,0.47696960070847283,3.15
1562,19,60,1,1.7894736842105263,0.03645833333333333,0.4823763889427201,3.3684210526315788
1563,17,62,0,1.7142857142857142,0.013020833333333332,0.21295885499997996,3.0476190476190474
1564,18,60,2,1.75,0.044270833333333336,0.39999999999999997,3.2
1565,18,61,1,1.75,0.026041666666666664,0.39999999999999997,3.2
1566,19,62,0,1.7894736842105263,0.010416666666666666,0.4823763889427201,3.3684210526315788
1567,17,60,2,1.7142857142857142,0.046875,0.21295885499997994,3.0476190476190474
1568,17,59,2,1.7142857142857142,0.049479166666666664,0.21295885499997994,3.0476190476190474
1569,19,58,1,1.7894736842105263,0.049479166666666664,0.4823763889427201,3.3684210526315788
1570,18,60,0,1.7,0.028645833333333332,0.39999999999999997,3.2
1571,19,62,0,1.7894736842105263,0.013020833333333332,0.4823763889427201,3.3684210526315788
1572,17,61,0,1.7142857142857142,0.018229166666666664,0.21295885499997994,3.0476190476190474
1573,17,59,1,1.6666666666666667,0.041666666666666664,0.21295885499997994,3.0476190476190474
1574,18,55,3,1.75,0.08593749999999999,0.39999999999999997,3.2
1575,17,62,0,1.7142857142857142,0.010416666666666666,0.21295885499997994,3.0476190476190474
1576,19,58,3,1.7894736842105263,0.0625,0.4823763889427201,3.3684210526315788
1577,18,61,0,1.75,0.015625,0.39999999999999997,3.2
1578,17,60,1,1.7142857142857142,0.03645833333333333,0.21295885499997994,3.0476190476190474
1579,18,60,0,1.75,0.026041666666666664,0.39999999999999997,3.2
1580,17,56,1,1.7142857142857142,0.0625,0.21295885499997994,3.0476190476190474
1581,17,57,2,1.7142857142857142,0.0625,0.21295885499997994,3.0476190476190474
1582,19,55,4,1.7894736842105263,0.09635416666666667,0.48237638894272,3.3684210526315788
1583,17,62,2,1.7142857142857142,0.03125,0.21295885499997994,3.0476190476190474
1584,18,59,1,1.75,0.044270833333333336,0.39999999999999997,3.2
1585,18,59,1,1.75,0.041666666666666664,0.39999999999999997,3.2
1586,18,60,1,1.75,0.033854166666666664,0.39999999999999997,3.2
1587,19,60,1,1.7894736842105263,0.036458333333333336,0.4823763889427201,3.3684210526315788
1588,19,59,1,1.7894736842105263,0.0390625,0.48237638894272,3.3684210526315788
1589,19,61,0,1.7894736842105263,0.018229166666666664,0.48237638894272,3.3684210526315788
1590,17,61,0,1.7142857142857142,0.018229166666666664,0.21295885499997994,3.0476190476190474
1591,17,60,1,1.7142857142857142,0.033854166666666664,0.21295885499997994,3.0476190476190474
1592,18,59,3,1.75,0.05989583333333333,0.39999999999999997,3.2
1593,19,59,2,1.7894736842105263,0.046875,0.4823763889427201,3.3684210526315788
1594,18,58,2,1.75,0.05989583333333333,0.39999999999999997,3.2
1595,18,56,4,1.75,0.09114583333333334,0.39999999999999997,3.2
1596,18,58,2,1.75,0.05989583333333333,0.39999999999999997,3.2
1597,18,61,1,1.75,0.028645833333333332,0.39999999999999997,3.2
1598,19,56,3,1.7894736842105263,0.08072916666666666,0.48237638894272,3.3684210526315788
1599,18,60,0,1.75,0.026041666666666664,0.39999999999999997,3.2
1600,19,60,2,1.7894736842105263,0.041666666666666664,0.4823763889427201,3.3684210526315788
1601,19,60,2,1.7894736842105263,0.04427083333333333,0.48237638894272,3.3684210526315788
1602,18,56,4,1.75,0.09114583333333333,0.39999999999999997,3.2
1603,17,60,1,1.7142857142857142,0.03645833333333333,0.21295885499997994,3.0476190476190474
1604,18,58,2,1.75,0.057291666666666664,0.39999999999999997,3.2
1605,17,61,0,1.7142857142857142,0.020833333333333332,0.21295885499997994,3.0476190476190474
1606,17,58,4,1.7142857142857142,0.07291666666666666,0.21295885499997994,3.0476190476190474
1607,19,61,1,1.7894736842105263,0.03125,0.4823763889427201,3.3684210526315788
1608,18,60,1,1.75,0.0390625,0.39999999999999997,3.2
1609,18,61,0,1.75,0.018229166666666664,0.39999999999999997,3.2
1610,18,57,2,1.75,0.06770833333333333,0.39999999999999997,3.2
1611,18,59,3,1.75,0.05989583333333333,0.39999999999999997,3.2
1612,19,59,2,1.7894736842105263,0.049479166666666664,0.4823763889427201,3.3684210526315788
1613,17,55,3,1.7142857142857142,0.08072916666666666,0.21295885499997994,3.0476190476190474
1614,18,61,1,1.75,0.028645833333333332,0.39999999999999997,3.2
1615,17,62,0,1.7142857142857142,0.015625,0.21295885499997994,3.0476190476190474
1616,18,59,2,1.75,0.049479166666666664,0.39999999999999997,3.2
1617,18,59,1,1.75,0.041666666666666664,0.39999999999999997,3.2
1618,19,56,3,1.7894736842105263,0.08333333333333333,0.4823763889427201,3.3684210526315788
1619,18,59,3,1.75,0.05729166666666666,0.39999999999999997,3.2
1620,18,60,1,1.7,0.033854166666666664,0.39999999999999997,3.2
1621,17,58,2,1.7142857142857142,0.0546875,0.21295885499997994,3.0476190476190474
1622,18,58,2,1.75,0.05989583333333333,0.39999999999999997,3.2
1623,18,62,0,1.7,0.015625,0.39999999999999997,3.2
1624,17,60,1,1.7142857142857142,0.031249999999999997,0.21295885499997994,3.0476190476190474
1625,19,58,1,1.736842105263158,0.047619047619047616,0.5668594533825794,3.3157894736842106
1626,19,59,0,1.7894736842105263,0.033854166666666664,0.4823763889427201,3.3684210526315788
1627,18,62,1,1.75,0.0234375,0.39999999999999997,3.2
1628,17,56,3,1.7142857142857142,0.08333333333333333,0.21295885499997994,3.0476190476190474
1629,19,58,3,1.7894736842105263,0.06770833333333333,0.4823763889427201,3.3684210526315788
1630,18,58,2,1.75,0.0546875,0.39999999999999997,3.2
1631,18,57,4,1.75,0.078125,0.39999999999999997,3.2
1632,18,59,1,1.75,0.0390625,0.39999999999999997,3.2
1633,19,58,3,1.7894736842105263,0.06770833333333333,0.4823763889427201,3.3684210526315788
1634,18,62,0,1.75,0.013020833333333332,0.39999999999999997,3.2
1635,18,62,0,1.75,0.013020833333333332,0.39999999999999997,3.2
1636,17,60,2,1.7142857142857142,0.046875,0.21295885499997994,3.0476190476190474
1637,18,63,0,1.75,0.005208333333333333,0.39999999999999997,3.2
1638,17,59,3,1.7142857142857142,0.05729166666666667,0.21295885499997994,3.0476190476190474
1639,17,57,4,1.7142857142857142,0.08072916666666666,0.21295885499997994,3.0476190476190474
1640,18,59,1,1.75,0.041666666666666664,0.39999999999999997,3.2
1641,18,60,0,1.75,0.023437499999999997,0.39999999999999997,3.2
1642,17,54,2,1.7142857142857142,0.08333333333333333,0.21295885499997994,3.0476190476190474
1643,17,55,2,1.7142857142857142,0.078125,0.21295885499997994,3.0476190476190474
1644,18,54,3,1.75,0.09374999999999999,0.39999999999999997,3.2
1645,18,60,1,1.75,0.033854166666666664,0.39999999999999997,3.2
1646,17,59,3,1.7142857142857142,0.0625,0.21295885499997994,3.0476190476190474
1647,18,60,4,1.75,0.0625,0.39999999999999997,3.2
1648,19,57,2,1.736842105263158,0.06249999999999999,0.4823763889427201,3.3684210526315788
1649,17,58,2,1.6666666666666667,0.05989583333333333,0.21295885499997994,3.0476190476190474
1650,18,59,2,1.75,0.049479166666666664,0.39999999999999997,3.2
1651,17,52,3,1.7142857142857142,0.10677083333333333,0.21295885499997994,3.0476190476190474
1652,17,58,2,1.7142857142857142,0.05729166666666666,0.21295885499997994,3.0476190476190474
1653,18,59,1,1.75,0.041666666666666664,0.39999999999999997,3.2
1654,18,58,2,1.75,0.05989583333333333,0.39999999999999997,3.2
1655,17,55,1,1.7142857142857142,0.07031249999999999,0.21295885499997994,3.0476190476190474
1656,18,62,0,1.75,0.015625,0.39999999999999997,3.2
1657,18,57,1,1.75,0.057291666666666664,0.39999999999999997,3.2
1658,17,60,4,1.7142857142857142,0.0625,0.21295885499997994,3.0476190476190474
1659,18,59,1,1.75,0.041666666666666664,0.39999999999999997,3.2
1660,17,59,3,1.7142857142857142,0.05989583333333333,0.21295885499997994,3.0476190476190474
1661,19,61,0,1.7894736842105263,0.020833333333333332,0.4823763889427201,3.3684210526315788
1662,19,62,1,1.7894736842105263,0.0234375,0.4823763889427201,3.3684210526315788
1663,18,63,0,1.75,0.005208333333333333,0.39999999999999997,3.2
1664,18,62,0,1.75,0.015625,0.39999999999999997,3.2
1665,18,57,3,1.75,0.0703125,0.39999999999999997,3.2
1666,18,57,2,1.75,0.06510416666666666,0.39999999999999997,3.2
1667,18,54,2,1.75,0.078125,0.39999999999999997,3.2
1668,17,57,2,1.7142857142857142,0.06249999999999999,0.21295885499997994,3.0476190476190474
1669,18,57,3,1.75,0.07552083333333333,0.39999999999999997,3.2
1670,17,59,2,1.7142857142857142,0.049479166666666664,0.21295885499997994,3.0476190476190474
1671,19,58,2,1.7894736842105263,0.0546875,0.4823763889427201,3.3684210526315788
1672,18,58,1,1.75,0.046875,0.39999999999999997,3.2
1673,18,57,1,1.75,0.0546875,0.39999999999999997,3.2
1674,17,57,2,1.7142857142857142,0.06510416666666666,0.21295885499997994,3.0476190476190474
1675,19,56,1,1.7894736842105263,0.0625,0.4823763889427201,3.3684210526315788
1676,17,56,2,1.7142857142857142,0.06510416666666666,0.21295885499997994,3.0476190476190474
1677,18,60,0,1.75,0.028645833333333332,0.39999999999999997,3.2
1678,18,58,1,1.75,0.04427083333333333,0.39999999999999997,3.2
1679,19,61,1,1.7894736842105263,0.03125,0.4823763889427201,3.3684210526315788
1680,18,57,4,1.75,0.08333333333333333,0.39999999999999997,3.2
1681,17,60,1,1.7142857142857142,0.036458333333333336,0.21295885499997994,3.0476190476190474
1682,17,60,1,1.7142857142857142,0.033854166666666664,0.21295885499997994,3.0476190476190474
1683,18,56,4,1.7,0.08854166666666666,0.39999999999999997,3.2
1684,18,59,2,1.75,0.0546875,0.39999999999999997,3.2
1685,18,62,1,1.75,0.0234375,0.39999999999999997,3.2
1686,17,58,3,1.7142857142857142,0.06510416666666666,0.21295885499997994,3.0476190476190474
1687,17,57,3,1.7142857142857142,0.07552083333333333,0.21295885499997994,3.0476190476190474
1688,17,63,0,1.7142857142857142,0.005208333333333333,0.21295885499997994,3.0476190476190474
1689,17,56,1,1.7142857142857142,0.05989583333333333,0.21295885499997994,3.0476190476190474
1690,18,55,6,1.7,0.11458333333333333,0.39999999999999997,3.2
1691,18,62,0,1.75,0.013020833333333332,0.39999999999999997,3.2
1692,17,59,0,1.7142857142857142,0.03645833333333333,0.21295885499997994,3.0476190476190474
1693,17,61,1,1.7142857142857142,0.028645833333333332,0.21295885499997994,3.0476190476190474
1694,18,58,3,1.75,0.06510416666666666,0.39999999999999997,3.2
1695,19,58,4,1.7894736842105263,0.07552083333333334,0.4823763889427201,3.3684210526315788
1696,18,59,2,1.75,0.046875,0.39999999999999997,3.2
1697,17,61,2,1.7142857142857142,0.0390625,0.21295885499997994,3.0476190476190474
1698,18,61,1,1.75,0.028645833333333332,0.39999999999999997,3.2
1699,18,55,1,1.75,0.0703125,0.39999999999999997,3.2
1700,19,59,4,1.736842105263158,0.06770833333333333,0.4823763889427201,3.3684210526315788
1701,18,56,2,1.7,0.07291666666666666,0.39999999999999997,3.2
1702,17,55,2,1.6666666666666667,0.07291666666666666,0.21295885499997994,3.0476190476190474
1703,17,61,2,1.7142857142857142,0.0390625,0.21295885499997994,3.0476190476190474
1704,18,57,3,1.75,0.07291666666666667,0.39999999999999997,3.2
1705,18,57,1,1.75,0.05208333333333333,0.39999999999999997,3.2
1706,18,56,3,1.75,0.08333333333333333,0.39999999999999997,3.2
1707,18,61,1,1.75,0.03125,0.39999999999999997,3.2
1708,17,58,5,1.7142857142857142,0.08333333333333334,0.21295885499997994,3.0476190476190474
1709,19,61,1,1.7894736842105263,0.028645833333333332,0.48237638894272,3.3684210526315788
1710,19,58,2,1.7894736842105263,0.05989583333333333,0.4823763889427201,3.3684210526315788
1711,19,59,2,1.7894736842105263,0.0546875,0.4823763889427201,3.3684210526315788
1712,19,60,1,1.736842105263158,0.033854166666666664,0.4823763889427201,3.3684210526315788
1713,17,58,1,1.7142857142857142,0.046875,0.21295885499997994,3.0476190476190474
1714,18,61,1,1.7,0.026041666666666664,0.39999999999999997,3.2
1715,18,58,4,1.7,0.07142857142857142,0.47696960070847283,3.15
1716,18,59,1,1.75,0.03645833333333333,0.39999999999999997,3.2
1717,18,58,2,1.75,0.05989583333333333,0.39999999999999997,3.2
1718,18,59,2,1.75,0.049479166666666664,0.39999999999999997,3.2
1719,18,56,3,1.75,0.08072916666666666,0.39999999999999997,3.2
1720,17,58,1,1.7142857142857142,0.046875,0.21295885499997994,3.0476190476190474
1721,18,60,2,1.75,0.041666666666666664,0.39999999999999997,3.2
1722,18,59,2,1.75,0.046875,0.39999999999999997,3.2
1723,17,56,4,1.7142857142857142,0.09114583333333333,0.21295885499997994,3.0476190476190474
1724,18,60,1,1.75,0.03645833333333333,0.39999999999999997,3.2
1725,18,60,2,1.75,0.046875,0.39999999999999997,3.2
1726,18,58,4,1.75,0.078125,0.39999999999999997,3.2
1727,19,63,0,1.7894736842105263,0.005208333333333333,0.4823763889427201,3.3684210526315788
1728,18,60,3,1.75,0.05208333333333333,0.39999999999999997,3.2
1729,18,59,1,1.75,0.04427083333333333,0.39999999999999997,3.2
1730,18,62,0,1.65,0.010416666666666666,0.39999999999999997,3.2
1731,19,60,0,1.7894736842105263,0.03125,0.4823763889427201,3.3684210526315788
1732,18,61,0,1.75,0.018229166666666664,0.39999999999999997,3.2
1733,18,57,2,1.75,0.05989583333333333,0.39999999999999997,3.2
1734,19,59,2,1.7894736842105263,0.05208333333333333,0.4823763889427201,3.3684210526315788
1735,18,59,2,1.75,0.049479166666666664,0.39999999999999997,3.2
1736,17,60,2,1.7142857142857142,0.04427083333333333,0.21295885499997994,3.0476190476190474
1737,18,58,2,1.75,0.057291666666666664,0.39999999999999997,3.2
1738,18,58,4,1.75,0.07552083333333333,0.39999999999999997,3.2
1739,17,60,1,1.7142857142857142,0.03645833333333333,0.21295885499997994,3.0476190476190474
1740,18,58,3,1.75,0.0625,0.39999999999999997,3.2
1741,18,59,1,1.75,0.041666666666666664,0.39999999999999997,3.2
1742,18,60,2,1.75,0.041666666666666664,0.39999999999999997,3.2
1743,18,60,2,1.7,0.04427083333333333,0.39999999999999997,3.2
1744,19,60,2,1.7894736842105263,0.04427083333333333,0.4823763889427201,3.3684210526315788
1745,18,61,1,1.75,0.03125,0.39999999999999997,3.2
1746,20,62,0,1.8333333333333333,0.015625,0.49690399499995325,3.5555555555555554
1747,18,55,3,1.75,0.08854166666666666,0.39999999999999997,3.2
1748,18,59,2,1.75,0.052083333333333336,0.39999999999999997,3.2
1749,18,57,3,1.75,0.078125,0.39999999999999997,3.2
1750,18,60,2,1.7,0.041666666666666664,0.39999999999999997,3.2
1751,17,58,2,1.7142857142857142,0.057291666666666664,0.21295885499997994,3.0476190476190474
1752,18,63,0,1.75,0.005208333333333333,0.39999999999999997,3.2
1753,18,56,0,1.75,0.05468749999999999,0.39999999999999997,3.2
1754,17,61,2,1.7142857142857142,0.036458333333333336,0.21295885499997994,3.0476190476190474
1755,17,61,2,1.7142857142857142,0.03645833333333333,0.21295885499997994,3.0476190476190474
1756,17,60,2,1.7142857142857142,0.046875,0.21295885499997994,3.0476190476190474
1757,18,61,1,1.75,0.03125,0.39999999999999997,3.2
1758,17,61,1,1.6666666666666667,0.028645833333333332,0.21295885499997994,3.0476190476190474
1759,18,56,4,1.75,0.08854166666666666,0.39999999999999997,3.2
1760,18,58,3,1.75,0.0703125,0.39999999999999997,3.2
1761,18,57,5,1.75,0.09375,0.39999999999999997,3.2
1762,18,61,1,1.75,0.028645833333333332,0.39999999999999997,3.2
1763,19,57,2,1.7894736842105263,0.06510416666666666,0.4823763889427201,3.3684210526315788
1764,19,59,4,1.7894736842105263,0.0703125,0.4823763889427201,3.3684210526315788
1765,18,61,0,1.75,0.020833333333333332,0.39999999999999997,3.2
1766,18,57,2,1.75,0.06510416666666667,0.39999999999999997,3.2
1767,18,58,0,1.75,0.041666666666666664,0.39999999999999997,3.2
1768,18,61,1,1.7,0.021164021164021163,0.47696960070847283,3.15
1769,17,61,1,1.7142857142857142,0.026041666666666664,0.21295885499997994,3.0476190476190474
1770,18,58,1,1.75,0.049479166666666664,0.39999999999999997,3.2
1771,17,55,4,1.7142857142857142,0.09895833333333333,0.21295885499997994,3.0476190476190474
1772,18,58,1,1.75,0.049479166666666664,0.39999999999999997,3.2
1773,17,59,1,1.6666666666666667,0.037037037037037035,0.3086066999241838,3.0
1774,17,60,3,1.7142857142857142,0.0546875,0.21295885499997994,3.0476190476190474
1775,17,59,1,1.7142857142857142,0.0390625,0.21295885499997994,3.0476190476190474
1776,18,58,1,1.75,0.049479166666666664,0.39999999999999997,3.2
1777,17,59,1,1.6666666666666667,0.037037037037037035,0.3086066999241838,3.0
1778,19,60,0,1.7894736842105263,0.020833333333333332,0.48237638894272,3.3684210526315788
1779,18,61,1,1.75,0.028645833333333332,0.39999999999999997,3.2
1780,18,61,0,1.75,0.018229166666666664,0.39999999999999997,3.2
1781,18,59,1,1.75,0.041666666666666664,0.39999999999999997,3.2
1782,17,57,2,1.7142857142857142,0.05989583333333333,0.21295885499997994,3.0476190476190474
1783,17,57,2,1.7142857142857142,0.05989583333333333,0.21295885499997994,3.0476190476190474
1784,18,62,1,1.75,0.0234375,0.39999999999999997,3.2
1785,18,59,3,1.75,0.057291666666666664,0.39999999999999997,3.2
1786,19,61,1,1.7894736842105263,0.03125,0.48237638894272,3.3684210526315788
1787,18,59,2,1.75,0.049479166666666664,0.39999999999999997,3.2
1788,17,57,3,1.7142857142857142,0.07552083333333333,0.21295885499997994,3.0476190476190474
1789,17,59,1,1.7142857142857142,0.0390625,0.21295885499997994,3.0476190476190474
1790,20,59,2,1.8333333333333333,0.04947916666666666,0.49690399499995325,3.5555555555555554
1791,17,56,4,1.7142857142857142,0.0859375,0.21295885499997994,3.0476190476190474
1792,17,56,3,1.7142857142857142,0.08072916666666666,0.21295885499997994,3.0476190476190474
1793,17,59,1,1.6666666666666667,0.041666666666666664,0.21295885499997994,3.0476190476190474
1794,18,62,1,1.75,0.0234375,0.39999999999999997,3.2
1795,19,57,3,1.7894736842105263,0.0703125,0.48237638894272,3.3684210526315788
1796,18,57,2,1.75,0.06770833333333333,0.39999999999999997,3.2
1797,18,59,0,1.75,0.033854166666666664,0.39999999999999997,3.2
1798,17,63,1,1.6666666666666667,0.015625,0.21295885499997994,3.0476190476190474
1799,18,60,1,1.7,0.0291005291005291,0.47696960070847283,3.15
1800,17,60,2,1.7142857142857142,0.046875,0.21295885499997994,3.0476190476190474
1801,17,59,2,1.7142857142857142,0.05208333333333333,0.21295885499997994,3.0476190476190474
1802,18,58,4,1.75,0.078125,0.39999999999999997,3.2
1803,18,60,2,1.75,0.041666666666666664,0.39999999999999997,3.2
1804,17,59,3,1.7142857142857142,0.059895833333333336,0.21295885499997994,3.0476190476190474
1805,18,59,0,1.75,0.03645833333333333,0.39999999999999997,3.2
1806,17,58,2,1.7142857142857142,0.05989583333333333,0.21295885499997994,3.0476190476190474
1807,19,59,1,1.736842105263158,0.041666666666666664,0.48237638894272,3.3684210526315788
1808,17,55,4,1.7142857142857142,0.09895833333333333,0.21295885499997994,3.0476190476190474
1809,18,58,1,1.75,0.05208333333333333,0.39999999999999997,3.2
1810,18,63,0,1.75,0.005208333333333333,0.39999999999999997,3.2
1811,17,60,2,1.7142857142857142,0.046875,0.21295885499997994,3.0476190476190474
1812,18,58,1,1.75,0.046875,0.39999999999999997,3.2
1813,17,58,2,1.7142857142857142,0.05989583333333333,0.21295885499997994,3.0476190476190474
1814,18,56,3,1.75,0.08333333333333334,0.39999999999999997,3.2
1815,18,57,4,1.75,0.08333333333333333,0.39999999999999997,3.2
1816,17,60,0,1.7142857142857142,0.026041666666666664,0.21295885499997994,3.0476190476190474
1817,18,58,1,1.75,0.04947916666666666,0.39999999999999997,3.2
1818,18,59,3,1.75,0.059895833333333336,0.39999999999999997,3.2
1819,17,60,2,1.7142857142857142,0.046875,0.21295885499997994,3.0476190476190474
1820,18,61,1,1.75,0.028645833333333332,0.39999999999999997,3.2
1821,18,59,2,1.75,0.0546875,0.39999999999999997,3.2
1822,18,62,2,1.75,0.03125,0.39999999999999997,3.2
1823,19,58,0,1.7894736842105263,0.033854166666666664,0.4823763889427201,3.3684210526315788
1824,20,61,0,1.8333333333333333,0.018229166666666664,0.49690399499995325,3.5555555555555554
1825,18,59,2,1.75,0.052083333333333336,0.39999999999999997,3.2
1826,18,60,2,1.75,0.041666666666666664,0.39999999999999997,3.2
1827,17,57,2,1.7142857142857142,0.0703125,0.21295885499997994,3.0476190476190474
1828,19,61,1,1.7894736842105263,0.026041666666666664,0.4823763889427201,3.3684210526315788
1829,18,56,4,1.75,0.09114583333333333,0.39999999999999997,3.2
1830,17,57,4,1.7142857142857142,0.08072916666666666,0.21295885499997994,3.0476190476190474
1831,18,58,2,1.75,0.057291666666666664,0.39999999999999997,3.2
1832,18,60,1,1.75,0.03645833333333333,0.39999999999999997,3.2
1833,18,58,0,1.75,0.0390625,0.39999999999999997,3.2
1834,18,56,3,1.75,0.08072916666666666,0.39999999999999997,3.2
1835,17,60,1,1.6666666666666667,0.0390625,0.21295885499997994,3.0476190476190474
1836,17,57,3,1.7142857142857142,0.07291666666666666,0.21295885499997994,3.0476190476190474
1837,17,60,1,1.6666666666666667,0.031746031746031744,0.3086066999241838,3.0
1838,18,62,0,1.75,0.013020833333333332,0.39999999999999997,3.2
1839,19,61,1,1.7894736842105263,0.028645833333333332,0.4823763889427201,3.3684210526315788
1840,18,53,2,1.75,0.08854166666666666,0.39999999999999997,3.2
1841,17,58,2,1.7142857142857142,0.0625,0.21295885499997994,3.0476190476190474
1842,18,60,4,1.75,0.0625,0.39999999999999997,3.2
1843,18,60,1,1.7,0.03645833333333333,0.39999999999999997,3.2
1844,18,60,0,1.75,0.026041666666666664,0.39999999999999997,3.2
1845,17,60,1,1.7142857142857142,0.031249999999999997,0.21295885499997994,3.0476190476190474
1846,17,59,2,1.7142857142857142,0.049479166666666664,0.21295885499997994,3.0476190476190474
1847,18,57,2,1.75,0.06770833333333333,0.39999999999999997,3.2
1848,18,59,1,1.75,0.036458333333333336,0.39999999999999997,3.2
1849,19,59,2,1.7894736842105263,0.049479166666666664,0.4823763889427201,3.3684210526315788
1850,19,60,1,1.7894736842105263,0.033854166666666664,0.4823763889427201,3.3684210526315788
1851,17,57,1,1.7142857142857142,0.057291666666666664,0.21295885499997994,3.0476190476190474
1852,18,59,1,1.75,0.041666666666666664,0.39999999999999997,3.2
1853,18,58,1,1.75,0.046875,0.39999999999999997,3.2
1854,18,59,3,1.75,0.05989583333333333,0.39999999999999997,3.2
1855,17,56,2,1.7142857142857142,0.06770833333333333,0.21295885499997994,3.0476190476190474
1856,19,59,2,1.7894736842105263,0.0546875,0.4823763889427201,3.3684210526315788
1857,19,59,2,1.7894736842105263,0.05208333333333333,0.4823763889427201,3.3684210526315788
1858,19,60,3,1.7894736842105263,0.0546875,0.4823763889427201,3.3684210526315788
1859,18,58,0,1.75,0.0390625,0.39999999999999997,3.2
1860,19,59,0,1.7894736842105263,0.026041666666666664,0.4823763889427201,3.3684210526315788
1861,18,55,6,1.75,0.11197916666666666,0.39999999999999997,3.2
1862,18,59,2,1.75,0.05208333333333333,0.39999999999999997,3.2
1863,18,58,3,1.75,0.06770833333333333,0.39999999999999997,3.2
1864,19,58,2,1.7894736842105263,0.057291666666666664,0.4823763889427201,3.3684210526315788
1865,17,63,1,1.7142857142857142,0.015625,0.21295885499997994,3.0476190476190474
1866,18,59,1,1.7,0.041666666666666664,0.39999999999999997,3.2
1867,19,59,2,1.7894736842105263,0.049479166666666664,0.4823763889427201,3.3684210526315788
1868,18,61,2,1.75,0.036458333333333336,0.39999999999999997,3.2
1869,17,62,0,1.7142857142857142,0.013020833333333332,0.21295885499997994,3.0476190476190474
1870,18,58,2,1.75,0.057291666666666664,0.39999999999999997,3.2
1871,17,61,0,1.7142857142857142,0.0234375,0.21295885499997994,3.0476190476190474
1872,18,61,0,1.7,0.015625,0.39999999999999997,3.2
1873,20,59,3,1.8333333333333333,0.05989583333333333,0.49690399499995325,3.5555555555555554
1874,18,60,2,1.7,0.046875,0.39999999999999997,3.2
1875,17,61,1,1.7142857142857142,0.03125,0.21295885499997994,3.0476190476190474
1876,18,58,3,1.75,0.06510416666666667,0.39999999999999997,3.2
1878,19,47,8,1.7894736842105263,0.19010416666666666,0.4823763889427201,3.3684210526315788
1879,19,47,8,1.7894736842105263,0.19010416666666666,0.4823763889427201,3.3684210526315788
1880,19,47,8,1.7894736842105263,0.19010416666666666,0.4823763889427201,3.3684210526315788
1881,19,47,8,1.7894736842105263,0.19010416666666666,0.4823763889427201,3.3684210526315788
1882,19,47,8,1.7894736842105263,0.19010416666666666,0.4823763889427201,3.3684210526315788
1883,19,47,8,1.7894736842105263,0.19010416666666666,0.4823763889427201,3.3684210526315788
1884,19,47,8,1.7894736842105263,0.19010416666666666,0.4823763889427201,3.3684210526315788
1885,19,47,8,1.7894736842105263,0.19010416666666666,0.4823763889427201,3.3684210526315788
1886,19,47,8,1.7894736842105263,0.19010416666666666,0.4823763889427201,3.3684210526315788
1887,19,47,8,1.7894736842105263,0.19010416666666666,0.4823763889427201,3.3684210526315788
