Episode,Desafios_sin_equipo,Estudiantes_fuera_preferencias,Estudiantes_primera_prioridad,Promedio_carreras_por_equipo,Satisfaccion_promedio,STD_tamano_equipos,Tamano_promedio_equipo
2,18,61,1,1.75,0.026041666666666664,0.39999999999999997,3.2
3,17,63,1,1.7142857142857142,0.015625,0.21295885499997994,3.0476190476190474
4,18,62,0,1.75,0.013020833333333332,0.39999999999999997,3.2
5,19,59,3,1.736842105263158,0.057291666666666664,0.48237638894272,3.3684210526315788
6,18,56,2,1.7,0.06613756613756613,0.47696960070847283,3.15
7,18,60,1,1.75,0.033854166666666664,0.39999999999999997,3.2
8,17,59,2,1.7142857142857142,0.049479166666666664,0.21295885499997994,3.0476190476190474
9,18,56,2,1.7,0.06770833333333333,0.39999999999999997,3.2
10,19,60,0,1.7894736842105263,0.026041666666666664,0.4823763889427201,3.3684210526315788
11,17,62,1,1.7142857142857142,0.0234375,0.21295885499997994,3.0476190476190474
12,17,56,2,1.7142857142857142,0.07552083333333333,0.21295885499997994,3.0476190476190474
13,18,58,2,1.75,0.05729166666666667,0.39999999999999997,3.2
14,18,62,0,1.75,0.013020833333333332,0.39999999999999997,3.2
15,17,62,1,1.7142857142857142,0.0234375,0.21295885499997994,3.0476190476190474
16,19,61,2,1.7894736842105263,0.0390625,0.48237638894272,3.3684210526315788
17,18,58,0,1.75,0.0390625,0.39999999999999997,3.2
18,18,60,1,1.75,0.03645833333333333,0.39999999999999997,3.2
19,17,59,1,1.6666666666666667,0.041666666666666664,0.21295885499997994,3.0476190476190474
20,18,58,0,1.75,0.0390625,0.39999999999999997,3.2
21,18,62,1,1.75,0.0234375,0.39999999999999997,3.2
22,18,61,1,1.75,0.026041666666666664,0.39999999999999997,3.2
23,17,58,3,1.7142857142857142,0.0703125,0.21295885499997994,3.0476190476190474
24,17,57,3,1.7142857142857142,0.07552083333333334,0.21295885499997994,3.0476190476190474
25,17,60,2,1.6666666666666667,0.041666666666666664,0.21295885499997994,3.0476190476190474
26,18,57,2,1.75,0.06770833333333333,0.39999999999999997,3.2
27,17,63,0,1.7142857142857142,0.0078125,0.21295885499997994,3.0476190476190474
28,18,59,1,1.75,0.041666666666666664,0.39999999999999997,3.2
29,19,56,3,1.7894736842105263,0.078125,0.48237638894272,3.3684210526315788
30,17,59,2,1.7142857142857142,0.05208333333333333,0.21295885499997994,3.0476190476190474
31,18,59,1,1.75,0.04427083333333333,0.39999999999999997,3.2
32,19,59,1,1.7894736842105263,0.041666666666666664,0.48237638894272,3.3684210526315788
33,18,61,1,1.75,0.028645833333333332,0.39999999999999997,3.2
34,19,61,1,1.7894736842105263,0.028645833333333332,0.48237638894272,3.3684210526315788
35,18,58,3,1.75,0.0625,0.39999999999999997,3.2
36,17,61,0,1.6666666666666667,0.020833333333333332,0.21295885499997994,3.0476190476190474
37,17,57,2,1.7142857142857142,0.0625,0.21295885499997994,3.0476190476190474
38,17,59,1,1.7142857142857142,0.046875,0.21295885499997994,3.0476190476190474
39,19,60,2,1.7894736842105263,0.04427083333333333,0.4823763889427201,3.3684210526315788
40,17,61,2,1.7142857142857142,0.0390625,0.21295885499997994,3.0476190476190474
41,18,58,1,1.75,0.046875,0.39999999999999997,3.2
42,17,54,4,1.7142857142857142,0.1015625,0.21295885499997994,3.0476190476190474
43,17,61,1,1.7142857142857142,0.028645833333333332,0.21295885499997994,3.0476190476190474
44,18,52,6,1.75,0.1328125,0.39999999999999997,3.2
45,19,59,1,1.7894736842105263,0.04427083333333333,0.48237638894272,3.3684210526315788
46,17,60,0,1.7142857142857142,0.03125,0.21295885499997994,3.0476190476190474
47,18,57,4,1.75,0.08072916666666666,0.39999999999999997,3.2
48,18,59,1,1.75,0.0390625,0.39999999999999997,3.2
49,19,56,1,1.7894736842105263,0.0625,0.4823763889427201,3.3684210526315788
50,17,56,1,1.7142857142857142,0.05989583333333333,0.21295885499997994,3.0476190476190474
51,19,56,5,1.7894736842105263,0.09635416666666666,0.4823763889427201,3.3684210526315788
52,17,57,1,1.7142857142857142,0.059895833333333336,0.21295885499997994,3.0476190476190474
53,18,60,2,1.65,0.03968253968253968,0.47696960070847283,3.15
54,18,61,0,1.75,0.015625,0.39999999999999997,3.2
55,18,56,2,1.7,0.06349206349206349,0.47696960070847283,3.15
56,17,60,2,1.7142857142857142,0.046875,0.21295885499997994,3.0476190476190474
57,18,60,1,1.75,0.033854166666666664,0.39999999999999997,3.2
58,19,59,0,1.7894736842105263,0.03645833333333333,0.48237638894272,3.3684210526315788
59,19,62,0,1.7894736842105263,0.013020833333333332,0.48237638894272,3.3684210526315788
60,17,56,4,1.7142857142857142,0.08854166666666666,0.21295885499997994,3.0476190476190474
61,18,59,1,1.7,0.04427083333333333,0.39999999999999997,3.2
62,17,59,2,1.7142857142857142,0.052083333333333336,0.21295885499997994,3.0476190476190474
63,17,58,1,1.6666666666666667,0.042328042328042326,0.3086066999241838,3.0
64,18,61,0,1.75,0.0234375,0.39999999999999997,3.2
65,17,62,1,1.7142857142857142,0.020833333333333332,0.21295885499997994,3.0476190476190474
66,18,61,1,1.75,0.028645833333333332,0.39999999999999997,3.2
67,19,59,0,1.7894736842105263,0.031249999999999997,0.4823763889427201,3.3684210526315788
68,18,57,0,1.75,0.0390625,0.39999999999999997,3.2
69,19,63,0,1.7894736842105263,0.0078125,0.4823763889427201,3.3684210526315788
70,18,54,3,1.75,0.08854166666666666,0.39999999999999997,3.2
71,18,57,0,1.75,0.04427083333333333,0.39999999999999997,3.2
72,20,56,5,1.8333333333333333,0.09635416666666666,0.49690399499995325,3.5555555555555554
73,17,52,3,1.6666666666666667,0.10677083333333333,0.21295885499997994,3.0476190476190474
74,17,53,5,1.7142857142857142,0.1171875,0.21295885499997994,3.0476190476190474
75,19,59,0,1.7894736842105263,0.03645833333333333,0.48237638894272,3.3684210526315788
76,18,60,1,1.75,0.033854166666666664,0.39999999999999997,3.2
77,17,57,1,1.7142857142857142,0.0546875,0.21295885499997994,3.0476190476190474
78,18,59,0,1.75,0.033854166666666664,0.39999999999999997,3.2
79,18,60,2,1.75,0.041666666666666664,0.39999999999999997,3.2
80,18,58,2,1.7,0.05729166666666667,0.39999999999999997,3.2
81,18,60,3,1.75,0.05208333333333333,0.39999999999999997,3.2
82,18,55,2,1.75,0.07552083333333333,0.39999999999999997,3.2
83,18,59,3,1.75,0.05989583333333333,0.39999999999999997,3.2
84,18,57,3,1.75,0.07291666666666667,0.39999999999999997,3.2
85,19,60,1,1.7894736842105263,0.03125,0.4823763889427201,3.3684210526315788
86,18,57,2,1.75,0.06770833333333333,0.39999999999999997,3.2
87,18,60,2,1.75,0.04427083333333333,0.39999999999999997,3.2
88,18,56,3,1.65,0.07142857142857142,0.47696960070847283,3.15
89,18,59,2,1.75,0.05208333333333333,0.39999999999999997,3.2
90,18,59,0,1.75,0.033854166666666664,0.39999999999999997,3.2
91,17,55,3,1.7142857142857142,0.08333333333333333,0.21295885499997994,3.0476190476190474
92,17,52,4,1.7142857142857142,0.11197916666666666,0.21295885499997994,3.0476190476190474
93,18,61,1,1.75,0.028645833333333332,0.39999999999999997,3.2
94,18,61,0,1.75,0.020833333333333332,0.39999999999999997,3.2
95,18,56,4,1.75,0.08854166666666666,0.39999999999999997,3.2
96,18,60,1,1.75,0.03645833333333333,0.39999999999999997,3.2
97,18,53,3,1.75,0.09895833333333333,0.39999999999999997,3.2
98,18,56,3,1.7,0.08333333333333333,0.39999999999999997,3.2
99,17,59,2,1.7142857142857142,0.05208333333333333,0.21295885499997994,3.0476190476190474
100,18,59,2,1.75,0.0546875,0.39999999999999997,3.2
101,17,58,2,1.7142857142857142,0.057291666666666664,0.21295885499997994,3.0476190476190474
102,18,61,0,1.75,0.020833333333333332,0.39999999999999997,3.2
103,18,58,2,1.75,0.057291666666666664,0.39999999999999997,3.2
104,17,61,1,1.7142857142857142,0.03125,0.21295885499997994,3.0476190476190474
105,17,57,4,1.7142857142857142,0.0859375,0.21295885499997994,3.0476190476190474
106,18,61,1,1.6,0.03125,0.39999999999999997,3.2
107,17,57,0,1.7142857142857142,0.04947916666666666,0.21295885499997994,3.0476190476190474
108,18,62,1,1.75,0.0234375,0.39999999999999997,3.2
109,18,59,1,1.75,0.046875,0.39999999999999997,3.2
110,17,56,2,1.7142857142857142,0.07291666666666667,0.21295885499997994,3.0476190476190474
111,18,61,1,1.7,0.028645833333333332,0.39999999999999997,3.2
112,18,60,1,1.75,0.03125,0.39999999999999997,3.2
113,18,59,3,1.75,0.0625,0.39999999999999997,3.2
114,17,56,1,1.7142857142857142,0.059895833333333336,0.21295885499997994,3.0476190476190474
115,19,56,4,1.7894736842105263,0.09375,0.48237638894272,3.3684210526315788
116,18,59,2,1.75,0.049479166666666664,0.39999999999999997,3.2
117,18,54,1,1.75,0.0703125,0.39999999999999997,3.2
118,19,63,0,1.7894736842105263,0.005208333333333333,0.4823763889427201,3.3684210526315788
119,18,60,3,1.75,0.05208333333333333,0.39999999999999997,3.2
120,17,60,1,1.7142857142857142,0.0390625,0.21295885499997994,3.0476190476190474
121,17,59,1,1.7142857142857142,0.041666666666666664,0.21295885499997994,3.0476190476190474
122,18,61,1,1.75,0.028645833333333332,0.39999999999999997,3.2
123,19,59,2,1.7894736842105263,0.046875,0.48237638894272,3.3684210526315788
124,17,59,0,1.7142857142857142,0.033854166666666664,0.21295885499997994,3.0476190476190474
125,19,63,0,1.7894736842105263,0.0078125,0.48237638894272,3.3684210526315788
126,19,59,4,1.7894736842105263,0.06770833333333334,0.4823763889427201,3.3684210526315788
127,18,58,2,1.7,0.0546875,0.39999999999999997,3.2
128,17,59,2,1.7142857142857142,0.05208333333333333,0.21295885499997994,3.0476190476190474
129,18,58,3,1.75,0.06770833333333333,0.39999999999999997,3.2
130,17,60,0,1.6666666666666667,0.018518518518518517,0.3086066999241838,3.0
131,18,60,1,1.75,0.033854166666666664,0.39999999999999997,3.2
132,17,57,1,1.7142857142857142,0.0546875,0.21295885499997994,3.0476190476190474
133,18,58,0,1.75,0.0390625,0.39999999999999997,3.2
134,18,59,1,1.75,0.0390625,0.39999999999999997,3.2
135,17,60,2,1.7142857142857142,0.041666666666666664,0.21295885499997994,3.0476190476190474
136,19,61,0,1.7894736842105263,0.020833333333333332,0.4823763889427201,3.3684210526315788
137,19,57,1,1.7894736842105263,0.05208333333333333,0.4823763889427201,3.3684210526315788
138,17,63,0,1.7142857142857142,0.005208333333333333,0.21295885499997994,3.0476190476190474
139,20,58,3,1.8333333333333333,0.06510416666666666,0.49690399499995325,3.5555555555555554
140,19,61,1,1.7894736842105263,0.026041666666666664,0.48237638894272,3.3684210526315788
141,17,59,3,1.7142857142857142,0.05989583333333333,0.21295885499997994,3.0476190476190474
142,18,59,1,1.75,0.04166666666666667,0.39999999999999997,3.2
143,17,61,2,1.7142857142857142,0.03645833333333333,0.21295885499997994,3.0476190476190474
144,19,56,4,1.7894736842105263,0.08854166666666666,0.48237638894272,3.3684210526315788
145,18,60,0,1.75,0.028645833333333332,0.39999999999999997,3.2
146,18,54,4,1.75,0.10416666666666666,0.39999999999999997,3.2
147,20,60,1,1.8333333333333333,0.031249999999999997,0.49690399499995325,3.5555555555555554
148,18,58,1,1.75,0.046875,0.39999999999999997,3.2
149,17,60,2,1.7142857142857142,0.046875,0.21295885499997994,3.0476190476190474
150,18,61,1,1.75,0.028645833333333332,0.39999999999999997,3.2
151,18,62,0,1.75,0.013020833333333332,0.39999999999999997,3.2
152,18,59,4,1.75,0.0703125,0.39999999999999997,3.2
153,17,60,1,1.7142857142857142,0.033854166666666664,0.21295885499997994,3.0476190476190474
154,18,57,4,1.75,0.08072916666666666,0.39999999999999997,3.2
155,18,58,1,1.65,0.046875,0.39999999999999997,3.2
156,17,58,2,1.7142857142857142,0.0546875,0.21295885499997994,3.0476190476190474
157,18,59,2,1.75,0.049479166666666664,0.39999999999999997,3.2
158,18,59,3,1.75,0.05989583333333333,0.39999999999999997,3.2
159,18,57,2,1.75,0.0625,0.39999999999999997,3.2
160,18,63,1,1.75,0.015625,0.39999999999999997,3.2
161,18,57,2,1.75,0.06510416666666666,0.39999999999999997,3.2
162,17,55,5,1.7142857142857142,0.1015625,0.21295885499997994,3.0476190476190474
163,17,60,4,1.7142857142857142,0.0625,0.21295885499997994,3.0476190476190474
164,17,55,3,1.6666666666666667,0.07936507936507936,0.3086066999241838,3.0
165,18,57,5,1.75,0.09375,0.39999999999999997,3.2
166,19,59,1,1.7894736842105263,0.046875,0.4823763889427201,3.3684210526315788
167,19,60,2,1.7894736842105263,0.04427083333333333,0.4823763889427201,3.3684210526315788
168,18,60,0,1.75,0.026041666666666664,0.39999999999999997,3.2
169,19,61,3,1.7894736842105263,0.046875,0.48237638894272,3.3684210526315788
170,19,59,3,1.7894736842105263,0.0625,0.4823763889427201,3.3684210526315788
171,19,60,2,1.7894736842105263,0.046875,0.4823763889427201,3.3684210526315788
172,18,57,3,1.75,0.0703125,0.39999999999999997,3.2
173,17,60,1,1.7142857142857142,0.03125,0.21295885499997994,3.0476190476190474
174,18,60,1,1.75,0.036458333333333336,0.39999999999999997,3.2
175,20,61,1,1.8333333333333333,0.026041666666666664,0.49690399499995325,3.5555555555555554
176,18,60,1,1.75,0.033854166666666664,0.39999999999999997,3.2
177,18,57,2,1.75,0.06770833333333333,0.39999999999999997,3.2
178,18,62,1,1.75,0.020833333333333332,0.39999999999999997,3.2
179,18,58,5,1.75,0.0859375,0.39999999999999997,3.2
180,19,57,5,1.7894736842105263,0.09114583333333333,0.4823763889427201,3.3684210526315788
181,18,57,0,1.75,0.044270833333333336,0.39999999999999997,3.2
182,18,62,1,1.75,0.0234375,0.39999999999999997,3.2
183,18,58,3,1.75,0.06510416666666666,0.39999999999999997,3.2
184,18,55,4,1.75,0.08854166666666666,0.39999999999999997,3.2
185,17,60,1,1.7142857142857142,0.033854166666666664,0.21295885499997994,3.0476190476190474
186,17,58,3,1.6666666666666667,0.06084656084656084,0.3086066999241838,3.0
187,18,59,1,1.75,0.041666666666666664,0.39999999999999997,3.2
188,19,55,2,1.7894736842105263,0.0703125,0.4823763889427201,3.3684210526315788
189,18,58,4,1.75,0.07552083333333333,0.39999999999999997,3.2
190,17,54,4,1.7142857142857142,0.10416666666666666,0.21295885499997994,3.0476190476190474
191,18,58,3,1.75,0.0625,0.39999999999999997,3.2
192,17,60,1,1.7142857142857142,0.033854166666666664,0.21295885499997994,3.0476190476190474
193,17,58,0,1.7142857142857142,0.041666666666666664,0.21295885499997994,3.0476190476190474
194,17,58,2,1.7142857142857142,0.057291666666666664,0.21295885499997994,3.0476190476190474
195,17,56,3,1.7142857142857142,0.07812499999999999,0.21295885499997994,3.0476190476190474
196,19,58,2,1.7894736842105263,0.057291666666666664,0.4823763889427201,3.3684210526315788
197,17,62,0,1.7142857142857142,0.010416666666666666,0.21295885499997994,3.0476190476190474
198,18,60,0,1.7,0.021164021164021163,0.47696960070847283,3.15
199,18,58,2,1.75,0.05989583333333333,0.39999999999999997,3.2
200,18,58,1,1.75,0.046875,0.39999999999999997,3.2
201,19,56,4,1.7894736842105263,0.08854166666666666,0.4823763889427201,3.3684210526315788
202,17,61,0,1.7142857142857142,0.015625,0.21295885499997994,3.0476190476190474
203,19,62,1,1.7894736842105263,0.0234375,0.48237638894272,3.3684210526315788
204,19,55,3,1.7894736842105263,0.08854166666666666,0.48237638894272,3.3684210526315788
205,19,60,0,1.7894736842105263,0.0234375,0.48237638894272,3.3684210526315788
206,18,58,2,1.75,0.05729166666666666,0.39999999999999997,3.2
207,18,56,1,1.75,0.05729166666666667,0.39999999999999997,3.2
208,18,59,3,1.75,0.059895833333333336,0.39999999999999997,3.2
209,18,60,1,1.75,0.03645833333333333,0.39999999999999997,3.2
210,20,59,1,1.8333333333333333,0.0390625,0.49690399499995325,3.5555555555555554
211,18,58,2,1.75,0.057291666666666664,0.39999999999999997,3.2
212,18,59,1,1.75,0.041666666666666664,0.39999999999999997,3.2
213,18,61,2,1.75,0.0390625,0.39999999999999997,3.2
214,18,57,3,1.75,0.078125,0.39999999999999997,3.2
215,18,60,0,1.7,0.028645833333333332,0.39999999999999997,3.2
216,17,58,3,1.7142857142857142,0.06510416666666666,0.21295885499997994,3.0476190476190474
217,18,57,2,1.75,0.0625,0.39999999999999997,3.2
218,17,58,1,1.7142857142857142,0.04427083333333333,0.21295885499997994,3.0476190476190474
219,18,56,5,1.7,0.09635416666666666,0.39999999999999997,3.2
220,17,58,3,1.7142857142857142,0.06770833333333333,0.21295885499997994,3.0476190476190474
221,17,55,5,1.6666666666666667,0.10677083333333333,0.21295885499997994,3.0476190476190474
222,18,59,2,1.75,0.05208333333333333,0.39999999999999997,3.2
223,18,57,3,1.75,0.0703125,0.39999999999999997,3.2
224,17,57,2,1.7142857142857142,0.06770833333333333,0.21295885499997994,3.0476190476190474
225,18,60,1,1.75,0.033854166666666664,0.39999999999999997,3.2
226,18,56,2,1.75,0.07552083333333333,0.39999999999999997,3.2
227,18,61,0,1.75,0.018229166666666664,0.39999999999999997,3.2
228,18,60,1,1.75,0.03645833333333333,0.39999999999999997,3.2
229,19,59,4,1.7894736842105263,0.06770833333333334,0.4823763889427201,3.3684210526315788
230,18,60,0,1.7,0.026041666666666664,0.39999999999999997,3.2
231,17,59,1,1.7142857142857142,0.041666666666666664,0.21295885499997994,3.0476190476190474
232,17,61,1,1.7142857142857142,0.028645833333333332,0.21295885499997994,3.0476190476190474
233,18,55,4,1.75,0.09375,0.39999999999999997,3.2
234,17,55,4,1.6666666666666667,0.08994708994708996,0.3086066999241838,3.0
235,19,61,0,1.7894736842105263,0.020833333333333332,0.48237638894272,3.3684210526315788
236,18,57,4,1.75,0.08333333333333333,0.39999999999999997,3.2
237,17,51,5,1.7142857142857142,0.125,0.21295885499997994,3.0476190476190474
238,18,59,0,1.75,0.031249999999999997,0.39999999999999997,3.2
239,18,59,3,1.75,0.05989583333333333,0.39999999999999997,3.2
240,20,57,3,1.8333333333333333,0.07552083333333333,0.49690399499995325,3.5555555555555554
241,18,58,5,1.75,0.08333333333333334,0.39999999999999997,3.2
242,18,60,2,1.75,0.046875,0.39999999999999997,3.2
243,18,55,1,1.75,0.06510416666666666,0.39999999999999997,3.2
244,17,57,1,1.7142857142857142,0.05208333333333333,0.21295885499997994,3.0476190476190474
245,19,61,0,1.7894736842105263,0.018229166666666664,0.4823763889427201,3.3684210526315788
246,19,57,2,1.7894736842105263,0.0625,0.4823763889427201,3.3684210526315788
247,18,58,2,1.75,0.0546875,0.39999999999999997,3.2
248,19,60,1,1.7894736842105263,0.03645833333333333,0.4823763889427201,3.3684210526315788
249,19,60,3,1.7894736842105263,0.0546875,0.4823763889427201,3.3684210526315788
250,18,56,5,1.75,0.09895833333333334,0.39999999999999997,3.2
251,18,60,1,1.75,0.033854166666666664,0.39999999999999997,3.2
252,19,60,0,1.7894736842105263,0.0234375,0.4823763889427201,3.3684210526315788
253,17,58,5,1.7142857142857142,0.08333333333333333,0.21295885499997996,3.0476190476190474
254,18,57,4,1.75,0.08333333333333333,0.39999999999999997,3.2
255,19,61,2,1.736842105263158,0.03645833333333333,0.48237638894272,3.3684210526315788
256,18,60,1,1.75,0.03125,0.39999999999999997,3.2
257,17,60,2,1.6666666666666667,0.04427083333333333,0.21295885499997994,3.0476190476190474
258,19,60,0,1.7894736842105263,0.026041666666666664,0.48237638894272,3.3684210526315788
259,19,56,3,1.7894736842105263,0.08333333333333333,0.48237638894272,3.3684210526315788
260,17,58,4,1.6666666666666667,0.07552083333333333,0.21295885499997994,3.0476190476190474
261,18,57,2,1.75,0.06510416666666667,0.39999999999999997,3.2
262,18,62,0,1.75,0.010416666666666666,0.39999999999999997,3.2
263,17,58,1,1.7142857142857142,0.04687499999999999,0.21295885499997994,3.0476190476190474
264,18,63,1,1.75,0.015625,0.39999999999999997,3.2
265,18,56,4,1.75,0.0859375,0.39999999999999997,3.2
266,18,55,2,1.75,0.07291666666666666,0.39999999999999997,3.2
267,17,59,2,1.7142857142857142,0.05208333333333333,0.21295885499997994,3.0476190476190474
268,18,58,4,1.7,0.078125,0.39999999999999997,3.2
269,19,56,2,1.7894736842105263,0.0703125,0.4823763889427201,3.3684210526315788
270,18,58,2,1.75,0.05989583333333333,0.39999999999999997,3.2
271,18,59,3,1.75,0.05989583333333333,0.39999999999999997,3.2
272,18,63,0,1.75,0.005208333333333333,0.39999999999999997,3.2
273,19,57,4,1.7894736842105263,0.08333333333333333,0.4823763889427201,3.3684210526315788
274,19,56,1,1.7894736842105263,0.057291666666666664,0.4823763889427201,3.3684210526315788
275,18,64,0,1.75,0.0,0.39999999999999997,3.2
276,18,56,2,1.75,0.06770833333333334,0.39999999999999997,3.2
277,19,60,1,1.7894736842105263,0.0390625,0.4823763889427201,3.3684210526315788
278,17,60,0,1.7142857142857142,0.020833333333333332,0.21295885499997994,3.0476190476190474
279,17,58,1,1.7142857142857142,0.046875,0.21295885499997994,3.0476190476190474
280,19,56,3,1.7894736842105263,0.08072916666666666,0.4823763889427201,3.3684210526315788
281,18,57,2,1.75,0.05989583333333333,0.39999999999999997,3.2
282,17,58,4,1.7142857142857142,0.07291666666666666,0.21295885499997994,3.0476190476190474
283,19,57,2,1.7894736842105263,0.0625,0.48237638894272,3.3684210526315788
284,19,59,1,1.7894736842105263,0.04427083333333333,0.4823763889427201,3.3684210526315788
285,18,60,3,1.75,0.05208333333333333,0.39999999999999997,3.2
286,18,55,3,1.75,0.0859375,0.39999999999999997,3.2
287,18,54,4,1.75,0.10677083333333333,0.39999999999999997,3.2
288,18,55,4,1.75,0.09635416666666666,0.39999999999999997,3.2
289,17,60,1,1.7142857142857142,0.036458333333333336,0.21295885499997994,3.0476190476190474
290,20,62,1,1.8333333333333333,0.0234375,0.49690399499995325,3.5555555555555554
291,17,58,2,1.7142857142857142,0.057291666666666664,0.21295885499997994,3.0476190476190474
292,18,55,5,1.75,0.109375,0.39999999999999997,3.2
293,18,60,2,1.75,0.04427083333333333,0.39999999999999997,3.2
294,18,58,1,1.75,0.049479166666666664,0.39999999999999997,3.2
295,17,53,5,1.7142857142857142,0.11458333333333334,0.21295885499997994,3.0476190476190474
296,18,56,4,1.75,0.08854166666666666,0.39999999999999997,3.2
297,18,55,3,1.75,0.08333333333333333,0.39999999999999997,3.2
298,17,61,0,1.7142857142857142,0.020833333333333332,0.21295885499997994,3.0476190476190474
299,17,59,3,1.7142857142857142,0.059895833333333336,0.21295885499997994,3.0476190476190474
300,19,58,5,1.7894736842105263,0.0859375,0.48237638894272,3.3684210526315788
301,18,60,2,1.75,0.04427083333333333,0.39999999999999997,3.2
302,18,60,3,1.75,0.05208333333333333,0.39999999999999997,3.2
303,18,56,4,1.75,0.09114583333333333,0.39999999999999997,3.2
304,18,59,2,1.75,0.04947916666666667,0.39999999999999997,3.2
305,17,58,2,1.7142857142857142,0.0546875,0.21295885499997994,3.0476190476190474
306,18,53,7,1.75,0.13802083333333334,0.39999999999999997,3.2
307,18,55,4,1.75,0.09895833333333334,0.39999999999999997,3.2
308,17,56,3,1.6666666666666667,0.08333333333333333,0.21295885499997994,3.0476190476190474
309,18,50,8,1.7,0.16666666666666666,0.39999999999999997,3.2
310,17,58,2,1.7142857142857142,0.05468749999999999,0.21295885499997994,3.0476190476190474
311,17,60,3,1.7142857142857142,0.0546875,0.21295885499997994,3.0476190476190474
312,18,56,2,1.75,0.06770833333333333,0.39999999999999997,3.2
313,19,56,2,1.7894736842105263,0.07552083333333334,0.4823763889427201,3.3684210526315788
314,18,51,5,1.75,0.13020833333333331,0.39999999999999997,3.2
315,18,58,0,1.75,0.033854166666666664,0.39999999999999997,3.2
316,18,56,2,1.75,0.0703125,0.39999999999999997,3.2
317,17,56,4,1.7142857142857142,0.08333333333333333,0.21295885499997994,3.0476190476190474
318,18,59,3,1.75,0.0625,0.39999999999999997,3.2
319,17,60,2,1.7142857142857142,0.04427083333333333,0.21295885499997994,3.0476190476190474
320,17,57,3,1.7142857142857142,0.0703125,0.21295885499997994,3.0476190476190474
321,18,59,3,1.75,0.05989583333333333,0.39999999999999997,3.2
322,18,59,2,1.75,0.05208333333333333,0.39999999999999997,3.2
323,18,55,3,1.75,0.0859375,0.39999999999999997,3.2
324,19,53,5,1.7894736842105263,0.11979166666666666,0.4823763889427201,3.3684210526315788
325,18,58,1,1.75,0.05208333333333333,0.39999999999999997,3.2
326,18,58,2,1.7,0.0546875,0.39999999999999997,3.2
327,18,54,4,1.7,0.10677083333333333,0.39999999999999997,3.2
328,18,60,1,1.75,0.03125,0.39999999999999997,3.2
329,19,59,3,1.7894736842105263,0.0625,0.4823763889427201,3.3684210526315788
330,17,58,3,1.7142857142857142,0.06510416666666666,0.21295885499997994,3.0476190476190474
331,18,52,4,1.75,0.11979166666666666,0.39999999999999997,3.2
332,19,59,3,1.7894736842105263,0.057291666666666664,0.4823763889427201,3.3684210526315788
333,19,58,3,1.736842105263158,0.06770833333333333,0.4823763889427201,3.3684210526315788
334,19,58,3,1.7894736842105263,0.06510416666666666,0.48237638894272,3.3684210526315788
335,20,54,6,1.8333333333333333,0.11979166666666666,0.49690399499995325,3.5555555555555554
336,18,62,2,1.75,0.03125,0.39999999999999997,3.2
337,18,59,4,1.75,0.06770833333333333,0.39999999999999997,3.2
338,18,59,2,1.75,0.046875,0.39999999999999997,3.2
339,18,60,1,1.75,0.033854166666666664,0.39999999999999997,3.2
340,18,59,3,1.75,0.0625,0.39999999999999997,3.2
341,18,56,2,1.75,0.0703125,0.39999999999999997,3.2
342,19,59,4,1.7894736842105263,0.0703125,0.4823763889427201,3.3684210526315788
343,18,61,1,1.75,0.026041666666666664,0.39999999999999997,3.2
344,18,57,5,1.7,0.09114583333333333,0.39999999999999997,3.2
345,17,59,1,1.7142857142857142,0.041666666666666664,0.21295885499997994,3.0476190476190474
346,17,58,3,1.6666666666666667,0.06084656084656084,0.3086066999241838,3.0
347,18,57,3,1.75,0.07552083333333333,0.39999999999999997,3.2
348,17,58,1,1.7142857142857142,0.04427083333333333,0.21295885499997994,3.0476190476190474
349,18,58,2,1.75,0.059895833333333336,0.39999999999999997,3.2
350,17,59,3,1.7142857142857142,0.059895833333333336,0.21295885499997994,3.0476190476190474
351,17,60,1,1.7142857142857142,0.0390625,0.21295885499997994,3.0476190476190474
352,18,60,3,1.75,0.052083333333333336,0.39999999999999997,3.2
353,19,59,4,1.7894736842105263,0.06770833333333333,0.4823763889427201,3.3684210526315788
354,18,56,4,1.75,0.09114583333333333,0.39999999999999997,3.2
355,19,56,4,1.7894736842105263,0.0859375,0.4823763889427201,3.3684210526315788
356,19,61,0,1.7894736842105263,0.020833333333333332,0.4823763889427201,3.3684210526315788
357,19,56,3,1.7894736842105263,0.078125,0.4823763889427201,3.3684210526315788
358,19,55,3,1.7894736842105263,0.0859375,0.4823763889427201,3.3684210526315788
359,17,59,1,1.7142857142857142,0.0390625,0.21295885499997994,3.0476190476190474
360,18,56,5,1.75,0.09635416666666666,0.39999999999999997,3.2
361,18,54,3,1.75,0.09114583333333334,0.39999999999999997,3.2
362,17,58,3,1.7142857142857142,0.06770833333333333,0.21295885499997994,3.0476190476190474
363,18,56,3,1.7,0.08072916666666666,0.39999999999999997,3.2
364,17,58,2,1.7142857142857142,0.05989583333333333,0.21295885499997994,3.0476190476190474
365,18,57,3,1.75,0.06770833333333333,0.39999999999999997,3.2
366,18,54,5,1.75,0.109375,0.39999999999999997,3.2
367,17,59,2,1.7142857142857142,0.049479166666666664,0.21295885499997994,3.0476190476190474
368,18,55,6,1.75,0.11197916666666666,0.39999999999999997,3.2
369,17,58,2,1.7142857142857142,0.057291666666666664,0.21295885499997994,3.0476190476190474
370,17,56,3,1.6666666666666667,0.08072916666666666,0.21295885499997994,3.0476190476190474
371,19,59,2,1.7894736842105263,0.05208333333333333,0.4823763889427201,3.3684210526315788
372,17,55,5,1.6666666666666667,0.109375,0.21295885499997994,3.0476190476190474
373,18,60,3,1.75,0.05208333333333333,0.39999999999999997,3.2
374,19,52,8,1.7894736842105263,0.1484375,0.4823763889427201,3.3684210526315788
375,19,58,2,1.7894736842105263,0.059895833333333336,0.4823763889427201,3.3684210526315788
376,17,58,3,1.7142857142857142,0.06770833333333333,0.21295885499997994,3.0476190476190474
377,18,59,1,1.75,0.04427083333333333,0.39999999999999997,3.2
378,19,56,3,1.7894736842105263,0.08072916666666666,0.4823763889427201,3.3684210526315788
379,17,60,1,1.7142857142857142,0.03645833333333333,0.21295885499997994,3.0476190476190474
380,18,54,3,1.75,0.08854166666666666,0.39999999999999997,3.2
381,18,53,6,1.75,0.12760416666666666,0.39999999999999997,3.2
382,18,54,6,1.7,0.11718749999999999,0.39999999999999997,3.2
383,19,57,3,1.7894736842105263,0.07552083333333334,0.4823763889427201,3.3684210526315788
384,19,55,4,1.736842105263158,0.09635416666666666,0.4823763889427201,3.3684210526315788
385,18,58,4,1.75,0.07552083333333333,0.39999999999999997,3.2
386,19,54,8,1.736842105263158,0.13802083333333331,0.4823763889427201,3.3684210526315788
387,17,57,2,1.7142857142857142,0.06510416666666666,0.21295885499997994,3.0476190476190474
388,18,57,2,1.75,0.06510416666666666,0.39999999999999997,3.2
389,17,56,4,1.6666666666666667,0.0859375,0.21295885499997994,3.0476190476190474
390,18,61,1,1.75,0.026041666666666664,0.39999999999999997,3.2
391,18,58,4,1.75,0.078125,0.39999999999999997,3.2
392,18,58,4,1.75,0.078125,0.39999999999999997,3.2
393,17,56,7,1.7142857142857142,0.11458333333333334,0.21295885499997994,3.0476190476190474
394,18,57,4,1.75,0.08333333333333333,0.39999999999999997,3.2
395,18,59,3,1.75,0.057291666666666664,0.39999999999999997,3.2
396,18,56,7,1.75,0.11458333333333333,0.39999999999999997,3.2
397,18,57,5,1.75,0.08854166666666666,0.39999999999999997,3.2
398,18,57,3,1.75,0.07031249999999999,0.39999999999999997,3.2
399,18,55,6,1.75,0.11458333333333333,0.39999999999999997,3.2
400,18,58,2,1.75,0.05989583333333333,0.39999999999999997,3.2
401,17,57,2,1.7142857142857142,0.05989583333333333,0.21295885499997994,3.0476190476190474
402,17,58,2,1.7142857142857142,0.05208333333333333,0.21295885499997994,3.0476190476190474
403,17,58,2,1.7142857142857142,0.0546875,0.21295885499997994,3.0476190476190474
404,17,55,2,1.7142857142857142,0.07812499999999999,0.21295885499997994,3.0476190476190474
405,19,54,6,1.7894736842105263,0.12239583333333333,0.4823763889427201,3.3684210526315788
406,19,57,3,1.736842105263158,0.07291666666666666,0.4823763889427201,3.3684210526315788
407,18,55,2,1.75,0.08072916666666666,0.39999999999999997,3.2
408,18,57,4,1.7,0.0859375,0.39999999999999997,3.2
409,18,57,6,1.75,0.09895833333333333,0.39999999999999997,3.2
410,18,59,3,1.7,0.05989583333333333,0.39999999999999997,3.2
411,18,54,8,1.7,0.13802083333333334,0.39999999999999997,3.2
412,18,55,4,1.75,0.09114583333333333,0.39999999999999997,3.2
413,19,53,6,1.7894736842105263,0.12760416666666666,0.48237638894272,3.3684210526315788
414,18,57,3,1.75,0.07291666666666666,0.39999999999999997,3.2
415,18,56,4,1.7,0.08854166666666666,0.39999999999999997,3.2
416,18,51,7,1.75,0.1484375,0.39999999999999997,3.2
417,18,60,1,1.75,0.036458333333333336,0.39999999999999997,3.2
418,17,58,3,1.7142857142857142,0.0625,0.21295885499997994,3.0476190476190474
419,18,54,6,1.75,0.11979166666666666,0.39999999999999997,3.2
420,17,58,4,1.7142857142857142,0.07291666666666667,0.21295885499997994,3.0476190476190474
421,18,58,3,1.75,0.06770833333333333,0.39999999999999997,3.2
422,18,55,4,1.75,0.09895833333333334,0.39999999999999997,3.2
423,18,57,4,1.75,0.08072916666666667,0.39999999999999997,3.2
424,18,57,2,1.75,0.057291666666666664,0.39999999999999997,3.2
425,18,54,6,1.75,0.1171875,0.39999999999999997,3.2
426,18,52,4,1.7,0.11979166666666666,0.39999999999999997,3.2
427,18,55,6,1.75,0.11197916666666666,0.39999999999999997,3.2
428,17,56,4,1.6666666666666667,0.09114583333333333,0.21295885499997994,3.0476190476190474
429,18,54,4,1.7,0.09895833333333333,0.39999999999999997,3.2
430,17,54,8,1.6666666666666667,0.140625,0.21295885499997994,3.0476190476190474
431,18,54,6,1.75,0.11458333333333333,0.39999999999999997,3.2
432,19,55,5,1.736842105263158,0.09895833333333333,0.4823763889427201,3.3684210526315788
433,19,54,7,1.736842105263158,0.12760416666666666,0.4823763889427201,3.3684210526315788
434,17,52,3,1.7142857142857142,0.10416666666666666,0.21295885499997994,3.0476190476190474
435,18,57,2,1.75,0.06249999999999999,0.39999999999999997,3.2
436,18,57,4,1.75,0.08072916666666666,0.39999999999999997,3.2
437,18,54,4,1.75,0.10416666666666666,0.39999999999999997,3.2
438,18,58,5,1.75,0.08333333333333333,0.39999999999999997,3.2
439,19,59,4,1.7894736842105263,0.06770833333333333,0.4823763889427201,3.3684210526315788
440,18,52,7,1.65,0.140625,0.39999999999999997,3.2
441,18,53,4,1.7,0.109375,0.39999999999999997,3.2
442,18,54,6,1.7,0.1171875,0.39999999999999997,3.2
443,18,57,5,1.7,0.08854166666666666,0.39999999999999997,3.2
444,17,57,5,1.6666666666666667,0.09375,0.21295885499997994,3.0476190476190474
445,18,56,4,1.7,0.0859375,0.39999999999999997,3.2
446,18,56,4,1.7,0.08854166666666667,0.39999999999999997,3.2
447,18,56,4,1.7,0.0859375,0.39999999999999997,3.2
448,19,56,4,1.7894736842105263,0.08333333333333333,0.4823763889427201,3.3684210526315788
449,19,59,3,1.7894736842105263,0.059895833333333336,0.4823763889427201,3.3684210526315788
450,19,59,3,1.7894736842105263,0.057291666666666664,0.4823763889427201,3.3684210526315788
451,18,55,4,1.75,0.09635416666666667,0.39999999999999997,3.2
452,17,53,4,1.6666666666666667,0.11197916666666666,0.21295885499997994,3.0476190476190474
453,19,59,2,1.7894736842105263,0.049479166666666664,0.4823763889427201,3.3684210526315788
454,18,55,4,1.75,0.09895833333333333,0.39999999999999997,3.2
455,17,56,5,1.6666666666666667,0.09635416666666666,0.21295885499997994,3.0476190476190474
456,18,59,3,1.75,0.05729166666666666,0.39999999999999997,3.2
457,18,52,4,1.75,0.1171875,0.39999999999999997,3.2
458,18,57,4,1.75,0.08333333333333333,0.39999999999999997,3.2
459,19,53,4,1.7894736842105263,0.11197916666666666,0.4823763889427201,3.3684210526315788
460,18,54,3,1.7,0.08854166666666666,0.39999999999999997,3.2
461,17,56,7,1.6666666666666667,0.1171875,0.21295885499997994,3.0476190476190474
462,18,51,6,1.7,0.140625,0.39999999999999997,3.2
463,18,57,2,1.75,0.0625,0.39999999999999997,3.2
464,17,55,5,1.7142857142857142,0.10416666666666666,0.21295885499997994,3.0476190476190474
465,18,60,2,1.75,0.046875,0.39999999999999997,3.2
466,18,58,3,1.7,0.06510416666666666,0.39999999999999997,3.2
467,18,54,5,1.75,0.11458333333333334,0.39999999999999997,3.2
468,18,53,6,1.7,0.12760416666666666,0.39999999999999997,3.2
469,18,56,4,1.7,0.09114583333333333,0.39999999999999997,3.2
470,18,54,6,1.75,0.12239583333333333,0.39999999999999997,3.2
471,18,53,4,1.75,0.109375,0.39999999999999997,3.2
472,17,52,9,1.7142857142857142,0.15885416666666666,0.21295885499997994,3.0476190476190474
473,18,51,5,1.7,0.1328125,0.39999999999999997,3.2
474,19,53,5,1.736842105263158,0.1171875,0.48237638894272,3.3684210526315788
475,19,53,9,1.736842105263158,0.15625,0.4823763889427201,3.3684210526315788
476,18,54,5,1.75,0.11458333333333333,0.39999999999999997,3.2
477,18,51,6,1.7,0.14322916666666666,0.39999999999999997,3.2
478,19,53,6,1.7894736842105263,0.125,0.4823763889427201,3.3684210526315788
479,17,49,8,1.7142857142857142,0.171875,0.21295885499997994,3.0476190476190474
480,18,48,11,1.65,0.2037037037037037,0.47696960070847283,3.15
481,18,56,5,1.75,0.09635416666666666,0.39999999999999997,3.2
482,18,53,5,1.75,0.11979166666666666,0.39999999999999997,3.2
483,17,48,7,1.6666666666666667,0.171875,0.21295885499997994,3.0476190476190474
484,18,51,7,1.7,0.15104166666666666,0.39999999999999997,3.2
485,18,54,4,1.75,0.1015625,0.39999999999999997,3.2
486,17,51,7,1.6666666666666667,0.15104166666666666,0.21295885499997994,3.0476190476190474
487,18,52,8,1.75,0.14583333333333331,0.39999999999999997,3.2
488,17,53,4,1.7142857142857142,0.109375,0.21295885499997994,3.0476190476190474
489,18,52,4,1.7,0.11458333333333331,0.39999999999999997,3.2
490,18,55,5,1.75,0.1015625,0.39999999999999997,3.2
491,19,53,6,1.736842105263158,0.12239583333333331,0.48237638894272,3.3684210526315788
492,18,54,9,1.7,0.1484375,0.39999999999999997,3.2
493,17,55,6,1.619047619047619,0.11197916666666666,0.21295885499997994,3.0476190476190474
494,18,53,6,1.75,0.12499999999999999,0.39999999999999997,3.2
495,19,51,5,1.7894736842105263,0.1328125,0.4823763889427201,3.3684210526315788
496,18,51,8,1.7,0.16145833333333331,0.39999999999999997,3.2
497,19,50,9,1.736842105263158,0.171875,0.4823763889427201,3.3684210526315788
498,18,58,4,1.65,0.078125,0.39999999999999997,3.2
499,18,52,8,1.75,0.1484375,0.39999999999999997,3.2
500,19,56,4,1.736842105263158,0.0859375,0.4823763889427201,3.3684210526315788
501,19,52,9,1.7894736842105263,0.15885416666666666,0.4823763889427201,3.3684210526315788
502,17,51,7,1.7142857142857142,0.1484375,0.21295885499997994,3.0476190476190474
503,18,55,3,1.7,0.09114583333333333,0.39999999999999997,3.2
504,19,49,8,1.736842105263158,0.171875,0.4823763889427201,3.3684210526315788
505,19,53,6,1.7894736842105263,0.13020833333333331,0.4823763889427201,3.3684210526315788
506,18,54,6,1.75,0.11979166666666666,0.39999999999999997,3.2
507,17,54,6,1.6666666666666667,0.11979166666666666,0.21295885499997994,3.0476190476190474
508,18,52,9,1.75,0.15625,0.39999999999999997,3.2
509,19,52,5,1.7894736842105263,0.12239583333333331,0.48237638894272,3.3684210526315788
510,19,53,8,1.736842105263158,0.1484375,0.48237638894272,3.3684210526315788
511,18,53,6,1.7,0.13020833333333331,0.39999999999999997,3.2
512,17,57,5,1.7142857142857142,0.08854166666666666,0.21295885499997994,3.0476190476190474
513,18,55,4,1.7,0.09114583333333333,0.39999999999999997,3.2
514,17,54,7,1.6666666666666667,0.12760416666666666,0.21295885499997994,3.0476190476190474
515,19,55,8,1.736842105263158,0.1328125,0.4823763889427201,3.3684210526315788
516,18,54,7,1.75,0.12760416666666666,0.39999999999999997,3.2
517,17,55,5,1.7142857142857142,0.1015625,0.21295885499997994,3.0476190476190474
518,18,52,8,1.7,0.14583333333333331,0.39999999999999997,3.2
519,19,52,9,1.736842105263158,0.16145833333333331,0.4823763889427201,3.3684210526315788
520,18,53,8,1.75,0.14322916666666669,0.39999999999999997,3.2
521,18,50,8,1.7,0.1640625,0.39999999999999997,3.2
522,17,55,5,1.7142857142857142,0.10416666666666666,0.21295885499997994,3.0476190476190474
523,19,53,5,1.7894736842105263,0.11979166666666666,0.4823763889427201,3.3684210526315788
524,18,52,10,1.7,0.171875,0.39999999999999997,3.2
525,18,52,8,1.7,0.1484375,0.39999999999999997,3.2
526,17,54,5,1.6666666666666667,0.11197916666666666,0.21295885499997994,3.0476190476190474
527,19,56,6,1.736842105263158,0.109375,0.4823763889427201,3.3684210526315788
528,18,54,8,1.7,0.13541666666666669,0.39999999999999997,3.2
529,18,55,7,1.7,0.12239583333333333,0.39999999999999997,3.2
530,18,52,6,1.7,0.13541666666666666,0.39999999999999997,3.2
531,18,57,5,1.65,0.09375,0.39999999999999997,3.2
532,17,55,5,1.6666666666666667,0.10416666666666666,0.21295885499997994,3.0476190476190474
533,20,51,7,1.8333333333333333,0.14583333333333331,0.49690399499995325,3.5555555555555554
534,19,56,5,1.736842105263158,0.09375,0.4823763889427201,3.3684210526315788
535,18,46,10,1.7,0.21093749999999997,0.39999999999999997,3.2
536,17,53,8,1.7142857142857142,0.1484375,0.21295885499997994,3.0476190476190474
537,19,52,7,1.736842105263158,0.1484375,0.4823763889427201,3.3684210526315788
538,18,59,2,1.7,0.046875,0.39999999999999997,3.2
539,18,51,11,1.7,0.18489583333333334,0.39999999999999997,3.2
540,18,53,7,1.75,0.13802083333333331,0.39999999999999997,3.2
541,19,54,6,1.736842105263158,0.12239583333333333,0.4823763889427201,3.3684210526315788
542,18,53,6,1.75,0.12760416666666666,0.39999999999999997,3.2
543,18,52,7,1.7,0.14583333333333331,0.39999999999999997,3.2
544,17,55,6,1.6666666666666667,0.11458333333333333,0.21295885499997994,3.0476190476190474
545,18,53,6,1.75,0.12499999999999999,0.39999999999999997,3.2
546,18,55,5,1.7,0.10677083333333333,0.39999999999999997,3.2
547,19,48,11,1.736842105263158,0.20572916666666669,0.48237638894272,3.3684210526315788
548,18,56,7,1.75,0.11458333333333333,0.39999999999999997,3.2
549,18,53,7,1.75,0.140625,0.39999999999999997,3.2
550,18,52,6,1.7,0.1328125,0.39999999999999997,3.2
551,18,55,6,1.7,0.11197916666666667,0.39999999999999997,3.2
552,19,54,5,1.736842105263158,0.11197916666666666,0.4823763889427201,3.3684210526315788
553,17,55,7,1.6666666666666667,0.11979166666666666,0.21295885499997994,3.0476190476190474
554,18,53,9,1.7,0.15364583333333334,0.39999999999999997,3.2
555,19,46,11,1.736842105263158,0.22135416666666666,0.4823763889427201,3.3684210526315788
556,18,53,4,1.75,0.10937499999999999,0.39999999999999997,3.2
557,19,52,7,1.7894736842105263,0.140625,0.4823763889427201,3.3684210526315788
558,19,54,6,1.736842105263158,0.11718749999999999,0.48237638894272,3.3684210526315788
559,19,54,6,1.736842105263158,0.1171875,0.4823763889427201,3.3684210526315788
560,18,51,7,1.75,0.14583333333333331,0.39999999999999997,3.2
561,20,52,8,1.7777777777777777,0.1484375,0.49690399499995325,3.5555555555555554
562,18,53,9,1.7,0.15625,0.39999999999999997,3.2
563,18,52,9,1.75,0.16145833333333334,0.39999999999999997,3.2
564,19,55,4,1.7894736842105263,0.08854166666666666,0.48237638894272,3.3684210526315788
565,19,52,9,1.7894736842105263,0.15885416666666666,0.4823763889427201,3.3684210526315788
566,18,57,7,1.7,0.109375,0.39999999999999997,3.2
567,19,51,7,1.736842105263158,0.15364583333333331,0.4823763889427201,3.3684210526315788
568,18,50,10,1.7,0.18229166666666669,0.39999999999999997,3.2
569,18,52,8,1.7,0.15104166666666669,0.39999999999999997,3.2
570,18,52,10,1.7,0.16927083333333331,0.39999999999999997,3.2
571,18,50,7,1.75,0.15104166666666666,0.39999999999999997,3.2
572,19,54,5,1.736842105263158,0.11197916666666666,0.4823763889427201,3.3684210526315788
573,19,52,7,1.736842105263158,0.140625,0.4823763889427201,3.3684210526315788
574,18,51,8,1.7,0.16145833333333331,0.39999999999999997,3.2
575,18,50,7,1.7,0.15625,0.39999999999999997,3.2
576,18,52,8,1.7,0.15364583333333334,0.39999999999999997,3.2
577,17,53,9,1.7142857142857142,0.15364583333333331,0.21295885499997994,3.0476190476190474
578,18,52,10,1.7,0.171875,0.39999999999999997,3.2
579,17,50,7,1.6666666666666667,0.15885416666666666,0.21295885499997994,3.0476190476190474
580,18,55,6,1.65,0.10846560846560846,0.47696960070847283,3.15
581,19,52,9,1.736842105263158,0.1640625,0.4823763889427201,3.3684210526315788
582,18,53,7,1.7,0.1328125,0.39999999999999997,3.2
583,19,52,8,1.736842105263158,0.1484375,0.4823763889427201,3.3684210526315788
584,18,54,8,1.7,0.13802083333333334,0.39999999999999997,3.2
585,18,55,6,1.75,0.11197916666666666,0.39999999999999997,3.2
586,17,51,9,1.6666666666666667,0.16145833333333331,0.21295885499997994,3.0476190476190474
587,19,50,6,1.736842105263158,0.14322916666666666,0.4823763889427201,3.3684210526315788
588,20,51,10,1.7777777777777777,0.1796875,0.49690399499995325,3.5555555555555554
589,18,50,7,1.75,0.15625,0.39999999999999997,3.2
590,20,50,10,1.7777777777777777,0.18229166666666669,0.49690399499995325,3.5555555555555554
591,19,53,8,1.7894736842105263,0.14583333333333331,0.4823763889427201,3.3684210526315788
592,19,50,8,1.736842105263158,0.16145833333333331,0.48237638894272,3.3684210526315788
593,17,53,8,1.6666666666666667,0.14322916666666666,0.21295885499997994,3.0476190476190474
594,18,52,9,1.75,0.16145833333333331,0.39999999999999997,3.2
595,18,52,10,1.7,0.16927083333333334,0.39999999999999997,3.2
596,18,54,7,1.75,0.12760416666666666,0.39999999999999997,3.2
597,18,58,4,1.7,0.07552083333333333,0.39999999999999997,3.2
598,17,48,8,1.6666666666666667,0.17447916666666669,0.21295885499997994,3.0476190476190474
599,19,53,7,1.736842105263158,0.13802083333333331,0.4823763889427201,3.3684210526315788
600,18,47,12,1.65,0.21428571428571427,0.47696960070847283,3.15
601,19,53,6,1.7894736842105263,0.12239583333333331,0.4823763889427201,3.3684210526315788
602,19,50,13,1.736842105263158,0.2109375,0.4823763889427201,3.3684210526315788
603,18,48,10,1.7,0.19791666666666669,0.39999999999999997,3.2
604,18,54,5,1.75,0.11197916666666666,0.39999999999999997,3.2
605,18,49,9,1.75,0.1796875,0.39999999999999997,3.2
606,18,53,10,1.7,0.16145833333333331,0.39999999999999997,3.2
607,17,52,9,1.6666666666666667,0.16145833333333331,0.21295885499997994,3.0476190476190474
608,18,49,10,1.7,0.1875,0.39999999999999997,3.2
609,18,53,6,1.7,0.12760416666666669,0.39999999999999997,3.2
610,19,51,10,1.736842105263158,0.17447916666666669,0.4823763889427201,3.3684210526315788
611,18,53,5,1.7,0.11458333333333331,0.39999999999999997,3.2
612,19,55,7,1.7894736842105263,0.12239583333333333,0.4823763889427201,3.3684210526315788
613,18,50,10,1.7,0.18229166666666669,0.39999999999999997,3.2
614,18,51,7,1.75,0.14583333333333331,0.39999999999999997,3.2
615,18,47,10,1.7,0.203125,0.39999999999999997,3.2
616,18,50,10,1.7,0.18229166666666669,0.39999999999999997,3.2
617,17,50,8,1.6666666666666667,0.16666666666666669,0.21295885499997994,3.0476190476190474
618,18,51,10,1.7,0.1796875,0.39999999999999997,3.2
619,18,49,11,1.7,0.203125,0.39999999999999997,3.2
620,19,54,9,1.7894736842105263,0.1484375,0.4823763889427201,3.3684210526315788
621,17,51,6,1.6666666666666667,0.1484375,0.21295885499997994,3.0476190476190474
622,18,48,10,1.7,0.19047619047619047,0.47696960070847283,3.15
623,17,53,10,1.6666666666666667,0.16145833333333331,0.21295885499997994,3.0476190476190474
624,18,47,10,1.75,0.20052083333333331,0.39999999999999997,3.2
625,17,53,7,1.6666666666666667,0.13541666666666669,0.21295885499997994,3.0476190476190474
626,18,51,11,1.7,0.1875,0.39999999999999997,3.2
627,19,54,7,1.736842105263158,0.125,0.4823763889427201,3.3684210526315788
628,18,53,9,1.7,0.15625,0.39999999999999997,3.2
629,19,48,9,1.6842105263157894,0.18518518518518517,0.5668594533825794,3.3157894736842106
630,18,46,14,1.7,0.24338624338624337,0.47696960070847283,3.15
631,19,49,11,1.736842105263158,0.20052083333333334,0.4823763889427201,3.3684210526315788
632,18,48,11,1.7,0.20833333333333331,0.39999999999999997,3.2
633,18,49,10,1.7,0.1953125,0.39999999999999997,3.2
634,18,44,14,1.65,0.2592592592592593,0.47696960070847283,3.15
635,18,47,12,1.7,0.21875000000000003,0.39999999999999997,3.2
636,19,46,12,1.736842105263158,0.22395833333333331,0.4823763889427201,3.3684210526315788
637,19,50,9,1.736842105263158,0.16927083333333334,0.48237638894272,3.3684210526315788
638,19,49,10,1.736842105263158,0.19010416666666669,0.4823763889427201,3.3684210526315788
639,19,55,5,1.736842105263158,0.10416666666666666,0.48237638894272,3.3684210526315788
640,18,51,11,1.7,0.1875,0.39999999999999997,3.2
641,18,52,8,1.7,0.15364583333333331,0.39999999999999997,3.2
642,18,48,11,1.7,0.20572916666666669,0.39999999999999997,3.2
643,18,54,5,1.7,0.11197916666666666,0.39999999999999997,3.2
644,19,50,12,1.736842105263158,0.203125,0.4823763889427201,3.3684210526315788
645,20,50,10,1.8333333333333333,0.18229166666666669,0.49690399499995325,3.5555555555555554
646,17,46,10,1.7142857142857142,0.21354166666666663,0.21295885499997994,3.0476190476190474
647,18,51,11,1.7,0.18489583333333331,0.39999999999999997,3.2
648,18,48,12,1.7,0.21354166666666669,0.39999999999999997,3.2
649,17,53,10,1.6666666666666667,0.1640625,0.21295885499997994,3.0476190476190474
650,19,51,7,1.736842105263158,0.1484375,0.4823763889427201,3.3684210526315788
651,18,49,10,1.7,0.19010416666666666,0.39999999999999997,3.2
652,19,49,11,1.736842105263158,0.19531249999999997,0.4823763889427201,3.3684210526315788
653,19,50,9,1.736842105263158,0.1796875,0.4823763889427201,3.3684210526315788
654,18,48,10,1.7,0.19791666666666669,0.39999999999999997,3.2
655,18,52,10,1.7,0.171875,0.39999999999999997,3.2
656,19,50,9,1.736842105263158,0.171875,0.4823763889427201,3.3684210526315788
657,20,50,8,1.7777777777777777,0.16666666666666669,0.49690399499995325,3.5555555555555554
658,18,51,7,1.7,0.15364583333333331,0.39999999999999997,3.2
659,18,52,7,1.75,0.14583333333333331,0.39999999999999997,3.2
660,19,53,8,1.736842105263158,0.14322916666666666,0.4823763889427201,3.3684210526315788
661,19,48,12,1.7894736842105263,0.21354166666666666,0.4823763889427201,3.3684210526315788
662,18,51,10,1.7,0.17708333333333331,0.39999999999999997,3.2
663,19,48,10,1.736842105263158,0.19791666666666666,0.4823763889427201,3.3684210526315788
664,18,50,11,1.7,0.19010416666666669,0.39999999999999997,3.2
665,18,46,12,1.7,0.2265625,0.39999999999999997,3.2
666,18,46,13,1.7,0.23177083333333337,0.39999999999999997,3.2
667,19,52,10,1.6842105263157894,0.164021164021164,0.5668594533825794,3.3157894736842106
668,19,49,10,1.736842105263158,0.19010416666666666,0.4823763889427201,3.3684210526315788
669,18,53,8,1.7,0.14322916666666666,0.39999999999999997,3.2
670,18,46,12,1.7,0.22656249999999997,0.39999999999999997,3.2
671,18,48,13,1.7,0.22395833333333334,0.39999999999999997,3.2
672,19,50,8,1.6842105263157894,0.1613756613756614,0.5668594533825794,3.3157894736842106
673,19,46,13,1.736842105263158,0.23958333333333331,0.4823763889427201,3.3684210526315788
674,18,49,11,1.7,0.20052083333333334,0.39999999999999997,3.2
675,18,50,11,1.7,0.1953125,0.39999999999999997,3.2
676,19,49,12,1.736842105263158,0.20833333333333334,0.48237638894272,3.3684210526315788
677,19,48,12,1.7894736842105263,0.21354166666666666,0.4823763889427201,3.3684210526315788
678,18,46,12,1.7,0.23177083333333334,0.39999999999999997,3.2
679,19,48,12,1.736842105263158,0.2109375,0.4823763889427201,3.3684210526315788
680,19,46,10,1.736842105263158,0.21354166666666666,0.4823763889427201,3.3684210526315788
681,18,48,10,1.7,0.20052083333333331,0.39999999999999997,3.2
682,18,51,9,1.75,0.16666666666666666,0.39999999999999997,3.2
683,19,51,11,1.736842105263158,0.18489583333333331,0.48237638894272,3.3684210526315788
684,18,46,10,1.7,0.2109375,0.39999999999999997,3.2
685,18,50,11,1.7,0.1875,0.39999999999999997,3.2
686,19,50,6,1.736842105263158,0.1484375,0.4823763889427201,3.3684210526315788
687,18,43,12,1.7,0.24479166666666669,0.39999999999999997,3.2
688,18,50,11,1.7,0.1953125,0.39999999999999997,3.2
689,17,49,9,1.7142857142857142,0.1796875,0.21295885499997994,3.0476190476190474
690,18,52,9,1.7,0.15885416666666666,0.39999999999999997,3.2
691,18,44,11,1.7,0.22395833333333334,0.39999999999999997,3.2
692,19,44,12,1.736842105263158,0.2421875,0.4823763889427201,3.3684210526315788
693,18,52,10,1.7,0.16927083333333334,0.39999999999999997,3.2
694,18,47,11,1.65,0.21164021164021166,0.47696960070847283,3.15
695,18,50,9,1.7,0.17447916666666666,0.39999999999999997,3.2
696,18,47,11,1.7,0.21354166666666666,0.39999999999999997,3.2
697,18,48,11,1.7,0.20572916666666666,0.39999999999999997,3.2
698,17,50,11,1.6666666666666667,0.19270833333333331,0.21295885499997994,3.0476190476190474
699,19,50,13,1.736842105263158,0.2109375,0.4823763889427201,3.3684210526315788
700,17,50,10,1.6666666666666667,0.18489583333333331,0.21295885499997994,3.0476190476190474
701,18,45,13,1.7,0.24479166666666666,0.39999999999999997,3.2
702,18,50,11,1.7,0.19270833333333334,0.39999999999999997,3.2
703,19,45,12,1.7894736842105263,0.22916666666666669,0.4823763889427201,3.3684210526315788
704,19,48,13,1.736842105263158,0.22395833333333331,0.4823763889427201,3.3684210526315788
705,18,46,11,1.7,0.21875,0.39999999999999997,3.2
706,18,50,11,1.7,0.1875,0.39999999999999997,3.2
707,20,45,14,1.7777777777777777,0.2552083333333333,0.49690399499995325,3.5555555555555554
708,19,49,12,1.736842105263158,0.20833333333333331,0.4823763889427201,3.3684210526315788
709,19,47,11,1.736842105263158,0.20833333333333331,0.4823763889427201,3.3684210526315788
710,18,51,9,1.7,0.16927083333333334,0.39999999999999997,3.2
711,19,49,8,1.6842105263157894,0.16402116402116404,0.5668594533825794,3.3157894736842106
712,18,52,9,1.65,0.16145833333333331,0.39999999999999997,3.2
713,19,51,11,1.736842105263158,0.18489583333333331,0.4823763889427201,3.3684210526315788
714,19,48,12,1.736842105263158,0.21614583333333331,0.4823763889427201,3.3684210526315788
715,19,49,15,1.736842105263158,0.234375,0.48237638894272,3.3684210526315788
716,18,45,14,1.7,0.25,0.39999999999999997,3.2
717,18,52,7,1.7,0.1484375,0.39999999999999997,3.2
718,19,48,12,1.736842105263158,0.21614583333333331,0.4823763889427201,3.3684210526315788
719,18,49,12,1.7,0.20833333333333331,0.39999999999999997,3.2
720,18,45,9,1.7,0.20052083333333334,0.39999999999999997,3.2
721,18,50,11,1.7,0.19010416666666669,0.39999999999999997,3.2
722,19,49,10,1.736842105263158,0.19270833333333334,0.48237638894272,3.3684210526315788
723,18,45,12,1.65,0.23544973544973544,0.47696960070847283,3.15
724,18,49,11,1.7,0.20052083333333331,0.39999999999999997,3.2
725,19,47,12,1.736842105263158,0.22395833333333334,0.4823763889427201,3.3684210526315788
726,19,47,14,1.7894736842105263,0.23697916666666669,0.4823763889427201,3.3684210526315788
727,19,46,13,1.736842105263158,0.23697916666666669,0.4823763889427201,3.3684210526315788
728,19,50,12,1.736842105263158,0.203125,0.4823763889427201,3.3684210526315788
729,19,47,14,1.736842105263158,0.23958333333333331,0.4823763889427201,3.3684210526315788
730,18,48,14,1.7,0.23177083333333331,0.39999999999999997,3.2
731,19,51,10,1.736842105263158,0.17708333333333331,0.4823763889427201,3.3684210526315788
732,18,46,10,1.75,0.21354166666666666,0.39999999999999997,3.2
733,19,49,10,1.736842105263158,0.19270833333333331,0.4823763889427201,3.3684210526315788
734,19,45,11,1.736842105263158,0.22916666666666663,0.4823763889427201,3.3684210526315788
735,20,50,11,1.7777777777777777,0.19010416666666669,0.49690399499995325,3.5555555555555554
736,19,51,11,1.736842105263158,0.18489583333333331,0.4823763889427201,3.3684210526315788
737,19,51,8,1.736842105263158,0.16145833333333334,0.48237638894272,3.3684210526315788
738,19,42,13,1.736842105263158,0.265625,0.4823763889427201,3.3684210526315788
739,18,47,13,1.7,0.22916666666666666,0.39999999999999997,3.2
740,19,44,12,1.6842105263157894,0.23544973544973546,0.5668594533825794,3.3157894736842106
741,19,47,12,1.736842105263158,0.22135416666666666,0.48237638894272,3.3684210526315788
742,19,47,13,1.736842105263158,0.23177083333333331,0.4823763889427201,3.3684210526315788
743,19,46,13,1.736842105263158,0.2421875,0.4823763889427201,3.3684210526315788
744,18,47,13,1.65,0.23015873015873015,0.47696960070847283,3.15
745,19,51,8,1.736842105263158,0.15885416666666666,0.4823763889427201,3.3684210526315788
746,18,48,11,1.7,0.20572916666666666,0.39999999999999997,3.2
747,18,51,10,1.7,0.17708333333333331,0.39999999999999997,3.2
748,19,49,11,1.736842105263158,0.19791666666666666,0.4823763889427201,3.3684210526315788
749,19,49,9,1.736842105263158,0.1796875,0.4823763889427201,3.3684210526315788
750,19,49,12,1.736842105263158,0.2109375,0.4823763889427201,3.3684210526315788
751,18,48,11,1.7,0.20833333333333331,0.39999999999999997,3.2
752,18,45,11,1.7,0.22395833333333334,0.39999999999999997,3.2
753,19,40,14,1.736842105263158,0.2890625,0.4823763889427201,3.3684210526315788
754,19,51,11,1.736842105263158,0.1875,0.48237638894272,3.3684210526315788
755,19,47,12,1.736842105263158,0.21875,0.4823763889427201,3.3684210526315788
756,19,46,11,1.736842105263158,0.22135416666666666,0.4823763889427201,3.3684210526315788
757,18,46,11,1.7,0.21614583333333331,0.39999999999999997,3.2
758,19,48,12,1.736842105263158,0.21354166666666663,0.4823763889427201,3.3684210526315788
759,18,47,12,1.7,0.2265625,0.39999999999999997,3.2
760,19,50,12,1.736842105263158,0.203125,0.48237638894272,3.3684210526315788
761,18,46,15,1.7,0.2526041666666667,0.39999999999999997,3.2
762,19,49,11,1.7894736842105263,0.1953125,0.4823763889427201,3.3684210526315788
763,18,46,13,1.7,0.23958333333333331,0.39999999999999997,3.2
764,19,44,12,1.736842105263158,0.24739583333333334,0.48237638894272,3.3684210526315788
765,19,48,12,1.736842105263158,0.21614583333333331,0.4823763889427201,3.3684210526315788
766,18,44,15,1.7,0.26822916666666663,0.39999999999999997,3.2
767,18,46,11,1.7,0.22135416666666669,0.39999999999999997,3.2
768,19,49,12,1.736842105263158,0.20572916666666669,0.4823763889427201,3.3684210526315788
769,18,44,16,1.7,0.2734375,0.39999999999999997,3.2
770,19,46,13,1.736842105263158,0.23697916666666663,0.4823763889427201,3.3684210526315788
771,19,49,10,1.736842105263158,0.1953125,0.4823763889427201,3.3684210526315788
772,19,50,13,1.736842105263158,0.2109375,0.4823763889427201,3.3684210526315788
773,18,46,10,1.7,0.21354166666666666,0.39999999999999997,3.2
774,19,48,11,1.736842105263158,0.203125,0.4823763889427201,3.3684210526315788
775,19,46,13,1.736842105263158,0.23697916666666666,0.48237638894272,3.3684210526315788
776,20,49,12,1.7777777777777777,0.2109375,0.49690399499995325,3.5555555555555554
777,18,46,12,1.7,0.22395833333333331,0.39999999999999997,3.2
778,19,49,10,1.736842105263158,0.1875,0.4823763889427201,3.3684210526315788
779,18,47,13,1.7,0.234375,0.39999999999999997,3.2
780,20,45,10,1.8333333333333333,0.22395833333333331,0.49690399499995325,3.5555555555555554
781,18,45,14,1.7,0.2526041666666667,0.39999999999999997,3.2
782,19,50,11,1.736842105263158,0.19270833333333331,0.4823763889427201,3.3684210526315788
783,18,47,13,1.7,0.22916666666666663,0.39999999999999997,3.2
784,18,50,11,1.7,0.18783068783068782,0.47696960070847283,3.15
785,18,48,12,1.7,0.21164021164021166,0.47696960070847283,3.15
786,18,49,10,1.7,0.19010416666666669,0.39999999999999997,3.2
787,19,43,13,1.736842105263158,0.265625,0.48237638894272,3.3684210526315788
788,19,46,14,1.736842105263158,0.24479166666666666,0.4823763889427201,3.3684210526315788
789,18,43,16,1.7,0.28125,0.39999999999999997,3.2
790,17,51,13,1.6666666666666667,0.203125,0.21295885499997994,3.0476190476190474
791,19,48,14,1.736842105263158,0.23177083333333334,0.4823763889427201,3.3684210526315788
792,18,48,12,1.7,0.21354166666666669,0.39999999999999997,3.2
793,18,45,14,1.7,0.2526041666666667,0.39999999999999997,3.2
794,19,43,14,1.736842105263158,0.265625,0.4823763889427201,3.3684210526315788
795,18,46,12,1.7,0.23177083333333331,0.39999999999999997,3.2
796,20,46,9,1.7777777777777777,0.20572916666666669,0.49690399499995325,3.5555555555555554
797,19,49,10,1.736842105263158,0.19270833333333334,0.4823763889427201,3.3684210526315788
798,19,46,15,1.736842105263158,0.25260416666666663,0.4823763889427201,3.3684210526315788
799,18,49,12,1.75,0.20572916666666666,0.39999999999999997,3.2
800,19,45,13,1.736842105263158,0.24479166666666666,0.4823763889427201,3.3684210526315788
801,18,47,11,1.75,0.2109375,0.39999999999999997,3.2
802,19,45,16,1.736842105263158,0.2708333333333333,0.4823763889427201,3.3684210526315788
803,18,46,13,1.7,0.23958333333333334,0.39999999999999997,3.2
804,18,45,16,1.7,0.27083333333333337,0.39999999999999997,3.2
805,18,46,14,1.7,0.24479166666666669,0.39999999999999997,3.2
806,18,49,13,1.7,0.21354166666666669,0.39999999999999997,3.2
807,19,46,14,1.736842105263158,0.25,0.4823763889427201,3.3684210526315788
808,19,47,14,1.736842105263158,0.2421875,0.4823763889427201,3.3684210526315788
809,19,48,14,1.736842105263158,0.234375,0.4823763889427201,3.3684210526315788
810,17,50,11,1.6666666666666667,0.1953125,0.21295885499997994,3.0476190476190474
811,19,43,16,1.736842105263158,0.2838541666666667,0.4823763889427201,3.3684210526315788
812,19,43,13,1.6842105263157894,0.26041666666666663,0.4823763889427201,3.3684210526315788
813,18,45,14,1.7,0.25260416666666663,0.39999999999999997,3.2
814,19,47,13,1.736842105263158,0.23177083333333334,0.4823763889427201,3.3684210526315788
815,20,44,13,1.7777777777777777,0.24739583333333334,0.49690399499995325,3.5555555555555554
816,19,46,10,1.6842105263157894,0.20634920634920634,0.5668594533825794,3.3157894736842106
817,19,44,15,1.736842105263158,0.265625,0.4823763889427201,3.3684210526315788
818,19,43,15,1.736842105263158,0.2786458333333333,0.4823763889427201,3.3684210526315788
819,19,46,13,1.736842105263158,0.2421875,0.48237638894272,3.3684210526315788
820,18,45,12,1.65,0.22751322751322753,0.47696960070847283,3.15
821,18,44,11,1.7,0.23177083333333331,0.39999999999999997,3.2
822,18,46,11,1.7,0.22135416666666663,0.39999999999999997,3.2
823,18,49,8,1.7,0.17447916666666666,0.39999999999999997,3.2
824,19,46,14,1.736842105263158,0.24479166666666669,0.4823763889427201,3.3684210526315788
825,18,47,11,1.7,0.21354166666666666,0.39999999999999997,3.2
826,19,46,13,1.736842105263158,0.23697916666666669,0.4823763889427201,3.3684210526315788
827,18,44,15,1.7,0.26822916666666663,0.39999999999999997,3.2
828,19,48,14,1.736842105263158,0.234375,0.4823763889427201,3.3684210526315788
829,19,48,14,1.736842105263158,0.23177083333333334,0.4823763889427201,3.3684210526315788
830,19,45,13,1.736842105263158,0.2421875,0.4823763889427201,3.3684210526315788
831,19,48,12,1.736842105263158,0.21354166666666669,0.4823763889427201,3.3684210526315788
832,19,44,16,1.736842105263158,0.27604166666666663,0.4823763889427201,3.3684210526315788
833,19,45,15,1.736842105263158,0.26041666666666663,0.4823763889427201,3.3684210526315788
834,19,48,12,1.736842105263158,0.21614583333333334,0.4823763889427201,3.3684210526315788
835,17,39,18,1.6666666666666667,0.3307291666666667,0.21295885499997994,3.0476190476190474
836,19,48,11,1.736842105263158,0.2109375,0.4823763889427201,3.3684210526315788
837,18,46,12,1.7,0.22916666666666666,0.39999999999999997,3.2
838,18,51,11,1.75,0.1875,0.39999999999999997,3.2
839,18,47,14,1.7,0.23958333333333331,0.39999999999999997,3.2
840,18,46,15,1.7,0.25520833333333337,0.39999999999999997,3.2
841,20,47,14,1.7777777777777777,0.23958333333333331,0.49690399499995325,3.5555555555555554
842,18,45,14,1.7,0.2526041666666667,0.39999999999999997,3.2
843,18,46,13,1.7,0.23697916666666669,0.39999999999999997,3.2
844,18,43,14,1.7,0.26302083333333337,0.39999999999999997,3.2
845,19,46,13,1.736842105263158,0.23958333333333331,0.4823763889427201,3.3684210526315788
846,19,43,13,1.736842105263158,0.2578125,0.4823763889427201,3.3684210526315788
847,19,47,13,1.736842105263158,0.234375,0.4823763889427201,3.3684210526315788
848,19,45,13,1.736842105263158,0.24739583333333334,0.4823763889427201,3.3684210526315788
849,19,44,15,1.736842105263158,0.265625,0.4823763889427201,3.3684210526315788
850,18,45,11,1.75,0.23177083333333331,0.39999999999999997,3.2
851,19,42,15,1.736842105263158,0.28125,0.4823763889427201,3.3684210526315788
852,18,40,14,1.7,0.2890625,0.39999999999999997,3.2
853,19,44,15,1.736842105263158,0.27083333333333337,0.4823763889427201,3.3684210526315788
854,19,44,15,1.736842105263158,0.265625,0.4823763889427201,3.3684210526315788
855,18,46,14,1.7,0.25,0.39999999999999997,3.2
856,18,40,18,1.7,0.3203125,0.39999999999999997,3.2
857,18,48,10,1.7,0.19270833333333331,0.39999999999999997,3.2
858,19,48,14,1.736842105263158,0.23177083333333334,0.4823763889427201,3.3684210526315788
859,19,47,12,1.736842105263158,0.22135416666666666,0.4823763889427201,3.3684210526315788
860,18,48,11,1.7,0.203125,0.39999999999999997,3.2
861,18,47,11,1.7,0.21614583333333331,0.39999999999999997,3.2
862,18,46,13,1.7,0.23437500000000003,0.39999999999999997,3.2
863,19,45,11,1.736842105263158,0.2265625,0.4823763889427201,3.3684210526315788
864,20,48,13,1.7777777777777777,0.22395833333333334,0.49690399499995325,3.5555555555555554
865,18,46,15,1.7,0.2552083333333333,0.39999999999999997,3.2
866,19,43,16,1.736842105263158,0.28645833333333337,0.4823763889427201,3.3684210526315788
867,17,46,15,1.6666666666666667,0.2552083333333333,0.21295885499997994,3.0476190476190474
868,19,47,10,1.736842105263158,0.20833333333333334,0.4823763889427201,3.3684210526315788
869,19,44,13,1.736842105263158,0.25520833333333337,0.4823763889427201,3.3684210526315788
870,18,43,14,1.7,0.2682291666666667,0.39999999999999997,3.2
871,18,40,16,1.7,0.3046875,0.39999999999999997,3.2
872,19,43,15,1.736842105263158,0.27604166666666663,0.4823763889427201,3.3684210526315788
873,18,44,17,1.7,0.2890625,0.39999999999999997,3.2
874,19,42,16,1.736842105263158,0.2916666666666667,0.4823763889427201,3.3684210526315788
875,19,45,15,1.736842105263158,0.2630208333333333,0.4823763889427201,3.3684210526315788
876,19,48,13,1.736842105263158,0.2265625,0.4823763889427201,3.3684210526315788
877,18,45,15,1.7,0.2578125,0.39999999999999997,3.2
878,18,43,16,1.7,0.28385416666666663,0.39999999999999997,3.2
879,20,45,14,1.7777777777777777,0.25260416666666663,0.49690399499995325,3.5555555555555554
880,19,44,13,1.6842105263157894,0.2486772486772487,0.5668594533825794,3.3157894736842106
881,18,46,14,1.7,0.24479166666666669,0.39999999999999997,3.2
882,20,43,16,1.7777777777777777,0.2890625,0.49690399499995325,3.5555555555555554
883,18,41,18,1.7,0.3177083333333333,0.39999999999999997,3.2
884,19,44,14,1.736842105263158,0.2604166666666667,0.4823763889427201,3.3684210526315788
885,18,46,15,1.7,0.2526041666666667,0.39999999999999997,3.2
886,20,45,14,1.7777777777777777,0.25260416666666663,0.49690399499995325,3.5555555555555554
887,19,42,17,1.736842105263158,0.296875,0.4823763889427201,3.3684210526315788
888,18,43,13,1.7,0.26041666666666663,0.39999999999999997,3.2
889,19,47,13,1.736842105263158,0.22916666666666666,0.4823763889427201,3.3684210526315788
890,18,47,12,1.7,0.22135416666666669,0.39999999999999997,3.2
891,19,45,13,1.736842105263158,0.24479166666666669,0.4823763889427201,3.3684210526315788
892,18,42,17,1.7,0.2994791666666667,0.39999999999999997,3.2
893,19,46,15,1.736842105263158,0.2578125,0.4823763889427201,3.3684210526315788
894,18,44,15,1.65,0.2671957671957672,0.47696960070847283,3.15
895,19,44,15,1.736842105263158,0.27083333333333337,0.4823763889427201,3.3684210526315788
896,19,47,13,1.736842105263158,0.22916666666666666,0.4823763889427201,3.3684210526315788
897,19,44,16,1.736842105263158,0.2760416666666667,0.4823763889427201,3.3684210526315788
898,19,43,14,1.736842105263158,0.2708333333333333,0.4823763889427201,3.3684210526315788
899,19,41,14,1.736842105263158,0.2786458333333333,0.4823763889427201,3.3684210526315788
900,18,48,13,1.7,0.22395833333333334,0.39999999999999997,3.2
901,18,43,16,1.7,0.28385416666666663,0.39999999999999997,3.2
902,20,43,12,1.7777777777777777,0.25,0.49690399499995325,3.5555555555555554
903,17,42,15,1.6666666666666667,0.2864583333333333,0.21295885499997994,3.0476190476190474
904,18,47,13,1.7,0.23177083333333331,0.39999999999999997,3.2
905,18,45,15,1.7,0.2604166666666667,0.39999999999999997,3.2
906,18,45,16,1.7,0.2708333333333333,0.39999999999999997,3.2
907,19,46,11,1.736842105263158,0.22135416666666663,0.4823763889427201,3.3684210526315788
908,18,45,14,1.7,0.25520833333333337,0.39999999999999997,3.2
909,19,43,14,1.736842105263158,0.2630208333333333,0.4823763889427201,3.3684210526315788
910,19,46,15,1.736842105263158,0.2578125,0.4823763889427201,3.3684210526315788
911,18,46,15,1.7,0.2552083333333333,0.39999999999999997,3.2
912,18,46,14,1.7,0.25,0.39999999999999997,3.2
913,18,46,13,1.7,0.23697916666666669,0.39999999999999997,3.2
914,18,45,14,1.7,0.2578125,0.39999999999999997,3.2
915,19,41,17,1.736842105263158,0.3046875,0.4823763889427201,3.3684210526315788
916,20,44,15,1.7222222222222223,0.2671957671957672,0.6009252125773316,3.5
917,19,45,16,1.736842105263158,0.2708333333333333,0.4823763889427201,3.3684210526315788
918,18,43,17,1.7,0.29427083333333337,0.39999999999999997,3.2
919,19,41,16,1.736842105263158,0.3020833333333333,0.4823763889427201,3.3684210526315788
920,19,43,16,1.736842105263158,0.2838541666666667,0.4823763889427201,3.3684210526315788
921,19,42,18,1.736842105263158,0.3098958333333333,0.4823763889427201,3.3684210526315788
922,18,46,14,1.7,0.24739583333333331,0.39999999999999997,3.2
923,18,46,16,1.7,0.2630208333333333,0.39999999999999997,3.2
924,19,42,17,1.736842105263158,0.296875,0.4823763889427201,3.3684210526315788
925,17,47,13,1.6666666666666667,0.23177083333333331,0.21295885499997994,3.0476190476190474
926,19,46,15,1.736842105263158,0.2578125,0.4823763889427201,3.3684210526315788
927,18,45,12,1.65,0.23544973544973546,0.47696960070847283,3.15
928,20,43,16,1.7777777777777777,0.28385416666666663,0.49690399499995325,3.5555555555555554
929,19,36,19,1.736842105263158,0.3567708333333333,0.4823763889427201,3.3684210526315788
930,18,42,17,1.7,0.30208333333333337,0.39999999999999997,3.2
931,18,42,18,1.7,0.30729166666666663,0.39999999999999997,3.2
932,19,44,17,1.6842105263157894,0.2857142857142857,0.5668594533825794,3.3157894736842106
933,19,41,17,1.736842105263158,0.30729166666666663,0.4823763889427201,3.3684210526315788
934,19,44,17,1.736842105263158,0.2864583333333333,0.4823763889427201,3.3684210526315788
935,19,47,13,1.736842105263158,0.22916666666666666,0.4823763889427201,3.3684210526315788
936,18,46,13,1.7,0.23697916666666666,0.39999999999999997,3.2
937,18,48,12,1.7,0.21354166666666669,0.39999999999999997,3.2
938,18,43,18,1.7,0.3020833333333333,0.39999999999999997,3.2
939,19,44,14,1.736842105263158,0.2604166666666667,0.48237638894272,3.3684210526315788
940,18,46,12,1.7,0.22916666666666669,0.39999999999999997,3.2
941,17,47,15,1.6666666666666667,0.25,0.21295885499997994,3.0476190476190474
942,19,45,15,1.736842105263158,0.26041666666666663,0.4823763889427201,3.3684210526315788
943,18,44,14,1.7,0.2604166666666667,0.39999999999999997,3.2
944,19,44,15,1.6842105263157894,0.26719576719576715,0.5668594533825794,3.3157894736842106
945,19,46,14,1.736842105263158,0.24479166666666666,0.4823763889427201,3.3684210526315788
946,19,43,17,1.7894736842105263,0.2942708333333333,0.4823763889427201,3.3684210526315788
947,19,45,14,1.736842105263158,0.25260416666666663,0.4823763889427201,3.3684210526315788
948,20,41,14,1.7777777777777777,0.27864583333333337,0.49690399499995325,3.5555555555555554
949,19,46,14,1.736842105263158,0.24479166666666666,0.4823763889427201,3.3684210526315788
950,18,51,10,1.7,0.17708333333333334,0.39999999999999997,3.2
951,19,47,13,1.736842105263158,0.23177083333333331,0.4823763889427201,3.3684210526315788
952,18,45,15,1.7,0.2630208333333333,0.39999999999999997,3.2
953,20,43,15,1.7777777777777777,0.27604166666666663,0.49690399499995325,3.5555555555555554
954,18,46,14,1.7,0.25,0.39999999999999997,3.2
955,19,41,17,1.736842105263158,0.3125,0.4823763889427201,3.3684210526315788
956,18,43,15,1.7,0.2786458333333333,0.39999999999999997,3.2
957,19,43,14,1.736842105263158,0.2682291666666667,0.4823763889427201,3.3684210526315788
958,18,42,17,1.7,0.3046875,0.39999999999999997,3.2
959,20,45,15,1.7777777777777777,0.265625,0.49690399499995325,3.5555555555555554
960,18,41,17,1.7,0.30729166666666663,0.39999999999999997,3.2
961,19,43,14,1.736842105263158,0.27083333333333337,0.4823763889427201,3.3684210526315788
962,18,45,12,1.7,0.23958333333333331,0.39999999999999997,3.2
963,19,43,16,1.736842105263158,0.28645833333333337,0.48237638894272,3.3684210526315788
964,18,44,15,1.7,0.2682291666666667,0.39999999999999997,3.2
965,19,41,16,1.736842105263158,0.2994791666666667,0.4823763889427201,3.3684210526315788
966,18,44,15,1.7,0.2708333333333333,0.39999999999999997,3.2
967,19,45,13,1.7894736842105263,0.25,0.48237638894272,3.3684210526315788
968,18,45,15,1.7,0.26302083333333337,0.39999999999999997,3.2
969,20,45,15,1.7777777777777777,0.2604166666666667,0.49690399499995325,3.5555555555555554
970,19,45,14,1.736842105263158,0.25260416666666663,0.4823763889427201,3.3684210526315788
971,20,44,15,1.7777777777777777,0.265625,0.49690399499995325,3.5555555555555554
972,18,46,13,1.7,0.23958333333333334,0.39999999999999997,3.2
973,18,40,18,1.7,0.32552083333333337,0.39999999999999997,3.2
974,19,42,17,1.736842105263158,0.3046875,0.4823763889427201,3.3684210526315788
975,19,42,15,1.736842105263158,0.28125,0.4823763889427201,3.3684210526315788
976,19,41,15,1.736842105263158,0.2864583333333333,0.4823763889427201,3.3684210526315788
977,19,44,15,1.736842105263158,0.26822916666666663,0.48237638894272,3.3684210526315788
978,20,43,16,1.7777777777777777,0.28645833333333337,0.49690399499995325,3.5555555555555554
979,19,41,18,1.736842105263158,0.3203125,0.4823763889427201,3.3684210526315788
980,18,42,19,1.7,0.31510416666666663,0.39999999999999997,3.2
981,19,43,15,1.736842105263158,0.2734375,0.4823763889427201,3.3684210526315788
982,19,44,18,1.736842105263158,0.296875,0.4823763889427201,3.3684210526315788
983,18,40,19,1.7,0.33072916666666663,0.39999999999999997,3.2
984,18,45,16,1.7,0.2734375,0.39999999999999997,3.2
985,20,40,19,1.7777777777777777,0.3307291666666667,0.49690399499995325,3.5555555555555554
986,19,42,16,1.736842105263158,0.29427083333333337,0.4823763889427201,3.3684210526315788
987,19,42,19,1.736842105263158,0.3203125,0.4823763889427201,3.3684210526315788
988,19,46,16,1.7894736842105263,0.265625,0.4823763889427201,3.3684210526315788
989,19,45,15,1.736842105263158,0.26302083333333337,0.4823763889427201,3.3684210526315788
990,18,45,16,1.65,0.2698412698412698,0.47696960070847283,3.15
991,18,44,15,1.7,0.2708333333333333,0.39999999999999997,3.2
992,18,44,15,1.7,0.2708333333333333,0.39999999999999997,3.2
993,18,38,19,1.65,0.34656084656084657,0.47696960070847283,3.15
994,19,47,15,1.736842105263158,0.25,0.4823763889427201,3.3684210526315788
995,19,42,18,1.736842105263158,0.3072916666666667,0.4823763889427201,3.3684210526315788
996,18,45,14,1.75,0.25520833333333337,0.39999999999999997,3.2
997,18,42,17,1.7,0.30208333333333337,0.39999999999999997,3.2
998,19,45,16,1.736842105263158,0.2708333333333333,0.4823763889427201,3.3684210526315788
999,19,43,17,1.736842105263158,0.2942708333333333,0.4823763889427201,3.3684210526315788
1000,18,44,16,1.7,0.2786458333333333,0.39999999999999997,3.2
1001,18,41,17,1.7,0.30729166666666663,0.39999999999999997,3.2
1002,20,40,18,1.7222222222222223,0.32275132275132273,0.6009252125773316,3.5
1003,19,42,15,1.736842105263158,0.27864583333333337,0.4823763889427201,3.3684210526315788
1004,19,44,15,1.6842105263157894,0.26455026455026454,0.5668594533825794,3.3157894736842106
1005,18,40,19,1.7,0.3307291666666667,0.39999999999999997,3.2
1006,18,41,18,1.7,0.3125,0.39999999999999997,3.2
1007,19,42,16,1.736842105263158,0.2890625,0.4823763889427201,3.3684210526315788
1008,19,42,18,1.736842105263158,0.3125,0.4823763889427201,3.3684210526315788
1009,18,43,16,1.7,0.28645833333333337,0.39999999999999997,3.2
1010,20,42,18,1.7777777777777777,0.3125,0.49690399499995325,3.5555555555555554
1011,19,44,14,1.736842105263158,0.26041666666666663,0.4823763889427201,3.3684210526315788
1012,18,46,13,1.7,0.23958333333333334,0.39999999999999997,3.2
1013,18,43,16,1.7,0.2890625,0.39999999999999997,3.2
1014,19,47,15,1.736842105263158,0.25,0.4823763889427201,3.3684210526315788
1015,19,43,15,1.736842105263158,0.2786458333333333,0.4823763889427201,3.3684210526315788
1016,18,38,19,1.7,0.34375,0.39999999999999997,3.2
1017,18,41,20,1.7,0.33333333333333337,0.39999999999999997,3.2
1018,19,42,16,1.736842105263158,0.2916666666666667,0.4823763889427201,3.3684210526315788
1019,19,45,13,1.736842105263158,0.24739583333333331,0.4823763889427201,3.3684210526315788
1020,19,39,18,1.736842105263158,0.3307291666666667,0.4823763889427201,3.3684210526315788
1021,19,40,15,1.736842105263158,0.3020833333333333,0.4823763889427201,3.3684210526315788
1022,18,45,16,1.7,0.2734375,0.39999999999999997,3.2
1023,18,43,17,1.7,0.29427083333333337,0.39999999999999997,3.2
1024,19,40,19,1.736842105263158,0.3307291666666667,0.4823763889427201,3.3684210526315788
1025,18,42,16,1.7,0.2916666666666667,0.39999999999999997,3.2
1026,18,43,17,1.7,0.29166666666666663,0.39999999999999997,3.2
1027,19,44,17,1.736842105263158,0.2890625,0.4823763889427201,3.3684210526315788
1028,19,42,16,1.736842105263158,0.29166666666666663,0.4823763889427201,3.3684210526315788
1029,19,41,18,1.736842105263158,0.3151041666666667,0.48237638894272,3.3684210526315788
1030,18,40,20,1.7,0.3359375,0.39999999999999997,3.2
1031,18,40,20,1.7,0.3411458333333333,0.39999999999999997,3.2
1032,18,45,17,1.7,0.28125,0.39999999999999997,3.2
1033,18,38,21,1.7,0.36458333333333337,0.39999999999999997,3.2
1034,19,40,16,1.736842105263158,0.3046875,0.4823763889427201,3.3684210526315788
1035,20,42,17,1.7777777777777777,0.3046875,0.49690399499995325,3.5555555555555554
1036,19,43,17,1.736842105263158,0.29427083333333337,0.4823763889427201,3.3684210526315788
1037,18,41,17,1.7,0.30729166666666663,0.39999999999999997,3.2
1038,19,44,16,1.736842105263158,0.2786458333333333,0.4823763889427201,3.3684210526315788
1039,19,39,19,1.736842105263158,0.33854166666666663,0.4823763889427201,3.3684210526315788
1040,19,43,16,1.736842105263158,0.28645833333333337,0.4823763889427201,3.3684210526315788
1041,19,36,20,1.736842105263158,0.36979166666666663,0.4823763889427201,3.3684210526315788
1042,18,42,18,1.7,0.3098958333333333,0.39999999999999997,3.2
1043,19,41,16,1.736842105263158,0.29947916666666663,0.4823763889427201,3.3684210526315788
1044,20,47,15,1.7777777777777777,0.25,0.49690399499995325,3.5555555555555554
1045,19,41,18,1.736842105263158,0.3203125,0.4823763889427201,3.3684210526315788
1046,18,39,20,1.7,0.34635416666666663,0.39999999999999997,3.2
1047,19,40,17,1.736842105263158,0.3151041666666667,0.4823763889427201,3.3684210526315788
1048,18,44,16,1.7,0.27864583333333337,0.39999999999999997,3.2
1049,19,48,14,1.736842105263158,0.234375,0.48237638894272,3.3684210526315788
1050,19,43,17,1.6842105263157894,0.29365079365079366,0.5668594533825794,3.3157894736842106
1051,19,40,18,1.736842105263158,0.3203125,0.4823763889427201,3.3684210526315788
1052,18,45,14,1.7,0.25520833333333337,0.39999999999999997,3.2
1053,19,46,17,1.736842105263158,0.2734375,0.4823763889427201,3.3684210526315788
1054,18,47,13,1.7,0.23177083333333334,0.39999999999999997,3.2
1055,19,42,16,1.6842105263157894,0.28835978835978837,0.5668594533825794,3.3157894736842106
1056,19,42,19,1.736842105263158,0.3203125,0.4823763889427201,3.3684210526315788
1057,18,40,17,1.7,0.30989583333333337,0.39999999999999997,3.2
1058,19,44,17,1.736842105263158,0.2864583333333333,0.4823763889427201,3.3684210526315788
1059,19,43,16,1.736842105263158,0.28125,0.4823763889427201,3.3684210526315788
1060,18,42,19,1.7,0.3177083333333333,0.39999999999999997,3.2
1061,19,42,17,1.736842105263158,0.3046875,0.4823763889427201,3.3684210526315788
1062,19,43,17,1.736842105263158,0.2942708333333333,0.48237638894272,3.3684210526315788
1063,18,42,17,1.7,0.29947916666666663,0.39999999999999997,3.2
1064,19,43,18,1.736842105263158,0.3020833333333333,0.4823763889427201,3.3684210526315788
1065,19,36,22,1.736842105263158,0.3828125,0.4823763889427201,3.3684210526315788
1066,19,37,19,1.736842105263158,0.3515625,0.4823763889427201,3.3684210526315788
1067,17,41,18,1.6666666666666667,0.31510416666666663,0.21295885499997994,3.0476190476190474
1068,19,44,17,1.736842105263158,0.2890625,0.4823763889427201,3.3684210526315788
1069,19,39,19,1.6842105263157894,0.33597883597883593,0.5668594533825794,3.3157894736842106
1070,19,40,21,1.736842105263158,0.3489583333333333,0.4823763889427201,3.3684210526315788
1071,19,42,18,1.736842105263158,0.30989583333333337,0.48237638894272,3.3684210526315788
1072,20,42,18,1.7777777777777777,0.3072916666666667,0.49690399499995325,3.5555555555555554
1073,18,46,16,1.7,0.265625,0.39999999999999997,3.2
1074,19,44,18,1.736842105263158,0.296875,0.4823763889427201,3.3684210526315788
1075,19,42,18,1.736842105263158,0.3098958333333333,0.4823763889427201,3.3684210526315788
1076,19,40,19,1.736842105263158,0.33333333333333337,0.4823763889427201,3.3684210526315788
1077,19,43,16,1.736842105263158,0.2890625,0.4823763889427201,3.3684210526315788
1078,19,39,19,1.736842105263158,0.34114583333333337,0.4823763889427201,3.3684210526315788
1079,19,45,13,1.736842105263158,0.24739583333333331,0.4823763889427201,3.3684210526315788
1080,19,40,18,1.736842105263158,0.32552083333333337,0.4823763889427201,3.3684210526315788
1081,19,47,14,1.736842105263158,0.23958333333333334,0.4823763889427201,3.3684210526315788
1082,19,42,15,1.736842105263158,0.28125,0.4823763889427201,3.3684210526315788
1083,19,43,17,1.736842105263158,0.2942708333333333,0.4823763889427201,3.3684210526315788
1084,18,40,18,1.7,0.3229166666666667,0.39999999999999997,3.2
1085,20,42,18,1.7777777777777777,0.30729166666666663,0.49690399499995325,3.5555555555555554
1086,19,42,17,1.736842105263158,0.296875,0.4823763889427201,3.3684210526315788
1087,19,37,20,1.736842105263158,0.359375,0.4823763889427201,3.3684210526315788
1088,20,42,18,1.7777777777777777,0.3072916666666667,0.49690399499995325,3.5555555555555554
1089,19,41,18,1.736842105263158,0.31770833333333337,0.4823763889427201,3.3684210526315788
1090,18,39,17,1.7,0.3203125,0.39999999999999997,3.2
1091,19,42,18,1.736842105263158,0.3098958333333333,0.4823763889427201,3.3684210526315788
1092,19,44,17,1.736842105263158,0.2890625,0.4823763889427201,3.3684210526315788
1093,18,39,17,1.7,0.3203125,0.39999999999999997,3.2
1094,20,45,17,1.7777777777777777,0.28125,0.49690399499995325,3.5555555555555554
1095,19,38,21,1.736842105263158,0.36197916666666663,0.4823763889427201,3.3684210526315788
1096,19,40,18,1.736842105263158,0.32552083333333337,0.4823763889427201,3.3684210526315788
1097,19,40,15,1.736842105263158,0.29947916666666663,0.48237638894272,3.3684210526315788
1098,19,42,18,1.736842105263158,0.3098958333333333,0.4823763889427201,3.3684210526315788
1099,19,37,20,1.736842105263158,0.3645833333333333,0.4823763889427201,3.3684210526315788
1100,19,43,17,1.736842105263158,0.2942708333333333,0.4823763889427201,3.3684210526315788
1101,19,43,17,1.736842105263158,0.2942708333333333,0.4823763889427201,3.3684210526315788
1102,19,41,16,1.736842105263158,0.30208333333333337,0.4823763889427201,3.3684210526315788
1103,19,40,18,1.6842105263157894,0.3227513227513228,0.5668594533825794,3.3157894736842106
1104,19,40,21,1.736842105263158,0.34635416666666663,0.4823763889427201,3.3684210526315788
1105,20,46,15,1.7777777777777777,0.2578125,0.49690399499995325,3.5555555555555554
1106,19,40,19,1.736842105263158,0.33333333333333337,0.4823763889427201,3.3684210526315788
1107,19,40,20,1.736842105263158,0.3385416666666667,0.4823763889427201,3.3684210526315788
1108,18,44,16,1.7,0.2786458333333333,0.39999999999999997,3.2
1109,19,41,20,1.736842105263158,0.3333333333333333,0.48237638894272,3.3684210526315788
1110,18,43,18,1.7,0.3046875,0.39999999999999997,3.2
1111,18,38,19,1.7,0.34375,0.39999999999999997,3.2
1112,18,38,18,1.7,0.33854166666666663,0.39999999999999997,3.2
1113,18,38,20,1.7,0.3515625,0.39999999999999997,3.2
1114,19,42,19,1.736842105263158,0.31770833333333337,0.4823763889427201,3.3684210526315788
1115,18,40,18,1.7,0.3203125,0.39999999999999997,3.2
1116,18,41,18,1.7,0.3203125,0.39999999999999997,3.2
1117,18,41,20,1.7,0.3359375,0.39999999999999997,3.2
1118,19,38,22,1.736842105263158,0.37239583333333337,0.4823763889427201,3.3684210526315788
1119,18,39,21,1.7,0.35416666666666663,0.39999999999999997,3.2
1120,19,36,19,1.6842105263157894,0.35714285714285715,0.5668594533825794,3.3157894736842106
1121,18,42,16,1.7,0.29166666666666663,0.39999999999999997,3.2
1122,19,41,19,1.7894736842105263,0.3255208333333333,0.4823763889427201,3.3684210526315788
1123,18,39,20,1.7,0.34635416666666663,0.39999999999999997,3.2
1124,19,40,19,1.736842105263158,0.33072916666666663,0.4823763889427201,3.3684210526315788
1125,19,41,19,1.736842105263158,0.32552083333333337,0.4823763889427201,3.3684210526315788
1126,19,45,16,1.736842105263158,0.2734375,0.4823763889427201,3.3684210526315788
1127,18,40,17,1.7,0.31510416666666663,0.39999999999999997,3.2
1128,18,41,18,1.7,0.31510416666666663,0.39999999999999997,3.2
1129,19,42,19,1.736842105263158,0.3177083333333333,0.4823763889427201,3.3684210526315788
1130,19,42,19,1.736842105263158,0.31770833333333337,0.4823763889427201,3.3684210526315788
1131,19,41,18,1.736842105263158,0.31770833333333337,0.4823763889427201,3.3684210526315788
1132,19,40,19,1.736842105263158,0.3333333333333333,0.4823763889427201,3.3684210526315788
1133,19,41,19,1.736842105263158,0.32291666666666663,0.4823763889427201,3.3684210526315788
1134,18,37,21,1.7,0.37239583333333337,0.39999999999999997,3.2
1135,18,39,20,1.7,0.3515625,0.39999999999999997,3.2
1136,18,37,22,1.7,0.3802083333333333,0.39999999999999997,3.2
1137,19,35,23,1.736842105263158,0.4036458333333333,0.4823763889427201,3.3684210526315788
1138,19,40,20,1.736842105263158,0.34375,0.4823763889427201,3.3684210526315788
1139,18,38,18,1.7,0.3411458333333333,0.39999999999999997,3.2
1140,20,39,20,1.7777777777777777,0.34375,0.49690399499995325,3.5555555555555554
1141,19,41,20,1.736842105263158,0.3359375,0.4823763889427201,3.3684210526315788
1142,18,39,18,1.65,0.3253968253968254,0.47696960070847283,3.15
1143,20,41,18,1.7777777777777777,0.3125,0.49690399499995325,3.5555555555555554
1144,19,37,20,1.736842105263158,0.3541666666666667,0.4823763889427201,3.3684210526315788
1145,20,38,21,1.7777777777777777,0.36197916666666663,0.49690399499995325,3.5555555555555554
1146,19,39,20,1.736842105263158,0.34895833333333337,0.4823763889427201,3.3684210526315788
1147,19,36,20,1.736842105263158,0.3645833333333333,0.4823763889427201,3.3684210526315788
1148,18,37,21,1.7,0.37239583333333337,0.39999999999999997,3.2
1149,18,42,16,1.7,0.2916666666666667,0.39999999999999997,3.2
1150,20,40,20,1.7777777777777777,0.3411458333333333,0.49690399499995325,3.5555555555555554
1151,19,38,21,1.736842105263158,0.359375,0.4823763889427201,3.3684210526315788
1152,19,38,22,1.736842105263158,0.36979166666666663,0.4823763889427201,3.3684210526315788
1153,20,39,21,1.7777777777777777,0.35416666666666663,0.49690399499995325,3.5555555555555554
1154,19,37,20,1.736842105263158,0.359375,0.4823763889427201,3.3684210526315788
1155,18,44,20,1.7,0.3125,0.39999999999999997,3.2
1156,18,39,20,1.7,0.34895833333333337,0.39999999999999997,3.2
1157,19,44,18,1.736842105263158,0.2942708333333333,0.48237638894272,3.3684210526315788
1158,18,39,22,1.7,0.3645833333333333,0.39999999999999997,3.2
1159,20,39,20,1.7777777777777777,0.34635416666666663,0.49690399499995325,3.5555555555555554
1160,18,34,22,1.65,0.3994708994708994,0.47696960070847283,3.15
1161,18,37,19,1.7,0.3515625,0.39999999999999997,3.2
1162,19,38,22,1.736842105263158,0.3723958333333333,0.4823763889427201,3.3684210526315788
1163,19,38,22,1.736842105263158,0.375,0.4823763889427201,3.3684210526315788
1164,18,37,20,1.7,0.359375,0.39999999999999997,3.2
1165,18,36,20,1.7,0.37239583333333337,0.39999999999999997,3.2
1166,20,35,23,1.7777777777777777,0.3984375,0.49690399499995325,3.5555555555555554
1167,18,41,19,1.7,0.32552083333333337,0.39999999999999997,3.2
1168,19,38,19,1.736842105263158,0.3411458333333333,0.4823763889427201,3.3684210526315788
1169,19,42,20,1.736842105263158,0.328125,0.4823763889427201,3.3684210526315788
1170,18,44,17,1.7,0.2890625,0.39999999999999997,3.2
1171,19,39,20,1.736842105263158,0.34375,0.4823763889427201,3.3684210526315788
1172,18,42,20,1.7,0.328125,0.39999999999999997,3.2
1173,19,37,18,1.736842105263158,0.3385416666666667,0.4823763889427201,3.3684210526315788
1174,18,36,21,1.7,0.3776041666666667,0.39999999999999997,3.2
1175,18,37,20,1.7,0.3541666666666667,0.39999999999999997,3.2
1176,18,42,19,1.7,0.3177083333333333,0.39999999999999997,3.2
1177,19,38,19,1.736842105263158,0.34635416666666663,0.4823763889427201,3.3684210526315788
1178,18,38,19,1.65,0.3439153439153439,0.47696960070847283,3.15
1179,20,40,20,1.7777777777777777,0.3411458333333333,0.49690399499995325,3.5555555555555554
1180,18,38,20,1.7,0.35416666666666663,0.39999999999999997,3.2
1181,18,41,20,1.7,0.33333333333333337,0.39999999999999997,3.2
1182,19,40,19,1.736842105263158,0.33072916666666663,0.4823763889427201,3.3684210526315788
1183,19,33,22,1.736842105263158,0.41145833333333337,0.4823763889427201,3.3684210526315788
1184,19,40,19,1.736842105263158,0.3359375,0.4823763889427201,3.3684210526315788
1185,20,39,21,1.7777777777777777,0.3567708333333333,0.49690399499995325,3.5555555555555554
1186,19,37,20,1.736842105263158,0.36197916666666663,0.4823763889427201,3.3684210526315788
1187,18,36,21,1.7,0.375,0.39999999999999997,3.2
1188,19,43,17,1.736842105263158,0.29166666666666663,0.4823763889427201,3.3684210526315788
1189,19,37,19,1.736842105263158,0.3541666666666667,0.4823763889427201,3.3684210526315788
1190,18,43,18,1.75,0.3020833333333333,0.39999999999999997,3.2
1191,19,40,17,1.736842105263158,0.31510416666666663,0.48237638894272,3.3684210526315788
1192,19,40,21,1.7894736842105263,0.3489583333333333,0.4823763889427201,3.3684210526315788
1193,18,38,19,1.7,0.34635416666666663,0.39999999999999997,3.2
1194,18,38,21,1.7,0.3645833333333333,0.39999999999999997,3.2
1195,18,35,22,1.7,0.3958333333333333,0.39999999999999997,3.2
1196,19,36,20,1.736842105263158,0.36979166666666663,0.4823763889427201,3.3684210526315788
1197,18,39,18,1.7,0.3359375,0.39999999999999997,3.2
1198,20,39,20,1.7777777777777777,0.3463541666666667,0.49690399499995325,3.5555555555555554
1199,18,40,18,1.7,0.32291666666666663,0.39999999999999997,3.2
1200,19,37,22,1.736842105263158,0.37760416666666663,0.4823763889427201,3.3684210526315788
1201,20,40,21,1.7777777777777777,0.34635416666666663,0.49690399499995325,3.5555555555555554
1202,19,40,20,1.736842105263158,0.3411458333333333,0.4823763889427201,3.3684210526315788
1203,18,38,20,1.7,0.35416666666666663,0.39999999999999997,3.2
1204,18,39,20,1.7,0.34635416666666663,0.39999999999999997,3.2
1205,18,36,20,1.7,0.3671875,0.39999999999999997,3.2
1206,19,40,19,1.736842105263158,0.3359375,0.4823763889427201,3.3684210526315788
1207,19,39,21,1.736842105263158,0.35416666666666663,0.4823763889427201,3.3684210526315788
1208,19,39,19,1.736842105263158,0.33854166666666663,0.4823763889427201,3.3684210526315788
1209,19,36,21,1.736842105263158,0.3723958333333333,0.48237638894272,3.3684210526315788
1210,19,33,23,1.736842105263158,0.4192708333333333,0.4823763889427201,3.3684210526315788
1211,20,36,20,1.7777777777777777,0.36979166666666663,0.49690399499995325,3.5555555555555554
1212,19,41,20,1.736842105263158,0.3333333333333333,0.4823763889427201,3.3684210526315788
1213,19,34,23,1.736842105263158,0.40885416666666663,0.48237638894272,3.3684210526315788
1214,19,35,20,1.736842105263158,0.3697916666666667,0.4823763889427201,3.3684210526315788
1215,18,38,21,1.7,0.359375,0.39999999999999997,3.2
1216,20,40,21,1.7777777777777777,0.3515625,0.49690399499995325,3.5555555555555554
1217,19,39,20,1.736842105263158,0.34895833333333337,0.4823763889427201,3.3684210526315788
1218,20,40,20,1.7777777777777777,0.3411458333333333,0.49690399499995325,3.5555555555555554
1219,19,38,19,1.736842105263158,0.34895833333333337,0.4823763889427201,3.3684210526315788
1220,19,36,22,1.736842105263158,0.3828125,0.4823763889427201,3.3684210526315788
1221,19,40,19,1.736842105263158,0.33072916666666663,0.4823763889427201,3.3684210526315788
1222,19,32,22,1.736842105263158,0.4140625,0.4823763889427201,3.3684210526315788
1223,19,36,22,1.736842105263158,0.3854166666666667,0.4823763889427201,3.3684210526315788
1224,19,36,22,1.736842105263158,0.3828125,0.4823763889427201,3.3684210526315788
1225,18,36,19,1.7,0.359375,0.39999999999999997,3.2
1226,18,40,19,1.7,0.3333333333333333,0.39999999999999997,3.2
1227,20,38,22,1.7777777777777777,0.375,0.49690399499995325,3.5555555555555554
1228,19,40,20,1.736842105263158,0.33854166666666663,0.48237638894272,3.3684210526315788
1229,20,35,20,1.7777777777777777,0.37760416666666663,0.49690399499995325,3.5555555555555554
1230,19,36,22,1.736842105263158,0.3854166666666667,0.4823763889427201,3.3684210526315788
1231,19,37,20,1.736842105263158,0.359375,0.48237638894272,3.3684210526315788
1232,18,40,20,1.7,0.34114583333333337,0.39999999999999997,3.2
1233,19,35,21,1.736842105263158,0.3828125,0.4823763889427201,3.3684210526315788
1234,20,38,23,1.7777777777777777,0.3802083333333333,0.49690399499995325,3.5555555555555554
1235,18,39,19,1.7,0.33854166666666663,0.39999999999999997,3.2
1236,19,36,21,1.736842105263158,0.37760416666666663,0.4823763889427201,3.3684210526315788
1237,20,40,20,1.7777777777777777,0.3411458333333333,0.49690399499995325,3.5555555555555554
1238,19,35,23,1.736842105263158,0.40104166666666663,0.4823763889427201,3.3684210526315788
1239,19,39,19,1.736842105263158,0.3411458333333333,0.4823763889427201,3.3684210526315788
1240,20,39,20,1.7777777777777777,0.34635416666666663,0.49690399499995325,3.5555555555555554
1241,19,37,21,1.736842105263158,0.3723958333333333,0.4823763889427201,3.3684210526315788
1242,17,40,19,1.6666666666666667,0.33333333333333337,0.21295885499997994,3.0476190476190474
1243,20,35,21,1.7777777777777777,0.38020833333333337,0.49690399499995325,3.5555555555555554
1244,19,38,19,1.736842105263158,0.34635416666666663,0.48237638894272,3.3684210526315788
1245,19,42,17,1.736842105263158,0.3020833333333333,0.4823763889427201,3.3684210526315788
1246,19,37,21,1.736842105263158,0.3723958333333333,0.4823763889427201,3.3684210526315788
1247,19,38,18,1.736842105263158,0.33854166666666663,0.48237638894272,3.3684210526315788
1248,19,38,20,1.736842105263158,0.3541666666666667,0.48237638894272,3.3684210526315788
1249,19,37,22,1.736842105263158,0.3802083333333333,0.4823763889427201,3.3684210526315788
1250,19,39,20,1.736842105263158,0.34635416666666663,0.4823763889427201,3.3684210526315788
1251,19,38,21,1.736842105263158,0.3645833333333333,0.4823763889427201,3.3684210526315788
1252,20,40,19,1.7777777777777777,0.3359375,0.49690399499995325,3.5555555555555554
1253,19,36,20,1.736842105263158,0.3723958333333333,0.4823763889427201,3.3684210526315788
1254,19,34,20,1.736842105263158,0.3880208333333333,0.4823763889427201,3.3684210526315788
1255,20,36,20,1.7777777777777777,0.3697916666666667,0.49690399499995325,3.5555555555555554
1256,19,39,20,1.736842105263158,0.3489583333333333,0.4823763889427201,3.3684210526315788
1257,19,38,21,1.736842105263158,0.3619791666666667,0.4823763889427201,3.3684210526315788
1258,18,40,20,1.7,0.34114583333333337,0.39999999999999997,3.2
1259,19,41,20,1.736842105263158,0.3359375,0.4823763889427201,3.3684210526315788
1260,18,39,21,1.7,0.35677083333333337,0.39999999999999997,3.2
1261,18,40,19,1.7,0.33072916666666663,0.39999999999999997,3.2
1262,20,38,22,1.7777777777777777,0.37239583333333337,0.49690399499995325,3.5555555555555554
1263,18,37,21,1.7,0.3671875,0.39999999999999997,3.2
1264,20,37,21,1.7777777777777777,0.37239583333333337,0.49690399499995325,3.5555555555555554
1265,19,39,20,1.736842105263158,0.3489583333333333,0.4823763889427201,3.3684210526315788
1266,19,41,18,1.736842105263158,0.31510416666666663,0.4823763889427201,3.3684210526315788
1267,18,38,18,1.7,0.3359375,0.39999999999999997,3.2
1268,19,39,20,1.736842105263158,0.34895833333333337,0.4823763889427201,3.3684210526315788
1269,19,36,23,1.736842105263158,0.39322916666666663,0.48237638894272,3.3684210526315788
1270,21,41,21,1.8235294117647058,0.3411458333333333,0.42418250299576343,3.764705882352941
1271,18,38,20,1.7,0.3567708333333333,0.39999999999999997,3.2
1272,19,38,21,1.736842105263158,0.36197916666666663,0.4823763889427201,3.3684210526315788
1273,18,36,21,1.7,0.3802083333333333,0.39999999999999997,3.2
1274,20,41,21,1.7777777777777777,0.34375,0.49690399499995325,3.5555555555555554
1275,19,38,23,1.736842105263158,0.3802083333333333,0.4823763889427201,3.3684210526315788
1276,19,39,21,1.736842105263158,0.35416666666666663,0.48237638894272,3.3684210526315788
1277,19,36,21,1.736842105263158,0.37760416666666663,0.4823763889427201,3.3684210526315788
1278,20,39,20,1.7777777777777777,0.34375,0.49690399499995325,3.5555555555555554
1279,20,36,22,1.7222222222222223,0.38359788359788355,0.6009252125773316,3.5
1280,19,38,21,1.736842105263158,0.3645833333333333,0.4823763889427201,3.3684210526315788
1281,18,33,21,1.7,0.39583333333333337,0.39999999999999997,3.2
1282,19,36,20,1.736842105263158,0.36979166666666663,0.4823763889427201,3.3684210526315788
1283,19,37,21,1.736842105263158,0.3723958333333333,0.4823763889427201,3.3684210526315788
1284,20,40,19,1.7777777777777777,0.3307291666666667,0.49690399499995325,3.5555555555555554
1285,19,38,19,1.736842105263158,0.34114583333333337,0.4823763889427201,3.3684210526315788
1286,18,38,20,1.7,0.35416666666666663,0.39999999999999997,3.2
1287,19,39,22,1.736842105263158,0.3645833333333333,0.4823763889427201,3.3684210526315788
1288,20,35,20,1.7777777777777777,0.37760416666666663,0.49690399499995325,3.5555555555555554
1289,19,36,22,1.736842105263158,0.38541666666666663,0.4823763889427201,3.3684210526315788
1290,19,38,23,1.736842105263158,0.3802083333333333,0.48237638894272,3.3684210526315788
1291,19,38,21,1.736842105263158,0.36197916666666663,0.48237638894272,3.3684210526315788
1292,19,40,21,1.736842105263158,0.3515625,0.4823763889427201,3.3684210526315788
1293,19,38,21,1.736842105263158,0.3671875,0.4823763889427201,3.3684210526315788
1294,18,36,20,1.7,0.3671875,0.39999999999999997,3.2
1295,19,35,24,1.736842105263158,0.4114583333333333,0.4823763889427201,3.3684210526315788
1296,19,34,20,1.736842105263158,0.3854166666666667,0.4823763889427201,3.3684210526315788
1297,18,37,21,1.7,0.37239583333333337,0.39999999999999997,3.2
1298,20,38,19,1.7777777777777777,0.3463541666666667,0.49690399499995325,3.5555555555555554
1299,18,36,22,1.7,0.38541666666666663,0.39999999999999997,3.2
1300,19,38,20,1.736842105263158,0.359375,0.4823763889427201,3.3684210526315788
1301,19,36,21,1.736842105263158,0.3802083333333333,0.4823763889427201,3.3684210526315788
1302,20,38,23,1.7777777777777777,0.3802083333333333,0.49690399499995325,3.5555555555555554
1303,19,39,19,1.736842105263158,0.33854166666666663,0.48237638894272,3.3684210526315788
1304,19,35,20,1.736842105263158,0.375,0.4823763889427201,3.3684210526315788
1305,18,34,22,1.7,0.3984375,0.39999999999999997,3.2
1306,18,34,22,1.7,0.4010416666666667,0.39999999999999997,3.2
1307,19,34,23,1.736842105263158,0.40625,0.4823763889427201,3.3684210526315788
1308,19,37,21,1.736842105263158,0.3697916666666667,0.4823763889427201,3.3684210526315788
1309,20,38,22,1.7777777777777777,0.36979166666666663,0.49690399499995325,3.5555555555555554
1310,19,39,21,1.736842105263158,0.3567708333333333,0.4823763889427201,3.3684210526315788
1311,19,37,24,1.736842105263158,0.3958333333333333,0.4823763889427201,3.3684210526315788
1312,18,37,22,1.7,0.3802083333333333,0.39999999999999997,3.2
1313,19,35,22,1.736842105263158,0.39583333333333337,0.48237638894272,3.3684210526315788
1314,18,37,22,1.7,0.3802083333333333,0.39999999999999997,3.2
1315,17,37,22,1.619047619047619,0.3802083333333333,0.21295885499997994,3.0476190476190474
1316,19,39,20,1.736842105263158,0.3489583333333333,0.4823763889427201,3.3684210526315788
1317,19,39,19,1.736842105263158,0.33854166666666663,0.48237638894272,3.3684210526315788
1318,20,38,21,1.7777777777777777,0.3645833333333333,0.49690399499995325,3.5555555555555554
1319,18,37,21,1.7,0.3697916666666667,0.39999999999999997,3.2
1320,18,40,21,1.7,0.3489583333333333,0.39999999999999997,3.2
1321,19,36,19,1.736842105263158,0.36197916666666663,0.4823763889427201,3.3684210526315788
1322,18,36,22,1.7,0.38541666666666663,0.39999999999999997,3.2
1323,19,41,19,1.736842105263158,0.32552083333333337,0.4823763889427201,3.3684210526315788
1324,18,34,24,1.7,0.41666666666666663,0.39999999999999997,3.2
1325,19,37,21,1.736842105263158,0.3723958333333333,0.4823763889427201,3.3684210526315788
1326,18,40,17,1.7,0.31770833333333337,0.39999999999999997,3.2
1327,19,38,22,1.736842105263158,0.3723958333333333,0.48237638894272,3.3684210526315788
1328,19,35,21,1.736842105263158,0.38541666666666663,0.4823763889427201,3.3684210526315788
1329,19,35,21,1.736842105263158,0.3828125,0.4823763889427201,3.3684210526315788
1330,18,37,22,1.7,0.3828125,0.39999999999999997,3.2
1331,19,37,19,1.736842105263158,0.3515625,0.4823763889427201,3.3684210526315788
1332,18,38,21,1.7,0.36197916666666663,0.39999999999999997,3.2
1333,19,38,21,1.736842105263158,0.3671875,0.4823763889427201,3.3684210526315788
1334,20,37,22,1.7777777777777777,0.3802083333333333,0.49690399499995325,3.5555555555555554
1335,20,38,20,1.7777777777777777,0.35677083333333337,0.49690399499995325,3.5555555555555554
1336,19,37,21,1.736842105263158,0.3723958333333333,0.4823763889427201,3.3684210526315788
1337,19,39,22,1.736842105263158,0.3645833333333333,0.4823763889427201,3.3684210526315788
1338,18,39,20,1.7,0.3489583333333333,0.39999999999999997,3.2
1339,19,39,21,1.736842105263158,0.3567708333333333,0.4823763889427201,3.3684210526315788
1340,20,39,21,1.7777777777777777,0.35416666666666663,0.49690399499995325,3.5555555555555554
1341,19,40,21,1.736842105263158,0.3515625,0.4823763889427201,3.3684210526315788
1342,18,36,21,1.7,0.375,0.39999999999999997,3.2
1343,19,40,20,1.6842105263157894,0.3412698412698413,0.5668594533825794,3.3157894736842106
1344,19,40,20,1.736842105263158,0.3411458333333333,0.4823763889427201,3.3684210526315788
1345,19,39,20,1.736842105263158,0.3489583333333333,0.4823763889427201,3.3684210526315788
1346,19,35,21,1.736842105263158,0.3854166666666667,0.48237638894272,3.3684210526315788
1347,19,36,21,1.736842105263158,0.3776041666666667,0.4823763889427201,3.3684210526315788
1348,19,37,21,1.736842105263158,0.36979166666666663,0.4823763889427201,3.3684210526315788
1349,19,35,23,1.736842105263158,0.40104166666666663,0.4823763889427201,3.3684210526315788
1350,19,34,20,1.736842105263158,0.38541666666666663,0.4823763889427201,3.3684210526315788
1351,19,36,23,1.736842105263158,0.3958333333333333,0.4823763889427201,3.3684210526315788
1352,18,35,21,1.7,0.38541666666666663,0.39999999999999997,3.2
1353,18,36,21,1.7,0.3802083333333333,0.39999999999999997,3.2
1354,20,41,20,1.7777777777777777,0.3359375,0.49690399499995325,3.5555555555555554
1355,19,37,20,1.736842105263158,0.36197916666666663,0.4823763889427201,3.3684210526315788
1356,18,36,21,1.7,0.38020833333333337,0.39999999999999997,3.2
1357,19,38,18,1.7894736842105263,0.3411458333333333,0.48237638894272,3.3684210526315788
1358,19,34,23,1.736842105263158,0.40885416666666663,0.4823763889427201,3.3684210526315788
1359,19,39,18,1.736842105263158,0.33072916666666663,0.4823763889427201,3.3684210526315788
1360,18,37,22,1.7,0.3828125,0.39999999999999997,3.2
1361,19,38,20,1.736842105263158,0.35416666666666663,0.48237638894272,3.3684210526315788
1362,19,39,20,1.736842105263158,0.3489583333333333,0.48237638894272,3.3684210526315788
1363,19,39,19,1.736842105263158,0.34375,0.4823763889427201,3.3684210526315788
1364,19,35,23,1.736842105263158,0.4036458333333333,0.4823763889427201,3.3684210526315788
1365,19,38,19,1.736842105263158,0.34375,0.48237638894272,3.3684210526315788
1366,19,38,21,1.736842105263158,0.36458333333333337,0.4823763889427201,3.3684210526315788
1367,18,37,23,1.7,0.3880208333333333,0.39999999999999997,3.2
1368,19,36,18,1.736842105263158,0.35416666666666663,0.4823763889427201,3.3684210526315788
1369,20,35,21,1.7777777777777777,0.38541666666666663,0.49690399499995325,3.5555555555555554
1370,19,37,21,1.736842105263158,0.3723958333333333,0.4823763889427201,3.3684210526315788
1371,18,34,22,1.7,0.40104166666666663,0.39999999999999997,3.2
1372,19,38,20,1.736842105263158,0.35416666666666663,0.4823763889427201,3.3684210526315788
1373,18,36,19,1.7,0.359375,0.39999999999999997,3.2
1374,19,34,21,1.6842105263157894,0.3915343915343915,0.5668594533825794,3.3157894736842106
1375,21,39,21,1.8235294117647058,0.3567708333333333,0.42418250299576343,3.764705882352941
1376,20,35,20,1.7777777777777777,0.375,0.49690399499995325,3.5555555555555554
1377,19,36,23,1.736842105263158,0.3958333333333333,0.4823763889427201,3.3684210526315788
1378,20,34,23,1.7777777777777777,0.4114583333333333,0.49690399499995325,3.5555555555555554
1379,18,39,20,1.65,0.3465608465608466,0.47696960070847283,3.15
1380,21,39,21,1.8235294117647058,0.3567708333333333,0.42418250299576343,3.764705882352941
1381,19,34,23,1.736842105263158,0.40885416666666663,0.48237638894272,3.3684210526315788
1382,18,38,21,1.7,0.3619791666666667,0.39999999999999997,3.2
1383,20,32,23,1.7777777777777777,0.4244791666666667,0.49690399499995325,3.5555555555555554
1384,20,35,23,1.7777777777777777,0.40104166666666663,0.49690399499995325,3.5555555555555554
1385,19,36,21,1.736842105263158,0.37760416666666663,0.4823763889427201,3.3684210526315788
1386,19,35,21,1.6842105263157894,0.38359788359788355,0.5668594533825794,3.3157894736842106
1387,20,38,22,1.7777777777777777,0.36979166666666663,0.49690399499995325,3.5555555555555554
1388,19,35,23,1.736842105263158,0.40104166666666663,0.4823763889427201,3.3684210526315788
1389,18,35,21,1.7,0.38541666666666663,0.39999999999999997,3.2
1390,19,38,21,1.736842105263158,0.3671875,0.4823763889427201,3.3684210526315788
1391,18,35,22,1.7,0.390625,0.39999999999999997,3.2
1392,19,39,22,1.736842105263158,0.3645833333333333,0.4823763889427201,3.3684210526315788
1393,19,37,20,1.736842105263158,0.359375,0.4823763889427201,3.3684210526315788
1394,18,36,18,1.7,0.3515625,0.39999999999999997,3.2
1395,18,34,25,1.7,0.4270833333333333,0.39999999999999997,3.2
1396,20,37,22,1.7777777777777777,0.38020833333333337,0.49690399499995325,3.5555555555555554
1397,19,39,19,1.736842105263158,0.33854166666666663,0.4823763889427201,3.3684210526315788
1398,19,38,19,1.6842105263157894,0.34391534391534395,0.5668594533825794,3.3157894736842106
1399,19,36,22,1.736842105263158,0.38541666666666663,0.48237638894272,3.3684210526315788
1400,18,37,20,1.7,0.3645833333333333,0.39999999999999997,3.2
1401,18,36,23,1.7,0.39322916666666663,0.39999999999999997,3.2
1402,18,37,22,1.7,0.38020833333333337,0.39999999999999997,3.2
1403,18,36,23,1.7,0.39322916666666663,0.39999999999999997,3.2
1404,19,35,25,1.736842105263158,0.4192708333333333,0.4823763889427201,3.3684210526315788
1405,19,36,22,1.736842105263158,0.38541666666666663,0.4823763889427201,3.3684210526315788
1406,19,34,22,1.736842105263158,0.3984375,0.4823763889427201,3.3684210526315788
1407,18,38,20,1.7,0.3567708333333333,0.39999999999999997,3.2
1408,19,33,24,1.736842105263158,0.4270833333333333,0.4823763889427201,3.3684210526315788
1409,20,40,20,1.7777777777777777,0.3411458333333333,0.49690399499995325,3.5555555555555554
1410,18,38,22,1.7,0.3723958333333333,0.39999999999999997,3.2
1411,19,37,20,1.736842105263158,0.36197916666666663,0.4823763889427201,3.3684210526315788
1412,19,37,22,1.736842105263158,0.3802083333333333,0.4823763889427201,3.3684210526315788
1413,19,36,20,1.6842105263157894,0.36507936507936506,0.5668594533825794,3.3157894736842106
1414,20,34,20,1.7777777777777777,0.3854166666666667,0.49690399499995325,3.5555555555555554
1415,19,39,20,1.736842105263158,0.3489583333333333,0.4823763889427201,3.3684210526315788
1416,19,36,21,1.736842105263158,0.3802083333333333,0.4823763889427201,3.3684210526315788
1417,19,36,21,1.736842105263158,0.375,0.4823763889427201,3.3684210526315788
1418,18,39,21,1.65,0.3544973544973545,0.47696960070847283,3.15
1419,20,38,21,1.7777777777777777,0.3645833333333333,0.49690399499995325,3.5555555555555554
1420,18,36,24,1.7,0.40364583333333337,0.39999999999999997,3.2
1421,19,37,23,1.736842105263158,0.3880208333333333,0.4823763889427201,3.3684210526315788
1422,19,37,21,1.736842105263158,0.36979166666666663,0.4823763889427201,3.3684210526315788
1423,18,39,20,1.7,0.3489583333333333,0.39999999999999997,3.2
1424,20,39,20,1.7777777777777777,0.3463541666666667,0.49690399499995325,3.5555555555555554
1425,19,37,22,1.736842105263158,0.37760416666666663,0.4823763889427201,3.3684210526315788
1426,19,36,22,1.736842105263158,0.3880208333333333,0.4823763889427201,3.3684210526315788
1427,20,37,20,1.7777777777777777,0.36458333333333337,0.49690399499995325,3.5555555555555554
1428,20,35,24,1.7777777777777777,0.4114583333333333,0.49690399499995325,3.5555555555555554
1429,19,37,22,1.736842105263158,0.3802083333333333,0.4823763889427201,3.3684210526315788
1430,19,33,20,1.736842105263158,0.39583333333333337,0.4823763889427201,3.3684210526315788
1431,20,38,22,1.7777777777777777,0.3723958333333333,0.49690399499995325,3.5555555555555554
1432,19,39,19,1.736842105263158,0.3411458333333333,0.4823763889427201,3.3684210526315788
1433,20,37,21,1.7777777777777777,0.3723958333333333,0.49690399499995325,3.5555555555555554
1434,19,34,21,1.736842105263158,0.390625,0.4823763889427201,3.3684210526315788
1435,19,37,19,1.6842105263157894,0.3544973544973545,0.5668594533825794,3.3157894736842106
1436,19,36,23,1.736842105263158,0.3958333333333333,0.4823763889427201,3.3684210526315788
1437,19,36,20,1.736842105263158,0.3671875,0.48237638894272,3.3684210526315788
1438,20,36,22,1.7777777777777777,0.3880208333333333,0.49690399499995325,3.5555555555555554
1439,19,39,21,1.736842105263158,0.3567708333333333,0.4823763889427201,3.3684210526315788
1440,18,35,22,1.65,0.3915343915343915,0.47696960070847283,3.15
1441,20,37,23,1.7777777777777777,0.3880208333333333,0.49690399499995325,3.5555555555555554
1442,19,38,19,1.736842105263158,0.34375,0.4823763889427201,3.3684210526315788
1443,19,38,22,1.736842105263158,0.3723958333333333,0.4823763889427201,3.3684210526315788
1444,18,35,20,1.7,0.375,0.39999999999999997,3.2
1445,19,36,21,1.736842105263158,0.3802083333333333,0.4823763889427201,3.3684210526315788
1446,18,33,24,1.7,0.4270833333333333,0.39999999999999997,3.2
1447,19,37,22,1.736842105263158,0.37760416666666663,0.48237638894272,3.3684210526315788
1448,20,38,21,1.7777777777777777,0.3645833333333333,0.49690399499995325,3.5555555555555554
1449,19,34,21,1.736842105263158,0.390625,0.4823763889427201,3.3684210526315788
1450,19,38,20,1.736842105263158,0.3567708333333333,0.4823763889427201,3.3684210526315788
1451,20,34,23,1.7777777777777777,0.41145833333333337,0.49690399499995325,3.5555555555555554
1452,20,38,20,1.7777777777777777,0.359375,0.49690399499995325,3.5555555555555554
1453,20,36,20,1.7777777777777777,0.36458333333333337,0.49690399499995325,3.5555555555555554
1454,19,36,22,1.736842105263158,0.3854166666666667,0.4823763889427201,3.3684210526315788
1455,20,36,22,1.7777777777777777,0.3880208333333333,0.49690399499995325,3.5555555555555554
1456,19,34,21,1.736842105263158,0.390625,0.4823763889427201,3.3684210526315788
1457,19,39,19,1.736842105263158,0.34375,0.4823763889427201,3.3684210526315788
1458,18,34,25,1.7,0.42708333333333337,0.39999999999999997,3.2
1459,19,38,21,1.736842105263158,0.359375,0.4823763889427201,3.3684210526315788
1460,19,36,23,1.736842105263158,0.39322916666666663,0.4823763889427201,3.3684210526315788
1461,18,37,21,1.7,0.37239583333333337,0.39999999999999997,3.2
1462,19,37,21,1.736842105263158,0.36979166666666663,0.48237638894272,3.3684210526315788
1463,19,35,23,1.736842105263158,0.40625,0.4823763889427201,3.3684210526315788
1464,18,38,23,1.7,0.3802083333333333,0.39999999999999997,3.2
1465,19,39,20,1.736842105263158,0.3489583333333333,0.4823763889427201,3.3684210526315788
1466,18,39,19,1.7,0.3359375,0.39999999999999997,3.2
1467,18,35,23,1.7,0.3984375,0.39999999999999997,3.2
1468,19,40,19,1.736842105263158,0.33068783068783064,0.5668594533825794,3.3157894736842106
1469,20,36,23,1.7777777777777777,0.3958333333333333,0.49690399499995325,3.5555555555555554
1470,19,38,21,1.736842105263158,0.3645833333333333,0.48237638894272,3.3684210526315788
1471,20,35,22,1.7777777777777777,0.390625,0.49690399499995325,3.5555555555555554
1472,18,34,24,1.65,0.4153439153439153,0.47696960070847283,3.15
1473,19,39,22,1.736842105263158,0.3645833333333333,0.48237638894272,3.3684210526315788
1474,20,37,21,1.7777777777777777,0.37239583333333337,0.49690399499995325,3.5555555555555554
1475,18,37,21,1.7,0.3723958333333333,0.39999999999999997,3.2
1476,18,32,23,1.7,0.42708333333333337,0.39999999999999997,3.2
1477,19,34,23,1.736842105263158,0.40364583333333337,0.4823763889427201,3.3684210526315788
1478,18,36,22,1.7,0.3880208333333333,0.39999999999999997,3.2
1479,19,35,22,1.736842105263158,0.39322916666666663,0.4823763889427201,3.3684210526315788
1480,18,36,23,1.7,0.3958333333333333,0.39999999999999997,3.2
1481,19,38,21,1.736842105263158,0.3645833333333333,0.4823763889427201,3.3684210526315788
1482,19,35,22,1.736842105263158,0.3984375,0.4823763889427201,3.3684210526315788
1483,20,36,23,1.7777777777777777,0.3958333333333333,0.49690399499995325,3.5555555555555554
1484,19,36,22,1.736842105263158,0.38541666666666663,0.4823763889427201,3.3684210526315788
1485,19,34,23,1.736842105263158,0.40625,0.4823763889427201,3.3684210526315788
1486,18,37,22,1.7,0.38020833333333337,0.39999999999999997,3.2
1487,20,35,24,1.7777777777777777,0.40625,0.49690399499995325,3.5555555555555554
1488,18,37,21,1.7,0.3697916666666667,0.39999999999999997,3.2
1489,19,36,23,1.736842105263158,0.39322916666666663,0.4823763889427201,3.3684210526315788
1490,19,39,20,1.736842105263158,0.3515625,0.4823763889427201,3.3684210526315788
1491,20,36,24,1.7777777777777777,0.4036458333333333,0.49690399499995325,3.5555555555555554
1492,18,39,20,1.7,0.34635416666666663,0.39999999999999997,3.2
1493,19,38,20,1.736842105263158,0.3567708333333333,0.4823763889427201,3.3684210526315788
1494,20,36,22,1.7777777777777777,0.3828125,0.49690399499995325,3.5555555555555554
1495,20,36,23,1.7777777777777777,0.39583333333333337,0.49690399499995325,3.5555555555555554
1496,18,39,20,1.7,0.3489583333333333,0.39999999999999997,3.2
1497,19,32,24,1.736842105263158,0.4296875,0.4823763889427201,3.3684210526315788
1498,18,38,22,1.7,0.37239583333333337,0.39999999999999997,3.2
1499,20,36,22,1.7777777777777777,0.3880208333333333,0.49690399499995325,3.5555555555555554
1500,19,35,24,1.736842105263158,0.4140625,0.4823763889427201,3.3684210526315788
1501,19,36,22,1.736842105263158,0.3880208333333333,0.4823763889427201,3.3684210526315788
1502,20,40,20,1.7777777777777777,0.33854166666666663,0.49690399499995325,3.5555555555555554
1503,19,36,24,1.736842105263158,0.4036458333333333,0.4823763889427201,3.3684210526315788
1504,19,36,22,1.736842105263158,0.3828125,0.4823763889427201,3.3684210526315788
1505,20,35,24,1.7777777777777777,0.4114583333333333,0.49690399499995325,3.5555555555555554
1506,19,36,22,1.736842105263158,0.38541666666666663,0.48237638894272,3.3684210526315788
1507,19,36,21,1.736842105263158,0.375,0.4823763889427201,3.3684210526315788
1508,19,42,19,1.736842105263158,0.3203125,0.4823763889427201,3.3684210526315788
1509,18,36,22,1.7,0.38802083333333337,0.39999999999999997,3.2
1510,20,39,22,1.7777777777777777,0.3645833333333333,0.49690399499995325,3.5555555555555554
1511,19,33,22,1.736842105263158,0.4088541666666667,0.4823763889427201,3.3684210526315788
1512,18,33,24,1.65,0.42328042328042326,0.47696960070847283,3.15
1513,19,33,23,1.736842105263158,0.4166666666666667,0.4823763889427201,3.3684210526315788
1514,19,37,22,1.736842105263158,0.3802083333333333,0.4823763889427201,3.3684210526315788
1515,19,33,25,1.736842105263158,0.4322916666666667,0.4823763889427201,3.3684210526315788
1516,18,34,22,1.7,0.40104166666666663,0.39999999999999997,3.2
1517,19,37,23,1.736842105263158,0.3880208333333333,0.4823763889427201,3.3684210526315788
1518,19,37,23,1.736842105263158,0.3880208333333333,0.4823763889427201,3.3684210526315788
1519,18,32,25,1.7,0.44010416666666663,0.39999999999999997,3.2
1520,18,40,21,1.7,0.3489583333333333,0.39999999999999997,3.2
1521,20,39,20,1.7777777777777777,0.34635416666666663,0.49690399499995325,3.5555555555555554
1522,19,37,21,1.736842105263158,0.37239583333333337,0.4823763889427201,3.3684210526315788
1523,20,34,21,1.7777777777777777,0.3932291666666667,0.49690399499995325,3.5555555555555554
1524,20,37,20,1.7777777777777777,0.359375,0.49690399499995325,3.5555555555555554
1525,19,37,22,1.736842105263158,0.37760416666666663,0.4823763889427201,3.3684210526315788
1526,19,34,22,1.736842105263158,0.4010416666666667,0.4823763889427201,3.3684210526315788
1527,19,36,21,1.736842105263158,0.37760416666666663,0.4823763889427201,3.3684210526315788
1528,20,34,24,1.7777777777777777,0.41666666666666663,0.49690399499995325,3.5555555555555554
1529,18,35,22,1.7,0.390625,0.39999999999999997,3.2
1530,20,37,22,1.7777777777777777,0.38020833333333337,0.49690399499995325,3.5555555555555554
1531,19,37,24,1.736842105263158,0.3958333333333333,0.48237638894272,3.3684210526315788
1532,20,34,22,1.7777777777777777,0.4036458333333333,0.49690399499995325,3.5555555555555554
1533,18,39,20,1.7,0.3489583333333333,0.39999999999999997,3.2
1534,19,39,20,1.736842105263158,0.3515625,0.4823763889427201,3.3684210526315788
1535,19,34,25,1.736842105263158,0.4270833333333333,0.4823763889427201,3.3684210526315788
1536,19,34,22,1.736842105263158,0.3984375,0.4823763889427201,3.3684210526315788
1537,19,37,23,1.736842105263158,0.3880208333333333,0.4823763889427201,3.3684210526315788
1538,18,36,23,1.7,0.3958333333333333,0.39999999999999997,3.2
1539,18,36,23,1.7,0.3958333333333333,0.39999999999999997,3.2
1540,19,33,24,1.736842105263158,0.42447916666666663,0.4823763889427201,3.3684210526315788
1541,20,40,20,1.7777777777777777,0.3411458333333333,0.49690399499995325,3.5555555555555554
1542,20,34,24,1.7777777777777777,0.4192708333333333,0.49690399499995325,3.5555555555555554
1543,20,36,23,1.7777777777777777,0.3984375,0.49690399499995325,3.5555555555555554
1544,19,37,21,1.736842105263158,0.3671875,0.4823763889427201,3.3684210526315788
1545,19,36,23,1.736842105263158,0.39322916666666663,0.48237638894272,3.3684210526315788
1546,19,36,23,1.736842105263158,0.39322916666666663,0.4823763889427201,3.3684210526315788
1547,19,35,22,1.736842105263158,0.39583333333333337,0.4823763889427201,3.3684210526315788
1548,19,33,25,1.736842105263158,0.43489583333333337,0.4823763889427201,3.3684210526315788
1549,19,35,21,1.736842105263158,0.38541666666666663,0.4823763889427201,3.3684210526315788
1550,19,33,25,1.736842105263158,0.4296875,0.4823763889427201,3.3684210526315788
1551,19,36,20,1.736842105263158,0.3697916666666667,0.4823763889427201,3.3684210526315788
1552,19,38,21,1.736842105263158,0.3645833333333333,0.4823763889427201,3.3684210526315788
1553,18,39,21,1.7,0.3567708333333333,0.39999999999999997,3.2
1554,20,37,23,1.7777777777777777,0.3880208333333333,0.49690399499995325,3.5555555555555554
1555,19,36,21,1.736842105263158,0.3776041666666667,0.4823763889427201,3.3684210526315788
1556,20,36,22,1.7777777777777777,0.38802083333333337,0.49690399499995325,3.5555555555555554
1557,18,36,22,1.7,0.390625,0.39999999999999997,3.2
1558,19,36,22,1.736842105263158,0.390625,0.4823763889427201,3.3684210526315788
1559,18,36,22,1.7,0.3880208333333333,0.39999999999999997,3.2
1560,19,36,21,1.736842105263158,0.3776041666666667,0.48237638894272,3.3684210526315788
1561,19,32,21,1.6842105263157894,0.40740740740740744,0.5668594533825794,3.3157894736842106
1562,19,33,26,1.736842105263158,0.4427083333333333,0.4823763889427201,3.3684210526315788
1563,20,35,24,1.7777777777777777,0.4114583333333333,0.49690399499995325,3.5555555555555554
1564,19,38,21,1.736842105263158,0.3645833333333333,0.4823763889427201,3.3684210526315788
1565,19,36,21,1.736842105263158,0.3776041666666667,0.4823763889427201,3.3684210526315788
1566,20,36,22,1.7777777777777777,0.390625,0.49690399499995325,3.5555555555555554
1567,18,34,22,1.65,0.3994708994708994,0.47696960070847283,3.15
1568,19,38,20,1.736842105263158,0.3567708333333333,0.4823763889427201,3.3684210526315788
1569,21,32,25,1.8235294117647058,0.4427083333333333,0.42418250299576343,3.764705882352941
1570,19,37,23,1.736842105263158,0.3880208333333333,0.4823763889427201,3.3684210526315788
1571,21,35,24,1.8235294117647058,0.4088541666666667,0.42418250299576343,3.764705882352941
1572,19,33,25,1.736842105263158,0.43229166666666663,0.4823763889427201,3.3684210526315788
1573,20,39,19,1.7777777777777777,0.33854166666666663,0.49690399499995325,3.5555555555555554
1574,19,36,22,1.736842105263158,0.390625,0.4823763889427201,3.3684210526315788
1575,18,36,22,1.7,0.38541666666666663,0.39999999999999997,3.2
1576,20,34,25,1.7777777777777777,0.4270833333333333,0.49690399499995325,3.5555555555555554
1577,18,35,20,1.7,0.375,0.39999999999999997,3.2
1578,19,35,23,1.736842105263158,0.4036458333333333,0.4823763889427201,3.3684210526315788
1579,20,37,21,1.7777777777777777,0.36979166666666663,0.49690399499995325,3.5555555555555554
1580,18,35,22,1.7,0.39322916666666663,0.39999999999999997,3.2
1581,20,33,22,1.7777777777777777,0.40625,0.49690399499995325,3.5555555555555554
1582,18,33,23,1.7,0.4166666666666667,0.39999999999999997,3.2
1583,20,36,21,1.7777777777777777,0.3802083333333333,0.49690399499995325,3.5555555555555554
1584,18,34,24,1.65,0.41798941798941797,0.47696960070847283,3.15
1585,19,36,24,1.736842105263158,0.40104166666666663,0.4823763889427201,3.3684210526315788
1586,18,35,23,1.7,0.4010416666666667,0.39999999999999997,3.2
1587,19,36,24,1.736842105263158,0.4036458333333333,0.4823763889427201,3.3684210526315788
1588,19,34,23,1.736842105263158,0.40885416666666663,0.48237638894272,3.3684210526315788
1589,19,38,22,1.736842105263158,0.375,0.48237638894272,3.3684210526315788
1590,20,34,24,1.7777777777777777,0.41666666666666663,0.49690399499995325,3.5555555555555554
1591,18,35,21,1.7,0.38541666666666663,0.39999999999999997,3.2
1592,19,37,22,1.736842105263158,0.3802083333333333,0.4823763889427201,3.3684210526315788
1593,18,34,23,1.7,0.40885416666666663,0.39999999999999997,3.2
1594,20,34,24,1.7777777777777777,0.4166666666666667,0.49690399499995325,3.5555555555555554
1595,18,35,23,1.7,0.4036458333333333,0.39999999999999997,3.2
1596,20,32,26,1.7777777777777777,0.44791666666666663,0.49690399499995325,3.5555555555555554
1597,19,32,27,1.736842105263158,0.45572916666666663,0.4823763889427201,3.3684210526315788
1598,19,41,18,1.736842105263158,0.3125,0.4823763889427201,3.3684210526315788
1599,19,37,23,1.736842105263158,0.3880208333333333,0.4823763889427201,3.3684210526315788
1600,19,36,21,1.736842105263158,0.3802083333333333,0.48237638894272,3.3684210526315788
1601,20,32,25,1.7777777777777777,0.44010416666666663,0.49690399499995325,3.5555555555555554
1602,19,38,21,1.736842105263158,0.3671875,0.4823763889427201,3.3684210526315788
1603,19,34,24,1.736842105263158,0.41666666666666663,0.48237638894272,3.3684210526315788
1604,20,38,21,1.7777777777777777,0.3671875,0.49690399499995325,3.5555555555555554
1605,19,36,22,1.736842105263158,0.3854166666666667,0.4823763889427201,3.3684210526315788
1606,19,37,21,1.736842105263158,0.37239583333333337,0.4823763889427201,3.3684210526315788
1607,19,35,21,1.736842105263158,0.3828125,0.4823763889427201,3.3684210526315788
1608,19,34,24,1.736842105263158,0.4192708333333333,0.48237638894272,3.3684210526315788
1609,19,36,24,1.736842105263158,0.4036458333333333,0.4823763889427201,3.3684210526315788
1610,20,38,21,1.7777777777777777,0.3645833333333333,0.49690399499995325,3.5555555555555554
1611,19,38,21,1.736842105263158,0.36197916666666663,0.4823763889427201,3.3684210526315788
1612,19,35,23,1.736842105263158,0.4036458333333333,0.4823763889427201,3.3684210526315788
1613,19,35,21,1.736842105263158,0.3828125,0.4823763889427201,3.3684210526315788
1614,19,37,22,1.736842105263158,0.3776041666666667,0.4823763889427201,3.3684210526315788
1615,19,34,22,1.736842105263158,0.3984375,0.4823763889427201,3.3684210526315788
1616,20,32,25,1.7777777777777777,0.4427083333333333,0.49690399499995325,3.5555555555555554
1617,18,36,21,1.7,0.3802083333333333,0.39999999999999997,3.2
1618,20,37,22,1.7777777777777777,0.3802083333333333,0.49690399499995325,3.5555555555555554
1619,19,36,23,1.736842105263158,0.3958333333333333,0.4823763889427201,3.3684210526315788
1620,19,36,23,1.736842105263158,0.3958333333333333,0.4823763889427201,3.3684210526315788
1621,20,39,21,1.7777777777777777,0.3567708333333333,0.49690399499995325,3.5555555555555554
1622,19,37,21,1.736842105263158,0.3723958333333333,0.4823763889427201,3.3684210526315788
1623,19,32,24,1.736842105263158,0.4322916666666667,0.4823763889427201,3.3684210526315788
1624,19,36,21,1.736842105263158,0.37239583333333337,0.4823763889427201,3.3684210526315788
1625,19,36,22,1.736842105263158,0.3828125,0.4823763889427201,3.3684210526315788
1626,19,36,22,1.736842105263158,0.3854166666666667,0.4823763889427201,3.3684210526315788
1627,18,35,24,1.7,0.4114583333333333,0.39999999999999997,3.2
1628,20,35,22,1.7777777777777777,0.3958333333333333,0.49690399499995325,3.5555555555555554
1629,19,34,22,1.736842105263158,0.3984375,0.4823763889427201,3.3684210526315788
1630,19,34,25,1.736842105263158,0.4270833333333333,0.4823763889427201,3.3684210526315788
1631,20,36,21,1.7777777777777777,0.37760416666666663,0.49690399499995325,3.5555555555555554
1632,20,35,23,1.7777777777777777,0.4036458333333333,0.49690399499995325,3.5555555555555554
1633,20,35,23,1.7777777777777777,0.40104166666666663,0.49690399499995325,3.5555555555555554
1634,19,31,25,1.736842105263158,0.4505208333333333,0.4823763889427201,3.3684210526315788
1635,19,35,23,1.736842105263158,0.3984375,0.4823763889427201,3.3684210526315788
1636,19,35,25,1.736842105263158,0.4166666666666667,0.4823763889427201,3.3684210526315788
1637,19,33,23,1.736842105263158,0.41666666666666663,0.4823763889427201,3.3684210526315788
1638,19,33,24,1.736842105263158,0.4270833333333333,0.4823763889427201,3.3684210526315788
1639,19,36,22,1.736842105263158,0.390625,0.48237638894272,3.3684210526315788
1640,20,35,25,1.7777777777777777,0.4192708333333333,0.49690399499995325,3.5555555555555554
1641,19,33,25,1.736842105263158,0.4348958333333333,0.4823763889427201,3.3684210526315788
1642,18,38,22,1.7,0.36979166666666663,0.39999999999999997,3.2
1643,19,35,24,1.736842105263158,0.4088541666666667,0.4823763889427201,3.3684210526315788
1644,19,34,24,1.736842105263158,0.41666666666666663,0.4823763889427201,3.3684210526315788
1645,19,34,23,1.736842105263158,0.40885416666666663,0.4823763889427201,3.3684210526315788
1646,18,38,22,1.7,0.3723958333333333,0.39999999999999997,3.2
1647,20,33,24,1.7777777777777777,0.42447916666666663,0.49690399499995325,3.5555555555555554
1648,19,37,24,1.736842105263158,0.3958333333333333,0.4823763889427201,3.3684210526315788
1649,19,34,24,1.736842105263158,0.4192708333333333,0.48237638894272,3.3684210526315788
1650,20,35,20,1.7777777777777777,0.3776041666666667,0.49690399499995325,3.5555555555555554
1651,20,37,21,1.7777777777777777,0.3723958333333333,0.49690399499995325,3.5555555555555554
1652,18,37,22,1.7,0.3828125,0.39999999999999997,3.2
1653,19,31,22,1.736842105263158,0.4270833333333333,0.4823763889427201,3.3684210526315788
1654,19,34,24,1.736842105263158,0.41666666666666663,0.4823763889427201,3.3684210526315788
1655,19,34,23,1.736842105263158,0.4088541666666667,0.4823763889427201,3.3684210526315788
1656,19,35,23,1.736842105263158,0.4036458333333333,0.4823763889427201,3.3684210526315788
1657,19,37,23,1.736842105263158,0.3880208333333333,0.4823763889427201,3.3684210526315788
1658,19,35,23,1.736842105263158,0.4036458333333333,0.4823763889427201,3.3684210526315788
1659,19,32,26,1.736842105263158,0.4505208333333333,0.4823763889427201,3.3684210526315788
1660,18,37,22,1.7,0.37760416666666663,0.39999999999999997,3.2
1661,20,36,23,1.7777777777777777,0.3958333333333333,0.49690399499995325,3.5555555555555554
1662,19,36,23,1.6842105263157894,0.3941798941798942,0.5668594533825794,3.3157894736842106
1663,20,33,24,1.7777777777777777,0.4270833333333333,0.49690399499995325,3.5555555555555554
1664,19,30,23,1.6842105263157894,0.4338624338624339,0.5668594533825794,3.3157894736842106
1665,19,32,24,1.736842105263158,0.4296875,0.4823763889427201,3.3684210526315788
1666,19,33,23,1.736842105263158,0.4192708333333333,0.48237638894272,3.3684210526315788
1667,18,37,22,1.7,0.3802083333333333,0.39999999999999997,3.2
1668,20,34,22,1.7777777777777777,0.3984375,0.49690399499995325,3.5555555555555554
1669,19,36,23,1.736842105263158,0.3958333333333333,0.4823763889427201,3.3684210526315788
1670,20,34,24,1.7777777777777777,0.4192708333333333,0.49690399499995325,3.5555555555555554
1671,20,38,22,1.7777777777777777,0.3723958333333333,0.49690399499995325,3.5555555555555554
1672,19,36,23,1.736842105263158,0.39322916666666663,0.4823763889427201,3.3684210526315788
1673,18,37,23,1.7,0.3880208333333333,0.39999999999999997,3.2
1674,19,36,24,1.736842105263158,0.4036458333333333,0.4823763889427201,3.3684210526315788
1675,20,36,21,1.7777777777777777,0.37760416666666663,0.49690399499995325,3.5555555555555554
1676,18,31,24,1.7,0.4375,0.39999999999999997,3.2
1677,19,36,22,1.6842105263157894,0.38359788359788355,0.5668594533825794,3.3157894736842106
1678,20,34,24,1.7777777777777777,0.4192708333333333,0.49690399499995325,3.5555555555555554
1679,18,33,23,1.7,0.4192708333333333,0.39999999999999997,3.2
1680,19,35,20,1.736842105263158,0.375,0.4823763889427201,3.3684210526315788
1681,20,37,23,1.7777777777777777,0.38541666666666663,0.49690399499995325,3.5555555555555554
1682,19,34,25,1.736842105263158,0.4270833333333333,0.4823763889427201,3.3684210526315788
1683,19,34,24,1.736842105263158,0.4192708333333333,0.4823763889427201,3.3684210526315788
1684,20,31,26,1.7777777777777777,0.4505208333333333,0.49690399499995325,3.5555555555555554
1685,19,36,22,1.736842105263158,0.3854166666666667,0.4823763889427201,3.3684210526315788
1686,19,34,23,1.736842105263158,0.4114583333333333,0.4823763889427201,3.3684210526315788
1687,19,36,23,1.736842105263158,0.3958333333333333,0.4823763889427201,3.3684210526315788
1688,21,34,24,1.8235294117647058,0.4192708333333333,0.42418250299576343,3.764705882352941
1689,20,34,26,1.7777777777777777,0.4348958333333333,0.49690399499995325,3.5555555555555554
1690,20,30,26,1.7777777777777777,0.46354166666666663,0.49690399499995325,3.5555555555555554
1691,20,35,22,1.7777777777777777,0.390625,0.49690399499995325,3.5555555555555554
1692,18,34,23,1.7,0.40885416666666663,0.39999999999999997,3.2
1693,20,34,24,1.7777777777777777,0.4166666666666667,0.49690399499995325,3.5555555555555554
1694,20,33,25,1.7777777777777777,0.43229166666666663,0.49690399499995325,3.5555555555555554
1695,19,32,25,1.736842105263158,0.44010416666666663,0.4823763889427201,3.3684210526315788
1696,18,33,24,1.7,0.42447916666666663,0.39999999999999997,3.2
1697,19,37,22,1.736842105263158,0.3802083333333333,0.4823763889427201,3.3684210526315788
1698,18,33,25,1.7,0.4348958333333333,0.39999999999999997,3.2
1699,18,33,25,1.7,0.4296875,0.39999999999999997,3.2
1700,19,31,24,1.736842105263158,0.44010416666666663,0.4823763889427201,3.3684210526315788
1701,19,31,24,1.736842105263158,0.44010416666666663,0.48237638894272,3.3684210526315788
1702,19,33,23,1.736842105263158,0.4140625,0.4823763889427201,3.3684210526315788
1703,19,34,25,1.736842105263158,0.4270833333333333,0.4823763889427201,3.3684210526315788
1704,19,30,25,1.736842105263158,0.45052083333333337,0.4823763889427201,3.3684210526315788
1705,20,34,25,1.7777777777777777,0.4270833333333333,0.49690399499995325,3.5555555555555554
1706,18,35,23,1.7,0.4036458333333333,0.39999999999999997,3.2
1707,20,34,25,1.7777777777777777,0.4244791666666667,0.49690399499995325,3.5555555555555554
1708,20,35,24,1.7777777777777777,0.4114583333333333,0.49690399499995325,3.5555555555555554
1709,18,36,23,1.7,0.3958333333333333,0.39999999999999997,3.2
1710,20,29,26,1.7777777777777777,0.46354166666666663,0.49690399499995325,3.5555555555555554
1711,19,36,23,1.736842105263158,0.3958333333333333,0.4823763889427201,3.3684210526315788
1712,19,31,24,1.736842105263158,0.4375,0.4823763889427201,3.3684210526315788
1713,18,33,26,1.7,0.4427083333333333,0.39999999999999997,3.2
1714,20,34,25,1.7777777777777777,0.4270833333333333,0.49690399499995325,3.5555555555555554
1715,19,38,22,1.736842105263158,0.3723958333333333,0.4823763889427201,3.3684210526315788
1716,18,35,23,1.7,0.4036458333333333,0.39999999999999997,3.2
1717,18,31,26,1.7,0.45572916666666663,0.39999999999999997,3.2
1718,19,36,21,1.736842105263158,0.3802083333333333,0.4823763889427201,3.3684210526315788
1719,19,35,24,1.736842105263158,0.4114583333333333,0.48237638894272,3.3684210526315788
1720,19,33,24,1.736842105263158,0.4270833333333333,0.4823763889427201,3.3684210526315788
1721,19,32,25,1.736842105263158,0.4375,0.4823763889427201,3.3684210526315788
1722,19,32,24,1.736842105263158,0.43229166666666663,0.4823763889427201,3.3684210526315788
1723,20,34,23,1.7777777777777777,0.4036458333333333,0.49690399499995325,3.5555555555555554
1724,20,37,22,1.7777777777777777,0.3802083333333333,0.49690399499995325,3.5555555555555554
1725,20,35,22,1.7777777777777777,0.39322916666666663,0.49690399499995325,3.5555555555555554
1726,18,36,23,1.7,0.3958333333333333,0.39999999999999997,3.2
1727,20,38,21,1.7777777777777777,0.36197916666666663,0.49690399499995325,3.5555555555555554
1728,20,33,23,1.7777777777777777,0.4166666666666667,0.49690399499995325,3.5555555555555554
1729,19,34,24,1.736842105263158,0.41666666666666663,0.4823763889427201,3.3684210526315788
1730,20,35,24,1.7777777777777777,0.4114583333333333,0.49690399499995325,3.5555555555555554
1731,19,31,25,1.736842105263158,0.4453125,0.4823763889427201,3.3684210526315788
1732,19,34,26,1.736842105263158,0.4348958333333333,0.4823763889427201,3.3684210526315788
1733,20,35,24,1.7777777777777777,0.4114583333333333,0.49690399499995325,3.5555555555555554
1734,20,37,21,1.7777777777777777,0.37239583333333337,0.49690399499995325,3.5555555555555554
1735,18,32,24,1.7,0.43229166666666663,0.39999999999999997,3.2
1736,19,35,24,1.736842105263158,0.4114583333333333,0.4823763889427201,3.3684210526315788
1737,19,31,24,1.6842105263157894,0.4417989417989418,0.5668594533825794,3.3157894736842106
1738,20,35,23,1.7777777777777777,0.40104166666666663,0.49690399499995325,3.5555555555555554
1739,20,34,24,1.7777777777777777,0.4192708333333333,0.49690399499995325,3.5555555555555554
1740,18,34,23,1.7,0.40885416666666663,0.39999999999999997,3.2
1741,20,32,25,1.7777777777777777,0.4401041666666667,0.49690399499995325,3.5555555555555554
1742,19,35,23,1.736842105263158,0.4036458333333333,0.4823763889427201,3.3684210526315788
1743,19,35,23,1.736842105263158,0.40104166666666663,0.4823763889427201,3.3684210526315788
1744,19,33,24,1.736842105263158,0.42447916666666663,0.4823763889427201,3.3684210526315788
1745,19,32,25,1.6842105263157894,0.43915343915343913,0.5668594533825794,3.3157894736842106
1746,19,34,25,1.736842105263158,0.42447916666666663,0.4823763889427201,3.3684210526315788
1747,19,35,24,1.736842105263158,0.40885416666666663,0.4823763889427201,3.3684210526315788
1748,19,34,24,1.6842105263157894,0.41798941798941797,0.5668594533825794,3.3157894736842106
1749,19,36,23,1.736842105263158,0.3958333333333333,0.4823763889427201,3.3684210526315788
1750,19,36,25,1.736842105263158,0.4140625,0.4823763889427201,3.3684210526315788
1751,20,35,22,1.7777777777777777,0.39322916666666663,0.49690399499995325,3.5555555555555554
1752,20,35,25,1.7777777777777777,0.4166666666666667,0.49690399499995325,3.5555555555555554
1753,18,35,22,1.7,0.390625,0.39999999999999997,3.2
1754,19,35,22,1.736842105263158,0.3932291666666667,0.4823763889427201,3.3684210526315788
1755,19,34,24,1.736842105263158,0.41666666666666663,0.4823763889427201,3.3684210526315788
1756,18,33,24,1.7,0.42708333333333337,0.39999999999999997,3.2
1757,19,31,25,1.736842105263158,0.44270833333333337,0.4823763889427201,3.3684210526315788
1758,20,33,24,1.7777777777777777,0.4270833333333333,0.49690399499995325,3.5555555555555554
1759,20,36,23,1.7777777777777777,0.39322916666666663,0.49690399499995325,3.5555555555555554
1760,18,35,24,1.7,0.4114583333333333,0.39999999999999997,3.2
1761,20,36,24,1.7777777777777777,0.4036458333333333,0.49690399499995325,3.5555555555555554
1762,19,35,25,1.736842105263158,0.4192708333333333,0.4823763889427201,3.3684210526315788
1763,20,34,22,1.7777777777777777,0.3984375,0.49690399499995325,3.5555555555555554
1764,19,35,23,1.736842105263158,0.4036458333333333,0.4823763889427201,3.3684210526315788
1765,18,33,26,1.7,0.4427083333333333,0.39999999999999997,3.2
1766,20,34,24,1.7777777777777777,0.4192708333333333,0.49690399499995325,3.5555555555555554
1767,19,32,24,1.6842105263157894,0.42857142857142855,0.5668594533825794,3.3157894736842106
1768,19,32,25,1.736842105263158,0.4401041666666667,0.4823763889427201,3.3684210526315788
1769,19,32,24,1.736842105263158,0.42708333333333337,0.4823763889427201,3.3684210526315788
1770,18,33,24,1.7,0.4270833333333333,0.39999999999999997,3.2
1771,19,36,24,1.736842105263158,0.4036458333333333,0.4823763889427201,3.3684210526315788
1772,19,33,23,1.736842105263158,0.41666666666666663,0.4823763889427201,3.3684210526315788
1773,18,31,25,1.7,0.4453125,0.39999999999999997,3.2
1774,19,33,25,1.736842105263158,0.4348958333333333,0.4823763889427201,3.3684210526315788
1775,18,38,23,1.7,0.3828125,0.39999999999999997,3.2
1776,19,31,25,1.736842105263158,0.44791666666666663,0.4823763889427201,3.3684210526315788
1777,20,33,25,1.7777777777777777,0.43229166666666663,0.49690399499995325,3.5555555555555554
1778,18,34,24,1.7,0.41666666666666663,0.39999999999999997,3.2
1779,19,32,24,1.6842105263157894,0.42857142857142855,0.5668594533825794,3.3157894736842106
1780,19,34,24,1.736842105263158,0.41666666666666663,0.4823763889427201,3.3684210526315788
1781,19,34,25,1.736842105263158,0.4270833333333333,0.4823763889427201,3.3684210526315788
1782,19,35,25,1.736842105263158,0.4192708333333333,0.4823763889427201,3.3684210526315788
1783,18,36,21,1.7,0.37760416666666663,0.39999999999999997,3.2
1784,20,32,26,1.7777777777777777,0.4505208333333333,0.49690399499995325,3.5555555555555554
1785,20,32,24,1.7777777777777777,0.42708333333333337,0.49690399499995325,3.5555555555555554
1786,19,37,22,1.736842105263158,0.37760416666666663,0.4823763889427201,3.3684210526315788
1787,19,31,25,1.736842105263158,0.4453125,0.4823763889427201,3.3684210526315788
1788,19,32,24,1.736842105263158,0.4375,0.4823763889427201,3.3684210526315788
1789,20,34,24,1.7777777777777777,0.41666666666666663,0.49690399499995325,3.5555555555555554
1790,20,33,22,1.7777777777777777,0.41145833333333337,0.49690399499995325,3.5555555555555554
1791,20,34,24,1.7777777777777777,0.4140625,0.49690399499995325,3.5555555555555554
1792,20,32,25,1.7777777777777777,0.44010416666666663,0.49690399499995325,3.5555555555555554
1793,19,32,25,1.736842105263158,0.4375,0.4823763889427201,3.3684210526315788
1794,19,34,24,1.736842105263158,0.4192708333333333,0.4823763889427201,3.3684210526315788
1795,19,34,23,1.736842105263158,0.40885416666666663,0.4823763889427201,3.3684210526315788
1796,19,32,25,1.736842105263158,0.44010416666666663,0.4823763889427201,3.3684210526315788
1797,18,31,26,1.7,0.45572916666666663,0.39999999999999997,3.2
1798,19,29,29,1.736842105263158,0.4947916666666667,0.4823763889427201,3.3684210526315788
1799,18,37,23,1.7,0.3880208333333333,0.39999999999999997,3.2
1800,19,34,25,1.736842105263158,0.42447916666666663,0.4823763889427201,3.3684210526315788
1801,20,32,27,1.7777777777777777,0.4583333333333333,0.49690399499995325,3.5555555555555554
1802,19,33,24,1.736842105263158,0.4270833333333333,0.4823763889427201,3.3684210526315788
1803,19,29,27,1.736842105263158,0.4739583333333333,0.4823763889427201,3.3684210526315788
1804,20,34,24,1.7777777777777777,0.41666666666666663,0.49690399499995325,3.5555555555555554
1805,19,32,25,1.736842105263158,0.4375,0.4823763889427201,3.3684210526315788
1806,20,34,23,1.7777777777777777,0.40885416666666663,0.49690399499995325,3.5555555555555554
1807,21,36,22,1.8235294117647058,0.38541666666666663,0.42418250299576343,3.764705882352941
1808,20,30,25,1.7777777777777777,0.4505208333333333,0.49690399499995325,3.5555555555555554
1809,20,34,24,1.7777777777777777,0.4140625,0.49690399499995325,3.5555555555555554
1810,19,28,25,1.736842105263158,0.46614583333333337,0.4823763889427201,3.3684210526315788
1811,20,35,24,1.7777777777777777,0.40885416666666663,0.49690399499995325,3.5555555555555554
1812,19,33,26,1.736842105263158,0.4427083333333333,0.4823763889427201,3.3684210526315788
1813,20,35,23,1.7777777777777777,0.4036458333333333,0.49690399499995325,3.5555555555555554
1814,19,35,23,1.736842105263158,0.4036458333333333,0.4823763889427201,3.3684210526315788
1815,19,32,26,1.736842105263158,0.44791666666666663,0.4823763889427201,3.3684210526315788
1816,19,32,26,1.736842105263158,0.4479166666666667,0.48237638894272,3.3684210526315788
1817,20,35,23,1.7777777777777777,0.4036458333333333,0.49690399499995325,3.5555555555555554
1818,20,32,25,1.7777777777777777,0.4375,0.49690399499995325,3.5555555555555554
1819,19,34,24,1.736842105263158,0.4140625,0.4823763889427201,3.3684210526315788
1820,19,33,24,1.736842105263158,0.4270833333333333,0.4823763889427201,3.3684210526315788
1821,19,34,22,1.736842105263158,0.40364583333333337,0.4823763889427201,3.3684210526315788
1822,19,28,26,1.736842105263158,0.47395833333333337,0.48237638894272,3.3684210526315788
1823,18,30,27,1.7,0.46875,0.39999999999999997,3.2
1824,18,34,24,1.7,0.421875,0.39999999999999997,3.2
1825,19,35,24,1.736842105263158,0.40885416666666663,0.4823763889427201,3.3684210526315788
1826,19,33,26,1.736842105263158,0.4427083333333333,0.4823763889427201,3.3684210526315788
1827,20,32,26,1.7777777777777777,0.4479166666666667,0.49690399499995325,3.5555555555555554
1828,20,36,24,1.7777777777777777,0.4036458333333333,0.49690399499995325,3.5555555555555554
1829,18,31,24,1.7,0.43489583333333337,0.39999999999999997,3.2
1830,19,27,21,1.736842105263158,0.4453125,0.4823763889427201,3.3684210526315788
1831,19,32,24,1.736842105263158,0.4322916666666667,0.4823763889427201,3.3684210526315788
1832,19,31,25,1.736842105263158,0.4453125,0.4823763889427201,3.3684210526315788
1833,19,34,25,1.736842105263158,0.4270833333333333,0.4823763889427201,3.3684210526315788
1834,19,33,23,1.736842105263158,0.4140625,0.4823763889427201,3.3684210526315788
1835,18,34,24,1.7,0.4166666666666667,0.39999999999999997,3.2
1836,19,34,25,1.736842105263158,0.42447916666666663,0.4823763889427201,3.3684210526315788
1837,20,35,24,1.7777777777777777,0.4114583333333333,0.49690399499995325,3.5555555555555554
1838,19,29,27,1.736842105263158,0.47395833333333337,0.4823763889427201,3.3684210526315788
1839,19,36,24,1.736842105263158,0.4036458333333333,0.4823763889427201,3.3684210526315788
1840,18,29,25,1.65,0.4576719576719577,0.47696960070847283,3.15
1841,19,31,25,1.736842105263158,0.44791666666666663,0.4823763889427201,3.3684210526315788
1842,20,33,24,1.7777777777777777,0.421875,0.49690399499995325,3.5555555555555554
1843,20,29,25,1.7777777777777777,0.45833333333333337,0.49690399499995325,3.5555555555555554
1844,20,32,22,1.7777777777777777,0.41666666666666663,0.49690399499995325,3.5555555555555554
1845,20,33,26,1.7777777777777777,0.4401041666666667,0.49690399499995325,3.5555555555555554
1846,19,33,24,1.736842105263158,0.4270833333333333,0.4823763889427201,3.3684210526315788
1847,19,34,24,1.6842105263157894,0.41798941798941797,0.5668594533825794,3.3157894736842106
1848,19,34,23,1.736842105263158,0.40625,0.4823763889427201,3.3684210526315788
1849,20,33,26,1.7777777777777777,0.44010416666666663,0.49690399499995325,3.5555555555555554
1850,20,31,26,1.7777777777777777,0.453125,0.49690399499995325,3.5555555555555554
1851,18,36,22,1.7,0.3828125,0.39999999999999997,3.2
1852,19,31,25,1.736842105263158,0.4479166666666667,0.4823763889427201,3.3684210526315788
1853,20,34,24,1.7777777777777777,0.4192708333333333,0.49690399499995325,3.5555555555555554
1854,19,33,25,1.736842105263158,0.43229166666666663,0.4823763889427201,3.3684210526315788
1855,19,34,23,1.736842105263158,0.4114583333333333,0.4823763889427201,3.3684210526315788
1856,18,31,24,1.7,0.4348958333333333,0.39999999999999997,3.2
1857,18,34,25,1.7,0.4244791666666667,0.39999999999999997,3.2
1858,19,36,24,1.736842105263158,0.4036458333333333,0.4823763889427201,3.3684210526315788
1859,19,28,27,1.6842105263157894,0.4841269841269841,0.5668594533825794,3.3157894736842106
1860,19,34,25,1.736842105263158,0.4270833333333333,0.4823763889427201,3.3684210526315788
1861,19,29,26,1.736842105263158,0.4713541666666667,0.4823763889427201,3.3684210526315788
1862,19,32,26,1.736842105263158,0.44791666666666663,0.4823763889427201,3.3684210526315788
1863,19,29,28,1.736842105263158,0.48437499999999994,0.48237638894272,3.3684210526315788
1864,20,32,24,1.7777777777777777,0.43229166666666663,0.49690399499995325,3.5555555555555554
1865,20,32,24,1.7777777777777777,0.4322916666666667,0.49690399499995325,3.5555555555555554
1866,18,33,23,1.7,0.41666666666666663,0.39999999999999997,3.2
1867,20,37,22,1.7777777777777777,0.37760416666666663,0.49690399499995325,3.5555555555555554
1868,20,35,23,1.7777777777777777,0.40104166666666663,0.49690399499995325,3.5555555555555554
1869,19,34,24,1.736842105263158,0.41666666666666663,0.4823763889427201,3.3684210526315788
1870,19,33,24,1.736842105263158,0.4244791666666667,0.4823763889427201,3.3684210526315788
1871,19,33,23,1.736842105263158,0.41666666666666663,0.4823763889427201,3.3684210526315788
1872,19,32,26,1.736842105263158,0.44791666666666663,0.4823763889427201,3.3684210526315788
1873,18,32,23,1.65,0.42063492063492064,0.47696960070847283,3.15
1874,20,31,26,1.7777777777777777,0.453125,0.49690399499995325,3.5555555555555554
1875,20,31,26,1.7777777777777777,0.453125,0.49690399499995325,3.5555555555555554
1876,18,27,26,1.7,0.4765625,0.39999999999999997,3.2
1877,19,32,25,1.736842105263158,0.4427083333333333,0.4823763889427201,3.3684210526315788
1878,20,28,27,1.7222222222222223,0.48412698412698413,0.6009252125773316,3.5
1879,18,31,26,1.7,0.45572916666666663,0.39999999999999997,3.2
1880,18,32,26,1.7,0.4505208333333333,0.39999999999999997,3.2
1881,20,30,27,1.7777777777777777,0.46875,0.49690399499995325,3.5555555555555554
1882,19,32,26,1.736842105263158,0.4479166666666667,0.4823763889427201,3.3684210526315788
1883,19,32,26,1.736842105263158,0.4479166666666667,0.4823763889427201,3.3684210526315788
1884,18,32,25,1.7,0.44010416666666663,0.39999999999999997,3.2
1885,19,31,25,1.736842105263158,0.4505208333333333,0.4823763889427201,3.3684210526315788
1886,20,37,24,1.7777777777777777,0.3958333333333333,0.49690399499995325,3.5555555555555554
1887,20,35,24,1.7777777777777777,0.4088541666666667,0.49690399499995325,3.5555555555555554
1888,19,31,25,1.6842105263157894,0.4444444444444444,0.5668594533825794,3.3157894736842106
1889,19,33,24,1.736842105263158,0.421875,0.4823763889427201,3.3684210526315788
1890,19,29,25,1.6842105263157894,0.4576719576719577,0.5668594533825794,3.3157894736842106
1891,18,32,25,1.7,0.4427083333333333,0.39999999999999997,3.2
1892,19,35,23,1.736842105263158,0.40104166666666663,0.4823763889427201,3.3684210526315788
1893,19,30,25,1.736842105263158,0.4505208333333333,0.48237638894272,3.3684210526315788
1894,19,34,24,1.736842105263158,0.41666666666666663,0.48237638894272,3.3684210526315788
1895,20,36,25,1.7777777777777777,0.4114583333333333,0.49690399499995325,3.5555555555555554
1896,18,31,26,1.7,0.453125,0.39999999999999997,3.2
1897,19,30,25,1.736842105263158,0.45052083333333337,0.4823763889427201,3.3684210526315788
1899,20,29,26,1.7777777777777777,0.46875,0.49690399499995325,3.5555555555555554
1900,20,29,26,1.7777777777777777,0.46875,0.49690399499995325,3.5555555555555554
1901,20,29,26,1.7777777777777777,0.46875,0.49690399499995325,3.5555555555555554
1902,20,29,26,1.7777777777777777,0.46875,0.49690399499995325,3.5555555555555554
1903,20,29,26,1.7777777777777777,0.46875,0.49690399499995325,3.5555555555555554
1904,20,29,26,1.7777777777777777,0.46875,0.49690399499995325,3.5555555555555554
1905,20,29,26,1.7777777777777777,0.46875,0.49690399499995325,3.5555555555555554
1906,20,29,26,1.7777777777777777,0.46875,0.49690399499995325,3.5555555555555554
1907,20,29,26,1.7777777777777777,0.46875,0.49690399499995325,3.5555555555555554
1908,20,29,26,1.7777777777777777,0.46875,0.49690399499995325,3.5555555555555554
