Episode,Desafios_sin_equipo,Estudiantes_fuera_preferencias,Estudiantes_primera_prioridad,Promedio_carreras_por_equipo,Satisfaccion_promedio,STD_tamano_equipos,Tamano_promedio_equipo
2,18,57,1,1.75,0.05989583333333333,0.39999999999999997,3.2
3,18,57,3,1.75,0.06770833333333333,0.39999999999999997,3.2
4,18,57,3,1.75,0.078125,0.39999999999999997,3.2
5,18,59,3,1.75,0.05729166666666667,0.39999999999999997,3.2
6,17,58,1,1.7142857142857142,0.04947916666666666,0.21295885499997994,3.0476190476190474
7,18,57,2,1.75,0.06770833333333333,0.39999999999999997,3.2
8,17,56,4,1.7142857142857142,0.0859375,0.21295885499997994,3.0476190476190474
9,18,56,3,1.75,0.07552083333333333,0.39999999999999997,3.2
10,17,58,0,1.7142857142857142,0.041666666666666664,0.21295885499997994,3.0476190476190474
11,17,57,3,1.7142857142857142,0.07291666666666666,0.21295885499997994,3.0476190476190474
12,18,57,4,1.75,0.078125,0.39999999999999997,3.2
13,18,60,1,1.75,0.036458333333333336,0.39999999999999997,3.2
14,19,59,1,1.7894736842105263,0.041666666666666664,0.4823763889427201,3.3684210526315788
15,17,55,4,1.7142857142857142,0.09114583333333331,0.21295885499997994,3.0476190476190474
16,18,57,2,1.75,0.06249999999999999,0.39999999999999997,3.2
17,18,61,2,1.75,0.0390625,0.39999999999999997,3.2
18,17,55,5,1.7142857142857142,0.10416666666666666,0.21295885499997994,3.0476190476190474
19,18,58,0,1.75,0.0390625,0.39999999999999997,3.2
20,19,60,1,1.7894736842105263,0.033854166666666664,0.4823763889427201,3.3684210526315788
21,18,60,0,1.75,0.0234375,0.39999999999999997,3.2
22,19,57,1,1.7894736842105263,0.0546875,0.48237638894272,3.3684210526315788
23,18,59,1,1.75,0.0390625,0.39999999999999997,3.2
24,17,60,2,1.7142857142857142,0.04427083333333333,0.21295885499997994,3.0476190476190474
25,18,61,1,1.7,0.028645833333333332,0.39999999999999997,3.2
26,19,58,1,1.7894736842105263,0.05208333333333333,0.48237638894272,3.3684210526315788
27,18,63,0,1.75,0.005208333333333333,0.39999999999999997,3.2
28,19,63,0,1.7894736842105263,0.005208333333333333,0.4823763889427201,3.3684210526315788
29,18,58,1,1.75,0.04427083333333333,0.39999999999999997,3.2
30,17,57,4,1.7142857142857142,0.08072916666666666,0.21295885499997994,3.0476190476190474
31,18,63,1,1.75,0.015625,0.39999999999999997,3.2
32,19,60,1,1.7894736842105263,0.033854166666666664,0.48237638894272,3.3684210526315788
33,18,56,2,1.75,0.06770833333333333,0.39999999999999997,3.2
34,18,59,2,1.7,0.05208333333333333,0.39999999999999997,3.2
35,17,59,2,1.7142857142857142,0.04947916666666666,0.21295885499997994,3.0476190476190474
36,18,61,0,1.75,0.020833333333333332,0.39999999999999997,3.2
37,19,58,2,1.736842105263158,0.05291005291005291,0.5668594533825794,3.3157894736842106
38,17,61,0,1.7142857142857142,0.020833333333333332,0.21295885499997994,3.0476190476190474
39,17,54,3,1.7142857142857142,0.09375,0.21295885499997994,3.0476190476190474
40,18,59,2,1.75,0.052083333333333336,0.39999999999999997,3.2
41,18,60,2,1.75,0.041666666666666664,0.39999999999999997,3.2
42,17,58,1,1.7142857142857142,0.04427083333333333,0.21295885499997994,3.0476190476190474
43,18,60,2,1.75,0.046875,0.39999999999999997,3.2
44,19,61,1,1.7894736842105263,0.03125,0.4823763889427201,3.3684210526315788
45,17,58,2,1.7142857142857142,0.059895833333333336,0.21295885499997994,3.0476190476190474
46,17,60,2,1.7142857142857142,0.04427083333333333,0.21295885499997994,3.0476190476190474
47,18,58,4,1.75,0.07291666666666666,0.39999999999999997,3.2
48,19,59,3,1.7894736842105263,0.05989583333333333,0.4823763889427201,3.3684210526315788
49,18,59,3,1.75,0.05989583333333333,0.39999999999999997,3.2
50,17,60,3,1.7142857142857142,0.0546875,0.21295885499997994,3.0476190476190474
51,18,57,2,1.75,0.0703125,0.39999999999999997,3.2
52,19,58,4,1.7894736842105263,0.07291666666666666,0.48237638894272,3.3684210526315788
53,18,61,1,1.75,0.028645833333333332,0.39999999999999997,3.2
54,17,58,1,1.6666666666666667,0.042328042328042326,0.3086066999241838,3.0
55,18,58,3,1.75,0.06770833333333333,0.39999999999999997,3.2
56,18,61,1,1.75,0.026041666666666664,0.39999999999999997,3.2
57,19,62,0,1.7894736842105263,0.013020833333333332,0.4823763889427201,3.3684210526315788
58,19,57,1,1.7894736842105263,0.05208333333333333,0.4823763889427201,3.3684210526315788
59,17,60,2,1.7142857142857142,0.04427083333333333,0.21295885499997994,3.0476190476190474
60,18,61,2,1.75,0.03645833333333333,0.39999999999999997,3.2
61,19,57,4,1.7894736842105263,0.0859375,0.4823763889427201,3.3684210526315788
62,18,60,3,1.75,0.05208333333333333,0.39999999999999997,3.2
63,17,59,1,1.7142857142857142,0.046875,0.21295885499997994,3.0476190476190474
64,18,57,3,1.75,0.0703125,0.39999999999999997,3.2
65,18,61,1,1.75,0.03125,0.39999999999999997,3.2
66,18,62,0,1.7,0.010416666666666666,0.39999999999999997,3.2
67,18,59,0,1.75,0.033854166666666664,0.39999999999999997,3.2
68,17,59,5,1.7142857142857142,0.078125,0.21295885499997994,3.0476190476190474
69,18,56,4,1.75,0.08854166666666667,0.39999999999999997,3.2
70,17,60,2,1.7142857142857142,0.046875,0.21295885499997994,3.0476190476190474
71,18,63,0,1.7,0.005208333333333333,0.39999999999999997,3.2
72,19,59,1,1.7894736842105263,0.041666666666666664,0.4823763889427201,3.3684210526315788
73,18,62,0,1.75,0.013020833333333332,0.39999999999999997,3.2
74,17,58,2,1.7142857142857142,0.05208333333333333,0.21295885499997994,3.0476190476190474
75,19,56,1,1.7894736842105263,0.0625,0.4823763889427201,3.3684210526315788
76,19,60,1,1.7894736842105263,0.03125,0.48237638894272,3.3684210526315788
77,17,58,2,1.7142857142857142,0.057291666666666664,0.21295885499997994,3.0476190476190474
78,17,58,2,1.7142857142857142,0.05989583333333333,0.21295885499997994,3.0476190476190474
79,19,58,1,1.7894736842105263,0.04947916666666666,0.4823763889427201,3.3684210526315788
80,18,59,1,1.75,0.041666666666666664,0.39999999999999997,3.2
81,17,57,1,1.7142857142857142,0.05208333333333333,0.21295885499997994,3.0476190476190474
82,17,61,2,1.7142857142857142,0.0390625,0.21295885499997994,3.0476190476190474
83,17,54,3,1.7142857142857142,0.09375,0.21295885499997994,3.0476190476190474
84,17,60,2,1.7142857142857142,0.044270833333333336,0.21295885499997994,3.0476190476190474
85,19,59,2,1.7894736842105263,0.05208333333333333,0.48237638894272,3.3684210526315788
86,17,59,2,1.7142857142857142,0.0546875,0.21295885499997994,3.0476190476190474
87,18,62,1,1.75,0.020833333333333332,0.39999999999999997,3.2
88,17,60,1,1.6666666666666667,0.033854166666666664,0.21295885499997994,3.0476190476190474
89,18,61,1,1.75,0.026041666666666664,0.39999999999999997,3.2
90,18,55,3,1.75,0.09114583333333333,0.39999999999999997,3.2
91,17,59,0,1.7142857142857142,0.031249999999999997,0.21295885499997994,3.0476190476190474
92,17,58,2,1.7142857142857142,0.0546875,0.21295885499997994,3.0476190476190474
93,19,60,2,1.7894736842105263,0.04427083333333333,0.4823763889427201,3.3684210526315788
94,17,56,3,1.7142857142857142,0.08072916666666667,0.21295885499997994,3.0476190476190474
95,19,62,0,1.7894736842105263,0.010416666666666666,0.4823763889427201,3.3684210526315788
96,18,53,5,1.75,0.11979166666666666,0.39999999999999997,3.2
97,19,61,0,1.7894736842105263,0.018229166666666664,0.4823763889427201,3.3684210526315788
98,18,57,2,1.75,0.0625,0.39999999999999997,3.2
99,19,60,2,1.7894736842105263,0.04427083333333333,0.48237638894272,3.3684210526315788
100,17,59,1,1.7142857142857142,0.044270833333333336,0.21295885499997994,3.0476190476190474
101,19,59,3,1.7894736842105263,0.057291666666666664,0.4823763889427201,3.3684210526315788
102,19,51,4,1.7894736842105263,0.12239583333333333,0.4823763889427201,3.3684210526315788
103,17,58,4,1.7142857142857142,0.07291666666666666,0.21295885499997994,3.0476190476190474
104,18,58,3,1.75,0.06510416666666666,0.39999999999999997,3.2
105,17,63,0,1.6666666666666667,0.005208333333333333,0.21295885499997994,3.0476190476190474
106,17,63,0,1.7142857142857142,0.0078125,0.21295885499997994,3.0476190476190474
107,17,60,1,1.7142857142857142,0.03645833333333333,0.21295885499997994,3.0476190476190474
108,17,58,2,1.7142857142857142,0.05729166666666666,0.21295885499997994,3.0476190476190474
109,17,55,3,1.7142857142857142,0.08593749999999999,0.21295885499997994,3.0476190476190474
110,17,56,4,1.7142857142857142,0.08854166666666666,0.21295885499997994,3.0476190476190474
111,17,60,1,1.7142857142857142,0.03645833333333333,0.21295885499997994,3.0476190476190474
112,17,62,2,1.7142857142857142,0.03125,0.21295885499997994,3.0476190476190474
113,18,61,0,1.75,0.020833333333333332,0.39999999999999997,3.2
114,19,57,2,1.7894736842105263,0.06770833333333333,0.4823763889427201,3.3684210526315788
115,17,63,1,1.7142857142857142,0.015625,0.21295885499997994,3.0476190476190474
116,19,60,1,1.7894736842105263,0.033854166666666664,0.4823763889427201,3.3684210526315788
117,18,61,1,1.75,0.026041666666666664,0.39999999999999997,3.2
118,18,62,1,1.75,0.020833333333333332,0.39999999999999997,3.2
119,19,59,3,1.7894736842105263,0.0625,0.4823763889427201,3.3684210526315788
120,18,59,2,1.75,0.049479166666666664,0.39999999999999997,3.2
121,17,59,1,1.6666666666666667,0.04166666666666667,0.21295885499997994,3.0476190476190474
122,18,57,2,1.75,0.06510416666666667,0.39999999999999997,3.2
123,18,60,1,1.75,0.03645833333333333,0.39999999999999997,3.2
124,17,59,0,1.7142857142857142,0.028645833333333332,0.21295885499997994,3.0476190476190474
125,19,53,3,1.7894736842105263,0.10416666666666666,0.4823763889427201,3.3684210526315788
126,18,60,1,1.75,0.033854166666666664,0.39999999999999997,3.2
127,17,61,1,1.6666666666666667,0.026041666666666664,0.21295885499997994,3.0476190476190474
128,18,60,0,1.75,0.026041666666666664,0.39999999999999997,3.2
129,17,61,1,1.7142857142857142,0.028645833333333332,0.21295885499997994,3.0476190476190474
130,17,59,3,1.7142857142857142,0.05989583333333333,0.21295885499997994,3.0476190476190474
131,17,56,4,1.7142857142857142,0.08854166666666666,0.21295885499997994,3.0476190476190474
132,17,58,2,1.6666666666666667,0.05468749999999999,0.21295885499997994,3.0476190476190474
133,17,60,3,1.7142857142857142,0.05208333333333333,0.21295885499997994,3.0476190476190474
134,18,59,3,1.7,0.05989583333333333,0.39999999999999997,3.2
135,18,64,0,1.75,0.0,0.39999999999999997,3.2
136,17,59,2,1.7142857142857142,0.049479166666666664,0.21295885499997994,3.0476190476190474
137,18,60,1,1.75,0.03645833333333333,0.39999999999999997,3.2
138,17,59,2,1.7142857142857142,0.046875,0.21295885499997994,3.0476190476190474
139,18,58,2,1.75,0.05989583333333333,0.39999999999999997,3.2
140,19,63,1,1.7894736842105263,0.015625,0.4823763889427201,3.3684210526315788
141,17,58,1,1.7142857142857142,0.041666666666666664,0.21295885499997994,3.0476190476190474
142,18,63,0,1.75,0.0078125,0.39999999999999997,3.2
143,19,60,2,1.7894736842105263,0.041666666666666664,0.4823763889427201,3.3684210526315788
144,18,59,3,1.75,0.057291666666666664,0.39999999999999997,3.2
145,18,62,0,1.75,0.015625,0.39999999999999997,3.2
146,17,61,1,1.7142857142857142,0.028645833333333332,0.21295885499997994,3.0476190476190474
147,17,59,3,1.6666666666666667,0.05989583333333333,0.21295885499997994,3.0476190476190474
148,18,59,0,1.7,0.033854166666666664,0.39999999999999997,3.2
149,17,56,1,1.7142857142857142,0.0546875,0.21295885499997994,3.0476190476190474
150,18,61,0,1.75,0.015625,0.39999999999999997,3.2
151,18,52,4,1.75,0.1171875,0.39999999999999997,3.2
152,17,60,1,1.7142857142857142,0.033854166666666664,0.21295885499997994,3.0476190476190474
153,18,59,1,1.75,0.04427083333333333,0.39999999999999997,3.2
154,19,59,1,1.7894736842105263,0.04427083333333333,0.4823763889427201,3.3684210526315788
155,17,58,4,1.6666666666666667,0.07552083333333333,0.21295885499997994,3.0476190476190474
156,19,62,1,1.736842105263158,0.020833333333333332,0.48237638894272,3.3684210526315788
157,17,58,3,1.7142857142857142,0.0625,0.21295885499997994,3.0476190476190474
158,18,57,0,1.75,0.046875,0.39999999999999997,3.2
159,17,58,5,1.7142857142857142,0.08333333333333333,0.21295885499997994,3.0476190476190474
160,17,61,2,1.7142857142857142,0.03645833333333333,0.21295885499997994,3.0476190476190474
161,18,61,0,1.75,0.018229166666666664,0.39999999999999997,3.2
162,18,56,4,1.75,0.09114583333333333,0.39999999999999997,3.2
163,18,61,2,1.75,0.0390625,0.39999999999999997,3.2
164,18,56,1,1.75,0.0625,0.39999999999999997,3.2
165,17,62,1,1.7142857142857142,0.0234375,0.21295885499997994,3.0476190476190474
166,18,58,2,1.75,0.0546875,0.39999999999999997,3.2
167,18,60,3,1.75,0.0546875,0.39999999999999997,3.2
168,19,59,0,1.7894736842105263,0.031249999999999997,0.4823763889427201,3.3684210526315788
169,19,57,4,1.7894736842105263,0.08072916666666666,0.4823763889427201,3.3684210526315788
170,18,61,1,1.75,0.03125,0.39999999999999997,3.2
171,19,58,2,1.7894736842105263,0.05468749999999999,0.4823763889427201,3.3684210526315788
172,18,57,2,1.75,0.05989583333333333,0.39999999999999997,3.2
173,17,58,2,1.7142857142857142,0.0546875,0.21295885499997994,3.0476190476190474
174,18,58,2,1.75,0.05989583333333333,0.39999999999999997,3.2
175,19,59,3,1.7894736842105263,0.0625,0.48237638894272,3.3684210526315788
176,17,57,3,1.6666666666666667,0.07552083333333333,0.21295885499997994,3.0476190476190474
177,18,60,0,1.75,0.03125,0.39999999999999997,3.2
178,17,62,1,1.7142857142857142,0.0234375,0.21295885499997994,3.0476190476190474
179,18,59,1,1.75,0.041666666666666664,0.39999999999999997,3.2
180,19,60,2,1.7894736842105263,0.046875,0.48237638894272,3.3684210526315788
181,18,54,1,1.75,0.07552083333333333,0.39999999999999997,3.2
182,18,59,1,1.75,0.041666666666666664,0.39999999999999997,3.2
183,17,60,1,1.7142857142857142,0.031249999999999997,0.21295885499997994,3.0476190476190474
184,18,58,0,1.75,0.03645833333333333,0.39999999999999997,3.2
185,17,61,1,1.7142857142857142,0.028645833333333332,0.21295885499997994,3.0476190476190474
186,18,60,0,1.75,0.03125,0.39999999999999997,3.2
187,18,62,0,1.75,0.013020833333333332,0.39999999999999997,3.2
188,18,59,1,1.75,0.041666666666666664,0.39999999999999997,3.2
189,18,57,3,1.75,0.0703125,0.39999999999999997,3.2
190,18,60,3,1.75,0.05208333333333333,0.39999999999999997,3.2
191,18,59,0,1.75,0.033854166666666664,0.39999999999999997,3.2
192,19,58,3,1.7894736842105263,0.0703125,0.4823763889427201,3.3684210526315788
193,17,60,4,1.7142857142857142,0.0625,0.21295885499997994,3.0476190476190474
194,18,56,1,1.75,0.05989583333333333,0.39999999999999997,3.2
195,18,58,1,1.75,0.04947916666666667,0.39999999999999997,3.2
196,18,59,2,1.75,0.049479166666666664,0.39999999999999997,3.2
197,17,59,5,1.7142857142857142,0.078125,0.21295885499997994,3.0476190476190474
198,18,57,2,1.75,0.05989583333333333,0.39999999999999997,3.2
199,17,61,2,1.7142857142857142,0.03645833333333333,0.21295885499997994,3.0476190476190474
200,17,61,1,1.7142857142857142,0.028645833333333332,0.21295885499997994,3.0476190476190474
201,18,58,0,1.7,0.0390625,0.39999999999999997,3.2
202,17,59,2,1.7142857142857142,0.04687499999999999,0.21295885499997994,3.0476190476190474
203,18,58,0,1.7,0.03645833333333333,0.39999999999999997,3.2
204,18,59,2,1.75,0.05208333333333333,0.39999999999999997,3.2
205,19,57,2,1.7894736842105263,0.0703125,0.4823763889427201,3.3684210526315788
206,17,61,0,1.6666666666666667,0.018229166666666664,0.21295885499997994,3.0476190476190474
207,19,57,2,1.7894736842105263,0.06510416666666666,0.4823763889427201,3.3684210526315788
208,18,61,0,1.75,0.018229166666666664,0.39999999999999997,3.2
209,19,61,3,1.7894736842105263,0.046875,0.4823763889427201,3.3684210526315788
210,18,62,1,1.75,0.0234375,0.39999999999999997,3.2
211,17,59,1,1.7142857142857142,0.041666666666666664,0.21295885499997994,3.0476190476190474
212,19,61,0,1.7894736842105263,0.020833333333333332,0.4823763889427201,3.3684210526315788
213,19,58,1,1.7894736842105263,0.04427083333333333,0.4823763889427201,3.3684210526315788
214,19,57,3,1.7894736842105263,0.078125,0.4823763889427201,3.3684210526315788
215,18,58,1,1.75,0.04687499999999999,0.39999999999999997,3.2
216,18,57,3,1.75,0.07552083333333333,0.39999999999999997,3.2
217,18,62,0,1.75,0.015625,0.39999999999999997,3.2
218,18,61,1,1.75,0.028645833333333332,0.39999999999999997,3.2
219,19,59,3,1.7894736842105263,0.0625,0.48237638894272,3.3684210526315788
220,18,61,3,1.75,0.046875,0.39999999999999997,3.2
221,19,60,2,1.7894736842105263,0.041666666666666664,0.4823763889427201,3.3684210526315788
222,19,61,2,1.7894736842105263,0.03645833333333333,0.48237638894272,3.3684210526315788
223,17,56,3,1.7142857142857142,0.08072916666666666,0.21295885499997994,3.0476190476190474
224,18,62,0,1.75,0.015625,0.39999999999999997,3.2
225,18,59,2,1.75,0.05208333333333333,0.39999999999999997,3.2
226,18,57,3,1.75,0.078125,0.39999999999999997,3.2
227,17,54,2,1.7142857142857142,0.08072916666666666,0.21295885499997994,3.0476190476190474
228,18,59,2,1.75,0.05208333333333333,0.39999999999999997,3.2
229,18,58,2,1.75,0.0625,0.39999999999999997,3.2
230,18,57,3,1.75,0.07291666666666666,0.39999999999999997,3.2
231,18,60,0,1.75,0.020833333333333332,0.39999999999999997,3.2
232,18,59,1,1.75,0.041666666666666664,0.39999999999999997,3.2
233,19,58,2,1.7894736842105263,0.0546875,0.4823763889427201,3.3684210526315788
234,18,61,1,1.75,0.026041666666666664,0.39999999999999997,3.2
235,18,60,3,1.75,0.0546875,0.39999999999999997,3.2
236,17,60,1,1.7142857142857142,0.0390625,0.21295885499997994,3.0476190476190474
237,19,58,4,1.7894736842105263,0.07552083333333334,0.48237638894272,3.3684210526315788
238,19,57,1,1.7894736842105263,0.057291666666666664,0.4823763889427201,3.3684210526315788
239,19,55,0,1.7894736842105263,0.0546875,0.48237638894272,3.3684210526315788
240,18,59,2,1.75,0.052083333333333336,0.39999999999999997,3.2
241,18,56,1,1.75,0.05989583333333333,0.39999999999999997,3.2
242,18,59,0,1.75,0.0390625,0.39999999999999997,3.2
243,17,60,1,1.7142857142857142,0.036458333333333336,0.21295885499997994,3.0476190476190474
244,19,55,2,1.7894736842105263,0.08333333333333333,0.4823763889427201,3.3684210526315788
245,17,63,1,1.7142857142857142,0.015625,0.21295885499997994,3.0476190476190474
246,18,59,5,1.75,0.078125,0.39999999999999997,3.2
247,18,62,1,1.75,0.020833333333333332,0.39999999999999997,3.2
248,18,61,1,1.75,0.026041666666666664,0.39999999999999997,3.2
249,17,59,2,1.7142857142857142,0.046875,0.21295885499997994,3.0476190476190474
250,18,58,3,1.75,0.0703125,0.39999999999999997,3.2
251,18,59,2,1.75,0.049479166666666664,0.39999999999999997,3.2
252,18,57,1,1.75,0.0546875,0.39999999999999997,3.2
253,17,62,0,1.7142857142857142,0.013020833333333332,0.21295885499997994,3.0476190476190474
254,19,59,1,1.7894736842105263,0.04427083333333333,0.4823763889427201,3.3684210526315788
255,18,59,1,1.7,0.036458333333333336,0.39999999999999997,3.2
256,19,56,4,1.7894736842105263,0.08854166666666666,0.4823763889427201,3.3684210526315788
257,18,58,3,1.75,0.06770833333333333,0.39999999999999997,3.2
258,18,61,1,1.75,0.026041666666666664,0.39999999999999997,3.2
259,18,62,0,1.75,0.013020833333333332,0.39999999999999997,3.2
260,19,60,1,1.7894736842105263,0.03125,0.4823763889427201,3.3684210526315788
261,18,57,4,1.75,0.0859375,0.39999999999999997,3.2
262,18,58,2,1.75,0.0546875,0.39999999999999997,3.2
263,18,56,4,1.75,0.0859375,0.39999999999999997,3.2
264,17,57,2,1.7142857142857142,0.06249999999999999,0.21295885499997994,3.0476190476190474
265,18,58,5,1.7,0.07936507936507936,0.47696960070847283,3.15
266,17,57,1,1.7142857142857142,0.0546875,0.21295885499997994,3.0476190476190474
267,19,56,2,1.7894736842105263,0.07552083333333333,0.4823763889427201,3.3684210526315788
268,19,55,3,1.7894736842105263,0.08333333333333333,0.48237638894272,3.3684210526315788
269,17,61,0,1.7142857142857142,0.0234375,0.21295885499997994,3.0476190476190474
270,18,60,2,1.7,0.046875,0.39999999999999997,3.2
271,18,62,0,1.75,0.015625,0.39999999999999997,3.2
272,17,61,0,1.7142857142857142,0.020833333333333332,0.21295885499997994,3.0476190476190474
273,17,61,0,1.7142857142857142,0.015625,0.21295885499997994,3.0476190476190474
274,18,60,2,1.75,0.044270833333333336,0.39999999999999997,3.2
275,18,59,3,1.75,0.0625,0.39999999999999997,3.2
276,19,59,0,1.7894736842105263,0.031249999999999997,0.4823763889427201,3.3684210526315788
277,17,60,0,1.7142857142857142,0.026041666666666664,0.21295885499997994,3.0476190476190474
278,17,58,2,1.7142857142857142,0.05729166666666666,0.21295885499997994,3.0476190476190474
279,18,58,3,1.75,0.06510416666666667,0.39999999999999997,3.2
280,17,62,1,1.7142857142857142,0.020833333333333332,0.21295885499997994,3.0476190476190474
281,19,52,5,1.7894736842105263,0.12499999999999999,0.48237638894272,3.3684210526315788
282,18,57,3,1.75,0.07291666666666667,0.39999999999999997,3.2
283,17,61,0,1.7142857142857142,0.020833333333333332,0.21295885499997994,3.0476190476190474
284,17,61,1,1.7142857142857142,0.028645833333333332,0.21295885499997994,3.0476190476190474
285,18,58,0,1.75,0.033854166666666664,0.39999999999999997,3.2
286,18,61,1,1.75,0.028645833333333332,0.39999999999999997,3.2
287,18,58,2,1.75,0.057291666666666664,0.39999999999999997,3.2
288,18,61,3,1.75,0.046875,0.39999999999999997,3.2
289,17,59,0,1.7142857142857142,0.028645833333333332,0.21295885499997994,3.0476190476190474
290,17,58,3,1.6666666666666667,0.06510416666666666,0.21295885499997994,3.0476190476190474
291,17,57,1,1.6666666666666667,0.05468749999999999,0.21295885499997994,3.0476190476190474
292,18,60,2,1.75,0.041666666666666664,0.39999999999999997,3.2
293,18,59,2,1.75,0.05208333333333333,0.39999999999999997,3.2
294,19,59,0,1.7894736842105263,0.03645833333333333,0.4823763889427201,3.3684210526315788
295,18,60,0,1.75,0.026041666666666664,0.39999999999999997,3.2
296,18,58,3,1.75,0.06510416666666666,0.39999999999999997,3.2
297,18,54,3,1.75,0.09114583333333333,0.39999999999999997,3.2
298,19,60,3,1.7894736842105263,0.0546875,0.4823763889427201,3.3684210526315788
299,19,57,3,1.7894736842105263,0.07552083333333333,0.4823763889427201,3.3684210526315788
300,18,61,2,1.75,0.0390625,0.39999999999999997,3.2
301,18,56,3,1.75,0.08072916666666666,0.39999999999999997,3.2
302,18,60,1,1.75,0.033854166666666664,0.39999999999999997,3.2
303,18,55,2,1.75,0.078125,0.39999999999999997,3.2
304,18,57,2,1.75,0.06770833333333333,0.39999999999999997,3.2
305,17,61,1,1.7142857142857142,0.028645833333333332,0.21295885499997994,3.0476190476190474
306,18,55,5,1.75,0.1015625,0.39999999999999997,3.2
307,17,58,2,1.7142857142857142,0.0625,0.21295885499997994,3.0476190476190474
308,17,60,1,1.7142857142857142,0.033854166666666664,0.21295885499997994,3.0476190476190474
309,18,60,1,1.75,0.0390625,0.39999999999999997,3.2
310,19,58,2,1.7894736842105263,0.0546875,0.4823763889427201,3.3684210526315788
311,18,60,2,1.75,0.046875,0.39999999999999997,3.2
312,18,59,2,1.75,0.04947916666666667,0.39999999999999997,3.2
313,18,61,0,1.75,0.020833333333333332,0.39999999999999997,3.2
314,18,61,1,1.75,0.03125,0.39999999999999997,3.2
315,19,59,2,1.7894736842105263,0.049479166666666664,0.4823763889427201,3.3684210526315788
316,18,59,2,1.75,0.049479166666666664,0.39999999999999997,3.2
317,18,61,2,1.75,0.03645833333333333,0.39999999999999997,3.2
318,18,57,4,1.75,0.08072916666666667,0.39999999999999997,3.2
319,17,58,3,1.7142857142857142,0.06770833333333333,0.21295885499997994,3.0476190476190474
320,17,60,1,1.6666666666666667,0.033854166666666664,0.21295885499997994,3.0476190476190474
321,17,61,2,1.7142857142857142,0.0390625,0.21295885499997994,3.0476190476190474
322,18,60,1,1.7,0.03125,0.39999999999999997,3.2
323,18,63,0,1.75,0.0078125,0.39999999999999997,3.2
324,17,60,1,1.7142857142857142,0.033854166666666664,0.21295885499997994,3.0476190476190474
325,17,58,2,1.7142857142857142,0.05729166666666667,0.21295885499997994,3.0476190476190474
326,18,57,1,1.75,0.05468749999999999,0.39999999999999997,3.2
327,18,63,0,1.75,0.005208333333333333,0.39999999999999997,3.2
328,18,60,1,1.75,0.036458333333333336,0.39999999999999997,3.2
329,18,57,2,1.75,0.05989583333333333,0.39999999999999997,3.2
330,18,58,2,1.75,0.057291666666666664,0.39999999999999997,3.2
331,18,58,1,1.75,0.05208333333333333,0.39999999999999997,3.2
332,18,61,3,1.75,0.046875,0.39999999999999997,3.2
333,18,62,1,1.75,0.0234375,0.39999999999999997,3.2
334,18,56,1,1.75,0.05729166666666666,0.39999999999999997,3.2
335,17,56,2,1.6666666666666667,0.07291666666666666,0.21295885499997994,3.0476190476190474
336,19,58,1,1.7894736842105263,0.049479166666666664,0.4823763889427201,3.3684210526315788
337,17,59,3,1.7142857142857142,0.0625,0.21295885499997994,3.0476190476190474
338,17,56,2,1.6666666666666667,0.07291666666666666,0.21295885499997994,3.0476190476190474
339,18,57,1,1.75,0.05208333333333333,0.39999999999999997,3.2
340,17,58,3,1.7142857142857142,0.0703125,0.21295885499997994,3.0476190476190474
341,17,59,3,1.7142857142857142,0.05989583333333333,0.21295885499997994,3.0476190476190474
342,17,55,2,1.6666666666666667,0.06878306878306878,0.3086066999241838,3.0
343,18,59,0,1.75,0.033854166666666664,0.39999999999999997,3.2
344,18,56,2,1.75,0.0703125,0.39999999999999997,3.2
345,17,55,3,1.7142857142857142,0.08333333333333333,0.21295885499997994,3.0476190476190474
346,18,53,5,1.75,0.1171875,0.39999999999999997,3.2
347,18,60,1,1.75,0.033854166666666664,0.39999999999999997,3.2
348,18,60,2,1.75,0.04427083333333333,0.39999999999999997,3.2
349,17,59,1,1.6666666666666667,0.03645833333333333,0.21295885499997996,3.0476190476190474
350,19,53,4,1.7894736842105263,0.10416666666666666,0.48237638894272,3.3684210526315788
351,17,59,1,1.7142857142857142,0.046875,0.21295885499997994,3.0476190476190474
352,18,60,1,1.75,0.036458333333333336,0.39999999999999997,3.2
353,17,59,3,1.7142857142857142,0.05989583333333333,0.21295885499997994,3.0476190476190474
354,17,61,2,1.7142857142857142,0.0390625,0.21295885499997994,3.0476190476190474
355,18,59,2,1.75,0.04687499999999999,0.39999999999999997,3.2
356,18,58,0,1.75,0.03645833333333333,0.39999999999999997,3.2
357,18,57,2,1.7,0.06770833333333333,0.39999999999999997,3.2
358,18,59,4,1.75,0.06770833333333334,0.39999999999999997,3.2
359,19,60,1,1.7894736842105263,0.033854166666666664,0.4823763889427201,3.3684210526315788
360,19,56,6,1.7894736842105263,0.10416666666666666,0.4823763889427201,3.3684210526315788
361,18,58,1,1.75,0.049479166666666664,0.39999999999999997,3.2
362,19,59,2,1.7894736842105263,0.05208333333333333,0.48237638894272,3.3684210526315788
363,18,58,2,1.75,0.057291666666666664,0.39999999999999997,3.2
364,18,60,0,1.75,0.028645833333333332,0.39999999999999997,3.2
365,18,59,1,1.75,0.041666666666666664,0.39999999999999997,3.2
366,18,60,2,1.75,0.046875,0.39999999999999997,3.2
367,19,58,2,1.7894736842105263,0.0546875,0.48237638894272,3.3684210526315788
368,18,59,3,1.75,0.05989583333333333,0.39999999999999997,3.2
369,18,56,1,1.75,0.06510416666666667,0.39999999999999997,3.2
370,17,63,0,1.7142857142857142,0.005208333333333333,0.21295885499997994,3.0476190476190474
371,18,60,1,1.75,0.03125,0.39999999999999997,3.2
372,18,56,2,1.75,0.06770833333333334,0.39999999999999997,3.2
373,19,57,4,1.7894736842105263,0.08072916666666666,0.48237638894272,3.3684210526315788
374,18,54,3,1.75,0.09114583333333333,0.39999999999999997,3.2
375,17,61,1,1.7142857142857142,0.028645833333333332,0.21295885499997994,3.0476190476190474
376,18,59,2,1.75,0.05208333333333333,0.39999999999999997,3.2
377,19,59,3,1.7894736842105263,0.0625,0.48237638894272,3.3684210526315788
378,17,61,2,1.7142857142857142,0.036458333333333336,0.21295885499997994,3.0476190476190474
379,17,59,4,1.7142857142857142,0.0703125,0.21295885499997994,3.0476190476190474
380,18,59,3,1.75,0.05989583333333333,0.39999999999999997,3.2
381,19,55,5,1.7894736842105263,0.109375,0.4823763889427201,3.3684210526315788
382,18,57,3,1.75,0.07552083333333333,0.39999999999999997,3.2
383,18,58,3,1.75,0.0703125,0.39999999999999997,3.2
384,17,62,0,1.7142857142857142,0.013020833333333332,0.21295885499997994,3.0476190476190474
385,19,62,1,1.736842105263158,0.015873015873015872,0.5668594533825794,3.3157894736842106
386,17,60,1,1.7142857142857142,0.033854166666666664,0.21295885499997994,3.0476190476190474
387,18,51,3,1.75,0.11458333333333331,0.39999999999999997,3.2
388,18,59,2,1.75,0.049479166666666664,0.39999999999999997,3.2
389,19,58,2,1.7894736842105263,0.05729166666666666,0.48237638894272,3.3684210526315788
390,17,60,2,1.7142857142857142,0.044270833333333336,0.21295885499997994,3.0476190476190474
391,18,59,2,1.75,0.0546875,0.39999999999999997,3.2
392,18,60,2,1.75,0.046875,0.39999999999999997,3.2
393,17,64,0,1.7142857142857142,0.0,0.21295885499997994,3.0476190476190474
394,17,56,2,1.7142857142857142,0.07291666666666666,0.21295885499997994,3.0476190476190474
395,18,59,2,1.75,0.0546875,0.39999999999999997,3.2
396,17,60,0,1.7142857142857142,0.026041666666666664,0.21295885499997994,3.0476190476190474
397,18,60,2,1.75,0.04427083333333333,0.39999999999999997,3.2
398,17,62,0,1.7142857142857142,0.013020833333333332,0.21295885499997994,3.0476190476190474
399,17,55,2,1.6666666666666667,0.07142857142857141,0.3086066999241838,3.0
400,18,60,1,1.7,0.033854166666666664,0.39999999999999997,3.2
401,17,60,2,1.7142857142857142,0.04427083333333333,0.21295885499997994,3.0476190476190474
402,19,59,2,1.7894736842105263,0.0546875,0.4823763889427201,3.3684210526315788
403,19,57,3,1.736842105263158,0.07291666666666666,0.4823763889427201,3.3684210526315788
404,18,58,2,1.75,0.057291666666666664,0.39999999999999997,3.2
405,17,57,4,1.7142857142857142,0.078125,0.21295885499997994,3.0476190476190474
406,19,63,0,1.736842105263158,0.0078125,0.4823763889427201,3.3684210526315788
407,18,61,1,1.75,0.028645833333333332,0.39999999999999997,3.2
408,17,58,2,1.7142857142857142,0.0625,0.21295885499997994,3.0476190476190474
409,18,62,0,1.75,0.015625,0.39999999999999997,3.2
410,19,61,1,1.736842105263158,0.028645833333333332,0.4823763889427201,3.3684210526315788
411,18,58,1,1.75,0.04427083333333333,0.39999999999999997,3.2
412,17,61,1,1.7142857142857142,0.026041666666666664,0.21295885499997994,3.0476190476190474
413,17,58,4,1.7142857142857142,0.07291666666666667,0.21295885499997994,3.0476190476190474
414,17,55,5,1.7142857142857142,0.10416666666666666,0.21295885499997994,3.0476190476190474
415,18,60,0,1.7,0.015873015873015872,0.47696960070847283,3.15
416,18,57,2,1.75,0.06770833333333334,0.39999999999999997,3.2
417,18,57,2,1.7,0.059895833333333336,0.39999999999999997,3.2
418,19,56,4,1.7894736842105263,0.08854166666666666,0.4823763889427201,3.3684210526315788
419,17,57,2,1.7142857142857142,0.0625,0.21295885499997994,3.0476190476190474
420,18,58,2,1.7,0.050264550264550255,0.47696960070847283,3.15
421,18,55,2,1.75,0.0859375,0.39999999999999997,3.2
422,18,51,2,1.75,0.109375,0.39999999999999997,3.2
423,17,53,4,1.7142857142857142,0.1171875,0.21295885499997994,3.0476190476190474
424,18,60,0,1.7,0.0234375,0.39999999999999997,3.2
425,18,58,3,1.75,0.0703125,0.39999999999999997,3.2
426,18,59,2,1.75,0.049479166666666664,0.39999999999999997,3.2
427,20,61,1,1.8333333333333333,0.028645833333333332,0.49690399499995325,3.5555555555555554
428,18,56,3,1.75,0.08333333333333333,0.39999999999999997,3.2
429,17,59,2,1.7142857142857142,0.05208333333333333,0.21295885499997994,3.0476190476190474
430,18,59,2,1.75,0.046875,0.39999999999999997,3.2
431,17,62,1,1.7142857142857142,0.020833333333333332,0.21295885499997994,3.0476190476190474
432,17,57,3,1.7142857142857142,0.0703125,0.21295885499997994,3.0476190476190474
433,18,57,1,1.75,0.0546875,0.39999999999999997,3.2
434,18,56,2,1.75,0.0703125,0.39999999999999997,3.2
435,17,58,3,1.7142857142857142,0.0703125,0.21295885499997994,3.0476190476190474
436,17,59,2,1.7142857142857142,0.0546875,0.21295885499997994,3.0476190476190474
437,17,59,3,1.7142857142857142,0.05989583333333333,0.21295885499997994,3.0476190476190474
438,18,60,2,1.75,0.041666666666666664,0.39999999999999997,3.2
439,19,61,0,1.7894736842105263,0.018229166666666664,0.4823763889427201,3.3684210526315788
440,18,57,1,1.75,0.05989583333333333,0.39999999999999997,3.2
441,17,57,2,1.7142857142857142,0.05989583333333333,0.21295885499997994,3.0476190476190474
442,18,55,3,1.75,0.08854166666666666,0.39999999999999997,3.2
443,18,62,0,1.75,0.010416666666666666,0.39999999999999997,3.2
444,18,56,2,1.75,0.0703125,0.39999999999999997,3.2
445,18,52,3,1.65,0.09523809523809523,0.47696960070847283,3.15
446,17,60,1,1.7142857142857142,0.033854166666666664,0.21295885499997994,3.0476190476190474
447,18,60,1,1.75,0.036458333333333336,0.39999999999999997,3.2
448,17,59,2,1.7142857142857142,0.05208333333333333,0.21295885499997994,3.0476190476190474
449,18,58,1,1.75,0.0546875,0.39999999999999997,3.2
450,18,57,3,1.75,0.0703125,0.39999999999999997,3.2
451,19,58,4,1.7894736842105263,0.078125,0.48237638894272,3.3684210526315788
452,18,56,3,1.75,0.078125,0.39999999999999997,3.2
453,19,59,1,1.7894736842105263,0.0390625,0.4823763889427201,3.3684210526315788
454,18,58,0,1.75,0.041666666666666664,0.39999999999999997,3.2
455,18,58,2,1.75,0.05468749999999999,0.39999999999999997,3.2
456,17,57,3,1.6666666666666667,0.07552083333333334,0.21295885499997994,3.0476190476190474
457,18,59,2,1.75,0.05208333333333333,0.39999999999999997,3.2
458,18,63,0,1.75,0.0078125,0.39999999999999997,3.2
459,17,60,2,1.7142857142857142,0.04427083333333333,0.21295885499997994,3.0476190476190474
460,19,58,1,1.7894736842105263,0.049479166666666664,0.4823763889427201,3.3684210526315788
461,19,61,2,1.7894736842105263,0.0390625,0.4823763889427201,3.3684210526315788
462,19,61,2,1.7894736842105263,0.03645833333333333,0.4823763889427201,3.3684210526315788
463,17,60,2,1.7142857142857142,0.04427083333333333,0.21295885499997994,3.0476190476190474
464,19,57,5,1.7894736842105263,0.09114583333333333,0.48237638894272,3.3684210526315788
465,19,53,5,1.7894736842105263,0.11458333333333334,0.4823763889427201,3.3684210526315788
466,19,58,1,1.736842105263158,0.05208333333333333,0.4823763889427201,3.3684210526315788
467,18,60,2,1.75,0.046875,0.39999999999999997,3.2
468,17,58,3,1.7142857142857142,0.06249999999999999,0.21295885499997994,3.0476190476190474
469,17,55,4,1.7142857142857142,0.09374999999999999,0.21295885499997994,3.0476190476190474
470,19,56,5,1.7894736842105263,0.09375,0.4823763889427201,3.3684210526315788
471,18,55,3,1.7,0.0859375,0.39999999999999997,3.2
472,19,57,2,1.7894736842105263,0.06249999999999999,0.4823763889427201,3.3684210526315788
473,19,57,3,1.7894736842105263,0.07552083333333333,0.4823763889427201,3.3684210526315788
474,19,55,1,1.7894736842105263,0.07291666666666666,0.4823763889427201,3.3684210526315788
475,17,55,3,1.7142857142857142,0.09114583333333333,0.21295885499997994,3.0476190476190474
476,17,57,2,1.7142857142857142,0.0625,0.21295885499997994,3.0476190476190474
477,18,57,1,1.75,0.05729166666666666,0.39999999999999997,3.2
478,19,60,1,1.7894736842105263,0.033854166666666664,0.4823763889427201,3.3684210526315788
479,19,58,2,1.7894736842105263,0.05989583333333333,0.4823763889427201,3.3684210526315788
480,18,56,3,1.75,0.08072916666666666,0.39999999999999997,3.2
481,18,54,5,1.75,0.11458333333333334,0.39999999999999997,3.2
482,19,59,1,1.736842105263158,0.041666666666666664,0.48237638894272,3.3684210526315788
483,19,58,2,1.7894736842105263,0.05729166666666667,0.4823763889427201,3.3684210526315788
484,18,57,3,1.75,0.07291666666666666,0.39999999999999997,3.2
485,18,56,3,1.75,0.08333333333333333,0.39999999999999997,3.2
486,17,56,2,1.7142857142857142,0.0703125,0.21295885499997994,3.0476190476190474
487,19,57,4,1.7894736842105263,0.08333333333333333,0.4823763889427201,3.3684210526315788
488,17,58,1,1.7142857142857142,0.05208333333333333,0.21295885499997994,3.0476190476190474
489,18,57,3,1.75,0.07552083333333333,0.39999999999999997,3.2
490,18,60,3,1.75,0.05208333333333333,0.39999999999999997,3.2
491,17,58,2,1.7142857142857142,0.0546875,0.21295885499997994,3.0476190476190474
492,17,61,1,1.7142857142857142,0.028645833333333332,0.21295885499997994,3.0476190476190474
493,18,55,7,1.75,0.125,0.39999999999999997,3.2
494,18,61,1,1.75,0.028645833333333332,0.39999999999999997,3.2
495,17,60,3,1.7142857142857142,0.0546875,0.21295885499997994,3.0476190476190474
496,17,60,1,1.7142857142857142,0.033854166666666664,0.21295885499997994,3.0476190476190474
497,18,58,1,1.75,0.046875,0.39999999999999997,3.2
498,18,59,3,1.75,0.05729166666666666,0.39999999999999997,3.2
499,18,61,1,1.75,0.028645833333333332,0.39999999999999997,3.2
500,19,58,2,1.7894736842105263,0.05989583333333333,0.4823763889427201,3.3684210526315788
501,18,60,2,1.7,0.04427083333333333,0.39999999999999997,3.2
502,19,58,1,1.7894736842105263,0.046875,0.48237638894272,3.3684210526315788
503,18,59,1,1.7,0.03968253968253968,0.47696960070847283,3.15
504,17,58,1,1.7142857142857142,0.046875,0.21295885499997994,3.0476190476190474
505,18,58,2,1.75,0.05729166666666667,0.39999999999999997,3.2
506,18,59,1,1.75,0.041666666666666664,0.39999999999999997,3.2
507,19,57,1,1.7894736842105263,0.0625,0.4823763889427201,3.3684210526315788
508,17,58,2,1.7142857142857142,0.05989583333333333,0.21295885499997994,3.0476190476190474
509,18,60,0,1.75,0.028645833333333332,0.39999999999999997,3.2
510,19,57,1,1.7894736842105263,0.05208333333333333,0.4823763889427201,3.3684210526315788
511,17,57,2,1.6666666666666667,0.06510416666666666,0.21295885499997994,3.0476190476190474
512,17,57,3,1.7142857142857142,0.07291666666666667,0.21295885499997994,3.0476190476190474
513,17,54,5,1.7142857142857142,0.1171875,0.21295885499997994,3.0476190476190474
514,18,61,1,1.75,0.026041666666666664,0.39999999999999997,3.2
515,18,56,1,1.75,0.0703125,0.39999999999999997,3.2
516,17,58,4,1.7142857142857142,0.07552083333333334,0.21295885499997994,3.0476190476190474
517,18,56,2,1.75,0.07552083333333333,0.39999999999999997,3.2
518,17,55,2,1.7142857142857142,0.07552083333333334,0.21295885499997994,3.0476190476190474
519,17,60,1,1.7142857142857142,0.03125,0.21295885499997994,3.0476190476190474
520,19,60,1,1.7894736842105263,0.0390625,0.4823763889427201,3.3684210526315788
521,18,59,2,1.75,0.0546875,0.39999999999999997,3.2
522,18,52,5,1.7,0.11375661375661375,0.47696960070847283,3.15
523,19,56,2,1.7894736842105263,0.06510416666666666,0.48237638894272,3.3684210526315788
524,19,62,1,1.7894736842105263,0.0234375,0.4823763889427201,3.3684210526315788
525,18,53,4,1.75,0.10416666666666666,0.39999999999999997,3.2
526,17,56,3,1.7142857142857142,0.078125,0.21295885499997994,3.0476190476190474
527,18,59,1,1.75,0.041666666666666664,0.39999999999999997,3.2
528,17,59,2,1.7142857142857142,0.049479166666666664,0.21295885499997994,3.0476190476190474
529,19,59,4,1.7894736842105263,0.06770833333333333,0.4823763889427201,3.3684210526315788
530,18,57,0,1.75,0.05208333333333333,0.39999999999999997,3.2
531,18,58,1,1.75,0.04427083333333333,0.39999999999999997,3.2
532,18,54,6,1.7,0.11979166666666666,0.39999999999999997,3.2
533,17,57,3,1.7142857142857142,0.07291666666666666,0.21295885499997994,3.0476190476190474
534,17,54,3,1.7142857142857142,0.09375,0.21295885499997994,3.0476190476190474
535,18,60,3,1.75,0.0546875,0.39999999999999997,3.2
536,17,53,1,1.7142857142857142,0.08333333333333333,0.21295885499997994,3.0476190476190474
537,18,56,2,1.75,0.06770833333333333,0.39999999999999997,3.2
538,18,60,2,1.75,0.041666666666666664,0.39999999999999997,3.2
539,18,62,0,1.75,0.015625,0.39999999999999997,3.2
540,19,58,2,1.7894736842105263,0.057291666666666664,0.4823763889427201,3.3684210526315788
541,18,61,0,1.75,0.020833333333333332,0.39999999999999997,3.2
542,17,59,1,1.7142857142857142,0.04427083333333333,0.21295885499997994,3.0476190476190474
543,18,62,2,1.75,0.03125,0.39999999999999997,3.2
544,19,58,1,1.7894736842105263,0.049479166666666664,0.4823763889427201,3.3684210526315788
545,17,56,3,1.7142857142857142,0.078125,0.21295885499997994,3.0476190476190474
546,17,57,3,1.6666666666666667,0.07552083333333333,0.21295885499997994,3.0476190476190474
547,18,58,4,1.75,0.07552083333333333,0.39999999999999997,3.2
548,18,55,3,1.75,0.09114583333333333,0.39999999999999997,3.2
549,17,58,3,1.7142857142857142,0.06770833333333333,0.21295885499997994,3.0476190476190474
550,19,58,1,1.7894736842105263,0.049479166666666664,0.4823763889427201,3.3684210526315788
551,19,61,0,1.7894736842105263,0.020833333333333332,0.4823763889427201,3.3684210526315788
552,19,55,5,1.7894736842105263,0.10677083333333333,0.4823763889427201,3.3684210526315788
553,18,60,0,1.75,0.026041666666666664,0.39999999999999997,3.2
554,19,57,3,1.7894736842105263,0.07552083333333333,0.4823763889427201,3.3684210526315788
555,17,54,1,1.6666666666666667,0.07671957671957672,0.3086066999241838,3.0
556,19,59,3,1.736842105263158,0.0625,0.4823763889427201,3.3684210526315788
557,18,55,3,1.75,0.0859375,0.39999999999999997,3.2
558,19,56,2,1.7894736842105263,0.07291666666666666,0.4823763889427201,3.3684210526315788
559,18,55,3,1.75,0.09114583333333333,0.39999999999999997,3.2
560,18,57,2,1.75,0.06770833333333334,0.39999999999999997,3.2
561,17,58,0,1.7142857142857142,0.04427083333333333,0.21295885499997994,3.0476190476190474
562,17,58,2,1.7142857142857142,0.05989583333333333,0.21295885499997994,3.0476190476190474
563,18,57,2,1.75,0.06510416666666666,0.39999999999999997,3.2
564,17,57,1,1.7142857142857142,0.05208333333333333,0.21295885499997994,3.0476190476190474
565,17,58,4,1.7142857142857142,0.07552083333333333,0.21295885499997994,3.0476190476190474
566,17,54,3,1.7142857142857142,0.09635416666666666,0.21295885499997994,3.0476190476190474
567,17,55,2,1.7142857142857142,0.07552083333333333,0.21295885499997994,3.0476190476190474
568,17,59,3,1.7142857142857142,0.057291666666666664,0.21295885499997994,3.0476190476190474
569,18,56,2,1.75,0.07291666666666666,0.39999999999999997,3.2
570,19,53,5,1.736842105263158,0.11904761904761904,0.5668594533825794,3.3157894736842106
571,19,59,0,1.7894736842105263,0.0390625,0.4823763889427201,3.3684210526315788
572,18,58,1,1.75,0.049479166666666664,0.39999999999999997,3.2
573,17,53,1,1.7142857142857142,0.0859375,0.21295885499997994,3.0476190476190474
574,18,58,1,1.75,0.049479166666666664,0.39999999999999997,3.2
575,18,60,0,1.75,0.028645833333333332,0.39999999999999997,3.2
576,19,59,2,1.7894736842105263,0.049479166666666664,0.4823763889427201,3.3684210526315788
577,18,58,1,1.75,0.049479166666666664,0.39999999999999997,3.2
578,18,57,3,1.75,0.07291666666666666,0.39999999999999997,3.2
579,17,60,2,1.7142857142857142,0.04427083333333333,0.21295885499997994,3.0476190476190474
580,18,57,1,1.75,0.0546875,0.39999999999999997,3.2
581,18,56,5,1.75,0.09895833333333333,0.39999999999999997,3.2
582,18,57,2,1.75,0.05989583333333333,0.39999999999999997,3.2
583,17,59,1,1.6666666666666667,0.037037037037037035,0.3086066999241838,3.0
584,18,59,1,1.75,0.04427083333333333,0.39999999999999997,3.2
585,19,52,3,1.7894736842105263,0.109375,0.4823763889427201,3.3684210526315788
586,18,54,5,1.75,0.11197916666666666,0.39999999999999997,3.2
587,20,55,3,1.8333333333333333,0.08854166666666666,0.49690399499995325,3.5555555555555554
588,18,51,3,1.75,0.11718749999999999,0.39999999999999997,3.2
589,19,54,6,1.7894736842105263,0.11979166666666667,0.4823763889427201,3.3684210526315788
590,18,58,2,1.75,0.05989583333333333,0.39999999999999997,3.2
591,18,60,1,1.75,0.033854166666666664,0.39999999999999997,3.2
592,18,56,5,1.75,0.09895833333333333,0.39999999999999997,3.2
593,18,61,0,1.75,0.018229166666666664,0.39999999999999997,3.2
594,17,51,4,1.7142857142857142,0.12499999999999999,0.21295885499997994,3.0476190476190474
595,18,57,2,1.75,0.06510416666666666,0.39999999999999997,3.2
596,18,58,0,1.75,0.041666666666666664,0.39999999999999997,3.2
597,18,50,4,1.75,0.13020833333333331,0.39999999999999997,3.2
598,18,56,2,1.75,0.06770833333333334,0.39999999999999997,3.2
599,20,55,3,1.8333333333333333,0.0859375,0.49690399499995325,3.5555555555555554
600,18,56,0,1.75,0.049479166666666664,0.39999999999999997,3.2
601,18,57,4,1.75,0.08072916666666666,0.39999999999999997,3.2
602,18,52,5,1.65,0.11904761904761903,0.47696960070847283,3.15
603,17,59,2,1.7142857142857142,0.0546875,0.21295885499997994,3.0476190476190474
604,19,52,7,1.736842105263158,0.13802083333333331,0.4823763889427201,3.3684210526315788
605,18,57,2,1.75,0.06510416666666666,0.39999999999999997,3.2
606,18,57,1,1.75,0.05729166666666667,0.39999999999999997,3.2
607,18,57,2,1.75,0.06770833333333334,0.39999999999999997,3.2
608,18,56,2,1.75,0.06770833333333333,0.39999999999999997,3.2
609,18,57,2,1.75,0.0625,0.39999999999999997,3.2
610,18,59,2,1.75,0.05208333333333333,0.39999999999999997,3.2
611,17,62,1,1.7142857142857142,0.020833333333333332,0.21295885499997994,3.0476190476190474
612,18,56,5,1.75,0.1015625,0.39999999999999997,3.2
613,17,56,2,1.7142857142857142,0.06770833333333333,0.21295885499997994,3.0476190476190474
614,18,58,1,1.75,0.049479166666666664,0.39999999999999997,3.2
615,18,60,2,1.75,0.04427083333333333,0.39999999999999997,3.2
616,19,52,6,1.7894736842105263,0.1328125,0.4823763889427201,3.3684210526315788
617,18,57,3,1.7,0.0703125,0.39999999999999997,3.2
618,18,53,4,1.75,0.1015625,0.39999999999999997,3.2
619,18,56,2,1.75,0.06510416666666666,0.39999999999999997,3.2
620,18,57,1,1.75,0.05989583333333333,0.39999999999999997,3.2
621,19,55,2,1.7894736842105263,0.08072916666666666,0.48237638894272,3.3684210526315788
622,19,53,4,1.7894736842105263,0.109375,0.4823763889427201,3.3684210526315788
623,19,56,2,1.7894736842105263,0.0703125,0.4823763889427201,3.3684210526315788
624,17,56,3,1.7142857142857142,0.08333333333333333,0.21295885499997994,3.0476190476190474
625,19,59,1,1.736842105263158,0.04427083333333333,0.4823763889427201,3.3684210526315788
626,17,53,5,1.7142857142857142,0.1171875,0.21295885499997994,3.0476190476190474
627,19,58,3,1.7894736842105263,0.06770833333333333,0.4823763889427201,3.3684210526315788
628,18,58,2,1.75,0.05989583333333333,0.39999999999999997,3.2
629,18,55,4,1.75,0.09895833333333333,0.39999999999999997,3.2
630,19,55,4,1.736842105263158,0.09635416666666666,0.4823763889427201,3.3684210526315788
631,19,56,5,1.7894736842105263,0.1015625,0.4823763889427201,3.3684210526315788
632,18,59,4,1.75,0.06770833333333334,0.39999999999999997,3.2
633,18,55,4,1.75,0.09635416666666666,0.39999999999999997,3.2
634,19,53,4,1.736842105263158,0.109375,0.4823763889427201,3.3684210526315788
635,17,59,2,1.6666666666666667,0.049479166666666664,0.21295885499997994,3.0476190476190474
636,18,56,3,1.75,0.078125,0.39999999999999997,3.2
637,19,57,3,1.7894736842105263,0.07291666666666666,0.4823763889427201,3.3684210526315788
638,18,55,3,1.75,0.08072916666666666,0.39999999999999997,3.2
639,18,54,2,1.7,0.078125,0.39999999999999997,3.2
640,19,55,2,1.736842105263158,0.07407407407407407,0.5668594533825794,3.3157894736842106
641,18,56,4,1.7,0.08854166666666666,0.39999999999999997,3.2
642,17,57,2,1.7142857142857142,0.06770833333333333,0.21295885499997994,3.0476190476190474
643,18,55,2,1.75,0.08333333333333333,0.39999999999999997,3.2
644,18,56,1,1.75,0.0625,0.39999999999999997,3.2
645,19,56,1,1.7894736842105263,0.0625,0.4823763889427201,3.3684210526315788
646,20,57,1,1.8333333333333333,0.05989583333333333,0.49690399499995325,3.5555555555555554
647,19,54,4,1.7894736842105263,0.109375,0.48237638894272,3.3684210526315788
648,19,56,2,1.7894736842105263,0.07552083333333333,0.48237638894272,3.3684210526315788
649,20,56,2,1.8333333333333333,0.078125,0.49690399499995325,3.5555555555555554
650,19,59,2,1.7894736842105263,0.05208333333333333,0.4823763889427201,3.3684210526315788
651,19,59,2,1.7894736842105263,0.05208333333333333,0.4823763889427201,3.3684210526315788
652,19,54,4,1.7894736842105263,0.1015625,0.4823763889427201,3.3684210526315788
653,18,58,3,1.75,0.06770833333333333,0.39999999999999997,3.2
654,18,57,2,1.75,0.06770833333333333,0.39999999999999997,3.2
655,19,55,1,1.7894736842105263,0.07291666666666666,0.48237638894272,3.3684210526315788
656,18,57,4,1.75,0.0859375,0.39999999999999997,3.2
657,19,54,3,1.7894736842105263,0.09375,0.48237638894272,3.3684210526315788
658,18,58,1,1.75,0.049479166666666664,0.39999999999999997,3.2
659,18,55,1,1.75,0.06770833333333333,0.39999999999999997,3.2
660,19,55,4,1.7894736842105263,0.09375,0.4823763889427201,3.3684210526315788
661,17,60,2,1.7142857142857142,0.046875,0.21295885499997994,3.0476190476190474
662,19,57,2,1.736842105263158,0.06770833333333333,0.4823763889427201,3.3684210526315788
663,19,51,8,1.7894736842105263,0.15625,0.4823763889427201,3.3684210526315788
664,19,54,2,1.7894736842105263,0.09114583333333333,0.4823763889427201,3.3684210526315788
665,17,54,3,1.7142857142857142,0.09635416666666666,0.21295885499997994,3.0476190476190474
666,19,57,0,1.7894736842105263,0.049479166666666664,0.4823763889427201,3.3684210526315788
667,18,57,1,1.75,0.057291666666666664,0.39999999999999997,3.2
668,17,53,3,1.7142857142857142,0.09635416666666666,0.21295885499997994,3.0476190476190474
669,19,54,2,1.736842105263158,0.082010582010582,0.5668594533825794,3.3157894736842106
670,18,54,2,1.7,0.07407407407407407,0.47696960070847283,3.15
671,18,55,1,1.75,0.07291666666666666,0.39999999999999997,3.2
672,19,56,4,1.7894736842105263,0.08854166666666666,0.48237638894272,3.3684210526315788
673,18,56,2,1.75,0.0703125,0.39999999999999997,3.2
674,19,52,5,1.7894736842105263,0.12499999999999999,0.4823763889427201,3.3684210526315788
675,19,56,3,1.7894736842105263,0.0859375,0.4823763889427201,3.3684210526315788
676,18,54,2,1.75,0.08072916666666666,0.39999999999999997,3.2
677,18,56,0,1.75,0.05208333333333333,0.39999999999999997,3.2
678,19,49,6,1.736842105263158,0.15364583333333334,0.4823763889427201,3.3684210526315788
679,18,55,2,1.7,0.07142857142857142,0.47696960070847283,3.15
680,17,56,2,1.6666666666666667,0.0703125,0.21295885499997994,3.0476190476190474
681,19,47,6,1.7894736842105263,0.16666666666666666,0.4823763889427201,3.3684210526315788
682,18,54,3,1.75,0.09635416666666666,0.39999999999999997,3.2
683,19,57,3,1.7894736842105263,0.07291666666666666,0.4823763889427201,3.3684210526315788
684,19,55,4,1.7894736842105263,0.08854166666666666,0.48237638894272,3.3684210526315788
685,19,56,6,1.7894736842105263,0.109375,0.4823763889427201,3.3684210526315788
686,17,55,3,1.6666666666666667,0.08854166666666666,0.21295885499997994,3.0476190476190474
687,19,56,3,1.7894736842105263,0.08072916666666666,0.4823763889427201,3.3684210526315788
688,18,60,1,1.7,0.0390625,0.39999999999999997,3.2
689,18,57,1,1.75,0.0546875,0.39999999999999997,3.2
690,18,51,4,1.75,0.12760416666666666,0.39999999999999997,3.2
691,18,49,6,1.75,0.15104166666666666,0.39999999999999997,3.2
692,18,57,1,1.75,0.057291666666666664,0.39999999999999997,3.2
693,18,56,3,1.75,0.0859375,0.39999999999999997,3.2
694,19,57,2,1.7894736842105263,0.0625,0.4823763889427201,3.3684210526315788
695,18,56,5,1.75,0.09635416666666666,0.39999999999999997,3.2
696,19,57,2,1.7894736842105263,0.0703125,0.4823763889427201,3.3684210526315788
697,19,58,3,1.7894736842105263,0.06510416666666666,0.4823763889427201,3.3684210526315788
698,18,53,1,1.75,0.0859375,0.39999999999999997,3.2
699,19,58,2,1.7894736842105263,0.05989583333333333,0.4823763889427201,3.3684210526315788
700,19,54,2,1.736842105263158,0.07936507936507936,0.5668594533825794,3.3157894736842106
701,18,54,4,1.7,0.09523809523809522,0.47696960070847283,3.15
702,18,58,2,1.75,0.0625,0.39999999999999997,3.2
703,18,57,1,1.75,0.059895833333333336,0.39999999999999997,3.2
704,19,56,1,1.7894736842105263,0.06249999999999999,0.48237638894272,3.3684210526315788
705,17,50,6,1.7142857142857142,0.15104166666666666,0.21295885499997994,3.0476190476190474
706,19,57,2,1.7894736842105263,0.0703125,0.4823763889427201,3.3684210526315788
707,18,55,4,1.75,0.09375,0.39999999999999997,3.2
708,19,56,1,1.7894736842105263,0.06510416666666666,0.4823763889427201,3.3684210526315788
709,17,53,4,1.7142857142857142,0.11458333333333333,0.21295885499997994,3.0476190476190474
710,18,56,3,1.75,0.0859375,0.39999999999999997,3.2
711,19,53,3,1.736842105263158,0.1015625,0.4823763889427201,3.3684210526315788
712,18,53,3,1.7,0.10416666666666666,0.39999999999999997,3.2
713,19,57,3,1.7894736842105263,0.07552083333333333,0.48237638894272,3.3684210526315788
714,19,50,5,1.7894736842105263,0.13802083333333334,0.4823763889427201,3.3684210526315788
715,19,58,2,1.7894736842105263,0.05729166666666666,0.48237638894272,3.3684210526315788
716,19,55,1,1.7894736842105263,0.0703125,0.4823763889427201,3.3684210526315788
717,20,53,3,1.8333333333333333,0.10416666666666666,0.49690399499995325,3.5555555555555554
718,18,55,2,1.75,0.0703125,0.39999999999999997,3.2
719,18,48,4,1.75,0.14322916666666666,0.39999999999999997,3.2
720,19,55,2,1.7894736842105263,0.07812500000000001,0.48237638894272,3.3684210526315788
721,19,57,4,1.7894736842105263,0.08072916666666666,0.4823763889427201,3.3684210526315788
722,18,59,3,1.75,0.05989583333333333,0.39999999999999997,3.2
723,20,50,7,1.8333333333333333,0.15625,0.49690399499995325,3.5555555555555554
724,20,52,7,1.8333333333333333,0.14583333333333331,0.49690399499995325,3.5555555555555554
725,18,55,3,1.7,0.09375,0.39999999999999997,3.2
726,18,51,3,1.75,0.10677083333333331,0.39999999999999997,3.2
727,18,57,3,1.75,0.078125,0.39999999999999997,3.2
728,19,50,7,1.7894736842105263,0.16145833333333334,0.4823763889427201,3.3684210526315788
729,17,54,3,1.6666666666666667,0.09895833333333333,0.21295885499997994,3.0476190476190474
730,19,56,3,1.7894736842105263,0.08333333333333333,0.48237638894272,3.3684210526315788
731,19,56,2,1.7894736842105263,0.0703125,0.4823763889427201,3.3684210526315788
732,19,58,2,1.7894736842105263,0.05989583333333333,0.4823763889427201,3.3684210526315788
733,18,53,2,1.75,0.09375,0.39999999999999997,3.2
734,18,58,2,1.75,0.0625,0.39999999999999997,3.2
735,18,56,4,1.75,0.09114583333333333,0.39999999999999997,3.2
736,18,50,3,1.75,0.12239583333333331,0.39999999999999997,3.2
737,20,54,5,1.8333333333333333,0.1171875,0.49690399499995325,3.5555555555555554
738,18,53,4,1.7,0.11458333333333333,0.39999999999999997,3.2
739,19,52,5,1.7894736842105263,0.12499999999999999,0.4823763889427201,3.3684210526315788
740,19,54,2,1.7894736842105263,0.08854166666666666,0.4823763889427201,3.3684210526315788
741,19,56,2,1.7894736842105263,0.07552083333333333,0.4823763889427201,3.3684210526315788
742,19,53,5,1.736842105263158,0.12239583333333333,0.48237638894272,3.3684210526315788
743,18,60,1,1.75,0.03645833333333333,0.39999999999999997,3.2
744,19,56,3,1.7894736842105263,0.08333333333333334,0.4823763889427201,3.3684210526315788
745,19,55,2,1.7894736842105263,0.08333333333333333,0.48237638894272,3.3684210526315788
746,18,54,5,1.75,0.11458333333333333,0.39999999999999997,3.2
747,19,54,6,1.7894736842105263,0.125,0.4823763889427201,3.3684210526315788
748,18,58,2,1.75,0.05989583333333333,0.39999999999999997,3.2
749,19,51,5,1.7894736842105263,0.1328125,0.4823763889427201,3.3684210526315788
750,17,50,4,1.7142857142857142,0.1328125,0.21295885499997994,3.0476190476190474
751,18,54,1,1.65,0.07407407407407407,0.47696960070847283,3.15
752,18,54,6,1.7,0.11979166666666666,0.39999999999999997,3.2
753,19,56,6,1.736842105263158,0.10677083333333334,0.4823763889427201,3.3684210526315788
754,20,55,5,1.8333333333333333,0.10677083333333333,0.49690399499995325,3.5555555555555554
755,18,48,8,1.75,0.17708333333333331,0.39999999999999997,3.2
756,19,52,5,1.7894736842105263,0.12760416666666666,0.4823763889427201,3.3684210526315788
757,18,52,4,1.75,0.11979166666666666,0.39999999999999997,3.2
758,18,51,6,1.75,0.14322916666666669,0.39999999999999997,3.2
759,18,54,3,1.7,0.09635416666666666,0.39999999999999997,3.2
760,19,52,4,1.736842105263158,0.1171875,0.4823763889427201,3.3684210526315788
761,19,55,1,1.7894736842105263,0.07291666666666666,0.4823763889427201,3.3684210526315788
762,19,52,6,1.7894736842105263,0.13541666666666666,0.4823763889427201,3.3684210526315788
763,19,52,5,1.7894736842105263,0.12499999999999999,0.4823763889427201,3.3684210526315788
764,19,54,3,1.7894736842105263,0.09635416666666666,0.4823763889427201,3.3684210526315788
765,18,51,8,1.7,0.15885416666666666,0.39999999999999997,3.2
766,19,59,2,1.7894736842105263,0.05208333333333333,0.4823763889427201,3.3684210526315788
767,18,49,8,1.75,0.171875,0.39999999999999997,3.2
768,19,52,4,1.736842105263158,0.11979166666666666,0.48237638894272,3.3684210526315788
769,18,57,1,1.75,0.0546875,0.39999999999999997,3.2
770,20,56,1,1.8333333333333333,0.06510416666666666,0.49690399499995325,3.5555555555555554
771,19,54,3,1.7894736842105263,0.09635416666666666,0.4823763889427201,3.3684210526315788
772,18,56,3,1.75,0.08072916666666666,0.39999999999999997,3.2
773,19,49,8,1.736842105263158,0.16927083333333331,0.4823763889427201,3.3684210526315788
774,18,50,5,1.65,0.1402116402116402,0.47696960070847283,3.15
775,19,53,3,1.7894736842105263,0.10677083333333333,0.4823763889427201,3.3684210526315788
776,19,55,3,1.7894736842105263,0.0859375,0.4823763889427201,3.3684210526315788
777,19,46,6,1.736842105263158,0.17708333333333331,0.4823763889427201,3.3684210526315788
778,19,51,2,1.7894736842105263,0.10156249999999999,0.48237638894272,3.3684210526315788
779,18,53,2,1.75,0.09635416666666666,0.39999999999999997,3.2
780,18,53,2,1.7,0.09259259259259259,0.47696960070847283,3.15
781,19,54,5,1.736842105263158,0.11197916666666666,0.4823763889427201,3.3684210526315788
782,18,49,1,1.75,0.11197916666666666,0.39999999999999997,3.2
783,18,51,7,1.7,0.14322916666666666,0.39999999999999997,3.2
784,19,51,3,1.736842105263158,0.11718749999999999,0.4823763889427201,3.3684210526315788
785,19,51,4,1.7894736842105263,0.125,0.4823763889427201,3.3684210526315788
786,18,48,4,1.75,0.13802083333333331,0.39999999999999997,3.2
787,19,48,6,1.7894736842105263,0.16145833333333331,0.4823763889427201,3.3684210526315788
788,18,54,4,1.7,0.09635416666666666,0.39999999999999997,3.2
789,17,58,2,1.6666666666666667,0.05989583333333333,0.21295885499997994,3.0476190476190474
790,18,53,5,1.75,0.12239583333333334,0.39999999999999997,3.2
791,19,56,3,1.7894736842105263,0.08072916666666666,0.4823763889427201,3.3684210526315788
792,19,55,2,1.736842105263158,0.07407407407407407,0.5668594533825794,3.3157894736842106
793,19,54,5,1.736842105263158,0.11197916666666667,0.4823763889427201,3.3684210526315788
794,18,54,5,1.75,0.11458333333333333,0.39999999999999997,3.2
795,19,52,2,1.7894736842105263,0.09635416666666666,0.4823763889427201,3.3684210526315788
796,18,54,4,1.75,0.10416666666666666,0.39999999999999997,3.2
797,19,54,3,1.7894736842105263,0.09114583333333333,0.4823763889427201,3.3684210526315788
798,18,55,5,1.75,0.10416666666666666,0.39999999999999997,3.2
799,19,52,5,1.7894736842105263,0.12760416666666666,0.4823763889427201,3.3684210526315788
800,19,50,8,1.7894736842105263,0.16927083333333331,0.4823763889427201,3.3684210526315788
801,18,51,7,1.75,0.14583333333333331,0.39999999999999997,3.2
802,19,52,6,1.7894736842105263,0.13020833333333334,0.48237638894272,3.3684210526315788
803,18,54,5,1.7,0.11458333333333333,0.39999999999999997,3.2
804,18,60,0,1.7,0.03125,0.39999999999999997,3.2
805,19,55,4,1.736842105263158,0.08994708994708994,0.5668594533825794,3.3157894736842106
806,19,52,6,1.736842105263158,0.140625,0.4823763889427201,3.3684210526315788
807,18,47,6,1.7,0.15873015873015872,0.47696960070847283,3.15
808,20,50,6,1.8333333333333333,0.1484375,0.49690399499995325,3.5555555555555554
809,18,53,3,1.75,0.10416666666666666,0.39999999999999997,3.2
810,20,55,1,1.8333333333333333,0.06770833333333333,0.49690399499995325,3.5555555555555554
811,18,55,4,1.7,0.09895833333333333,0.39999999999999997,3.2
812,19,51,6,1.6842105263157894,0.140625,0.4823763889427201,3.3684210526315788
813,18,52,3,1.7,0.10677083333333333,0.39999999999999997,3.2
814,19,55,4,1.7894736842105263,0.09895833333333333,0.4823763889427201,3.3684210526315788
815,18,54,4,1.7,0.10677083333333333,0.39999999999999997,3.2
816,19,52,5,1.736842105263158,0.12760416666666666,0.4823763889427201,3.3684210526315788
817,19,56,2,1.7894736842105263,0.07291666666666666,0.4823763889427201,3.3684210526315788
818,19,55,6,1.7894736842105263,0.11197916666666666,0.4823763889427201,3.3684210526315788
819,19,51,6,1.736842105263158,0.140625,0.4823763889427201,3.3684210526315788
820,20,52,3,1.7777777777777777,0.11197916666666666,0.49690399499995325,3.5555555555555554
821,19,53,5,1.7894736842105263,0.11979166666666666,0.4823763889427201,3.3684210526315788
822,19,55,4,1.736842105263158,0.09375,0.4823763889427201,3.3684210526315788
823,19,48,8,1.736842105263158,0.18229166666666669,0.4823763889427201,3.3684210526315788
824,19,53,6,1.7894736842105263,0.125,0.4823763889427201,3.3684210526315788
825,20,61,2,1.8333333333333333,0.0390625,0.49690399499995325,3.5555555555555554
826,18,52,4,1.75,0.11979166666666666,0.39999999999999997,3.2
827,19,51,7,1.7894736842105263,0.15104166666666666,0.4823763889427201,3.3684210526315788
828,19,50,8,1.7894736842105263,0.16927083333333334,0.4823763889427201,3.3684210526315788
829,19,53,7,1.7894736842105263,0.13541666666666666,0.4823763889427201,3.3684210526315788
830,19,50,4,1.736842105263158,0.13020833333333331,0.4823763889427201,3.3684210526315788
831,19,50,5,1.7894736842105263,0.14322916666666666,0.4823763889427201,3.3684210526315788
832,19,55,5,1.736842105263158,0.10677083333333333,0.4823763889427201,3.3684210526315788
833,18,55,6,1.75,0.11197916666666666,0.39999999999999997,3.2
834,19,49,7,1.736842105263158,0.15885416666666666,0.4823763889427201,3.3684210526315788
835,19,51,7,1.6842105263157894,0.14550264550264552,0.5668594533825794,3.3157894736842106
836,19,54,4,1.736842105263158,0.10677083333333333,0.4823763889427201,3.3684210526315788
837,19,54,3,1.7894736842105263,0.09635416666666666,0.4823763889427201,3.3684210526315788
838,18,56,3,1.7,0.08072916666666666,0.39999999999999997,3.2
839,19,56,5,1.7894736842105263,0.09895833333333333,0.4823763889427201,3.3684210526315788
840,19,53,2,1.7894736842105263,0.09375,0.4823763889427201,3.3684210526315788
841,19,56,3,1.7894736842105263,0.08333333333333334,0.4823763889427201,3.3684210526315788
842,20,54,2,1.7777777777777777,0.08333333333333333,0.49690399499995325,3.5555555555555554
843,19,48,5,1.736842105263158,0.15625,0.4823763889427201,3.3684210526315788
844,19,54,3,1.7894736842105263,0.09895833333333333,0.4823763889427201,3.3684210526315788
845,18,49,5,1.65,0.14285714285714285,0.47696960070847283,3.15
846,19,51,5,1.7894736842105263,0.1328125,0.4823763889427201,3.3684210526315788
847,18,56,4,1.75,0.08854166666666666,0.39999999999999997,3.2
848,20,54,4,1.8333333333333333,0.1015625,0.49690399499995325,3.5555555555555554
849,19,52,4,1.7894736842105263,0.1171875,0.4823763889427201,3.3684210526315788
850,18,47,7,1.75,0.171875,0.39999999999999997,3.2
851,18,54,7,1.7,0.1328125,0.39999999999999997,3.2
852,19,53,4,1.7894736842105263,0.11197916666666666,0.4823763889427201,3.3684210526315788
853,19,53,3,1.736842105263158,0.09895833333333333,0.4823763889427201,3.3684210526315788
854,19,52,8,1.7894736842105263,0.15364583333333331,0.4823763889427201,3.3684210526315788
855,19,48,8,1.7894736842105263,0.1796875,0.4823763889427201,3.3684210526315788
856,19,54,6,1.736842105263158,0.12239583333333334,0.48237638894272,3.3684210526315788
857,21,51,7,1.8235294117647058,0.15364583333333331,0.42418250299576343,3.764705882352941
858,19,52,4,1.736842105263158,0.11197916666666666,0.4823763889427201,3.3684210526315788
859,18,51,5,1.7,0.1328125,0.39999999999999997,3.2
860,20,51,2,1.8333333333333333,0.10937499999999999,0.49690399499995325,3.5555555555555554
861,19,55,6,1.736842105263158,0.1171875,0.48237638894272,3.3684210526315788
862,18,58,2,1.75,0.0546875,0.39999999999999997,3.2
863,19,52,5,1.7894736842105263,0.12239583333333333,0.4823763889427201,3.3684210526315788
864,19,53,7,1.7894736842105263,0.13541666666666666,0.4823763889427201,3.3684210526315788
865,20,53,4,1.7777777777777777,0.10416666666666666,0.49690399499995325,3.5555555555555554
866,18,55,4,1.7,0.08730158730158728,0.47696960070847283,3.15
867,19,50,9,1.736842105263158,0.171875,0.4823763889427201,3.3684210526315788
868,18,51,4,1.7,0.13020833333333331,0.39999999999999997,3.2
869,19,52,6,1.736842105263158,0.12433862433862433,0.5668594533825794,3.3157894736842106
870,19,46,11,1.736842105263158,0.21164021164021166,0.5668594533825794,3.3157894736842106
871,18,49,6,1.7,0.15625,0.39999999999999997,3.2
872,18,52,7,1.65,0.13756613756613756,0.47696960070847283,3.15
873,19,53,6,1.7894736842105263,0.12760416666666666,0.4823763889427201,3.3684210526315788
874,19,49,4,1.736842105263158,0.1349206349206349,0.5668594533825794,3.3157894736842106
875,19,56,4,1.7894736842105263,0.09114583333333333,0.4823763889427201,3.3684210526315788
876,20,47,7,1.7777777777777777,0.17447916666666666,0.49690399499995325,3.5555555555555554
877,19,51,7,1.7894736842105263,0.1484375,0.4823763889427201,3.3684210526315788
878,20,54,6,1.7777777777777777,0.12239583333333333,0.49690399499995325,3.5555555555555554
879,19,48,5,1.7894736842105263,0.15364583333333331,0.4823763889427201,3.3684210526315788
880,19,51,6,1.736842105263158,0.13802083333333331,0.48237638894272,3.3684210526315788
881,20,46,5,1.7777777777777777,0.16666666666666669,0.49690399499995325,3.5555555555555554
882,20,54,4,1.7777777777777777,0.10416666666666666,0.49690399499995325,3.5555555555555554
883,19,53,3,1.736842105263158,0.10156249999999999,0.4823763889427201,3.3684210526315788
884,19,53,6,1.736842105263158,0.13020833333333331,0.4823763889427201,3.3684210526315788
885,18,50,6,1.75,0.14583333333333331,0.39999999999999997,3.2
886,19,54,6,1.7894736842105263,0.125,0.4823763889427201,3.3684210526315788
887,18,52,5,1.75,0.12760416666666666,0.39999999999999997,3.2
888,19,46,8,1.7894736842105263,0.18489583333333331,0.4823763889427201,3.3684210526315788
889,19,49,7,1.7894736842105263,0.16666666666666666,0.4823763889427201,3.3684210526315788
890,19,57,3,1.736842105263158,0.07291666666666666,0.4823763889427201,3.3684210526315788
891,19,53,3,1.736842105263158,0.1015625,0.48237638894272,3.3684210526315788
892,19,58,2,1.7894736842105263,0.0546875,0.4823763889427201,3.3684210526315788
893,19,52,6,1.7894736842105263,0.13802083333333331,0.4823763889427201,3.3684210526315788
894,18,58,3,1.65,0.06770833333333333,0.39999999999999997,3.2
895,18,52,7,1.75,0.14322916666666666,0.39999999999999997,3.2
896,20,54,6,1.7777777777777777,0.125,0.49690399499995325,3.5555555555555554
897,19,50,7,1.7894736842105263,0.15625,0.4823763889427201,3.3684210526315788
898,19,56,4,1.736842105263158,0.09375,0.4823763889427201,3.3684210526315788
899,18,53,4,1.7,0.10052910052910052,0.47696960070847283,3.15
900,18,53,4,1.75,0.109375,0.39999999999999997,3.2
901,19,51,6,1.736842105263158,0.1349206349206349,0.5668594533825794,3.3157894736842106
902,18,51,6,1.7,0.14322916666666669,0.39999999999999997,3.2
903,18,47,9,1.75,0.19791666666666666,0.39999999999999997,3.2
904,18,55,6,1.7,0.11197916666666666,0.39999999999999997,3.2
905,20,50,3,1.8333333333333333,0.125,0.49690399499995325,3.5555555555555554
906,18,54,6,1.65,0.11979166666666667,0.39999999999999997,3.2
907,19,54,7,1.736842105263158,0.13020833333333331,0.4823763889427201,3.3684210526315788
908,19,50,7,1.736842105263158,0.15625,0.4823763889427201,3.3684210526315788
909,19,52,7,1.7894736842105263,0.14583333333333331,0.4823763889427201,3.3684210526315788
910,19,49,7,1.736842105263158,0.15343915343915343,0.5668594533825794,3.3157894736842106
911,19,49,5,1.7894736842105263,0.1484375,0.4823763889427201,3.3684210526315788
912,19,51,4,1.7894736842105263,0.11979166666666666,0.4823763889427201,3.3684210526315788
913,19,54,5,1.7894736842105263,0.11197916666666667,0.4823763889427201,3.3684210526315788
914,19,51,7,1.7894736842105263,0.15364583333333331,0.4823763889427201,3.3684210526315788
915,19,50,6,1.7894736842105263,0.1484375,0.4823763889427201,3.3684210526315788
916,19,51,6,1.7894736842105263,0.140625,0.4823763889427201,3.3684210526315788
917,19,53,4,1.7894736842105263,0.1171875,0.4823763889427201,3.3684210526315788
918,18,53,4,1.75,0.11197916666666666,0.39999999999999997,3.2
919,19,48,6,1.7894736842105263,0.1640625,0.4823763889427201,3.3684210526315788
920,19,52,7,1.736842105263158,0.14322916666666666,0.4823763889427201,3.3684210526315788
921,20,53,5,1.7777777777777777,0.11979166666666667,0.49690399499995325,3.5555555555555554
922,20,50,6,1.7777777777777777,0.14583333333333331,0.49690399499995325,3.5555555555555554
923,19,50,7,1.736842105263158,0.15885416666666666,0.48237638894272,3.3684210526315788
924,19,53,6,1.736842105263158,0.1328125,0.48237638894272,3.3684210526315788
925,18,57,4,1.75,0.08333333333333333,0.39999999999999997,3.2
926,19,52,4,1.7894736842105263,0.11718749999999999,0.4823763889427201,3.3684210526315788
927,20,49,10,1.8333333333333333,0.19270833333333331,0.49690399499995325,3.5555555555555554
928,19,48,9,1.736842105263158,0.19010416666666666,0.4823763889427201,3.3684210526315788
929,19,52,10,1.736842105263158,0.171875,0.4823763889427201,3.3684210526315788
930,18,52,6,1.75,0.13541666666666666,0.39999999999999997,3.2
931,20,50,6,1.8333333333333333,0.14322916666666666,0.49690399499995325,3.5555555555555554
932,19,52,5,1.7894736842105263,0.12760416666666666,0.4823763889427201,3.3684210526315788
933,19,47,5,1.7894736842105263,0.15364583333333331,0.4823763889427201,3.3684210526315788
934,19,49,5,1.736842105263158,0.140625,0.4823763889427201,3.3684210526315788
935,18,54,6,1.7,0.11979166666666666,0.39999999999999997,3.2
936,20,50,8,1.8333333333333333,0.1640625,0.49690399499995325,3.5555555555555554
937,19,51,5,1.7894736842105263,0.13541666666666666,0.48237638894272,3.3684210526315788
938,19,51,6,1.736842105263158,0.14583333333333331,0.4823763889427201,3.3684210526315788
939,19,50,7,1.736842105263158,0.15625,0.4823763889427201,3.3684210526315788
940,18,49,8,1.7,0.1693121693121693,0.47696960070847283,3.15
941,19,54,4,1.7894736842105263,0.09635416666666666,0.4823763889427201,3.3684210526315788
942,19,52,4,1.736842105263158,0.11979166666666666,0.4823763889427201,3.3684210526315788
943,19,54,6,1.7894736842105263,0.12239583333333333,0.4823763889427201,3.3684210526315788
944,18,52,7,1.7,0.13802083333333331,0.39999999999999997,3.2
945,19,53,5,1.736842105263158,0.11979166666666666,0.4823763889427201,3.3684210526315788
946,19,51,5,1.736842105263158,0.125,0.4823763889427201,3.3684210526315788
947,20,52,8,1.7777777777777777,0.15364583333333334,0.49690399499995325,3.5555555555555554
948,19,53,6,1.7894736842105263,0.125,0.4823763889427201,3.3684210526315788
949,19,53,3,1.736842105263158,0.10416666666666666,0.4823763889427201,3.3684210526315788
950,19,51,6,1.736842105263158,0.13541666666666666,0.48237638894272,3.3684210526315788
951,19,50,9,1.736842105263158,0.17447916666666666,0.4823763889427201,3.3684210526315788
952,20,56,3,1.8333333333333333,0.08333333333333334,0.49690399499995325,3.5555555555555554
953,18,52,5,1.75,0.12760416666666666,0.39999999999999997,3.2
954,19,52,7,1.736842105263158,0.13802083333333331,0.4823763889427201,3.3684210526315788
955,19,50,7,1.7894736842105263,0.15364583333333331,0.4823763889427201,3.3684210526315788
956,19,54,5,1.736842105263158,0.11197916666666667,0.4823763889427201,3.3684210526315788
957,20,48,9,1.7222222222222223,0.17989417989417988,0.6009252125773316,3.5
958,18,45,10,1.7,0.21875,0.39999999999999997,3.2
959,18,50,10,1.7,0.18229166666666669,0.39999999999999997,3.2
960,19,47,9,1.7894736842105263,0.1953125,0.4823763889427201,3.3684210526315788
961,19,51,8,1.7894736842105263,0.15885416666666666,0.48237638894272,3.3684210526315788
962,19,52,8,1.736842105263158,0.15364583333333331,0.4823763889427201,3.3684210526315788
963,19,52,7,1.736842105263158,0.14583333333333331,0.4823763889427201,3.3684210526315788
964,18,50,5,1.65,0.13756613756613756,0.47696960070847283,3.15
965,19,53,7,1.736842105263158,0.13802083333333331,0.4823763889427201,3.3684210526315788
966,18,49,7,1.7,0.16145833333333331,0.39999999999999997,3.2
967,18,48,8,1.75,0.18229166666666666,0.39999999999999997,3.2
968,19,52,5,1.736842105263158,0.125,0.4823763889427201,3.3684210526315788
969,18,57,5,1.7,0.09114583333333333,0.39999999999999997,3.2
970,19,52,8,1.736842105263158,0.15104166666666669,0.4823763889427201,3.3684210526315788
971,18,50,6,1.75,0.14583333333333334,0.39999999999999997,3.2
972,19,53,6,1.7894736842105263,0.12760416666666666,0.4823763889427201,3.3684210526315788
973,19,52,7,1.736842105263158,0.14583333333333334,0.4823763889427201,3.3684210526315788
974,19,49,8,1.7894736842105263,0.17708333333333331,0.4823763889427201,3.3684210526315788
975,19,49,5,1.7894736842105263,0.1484375,0.4823763889427201,3.3684210526315788
976,19,47,7,1.7894736842105263,0.1796875,0.4823763889427201,3.3684210526315788
977,19,53,4,1.736842105263158,0.11197916666666666,0.4823763889427201,3.3684210526315788
978,19,52,6,1.7894736842105263,0.13802083333333331,0.4823763889427201,3.3684210526315788
979,19,48,7,1.736842105263158,0.164021164021164,0.5668594533825794,3.3157894736842106
980,20,46,6,1.7777777777777777,0.16927083333333331,0.49690399499995325,3.5555555555555554
981,19,52,6,1.7894736842105263,0.1328125,0.4823763889427201,3.3684210526315788
982,19,50,7,1.736842105263158,0.15625,0.48237638894272,3.3684210526315788
983,19,50,6,1.736842105263158,0.14583333333333331,0.4823763889427201,3.3684210526315788
984,19,49,11,1.7894736842105263,0.20052083333333331,0.4823763889427201,3.3684210526315788
985,18,52,6,1.7,0.1328125,0.39999999999999997,3.2
986,18,55,6,1.75,0.1171875,0.39999999999999997,3.2
987,19,54,4,1.7894736842105263,0.1015625,0.4823763889427201,3.3684210526315788
988,19,51,6,1.736842105263158,0.14322916666666666,0.4823763889427201,3.3684210526315788
989,19,51,8,1.7894736842105263,0.15885416666666666,0.4823763889427201,3.3684210526315788
990,19,56,4,1.736842105263158,0.08854166666666666,0.48237638894272,3.3684210526315788
991,20,51,7,1.7777777777777777,0.1484375,0.49690399499995325,3.5555555555555554
992,19,49,8,1.736842105263158,0.17708333333333331,0.4823763889427201,3.3684210526315788
993,19,54,7,1.736842105263158,0.13020833333333331,0.4823763889427201,3.3684210526315788
994,19,49,8,1.7894736842105263,0.171875,0.4823763889427201,3.3684210526315788
995,18,49,10,1.7,0.18489583333333331,0.39999999999999997,3.2
996,18,48,9,1.7,0.19270833333333331,0.39999999999999997,3.2
997,18,51,5,1.75,0.13020833333333331,0.39999999999999997,3.2
998,18,43,8,1.75,0.20833333333333331,0.39999999999999997,3.2
999,20,55,4,1.8333333333333333,0.09895833333333333,0.49690399499995325,3.5555555555555554
1000,19,47,7,1.6842105263157894,0.17989417989417988,0.5668594533825794,3.3157894736842106
1001,19,47,6,1.6842105263157894,0.15873015873015875,0.5668594533825794,3.3157894736842106
1002,19,53,5,1.736842105263158,0.11718749999999999,0.4823763889427201,3.3684210526315788
1003,18,47,8,1.75,0.1875,0.39999999999999997,3.2
1004,19,51,4,1.7894736842105263,0.12239583333333331,0.4823763889427201,3.3684210526315788
1005,18,48,9,1.75,0.1875,0.39999999999999997,3.2
1006,18,51,7,1.65,0.14814814814814814,0.47696960070847283,3.15
1007,18,49,7,1.75,0.1640625,0.39999999999999997,3.2
1008,19,49,6,1.7894736842105263,0.15364583333333334,0.4823763889427201,3.3684210526315788
1009,19,50,8,1.7894736842105263,0.16666666666666669,0.4823763889427201,3.3684210526315788
1010,18,47,7,1.7,0.171875,0.39999999999999997,3.2
1011,19,52,5,1.736842105263158,0.12760416666666669,0.4823763889427201,3.3684210526315788
1012,19,41,8,1.736842105263158,0.22395833333333331,0.4823763889427201,3.3684210526315788
1013,19,52,3,1.7894736842105263,0.11197916666666666,0.4823763889427201,3.3684210526315788
1014,20,51,6,1.7777777777777777,0.14322916666666669,0.49690399499995325,3.5555555555555554
1015,18,56,5,1.7,0.09635416666666666,0.39999999999999997,3.2
1016,19,53,6,1.7894736842105263,0.12499999999999999,0.4823763889427201,3.3684210526315788
1017,19,50,9,1.736842105263158,0.17708333333333331,0.4823763889427201,3.3684210526315788
1018,19,52,4,1.736842105263158,0.11458333333333333,0.48237638894272,3.3684210526315788
1019,19,47,9,1.736842105263158,0.1953125,0.4823763889427201,3.3684210526315788
1020,19,47,6,1.736842105263158,0.171875,0.4823763889427201,3.3684210526315788
1021,20,50,6,1.7777777777777777,0.14322916666666666,0.49690399499995325,3.5555555555555554
1022,19,52,4,1.736842105263158,0.12239583333333333,0.4823763889427201,3.3684210526315788
1023,18,55,2,1.7,0.07142857142857141,0.47696960070847283,3.15
1024,18,49,8,1.7,0.16927083333333331,0.39999999999999997,3.2
1025,18,50,8,1.7,0.16927083333333331,0.39999999999999997,3.2
1026,19,53,4,1.7894736842105263,0.109375,0.4823763889427201,3.3684210526315788
1027,20,51,3,1.8333333333333333,0.11197916666666666,0.49690399499995325,3.5555555555555554
1028,19,49,8,1.7894736842105263,0.171875,0.4823763889427201,3.3684210526315788
1029,19,52,6,1.7894736842105263,0.1328125,0.4823763889427201,3.3684210526315788
1030,18,51,7,1.75,0.1484375,0.39999999999999997,3.2
1031,19,53,7,1.736842105263158,0.13802083333333331,0.4823763889427201,3.3684210526315788
1032,19,58,2,1.736842105263158,0.05989583333333333,0.4823763889427201,3.3684210526315788
1033,19,50,8,1.736842105263158,0.16145833333333331,0.4823763889427201,3.3684210526315788
1034,18,52,6,1.7,0.1328125,0.39999999999999997,3.2
1035,19,48,8,1.736842105263158,0.17447916666666669,0.4823763889427201,3.3684210526315788
1036,18,53,7,1.7,0.13541666666666666,0.39999999999999997,3.2
1037,18,52,7,1.7,0.13802083333333334,0.39999999999999997,3.2
1038,18,49,5,1.75,0.14322916666666666,0.39999999999999997,3.2
1039,19,47,6,1.736842105263158,0.171875,0.4823763889427201,3.3684210526315788
1040,19,47,10,1.736842105263158,0.203125,0.4823763889427201,3.3684210526315788
1041,19,48,10,1.7894736842105263,0.20052083333333331,0.4823763889427201,3.3684210526315788
1042,19,47,13,1.6842105263157894,0.2275132275132275,0.5668594533825794,3.3157894736842106
1043,20,50,8,1.8333333333333333,0.16145833333333331,0.49690399499995325,3.5555555555555554
1044,18,52,9,1.65,0.15608465608465608,0.47696960070847283,3.15
1045,18,51,7,1.75,0.15104166666666666,0.39999999999999997,3.2
1046,19,49,9,1.736842105263158,0.1875,0.4823763889427201,3.3684210526315788
1047,19,48,8,1.7894736842105263,0.18489583333333331,0.4823763889427201,3.3684210526315788
1048,19,50,4,1.7894736842105263,0.13802083333333331,0.48237638894272,3.3684210526315788
1049,19,52,6,1.736842105263158,0.13802083333333331,0.4823763889427201,3.3684210526315788
1050,20,48,9,1.8333333333333333,0.19270833333333331,0.49690399499995325,3.5555555555555554
1051,18,47,9,1.7,0.19791666666666666,0.39999999999999997,3.2
1052,20,49,8,1.8333333333333333,0.17447916666666669,0.49690399499995325,3.5555555555555554
1053,19,51,8,1.7894736842105263,0.15885416666666666,0.4823763889427201,3.3684210526315788
1054,19,50,8,1.736842105263158,0.16145833333333334,0.4823763889427201,3.3684210526315788
1055,19,47,6,1.7894736842105263,0.171875,0.4823763889427201,3.3684210526315788
1056,19,51,7,1.736842105263158,0.15104166666666666,0.4823763889427201,3.3684210526315788
1057,19,48,10,1.736842105263158,0.20052083333333334,0.4823763889427201,3.3684210526315788
1058,20,46,9,1.7777777777777777,0.20052083333333331,0.49690399499995325,3.5555555555555554
1059,18,55,4,1.75,0.09895833333333333,0.39999999999999997,3.2
1060,19,51,6,1.736842105263158,0.140625,0.4823763889427201,3.3684210526315788
1061,19,47,10,1.736842105263158,0.20572916666666666,0.4823763889427201,3.3684210526315788
1062,19,51,7,1.736842105263158,0.15104166666666666,0.4823763889427201,3.3684210526315788
1063,19,50,5,1.736842105263158,0.13541666666666666,0.4823763889427201,3.3684210526315788
1064,18,48,12,1.7,0.21614583333333334,0.39999999999999997,3.2
1065,19,50,4,1.736842105263158,0.13020833333333331,0.4823763889427201,3.3684210526315788
1066,19,52,8,1.736842105263158,0.15625,0.4823763889427201,3.3684210526315788
1067,19,54,6,1.736842105263158,0.12239583333333334,0.4823763889427201,3.3684210526315788
1068,19,46,8,1.736842105263158,0.19791666666666666,0.4823763889427201,3.3684210526315788
1069,20,48,7,1.7777777777777777,0.16666666666666666,0.49690399499995325,3.5555555555555554
1070,19,50,10,1.736842105263158,0.18489583333333331,0.4823763889427201,3.3684210526315788
1071,19,45,11,1.736842105263158,0.22395833333333331,0.4823763889427201,3.3684210526315788
1072,19,48,9,1.736842105263158,0.19270833333333331,0.4823763889427201,3.3684210526315788
1073,19,50,9,1.736842105263158,0.17708333333333331,0.4823763889427201,3.3684210526315788
1074,20,49,8,1.7777777777777777,0.171875,0.49690399499995325,3.5555555555555554
1075,19,53,6,1.736842105263158,0.12760416666666669,0.4823763889427201,3.3684210526315788
1076,19,45,13,1.736842105263158,0.24739583333333334,0.4823763889427201,3.3684210526315788
1077,19,48,8,1.736842105263158,0.17724867724867724,0.5668594533825794,3.3157894736842106
1078,19,50,5,1.736842105263158,0.14322916666666666,0.4823763889427201,3.3684210526315788
1079,18,54,6,1.7,0.12239583333333333,0.39999999999999997,3.2
1080,20,48,9,1.8333333333333333,0.19270833333333334,0.49690399499995325,3.5555555555555554
1081,20,50,8,1.7777777777777777,0.1640625,0.49690399499995325,3.5555555555555554
1082,19,48,10,1.7894736842105263,0.19791666666666666,0.4823763889427201,3.3684210526315788
1083,18,51,8,1.7,0.15885416666666666,0.39999999999999997,3.2
1084,19,47,11,1.736842105263158,0.21875,0.4823763889427201,3.3684210526315788
1085,19,48,11,1.736842105263158,0.203125,0.4823763889427201,3.3684210526315788
1086,19,48,8,1.736842105263158,0.17708333333333331,0.48237638894272,3.3684210526315788
1087,19,46,8,1.7894736842105263,0.19270833333333331,0.4823763889427201,3.3684210526315788
1088,18,52,6,1.7,0.13541666666666666,0.39999999999999997,3.2
1089,20,50,10,1.7777777777777777,0.18489583333333331,0.49690399499995325,3.5555555555555554
1090,19,52,8,1.736842105263158,0.15625,0.4823763889427201,3.3684210526315788
1091,19,51,7,1.736842105263158,0.15104166666666666,0.4823763889427201,3.3684210526315788
1092,20,51,8,1.8333333333333333,0.16145833333333334,0.49690399499995325,3.5555555555555554
1093,19,44,11,1.736842105263158,0.22656249999999997,0.4823763889427201,3.3684210526315788
1094,19,52,7,1.7894736842105263,0.1484375,0.4823763889427201,3.3684210526315788
1095,19,49,10,1.736842105263158,0.1953125,0.4823763889427201,3.3684210526315788
1096,19,45,8,1.7894736842105263,0.203125,0.4823763889427201,3.3684210526315788
1097,18,50,9,1.7,0.17708333333333331,0.39999999999999997,3.2
1098,18,46,8,1.7,0.19047619047619047,0.47696960070847283,3.15
1099,20,51,7,1.7777777777777777,0.15104166666666666,0.49690399499995325,3.5555555555555554
1100,19,48,8,1.7894736842105263,0.18229166666666666,0.4823763889427201,3.3684210526315788
1101,19,44,9,1.736842105263158,0.21354166666666666,0.4823763889427201,3.3684210526315788
1102,18,52,6,1.7,0.13020833333333331,0.39999999999999997,3.2
1103,19,45,12,1.7894736842105263,0.23697916666666669,0.4823763889427201,3.3684210526315788
1104,19,48,10,1.736842105263158,0.203125,0.4823763889427201,3.3684210526315788
1105,19,51,7,1.736842105263158,0.15364583333333331,0.48237638894272,3.3684210526315788
1106,19,47,14,1.736842105263158,0.2421875,0.4823763889427201,3.3684210526315788
1107,19,47,8,1.736842105263158,0.18253968253968253,0.5668594533825794,3.3157894736842106
1108,19,48,9,1.736842105263158,0.19010416666666666,0.4823763889427201,3.3684210526315788
1109,19,50,9,1.7894736842105263,0.17447916666666669,0.4823763889427201,3.3684210526315788
1110,19,49,9,1.7894736842105263,0.18229166666666666,0.48237638894272,3.3684210526315788
1111,18,47,6,1.75,0.16927083333333331,0.39999999999999997,3.2
1112,19,49,7,1.7894736842105263,0.16145833333333331,0.48237638894272,3.3684210526315788
1113,19,46,11,1.736842105263158,0.22135416666666666,0.4823763889427201,3.3684210526315788
1114,20,45,11,1.7777777777777777,0.22395833333333334,0.49690399499995325,3.5555555555555554
1115,18,48,11,1.65,0.20105820105820107,0.47696960070847283,3.15
1116,18,47,9,1.75,0.1953125,0.39999999999999997,3.2
1117,19,48,8,1.7894736842105263,0.1796875,0.4823763889427201,3.3684210526315788
1118,20,50,9,1.7777777777777777,0.171875,0.49690399499995325,3.5555555555555554
1119,20,45,9,1.7777777777777777,0.20833333333333331,0.49690399499995325,3.5555555555555554
1120,19,50,6,1.7894736842105263,0.15625,0.4823763889427201,3.3684210526315788
1121,19,46,11,1.6842105263157894,0.21957671957671956,0.5668594533825794,3.3157894736842106
1122,18,46,11,1.7,0.21875,0.39999999999999997,3.2
1123,19,48,6,1.736842105263158,0.16666666666666666,0.4823763889427201,3.3684210526315788
1124,18,49,6,1.7,0.15608465608465608,0.47696960070847283,3.15
1125,18,48,10,1.7,0.19270833333333331,0.39999999999999997,3.2
1126,20,48,8,1.7777777777777777,0.18489583333333331,0.49690399499995325,3.5555555555555554
1127,19,46,11,1.7894736842105263,0.22135416666666663,0.4823763889427201,3.3684210526315788
1128,18,52,6,1.75,0.13541666666666666,0.39999999999999997,3.2
1129,19,50,8,1.7894736842105263,0.16927083333333331,0.4823763889427201,3.3684210526315788
1130,19,47,6,1.736842105263158,0.16927083333333331,0.4823763889427201,3.3684210526315788
1131,20,50,7,1.8333333333333333,0.16145833333333331,0.49690399499995325,3.5555555555555554
1132,20,45,9,1.7777777777777777,0.21354166666666666,0.49690399499995325,3.5555555555555554
1133,19,48,9,1.736842105263158,0.19270833333333331,0.4823763889427201,3.3684210526315788
1134,20,46,11,1.7777777777777777,0.21875,0.49690399499995325,3.5555555555555554
1135,20,49,9,1.7777777777777777,0.18229166666666669,0.49690399499995325,3.5555555555555554
1136,19,48,9,1.736842105263158,0.19010416666666666,0.4823763889427201,3.3684210526315788
1137,19,51,10,1.736842105263158,0.17447916666666666,0.48237638894272,3.3684210526315788
1138,19,48,5,1.736842105263158,0.15104166666666666,0.4823763889427201,3.3684210526315788
1139,18,48,9,1.7,0.18229166666666666,0.39999999999999997,3.2
1140,19,51,10,1.736842105263158,0.1796875,0.4823763889427201,3.3684210526315788
1141,19,43,8,1.736842105263158,0.21164021164021166,0.5668594533825794,3.3157894736842106
1142,19,50,8,1.7894736842105263,0.171875,0.4823763889427201,3.3684210526315788
1143,19,48,11,1.736842105263158,0.20572916666666663,0.48237638894272,3.3684210526315788
1144,18,50,8,1.75,0.16145833333333331,0.39999999999999997,3.2
1145,19,46,10,1.7894736842105263,0.21354166666666663,0.4823763889427201,3.3684210526315788
1146,19,48,10,1.7894736842105263,0.19791666666666666,0.4823763889427201,3.3684210526315788
1147,20,53,9,1.8333333333333333,0.15625,0.49690399499995325,3.5555555555555554
1148,18,51,8,1.75,0.15885416666666666,0.39999999999999997,3.2
1149,20,44,12,1.8333333333333333,0.2421875,0.49690399499995325,3.5555555555555554
1150,19,49,10,1.736842105263158,0.19010416666666666,0.4823763889427201,3.3684210526315788
1151,18,48,10,1.7,0.19791666666666666,0.39999999999999997,3.2
1152,19,50,9,1.7894736842105263,0.17708333333333334,0.4823763889427201,3.3684210526315788
1153,19,49,8,1.7894736842105263,0.17447916666666669,0.4823763889427201,3.3684210526315788
1154,18,48,6,1.75,0.16666666666666666,0.39999999999999997,3.2
1155,19,53,8,1.736842105263158,0.1484375,0.4823763889427201,3.3684210526315788
1156,20,49,8,1.8333333333333333,0.171875,0.49690399499995325,3.5555555555555554
1157,19,47,10,1.7894736842105263,0.203125,0.4823763889427201,3.3684210526315788
1158,19,50,8,1.736842105263158,0.171875,0.4823763889427201,3.3684210526315788
1159,19,45,10,1.736842105263158,0.22395833333333331,0.4823763889427201,3.3684210526315788
1160,18,51,6,1.7,0.13802083333333331,0.39999999999999997,3.2
1161,19,47,11,1.736842105263158,0.21614583333333331,0.4823763889427201,3.3684210526315788
1162,18,50,8,1.7,0.16666666666666666,0.39999999999999997,3.2
1163,20,48,9,1.7777777777777777,0.19010416666666666,0.49690399499995325,3.5555555555555554
1164,18,49,7,1.7,0.16927083333333331,0.39999999999999997,3.2
1165,20,50,10,1.7777777777777777,0.18229166666666669,0.49690399499995325,3.5555555555555554
1166,18,50,10,1.7,0.18489583333333331,0.39999999999999997,3.2
1167,19,46,11,1.7894736842105263,0.22135416666666666,0.4823763889427201,3.3684210526315788
1168,19,49,8,1.7894736842105263,0.171875,0.4823763889427201,3.3684210526315788
1169,18,51,6,1.7,0.14322916666666666,0.39999999999999997,3.2
1170,19,48,11,1.736842105263158,0.20312499999999997,0.4823763889427201,3.3684210526315788
1171,18,49,8,1.75,0.17708333333333334,0.39999999999999997,3.2
1172,19,47,9,1.736842105263158,0.19010416666666669,0.4823763889427201,3.3684210526315788
1173,19,51,7,1.736842105263158,0.1484375,0.4823763889427201,3.3684210526315788
1174,18,48,6,1.75,0.1640625,0.39999999999999997,3.2
1175,19,49,11,1.736842105263158,0.20052083333333331,0.4823763889427201,3.3684210526315788
1176,19,52,8,1.7894736842105263,0.15104166666666666,0.4823763889427201,3.3684210526315788
1177,18,47,9,1.7,0.19791666666666669,0.39999999999999997,3.2
1178,18,50,10,1.7,0.18489583333333331,0.39999999999999997,3.2
1179,18,47,8,1.7,0.19010416666666666,0.39999999999999997,3.2
1180,18,50,7,1.75,0.15625,0.39999999999999997,3.2
1181,19,50,11,1.736842105263158,0.19270833333333331,0.4823763889427201,3.3684210526315788
1182,20,47,12,1.7777777777777777,0.22135416666666666,0.49690399499995325,3.5555555555555554
1183,18,48,11,1.7,0.20572916666666666,0.39999999999999997,3.2
1184,19,46,11,1.7894736842105263,0.21614583333333331,0.4823763889427201,3.3684210526315788
1185,19,49,7,1.7894736842105263,0.16145833333333331,0.4823763889427201,3.3684210526315788
1186,18,50,10,1.7,0.18489583333333334,0.39999999999999997,3.2
1187,20,43,11,1.7777777777777777,0.234375,0.49690399499995325,3.5555555555555554
1188,19,47,10,1.736842105263158,0.203125,0.4823763889427201,3.3684210526315788
1189,20,44,13,1.8333333333333333,0.25260416666666663,0.49690399499995325,3.5555555555555554
1190,19,45,13,1.736842105263158,0.2421875,0.4823763889427201,3.3684210526315788
1191,18,49,9,1.7,0.18489583333333334,0.39999999999999997,3.2
1192,20,47,9,1.7777777777777777,0.19791666666666666,0.49690399499995325,3.5555555555555554
1193,19,42,12,1.7894736842105263,0.2552083333333333,0.4823763889427201,3.3684210526315788
1194,18,49,11,1.7,0.1953125,0.39999999999999997,3.2
1195,20,50,10,1.7777777777777777,0.18489583333333331,0.49690399499995325,3.5555555555555554
1196,18,46,8,1.7,0.19270833333333331,0.39999999999999997,3.2
1197,19,50,5,1.7894736842105263,0.13541666666666669,0.4823763889427201,3.3684210526315788
1198,19,51,10,1.736842105263158,0.17708333333333334,0.4823763889427201,3.3684210526315788
1199,19,45,11,1.7894736842105263,0.22916666666666663,0.4823763889427201,3.3684210526315788
1200,19,44,13,1.736842105263158,0.25260416666666663,0.4823763889427201,3.3684210526315788
1201,19,45,9,1.736842105263158,0.20052083333333334,0.4823763889427201,3.3684210526315788
1202,20,49,10,1.7777777777777777,0.19270833333333331,0.49690399499995325,3.5555555555555554
1203,18,45,10,1.7,0.22135416666666666,0.39999999999999997,3.2
1204,18,50,6,1.7,0.1484375,0.39999999999999997,3.2
1205,19,50,9,1.736842105263158,0.17708333333333331,0.4823763889427201,3.3684210526315788
1206,18,49,11,1.7,0.19791666666666666,0.39999999999999997,3.2
1207,19,42,16,1.736842105263158,0.29166666666666663,0.4823763889427201,3.3684210526315788
1208,20,49,10,1.7777777777777777,0.19010416666666663,0.49690399499995325,3.5555555555555554
1209,20,50,8,1.7777777777777777,0.16927083333333331,0.49690399499995325,3.5555555555555554
1210,19,46,9,1.736842105263158,0.20833333333333331,0.4823763889427201,3.3684210526315788
1211,20,51,8,1.8333333333333333,0.16145833333333331,0.49690399499995325,3.5555555555555554
1212,20,45,11,1.7777777777777777,0.2265625,0.49690399499995325,3.5555555555555554
1213,18,49,12,1.7,0.20833333333333331,0.39999999999999997,3.2
1214,20,49,9,1.8333333333333333,0.18229166666666666,0.49690399499995325,3.5555555555555554
1215,19,47,14,1.736842105263158,0.23958333333333331,0.4823763889427201,3.3684210526315788
1216,21,49,10,1.8235294117647058,0.1875,0.42418250299576343,3.764705882352941
1217,19,47,11,1.736842105263158,0.2109375,0.4823763889427201,3.3684210526315788
1218,19,46,11,1.736842105263158,0.22135416666666669,0.4823763889427201,3.3684210526315788
1219,20,46,13,1.7777777777777777,0.23958333333333331,0.49690399499995325,3.5555555555555554
1220,20,48,11,1.7777777777777777,0.20572916666666666,0.49690399499995325,3.5555555555555554
1221,20,45,7,1.7777777777777777,0.19270833333333331,0.49690399499995325,3.5555555555555554
1222,19,48,9,1.736842105263158,0.19010416666666666,0.4823763889427201,3.3684210526315788
1223,19,41,14,1.736842105263158,0.2838541666666667,0.4823763889427201,3.3684210526315788
1224,18,48,9,1.7,0.19010416666666669,0.39999999999999997,3.2
1225,18,49,7,1.75,0.1640625,0.39999999999999997,3.2
1226,19,47,12,1.736842105263158,0.2265625,0.4823763889427201,3.3684210526315788
1227,20,50,11,1.7777777777777777,0.19270833333333331,0.49690399499995325,3.5555555555555554
1228,18,45,12,1.7,0.23697916666666669,0.39999999999999997,3.2
1229,19,47,12,1.736842105263158,0.22135416666666666,0.4823763889427201,3.3684210526315788
1230,19,44,10,1.736842105263158,0.22916666666666666,0.4823763889427201,3.3684210526315788
1231,18,49,7,1.75,0.1640625,0.39999999999999997,3.2
1232,19,47,10,1.6842105263157894,0.20634920634920634,0.5668594533825794,3.3157894736842106
1233,19,48,10,1.736842105263158,0.20052083333333331,0.4823763889427201,3.3684210526315788
1234,19,44,13,1.736842105263158,0.24739583333333337,0.4823763889427201,3.3684210526315788
1235,19,43,12,1.7894736842105263,0.24739583333333331,0.4823763889427201,3.3684210526315788
1236,19,46,12,1.7894736842105263,0.23177083333333331,0.4823763889427201,3.3684210526315788
1237,19,51,8,1.736842105263158,0.15885416666666666,0.4823763889427201,3.3684210526315788
1238,20,50,8,1.7777777777777777,0.16666666666666666,0.49690399499995325,3.5555555555555554
1239,20,46,10,1.8333333333333333,0.2109375,0.49690399499995325,3.5555555555555554
1240,20,46,12,1.7777777777777777,0.23177083333333331,0.49690399499995325,3.5555555555555554
1241,19,54,5,1.7894736842105263,0.109375,0.4823763889427201,3.3684210526315788
1242,19,47,11,1.736842105263158,0.20833333333333334,0.4823763889427201,3.3684210526315788
1243,19,47,10,1.736842105263158,0.20052083333333334,0.4823763889427201,3.3684210526315788
1244,19,47,12,1.736842105263158,0.22135416666666663,0.4823763889427201,3.3684210526315788
1245,19,53,6,1.7894736842105263,0.12760416666666666,0.4823763889427201,3.3684210526315788
1246,19,48,10,1.736842105263158,0.20052083333333334,0.4823763889427201,3.3684210526315788
1247,19,45,13,1.736842105263158,0.24218749999999997,0.48237638894272,3.3684210526315788
1248,19,48,9,1.7894736842105263,0.1875,0.4823763889427201,3.3684210526315788
1249,18,47,10,1.7,0.203125,0.39999999999999997,3.2
1250,19,50,9,1.736842105263158,0.16927083333333331,0.4823763889427201,3.3684210526315788
1251,19,49,12,1.736842105263158,0.20833333333333331,0.4823763889427201,3.3684210526315788
1252,19,50,9,1.736842105263158,0.171875,0.4823763889427201,3.3684210526315788
1253,18,44,14,1.7,0.2578125,0.39999999999999997,3.2
1254,19,49,9,1.736842105263158,0.18229166666666666,0.4823763889427201,3.3684210526315788
1255,18,48,9,1.7,0.19010416666666669,0.39999999999999997,3.2
1256,19,46,11,1.736842105263158,0.22135416666666666,0.4823763889427201,3.3684210526315788
1257,19,49,10,1.736842105263158,0.19010416666666669,0.48237638894272,3.3684210526315788
1258,19,45,12,1.736842105263158,0.23437500000000003,0.4823763889427201,3.3684210526315788
1259,19,49,10,1.736842105263158,0.18489583333333334,0.4823763889427201,3.3684210526315788
1260,19,47,11,1.736842105263158,0.21354166666666666,0.4823763889427201,3.3684210526315788
1261,20,45,11,1.7777777777777777,0.22916666666666666,0.49690399499995325,3.5555555555555554
1262,20,47,11,1.7777777777777777,0.21354166666666663,0.49690399499995325,3.5555555555555554
1263,19,51,9,1.6842105263157894,0.164021164021164,0.5668594533825794,3.3157894736842106
1264,18,48,10,1.7,0.19791666666666669,0.39999999999999997,3.2
1265,19,48,11,1.7894736842105263,0.20572916666666666,0.4823763889427201,3.3684210526315788
1266,19,48,9,1.736842105263158,0.1875,0.4823763889427201,3.3684210526315788
1267,18,50,6,1.75,0.15104166666666669,0.39999999999999997,3.2
1268,19,45,12,1.7894736842105263,0.23177083333333331,0.4823763889427201,3.3684210526315788
1269,20,45,10,1.7777777777777777,0.2265625,0.49690399499995325,3.5555555555555554
1270,19,45,11,1.736842105263158,0.23177083333333331,0.4823763889427201,3.3684210526315788
1271,19,45,10,1.736842105263158,0.21354166666666666,0.4823763889427201,3.3684210526315788
1272,19,47,14,1.736842105263158,0.2421875,0.4823763889427201,3.3684210526315788
1273,19,45,12,1.736842105263158,0.23697916666666663,0.4823763889427201,3.3684210526315788
1274,19,50,6,1.6842105263157894,0.14285714285714285,0.5668594533825794,3.3157894736842106
1275,19,49,10,1.736842105263158,0.19270833333333331,0.4823763889427201,3.3684210526315788
1276,19,43,14,1.736842105263158,0.26822916666666663,0.4823763889427201,3.3684210526315788
1277,18,47,11,1.75,0.21354166666666663,0.39999999999999997,3.2
1278,19,46,10,1.736842105263158,0.2109375,0.4823763889427201,3.3684210526315788
1279,20,47,13,1.7777777777777777,0.23177083333333334,0.49690399499995325,3.5555555555555554
1280,19,50,11,1.736842105263158,0.19010416666666666,0.4823763889427201,3.3684210526315788
1281,18,48,10,1.75,0.20052083333333331,0.39999999999999997,3.2
1282,19,46,11,1.736842105263158,0.22395833333333331,0.4823763889427201,3.3684210526315788
1283,19,48,11,1.736842105263158,0.20312499999999997,0.4823763889427201,3.3684210526315788
1284,19,48,12,1.736842105263158,0.21614583333333331,0.4823763889427201,3.3684210526315788
1285,19,48,11,1.736842105263158,0.20572916666666666,0.4823763889427201,3.3684210526315788
1286,19,48,11,1.736842105263158,0.20572916666666666,0.4823763889427201,3.3684210526315788
1287,19,45,11,1.736842105263158,0.22656249999999997,0.4823763889427201,3.3684210526315788
1288,20,46,13,1.7777777777777777,0.23697916666666663,0.49690399499995325,3.5555555555555554
1289,19,43,14,1.6842105263157894,0.2619047619047619,0.5668594533825794,3.3157894736842106
1290,19,46,10,1.736842105263158,0.21614583333333331,0.4823763889427201,3.3684210526315788
1291,18,47,12,1.7,0.22135416666666663,0.39999999999999997,3.2
1292,20,49,9,1.7777777777777777,0.18229166666666666,0.49690399499995325,3.5555555555555554
1293,19,46,10,1.736842105263158,0.20833333333333331,0.4823763889427201,3.3684210526315788
1294,20,49,12,1.7777777777777777,0.20833333333333331,0.49690399499995325,3.5555555555555554
1295,18,47,11,1.75,0.21614583333333331,0.39999999999999997,3.2
1296,18,53,7,1.75,0.13802083333333331,0.39999999999999997,3.2
1297,20,44,13,1.7777777777777777,0.25,0.49690399499995325,3.5555555555555554
1298,20,46,11,1.7777777777777777,0.22135416666666666,0.49690399499995325,3.5555555555555554
1299,19,49,12,1.736842105263158,0.20833333333333331,0.4823763889427201,3.3684210526315788
1300,19,46,12,1.631578947368421,0.2275132275132275,0.5668594533825794,3.3157894736842106
1301,19,46,12,1.736842105263158,0.22916666666666663,0.4823763889427201,3.3684210526315788
1302,19,48,10,1.736842105263158,0.1931216931216931,0.5668594533825794,3.3157894736842106
1303,18,45,11,1.7,0.22395833333333334,0.39999999999999997,3.2
1304,19,47,10,1.6842105263157894,0.20634920634920634,0.5668594533825794,3.3157894736842106
1305,19,49,11,1.736842105263158,0.20052083333333331,0.4823763889427201,3.3684210526315788
1306,19,46,12,1.736842105263158,0.2265625,0.4823763889427201,3.3684210526315788
1307,19,48,12,1.736842105263158,0.21354166666666666,0.4823763889427201,3.3684210526315788
1308,19,47,12,1.6842105263157894,0.21957671957671956,0.5668594533825794,3.3157894736842106
1309,19,48,11,1.736842105263158,0.20572916666666666,0.4823763889427201,3.3684210526315788
1310,18,44,13,1.7,0.25260416666666663,0.39999999999999997,3.2
1311,19,49,10,1.736842105263158,0.1953125,0.4823763889427201,3.3684210526315788
1312,19,44,12,1.736842105263158,0.24479166666666663,0.4823763889427201,3.3684210526315788
1313,20,47,11,1.7777777777777777,0.21093749999999997,0.49690399499995325,3.5555555555555554
1314,18,43,13,1.7,0.2578125,0.39999999999999997,3.2
1315,19,44,12,1.736842105263158,0.24479166666666663,0.4823763889427201,3.3684210526315788
1316,19,46,11,1.736842105263158,0.21875,0.4823763889427201,3.3684210526315788
1317,19,44,14,1.736842105263158,0.2578125,0.4823763889427201,3.3684210526315788
1318,20,48,11,1.7777777777777777,0.20833333333333331,0.49690399499995325,3.5555555555555554
1319,19,48,11,1.736842105263158,0.20833333333333331,0.4823763889427201,3.3684210526315788
1320,20,47,13,1.7777777777777777,0.22916666666666669,0.49690399499995325,3.5555555555555554
1321,19,43,12,1.736842105263158,0.2513227513227513,0.5668594533825794,3.3157894736842106
1322,19,45,11,1.736842105263158,0.22395833333333331,0.48237638894272,3.3684210526315788
1323,20,49,9,1.8333333333333333,0.18229166666666666,0.49690399499995325,3.5555555555555554
1324,19,47,11,1.736842105263158,0.21354166666666663,0.4823763889427201,3.3684210526315788
1325,20,42,15,1.7777777777777777,0.2838541666666667,0.49690399499995325,3.5555555555555554
1326,19,46,15,1.736842105263158,0.2552083333333333,0.4823763889427201,3.3684210526315788
1327,19,45,14,1.736842105263158,0.2552083333333333,0.4823763889427201,3.3684210526315788
1328,19,45,13,1.736842105263158,0.24479166666666669,0.4823763889427201,3.3684210526315788
1329,19,44,13,1.736842105263158,0.25,0.4823763889427201,3.3684210526315788
1330,19,46,12,1.6842105263157894,0.2222222222222222,0.5668594533825794,3.3157894736842106
1331,19,47,11,1.736842105263158,0.2109375,0.4823763889427201,3.3684210526315788
1332,20,44,12,1.7777777777777777,0.24479166666666669,0.49690399499995325,3.5555555555555554
1333,20,37,17,1.7777777777777777,0.3411458333333333,0.49690399499995325,3.5555555555555554
1334,19,46,12,1.736842105263158,0.2265625,0.4823763889427201,3.3684210526315788
1335,19,44,12,1.736842105263158,0.24479166666666669,0.4823763889427201,3.3684210526315788
1336,19,47,11,1.6842105263157894,0.21164021164021163,0.5668594533825794,3.3157894736842106
1337,20,49,9,1.7777777777777777,0.18489583333333334,0.49690399499995325,3.5555555555555554
1338,19,46,12,1.736842105263158,0.22916666666666666,0.4823763889427201,3.3684210526315788
1339,20,45,13,1.7777777777777777,0.24479166666666663,0.49690399499995325,3.5555555555555554
1340,18,44,11,1.65,0.23015873015873015,0.47696960070847283,3.15
1341,20,44,9,1.8333333333333333,0.2109375,0.49690399499995325,3.5555555555555554
1342,20,45,12,1.7777777777777777,0.23697916666666663,0.49690399499995325,3.5555555555555554
1343,19,47,11,1.736842105263158,0.21354166666666663,0.4823763889427201,3.3684210526315788
1344,19,44,13,1.736842105263158,0.2526041666666667,0.4823763889427201,3.3684210526315788
1345,20,45,13,1.7777777777777777,0.24479166666666669,0.49690399499995325,3.5555555555555554
1346,20,47,13,1.7777777777777777,0.23177083333333334,0.49690399499995325,3.5555555555555554
1347,19,47,13,1.6842105263157894,0.2275132275132275,0.5668594533825794,3.3157894736842106
1348,18,47,11,1.75,0.21614583333333331,0.39999999999999997,3.2
1349,18,49,11,1.7,0.203125,0.39999999999999997,3.2
1350,18,48,10,1.75,0.1953125,0.39999999999999997,3.2
1351,20,45,12,1.7777777777777777,0.23697916666666666,0.49690399499995325,3.5555555555555554
1352,18,44,14,1.7,0.26041666666666663,0.39999999999999997,3.2
1353,20,50,8,1.7777777777777777,0.16666666666666666,0.49690399499995325,3.5555555555555554
1354,19,45,13,1.736842105263158,0.24739583333333331,0.4823763889427201,3.3684210526315788
1355,19,46,11,1.736842105263158,0.21875,0.4823763889427201,3.3684210526315788
1356,19,48,10,1.736842105263158,0.20052083333333331,0.4823763889427201,3.3684210526315788
1357,18,45,11,1.7,0.2265625,0.39999999999999997,3.2
1358,18,48,11,1.7,0.20833333333333331,0.39999999999999997,3.2
1359,18,43,15,1.7,0.27604166666666663,0.39999999999999997,3.2
1360,18,42,16,1.7,0.2916666666666667,0.39999999999999997,3.2
1361,19,47,13,1.736842105263158,0.22916666666666663,0.4823763889427201,3.3684210526315788
1362,19,41,15,1.736842105263158,0.29166666666666663,0.4823763889427201,3.3684210526315788
1363,19,44,12,1.6842105263157894,0.23544973544973544,0.5668594533825794,3.3157894736842106
1364,18,48,11,1.7,0.20572916666666669,0.39999999999999997,3.2
1365,19,43,13,1.736842105263158,0.2578125,0.4823763889427201,3.3684210526315788
1366,20,46,11,1.7777777777777777,0.22135416666666666,0.49690399499995325,3.5555555555555554
1367,19,47,11,1.736842105263158,0.21354166666666666,0.4823763889427201,3.3684210526315788
1368,20,42,13,1.7777777777777777,0.2604166666666667,0.49690399499995325,3.5555555555555554
1369,19,45,11,1.736842105263158,0.22395833333333331,0.4823763889427201,3.3684210526315788
1370,18,46,12,1.7,0.22656249999999997,0.39999999999999997,3.2
1371,19,47,13,1.736842105263158,0.23177083333333331,0.4823763889427201,3.3684210526315788
1372,19,45,12,1.736842105263158,0.23697916666666663,0.4823763889427201,3.3684210526315788
1373,19,44,12,1.736842105263158,0.25,0.4823763889427201,3.3684210526315788
1374,20,44,13,1.7777777777777777,0.2526041666666667,0.49690399499995325,3.5555555555555554
1375,18,46,13,1.7,0.23697916666666663,0.39999999999999997,3.2
1376,19,46,14,1.736842105263158,0.24479166666666663,0.4823763889427201,3.3684210526315788
1377,18,45,13,1.7,0.24218749999999997,0.39999999999999997,3.2
1378,20,50,12,1.7777777777777777,0.20052083333333334,0.49690399499995325,3.5555555555555554
1379,20,41,16,1.7777777777777777,0.29947916666666663,0.49690399499995325,3.5555555555555554
1380,18,47,10,1.7,0.20052083333333331,0.39999999999999997,3.2
1381,19,38,13,1.736842105263158,0.2890625,0.4823763889427201,3.3684210526315788
1382,19,48,14,1.736842105263158,0.23177083333333331,0.4823763889427201,3.3684210526315788
1383,19,49,11,1.736842105263158,0.20052083333333331,0.4823763889427201,3.3684210526315788
1384,19,45,13,1.736842105263158,0.24739583333333331,0.4823763889427201,3.3684210526315788
1385,19,44,15,1.736842105263158,0.265625,0.4823763889427201,3.3684210526315788
1386,19,46,9,1.736842105263158,0.1953125,0.4823763889427201,3.3684210526315788
1387,19,46,9,1.736842105263158,0.20052083333333331,0.4823763889427201,3.3684210526315788
1388,18,50,9,1.7,0.171875,0.39999999999999997,3.2
1389,19,44,13,1.736842105263158,0.25,0.4823763889427201,3.3684210526315788
1390,19,43,16,1.736842105263158,0.2864583333333333,0.4823763889427201,3.3684210526315788
1391,19,47,11,1.736842105263158,0.2109375,0.4823763889427201,3.3684210526315788
1392,19,44,11,1.736842105263158,0.23177083333333331,0.4823763889427201,3.3684210526315788
1393,19,45,12,1.736842105263158,0.23697916666666669,0.4823763889427201,3.3684210526315788
1394,19,46,13,1.736842105263158,0.23958333333333331,0.4823763889427201,3.3684210526315788
1395,20,44,15,1.7777777777777777,0.26822916666666663,0.49690399499995325,3.5555555555555554
1396,20,47,10,1.7777777777777777,0.20572916666666666,0.49690399499995325,3.5555555555555554
1397,18,45,13,1.7,0.23958333333333331,0.39999999999999997,3.2
1398,19,43,11,1.7894736842105263,0.24479166666666663,0.4823763889427201,3.3684210526315788
1399,18,44,12,1.7,0.24739583333333331,0.39999999999999997,3.2
1400,18,46,12,1.7,0.23177083333333331,0.39999999999999997,3.2
1401,20,46,14,1.7777777777777777,0.24739583333333331,0.49690399499995325,3.5555555555555554
1402,19,43,13,1.736842105263158,0.2578125,0.4823763889427201,3.3684210526315788
1403,19,48,11,1.736842105263158,0.20572916666666669,0.4823763889427201,3.3684210526315788
1404,19,48,10,1.736842105263158,0.19791666666666666,0.48237638894272,3.3684210526315788
1405,18,43,14,1.7,0.26822916666666663,0.39999999999999997,3.2
1406,20,43,13,1.7777777777777777,0.2578125,0.49690399499995325,3.5555555555555554
1407,18,45,14,1.7,0.2552083333333333,0.39999999999999997,3.2
1408,19,42,12,1.7894736842105263,0.2578125,0.4823763889427201,3.3684210526315788
1409,20,46,12,1.7777777777777777,0.2265625,0.49690399499995325,3.5555555555555554
1410,18,50,10,1.7,0.1796875,0.39999999999999997,3.2
1411,19,47,12,1.6842105263157894,0.21693121693121695,0.5668594533825794,3.3157894736842106
1412,19,45,14,1.736842105263158,0.2552083333333333,0.4823763889427201,3.3684210526315788
1413,20,48,10,1.7777777777777777,0.19791666666666666,0.49690399499995325,3.5555555555555554
1414,20,46,12,1.7777777777777777,0.234375,0.49690399499995325,3.5555555555555554
1415,19,44,13,1.736842105263158,0.25,0.4823763889427201,3.3684210526315788
1416,19,42,13,1.736842105263158,0.2630208333333333,0.4823763889427201,3.3684210526315788
1417,20,41,14,1.7777777777777777,0.28125,0.49690399499995325,3.5555555555555554
1418,19,46,11,1.6842105263157894,0.2222222222222222,0.5668594533825794,3.3157894736842106
1419,19,47,12,1.736842105263158,0.22135416666666669,0.48237638894272,3.3684210526315788
1420,19,47,11,1.6842105263157894,0.20899470899470898,0.5668594533825794,3.3157894736842106
1421,18,41,14,1.65,0.27513227513227506,0.47696960070847283,3.15
1422,18,47,11,1.7,0.21354166666666666,0.39999999999999997,3.2
1423,19,49,9,1.7894736842105263,0.18489583333333331,0.4823763889427201,3.3684210526315788
1424,18,42,13,1.7,0.2708333333333333,0.39999999999999997,3.2
1425,20,44,12,1.7777777777777777,0.24739583333333331,0.49690399499995325,3.5555555555555554
1426,19,43,13,1.736842105263158,0.2578125,0.48237638894272,3.3684210526315788
1427,19,46,13,1.736842105263158,0.23697916666666666,0.4823763889427201,3.3684210526315788
1428,19,44,14,1.736842105263158,0.2630208333333333,0.4823763889427201,3.3684210526315788
1429,19,44,15,1.736842105263158,0.2708333333333333,0.4823763889427201,3.3684210526315788
1430,18,45,11,1.7,0.22395833333333331,0.39999999999999997,3.2
1431,20,44,13,1.7777777777777777,0.25260416666666663,0.49690399499995325,3.5555555555555554
1432,19,45,14,1.736842105263158,0.2552083333333333,0.4823763889427201,3.3684210526315788
1433,19,43,14,1.736842105263158,0.2682291666666667,0.4823763889427201,3.3684210526315788
1434,18,46,12,1.65,0.22486772486772486,0.47696960070847283,3.15
1435,18,51,9,1.7,0.16666666666666666,0.39999999999999997,3.2
1436,18,46,11,1.7,0.22135416666666669,0.39999999999999997,3.2
1437,19,41,14,1.736842105263158,0.28125,0.4823763889427201,3.3684210526315788
1438,18,44,13,1.7,0.24739583333333331,0.39999999999999997,3.2
1439,19,45,13,1.736842105263158,0.24739583333333331,0.4823763889427201,3.3684210526315788
1440,20,46,11,1.8333333333333333,0.22135416666666666,0.49690399499995325,3.5555555555555554
1441,19,44,13,1.6842105263157894,0.246031746031746,0.5668594533825794,3.3157894736842106
1442,20,43,12,1.7777777777777777,0.25260416666666663,0.49690399499995325,3.5555555555555554
1443,18,46,9,1.7,0.203125,0.39999999999999997,3.2
1444,19,48,11,1.736842105263158,0.203125,0.4823763889427201,3.3684210526315788
1445,20,46,12,1.7777777777777777,0.22916666666666666,0.49690399499995325,3.5555555555555554
1446,19,46,12,1.736842105263158,0.22916666666666669,0.4823763889427201,3.3684210526315788
1447,19,41,13,1.736842105263158,0.2734375,0.4823763889427201,3.3684210526315788
1448,18,47,13,1.7,0.23177083333333334,0.39999999999999997,3.2
1449,18,46,12,1.7,0.2265625,0.39999999999999997,3.2
1450,19,43,13,1.736842105263158,0.25520833333333337,0.4823763889427201,3.3684210526315788
1451,20,46,12,1.7777777777777777,0.23177083333333331,0.49690399499995325,3.5555555555555554
1452,19,39,13,1.736842105263158,0.2864583333333333,0.4823763889427201,3.3684210526315788
1453,19,45,13,1.736842105263158,0.24479166666666666,0.4823763889427201,3.3684210526315788
1454,19,46,11,1.7894736842105263,0.21875,0.4823763889427201,3.3684210526315788
1455,20,45,12,1.7777777777777777,0.23697916666666669,0.49690399499995325,3.5555555555555554
1456,20,45,13,1.7777777777777777,0.24479166666666663,0.49690399499995325,3.5555555555555554
1457,19,42,14,1.736842105263158,0.27604166666666663,0.4823763889427201,3.3684210526315788
1458,20,40,14,1.7777777777777777,0.28385416666666663,0.49690399499995325,3.5555555555555554
1459,20,41,15,1.7777777777777777,0.29166666666666663,0.49690399499995325,3.5555555555555554
1460,19,46,12,1.736842105263158,0.23177083333333331,0.4823763889427201,3.3684210526315788
1461,20,40,14,1.7222222222222223,0.2857142857142857,0.6009252125773316,3.5
1462,20,45,13,1.7777777777777777,0.24479166666666666,0.49690399499995325,3.5555555555555554
1463,20,47,12,1.7777777777777777,0.22135416666666663,0.49690399499995325,3.5555555555555554
1464,19,47,12,1.736842105263158,0.22395833333333331,0.4823763889427201,3.3684210526315788
1465,19,44,13,1.736842105263158,0.25,0.4823763889427201,3.3684210526315788
1466,20,41,13,1.7777777777777777,0.2708333333333333,0.49690399499995325,3.5555555555555554
1467,20,42,15,1.7777777777777777,0.28125,0.49690399499995325,3.5555555555555554
1468,18,45,13,1.7,0.24739583333333331,0.39999999999999997,3.2
1469,19,42,14,1.736842105263158,0.27604166666666663,0.4823763889427201,3.3684210526315788
1470,19,47,13,1.736842105263158,0.234375,0.4823763889427201,3.3684210526315788
1471,20,41,15,1.7777777777777777,0.2890625,0.49690399499995325,3.5555555555555554
1472,18,40,12,1.7,0.2734375,0.39999999999999997,3.2
1473,19,45,12,1.736842105263158,0.234375,0.4823763889427201,3.3684210526315788
1474,21,43,13,1.8235294117647058,0.26041666666666663,0.42418250299576343,3.764705882352941
1475,18,49,11,1.7,0.20052083333333334,0.39999999999999997,3.2
1476,18,45,12,1.7,0.23437499999999997,0.39999999999999997,3.2
1477,19,45,13,1.736842105263158,0.24479166666666663,0.4823763889427201,3.3684210526315788
1478,19,44,12,1.736842105263158,0.23958333333333331,0.4823763889427201,3.3684210526315788
1479,20,45,14,1.7777777777777777,0.2526041666666667,0.49690399499995325,3.5555555555555554
1480,19,45,11,1.736842105263158,0.22916666666666666,0.4823763889427201,3.3684210526315788
1481,19,44,13,1.736842105263158,0.25260416666666663,0.4823763889427201,3.3684210526315788
1482,19,40,16,1.6842105263157894,0.30158730158730157,0.5668594533825794,3.3157894736842106
1483,18,42,14,1.7,0.2708333333333333,0.39999999999999997,3.2
1484,19,41,13,1.736842105263158,0.2734375,0.4823763889427201,3.3684210526315788
1485,19,43,12,1.736842105263158,0.24999999999999997,0.4823763889427201,3.3684210526315788
1486,20,40,16,1.7777777777777777,0.3046875,0.49690399499995325,3.5555555555555554
1487,19,47,12,1.736842105263158,0.22395833333333331,0.4823763889427201,3.3684210526315788
1488,19,43,14,1.736842105263158,0.2630208333333333,0.4823763889427201,3.3684210526315788
1489,19,44,12,1.736842105263158,0.2421875,0.4823763889427201,3.3684210526315788
1490,18,48,11,1.7,0.20833333333333331,0.39999999999999997,3.2
1491,18,47,12,1.7,0.21875,0.39999999999999997,3.2
1492,19,41,15,1.736842105263158,0.2890625,0.4823763889427201,3.3684210526315788
1493,19,42,14,1.736842105263158,0.27604166666666663,0.4823763889427201,3.3684210526315788
1494,18,43,15,1.7,0.27604166666666663,0.39999999999999997,3.2
1495,18,42,14,1.7,0.27604166666666663,0.39999999999999997,3.2
1496,20,45,13,1.7777777777777777,0.24479166666666663,0.49690399499995325,3.5555555555555554
1497,19,44,13,1.736842105263158,0.25,0.4823763889427201,3.3684210526315788
1498,18,39,12,1.7,0.2751322751322751,0.47696960070847283,3.15
1499,19,45,13,1.736842105263158,0.24479166666666663,0.4823763889427201,3.3684210526315788
1500,20,42,12,1.7777777777777777,0.2552083333333333,0.49690399499995325,3.5555555555555554
1501,19,48,12,1.736842105263158,0.21614583333333331,0.48237638894272,3.3684210526315788
1502,19,46,11,1.736842105263158,0.21614583333333331,0.4823763889427201,3.3684210526315788
1503,19,43,14,1.736842105263158,0.2708333333333333,0.4823763889427201,3.3684210526315788
1504,19,42,15,1.736842105263158,0.2864583333333333,0.4823763889427201,3.3684210526315788
1505,19,43,12,1.736842105263158,0.24479166666666669,0.4823763889427201,3.3684210526315788
1506,20,45,13,1.7777777777777777,0.24739583333333331,0.49690399499995325,3.5555555555555554
1507,18,47,12,1.7,0.22395833333333331,0.39999999999999997,3.2
1508,19,44,12,1.736842105263158,0.2421875,0.4823763889427201,3.3684210526315788
1509,20,45,14,1.7777777777777777,0.2552083333333333,0.49690399499995325,3.5555555555555554
1510,18,43,12,1.65,0.24603174603174602,0.47696960070847283,3.15
1511,19,42,12,1.6842105263157894,0.25132275132275134,0.5668594533825794,3.3157894736842106
1512,19,46,12,1.736842105263158,0.22916666666666663,0.4823763889427201,3.3684210526315788
1513,18,47,12,1.7,0.22135416666666663,0.39999999999999997,3.2
1514,19,44,13,1.736842105263158,0.2552083333333333,0.4823763889427201,3.3684210526315788
1515,20,38,16,1.7777777777777777,0.32291666666666663,0.49690399499995325,3.5555555555555554
1516,19,42,14,1.736842105263158,0.27604166666666663,0.4823763889427201,3.3684210526315788
1517,18,44,13,1.7,0.24479166666666666,0.39999999999999997,3.2
1518,20,43,14,1.7777777777777777,0.26822916666666663,0.49690399499995325,3.5555555555555554
1519,18,44,10,1.7,0.2265625,0.39999999999999997,3.2
1520,20,42,15,1.7777777777777777,0.28125,0.49690399499995325,3.5555555555555554
1521,19,45,14,1.736842105263158,0.25260416666666663,0.4823763889427201,3.3684210526315788
1522,18,45,13,1.7,0.2421875,0.39999999999999997,3.2
1523,18,47,12,1.7,0.22395833333333331,0.39999999999999997,3.2
1524,19,42,13,1.736842105263158,0.26822916666666663,0.4823763889427201,3.3684210526315788
1525,19,47,14,1.736842105263158,0.23697916666666669,0.4823763889427201,3.3684210526315788
1526,19,44,14,1.736842105263158,0.2578125,0.4823763889427201,3.3684210526315788
1527,19,44,14,1.736842105263158,0.26041666666666663,0.4823763889427201,3.3684210526315788
1528,18,45,12,1.7,0.23697916666666666,0.39999999999999997,3.2
1529,19,41,14,1.736842105263158,0.28385416666666663,0.4823763889427201,3.3684210526315788
1530,19,40,16,1.736842105263158,0.3098958333333333,0.4823763889427201,3.3684210526315788
1531,19,49,11,1.736842105263158,0.20052083333333331,0.4823763889427201,3.3684210526315788
1532,19,44,13,1.736842105263158,0.25,0.4823763889427201,3.3684210526315788
1533,19,40,16,1.736842105263158,0.2994791666666667,0.4823763889427201,3.3684210526315788
1534,19,45,13,1.736842105263158,0.24479166666666663,0.4823763889427201,3.3684210526315788
1535,18,44,13,1.7,0.25260416666666663,0.39999999999999997,3.2
1536,18,43,10,1.7,0.234375,0.39999999999999997,3.2
1537,18,43,15,1.7,0.2786458333333333,0.39999999999999997,3.2
1538,19,45,12,1.736842105263158,0.23697916666666663,0.4823763889427201,3.3684210526315788
1539,18,45,14,1.7,0.2552083333333333,0.39999999999999997,3.2
1540,20,43,13,1.7222222222222223,0.25396825396825395,0.6009252125773316,3.5
1541,19,46,12,1.736842105263158,0.2265625,0.4823763889427201,3.3684210526315788
1542,19,46,13,1.736842105263158,0.23697916666666663,0.4823763889427201,3.3684210526315788
1543,19,44,14,1.736842105263158,0.26041666666666663,0.4823763889427201,3.3684210526315788
1544,19,43,13,1.736842105263158,0.2578125,0.4823763889427201,3.3684210526315788
1545,18,42,13,1.7,0.2708333333333333,0.39999999999999997,3.2
1546,20,41,13,1.7777777777777777,0.26822916666666663,0.49690399499995325,3.5555555555555554
1547,19,48,11,1.736842105263158,0.20833333333333331,0.4823763889427201,3.3684210526315788
1548,19,43,15,1.736842105263158,0.2734375,0.4823763889427201,3.3684210526315788
1549,19,44,15,1.736842105263158,0.26822916666666663,0.4823763889427201,3.3684210526315788
1550,19,47,10,1.736842105263158,0.20833333333333331,0.4823763889427201,3.3684210526315788
1551,19,45,13,1.7894736842105263,0.24479166666666666,0.4823763889427201,3.3684210526315788
1552,20,40,14,1.7777777777777777,0.2890625,0.49690399499995325,3.5555555555555554
1553,19,43,14,1.736842105263158,0.265625,0.4823763889427201,3.3684210526315788
1554,18,45,12,1.65,0.2328042328042328,0.47696960070847283,3.15
1555,18,42,14,1.7,0.2734375,0.39999999999999997,3.2
1556,18,43,15,1.7,0.2734375,0.39999999999999997,3.2
1557,19,38,13,1.736842105263158,0.29947916666666663,0.4823763889427201,3.3684210526315788
1558,20,44,12,1.7777777777777777,0.2421875,0.49690399499995325,3.5555555555555554
1559,19,44,12,1.736842105263158,0.23697916666666663,0.48237638894272,3.3684210526315788
1560,19,44,13,1.736842105263158,0.25260416666666663,0.4823763889427201,3.3684210526315788
1561,20,41,15,1.7777777777777777,0.2890625,0.49690399499995325,3.5555555555555554
1562,19,43,13,1.736842105263158,0.26041666666666663,0.48237638894272,3.3684210526315788
1563,19,43,13,1.736842105263158,0.265625,0.4823763889427201,3.3684210526315788
1564,20,46,12,1.8333333333333333,0.2265625,0.49690399499995325,3.5555555555555554
1565,19,46,13,1.736842105263158,0.23958333333333331,0.4823763889427201,3.3684210526315788
1566,19,43,14,1.736842105263158,0.265625,0.4823763889427201,3.3684210526315788
1567,20,44,13,1.7777777777777777,0.25260416666666663,0.49690399499995325,3.5555555555555554
1568,20,47,13,1.7777777777777777,0.23177083333333331,0.49690399499995325,3.5555555555555554
1569,18,44,15,1.7,0.26822916666666663,0.39999999999999997,3.2
1570,19,45,12,1.6842105263157894,0.23958333333333331,0.4823763889427201,3.3684210526315788
1571,20,44,14,1.7777777777777777,0.2630208333333333,0.49690399499995325,3.5555555555555554
1572,19,41,16,1.736842105263158,0.29947916666666663,0.48237638894272,3.3684210526315788
1573,19,43,12,1.736842105263158,0.24739583333333331,0.4823763889427201,3.3684210526315788
1574,18,43,14,1.7,0.26822916666666663,0.39999999999999997,3.2
1575,19,43,13,1.736842105263158,0.26041666666666663,0.4823763889427201,3.3684210526315788
1576,20,44,11,1.7777777777777777,0.234375,0.49690399499995325,3.5555555555555554
1577,19,41,16,1.736842105263158,0.2916666666666667,0.4823763889427201,3.3684210526315788
1578,19,42,14,1.736842105263158,0.2734375,0.4823763889427201,3.3684210526315788
1579,20,43,14,1.7777777777777777,0.2682291666666667,0.49690399499995325,3.5555555555555554
1580,19,42,13,1.736842105263158,0.265625,0.48237638894272,3.3684210526315788
1581,20,46,12,1.8333333333333333,0.23177083333333331,0.49690399499995325,3.5555555555555554
1582,19,40,15,1.736842105263158,0.296875,0.4823763889427201,3.3684210526315788
1583,20,44,13,1.7777777777777777,0.25260416666666663,0.49690399499995325,3.5555555555555554
1584,19,40,14,1.736842105263158,0.29166666666666663,0.4823763889427201,3.3684210526315788
1585,20,41,13,1.7777777777777777,0.2708333333333333,0.49690399499995325,3.5555555555555554
1586,20,43,14,1.7777777777777777,0.2630208333333333,0.49690399499995325,3.5555555555555554
1587,19,41,13,1.736842105263158,0.2708333333333333,0.4823763889427201,3.3684210526315788
1588,19,41,15,1.736842105263158,0.28645833333333337,0.4823763889427201,3.3684210526315788
1589,20,49,12,1.7777777777777777,0.20833333333333331,0.49690399499995325,3.5555555555555554
1590,18,41,14,1.7,0.28125,0.39999999999999997,3.2
1591,19,45,13,1.736842105263158,0.24739583333333331,0.4823763889427201,3.3684210526315788
1592,19,42,14,1.6842105263157894,0.26984126984126977,0.5668594533825794,3.3157894736842106
1593,19,45,13,1.736842105263158,0.24218749999999997,0.4823763889427201,3.3684210526315788
1594,19,41,14,1.736842105263158,0.28385416666666663,0.4823763889427201,3.3684210526315788
1595,19,43,14,1.736842105263158,0.265625,0.4823763889427201,3.3684210526315788
1596,19,43,13,1.7894736842105263,0.2552083333333333,0.4823763889427201,3.3684210526315788
1597,19,43,14,1.736842105263158,0.26822916666666663,0.4823763889427201,3.3684210526315788
1598,20,44,11,1.8333333333333333,0.234375,0.49690399499995325,3.5555555555555554
1599,18,45,12,1.7,0.23697916666666666,0.39999999999999997,3.2
1600,20,40,14,1.7777777777777777,0.2890625,0.49690399499995325,3.5555555555555554
1601,19,44,12,1.736842105263158,0.23958333333333331,0.4823763889427201,3.3684210526315788
1602,19,42,14,1.736842105263158,0.2734375,0.4823763889427201,3.3684210526315788
1603,19,43,13,1.736842105263158,0.26041666666666663,0.4823763889427201,3.3684210526315788
1604,19,43,13,1.736842105263158,0.26041666666666663,0.4823763889427201,3.3684210526315788
1605,20,40,14,1.7777777777777777,0.28645833333333337,0.49690399499995325,3.5555555555555554
1606,19,42,15,1.736842105263158,0.28125,0.4823763889427201,3.3684210526315788
1607,18,43,13,1.65,0.2566137566137566,0.47696960070847283,3.15
1608,19,45,12,1.736842105263158,0.23437499999999997,0.48237638894272,3.3684210526315788
1609,19,40,16,1.736842105263158,0.3046875,0.4823763889427201,3.3684210526315788
1610,20,41,16,1.7222222222222223,0.2962962962962963,0.6009252125773316,3.5
1611,19,39,15,1.736842105263158,0.3072916666666667,0.4823763889427201,3.3684210526315788
1612,19,43,15,1.736842105263158,0.27604166666666663,0.48237638894272,3.3684210526315788
1613,19,39,16,1.6842105263157894,0.3068783068783069,0.5668594533825794,3.3157894736842106
1614,20,42,14,1.7777777777777777,0.2734375,0.49690399499995325,3.5555555555555554
1615,20,41,13,1.7777777777777777,0.2734375,0.49690399499995325,3.5555555555555554
1616,19,44,14,1.736842105263158,0.26041666666666663,0.4823763889427201,3.3684210526315788
1617,19,43,12,1.736842105263158,0.25260416666666663,0.4823763889427201,3.3684210526315788
1618,19,42,12,1.736842105263158,0.2578125,0.4823763889427201,3.3684210526315788
1619,19,39,14,1.736842105263158,0.2916666666666667,0.4823763889427201,3.3684210526315788
1620,19,39,15,1.6842105263157894,0.30158730158730157,0.5668594533825794,3.3157894736842106
1621,19,45,15,1.736842105263158,0.26041666666666663,0.4823763889427201,3.3684210526315788
1622,19,41,13,1.736842105263158,0.27604166666666663,0.4823763889427201,3.3684210526315788
1623,19,44,13,1.736842105263158,0.24479166666666666,0.4823763889427201,3.3684210526315788
1624,20,41,15,1.7777777777777777,0.2890625,0.49690399499995325,3.5555555555555554
1625,20,41,17,1.7777777777777777,0.30729166666666663,0.49690399499995325,3.5555555555555554
1626,18,44,13,1.7,0.25260416666666663,0.39999999999999997,3.2
1627,19,43,14,1.736842105263158,0.265625,0.4823763889427201,3.3684210526315788
1628,19,40,16,1.736842105263158,0.3046875,0.4823763889427201,3.3684210526315788
1629,19,40,15,1.6842105263157894,0.291005291005291,0.5668594533825794,3.3157894736842106
1630,20,42,13,1.7777777777777777,0.2604166666666667,0.49690399499995325,3.5555555555555554
1631,19,39,14,1.736842105263158,0.28645833333333337,0.4823763889427201,3.3684210526315788
1632,19,44,13,1.736842105263158,0.24739583333333331,0.4823763889427201,3.3684210526315788
1633,20,41,14,1.7777777777777777,0.28125,0.49690399499995325,3.5555555555555554
1634,18,44,13,1.65,0.2513227513227513,0.47696960070847283,3.15
1635,19,41,13,1.7894736842105263,0.27604166666666663,0.4823763889427201,3.3684210526315788
1636,19,39,15,1.736842105263158,0.30208333333333337,0.4823763889427201,3.3684210526315788
1637,19,41,14,1.736842105263158,0.28125,0.4823763889427201,3.3684210526315788
1638,19,48,9,1.736842105263158,0.19010416666666666,0.4823763889427201,3.3684210526315788
1639,19,40,15,1.736842105263158,0.29947916666666663,0.4823763889427201,3.3684210526315788
1640,19,42,14,1.736842105263158,0.2734375,0.4823763889427201,3.3684210526315788
1641,20,43,14,1.7777777777777777,0.2708333333333333,0.49690399499995325,3.5555555555555554
1642,19,42,14,1.736842105263158,0.27604166666666663,0.48237638894272,3.3684210526315788
1643,20,42,14,1.7777777777777777,0.27604166666666663,0.49690399499995325,3.5555555555555554
1644,19,40,14,1.736842105263158,0.2864583333333333,0.4823763889427201,3.3684210526315788
1645,18,40,14,1.7,0.28645833333333337,0.39999999999999997,3.2
1646,20,39,16,1.7222222222222223,0.30952380952380953,0.6009252125773316,3.5
1647,19,38,16,1.736842105263158,0.3203125,0.4823763889427201,3.3684210526315788
1648,18,40,13,1.7,0.27864583333333337,0.39999999999999997,3.2
1649,19,45,13,1.736842105263158,0.24479166666666663,0.4823763889427201,3.3684210526315788
1650,19,42,13,1.7894736842105263,0.26302083333333337,0.4823763889427201,3.3684210526315788
1651,18,44,13,1.7,0.25,0.39999999999999997,3.2
1652,20,40,13,1.8333333333333333,0.2734375,0.49690399499995325,3.5555555555555554
1653,19,42,15,1.736842105263158,0.28125,0.4823763889427201,3.3684210526315788
1654,19,44,14,1.736842105263158,0.26041666666666663,0.4823763889427201,3.3684210526315788
1655,19,41,13,1.736842105263158,0.2708333333333333,0.4823763889427201,3.3684210526315788
1656,19,38,13,1.736842105263158,0.2864583333333333,0.4823763889427201,3.3684210526315788
1657,19,44,14,1.736842105263158,0.26041666666666663,0.4823763889427201,3.3684210526315788
1658,18,38,15,1.7,0.3072916666666667,0.39999999999999997,3.2
1659,20,42,13,1.7777777777777777,0.26302083333333337,0.49690399499995325,3.5555555555555554
1660,20,45,14,1.7777777777777777,0.2552083333333333,0.49690399499995325,3.5555555555555554
1661,18,44,14,1.7,0.2578125,0.39999999999999997,3.2
1662,19,44,13,1.736842105263158,0.24739583333333331,0.4823763889427201,3.3684210526315788
1663,19,46,12,1.736842105263158,0.2265625,0.4823763889427201,3.3684210526315788
1664,19,43,13,1.736842105263158,0.2578125,0.4823763889427201,3.3684210526315788
1665,20,43,15,1.7777777777777777,0.2760416666666667,0.49690399499995325,3.5555555555555554
1666,19,44,13,1.736842105263158,0.24739583333333334,0.4823763889427201,3.3684210526315788
1667,18,40,15,1.7,0.2942708333333333,0.39999999999999997,3.2
1668,19,41,15,1.736842105263158,0.29166666666666663,0.4823763889427201,3.3684210526315788
1669,20,39,16,1.7222222222222223,0.3121693121693122,0.6009252125773316,3.5
1670,19,40,14,1.736842105263158,0.2864583333333333,0.48237638894272,3.3684210526315788
1671,19,44,13,1.736842105263158,0.25260416666666663,0.4823763889427201,3.3684210526315788
1672,19,37,17,1.6842105263157894,0.33068783068783064,0.5668594533825794,3.3157894736842106
1673,20,42,14,1.7777777777777777,0.27604166666666663,0.49690399499995325,3.5555555555555554
1674,20,41,15,1.7777777777777777,0.29166666666666663,0.49690399499995325,3.5555555555555554
1675,19,42,14,1.736842105263158,0.2708333333333333,0.4823763889427201,3.3684210526315788
1676,19,45,12,1.736842105263158,0.23958333333333331,0.4823763889427201,3.3684210526315788
1677,19,46,12,1.736842105263158,0.2265625,0.4823763889427201,3.3684210526315788
1678,18,44,13,1.7,0.25260416666666663,0.39999999999999997,3.2
1679,19,48,11,1.7894736842105263,0.203125,0.4823763889427201,3.3684210526315788
1680,19,43,14,1.736842105263158,0.26822916666666663,0.48237638894272,3.3684210526315788
1681,20,40,15,1.7777777777777777,0.29947916666666663,0.49690399499995325,3.5555555555555554
1682,19,39,14,1.736842105263158,0.29427083333333337,0.4823763889427201,3.3684210526315788
1683,18,44,14,1.7,0.26041666666666663,0.39999999999999997,3.2
1684,19,43,13,1.736842105263158,0.2578125,0.4823763889427201,3.3684210526315788
1685,18,35,13,1.65,0.30687830687830686,0.47696960070847283,3.15
1686,18,41,14,1.7,0.28125,0.39999999999999997,3.2
1687,19,44,12,1.736842105263158,0.24739583333333331,0.4823763889427201,3.3684210526315788
1688,19,42,14,1.736842105263158,0.2734375,0.4823763889427201,3.3684210526315788
1689,19,40,16,1.736842105263158,0.30729166666666663,0.4823763889427201,3.3684210526315788
1690,19,39,13,1.6842105263157894,0.28042328042328046,0.5668594533825794,3.3157894736842106
1691,19,40,14,1.736842105263158,0.2864583333333333,0.4823763889427201,3.3684210526315788
1692,19,42,14,1.736842105263158,0.2786458333333333,0.4823763889427201,3.3684210526315788
1693,19,42,13,1.736842105263158,0.265625,0.4823763889427201,3.3684210526315788
1694,19,40,14,1.736842105263158,0.2838541666666667,0.4823763889427201,3.3684210526315788
1695,18,43,15,1.7,0.27604166666666663,0.39999999999999997,3.2
1696,19,45,13,1.736842105263158,0.24218749999999997,0.4823763889427201,3.3684210526315788
1697,19,43,13,1.736842105263158,0.2578125,0.4823763889427201,3.3684210526315788
1698,19,40,16,1.736842105263158,0.30208333333333337,0.4823763889427201,3.3684210526315788
1699,19,42,14,1.736842105263158,0.2786458333333333,0.4823763889427201,3.3684210526315788
1700,19,44,14,1.736842105263158,0.2578125,0.4823763889427201,3.3684210526315788
1701,18,41,15,1.7,0.2864583333333333,0.39999999999999997,3.2
1702,19,40,15,1.736842105263158,0.2942708333333333,0.4823763889427201,3.3684210526315788
1703,18,41,12,1.7,0.2578125,0.39999999999999997,3.2
1704,20,41,16,1.7777777777777777,0.29947916666666663,0.49690399499995325,3.5555555555555554
1705,18,44,14,1.7,0.26041666666666663,0.39999999999999997,3.2
1706,18,40,16,1.7,0.3046875,0.39999999999999997,3.2
1707,19,38,16,1.736842105263158,0.3229166666666667,0.4823763889427201,3.3684210526315788
1708,19,40,14,1.736842105263158,0.2890625,0.4823763889427201,3.3684210526315788
1709,18,46,13,1.7,0.23697916666666663,0.39999999999999997,3.2
1710,19,43,15,1.736842105263158,0.27604166666666663,0.4823763889427201,3.3684210526315788
1711,20,44,14,1.7777777777777777,0.26041666666666663,0.49690399499995325,3.5555555555555554
1712,19,43,14,1.736842105263158,0.2708333333333333,0.4823763889427201,3.3684210526315788
1713,19,46,10,1.736842105263158,0.21093749999999997,0.4823763889427201,3.3684210526315788
1714,19,39,14,1.736842105263158,0.2942708333333333,0.4823763889427201,3.3684210526315788
1715,19,43,14,1.736842105263158,0.265625,0.4823763889427201,3.3684210526315788
1716,20,42,16,1.7777777777777777,0.29166666666666663,0.49690399499995325,3.5555555555555554
1717,19,42,13,1.736842105263158,0.2630208333333333,0.4823763889427201,3.3684210526315788
1718,20,43,13,1.7777777777777777,0.26041666666666663,0.49690399499995325,3.5555555555555554
1719,19,41,15,1.736842105263158,0.2890625,0.4823763889427201,3.3684210526315788
1720,18,43,14,1.7,0.26822916666666663,0.39999999999999997,3.2
1721,19,42,15,1.736842105263158,0.28125,0.4823763889427201,3.3684210526315788
1722,18,42,14,1.7,0.2734375,0.39999999999999997,3.2
1723,20,42,15,1.7777777777777777,0.28385416666666663,0.49690399499995325,3.5555555555555554
1724,20,42,15,1.7777777777777777,0.28385416666666663,0.49690399499995325,3.5555555555555554
1725,19,42,14,1.736842105263158,0.2734375,0.4823763889427201,3.3684210526315788
1726,19,44,14,1.736842105263158,0.2578125,0.4823763889427201,3.3684210526315788
1727,20,42,16,1.7777777777777777,0.2890625,0.49690399499995325,3.5555555555555554
1728,19,41,14,1.736842105263158,0.28385416666666663,0.48237638894272,3.3684210526315788
1729,20,44,15,1.7777777777777777,0.26822916666666663,0.49690399499995325,3.5555555555555554
1730,18,43,13,1.7,0.26041666666666663,0.39999999999999997,3.2
1731,20,39,14,1.7777777777777777,0.29427083333333337,0.49690399499995325,3.5555555555555554
1732,20,44,13,1.7777777777777777,0.25260416666666663,0.49690399499995325,3.5555555555555554
1733,19,41,14,1.736842105263158,0.28125,0.4823763889427201,3.3684210526315788
1734,19,42,15,1.736842105263158,0.28385416666666663,0.4823763889427201,3.3684210526315788
1735,19,41,15,1.736842105263158,0.2890625,0.4823763889427201,3.3684210526315788
1736,18,43,14,1.7,0.26822916666666663,0.39999999999999997,3.2
1737,19,39,17,1.736842105263158,0.3203125,0.4823763889427201,3.3684210526315788
1738,19,45,13,1.736842105263158,0.24479166666666663,0.4823763889427201,3.3684210526315788
1739,19,43,13,1.6842105263157894,0.25661375661375657,0.5668594533825794,3.3157894736842106
1740,20,40,13,1.7777777777777777,0.27864583333333337,0.49690399499995325,3.5555555555555554
1741,19,45,13,1.736842105263158,0.24479166666666663,0.4823763889427201,3.3684210526315788
1742,18,46,12,1.7,0.22916666666666666,0.39999999999999997,3.2
1743,18,42,12,1.7,0.26041666666666663,0.39999999999999997,3.2
1744,18,40,16,1.7,0.30729166666666663,0.39999999999999997,3.2
1745,19,35,18,1.736842105263158,0.3567708333333333,0.4823763889427201,3.3684210526315788
1746,19,44,14,1.736842105263158,0.26041666666666663,0.4823763889427201,3.3684210526315788
1747,20,43,13,1.7777777777777777,0.2578125,0.49690399499995325,3.5555555555555554
1748,19,39,16,1.736842105263158,0.3125,0.4823763889427201,3.3684210526315788
1749,20,43,13,1.7777777777777777,0.2578125,0.49690399499995325,3.5555555555555554
1750,20,42,14,1.7777777777777777,0.27604166666666663,0.49690399499995325,3.5555555555555554
1751,19,46,13,1.736842105263158,0.23697916666666663,0.4823763889427201,3.3684210526315788
1752,19,42,14,1.736842105263158,0.2734375,0.4823763889427201,3.3684210526315788
1753,20,39,14,1.7777777777777777,0.296875,0.49690399499995325,3.5555555555555554
1754,20,41,14,1.7777777777777777,0.2786458333333333,0.49690399499995325,3.5555555555555554
1755,19,44,14,1.736842105263158,0.2630208333333333,0.4823763889427201,3.3684210526315788
1756,19,40,17,1.736842105263158,0.31510416666666663,0.4823763889427201,3.3684210526315788
1757,19,43,14,1.736842105263158,0.265625,0.4823763889427201,3.3684210526315788
1758,18,42,13,1.7,0.265625,0.39999999999999997,3.2
1759,20,43,13,1.7777777777777777,0.2578125,0.49690399499995325,3.5555555555555554
1760,19,42,13,1.736842105263158,0.2630208333333333,0.4823763889427201,3.3684210526315788
1761,18,39,15,1.7,0.30208333333333337,0.39999999999999997,3.2
1762,19,41,14,1.736842105263158,0.2786458333333333,0.4823763889427201,3.3684210526315788
1763,20,41,15,1.7777777777777777,0.2890625,0.49690399499995325,3.5555555555555554
1764,18,43,14,1.7,0.26822916666666663,0.39999999999999997,3.2
1765,20,43,13,1.7777777777777777,0.2552083333333333,0.49690399499995325,3.5555555555555554
1766,19,40,15,1.736842105263158,0.296875,0.48237638894272,3.3684210526315788
1767,19,43,13,1.736842105263158,0.26041666666666663,0.4823763889427201,3.3684210526315788
1768,19,39,16,1.736842105263158,0.3125,0.4823763889427201,3.3684210526315788
1769,18,42,14,1.7,0.2734375,0.39999999999999997,3.2
1770,18,39,16,1.7,0.31510416666666663,0.39999999999999997,3.2
1771,18,43,14,1.7,0.2682291666666667,0.39999999999999997,3.2
1772,18,43,14,1.7,0.26822916666666663,0.39999999999999997,3.2
1773,19,41,13,1.736842105263158,0.2708333333333333,0.4823763889427201,3.3684210526315788
1774,19,42,14,1.6842105263157894,0.27248677248677244,0.5668594533825794,3.3157894736842106
1775,20,43,14,1.7777777777777777,0.26822916666666663,0.49690399499995325,3.5555555555555554
1776,20,43,15,1.7777777777777777,0.27604166666666663,0.49690399499995325,3.5555555555555554
1777,19,42,15,1.6842105263157894,0.2804232804232804,0.5668594533825794,3.3157894736842106
1778,19,46,14,1.736842105263158,0.24739583333333331,0.4823763889427201,3.3684210526315788
1779,19,43,14,1.736842105263158,0.265625,0.4823763889427201,3.3684210526315788
1780,19,43,13,1.736842105263158,0.2552083333333333,0.4823763889427201,3.3684210526315788
1781,19,42,15,1.736842105263158,0.2864583333333333,0.4823763889427201,3.3684210526315788
1782,19,40,14,1.736842105263158,0.2890625,0.4823763889427201,3.3684210526315788
1783,18,41,14,1.7,0.2760416666666667,0.39999999999999997,3.2
1784,19,40,15,1.736842105263158,0.296875,0.4823763889427201,3.3684210526315788
1785,19,42,14,1.736842105263158,0.27604166666666663,0.4823763889427201,3.3684210526315788
1786,19,41,15,1.736842105263158,0.2890625,0.4823763889427201,3.3684210526315788
1787,18,40,14,1.65,0.2883597883597883,0.47696960070847283,3.15
1788,18,42,15,1.65,0.2804232804232804,0.47696960070847283,3.15
1789,18,39,16,1.7,0.3125,0.39999999999999997,3.2
1790,19,45,13,1.736842105263158,0.24218749999999997,0.4823763889427201,3.3684210526315788
1791,19,43,13,1.736842105263158,0.2578125,0.4823763889427201,3.3684210526315788
1792,19,45,14,1.736842105263158,0.25260416666666663,0.4823763889427201,3.3684210526315788
1793,19,41,14,1.736842105263158,0.2786458333333333,0.4823763889427201,3.3684210526315788
1794,20,41,13,1.7777777777777777,0.27083333333333337,0.49690399499995325,3.5555555555555554
1795,18,40,15,1.7,0.2942708333333333,0.39999999999999997,3.2
1796,18,41,13,1.7,0.2734375,0.39999999999999997,3.2
1797,19,40,16,1.736842105263158,0.30729166666666663,0.4823763889427201,3.3684210526315788
1798,19,41,15,1.736842105263158,0.2864583333333333,0.4823763889427201,3.3684210526315788
1799,19,46,12,1.736842105263158,0.22656249999999997,0.4823763889427201,3.3684210526315788
1800,19,45,11,1.736842105263158,0.22395833333333331,0.4823763889427201,3.3684210526315788
1801,18,40,15,1.7,0.296875,0.39999999999999997,3.2
1802,18,38,17,1.7,0.33072916666666663,0.39999999999999997,3.2
1803,19,45,12,1.736842105263158,0.23697916666666663,0.4823763889427201,3.3684210526315788
1804,19,42,15,1.736842105263158,0.28125,0.4823763889427201,3.3684210526315788
1805,19,39,14,1.736842105263158,0.2890625,0.4823763889427201,3.3684210526315788
1806,20,40,15,1.7777777777777777,0.29947916666666663,0.49690399499995325,3.5555555555555554
1807,20,44,15,1.7777777777777777,0.2708333333333333,0.49690399499995325,3.5555555555555554
1808,19,42,13,1.736842105263158,0.2630208333333333,0.4823763889427201,3.3684210526315788
1809,19,45,12,1.736842105263158,0.23697916666666663,0.4823763889427201,3.3684210526315788
1810,19,44,12,1.736842105263158,0.24479166666666663,0.4823763889427201,3.3684210526315788
1811,20,42,15,1.7777777777777777,0.28125,0.49690399499995325,3.5555555555555554
1812,19,46,11,1.736842105263158,0.21875,0.4823763889427201,3.3684210526315788
1813,19,41,14,1.7894736842105263,0.2838541666666667,0.4823763889427201,3.3684210526315788
1814,19,41,14,1.736842105263158,0.27604166666666663,0.4823763889427201,3.3684210526315788
1815,19,41,14,1.736842105263158,0.28125,0.4823763889427201,3.3684210526315788
1816,19,41,15,1.736842105263158,0.2864583333333333,0.4823763889427201,3.3684210526315788
1817,18,40,16,1.7,0.30729166666666663,0.39999999999999997,3.2
1818,18,40,15,1.65,0.29365079365079366,0.47696960070847283,3.15
1819,19,43,13,1.736842105263158,0.2578125,0.4823763889427201,3.3684210526315788
1820,19,41,12,1.736842105263158,0.265625,0.4823763889427201,3.3684210526315788
1821,19,42,14,1.736842105263158,0.27604166666666663,0.4823763889427201,3.3684210526315788
1822,18,41,14,1.7,0.27604166666666663,0.39999999999999997,3.2
1823,19,41,14,1.736842105263158,0.28125,0.4823763889427201,3.3684210526315788
1824,20,42,14,1.7777777777777777,0.2734375,0.49690399499995325,3.5555555555555554
1825,18,45,13,1.7,0.24479166666666663,0.39999999999999997,3.2
1826,19,42,14,1.736842105263158,0.27604166666666663,0.4823763889427201,3.3684210526315788
1827,19,43,13,1.736842105263158,0.2578125,0.4823763889427201,3.3684210526315788
1828,18,41,14,1.7,0.28125,0.39999999999999997,3.2
1829,19,41,15,1.736842105263158,0.2890625,0.4823763889427201,3.3684210526315788
1830,20,41,14,1.7777777777777777,0.27604166666666663,0.49690399499995325,3.5555555555555554
1831,19,38,17,1.6842105263157894,0.32539682539682535,0.5668594533825794,3.3157894736842106
1832,19,43,13,1.736842105263158,0.26041666666666663,0.4823763889427201,3.3684210526315788
1833,20,43,13,1.7777777777777777,0.2578125,0.49690399499995325,3.5555555555555554
1834,18,41,14,1.7,0.28385416666666663,0.39999999999999997,3.2
1835,18,40,14,1.65,0.2883597883597883,0.47696960070847283,3.15
1836,20,42,14,1.7777777777777777,0.2734375,0.49690399499995325,3.5555555555555554
1837,19,46,13,1.736842105263158,0.23697916666666663,0.4823763889427201,3.3684210526315788
1838,19,39,14,1.6842105263157894,0.29365079365079366,0.5668594533825794,3.3157894736842106
1839,18,43,14,1.7,0.26822916666666663,0.39999999999999997,3.2
1840,19,39,14,1.736842105263158,0.29947916666666663,0.4823763889427201,3.3684210526315788
1841,18,41,15,1.7,0.29166666666666663,0.39999999999999997,3.2
1842,18,37,15,1.65,0.3174603174603174,0.47696960070847283,3.15
1843,19,43,14,1.736842105263158,0.265625,0.4823763889427201,3.3684210526315788
1844,19,42,15,1.736842105263158,0.28385416666666663,0.4823763889427201,3.3684210526315788
1845,19,40,15,1.736842105263158,0.296875,0.4823763889427201,3.3684210526315788
1846,19,43,14,1.736842105263158,0.26822916666666663,0.4823763889427201,3.3684210526315788
1847,19,39,14,1.736842105263158,0.29166666666666663,0.4823763889427201,3.3684210526315788
1848,19,43,11,1.7894736842105263,0.24218749999999997,0.4823763889427201,3.3684210526315788
1849,19,40,15,1.6842105263157894,0.29365079365079366,0.5668594533825794,3.3157894736842106
1850,18,41,14,1.7,0.28125,0.39999999999999997,3.2
1851,20,44,13,1.7777777777777777,0.2552083333333333,0.49690399499995325,3.5555555555555554
1852,18,40,14,1.7,0.2890625,0.39999999999999997,3.2
1853,18,42,13,1.65,0.2619047619047619,0.47696960070847283,3.15
1854,19,41,14,1.6842105263157894,0.2777777777777778,0.5668594533825794,3.3157894736842106
1855,19,42,15,1.736842105263158,0.28385416666666663,0.4823763889427201,3.3684210526315788
1856,19,41,16,1.736842105263158,0.29947916666666663,0.4823763889427201,3.3684210526315788
1857,19,42,13,1.736842105263158,0.26822916666666663,0.4823763889427201,3.3684210526315788
1858,19,44,13,1.736842105263158,0.25260416666666663,0.4823763889427201,3.3684210526315788
1859,19,42,13,1.736842105263158,0.2630208333333333,0.4823763889427201,3.3684210526315788
1860,18,37,16,1.7,0.32552083333333337,0.39999999999999997,3.2
1861,19,41,13,1.736842105263158,0.27604166666666663,0.4823763889427201,3.3684210526315788
1862,19,42,14,1.736842105263158,0.27604166666666663,0.4823763889427201,3.3684210526315788
1863,19,42,13,1.736842105263158,0.265625,0.4823763889427201,3.3684210526315788
1864,19,40,16,1.736842105263158,0.3046875,0.4823763889427201,3.3684210526315788
1865,20,44,14,1.7777777777777777,0.26041666666666663,0.49690399499995325,3.5555555555555554
1866,19,43,15,1.736842105263158,0.27604166666666663,0.4823763889427201,3.3684210526315788
1867,18,44,14,1.7,0.2604166666666667,0.39999999999999997,3.2
1868,18,42,13,1.7,0.265625,0.39999999999999997,3.2
1869,19,35,17,1.6842105263157894,0.3439153439153439,0.5668594533825794,3.3157894736842106
1870,19,41,15,1.736842105263158,0.29166666666666663,0.4823763889427201,3.3684210526315788
1871,19,38,15,1.736842105263158,0.31510416666666663,0.4823763889427201,3.3684210526315788
1872,18,39,15,1.7,0.30729166666666663,0.39999999999999997,3.2
1873,19,42,13,1.736842105263158,0.265625,0.4823763889427201,3.3684210526315788
1874,19,42,13,1.736842105263158,0.2645502645502646,0.5668594533825794,3.3157894736842106
1875,20,40,15,1.7777777777777777,0.296875,0.49690399499995325,3.5555555555555554
1876,19,41,14,1.736842105263158,0.28385416666666663,0.4823763889427201,3.3684210526315788
1877,18,40,14,1.7,0.2890625,0.39999999999999997,3.2
1878,19,39,14,1.736842105263158,0.28645833333333337,0.4823763889427201,3.3684210526315788
1879,19,43,14,1.6842105263157894,0.26455026455026454,0.5668594533825794,3.3157894736842106
1880,18,41,14,1.7,0.2864583333333333,0.39999999999999997,3.2
1882,20,38,14,1.7777777777777777,0.3046875,0.49690399499995325,3.5555555555555554
1883,20,38,14,1.7777777777777777,0.3046875,0.49690399499995325,3.5555555555555554
1884,20,38,14,1.7777777777777777,0.3046875,0.49690399499995325,3.5555555555555554
1885,20,38,14,1.7777777777777777,0.3046875,0.49690399499995325,3.5555555555555554
1886,20,38,14,1.7777777777777777,0.3046875,0.49690399499995325,3.5555555555555554
1887,20,38,14,1.7777777777777777,0.3046875,0.49690399499995325,3.5555555555555554
1888,20,38,14,1.7777777777777777,0.3046875,0.49690399499995325,3.5555555555555554
1889,20,38,14,1.7777777777777777,0.3046875,0.49690399499995325,3.5555555555555554
1890,20,38,14,1.7777777777777777,0.3046875,0.49690399499995325,3.5555555555555554
1891,20,38,14,1.7777777777777777,0.3046875,0.49690399499995325,3.5555555555555554
