Episode,Desafios_sin_equipo,Estudiantes_fuera_preferencias,Estudiantes_primera_prioridad,Promedio_carreras_por_equipo,Satisfaccion_promedio,STD_tamano_equipos,Tamano_promedio_equipo
2,17,56,5,1.7142857142857142,0.09895833333333333,0.21295885499997994,3.0476190476190474
3,18,59,1,1.75,0.046875,0.39999999999999997,3.2
4,18,56,2,1.75,0.0703125,0.39999999999999997,3.2
5,19,60,1,1.7894736842105263,0.03645833333333333,0.4823763889427201,3.3684210526315788
6,17,59,0,1.7142857142857142,0.031249999999999997,0.21295885499997994,3.0476190476190474
7,18,58,0,1.75,0.041666666666666664,0.39999999999999997,3.2
8,18,58,2,1.75,0.05729166666666666,0.39999999999999997,3.2
9,17,58,2,1.7142857142857142,0.05468749999999999,0.21295885499997994,3.0476190476190474
10,18,60,1,1.75,0.033854166666666664,0.39999999999999997,3.2
11,19,57,3,1.7894736842105263,0.07552083333333333,0.4823763889427201,3.3684210526315788
12,18,61,0,1.75,0.015625,0.39999999999999997,3.2
13,17,62,0,1.7142857142857142,0.010416666666666666,0.21295885499997994,3.0476190476190474
14,18,59,2,1.75,0.049479166666666664,0.39999999999999997,3.2
15,18,56,1,1.75,0.0625,0.39999999999999997,3.2
16,18,60,0,1.75,0.028645833333333332,0.39999999999999997,3.2
17,18,59,1,1.7,0.041666666666666664,0.39999999999999997,3.2
18,17,59,1,1.7142857142857142,0.041666666666666664,0.21295885499997994,3.0476190476190474
19,19,62,1,1.7894736842105263,0.020833333333333332,0.48237638894272,3.3684210526315788
20,17,60,2,1.7142857142857142,0.04427083333333333,0.21295885499997994,3.0476190476190474
21,17,59,2,1.7142857142857142,0.05208333333333333,0.21295885499997994,3.0476190476190474
22,19,58,1,1.736842105263158,0.049479166666666664,0.48237638894272,3.3684210526315788
23,18,62,1,1.75,0.020833333333333332,0.39999999999999997,3.2
24,18,63,0,1.75,0.005208333333333333,0.39999999999999997,3.2
25,19,57,2,1.7894736842105263,0.0703125,0.4823763889427201,3.3684210526315788
26,17,60,3,1.7142857142857142,0.0546875,0.21295885499997994,3.0476190476190474
27,19,60,2,1.7894736842105263,0.046875,0.4823763889427201,3.3684210526315788
28,18,59,1,1.75,0.046875,0.39999999999999997,3.2
29,19,62,1,1.7894736842105263,0.020833333333333332,0.4823763889427201,3.3684210526315788
30,19,60,1,1.7894736842105263,0.03645833333333333,0.4823763889427201,3.3684210526315788
31,17,58,2,1.7142857142857142,0.057291666666666664,0.21295885499997994,3.0476190476190474
32,19,60,3,1.736842105263158,0.0546875,0.4823763889427201,3.3684210526315788
33,18,55,2,1.75,0.07812499999999999,0.39999999999999997,3.2
34,18,61,1,1.75,0.028645833333333332,0.39999999999999997,3.2
35,18,59,3,1.75,0.05989583333333333,0.39999999999999997,3.2
36,17,61,0,1.7142857142857142,0.020833333333333332,0.21295885499997994,3.0476190476190474
37,18,60,1,1.75,0.0390625,0.39999999999999997,3.2
38,18,58,3,1.75,0.0703125,0.39999999999999997,3.2
39,19,60,1,1.7894736842105263,0.033854166666666664,0.4823763889427201,3.3684210526315788
40,18,57,1,1.75,0.05729166666666666,0.39999999999999997,3.2
41,18,59,1,1.75,0.041666666666666664,0.39999999999999997,3.2
42,17,58,2,1.7142857142857142,0.057291666666666664,0.21295885499997994,3.0476190476190474
43,18,61,0,1.75,0.020833333333333332,0.39999999999999997,3.2
44,19,61,1,1.7894736842105263,0.03125,0.48237638894272,3.3684210526315788
45,19,56,3,1.7894736842105263,0.07552083333333333,0.4823763889427201,3.3684210526315788
46,18,54,0,1.75,0.0703125,0.39999999999999997,3.2
47,17,59,2,1.7142857142857142,0.05208333333333333,0.21295885499997994,3.0476190476190474
48,19,63,0,1.7894736842105263,0.005208333333333333,0.4823763889427201,3.3684210526315788
49,17,60,2,1.7142857142857142,0.04427083333333333,0.21295885499997994,3.0476190476190474
50,18,55,3,1.75,0.08333333333333334,0.39999999999999997,3.2
51,18,64,0,1.75,0.0,0.39999999999999997,3.2
52,18,61,1,1.75,0.03125,0.39999999999999997,3.2
53,20,58,1,1.8333333333333333,0.046875,0.49690399499995325,3.5555555555555554
54,17,57,3,1.7142857142857142,0.07552083333333333,0.21295885499997994,3.0476190476190474
55,18,56,5,1.75,0.09895833333333333,0.39999999999999997,3.2
56,18,55,1,1.75,0.06770833333333333,0.39999999999999997,3.2
57,19,62,2,1.7894736842105263,0.03125,0.4823763889427201,3.3684210526315788
58,19,61,2,1.7894736842105263,0.036458333333333336,0.4823763889427201,3.3684210526315788
59,18,63,0,1.75,0.005208333333333333,0.39999999999999997,3.2
60,18,57,0,1.75,0.041666666666666664,0.39999999999999997,3.2
61,17,57,3,1.7142857142857142,0.078125,0.21295885499997994,3.0476190476190474
62,18,57,4,1.75,0.08072916666666666,0.39999999999999997,3.2
63,18,60,2,1.75,0.046875,0.39999999999999997,3.2
64,19,64,0,1.7894736842105263,0.0,0.4823763889427201,3.3684210526315788
65,18,58,3,1.75,0.06510416666666667,0.39999999999999997,3.2
66,17,61,2,1.7142857142857142,0.03645833333333333,0.21295885499997994,3.0476190476190474
67,18,57,6,1.75,0.1015625,0.39999999999999997,3.2
68,19,62,0,1.7894736842105263,0.013020833333333332,0.4823763889427201,3.3684210526315788
69,18,57,2,1.75,0.06770833333333333,0.39999999999999997,3.2
70,17,58,3,1.6666666666666667,0.06770833333333333,0.21295885499997994,3.0476190476190474
71,19,58,0,1.7894736842105263,0.03645833333333333,0.4823763889427201,3.3684210526315788
72,17,59,2,1.7142857142857142,0.04947916666666667,0.21295885499997994,3.0476190476190474
73,17,59,0,1.7142857142857142,0.02864583333333333,0.21295885499997994,3.0476190476190474
74,17,61,1,1.6666666666666667,0.026041666666666664,0.21295885499997994,3.0476190476190474
75,19,61,2,1.7894736842105263,0.03645833333333333,0.4823763889427201,3.3684210526315788
76,18,61,2,1.75,0.03645833333333333,0.39999999999999997,3.2
77,19,57,3,1.7894736842105263,0.0703125,0.4823763889427201,3.3684210526315788
78,17,58,2,1.7142857142857142,0.0546875,0.21295885499997994,3.0476190476190474
79,17,59,2,1.7142857142857142,0.049479166666666664,0.21295885499997994,3.0476190476190474
80,18,62,1,1.75,0.0234375,0.39999999999999997,3.2
81,18,57,3,1.75,0.078125,0.39999999999999997,3.2
82,18,60,1,1.75,0.03645833333333333,0.39999999999999997,3.2
83,17,55,2,1.6666666666666667,0.078125,0.21295885499997994,3.0476190476190474
84,18,60,0,1.75,0.0234375,0.39999999999999997,3.2
85,17,58,2,1.7142857142857142,0.05989583333333333,0.21295885499997994,3.0476190476190474
86,17,60,1,1.7142857142857142,0.033854166666666664,0.21295885499997994,3.0476190476190474
87,18,58,1,1.75,0.049479166666666664,0.39999999999999997,3.2
88,19,57,4,1.7894736842105263,0.08072916666666666,0.4823763889427201,3.3684210526315788
89,18,59,0,1.7,0.036458333333333336,0.39999999999999997,3.2
90,18,58,2,1.7,0.05026455026455026,0.47696960070847283,3.15
91,19,60,3,1.7894736842105263,0.05208333333333333,0.4823763889427201,3.3684210526315788
92,18,56,1,1.75,0.0703125,0.39999999999999997,3.2
93,18,58,4,1.75,0.07291666666666666,0.39999999999999997,3.2
94,18,60,1,1.75,0.0390625,0.39999999999999997,3.2
95,18,59,2,1.75,0.049479166666666664,0.39999999999999997,3.2
96,17,58,4,1.7142857142857142,0.07552083333333333,0.21295885499997994,3.0476190476190474
97,17,55,4,1.7142857142857142,0.09635416666666666,0.21295885499997994,3.0476190476190474
98,18,60,2,1.75,0.04427083333333333,0.39999999999999997,3.2
99,19,59,0,1.736842105263158,0.026455026455026454,0.5668594533825794,3.3157894736842106
100,18,57,3,1.75,0.07291666666666666,0.39999999999999997,3.2
101,17,60,2,1.7142857142857142,0.046875,0.21295885499997994,3.0476190476190474
102,17,61,1,1.7142857142857142,0.028645833333333332,0.21295885499997994,3.0476190476190474
103,19,57,3,1.7894736842105263,0.0703125,0.4823763889427201,3.3684210526315788
104,17,58,2,1.7142857142857142,0.0546875,0.21295885499997994,3.0476190476190474
105,19,57,0,1.7894736842105263,0.046875,0.4823763889427201,3.3684210526315788
106,19,53,3,1.7894736842105263,0.10416666666666666,0.4823763889427201,3.3684210526315788
107,19,59,1,1.7894736842105263,0.0390625,0.4823763889427201,3.3684210526315788
108,18,53,0,1.75,0.07291666666666666,0.39999999999999997,3.2
109,17,57,0,1.7142857142857142,0.046875,0.21295885499997996,3.0476190476190474
110,17,59,3,1.7142857142857142,0.05989583333333333,0.21295885499997994,3.0476190476190474
111,18,60,2,1.75,0.04427083333333333,0.39999999999999997,3.2
112,18,61,1,1.75,0.026041666666666664,0.39999999999999997,3.2
113,18,57,2,1.75,0.06510416666666667,0.39999999999999997,3.2
114,18,62,1,1.7,0.020833333333333332,0.39999999999999997,3.2
115,17,62,1,1.7142857142857142,0.0234375,0.21295885499997994,3.0476190476190474
116,18,61,2,1.75,0.03645833333333333,0.39999999999999997,3.2
117,18,62,1,1.75,0.0234375,0.39999999999999997,3.2
118,18,57,2,1.7,0.0625,0.39999999999999997,3.2
119,19,55,1,1.7894736842105263,0.0703125,0.4823763889427201,3.3684210526315788
120,19,59,1,1.7894736842105263,0.044270833333333336,0.4823763889427201,3.3684210526315788
121,18,58,1,1.75,0.049479166666666664,0.39999999999999997,3.2
122,18,55,5,1.75,0.10416666666666666,0.39999999999999997,3.2
123,18,59,2,1.75,0.0546875,0.39999999999999997,3.2
124,17,60,1,1.7142857142857142,0.03645833333333333,0.21295885499997994,3.0476190476190474
125,18,58,1,1.75,0.049479166666666664,0.39999999999999997,3.2
126,18,59,1,1.75,0.04427083333333333,0.39999999999999997,3.2
127,18,55,3,1.75,0.0859375,0.39999999999999997,3.2
128,17,58,1,1.7142857142857142,0.049479166666666664,0.21295885499997996,3.0476190476190474
129,18,61,0,1.75,0.018229166666666664,0.39999999999999997,3.2
130,18,60,1,1.75,0.03645833333333333,0.39999999999999997,3.2
131,18,63,1,1.75,0.015625,0.39999999999999997,3.2
132,19,61,2,1.7894736842105263,0.03645833333333333,0.4823763889427201,3.3684210526315788
133,18,62,0,1.75,0.013020833333333332,0.39999999999999997,3.2
134,19,59,1,1.7894736842105263,0.04427083333333333,0.4823763889427201,3.3684210526315788
135,18,55,3,1.75,0.0859375,0.39999999999999997,3.2
136,19,60,2,1.7894736842105263,0.04427083333333333,0.4823763889427201,3.3684210526315788
137,18,63,0,1.75,0.0078125,0.39999999999999997,3.2
138,18,62,0,1.7,0.007936507936507936,0.47696960070847283,3.15
139,18,57,2,1.75,0.05989583333333333,0.39999999999999997,3.2
140,18,60,1,1.75,0.033854166666666664,0.39999999999999997,3.2
141,18,60,1,1.75,0.03125,0.39999999999999997,3.2
142,18,59,0,1.75,0.031249999999999997,0.39999999999999997,3.2
143,17,59,3,1.7142857142857142,0.057291666666666664,0.21295885499997994,3.0476190476190474
144,18,59,3,1.75,0.057291666666666664,0.39999999999999997,3.2
145,19,58,2,1.7894736842105263,0.057291666666666664,0.4823763889427201,3.3684210526315788
146,18,57,4,1.7,0.08072916666666666,0.39999999999999997,3.2
147,17,56,2,1.7142857142857142,0.07291666666666666,0.21295885499997994,3.0476190476190474
148,17,59,1,1.619047619047619,0.031746031746031744,0.3086066999241838,3.0
149,17,60,3,1.7142857142857142,0.052083333333333336,0.21295885499997994,3.0476190476190474
150,18,60,1,1.75,0.03125,0.39999999999999997,3.2
151,19,53,5,1.7894736842105263,0.1171875,0.4823763889427201,3.3684210526315788
152,18,61,1,1.7,0.028645833333333332,0.39999999999999997,3.2
153,18,59,2,1.75,0.049479166666666664,0.39999999999999997,3.2
154,17,57,3,1.7142857142857142,0.07291666666666666,0.21295885499997994,3.0476190476190474
155,18,57,1,1.75,0.0546875,0.39999999999999997,3.2
156,18,58,4,1.75,0.07291666666666666,0.39999999999999997,3.2
157,19,62,0,1.7894736842105263,0.010416666666666666,0.48237638894272,3.3684210526315788
158,19,60,2,1.7894736842105263,0.04427083333333333,0.4823763889427201,3.3684210526315788
159,18,61,1,1.7,0.023809523809523808,0.47696960070847283,3.15
160,18,58,3,1.75,0.06770833333333334,0.39999999999999997,3.2
161,17,58,1,1.7142857142857142,0.04687499999999999,0.21295885499997994,3.0476190476190474
162,19,60,2,1.7894736842105263,0.046875,0.4823763889427201,3.3684210526315788
163,18,57,4,1.7,0.08333333333333333,0.39999999999999997,3.2
164,18,57,2,1.75,0.06770833333333333,0.39999999999999997,3.2
165,17,60,1,1.7142857142857142,0.0390625,0.21295885499997994,3.0476190476190474
166,18,60,3,1.75,0.052083333333333336,0.39999999999999997,3.2
167,18,57,3,1.75,0.0703125,0.39999999999999997,3.2
168,18,61,1,1.75,0.028645833333333332,0.39999999999999997,3.2
169,17,63,1,1.6666666666666667,0.015625,0.21295885499997994,3.0476190476190474
170,18,60,2,1.75,0.04427083333333333,0.39999999999999997,3.2
171,17,60,1,1.6666666666666667,0.033854166666666664,0.21295885499997994,3.0476190476190474
172,19,64,0,1.7894736842105263,0.0,0.4823763889427201,3.3684210526315788
173,18,57,6,1.75,0.09895833333333333,0.39999999999999997,3.2
174,17,64,0,1.7142857142857142,0.0,0.21295885499997994,3.0476190476190474
175,19,60,3,1.7894736842105263,0.0546875,0.4823763889427201,3.3684210526315788
176,18,57,3,1.75,0.07291666666666666,0.39999999999999997,3.2
177,19,59,2,1.7894736842105263,0.05208333333333333,0.48237638894272,3.3684210526315788
178,19,58,0,1.7894736842105263,0.04427083333333333,0.48237638894272,3.3684210526315788
179,18,61,1,1.7,0.03125,0.39999999999999997,3.2
180,19,58,0,1.7894736842105263,0.0390625,0.4823763889427201,3.3684210526315788
181,18,59,0,1.7,0.0291005291005291,0.47696960070847283,3.15
182,19,57,3,1.7894736842105263,0.07291666666666666,0.48237638894272,3.3684210526315788
183,18,60,3,1.75,0.05208333333333333,0.39999999999999997,3.2
184,17,61,0,1.7142857142857142,0.018229166666666664,0.21295885499997994,3.0476190476190474
185,17,58,2,1.6666666666666667,0.057291666666666664,0.21295885499997994,3.0476190476190474
186,17,59,2,1.7142857142857142,0.05208333333333333,0.21295885499997994,3.0476190476190474
187,18,62,0,1.75,0.010416666666666666,0.39999999999999997,3.2
188,17,59,1,1.7142857142857142,0.041666666666666664,0.21295885499997994,3.0476190476190474
189,18,54,3,1.75,0.09375,0.39999999999999997,3.2
190,18,57,1,1.75,0.057291666666666664,0.39999999999999997,3.2
191,17,61,2,1.7142857142857142,0.0390625,0.21295885499997994,3.0476190476190474
192,17,61,2,1.7142857142857142,0.036458333333333336,0.21295885499997994,3.0476190476190474
193,18,61,0,1.75,0.018229166666666664,0.39999999999999997,3.2
194,17,56,2,1.7142857142857142,0.06510416666666666,0.21295885499997994,3.0476190476190474
195,18,59,1,1.75,0.041666666666666664,0.39999999999999997,3.2
196,18,59,1,1.75,0.041666666666666664,0.39999999999999997,3.2
197,19,60,1,1.7894736842105263,0.03645833333333333,0.48237638894272,3.3684210526315788
198,18,57,3,1.75,0.0703125,0.39999999999999997,3.2
199,18,56,2,1.75,0.0703125,0.39999999999999997,3.2
200,17,57,2,1.6666666666666667,0.06770833333333333,0.21295885499997994,3.0476190476190474
201,19,58,0,1.7894736842105263,0.041666666666666664,0.48237638894272,3.3684210526315788
202,18,61,0,1.75,0.018229166666666664,0.39999999999999997,3.2
203,17,55,3,1.6666666666666667,0.09114583333333333,0.21295885499997994,3.0476190476190474
204,19,62,2,1.7894736842105263,0.03125,0.4823763889427201,3.3684210526315788
205,19,55,6,1.7894736842105263,0.11197916666666666,0.48237638894272,3.3684210526315788
206,17,59,3,1.7142857142857142,0.05989583333333333,0.21295885499997994,3.0476190476190474
207,18,57,4,1.75,0.08333333333333333,0.39999999999999997,3.2
208,18,55,2,1.75,0.0703125,0.39999999999999997,3.2
209,17,58,3,1.7142857142857142,0.06770833333333333,0.21295885499997994,3.0476190476190474
210,19,55,6,1.736842105263158,0.11197916666666666,0.4823763889427201,3.3684210526315788
211,18,56,4,1.7,0.08333333333333333,0.39999999999999997,3.2
212,19,60,1,1.7894736842105263,0.03125,0.4823763889427201,3.3684210526315788
213,20,61,1,1.8333333333333333,0.03125,0.49690399499995325,3.5555555555555554
214,18,60,3,1.75,0.05208333333333333,0.39999999999999997,3.2
215,18,62,0,1.75,0.013020833333333332,0.39999999999999997,3.2
216,17,63,0,1.7142857142857142,0.0078125,0.21295885499997994,3.0476190476190474
217,18,58,3,1.75,0.06510416666666666,0.39999999999999997,3.2
218,17,56,3,1.7142857142857142,0.07291666666666666,0.21295885499997994,3.0476190476190474
219,19,61,0,1.7894736842105263,0.020833333333333332,0.48237638894272,3.3684210526315788
220,19,58,0,1.7894736842105263,0.041666666666666664,0.48237638894272,3.3684210526315788
221,18,59,2,1.75,0.05208333333333333,0.39999999999999997,3.2
222,17,62,0,1.7142857142857142,0.013020833333333332,0.21295885499997994,3.0476190476190474
223,18,57,1,1.7,0.047619047619047616,0.47696960070847283,3.15
224,17,59,1,1.6666666666666667,0.0390625,0.21295885499997994,3.0476190476190474
225,18,57,3,1.75,0.07291666666666666,0.39999999999999997,3.2
226,18,62,2,1.75,0.03125,0.39999999999999997,3.2
227,17,59,2,1.6666666666666667,0.049479166666666664,0.21295885499997994,3.0476190476190474
228,18,61,1,1.75,0.028645833333333332,0.39999999999999997,3.2
229,18,58,3,1.75,0.06510416666666667,0.39999999999999997,3.2
230,18,60,1,1.75,0.033854166666666664,0.39999999999999997,3.2
231,18,63,0,1.75,0.0078125,0.39999999999999997,3.2
232,19,61,2,1.7894736842105263,0.03645833333333333,0.4823763889427201,3.3684210526315788
233,18,57,2,1.75,0.06510416666666666,0.39999999999999997,3.2
234,19,58,1,1.7894736842105263,0.04427083333333333,0.4823763889427201,3.3684210526315788
235,19,54,3,1.7894736842105263,0.09635416666666666,0.48237638894272,3.3684210526315788
236,17,60,3,1.7142857142857142,0.05208333333333333,0.21295885499997994,3.0476190476190474
237,18,62,1,1.7,0.0234375,0.39999999999999997,3.2
238,18,59,3,1.75,0.057291666666666664,0.39999999999999997,3.2
239,17,61,1,1.7142857142857142,0.028645833333333332,0.21295885499997994,3.0476190476190474
240,18,58,2,1.75,0.0546875,0.39999999999999997,3.2
241,18,59,1,1.7,0.03439153439153439,0.47696960070847283,3.15
242,18,59,1,1.75,0.046875,0.39999999999999997,3.2
243,17,61,0,1.7142857142857142,0.018229166666666664,0.21295885499997994,3.0476190476190474
244,19,60,2,1.7894736842105263,0.04427083333333333,0.48237638894272,3.3684210526315788
245,19,59,3,1.7894736842105263,0.05729166666666667,0.48237638894272,3.3684210526315788
246,17,60,1,1.7142857142857142,0.03125,0.21295885499997994,3.0476190476190474
247,18,60,3,1.75,0.052083333333333336,0.39999999999999997,3.2
248,18,56,3,1.75,0.07552083333333333,0.39999999999999997,3.2
249,19,60,1,1.7894736842105263,0.033854166666666664,0.48237638894272,3.3684210526315788
250,17,62,1,1.7142857142857142,0.020833333333333332,0.21295885499997994,3.0476190476190474
251,19,59,3,1.7894736842105263,0.05729166666666666,0.4823763889427201,3.3684210526315788
252,17,58,2,1.7142857142857142,0.0546875,0.21295885499997994,3.0476190476190474
253,17,60,1,1.6666666666666667,0.03125,0.21295885499997994,3.0476190476190474
254,18,60,1,1.75,0.033854166666666664,0.39999999999999997,3.2
255,18,58,3,1.75,0.06770833333333333,0.39999999999999997,3.2
256,19,59,0,1.7894736842105263,0.033854166666666664,0.4823763889427201,3.3684210526315788
257,17,59,2,1.7142857142857142,0.05208333333333333,0.21295885499997994,3.0476190476190474
258,17,59,0,1.6666666666666667,0.023809523809523805,0.3086066999241838,3.0
259,18,58,1,1.75,0.049479166666666664,0.39999999999999997,3.2
260,19,58,1,1.7894736842105263,0.049479166666666664,0.4823763889427201,3.3684210526315788
261,18,57,3,1.75,0.07291666666666666,0.39999999999999997,3.2
262,17,59,1,1.7142857142857142,0.0390625,0.21295885499997994,3.0476190476190474
263,18,60,1,1.75,0.03125,0.39999999999999997,3.2
264,17,62,1,1.7142857142857142,0.0234375,0.21295885499997994,3.0476190476190474
265,18,58,0,1.7,0.0390625,0.39999999999999997,3.2
266,18,59,1,1.75,0.041666666666666664,0.39999999999999997,3.2
267,18,56,4,1.75,0.08593749999999999,0.39999999999999997,3.2
268,19,61,1,1.7894736842105263,0.03125,0.4823763889427201,3.3684210526315788
269,17,60,1,1.6666666666666667,0.03125,0.21295885499997994,3.0476190476190474
270,18,60,3,1.75,0.052083333333333336,0.39999999999999997,3.2
271,17,55,3,1.7142857142857142,0.08333333333333333,0.21295885499997994,3.0476190476190474
272,17,62,1,1.7142857142857142,0.0234375,0.21295885499997994,3.0476190476190474
273,19,62,1,1.7894736842105263,0.020833333333333332,0.48237638894272,3.3684210526315788
274,17,59,3,1.6666666666666667,0.0625,0.21295885499997994,3.0476190476190474
275,18,57,1,1.75,0.0546875,0.39999999999999997,3.2
276,17,61,3,1.7142857142857142,0.046875,0.21295885499997994,3.0476190476190474
277,18,53,5,1.7,0.1111111111111111,0.47696960070847283,3.15
278,18,55,4,1.75,0.09895833333333333,0.39999999999999997,3.2
279,17,60,0,1.7142857142857142,0.028645833333333332,0.21295885499997994,3.0476190476190474
280,17,59,2,1.7142857142857142,0.05208333333333333,0.21295885499997994,3.0476190476190474
281,18,58,3,1.75,0.06510416666666666,0.39999999999999997,3.2
282,18,61,0,1.75,0.018229166666666664,0.39999999999999997,3.2
283,18,60,2,1.75,0.044270833333333336,0.39999999999999997,3.2
284,17,62,0,1.7142857142857142,0.010416666666666666,0.21295885499997994,3.0476190476190474
285,19,60,0,1.7894736842105263,0.0234375,0.48237638894272,3.3684210526315788
286,17,57,1,1.7142857142857142,0.05468749999999999,0.21295885499997994,3.0476190476190474
287,18,59,3,1.75,0.059895833333333336,0.39999999999999997,3.2
288,18,59,2,1.75,0.049479166666666664,0.39999999999999997,3.2
289,18,57,3,1.75,0.0703125,0.39999999999999997,3.2
290,18,59,2,1.75,0.05208333333333333,0.39999999999999997,3.2
291,18,59,4,1.75,0.0703125,0.39999999999999997,3.2
292,17,58,2,1.7142857142857142,0.0546875,0.21295885499997994,3.0476190476190474
293,18,56,2,1.75,0.06249999999999999,0.39999999999999997,3.2
294,18,58,4,1.75,0.07552083333333333,0.39999999999999997,3.2
295,18,59,0,1.75,0.033854166666666664,0.39999999999999997,3.2
296,17,58,2,1.7142857142857142,0.0546875,0.21295885499997994,3.0476190476190474
297,18,59,2,1.75,0.046875,0.39999999999999997,3.2
298,18,60,0,1.75,0.026041666666666664,0.39999999999999997,3.2
299,17,60,1,1.6666666666666667,0.033854166666666664,0.21295885499997994,3.0476190476190474
300,18,58,2,1.75,0.05989583333333333,0.39999999999999997,3.2
301,18,58,3,1.75,0.06510416666666666,0.39999999999999997,3.2
302,18,58,4,1.75,0.07552083333333333,0.39999999999999997,3.2
303,18,59,0,1.75,0.03645833333333333,0.39999999999999997,3.2
304,18,58,1,1.75,0.049479166666666664,0.39999999999999997,3.2
305,18,59,1,1.75,0.041666666666666664,0.39999999999999997,3.2
306,18,59,3,1.75,0.057291666666666664,0.39999999999999997,3.2
307,18,61,0,1.75,0.018229166666666664,0.39999999999999997,3.2
308,17,57,2,1.7142857142857142,0.05729166666666666,0.21295885499997994,3.0476190476190474
309,18,56,2,1.75,0.07291666666666666,0.39999999999999997,3.2
310,17,59,1,1.7142857142857142,0.04427083333333333,0.21295885499997994,3.0476190476190474
311,19,61,2,1.7894736842105263,0.0390625,0.4823763889427201,3.3684210526315788
312,19,57,5,1.7894736842105263,0.09114583333333333,0.4823763889427201,3.3684210526315788
313,18,60,1,1.75,0.033854166666666664,0.39999999999999997,3.2
314,18,59,3,1.75,0.0625,0.39999999999999997,3.2
315,18,57,3,1.75,0.0703125,0.39999999999999997,3.2
316,18,59,2,1.75,0.049479166666666664,0.39999999999999997,3.2
317,18,59,1,1.75,0.046875,0.39999999999999997,3.2
318,17,59,0,1.7142857142857142,0.033854166666666664,0.21295885499997994,3.0476190476190474
319,17,60,1,1.7142857142857142,0.03645833333333333,0.21295885499997994,3.0476190476190474
320,18,57,0,1.75,0.046875,0.39999999999999997,3.2
321,18,58,0,1.75,0.0390625,0.39999999999999997,3.2
322,18,56,1,1.75,0.05989583333333333,0.39999999999999997,3.2
323,18,58,1,1.75,0.046875,0.39999999999999997,3.2
324,18,62,2,1.75,0.03125,0.39999999999999997,3.2
325,18,57,0,1.75,0.049479166666666664,0.39999999999999997,3.2
326,18,61,0,1.75,0.0234375,0.39999999999999997,3.2
327,18,59,3,1.75,0.05729166666666666,0.39999999999999997,3.2
328,19,59,2,1.7894736842105263,0.05208333333333333,0.48237638894272,3.3684210526315788
329,18,58,1,1.75,0.05208333333333333,0.39999999999999997,3.2
330,19,61,1,1.7894736842105263,0.028645833333333332,0.48237638894272,3.3684210526315788
331,18,62,2,1.75,0.03125,0.39999999999999997,3.2
332,17,59,1,1.7142857142857142,0.0390625,0.21295885499997994,3.0476190476190474
333,17,62,1,1.6666666666666667,0.015873015873015872,0.3086066999241838,3.0
334,17,61,0,1.7142857142857142,0.018229166666666664,0.21295885499997994,3.0476190476190474
335,18,60,1,1.75,0.033854166666666664,0.39999999999999997,3.2
336,17,58,2,1.7142857142857142,0.05468749999999999,0.21295885499997994,3.0476190476190474
337,17,59,3,1.7142857142857142,0.05989583333333333,0.21295885499997994,3.0476190476190474
338,17,59,3,1.7142857142857142,0.05989583333333333,0.21295885499997994,3.0476190476190474
339,18,59,1,1.75,0.04427083333333333,0.39999999999999997,3.2
340,18,62,2,1.75,0.03125,0.39999999999999997,3.2
341,18,58,3,1.75,0.06770833333333333,0.39999999999999997,3.2
342,17,60,2,1.7142857142857142,0.046875,0.21295885499997994,3.0476190476190474
343,17,58,2,1.7142857142857142,0.059895833333333336,0.21295885499997994,3.0476190476190474
344,17,59,1,1.7142857142857142,0.041666666666666664,0.21295885499997994,3.0476190476190474
345,19,52,4,1.7894736842105263,0.11458333333333331,0.4823763889427201,3.3684210526315788
346,19,62,1,1.7894736842105263,0.020833333333333332,0.4823763889427201,3.3684210526315788
347,19,61,2,1.7894736842105263,0.03645833333333333,0.4823763889427201,3.3684210526315788
348,17,56,3,1.7142857142857142,0.08072916666666666,0.21295885499997994,3.0476190476190474
349,18,59,2,1.75,0.049479166666666664,0.39999999999999997,3.2
350,17,59,3,1.7142857142857142,0.0625,0.21295885499997994,3.0476190476190474
351,18,62,0,1.75,0.015625,0.39999999999999997,3.2
352,19,60,1,1.736842105263158,0.03645833333333333,0.4823763889427201,3.3684210526315788
353,17,57,3,1.7142857142857142,0.078125,0.21295885499997994,3.0476190476190474
354,17,60,2,1.7142857142857142,0.04427083333333333,0.21295885499997994,3.0476190476190474
355,17,57,0,1.7142857142857142,0.049479166666666664,0.21295885499997994,3.0476190476190474
356,18,60,1,1.75,0.0390625,0.39999999999999997,3.2
357,18,60,1,1.7,0.033854166666666664,0.39999999999999997,3.2
358,18,60,0,1.75,0.0234375,0.39999999999999997,3.2
359,18,58,3,1.75,0.06510416666666666,0.39999999999999997,3.2
360,18,60,2,1.75,0.041666666666666664,0.39999999999999997,3.2
361,18,57,3,1.7,0.07552083333333333,0.39999999999999997,3.2
362,18,57,4,1.75,0.0859375,0.39999999999999997,3.2
363,17,60,0,1.7142857142857142,0.026041666666666664,0.21295885499997994,3.0476190476190474
364,19,55,3,1.736842105263158,0.08465608465608465,0.5668594533825794,3.3157894736842106
365,18,56,2,1.75,0.0703125,0.39999999999999997,3.2
366,18,59,2,1.75,0.049479166666666664,0.39999999999999997,3.2
367,18,56,3,1.75,0.08333333333333333,0.39999999999999997,3.2
368,18,59,2,1.75,0.046875,0.39999999999999997,3.2
369,17,58,2,1.7142857142857142,0.05729166666666667,0.21295885499997994,3.0476190476190474
370,17,59,3,1.7142857142857142,0.05989583333333333,0.21295885499997994,3.0476190476190474
371,18,58,1,1.7,0.042328042328042326,0.47696960070847283,3.15
372,17,55,3,1.7142857142857142,0.08072916666666667,0.21295885499997994,3.0476190476190474
373,17,61,1,1.7142857142857142,0.026041666666666664,0.21295885499997994,3.0476190476190474
374,17,56,3,1.7142857142857142,0.08333333333333333,0.21295885499997994,3.0476190476190474
375,20,61,0,1.8333333333333333,0.018229166666666664,0.49690399499995325,3.5555555555555554
376,18,59,1,1.75,0.041666666666666664,0.39999999999999997,3.2
377,17,63,0,1.6666666666666667,0.0078125,0.21295885499997994,3.0476190476190474
378,18,58,1,1.75,0.046875,0.39999999999999997,3.2
379,18,55,4,1.75,0.08854166666666666,0.39999999999999997,3.2
380,17,63,1,1.7142857142857142,0.015625,0.21295885499997994,3.0476190476190474
381,18,56,4,1.75,0.08854166666666666,0.39999999999999997,3.2
382,17,59,2,1.7142857142857142,0.05208333333333333,0.21295885499997994,3.0476190476190474
383,18,55,3,1.75,0.0859375,0.39999999999999997,3.2
384,18,56,2,1.75,0.06770833333333333,0.39999999999999997,3.2
385,17,61,0,1.7142857142857142,0.020833333333333332,0.21295885499997994,3.0476190476190474
386,19,58,1,1.7894736842105263,0.0546875,0.4823763889427201,3.3684210526315788
387,18,55,4,1.75,0.1015625,0.39999999999999997,3.2
388,18,61,0,1.75,0.020833333333333332,0.39999999999999997,3.2
389,18,61,2,1.75,0.03645833333333333,0.39999999999999997,3.2
390,18,62,0,1.75,0.013020833333333332,0.39999999999999997,3.2
391,18,60,1,1.75,0.03645833333333333,0.39999999999999997,3.2
392,18,59,1,1.75,0.041666666666666664,0.39999999999999997,3.2
393,18,55,5,1.75,0.1015625,0.39999999999999997,3.2
394,18,61,2,1.75,0.03645833333333333,0.39999999999999997,3.2
395,17,59,3,1.7142857142857142,0.05989583333333333,0.21295885499997994,3.0476190476190474
396,18,62,1,1.75,0.0234375,0.39999999999999997,3.2
397,18,60,0,1.75,0.023437499999999997,0.39999999999999997,3.2
398,18,60,1,1.75,0.0390625,0.39999999999999997,3.2
399,18,60,1,1.75,0.033854166666666664,0.39999999999999997,3.2
400,18,60,2,1.75,0.04427083333333333,0.39999999999999997,3.2
401,17,56,3,1.7142857142857142,0.08072916666666666,0.21295885499997994,3.0476190476190474
402,19,62,1,1.7894736842105263,0.0234375,0.4823763889427201,3.3684210526315788
403,19,58,3,1.7894736842105263,0.06510416666666666,0.4823763889427201,3.3684210526315788
404,17,59,1,1.7142857142857142,0.041666666666666664,0.21295885499997994,3.0476190476190474
405,18,56,2,1.75,0.07291666666666666,0.39999999999999997,3.2
406,17,59,1,1.7142857142857142,0.041666666666666664,0.21295885499997994,3.0476190476190474
407,17,59,1,1.7142857142857142,0.0390625,0.21295885499997994,3.0476190476190474
408,18,59,3,1.75,0.057291666666666664,0.39999999999999997,3.2
409,19,60,2,1.7894736842105263,0.046875,0.48237638894272,3.3684210526315788
410,18,59,0,1.75,0.028645833333333332,0.39999999999999997,3.2
411,19,62,1,1.7894736842105263,0.020833333333333332,0.4823763889427201,3.3684210526315788
412,18,55,3,1.75,0.0859375,0.39999999999999997,3.2
413,18,58,3,1.75,0.06510416666666666,0.39999999999999997,3.2
414,17,61,2,1.7142857142857142,0.0390625,0.21295885499997994,3.0476190476190474
415,18,60,3,1.75,0.0546875,0.39999999999999997,3.2
416,19,58,2,1.736842105263158,0.0546875,0.4823763889427201,3.3684210526315788
417,17,60,3,1.7142857142857142,0.05208333333333333,0.21295885499997994,3.0476190476190474
418,18,58,2,1.75,0.057291666666666664,0.39999999999999997,3.2
419,19,59,0,1.736842105263158,0.031249999999999997,0.4823763889427201,3.3684210526315788
420,18,61,1,1.75,0.026041666666666664,0.39999999999999997,3.2
421,18,60,0,1.75,0.028645833333333332,0.39999999999999997,3.2
422,17,61,1,1.7142857142857142,0.026041666666666664,0.21295885499997994,3.0476190476190474
423,18,56,4,1.75,0.08854166666666666,0.39999999999999997,3.2
424,19,55,3,1.7894736842105263,0.08072916666666666,0.4823763889427201,3.3684210526315788
425,18,61,1,1.75,0.028645833333333332,0.39999999999999997,3.2
426,18,60,1,1.75,0.0390625,0.39999999999999997,3.2
427,17,57,3,1.6666666666666667,0.078125,0.21295885499997994,3.0476190476190474
428,18,57,2,1.75,0.05989583333333333,0.39999999999999997,3.2
429,18,60,1,1.75,0.03645833333333333,0.39999999999999997,3.2
430,17,59,1,1.7142857142857142,0.041666666666666664,0.21295885499997994,3.0476190476190474
431,17,62,0,1.7142857142857142,0.013020833333333332,0.21295885499997994,3.0476190476190474
432,18,60,3,1.75,0.05208333333333333,0.39999999999999997,3.2
433,17,64,0,1.7142857142857142,0.0,0.21295885499997994,3.0476190476190474
434,18,59,0,1.7,0.033854166666666664,0.39999999999999997,3.2
435,17,56,1,1.7142857142857142,0.05989583333333333,0.21295885499997994,3.0476190476190474
436,17,61,1,1.7142857142857142,0.028645833333333332,0.21295885499997994,3.0476190476190474
437,17,57,3,1.7142857142857142,0.07291666666666666,0.21295885499997994,3.0476190476190474
438,17,61,0,1.7142857142857142,0.018229166666666664,0.21295885499997994,3.0476190476190474
439,18,59,2,1.75,0.04947916666666667,0.39999999999999997,3.2
440,17,59,3,1.7142857142857142,0.05989583333333333,0.21295885499997994,3.0476190476190474
441,18,62,0,1.7,0.007936507936507936,0.47696960070847283,3.15
442,18,58,2,1.75,0.0546875,0.39999999999999997,3.2
443,18,57,2,1.75,0.0625,0.39999999999999997,3.2
444,18,60,1,1.75,0.033854166666666664,0.39999999999999997,3.2
445,19,59,4,1.7894736842105263,0.0703125,0.48237638894272,3.3684210526315788
446,17,62,0,1.7142857142857142,0.015625,0.21295885499997994,3.0476190476190474
447,18,58,1,1.75,0.049479166666666664,0.39999999999999997,3.2
448,17,61,1,1.7142857142857142,0.028645833333333332,0.21295885499997994,3.0476190476190474
449,19,52,5,1.736842105263158,0.12169312169312169,0.5668594533825794,3.3157894736842106
450,19,62,0,1.7894736842105263,0.013020833333333332,0.4823763889427201,3.3684210526315788
451,18,58,3,1.75,0.0703125,0.39999999999999997,3.2
452,18,61,2,1.75,0.0390625,0.39999999999999997,3.2
453,19,56,5,1.7894736842105263,0.09895833333333333,0.48237638894272,3.3684210526315788
454,19,55,4,1.7894736842105263,0.09635416666666666,0.4823763889427201,3.3684210526315788
455,18,60,3,1.75,0.052083333333333336,0.39999999999999997,3.2
456,17,56,1,1.7142857142857142,0.06510416666666666,0.21295885499997994,3.0476190476190474
457,17,60,1,1.7142857142857142,0.031249999999999997,0.21295885499997994,3.0476190476190474
458,17,60,2,1.7142857142857142,0.046875,0.21295885499997994,3.0476190476190474
459,18,57,5,1.75,0.08854166666666666,0.39999999999999997,3.2
460,19,59,0,1.7894736842105263,0.03645833333333333,0.48237638894272,3.3684210526315788
461,17,61,1,1.7142857142857142,0.026041666666666664,0.21295885499997994,3.0476190476190474
462,19,56,2,1.7894736842105263,0.06770833333333333,0.4823763889427201,3.3684210526315788
463,19,63,1,1.7894736842105263,0.015625,0.4823763889427201,3.3684210526315788
464,17,61,0,1.7142857142857142,0.018229166666666664,0.21295885499997994,3.0476190476190474
465,18,59,1,1.75,0.041666666666666664,0.39999999999999997,3.2
466,19,58,2,1.7894736842105263,0.0546875,0.4823763889427201,3.3684210526315788
467,18,61,1,1.75,0.026041666666666664,0.39999999999999997,3.2
468,18,61,1,1.75,0.026041666666666664,0.39999999999999997,3.2
469,18,58,2,1.75,0.0546875,0.39999999999999997,3.2
470,18,59,1,1.75,0.04427083333333333,0.39999999999999997,3.2
471,18,60,3,1.75,0.05208333333333333,0.39999999999999997,3.2
472,18,62,1,1.75,0.020833333333333332,0.39999999999999997,3.2
473,18,61,1,1.75,0.026041666666666664,0.39999999999999997,3.2
474,19,57,1,1.7894736842105263,0.0546875,0.4823763889427201,3.3684210526315788
475,17,62,2,1.7142857142857142,0.03125,0.21295885499997994,3.0476190476190474
476,17,61,0,1.7142857142857142,0.018229166666666664,0.21295885499997994,3.0476190476190474
477,18,61,0,1.7,0.015625,0.39999999999999997,3.2
478,18,59,2,1.75,0.049479166666666664,0.39999999999999997,3.2
479,19,56,4,1.7894736842105263,0.08593749999999999,0.4823763889427201,3.3684210526315788
480,18,59,3,1.75,0.0625,0.39999999999999997,3.2
481,18,59,2,1.75,0.04947916666666667,0.39999999999999997,3.2
482,18,59,1,1.75,0.0390625,0.39999999999999997,3.2
483,19,58,2,1.736842105263158,0.05729166666666666,0.4823763889427201,3.3684210526315788
484,17,62,1,1.7142857142857142,0.0234375,0.21295885499997994,3.0476190476190474
485,17,60,2,1.7142857142857142,0.04427083333333333,0.21295885499997994,3.0476190476190474
486,18,63,0,1.75,0.0078125,0.39999999999999997,3.2
487,18,60,0,1.75,0.026041666666666664,0.39999999999999997,3.2
488,17,63,0,1.7142857142857142,0.005208333333333333,0.21295885499997994,3.0476190476190474
489,19,61,1,1.7894736842105263,0.028645833333333332,0.4823763889427201,3.3684210526315788
490,18,60,1,1.65,0.03645833333333333,0.39999999999999997,3.2
491,18,59,1,1.75,0.0390625,0.39999999999999997,3.2
492,17,60,0,1.7142857142857142,0.0234375,0.21295885499997994,3.0476190476190474
493,18,58,1,1.7,0.05208333333333333,0.39999999999999997,3.2
494,18,60,1,1.75,0.03645833333333333,0.39999999999999997,3.2
495,19,61,0,1.7894736842105263,0.0234375,0.4823763889427201,3.3684210526315788
496,18,55,3,1.75,0.0859375,0.39999999999999997,3.2
497,19,58,1,1.7894736842105263,0.044270833333333336,0.48237638894272,3.3684210526315788
498,18,61,2,1.75,0.0390625,0.39999999999999997,3.2
499,19,59,2,1.7894736842105263,0.046875,0.4823763889427201,3.3684210526315788
500,17,56,4,1.7142857142857142,0.0859375,0.21295885499997994,3.0476190476190474
501,19,61,2,1.7894736842105263,0.03645833333333333,0.4823763889427201,3.3684210526315788
502,18,61,0,1.75,0.020833333333333332,0.39999999999999997,3.2
503,18,55,2,1.75,0.0703125,0.39999999999999997,3.2
504,18,59,2,1.75,0.05208333333333333,0.39999999999999997,3.2
505,18,59,0,1.75,0.033854166666666664,0.39999999999999997,3.2
506,18,62,1,1.75,0.0234375,0.39999999999999997,3.2
507,20,61,2,1.8333333333333333,0.0390625,0.49690399499995325,3.5555555555555554
508,17,59,1,1.6666666666666667,0.036458333333333336,0.21295885499997994,3.0476190476190474
509,18,57,4,1.75,0.0859375,0.39999999999999997,3.2
510,18,61,2,1.75,0.036458333333333336,0.39999999999999997,3.2
511,17,59,1,1.7142857142857142,0.041666666666666664,0.21295885499997994,3.0476190476190474
512,18,60,0,1.75,0.026041666666666664,0.39999999999999997,3.2
513,19,62,0,1.7894736842105263,0.013020833333333332,0.4823763889427201,3.3684210526315788
514,17,61,0,1.7142857142857142,0.020833333333333332,0.21295885499997994,3.0476190476190474
515,18,60,2,1.75,0.046875,0.39999999999999997,3.2
516,18,59,1,1.75,0.0390625,0.39999999999999997,3.2
517,18,56,2,1.75,0.07291666666666666,0.39999999999999997,3.2
518,18,56,6,1.75,0.10677083333333333,0.39999999999999997,3.2
519,18,58,2,1.7,0.05291005291005291,0.47696960070847283,3.15
520,18,61,1,1.75,0.026041666666666664,0.39999999999999997,3.2
521,17,60,0,1.7142857142857142,0.0234375,0.21295885499997994,3.0476190476190474
522,18,61,1,1.75,0.026041666666666664,0.39999999999999997,3.2
523,19,58,2,1.7894736842105263,0.05989583333333333,0.4823763889427201,3.3684210526315788
524,17,59,2,1.7142857142857142,0.046875,0.21295885499997994,3.0476190476190474
525,18,59,3,1.75,0.05989583333333333,0.39999999999999997,3.2
526,18,59,2,1.75,0.049479166666666664,0.39999999999999997,3.2
527,18,58,5,1.75,0.08333333333333333,0.39999999999999997,3.2
528,19,62,1,1.7894736842105263,0.020833333333333332,0.4823763889427201,3.3684210526315788
529,18,59,1,1.75,0.04427083333333333,0.39999999999999997,3.2
530,18,57,2,1.75,0.06510416666666667,0.39999999999999997,3.2
531,19,57,1,1.7894736842105263,0.05729166666666666,0.4823763889427201,3.3684210526315788
532,19,60,2,1.7894736842105263,0.044270833333333336,0.4823763889427201,3.3684210526315788
533,19,60,1,1.7894736842105263,0.033854166666666664,0.4823763889427201,3.3684210526315788
534,17,60,1,1.6666666666666667,0.0390625,0.21295885499997994,3.0476190476190474
535,19,59,0,1.7894736842105263,0.033854166666666664,0.48237638894272,3.3684210526315788
536,18,56,3,1.75,0.0859375,0.39999999999999997,3.2
537,18,61,0,1.75,0.018229166666666664,0.39999999999999997,3.2
538,17,63,0,1.7142857142857142,0.0078125,0.21295885499997994,3.0476190476190474
539,18,60,2,1.75,0.04166666666666667,0.39999999999999997,3.2
540,17,54,3,1.7142857142857142,0.09375,0.21295885499997994,3.0476190476190474
541,17,63,0,1.6666666666666667,0.005208333333333333,0.21295885499997994,3.0476190476190474
542,17,57,3,1.7142857142857142,0.0703125,0.21295885499997994,3.0476190476190474
543,18,59,2,1.75,0.049479166666666664,0.39999999999999997,3.2
544,17,60,1,1.7142857142857142,0.03645833333333333,0.21295885499997994,3.0476190476190474
545,17,59,2,1.7142857142857142,0.04687499999999999,0.21295885499997994,3.0476190476190474
546,18,59,1,1.75,0.04427083333333333,0.39999999999999997,3.2
547,17,62,1,1.7142857142857142,0.020833333333333332,0.21295885499997994,3.0476190476190474
548,18,61,1,1.75,0.03125,0.39999999999999997,3.2
549,18,61,1,1.75,0.028645833333333332,0.39999999999999997,3.2
550,18,60,1,1.75,0.0390625,0.39999999999999997,3.2
551,17,54,2,1.7142857142857142,0.0859375,0.21295885499997994,3.0476190476190474
552,19,60,1,1.7894736842105263,0.033854166666666664,0.4823763889427201,3.3684210526315788
553,18,60,0,1.75,0.028645833333333332,0.39999999999999997,3.2
554,18,57,3,1.75,0.07291666666666666,0.39999999999999997,3.2
555,17,61,1,1.7142857142857142,0.028645833333333332,0.21295885499997994,3.0476190476190474
556,18,57,1,1.75,0.05989583333333333,0.39999999999999997,3.2
557,19,57,2,1.7894736842105263,0.06770833333333333,0.4823763889427201,3.3684210526315788
558,19,61,1,1.7894736842105263,0.028645833333333332,0.4823763889427201,3.3684210526315788
559,17,59,2,1.7142857142857142,0.052083333333333336,0.21295885499997994,3.0476190476190474
560,20,60,2,1.8333333333333333,0.04427083333333333,0.49690399499995325,3.5555555555555554
561,17,63,1,1.7142857142857142,0.015625,0.21295885499997994,3.0476190476190474
562,18,60,1,1.75,0.033854166666666664,0.39999999999999997,3.2
563,19,62,0,1.7894736842105263,0.013020833333333332,0.4823763889427201,3.3684210526315788
564,19,58,1,1.7894736842105263,0.05208333333333333,0.4823763889427201,3.3684210526315788
565,19,60,2,1.7894736842105263,0.04427083333333333,0.4823763889427201,3.3684210526315788
566,18,59,3,1.7,0.057291666666666664,0.39999999999999997,3.2
567,18,61,1,1.75,0.028645833333333332,0.39999999999999997,3.2
568,17,54,3,1.7142857142857142,0.09374999999999999,0.21295885499997994,3.0476190476190474
569,18,59,2,1.75,0.05208333333333333,0.39999999999999997,3.2
570,17,59,2,1.7142857142857142,0.05208333333333333,0.21295885499997994,3.0476190476190474
571,18,59,1,1.75,0.04427083333333333,0.39999999999999997,3.2
572,18,57,2,1.75,0.0703125,0.39999999999999997,3.2
573,17,60,1,1.6666666666666667,0.03645833333333333,0.21295885499997994,3.0476190476190474
574,18,57,3,1.75,0.07291666666666667,0.39999999999999997,3.2
575,17,61,2,1.7142857142857142,0.03645833333333333,0.21295885499997994,3.0476190476190474
576,18,60,1,1.75,0.03645833333333333,0.39999999999999997,3.2
577,18,61,0,1.75,0.020833333333333332,0.39999999999999997,3.2
578,19,60,2,1.7894736842105263,0.041666666666666664,0.4823763889427201,3.3684210526315788
579,18,60,0,1.7,0.021164021164021163,0.47696960070847283,3.15
580,18,61,2,1.75,0.0390625,0.39999999999999997,3.2
581,17,60,1,1.7142857142857142,0.0390625,0.21295885499997994,3.0476190476190474
582,17,58,3,1.6666666666666667,0.06770833333333334,0.21295885499997994,3.0476190476190474
583,18,61,1,1.75,0.028645833333333332,0.39999999999999997,3.2
584,18,63,0,1.75,0.005208333333333333,0.39999999999999997,3.2
585,17,63,0,1.7142857142857142,0.005208333333333333,0.21295885499997994,3.0476190476190474
586,17,61,1,1.7142857142857142,0.03125,0.21295885499997994,3.0476190476190474
587,18,55,2,1.7,0.07552083333333333,0.39999999999999997,3.2
588,17,59,4,1.7142857142857142,0.06770833333333333,0.21295885499997994,3.0476190476190474
589,18,59,2,1.75,0.05208333333333333,0.39999999999999997,3.2
590,17,59,1,1.7142857142857142,0.046875,0.21295885499997994,3.0476190476190474
591,18,57,3,1.75,0.07291666666666666,0.39999999999999997,3.2
592,17,60,1,1.7142857142857142,0.033854166666666664,0.21295885499997994,3.0476190476190474
593,17,62,1,1.7142857142857142,0.0234375,0.21295885499997994,3.0476190476190474
594,18,57,1,1.75,0.049479166666666664,0.39999999999999997,3.2
595,17,59,2,1.6666666666666667,0.04232804232804233,0.3086066999241838,3.0
596,18,62,2,1.75,0.03125,0.39999999999999997,3.2
597,19,59,3,1.7894736842105263,0.0625,0.4823763889427201,3.3684210526315788
598,17,61,1,1.7142857142857142,0.028645833333333332,0.21295885499997994,3.0476190476190474
599,17,55,4,1.7142857142857142,0.09635416666666666,0.21295885499997994,3.0476190476190474
600,17,63,0,1.6666666666666667,0.005208333333333333,0.21295885499997994,3.0476190476190474
601,19,61,1,1.7894736842105263,0.026041666666666664,0.4823763889427201,3.3684210526315788
602,18,58,3,1.75,0.06770833333333334,0.39999999999999997,3.2
603,18,59,1,1.75,0.041666666666666664,0.39999999999999997,3.2
604,18,56,5,1.75,0.09375,0.39999999999999997,3.2
605,19,56,4,1.7894736842105263,0.08854166666666666,0.48237638894272,3.3684210526315788
606,18,57,2,1.75,0.06770833333333333,0.39999999999999997,3.2
607,18,59,2,1.75,0.05208333333333333,0.39999999999999997,3.2
608,18,62,1,1.75,0.020833333333333332,0.39999999999999997,3.2
609,17,60,2,1.7142857142857142,0.046875,0.21295885499997994,3.0476190476190474
610,17,60,2,1.7142857142857142,0.041666666666666664,0.21295885499997994,3.0476190476190474
611,20,61,2,1.8333333333333333,0.036458333333333336,0.49690399499995325,3.5555555555555554
612,19,60,2,1.7894736842105263,0.04427083333333333,0.4823763889427201,3.3684210526315788
613,18,57,1,1.75,0.04687499999999999,0.39999999999999997,3.2
614,17,59,1,1.7142857142857142,0.04427083333333333,0.21295885499997994,3.0476190476190474
615,17,60,1,1.7142857142857142,0.036458333333333336,0.21295885499997994,3.0476190476190474
616,18,61,1,1.7,0.026041666666666664,0.39999999999999997,3.2
617,17,57,2,1.7142857142857142,0.05989583333333333,0.21295885499997994,3.0476190476190474
618,18,61,2,1.75,0.036458333333333336,0.39999999999999997,3.2
619,18,59,1,1.7,0.03439153439153439,0.47696960070847283,3.15
620,17,59,3,1.7142857142857142,0.05989583333333333,0.21295885499997994,3.0476190476190474
621,19,61,2,1.736842105263158,0.036458333333333336,0.48237638894272,3.3684210526315788
622,18,60,2,1.75,0.046875,0.39999999999999997,3.2
623,19,58,2,1.7894736842105263,0.05989583333333333,0.4823763889427201,3.3684210526315788
624,17,60,1,1.7142857142857142,0.03645833333333333,0.21295885499997994,3.0476190476190474
625,17,62,0,1.7142857142857142,0.013020833333333332,0.21295885499997994,3.0476190476190474
626,17,59,2,1.7142857142857142,0.0546875,0.21295885499997994,3.0476190476190474
627,17,57,3,1.7142857142857142,0.07552083333333333,0.21295885499997994,3.0476190476190474
628,17,59,4,1.7142857142857142,0.0703125,0.21295885499997994,3.0476190476190474
629,18,58,0,1.75,0.0390625,0.39999999999999997,3.2
630,17,55,2,1.6666666666666667,0.0859375,0.21295885499997994,3.0476190476190474
631,18,62,1,1.7,0.020833333333333332,0.39999999999999997,3.2
632,19,58,3,1.7894736842105263,0.06510416666666667,0.4823763889427201,3.3684210526315788
633,18,55,4,1.75,0.09114583333333333,0.39999999999999997,3.2
634,17,56,5,1.7142857142857142,0.09374999999999999,0.21295885499997994,3.0476190476190474
635,17,59,3,1.7142857142857142,0.057291666666666664,0.21295885499997996,3.0476190476190474
636,19,60,3,1.7894736842105263,0.0546875,0.48237638894272,3.3684210526315788
637,17,61,1,1.7142857142857142,0.03125,0.21295885499997994,3.0476190476190474
638,18,60,1,1.75,0.033854166666666664,0.39999999999999997,3.2
639,18,54,6,1.75,0.12239583333333333,0.39999999999999997,3.2
640,18,60,4,1.75,0.0625,0.39999999999999997,3.2
641,17,59,2,1.7142857142857142,0.04947916666666666,0.21295885499997994,3.0476190476190474
642,17,62,0,1.7142857142857142,0.015625,0.21295885499997994,3.0476190476190474
643,19,55,3,1.7894736842105263,0.09375,0.48237638894272,3.3684210526315788
644,19,60,1,1.7894736842105263,0.033854166666666664,0.4823763889427201,3.3684210526315788
645,18,57,4,1.75,0.078125,0.39999999999999997,3.2
646,18,56,2,1.75,0.06770833333333333,0.39999999999999997,3.2
647,17,59,2,1.7142857142857142,0.049479166666666664,0.21295885499997994,3.0476190476190474
648,18,60,2,1.7,0.04427083333333333,0.39999999999999997,3.2
649,19,58,1,1.7894736842105263,0.049479166666666664,0.4823763889427201,3.3684210526315788
650,18,58,1,1.75,0.046875,0.39999999999999997,3.2
651,18,59,2,1.75,0.0546875,0.39999999999999997,3.2
652,17,55,2,1.7142857142857142,0.07552083333333333,0.21295885499997994,3.0476190476190474
653,19,59,3,1.7894736842105263,0.0625,0.4823763889427201,3.3684210526315788
654,19,59,3,1.7894736842105263,0.057291666666666664,0.4823763889427201,3.3684210526315788
655,18,56,3,1.75,0.07812499999999999,0.39999999999999997,3.2
656,17,58,1,1.7142857142857142,0.049479166666666664,0.21295885499997994,3.0476190476190474
657,18,62,2,1.75,0.03125,0.39999999999999997,3.2
658,18,55,3,1.75,0.0859375,0.39999999999999997,3.2
659,19,59,1,1.7894736842105263,0.04427083333333333,0.4823763889427201,3.3684210526315788
660,17,58,3,1.7142857142857142,0.06770833333333333,0.21295885499997994,3.0476190476190474
661,18,55,5,1.75,0.10416666666666666,0.39999999999999997,3.2
662,18,58,2,1.75,0.0625,0.39999999999999997,3.2
663,17,58,3,1.7142857142857142,0.06510416666666666,0.21295885499997994,3.0476190476190474
664,18,56,1,1.75,0.06510416666666666,0.39999999999999997,3.2
665,19,58,2,1.7894736842105263,0.0546875,0.4823763889427201,3.3684210526315788
666,17,58,2,1.7142857142857142,0.05468749999999999,0.21295885499997994,3.0476190476190474
667,18,59,4,1.75,0.0703125,0.39999999999999997,3.2
668,18,53,5,1.75,0.11458333333333334,0.39999999999999997,3.2
669,18,61,0,1.75,0.015625,0.39999999999999997,3.2
670,18,57,2,1.75,0.0625,0.39999999999999997,3.2
671,17,58,1,1.7142857142857142,0.04947916666666667,0.21295885499997994,3.0476190476190474
672,19,61,1,1.7894736842105263,0.028645833333333332,0.48237638894272,3.3684210526315788
673,17,58,1,1.7142857142857142,0.044270833333333336,0.21295885499997994,3.0476190476190474
674,18,58,2,1.75,0.0546875,0.39999999999999997,3.2
675,17,59,1,1.6666666666666667,0.03439153439153439,0.3086066999241838,3.0
676,18,61,1,1.75,0.028645833333333332,0.39999999999999997,3.2
677,19,59,2,1.7894736842105263,0.05208333333333333,0.4823763889427201,3.3684210526315788
678,18,56,2,1.75,0.07291666666666666,0.39999999999999997,3.2
679,17,61,0,1.7142857142857142,0.020833333333333332,0.21295885499997994,3.0476190476190474
680,19,61,0,1.7894736842105263,0.018229166666666664,0.4823763889427201,3.3684210526315788
681,19,59,3,1.7894736842105263,0.05989583333333333,0.4823763889427201,3.3684210526315788
682,19,58,2,1.7894736842105263,0.057291666666666664,0.4823763889427201,3.3684210526315788
683,17,58,3,1.7142857142857142,0.06510416666666667,0.21295885499997994,3.0476190476190474
684,19,57,3,1.7894736842105263,0.07552083333333333,0.48237638894272,3.3684210526315788
685,17,61,2,1.7142857142857142,0.0390625,0.21295885499997994,3.0476190476190474
686,18,60,1,1.75,0.0390625,0.39999999999999997,3.2
687,19,60,2,1.7894736842105263,0.041666666666666664,0.4823763889427201,3.3684210526315788
688,18,60,0,1.75,0.026041666666666664,0.39999999999999997,3.2
689,18,57,3,1.75,0.078125,0.39999999999999997,3.2
690,18,59,2,1.75,0.05208333333333333,0.39999999999999997,3.2
691,18,58,2,1.75,0.059895833333333336,0.39999999999999997,3.2
692,18,57,0,1.75,0.04427083333333333,0.39999999999999997,3.2
693,17,58,2,1.7142857142857142,0.057291666666666664,0.21295885499997996,3.0476190476190474
694,19,62,0,1.7894736842105263,0.013020833333333332,0.4823763889427201,3.3684210526315788
695,19,57,2,1.7894736842105263,0.06510416666666666,0.4823763889427201,3.3684210526315788
696,18,59,1,1.75,0.046875,0.39999999999999997,3.2
697,18,59,1,1.75,0.03645833333333333,0.39999999999999997,3.2
698,17,59,1,1.7142857142857142,0.03645833333333333,0.21295885499997994,3.0476190476190474
699,17,55,5,1.6666666666666667,0.10677083333333333,0.21295885499997994,3.0476190476190474
700,18,62,1,1.75,0.020833333333333332,0.39999999999999997,3.2
701,18,58,1,1.75,0.05208333333333333,0.39999999999999997,3.2
702,18,55,2,1.75,0.07552083333333331,0.39999999999999997,3.2
703,17,59,0,1.6666666666666667,0.028645833333333332,0.21295885499997994,3.0476190476190474
704,18,60,2,1.75,0.044270833333333336,0.39999999999999997,3.2
705,18,60,1,1.75,0.03645833333333333,0.39999999999999997,3.2
706,18,59,0,1.75,0.031249999999999997,0.39999999999999997,3.2
707,18,57,4,1.75,0.08333333333333333,0.39999999999999997,3.2
708,17,59,1,1.7142857142857142,0.0390625,0.21295885499997994,3.0476190476190474
709,18,63,0,1.75,0.005208333333333333,0.39999999999999997,3.2
710,17,62,1,1.7142857142857142,0.0234375,0.21295885499997994,3.0476190476190474
711,18,56,4,1.75,0.08854166666666666,0.39999999999999997,3.2
712,17,60,1,1.7142857142857142,0.033854166666666664,0.21295885499997994,3.0476190476190474
713,17,61,0,1.6666666666666667,0.013227513227513227,0.3086066999241838,3.0
714,17,56,3,1.7142857142857142,0.078125,0.21295885499997994,3.0476190476190474
715,18,60,1,1.75,0.033854166666666664,0.39999999999999997,3.2
716,18,55,3,1.75,0.08854166666666666,0.39999999999999997,3.2
717,18,60,2,1.75,0.046875,0.39999999999999997,3.2
718,17,62,1,1.7142857142857142,0.0234375,0.21295885499997994,3.0476190476190474
719,17,61,1,1.7142857142857142,0.028645833333333332,0.21295885499997994,3.0476190476190474
720,17,58,1,1.7142857142857142,0.049479166666666664,0.21295885499997994,3.0476190476190474
721,17,62,1,1.7142857142857142,0.0234375,0.21295885499997994,3.0476190476190474
722,18,61,1,1.75,0.03125,0.39999999999999997,3.2
723,17,57,1,1.7142857142857142,0.05729166666666666,0.21295885499997994,3.0476190476190474
724,17,59,4,1.7142857142857142,0.0703125,0.21295885499997994,3.0476190476190474
725,17,60,0,1.7142857142857142,0.028645833333333332,0.21295885499997994,3.0476190476190474
726,18,61,0,1.75,0.020833333333333332,0.39999999999999997,3.2
727,17,57,0,1.7142857142857142,0.04166666666666666,0.21295885499997994,3.0476190476190474
728,17,61,0,1.7142857142857142,0.020833333333333332,0.21295885499997994,3.0476190476190474
729,18,61,0,1.75,0.018229166666666664,0.39999999999999997,3.2
730,18,57,2,1.75,0.0625,0.39999999999999997,3.2
731,17,58,2,1.7142857142857142,0.05989583333333333,0.21295885499997994,3.0476190476190474
732,18,59,2,1.75,0.049479166666666664,0.39999999999999997,3.2
733,18,60,0,1.75,0.026041666666666664,0.39999999999999997,3.2
734,17,55,3,1.7142857142857142,0.09114583333333334,0.21295885499997994,3.0476190476190474
735,17,58,3,1.7142857142857142,0.06770833333333333,0.21295885499997994,3.0476190476190474
736,17,61,2,1.7142857142857142,0.0390625,0.21295885499997994,3.0476190476190474
737,18,61,0,1.75,0.015625,0.39999999999999997,3.2
738,17,58,1,1.7142857142857142,0.049479166666666664,0.21295885499997994,3.0476190476190474
739,17,61,2,1.7142857142857142,0.0390625,0.21295885499997994,3.0476190476190474
740,18,61,1,1.75,0.028645833333333332,0.39999999999999997,3.2
741,18,60,1,1.75,0.03645833333333333,0.39999999999999997,3.2
742,18,62,1,1.75,0.020833333333333332,0.39999999999999997,3.2
743,18,57,2,1.75,0.06510416666666666,0.39999999999999997,3.2
744,18,58,1,1.7,0.049479166666666664,0.39999999999999997,3.2
745,18,59,1,1.7,0.04427083333333333,0.39999999999999997,3.2
746,17,60,0,1.7142857142857142,0.028645833333333332,0.21295885499997994,3.0476190476190474
747,17,56,3,1.7142857142857142,0.08333333333333333,0.21295885499997994,3.0476190476190474
748,19,60,2,1.7894736842105263,0.04427083333333333,0.48237638894272,3.3684210526315788
749,17,58,4,1.6666666666666667,0.07552083333333333,0.21295885499997994,3.0476190476190474
750,18,56,1,1.75,0.06510416666666666,0.39999999999999997,3.2
751,19,62,1,1.7894736842105263,0.020833333333333332,0.48237638894272,3.3684210526315788
752,18,55,5,1.75,0.1015625,0.39999999999999997,3.2
753,17,61,3,1.7142857142857142,0.046875,0.21295885499997994,3.0476190476190474
754,17,63,0,1.7142857142857142,0.005208333333333333,0.21295885499997994,3.0476190476190474
755,18,60,0,1.75,0.0234375,0.39999999999999997,3.2
756,18,62,1,1.75,0.0234375,0.39999999999999997,3.2
757,19,60,2,1.7894736842105263,0.04427083333333333,0.48237638894272,3.3684210526315788
758,17,56,1,1.7142857142857142,0.06770833333333333,0.21295885499997994,3.0476190476190474
759,18,55,5,1.75,0.109375,0.39999999999999997,3.2
760,18,58,0,1.75,0.0390625,0.39999999999999997,3.2
761,18,63,0,1.75,0.0078125,0.39999999999999997,3.2
762,18,58,3,1.75,0.06510416666666666,0.39999999999999997,3.2
763,18,59,1,1.75,0.04427083333333333,0.39999999999999997,3.2
764,19,59,2,1.7894736842105263,0.05208333333333333,0.48237638894272,3.3684210526315788
765,17,58,4,1.7142857142857142,0.07291666666666666,0.21295885499997994,3.0476190476190474
766,18,59,2,1.75,0.049479166666666664,0.39999999999999997,3.2
767,17,58,1,1.7142857142857142,0.04427083333333333,0.21295885499997994,3.0476190476190474
768,18,58,1,1.75,0.049479166666666664,0.39999999999999997,3.2
769,18,60,1,1.7,0.033854166666666664,0.39999999999999997,3.2
770,17,60,2,1.7142857142857142,0.046875,0.21295885499997994,3.0476190476190474
771,19,58,4,1.7894736842105263,0.07552083333333333,0.4823763889427201,3.3684210526315788
772,19,59,4,1.7894736842105263,0.06770833333333333,0.4823763889427201,3.3684210526315788
773,19,55,3,1.7894736842105263,0.0859375,0.4823763889427201,3.3684210526315788
774,19,60,2,1.7894736842105263,0.046875,0.4823763889427201,3.3684210526315788
775,17,60,0,1.7142857142857142,0.028645833333333332,0.21295885499997994,3.0476190476190474
776,18,61,0,1.7,0.010582010582010581,0.47696960070847283,3.15
777,18,62,0,1.65,0.010416666666666666,0.39999999999999997,3.2
778,18,59,1,1.75,0.04427083333333333,0.39999999999999997,3.2
779,18,59,0,1.65,0.031249999999999997,0.39999999999999997,3.2
780,18,59,2,1.75,0.0546875,0.39999999999999997,3.2
781,18,57,3,1.75,0.0703125,0.39999999999999997,3.2
782,18,59,0,1.75,0.03645833333333333,0.39999999999999997,3.2
783,17,62,0,1.7142857142857142,0.013020833333333332,0.21295885499997994,3.0476190476190474
784,19,59,1,1.7894736842105263,0.041666666666666664,0.48237638894272,3.3684210526315788
785,19,57,3,1.7894736842105263,0.07291666666666666,0.48237638894272,3.3684210526315788
786,18,57,0,1.75,0.046875,0.39999999999999997,3.2
787,18,54,2,1.75,0.08333333333333333,0.39999999999999997,3.2
788,18,61,0,1.75,0.0234375,0.39999999999999997,3.2
789,18,59,1,1.75,0.0390625,0.39999999999999997,3.2
790,17,60,2,1.6666666666666667,0.04427083333333333,0.21295885499997994,3.0476190476190474
791,17,60,2,1.7142857142857142,0.04427083333333333,0.21295885499997994,3.0476190476190474
792,18,59,1,1.75,0.041666666666666664,0.39999999999999997,3.2
793,17,62,0,1.7142857142857142,0.010416666666666666,0.21295885499997994,3.0476190476190474
794,18,56,2,1.75,0.06770833333333333,0.39999999999999997,3.2
795,18,57,3,1.75,0.0703125,0.39999999999999997,3.2
796,19,57,2,1.7894736842105263,0.0625,0.4823763889427201,3.3684210526315788
797,19,62,1,1.7894736842105263,0.0234375,0.48237638894272,3.3684210526315788
798,17,59,1,1.7142857142857142,0.041666666666666664,0.21295885499997994,3.0476190476190474
799,17,60,0,1.7142857142857142,0.0234375,0.21295885499997994,3.0476190476190474
800,18,54,3,1.75,0.09635416666666666,0.39999999999999997,3.2
801,17,59,1,1.7142857142857142,0.04427083333333333,0.21295885499997994,3.0476190476190474
802,18,60,2,1.75,0.046875,0.39999999999999997,3.2
803,18,61,0,1.75,0.018229166666666664,0.39999999999999997,3.2
804,19,57,2,1.736842105263158,0.06249999999999999,0.4823763889427201,3.3684210526315788
805,18,59,1,1.7,0.03968253968253968,0.47696960070847283,3.15
806,17,54,4,1.7142857142857142,0.09375,0.21295885499997994,3.0476190476190474
807,18,57,3,1.75,0.07552083333333333,0.39999999999999997,3.2
808,18,58,1,1.7,0.0546875,0.39999999999999997,3.2
809,18,58,1,1.75,0.0546875,0.39999999999999997,3.2
810,20,59,4,1.8333333333333333,0.06770833333333333,0.49690399499995325,3.5555555555555554
811,18,59,0,1.75,0.03125,0.39999999999999997,3.2
812,18,60,2,1.75,0.046875,0.39999999999999997,3.2
813,18,59,4,1.75,0.0703125,0.39999999999999997,3.2
814,18,57,3,1.75,0.078125,0.39999999999999997,3.2
815,17,59,2,1.7142857142857142,0.049479166666666664,0.21295885499997994,3.0476190476190474
816,18,57,3,1.75,0.07552083333333333,0.39999999999999997,3.2
817,17,59,0,1.7142857142857142,0.031249999999999997,0.21295885499997994,3.0476190476190474
818,18,59,0,1.75,0.03645833333333333,0.39999999999999997,3.2
819,18,59,1,1.75,0.036458333333333336,0.39999999999999997,3.2
820,18,58,1,1.75,0.04947916666666667,0.39999999999999997,3.2
821,18,60,2,1.75,0.041666666666666664,0.39999999999999997,3.2
822,18,59,2,1.75,0.049479166666666664,0.39999999999999997,3.2
823,19,58,2,1.7894736842105263,0.0546875,0.4823763889427201,3.3684210526315788
824,17,59,1,1.7142857142857142,0.041666666666666664,0.21295885499997994,3.0476190476190474
825,17,54,4,1.7142857142857142,0.10677083333333333,0.21295885499997994,3.0476190476190474
826,18,61,2,1.75,0.03645833333333333,0.39999999999999997,3.2
827,18,62,0,1.75,0.013020833333333332,0.39999999999999997,3.2
828,18,58,1,1.75,0.04427083333333333,0.39999999999999997,3.2
829,18,62,0,1.75,0.015625,0.39999999999999997,3.2
830,19,57,2,1.7894736842105263,0.0625,0.48237638894272,3.3684210526315788
831,17,62,0,1.7142857142857142,0.013020833333333332,0.21295885499997994,3.0476190476190474
832,17,61,1,1.7142857142857142,0.028645833333333332,0.21295885499997994,3.0476190476190474
833,18,57,1,1.7,0.05026455026455027,0.47696960070847283,3.15
834,17,61,1,1.7142857142857142,0.028645833333333332,0.21295885499997994,3.0476190476190474
835,18,60,2,1.75,0.046875,0.39999999999999997,3.2
836,18,56,2,1.75,0.07291666666666667,0.39999999999999997,3.2
837,19,60,1,1.736842105263158,0.031249999999999997,0.48237638894272,3.3684210526315788
838,19,61,2,1.7894736842105263,0.036458333333333336,0.4823763889427201,3.3684210526315788
839,17,62,1,1.7142857142857142,0.0234375,0.21295885499997994,3.0476190476190474
840,18,60,3,1.75,0.05208333333333333,0.39999999999999997,3.2
841,18,58,2,1.75,0.057291666666666664,0.39999999999999997,3.2
842,18,61,1,1.75,0.028645833333333332,0.39999999999999997,3.2
843,17,61,0,1.7142857142857142,0.0234375,0.21295885499997994,3.0476190476190474
844,17,59,3,1.7142857142857142,0.05989583333333333,0.21295885499997994,3.0476190476190474
845,17,58,3,1.7142857142857142,0.06510416666666667,0.21295885499997994,3.0476190476190474
846,18,57,5,1.75,0.09114583333333333,0.39999999999999997,3.2
847,17,60,1,1.7142857142857142,0.03645833333333333,0.21295885499997996,3.0476190476190474
848,17,59,0,1.6666666666666667,0.03125,0.21295885499997994,3.0476190476190474
849,18,58,1,1.75,0.04427083333333333,0.39999999999999997,3.2
850,17,63,0,1.7142857142857142,0.0078125,0.21295885499997994,3.0476190476190474
851,18,60,0,1.75,0.026041666666666664,0.39999999999999997,3.2
852,19,61,1,1.7894736842105263,0.026041666666666664,0.4823763889427201,3.3684210526315788
853,18,60,2,1.75,0.04427083333333333,0.39999999999999997,3.2
854,17,59,0,1.7142857142857142,0.03125,0.21295885499997994,3.0476190476190474
855,18,60,1,1.75,0.03645833333333333,0.39999999999999997,3.2
856,18,60,2,1.75,0.046875,0.39999999999999997,3.2
857,17,64,0,1.6666666666666667,0.0,0.21295885499997994,3.0476190476190474
858,18,59,1,1.75,0.03645833333333333,0.39999999999999997,3.2
859,18,57,2,1.75,0.06249999999999999,0.39999999999999997,3.2
860,18,63,0,1.75,0.0078125,0.39999999999999997,3.2
861,18,62,0,1.75,0.013020833333333332,0.39999999999999997,3.2
862,17,54,4,1.7142857142857142,0.09895833333333333,0.21295885499997994,3.0476190476190474
863,18,60,0,1.75,0.023437499999999997,0.39999999999999997,3.2
864,17,59,2,1.7142857142857142,0.049479166666666664,0.21295885499997994,3.0476190476190474
865,18,55,2,1.75,0.07552083333333333,0.39999999999999997,3.2
866,17,59,3,1.7142857142857142,0.05729166666666667,0.21295885499997994,3.0476190476190474
867,19,60,0,1.7894736842105263,0.026041666666666664,0.4823763889427201,3.3684210526315788
868,19,58,0,1.7894736842105263,0.04427083333333333,0.48237638894272,3.3684210526315788
869,18,59,1,1.75,0.041666666666666664,0.39999999999999997,3.2
870,19,57,2,1.7894736842105263,0.06770833333333333,0.4823763889427201,3.3684210526315788
871,18,59,0,1.75,0.031249999999999997,0.39999999999999997,3.2
872,18,60,2,1.75,0.046875,0.39999999999999997,3.2
873,18,62,0,1.75,0.013020833333333332,0.39999999999999997,3.2
874,17,60,1,1.7142857142857142,0.033854166666666664,0.21295885499997994,3.0476190476190474
875,19,59,2,1.7894736842105263,0.05208333333333333,0.4823763889427201,3.3684210526315788
876,18,61,1,1.75,0.028645833333333332,0.39999999999999997,3.2
877,19,60,1,1.7894736842105263,0.03125,0.4823763889427201,3.3684210526315788
878,18,56,2,1.75,0.07291666666666666,0.39999999999999997,3.2
879,19,60,2,1.7894736842105263,0.044270833333333336,0.4823763889427201,3.3684210526315788
880,17,59,1,1.7142857142857142,0.04427083333333333,0.21295885499997994,3.0476190476190474
881,17,64,0,1.7142857142857142,0.0,0.21295885499997994,3.0476190476190474
882,17,61,2,1.7142857142857142,0.0390625,0.21295885499997994,3.0476190476190474
883,18,56,0,1.75,0.049479166666666664,0.39999999999999997,3.2
884,18,60,2,1.75,0.04427083333333333,0.39999999999999997,3.2
885,18,58,0,1.75,0.0390625,0.39999999999999997,3.2
886,17,59,3,1.7142857142857142,0.057291666666666664,0.21295885499997994,3.0476190476190474
887,17,61,2,1.7142857142857142,0.03645833333333333,0.21295885499997994,3.0476190476190474
888,17,59,0,1.7142857142857142,0.031249999999999997,0.21295885499997994,3.0476190476190474
889,18,62,0,1.75,0.013020833333333332,0.39999999999999997,3.2
890,17,60,1,1.7142857142857142,0.03645833333333333,0.21295885499997994,3.0476190476190474
891,18,57,2,1.75,0.0625,0.39999999999999997,3.2
892,18,61,0,1.75,0.020833333333333332,0.39999999999999997,3.2
893,18,56,1,1.75,0.0625,0.39999999999999997,3.2
894,18,59,2,1.75,0.046875,0.39999999999999997,3.2
895,17,59,2,1.7142857142857142,0.0546875,0.21295885499997994,3.0476190476190474
896,18,57,0,1.7,0.04497354497354497,0.47696960070847283,3.15
897,19,60,0,1.7894736842105263,0.026041666666666664,0.4823763889427201,3.3684210526315788
898,18,57,1,1.75,0.057291666666666664,0.39999999999999997,3.2
899,18,61,1,1.75,0.028645833333333332,0.39999999999999997,3.2
900,18,61,1,1.75,0.028645833333333332,0.39999999999999997,3.2
901,18,61,2,1.75,0.0390625,0.39999999999999997,3.2
902,19,61,2,1.7894736842105263,0.0390625,0.4823763889427201,3.3684210526315788
903,17,56,2,1.6666666666666667,0.0703125,0.21295885499997994,3.0476190476190474
904,19,58,1,1.736842105263158,0.042328042328042326,0.5668594533825794,3.3157894736842106
905,17,55,5,1.7142857142857142,0.10416666666666666,0.21295885499997994,3.0476190476190474
906,20,58,3,1.8333333333333333,0.06770833333333333,0.49690399499995325,3.5555555555555554
907,17,59,0,1.6666666666666667,0.03645833333333333,0.21295885499997994,3.0476190476190474
908,17,62,1,1.7142857142857142,0.020833333333333332,0.21295885499997994,3.0476190476190474
909,17,62,1,1.7142857142857142,0.0234375,0.21295885499997994,3.0476190476190474
910,18,60,1,1.75,0.03645833333333333,0.39999999999999997,3.2
911,19,58,3,1.7894736842105263,0.0703125,0.4823763889427201,3.3684210526315788
912,20,57,1,1.8333333333333333,0.05208333333333333,0.49690399499995325,3.5555555555555554
913,17,58,3,1.7142857142857142,0.0625,0.21295885499997994,3.0476190476190474
914,18,59,1,1.75,0.044270833333333336,0.39999999999999997,3.2
915,18,57,2,1.75,0.0703125,0.39999999999999997,3.2
916,19,58,3,1.7894736842105263,0.06770833333333333,0.4823763889427201,3.3684210526315788
917,18,62,1,1.75,0.020833333333333332,0.39999999999999997,3.2
918,18,62,1,1.75,0.020833333333333332,0.39999999999999997,3.2
919,18,58,2,1.75,0.0546875,0.39999999999999997,3.2
920,19,57,2,1.7894736842105263,0.0625,0.4823763889427201,3.3684210526315788
921,19,58,3,1.7894736842105263,0.06510416666666667,0.4823763889427201,3.3684210526315788
922,17,61,2,1.7142857142857142,0.03645833333333333,0.21295885499997994,3.0476190476190474
923,18,61,0,1.75,0.018229166666666664,0.39999999999999997,3.2
924,18,59,3,1.75,0.0625,0.39999999999999997,3.2
925,19,61,1,1.7894736842105263,0.026041666666666664,0.4823763889427201,3.3684210526315788
926,18,59,0,1.75,0.02864583333333333,0.39999999999999997,3.2
927,18,59,3,1.75,0.0625,0.39999999999999997,3.2
928,18,59,1,1.75,0.041666666666666664,0.39999999999999997,3.2
929,19,60,0,1.7894736842105263,0.026041666666666664,0.4823763889427201,3.3684210526315788
930,18,62,0,1.75,0.013020833333333332,0.39999999999999997,3.2
931,17,57,1,1.6666666666666667,0.05291005291005291,0.3086066999241838,3.0
932,18,57,4,1.7,0.08072916666666666,0.39999999999999997,3.2
933,18,58,1,1.75,0.04427083333333333,0.39999999999999997,3.2
934,17,62,0,1.7142857142857142,0.010416666666666666,0.21295885499997994,3.0476190476190474
935,18,61,0,1.75,0.018229166666666664,0.39999999999999997,3.2
936,18,58,3,1.7,0.06770833333333333,0.39999999999999997,3.2
937,17,59,3,1.6666666666666667,0.0625,0.21295885499997994,3.0476190476190474
938,17,56,1,1.7142857142857142,0.0625,0.21295885499997994,3.0476190476190474
939,17,58,3,1.7142857142857142,0.0625,0.21295885499997994,3.0476190476190474
940,18,56,3,1.75,0.078125,0.39999999999999997,3.2
941,18,60,2,1.75,0.046875,0.39999999999999997,3.2
942,17,60,1,1.6666666666666667,0.026455026455026454,0.3086066999241838,3.0
943,17,58,2,1.7142857142857142,0.05989583333333333,0.21295885499997994,3.0476190476190474
944,18,60,2,1.7,0.046875,0.39999999999999997,3.2
945,19,57,0,1.736842105263158,0.04427083333333333,0.48237638894272,3.3684210526315788
946,17,59,1,1.7142857142857142,0.041666666666666664,0.21295885499997994,3.0476190476190474
947,17,59,1,1.7142857142857142,0.0390625,0.21295885499997994,3.0476190476190474
948,18,62,1,1.75,0.020833333333333332,0.39999999999999997,3.2
949,17,61,2,1.7142857142857142,0.0390625,0.21295885499997994,3.0476190476190474
950,18,58,1,1.75,0.05208333333333333,0.39999999999999997,3.2
951,18,64,0,1.75,0.0,0.39999999999999997,3.2
952,18,60,0,1.75,0.026041666666666664,0.39999999999999997,3.2
953,18,59,1,1.75,0.046875,0.39999999999999997,3.2
954,18,56,2,1.75,0.07552083333333333,0.39999999999999997,3.2
955,18,59,4,1.75,0.0703125,0.39999999999999997,3.2
956,18,63,0,1.75,0.005208333333333333,0.39999999999999997,3.2
957,17,61,1,1.7142857142857142,0.026041666666666664,0.21295885499997994,3.0476190476190474
958,19,60,1,1.7894736842105263,0.033854166666666664,0.48237638894272,3.3684210526315788
959,17,57,2,1.7142857142857142,0.06510416666666666,0.21295885499997994,3.0476190476190474
960,18,61,2,1.75,0.03645833333333333,0.39999999999999997,3.2
961,18,57,3,1.75,0.07552083333333333,0.39999999999999997,3.2
962,17,62,0,1.7142857142857142,0.013020833333333332,0.21295885499997994,3.0476190476190474
963,18,58,3,1.75,0.0625,0.39999999999999997,3.2
964,17,59,1,1.7142857142857142,0.04427083333333333,0.21295885499997994,3.0476190476190474
965,18,61,2,1.75,0.036458333333333336,0.39999999999999997,3.2
966,18,59,2,1.75,0.0546875,0.39999999999999997,3.2
967,18,61,2,1.75,0.0390625,0.39999999999999997,3.2
968,19,60,2,1.7894736842105263,0.041666666666666664,0.4823763889427201,3.3684210526315788
969,18,58,3,1.75,0.06770833333333333,0.39999999999999997,3.2
970,18,59,4,1.75,0.06770833333333333,0.39999999999999997,3.2
971,19,59,0,1.7894736842105263,0.0390625,0.48237638894272,3.3684210526315788
972,17,59,4,1.619047619047619,0.0703125,0.21295885499997994,3.0476190476190474
973,18,59,3,1.75,0.059895833333333336,0.39999999999999997,3.2
974,18,61,2,1.75,0.0390625,0.39999999999999997,3.2
975,17,62,1,1.7142857142857142,0.0234375,0.21295885499997994,3.0476190476190474
976,18,60,0,1.75,0.028645833333333332,0.39999999999999997,3.2
977,18,60,0,1.75,0.026041666666666664,0.39999999999999997,3.2
978,20,57,4,1.8333333333333333,0.078125,0.49690399499995325,3.5555555555555554
979,19,57,3,1.7894736842105263,0.07291666666666666,0.4823763889427201,3.3684210526315788
980,18,60,2,1.75,0.04427083333333333,0.39999999999999997,3.2
981,17,62,0,1.7142857142857142,0.015625,0.21295885499997994,3.0476190476190474
982,18,61,0,1.75,0.018229166666666664,0.39999999999999997,3.2
983,18,61,0,1.75,0.018229166666666664,0.39999999999999997,3.2
984,19,60,0,1.7894736842105263,0.026041666666666664,0.4823763889427201,3.3684210526315788
985,18,60,3,1.75,0.0546875,0.39999999999999997,3.2
986,18,56,1,1.75,0.0546875,0.39999999999999997,3.2
987,17,59,1,1.7142857142857142,0.041666666666666664,0.21295885499997994,3.0476190476190474
988,18,60,2,1.75,0.041666666666666664,0.39999999999999997,3.2
989,17,55,2,1.7142857142857142,0.078125,0.21295885499997994,3.0476190476190474
990,18,59,2,1.75,0.05208333333333333,0.39999999999999997,3.2
991,18,61,2,1.75,0.0390625,0.39999999999999997,3.2
992,19,61,1,1.7894736842105263,0.028645833333333332,0.4823763889427201,3.3684210526315788
993,19,58,0,1.7894736842105263,0.041666666666666664,0.4823763889427201,3.3684210526315788
994,17,57,4,1.7142857142857142,0.08072916666666666,0.21295885499997994,3.0476190476190474
995,17,60,2,1.7142857142857142,0.046875,0.21295885499997994,3.0476190476190474
996,17,58,3,1.7142857142857142,0.06510416666666667,0.21295885499997994,3.0476190476190474
997,18,63,0,1.75,0.005208333333333333,0.39999999999999997,3.2
998,17,54,6,1.7142857142857142,0.11979166666666666,0.21295885499997994,3.0476190476190474
999,17,62,0,1.7142857142857142,0.015625,0.21295885499997994,3.0476190476190474
1000,18,59,2,1.75,0.049479166666666664,0.39999999999999997,3.2
1001,17,63,1,1.7142857142857142,0.015625,0.21295885499997994,3.0476190476190474
1002,17,61,1,1.7142857142857142,0.026041666666666664,0.21295885499997996,3.0476190476190474
1003,19,57,2,1.7894736842105263,0.05989583333333333,0.48237638894272,3.3684210526315788
1004,20,59,0,1.8333333333333333,0.03125,0.49690399499995325,3.5555555555555554
1005,17,61,2,1.7142857142857142,0.0390625,0.21295885499997994,3.0476190476190474
1006,17,57,1,1.7142857142857142,0.05729166666666666,0.21295885499997994,3.0476190476190474
1007,18,59,0,1.75,0.02864583333333333,0.39999999999999997,3.2
1008,18,59,2,1.7,0.04947916666666667,0.39999999999999997,3.2
1009,18,57,5,1.75,0.09114583333333333,0.39999999999999997,3.2
1010,19,61,0,1.7894736842105263,0.020833333333333332,0.4823763889427201,3.3684210526315788
1011,18,55,5,1.75,0.10677083333333333,0.39999999999999997,3.2
1012,18,59,2,1.75,0.0546875,0.39999999999999997,3.2
1013,18,61,2,1.75,0.036458333333333336,0.39999999999999997,3.2
1014,18,53,4,1.7,0.10677083333333333,0.39999999999999997,3.2
1015,18,59,2,1.75,0.0546875,0.39999999999999997,3.2
1016,18,62,0,1.75,0.015625,0.39999999999999997,3.2
1017,18,55,1,1.7,0.06510416666666666,0.39999999999999997,3.2
1018,18,55,4,1.75,0.1015625,0.39999999999999997,3.2
1019,18,62,0,1.75,0.013020833333333332,0.39999999999999997,3.2
1020,18,59,2,1.7,0.05208333333333333,0.39999999999999997,3.2
1021,18,56,1,1.75,0.05989583333333333,0.39999999999999997,3.2
1022,18,60,2,1.75,0.046875,0.39999999999999997,3.2
1023,18,54,5,1.75,0.109375,0.39999999999999997,3.2
1024,17,61,0,1.7142857142857142,0.015625,0.21295885499997994,3.0476190476190474
1025,18,61,0,1.75,0.0234375,0.39999999999999997,3.2
1026,19,63,0,1.7894736842105263,0.0078125,0.4823763889427201,3.3684210526315788
1027,19,60,1,1.7894736842105263,0.03645833333333333,0.4823763889427201,3.3684210526315788
1028,19,60,3,1.7894736842105263,0.052083333333333336,0.4823763889427201,3.3684210526315788
1029,18,56,3,1.75,0.078125,0.39999999999999997,3.2
1030,17,60,2,1.7142857142857142,0.04427083333333333,0.21295885499997994,3.0476190476190474
1031,18,56,2,1.75,0.06770833333333333,0.39999999999999997,3.2
1032,17,62,1,1.7142857142857142,0.020833333333333332,0.21295885499997994,3.0476190476190474
1033,17,58,2,1.7142857142857142,0.05729166666666666,0.21295885499997994,3.0476190476190474
1034,18,60,0,1.7,0.023437499999999997,0.39999999999999997,3.2
1035,17,57,1,1.7142857142857142,0.05208333333333333,0.21295885499997994,3.0476190476190474
1036,18,62,1,1.75,0.0234375,0.39999999999999997,3.2
1037,18,58,2,1.75,0.05989583333333333,0.39999999999999997,3.2
1038,17,59,0,1.6666666666666667,0.028645833333333332,0.21295885499997994,3.0476190476190474
1039,17,62,0,1.7142857142857142,0.013020833333333332,0.21295885499997994,3.0476190476190474
1040,18,59,1,1.75,0.041666666666666664,0.39999999999999997,3.2
1041,18,57,0,1.75,0.041666666666666664,0.39999999999999997,3.2
1042,18,58,1,1.75,0.04427083333333333,0.39999999999999997,3.2
1043,18,55,2,1.75,0.07291666666666666,0.39999999999999997,3.2
1044,17,57,1,1.7142857142857142,0.057291666666666664,0.21295885499997994,3.0476190476190474
1045,18,60,0,1.75,0.026041666666666664,0.39999999999999997,3.2
1046,18,59,2,1.75,0.05208333333333333,0.39999999999999997,3.2
1047,18,56,2,1.75,0.0703125,0.39999999999999997,3.2
1048,17,60,0,1.7142857142857142,0.026041666666666664,0.21295885499997994,3.0476190476190474
1049,19,61,1,1.7894736842105263,0.028645833333333332,0.48237638894272,3.3684210526315788
1050,18,57,4,1.75,0.08333333333333333,0.39999999999999997,3.2
1051,17,54,3,1.7142857142857142,0.08854166666666666,0.21295885499997994,3.0476190476190474
1052,17,56,4,1.7142857142857142,0.08854166666666666,0.21295885499997994,3.0476190476190474
1053,17,59,0,1.7142857142857142,0.03645833333333333,0.21295885499997994,3.0476190476190474
1054,17,58,2,1.7142857142857142,0.05989583333333333,0.21295885499997994,3.0476190476190474
1055,18,61,1,1.75,0.026041666666666664,0.39999999999999997,3.2
1056,18,62,1,1.75,0.0234375,0.39999999999999997,3.2
1057,18,61,1,1.75,0.03125,0.39999999999999997,3.2
1058,18,56,4,1.75,0.08854166666666666,0.39999999999999997,3.2
1059,17,63,1,1.7142857142857142,0.015625,0.21295885499997994,3.0476190476190474
1060,17,61,1,1.7142857142857142,0.028645833333333332,0.21295885499997994,3.0476190476190474
1061,17,59,1,1.7142857142857142,0.0390625,0.21295885499997994,3.0476190476190474
1062,17,60,2,1.6666666666666667,0.046875,0.21295885499997994,3.0476190476190474
1063,18,60,2,1.75,0.04427083333333333,0.39999999999999997,3.2
1064,18,61,1,1.7,0.026041666666666664,0.39999999999999997,3.2
1065,17,54,3,1.7142857142857142,0.09895833333333333,0.21295885499997994,3.0476190476190474
1066,18,62,0,1.75,0.013020833333333332,0.39999999999999997,3.2
1067,19,62,1,1.7894736842105263,0.0234375,0.4823763889427201,3.3684210526315788
1068,18,59,1,1.75,0.0390625,0.39999999999999997,3.2
1069,18,61,2,1.75,0.0390625,0.39999999999999997,3.2
1070,17,59,2,1.7142857142857142,0.05208333333333333,0.21295885499997994,3.0476190476190474
1071,18,59,5,1.75,0.078125,0.39999999999999997,3.2
1072,17,57,5,1.7142857142857142,0.09114583333333333,0.21295885499997994,3.0476190476190474
1073,19,54,3,1.7894736842105263,0.09114583333333333,0.4823763889427201,3.3684210526315788
1074,17,61,1,1.7142857142857142,0.028645833333333332,0.21295885499997994,3.0476190476190474
1075,19,61,1,1.7894736842105263,0.03125,0.4823763889427201,3.3684210526315788
1076,17,55,5,1.7142857142857142,0.09895833333333331,0.21295885499997994,3.0476190476190474
1077,17,56,6,1.7142857142857142,0.10677083333333333,0.21295885499997994,3.0476190476190474
1078,18,55,1,1.75,0.0703125,0.39999999999999997,3.2
1079,18,58,2,1.75,0.05729166666666667,0.39999999999999997,3.2
1080,17,63,0,1.7142857142857142,0.005208333333333333,0.21295885499997994,3.0476190476190474
1081,18,58,4,1.75,0.07552083333333333,0.39999999999999997,3.2
1082,17,57,3,1.7142857142857142,0.07291666666666666,0.21295885499997994,3.0476190476190474
1083,18,61,1,1.75,0.028645833333333332,0.39999999999999997,3.2
1084,17,59,2,1.7142857142857142,0.0546875,0.21295885499997994,3.0476190476190474
1085,17,55,1,1.7142857142857142,0.0703125,0.21295885499997994,3.0476190476190474
1086,18,60,3,1.75,0.0546875,0.39999999999999997,3.2
1087,18,61,2,1.75,0.03645833333333333,0.39999999999999997,3.2
1088,18,56,1,1.75,0.05989583333333333,0.39999999999999997,3.2
1089,17,58,3,1.7142857142857142,0.06510416666666666,0.21295885499997994,3.0476190476190474
1090,19,59,1,1.7894736842105263,0.041666666666666664,0.48237638894272,3.3684210526315788
1091,18,55,3,1.75,0.09114583333333333,0.39999999999999997,3.2
1092,17,58,2,1.7142857142857142,0.057291666666666664,0.21295885499997994,3.0476190476190474
1093,18,58,2,1.75,0.05208333333333333,0.39999999999999997,3.2
1094,18,58,3,1.75,0.0703125,0.39999999999999997,3.2
1095,18,59,2,1.75,0.049479166666666664,0.39999999999999997,3.2
1096,18,57,1,1.75,0.05989583333333333,0.39999999999999997,3.2
1097,19,55,1,1.7894736842105263,0.06510416666666666,0.4823763889427201,3.3684210526315788
1098,18,57,2,1.75,0.06510416666666666,0.39999999999999997,3.2
1099,18,60,1,1.75,0.03125,0.39999999999999997,3.2
1100,17,59,3,1.7142857142857142,0.05989583333333333,0.21295885499997994,3.0476190476190474
1101,18,62,1,1.75,0.0234375,0.39999999999999997,3.2
1102,18,60,1,1.75,0.03645833333333333,0.39999999999999997,3.2
1103,18,59,2,1.75,0.05208333333333333,0.39999999999999997,3.2
1104,17,62,1,1.7142857142857142,0.020833333333333332,0.21295885499997994,3.0476190476190474
1105,18,56,4,1.7,0.07936507936507936,0.47696960070847283,3.15
1106,18,60,2,1.75,0.041666666666666664,0.39999999999999997,3.2
1107,18,61,1,1.75,0.026041666666666664,0.39999999999999997,3.2
1108,18,58,1,1.75,0.041666666666666664,0.39999999999999997,3.2
1109,17,60,4,1.7142857142857142,0.0625,0.21295885499997994,3.0476190476190474
1110,18,56,2,1.75,0.0703125,0.39999999999999997,3.2
1111,18,59,0,1.75,0.033854166666666664,0.39999999999999997,3.2
1112,17,59,2,1.7142857142857142,0.052083333333333336,0.21295885499997994,3.0476190476190474
1113,18,62,0,1.75,0.013020833333333332,0.39999999999999997,3.2
1114,19,61,1,1.7894736842105263,0.026041666666666664,0.4823763889427201,3.3684210526315788
1115,18,58,1,1.7,0.04497354497354497,0.47696960070847283,3.15
1116,19,60,1,1.7894736842105263,0.033854166666666664,0.4823763889427201,3.3684210526315788
1117,18,62,1,1.75,0.020833333333333332,0.39999999999999997,3.2
1118,18,58,3,1.75,0.06510416666666666,0.39999999999999997,3.2
1119,19,57,2,1.7894736842105263,0.05989583333333333,0.4823763889427201,3.3684210526315788
1120,18,60,3,1.75,0.0546875,0.39999999999999997,3.2
1121,19,59,0,1.7894736842105263,0.033854166666666664,0.48237638894272,3.3684210526315788
1122,18,61,0,1.65,0.020833333333333332,0.39999999999999997,3.2
1123,19,58,1,1.736842105263158,0.049479166666666664,0.4823763889427201,3.3684210526315788
1124,18,58,1,1.75,0.04427083333333333,0.39999999999999997,3.2
1125,18,60,1,1.75,0.03645833333333333,0.39999999999999997,3.2
1126,17,61,1,1.7142857142857142,0.026041666666666664,0.21295885499997994,3.0476190476190474
1127,18,57,1,1.75,0.05468749999999999,0.39999999999999997,3.2
1128,17,57,3,1.7142857142857142,0.07291666666666667,0.21295885499997994,3.0476190476190474
1129,18,61,0,1.75,0.018229166666666664,0.39999999999999997,3.2
1130,17,58,2,1.7142857142857142,0.057291666666666664,0.21295885499997994,3.0476190476190474
1131,18,63,1,1.75,0.015625,0.39999999999999997,3.2
1132,18,61,1,1.75,0.028645833333333332,0.39999999999999997,3.2
1133,17,58,4,1.7142857142857142,0.078125,0.21295885499997994,3.0476190476190474
1134,17,58,2,1.7142857142857142,0.0625,0.21295885499997994,3.0476190476190474
1135,18,62,1,1.75,0.0234375,0.39999999999999997,3.2
1136,18,58,2,1.75,0.057291666666666664,0.39999999999999997,3.2
1137,19,62,1,1.7894736842105263,0.0234375,0.4823763889427201,3.3684210526315788
1138,19,58,2,1.7894736842105263,0.0625,0.4823763889427201,3.3684210526315788
1139,18,61,0,1.7,0.020833333333333332,0.39999999999999997,3.2
1140,18,59,1,1.75,0.044270833333333336,0.39999999999999997,3.2
1141,19,56,5,1.7894736842105263,0.09635416666666666,0.4823763889427201,3.3684210526315788
1142,18,60,0,1.75,0.028645833333333332,0.39999999999999997,3.2
1143,17,62,1,1.7142857142857142,0.0234375,0.21295885499997994,3.0476190476190474
1144,19,61,1,1.7894736842105263,0.028645833333333332,0.4823763889427201,3.3684210526315788
1145,17,56,3,1.7142857142857142,0.08333333333333333,0.21295885499997994,3.0476190476190474
1146,18,59,1,1.75,0.04427083333333333,0.39999999999999997,3.2
1147,17,58,1,1.7142857142857142,0.05208333333333333,0.21295885499997994,3.0476190476190474
1148,18,58,1,1.75,0.049479166666666664,0.39999999999999997,3.2
1149,17,59,2,1.7142857142857142,0.049479166666666664,0.21295885499997994,3.0476190476190474
1150,18,60,2,1.75,0.04427083333333333,0.39999999999999997,3.2
1151,19,59,1,1.7894736842105263,0.046875,0.4823763889427201,3.3684210526315788
1152,19,60,1,1.7894736842105263,0.0390625,0.4823763889427201,3.3684210526315788
1153,18,57,2,1.75,0.05989583333333333,0.39999999999999997,3.2
1154,19,60,0,1.7894736842105263,0.026041666666666664,0.4823763889427201,3.3684210526315788
1155,18,59,1,1.75,0.0390625,0.39999999999999997,3.2
1156,18,57,0,1.75,0.049479166666666664,0.39999999999999997,3.2
1157,17,58,4,1.7142857142857142,0.07552083333333333,0.21295885499997994,3.0476190476190474
1158,18,60,2,1.75,0.04427083333333333,0.39999999999999997,3.2
1159,18,61,2,1.75,0.036458333333333336,0.39999999999999997,3.2
1160,19,58,2,1.7894736842105263,0.057291666666666664,0.4823763889427201,3.3684210526315788
1161,19,63,1,1.7894736842105263,0.015625,0.4823763889427201,3.3684210526315788
1162,18,61,1,1.75,0.028645833333333332,0.39999999999999997,3.2
1163,19,60,0,1.7894736842105263,0.0234375,0.4823763889427201,3.3684210526315788
1164,19,60,0,1.7894736842105263,0.026041666666666664,0.4823763889427201,3.3684210526315788
1165,18,62,0,1.75,0.013020833333333332,0.39999999999999997,3.2
1166,19,56,4,1.7894736842105263,0.09114583333333334,0.4823763889427201,3.3684210526315788
1167,18,58,2,1.75,0.05729166666666666,0.39999999999999997,3.2
1168,18,60,2,1.75,0.041666666666666664,0.39999999999999997,3.2
1169,18,60,1,1.75,0.03125,0.39999999999999997,3.2
1170,18,63,1,1.75,0.015625,0.39999999999999997,3.2
1171,18,61,0,1.75,0.015625,0.39999999999999997,3.2
1172,19,59,2,1.7894736842105263,0.05208333333333333,0.4823763889427201,3.3684210526315788
1173,17,63,1,1.7142857142857142,0.015625,0.21295885499997994,3.0476190476190474
1174,18,55,1,1.75,0.07552083333333333,0.39999999999999997,3.2
1175,19,58,3,1.7894736842105263,0.0703125,0.4823763889427201,3.3684210526315788
1176,18,60,0,1.75,0.026041666666666664,0.39999999999999997,3.2
1177,17,60,1,1.7142857142857142,0.0390625,0.21295885499997994,3.0476190476190474
1178,18,62,0,1.7,0.015625,0.39999999999999997,3.2
1179,18,60,3,1.75,0.0546875,0.39999999999999997,3.2
1180,17,62,0,1.7142857142857142,0.015625,0.21295885499997994,3.0476190476190474
1181,18,61,1,1.75,0.03125,0.39999999999999997,3.2
1182,18,59,2,1.75,0.05208333333333333,0.39999999999999997,3.2
1183,18,60,1,1.75,0.033854166666666664,0.39999999999999997,3.2
1184,18,60,3,1.75,0.05208333333333333,0.39999999999999997,3.2
1185,19,61,2,1.7894736842105263,0.0390625,0.4823763889427201,3.3684210526315788
1186,17,58,2,1.6666666666666667,0.057291666666666664,0.21295885499997994,3.0476190476190474
1187,17,57,4,1.7142857142857142,0.08333333333333333,0.21295885499997994,3.0476190476190474
1188,18,59,2,1.7,0.052083333333333336,0.39999999999999997,3.2
1189,18,57,3,1.75,0.07291666666666666,0.39999999999999997,3.2
1190,18,58,0,1.75,0.041666666666666664,0.39999999999999997,3.2
1191,18,59,2,1.7,0.042328042328042326,0.47696960070847283,3.15
1192,18,58,1,1.75,0.046875,0.39999999999999997,3.2
1193,18,62,1,1.75,0.020833333333333332,0.39999999999999997,3.2
1194,18,54,4,1.75,0.09895833333333333,0.39999999999999997,3.2
1195,18,59,1,1.75,0.041666666666666664,0.39999999999999997,3.2
1196,18,59,5,1.7,0.078125,0.39999999999999997,3.2
1197,18,60,2,1.75,0.046875,0.39999999999999997,3.2
1198,17,63,0,1.7142857142857142,0.0078125,0.21295885499997994,3.0476190476190474
1199,18,60,1,1.75,0.0390625,0.39999999999999997,3.2
1200,19,60,3,1.7894736842105263,0.0546875,0.4823763889427201,3.3684210526315788
1201,18,62,0,1.75,0.013020833333333332,0.39999999999999997,3.2
1202,18,59,0,1.75,0.031249999999999997,0.39999999999999997,3.2
1203,17,62,1,1.7142857142857142,0.0234375,0.21295885499997994,3.0476190476190474
1204,17,58,2,1.7142857142857142,0.05989583333333333,0.21295885499997994,3.0476190476190474
1205,18,63,1,1.75,0.015625,0.39999999999999997,3.2
1206,17,60,0,1.7142857142857142,0.0234375,0.21295885499997994,3.0476190476190474
1207,18,60,0,1.75,0.03125,0.39999999999999997,3.2
1208,17,62,0,1.7142857142857142,0.013020833333333332,0.21295885499997994,3.0476190476190474
1209,18,60,1,1.75,0.03645833333333333,0.39999999999999997,3.2
1210,18,59,1,1.75,0.041666666666666664,0.39999999999999997,3.2
1211,17,61,1,1.7142857142857142,0.026041666666666664,0.21295885499997994,3.0476190476190474
1212,17,59,4,1.7142857142857142,0.06770833333333334,0.21295885499997994,3.0476190476190474
1213,19,59,4,1.7894736842105263,0.0703125,0.48237638894272,3.3684210526315788
1214,18,60,2,1.75,0.041666666666666664,0.39999999999999997,3.2
1215,17,57,2,1.7142857142857142,0.0625,0.21295885499997996,3.0476190476190474
1216,18,59,2,1.75,0.049479166666666664,0.39999999999999997,3.2
1217,19,59,0,1.7894736842105263,0.033854166666666664,0.48237638894272,3.3684210526315788
1218,18,57,4,1.75,0.08333333333333333,0.39999999999999997,3.2
1219,17,55,5,1.7142857142857142,0.10416666666666667,0.21295885499997994,3.0476190476190474
1220,18,59,2,1.75,0.0546875,0.39999999999999997,3.2
1221,18,58,3,1.75,0.06510416666666666,0.39999999999999997,3.2
1222,18,59,2,1.75,0.049479166666666664,0.39999999999999997,3.2
1223,19,56,4,1.7894736842105263,0.08854166666666667,0.4823763889427201,3.3684210526315788
1224,18,58,5,1.75,0.0859375,0.39999999999999997,3.2
1225,18,60,1,1.75,0.033854166666666664,0.39999999999999997,3.2
1226,17,53,4,1.7142857142857142,0.10677083333333333,0.21295885499997994,3.0476190476190474
1227,18,60,1,1.75,0.033854166666666664,0.39999999999999997,3.2
1228,18,61,1,1.75,0.026041666666666664,0.39999999999999997,3.2
1229,17,59,1,1.7142857142857142,0.03645833333333333,0.21295885499997994,3.0476190476190474
1230,18,60,0,1.75,0.026041666666666664,0.39999999999999997,3.2
1231,19,61,0,1.7894736842105263,0.015625,0.4823763889427201,3.3684210526315788
1232,17,59,2,1.7142857142857142,0.05208333333333333,0.21295885499997994,3.0476190476190474
1233,19,58,4,1.7894736842105263,0.07552083333333333,0.4823763889427201,3.3684210526315788
1234,19,60,1,1.6842105263157894,0.03645833333333333,0.4823763889427201,3.3684210526315788
1235,18,56,4,1.75,0.09375,0.39999999999999997,3.2
1236,18,56,5,1.75,0.09895833333333333,0.39999999999999997,3.2
1237,18,62,2,1.75,0.03125,0.39999999999999997,3.2
1238,18,56,3,1.75,0.078125,0.39999999999999997,3.2
1239,18,60,1,1.75,0.03645833333333333,0.39999999999999997,3.2
1240,17,60,1,1.7142857142857142,0.03645833333333333,0.21295885499997994,3.0476190476190474
1241,18,62,2,1.75,0.03125,0.39999999999999997,3.2
1242,17,60,0,1.7142857142857142,0.026041666666666664,0.21295885499997994,3.0476190476190474
1243,18,61,0,1.75,0.018229166666666664,0.39999999999999997,3.2
1244,18,59,1,1.75,0.041666666666666664,0.39999999999999997,3.2
1245,18,58,2,1.75,0.05989583333333333,0.39999999999999997,3.2
1246,18,56,1,1.75,0.06249999999999999,0.39999999999999997,3.2
1247,18,58,3,1.75,0.06770833333333333,0.39999999999999997,3.2
1248,18,54,1,1.75,0.07291666666666666,0.39999999999999997,3.2
1249,18,59,2,1.75,0.049479166666666664,0.39999999999999997,3.2
1250,18,57,3,1.75,0.07552083333333333,0.39999999999999997,3.2
1251,18,59,2,1.75,0.046875,0.39999999999999997,3.2
1252,17,59,0,1.6666666666666667,0.028645833333333332,0.21295885499997994,3.0476190476190474
1253,18,59,3,1.75,0.05729166666666666,0.39999999999999997,3.2
1254,17,60,2,1.7142857142857142,0.046875,0.21295885499997994,3.0476190476190474
1255,19,63,0,1.7894736842105263,0.0078125,0.4823763889427201,3.3684210526315788
1256,17,59,1,1.7142857142857142,0.041666666666666664,0.21295885499997994,3.0476190476190474
1257,19,60,2,1.7894736842105263,0.046875,0.4823763889427201,3.3684210526315788
1258,18,63,1,1.75,0.015625,0.39999999999999997,3.2
1259,18,60,1,1.75,0.03645833333333333,0.39999999999999997,3.2
1260,18,58,3,1.75,0.06770833333333333,0.39999999999999997,3.2
1261,18,62,1,1.75,0.0234375,0.39999999999999997,3.2
1262,17,60,2,1.7142857142857142,0.04166666666666667,0.21295885499997994,3.0476190476190474
1263,18,58,1,1.75,0.049479166666666664,0.39999999999999997,3.2
1264,18,55,2,1.75,0.078125,0.39999999999999997,3.2
1265,18,62,0,1.75,0.010416666666666666,0.39999999999999997,3.2
1266,18,57,5,1.75,0.08854166666666667,0.39999999999999997,3.2
1267,19,61,0,1.736842105263158,0.015873015873015872,0.5668594533825794,3.3157894736842106
1268,18,56,3,1.75,0.0859375,0.39999999999999997,3.2
1269,17,54,4,1.6666666666666667,0.09788359788359789,0.3086066999241838,3.0
1270,18,59,0,1.75,0.03125,0.39999999999999997,3.2
1271,19,59,3,1.7894736842105263,0.057291666666666664,0.4823763889427201,3.3684210526315788
1272,19,57,3,1.7894736842105263,0.07552083333333333,0.48237638894272,3.3684210526315788
1273,18,58,1,1.75,0.046875,0.39999999999999997,3.2
1274,19,61,1,1.7894736842105263,0.028645833333333332,0.4823763889427201,3.3684210526315788
1275,18,60,1,1.75,0.033854166666666664,0.39999999999999997,3.2
1276,17,61,1,1.7142857142857142,0.03125,0.21295885499997994,3.0476190476190474
1277,18,57,2,1.75,0.06510416666666666,0.39999999999999997,3.2
1278,18,56,3,1.75,0.08072916666666666,0.39999999999999997,3.2
1279,18,61,1,1.75,0.03125,0.39999999999999997,3.2
1280,18,57,4,1.75,0.08333333333333333,0.39999999999999997,3.2
1281,17,59,2,1.7142857142857142,0.049479166666666664,0.21295885499997994,3.0476190476190474
1282,17,60,1,1.7142857142857142,0.03645833333333333,0.21295885499997994,3.0476190476190474
1283,18,62,0,1.7,0.013020833333333332,0.39999999999999997,3.2
1284,18,58,3,1.75,0.06510416666666667,0.39999999999999997,3.2
1285,17,59,1,1.7142857142857142,0.041666666666666664,0.21295885499997994,3.0476190476190474
1286,17,57,0,1.6666666666666667,0.04947916666666666,0.21295885499997994,3.0476190476190474
1287,19,60,1,1.7894736842105263,0.03125,0.4823763889427201,3.3684210526315788
1288,18,59,1,1.75,0.041666666666666664,0.39999999999999997,3.2
1289,18,61,1,1.75,0.028645833333333332,0.39999999999999997,3.2
1290,18,60,3,1.75,0.0546875,0.39999999999999997,3.2
1291,17,58,1,1.7142857142857142,0.046875,0.21295885499997994,3.0476190476190474
1292,19,57,3,1.736842105263158,0.07142857142857142,0.5668594533825794,3.3157894736842106
1293,17,59,3,1.7142857142857142,0.05989583333333333,0.21295885499997994,3.0476190476190474
1294,17,60,2,1.7142857142857142,0.04427083333333333,0.21295885499997994,3.0476190476190474
1295,18,61,1,1.75,0.028645833333333332,0.39999999999999997,3.2
1296,19,60,0,1.7894736842105263,0.028645833333333332,0.4823763889427201,3.3684210526315788
1297,17,57,2,1.7142857142857142,0.0625,0.21295885499997994,3.0476190476190474
1298,19,61,0,1.7894736842105263,0.020833333333333332,0.48237638894272,3.3684210526315788
1299,19,58,2,1.7894736842105263,0.057291666666666664,0.48237638894272,3.3684210526315788
1300,17,56,2,1.7142857142857142,0.06770833333333333,0.21295885499997994,3.0476190476190474
1301,19,58,3,1.7894736842105263,0.06770833333333333,0.4823763889427201,3.3684210526315788
1302,17,62,0,1.7142857142857142,0.010416666666666666,0.21295885499997994,3.0476190476190474
1303,17,59,4,1.7142857142857142,0.0703125,0.21295885499997994,3.0476190476190474
1304,17,62,1,1.7142857142857142,0.0234375,0.21295885499997994,3.0476190476190474
1305,19,57,2,1.736842105263158,0.06510416666666666,0.4823763889427201,3.3684210526315788
1306,18,57,2,1.75,0.06510416666666666,0.39999999999999997,3.2
1307,18,61,0,1.75,0.018229166666666664,0.39999999999999997,3.2
1308,19,60,1,1.7894736842105263,0.033854166666666664,0.4823763889427201,3.3684210526315788
1309,18,60,1,1.75,0.033854166666666664,0.39999999999999997,3.2
1310,19,62,1,1.7894736842105263,0.020833333333333332,0.48237638894272,3.3684210526315788
1311,19,60,2,1.7894736842105263,0.04427083333333333,0.48237638894272,3.3684210526315788
1312,18,61,1,1.75,0.028645833333333332,0.39999999999999997,3.2
1313,18,62,2,1.75,0.03125,0.39999999999999997,3.2
1314,17,58,2,1.7142857142857142,0.0546875,0.21295885499997994,3.0476190476190474
1315,18,62,1,1.75,0.020833333333333332,0.39999999999999997,3.2
1316,17,59,2,1.6666666666666667,0.052083333333333336,0.21295885499997994,3.0476190476190474
1317,18,56,4,1.75,0.09114583333333333,0.39999999999999997,3.2
1318,18,59,1,1.75,0.041666666666666664,0.39999999999999997,3.2
1319,17,59,0,1.7142857142857142,0.03125,0.21295885499997994,3.0476190476190474
1320,18,61,1,1.75,0.028645833333333332,0.39999999999999997,3.2
1321,19,61,1,1.7894736842105263,0.03125,0.48237638894272,3.3684210526315788
1322,18,63,0,1.75,0.0078125,0.39999999999999997,3.2
1323,18,60,2,1.75,0.041666666666666664,0.39999999999999997,3.2
1324,17,62,0,1.7142857142857142,0.015625,0.21295885499997994,3.0476190476190474
1325,18,58,0,1.75,0.0390625,0.39999999999999997,3.2
1326,18,57,3,1.75,0.07552083333333333,0.39999999999999997,3.2
1327,17,56,6,1.7142857142857142,0.10677083333333333,0.21295885499997994,3.0476190476190474
1328,19,57,3,1.7894736842105263,0.0703125,0.4823763889427201,3.3684210526315788
1329,17,60,1,1.7142857142857142,0.033854166666666664,0.21295885499997994,3.0476190476190474
1330,18,56,3,1.75,0.08072916666666666,0.39999999999999997,3.2
1331,18,61,1,1.7,0.028645833333333332,0.39999999999999997,3.2
1332,17,58,2,1.7142857142857142,0.057291666666666664,0.21295885499997994,3.0476190476190474
1333,18,56,3,1.75,0.07552083333333334,0.39999999999999997,3.2
1334,18,61,0,1.75,0.015625,0.39999999999999997,3.2
1335,18,60,1,1.75,0.03645833333333333,0.39999999999999997,3.2
1336,19,63,0,1.7894736842105263,0.005208333333333333,0.48237638894272,3.3684210526315788
1337,17,59,5,1.7142857142857142,0.078125,0.21295885499997994,3.0476190476190474
1338,18,59,2,1.75,0.05208333333333333,0.39999999999999997,3.2
1339,18,60,2,1.7,0.04427083333333333,0.39999999999999997,3.2
1340,18,61,0,1.75,0.0234375,0.39999999999999997,3.2
1341,18,59,2,1.7,0.04497354497354497,0.47696960070847283,3.15
1342,18,59,2,1.75,0.04947916666666666,0.39999999999999997,3.2
1343,18,57,4,1.7,0.0859375,0.39999999999999997,3.2
1344,18,56,3,1.7,0.08072916666666667,0.39999999999999997,3.2
1345,18,57,2,1.75,0.0625,0.39999999999999997,3.2
1346,17,60,2,1.7142857142857142,0.041666666666666664,0.21295885499997994,3.0476190476190474
1347,18,59,1,1.75,0.03645833333333333,0.39999999999999997,3.2
1348,19,63,0,1.7894736842105263,0.0078125,0.4823763889427201,3.3684210526315788
1349,17,58,1,1.619047619047619,0.049479166666666664,0.21295885499997994,3.0476190476190474
1350,19,59,2,1.7894736842105263,0.049479166666666664,0.4823763889427201,3.3684210526315788
1351,17,57,3,1.7142857142857142,0.07291666666666666,0.21295885499997994,3.0476190476190474
1352,19,57,4,1.7894736842105263,0.08072916666666666,0.48237638894272,3.3684210526315788
1353,18,58,3,1.75,0.0625,0.39999999999999997,3.2
1354,18,58,2,1.75,0.05989583333333333,0.39999999999999997,3.2
1355,17,61,0,1.7142857142857142,0.018229166666666664,0.21295885499997994,3.0476190476190474
1356,18,62,0,1.75,0.013020833333333332,0.39999999999999997,3.2
1357,18,58,1,1.75,0.05208333333333333,0.39999999999999997,3.2
1358,18,59,2,1.75,0.04687500000000001,0.39999999999999997,3.2
1359,17,58,2,1.7142857142857142,0.0625,0.21295885499997994,3.0476190476190474
1360,18,58,2,1.7,0.05729166666666666,0.39999999999999997,3.2
1361,18,55,5,1.75,0.1015625,0.39999999999999997,3.2
1362,17,61,2,1.7142857142857142,0.0390625,0.21295885499997994,3.0476190476190474
1363,19,57,3,1.7894736842105263,0.07291666666666666,0.4823763889427201,3.3684210526315788
1364,19,60,1,1.7894736842105263,0.031249999999999997,0.48237638894272,3.3684210526315788
1365,17,59,4,1.7142857142857142,0.0703125,0.21295885499997994,3.0476190476190474
1366,18,55,7,1.75,0.12239583333333333,0.39999999999999997,3.2
1367,18,56,3,1.7,0.07812499999999999,0.39999999999999997,3.2
1368,19,56,2,1.7894736842105263,0.06770833333333333,0.4823763889427201,3.3684210526315788
1369,18,59,2,1.75,0.0546875,0.39999999999999997,3.2
1370,18,62,1,1.75,0.0234375,0.39999999999999997,3.2
1371,20,60,1,1.8333333333333333,0.033854166666666664,0.49690399499995325,3.5555555555555554
1372,18,59,3,1.75,0.0625,0.39999999999999997,3.2
1373,18,59,1,1.75,0.0390625,0.39999999999999997,3.2
1374,18,59,2,1.75,0.0546875,0.39999999999999997,3.2
1375,17,59,0,1.7142857142857142,0.033854166666666664,0.21295885499997994,3.0476190476190474
1376,17,60,2,1.7142857142857142,0.04427083333333333,0.21295885499997994,3.0476190476190474
1377,18,61,1,1.75,0.028645833333333332,0.39999999999999997,3.2
1378,19,60,2,1.7894736842105263,0.046875,0.4823763889427201,3.3684210526315788
1379,17,57,2,1.7142857142857142,0.05989583333333333,0.21295885499997994,3.0476190476190474
1380,18,59,4,1.7,0.06770833333333333,0.39999999999999997,3.2
1381,18,60,2,1.75,0.04427083333333333,0.39999999999999997,3.2
1382,18,60,1,1.75,0.036458333333333336,0.39999999999999997,3.2
1383,18,57,0,1.75,0.04427083333333333,0.39999999999999997,3.2
1384,18,60,2,1.75,0.044270833333333336,0.39999999999999997,3.2
1385,18,58,4,1.75,0.07552083333333334,0.39999999999999997,3.2
1386,17,60,1,1.7142857142857142,0.03645833333333333,0.21295885499997994,3.0476190476190474
1387,19,63,0,1.6842105263157894,0.0078125,0.4823763889427201,3.3684210526315788
1388,18,60,1,1.75,0.03645833333333333,0.39999999999999997,3.2
1389,17,61,1,1.6666666666666667,0.023809523809523808,0.3086066999241838,3.0
1390,17,58,2,1.7142857142857142,0.0546875,0.21295885499997994,3.0476190476190474
1391,18,60,2,1.7,0.044270833333333336,0.39999999999999997,3.2
1392,17,57,4,1.7142857142857142,0.078125,0.21295885499997994,3.0476190476190474
1393,18,56,3,1.75,0.078125,0.39999999999999997,3.2
1394,18,58,0,1.75,0.03645833333333333,0.39999999999999997,3.2
1395,18,61,1,1.75,0.03125,0.39999999999999997,3.2
1396,18,63,0,1.75,0.005208333333333333,0.39999999999999997,3.2
1397,18,57,2,1.75,0.06249999999999999,0.39999999999999997,3.2
1398,17,62,1,1.7142857142857142,0.0234375,0.21295885499997994,3.0476190476190474
1399,18,59,1,1.75,0.041666666666666664,0.39999999999999997,3.2
1400,17,61,1,1.6666666666666667,0.023809523809523808,0.3086066999241838,3.0
1401,18,61,1,1.75,0.03125,0.39999999999999997,3.2
1402,18,54,4,1.75,0.09375,0.39999999999999997,3.2
1403,18,60,2,1.75,0.04427083333333333,0.39999999999999997,3.2
1404,19,62,1,1.7894736842105263,0.020833333333333332,0.4823763889427201,3.3684210526315788
1405,18,61,0,1.75,0.018229166666666664,0.39999999999999997,3.2
1406,17,58,3,1.7142857142857142,0.06770833333333333,0.21295885499997994,3.0476190476190474
1407,18,59,0,1.7,0.026455026455026454,0.47696960070847283,3.15
1408,18,61,0,1.75,0.018229166666666664,0.39999999999999997,3.2
1409,18,60,0,1.75,0.0234375,0.39999999999999997,3.2
1410,18,57,4,1.75,0.08072916666666666,0.39999999999999997,3.2
1411,18,61,1,1.75,0.03125,0.39999999999999997,3.2
1412,18,55,5,1.75,0.10677083333333333,0.39999999999999997,3.2
1413,19,55,2,1.7894736842105263,0.078125,0.4823763889427201,3.3684210526315788
1414,18,57,2,1.75,0.05989583333333333,0.39999999999999997,3.2
1415,18,61,2,1.75,0.0390625,0.39999999999999997,3.2
1416,17,57,2,1.7142857142857142,0.06249999999999999,0.21295885499997994,3.0476190476190474
1417,18,55,2,1.75,0.0703125,0.39999999999999997,3.2
1418,18,57,5,1.75,0.09114583333333333,0.39999999999999997,3.2
1419,17,56,1,1.7142857142857142,0.06510416666666666,0.21295885499997994,3.0476190476190474
1420,18,57,5,1.75,0.09114583333333333,0.39999999999999997,3.2
1421,18,55,4,1.7,0.09375,0.39999999999999997,3.2
1422,17,59,0,1.7142857142857142,0.033854166666666664,0.21295885499997994,3.0476190476190474
1423,18,58,2,1.75,0.05729166666666666,0.39999999999999997,3.2
1424,17,59,0,1.7142857142857142,0.028645833333333332,0.21295885499997994,3.0476190476190474
1425,18,57,2,1.75,0.0625,0.39999999999999997,3.2
1426,17,58,2,1.7142857142857142,0.0546875,0.21295885499997994,3.0476190476190474
1427,18,61,1,1.75,0.026041666666666664,0.39999999999999997,3.2
1428,19,59,1,1.7894736842105263,0.041666666666666664,0.4823763889427201,3.3684210526315788
1429,18,61,0,1.75,0.020833333333333332,0.39999999999999997,3.2
1430,18,56,5,1.75,0.09895833333333333,0.39999999999999997,3.2
1431,18,61,3,1.75,0.046875,0.39999999999999997,3.2
1432,18,57,1,1.75,0.057291666666666664,0.39999999999999997,3.2
1433,18,59,0,1.75,0.031249999999999997,0.39999999999999997,3.2
1434,18,58,2,1.75,0.0546875,0.39999999999999997,3.2
1435,17,61,2,1.7142857142857142,0.03645833333333333,0.21295885499997994,3.0476190476190474
1436,19,61,3,1.7894736842105263,0.046875,0.4823763889427201,3.3684210526315788
1437,18,59,2,1.75,0.049479166666666664,0.39999999999999997,3.2
1438,18,58,2,1.75,0.0546875,0.39999999999999997,3.2
1439,18,60,1,1.75,0.033854166666666664,0.39999999999999997,3.2
1440,18,58,2,1.7,0.0546875,0.39999999999999997,3.2
1441,18,59,3,1.75,0.05989583333333333,0.39999999999999997,3.2
1442,19,60,3,1.7894736842105263,0.05208333333333333,0.4823763889427201,3.3684210526315788
1443,18,62,1,1.75,0.020833333333333332,0.39999999999999997,3.2
1444,18,61,0,1.75,0.018229166666666664,0.39999999999999997,3.2
1445,18,57,3,1.75,0.07291666666666666,0.39999999999999997,3.2
1446,17,60,2,1.6666666666666667,0.044270833333333336,0.21295885499997994,3.0476190476190474
1447,18,55,4,1.65,0.09635416666666666,0.39999999999999997,3.2
1448,18,61,1,1.75,0.028645833333333332,0.39999999999999997,3.2
1449,19,58,0,1.7894736842105263,0.0390625,0.4823763889427201,3.3684210526315788
1450,19,62,1,1.7894736842105263,0.0234375,0.48237638894272,3.3684210526315788
1451,18,60,2,1.75,0.04427083333333333,0.39999999999999997,3.2
1452,19,60,0,1.7894736842105263,0.028645833333333332,0.4823763889427201,3.3684210526315788
1453,18,60,2,1.75,0.041666666666666664,0.39999999999999997,3.2
1454,17,59,1,1.7142857142857142,0.0390625,0.21295885499997994,3.0476190476190474
1455,18,56,1,1.75,0.06510416666666666,0.39999999999999997,3.2
1456,18,58,1,1.75,0.049479166666666664,0.39999999999999997,3.2
1457,17,54,4,1.7142857142857142,0.1015625,0.21295885499997994,3.0476190476190474
1458,17,56,5,1.7142857142857142,0.09895833333333333,0.21295885499997994,3.0476190476190474
1459,18,57,4,1.75,0.08333333333333333,0.39999999999999997,3.2
1460,17,57,1,1.7142857142857142,0.05989583333333333,0.21295885499997994,3.0476190476190474
1461,18,58,2,1.75,0.057291666666666664,0.39999999999999997,3.2
1462,18,56,1,1.7,0.05026455026455027,0.47696960070847283,3.15
1463,18,61,2,1.75,0.0390625,0.39999999999999997,3.2
1464,17,60,0,1.7142857142857142,0.026041666666666664,0.21295885499997994,3.0476190476190474
1465,18,59,2,1.75,0.049479166666666664,0.39999999999999997,3.2
1466,20,55,5,1.8333333333333333,0.10416666666666667,0.49690399499995325,3.5555555555555554
1467,18,61,0,1.75,0.0234375,0.39999999999999997,3.2
1468,17,61,1,1.619047619047619,0.028645833333333332,0.21295885499997994,3.0476190476190474
1469,18,57,2,1.75,0.057291666666666664,0.39999999999999997,3.2
1470,18,60,1,1.75,0.03645833333333333,0.39999999999999997,3.2
1471,17,59,3,1.7142857142857142,0.05989583333333333,0.21295885499997994,3.0476190476190474
1472,17,58,1,1.7142857142857142,0.046875,0.21295885499997994,3.0476190476190474
1473,18,60,1,1.75,0.03645833333333333,0.39999999999999997,3.2
1474,19,61,2,1.7894736842105263,0.03645833333333333,0.48237638894272,3.3684210526315788
1475,18,60,3,1.75,0.05208333333333333,0.39999999999999997,3.2
1476,18,60,3,1.75,0.0546875,0.39999999999999997,3.2
1477,18,62,1,1.75,0.0234375,0.39999999999999997,3.2
1478,18,59,3,1.7,0.05989583333333333,0.39999999999999997,3.2
1479,18,59,2,1.75,0.05208333333333333,0.39999999999999997,3.2
1480,19,62,0,1.7894736842105263,0.010416666666666666,0.4823763889427201,3.3684210526315788
1481,17,60,1,1.7142857142857142,0.03125,0.21295885499997994,3.0476190476190474
1482,17,61,2,1.7142857142857142,0.03645833333333333,0.21295885499997994,3.0476190476190474
1483,17,61,1,1.7142857142857142,0.028645833333333332,0.21295885499997994,3.0476190476190474
1484,17,62,1,1.7142857142857142,0.020833333333333332,0.21295885499997994,3.0476190476190474
1485,17,59,1,1.7142857142857142,0.0390625,0.21295885499997994,3.0476190476190474
1486,19,58,1,1.7894736842105263,0.04947916666666666,0.4823763889427201,3.3684210526315788
1487,17,59,0,1.7142857142857142,0.031249999999999997,0.21295885499997994,3.0476190476190474
1488,17,58,3,1.7142857142857142,0.06770833333333333,0.21295885499997994,3.0476190476190474
1489,18,58,3,1.75,0.0703125,0.39999999999999997,3.2
1490,18,61,2,1.75,0.036458333333333336,0.39999999999999997,3.2
1491,17,61,2,1.7142857142857142,0.0390625,0.21295885499997994,3.0476190476190474
1492,19,58,2,1.7894736842105263,0.057291666666666664,0.48237638894272,3.3684210526315788
1493,17,58,0,1.7142857142857142,0.03125,0.21295885499997994,3.0476190476190474
1494,18,60,1,1.7,0.026455026455026454,0.47696960070847283,3.15
1495,18,60,2,1.75,0.046875,0.39999999999999997,3.2
1496,17,61,1,1.6666666666666667,0.021164021164021163,0.3086066999241838,3.0
1497,18,60,3,1.7,0.047619047619047616,0.47696960070847283,3.15
1498,18,64,0,1.75,0.0,0.39999999999999997,3.2
1499,18,60,1,1.75,0.03645833333333333,0.39999999999999997,3.2
1500,19,57,4,1.7894736842105263,0.08333333333333333,0.4823763889427201,3.3684210526315788
1501,18,59,1,1.75,0.04427083333333333,0.39999999999999997,3.2
1502,19,61,2,1.7894736842105263,0.0390625,0.4823763889427201,3.3684210526315788
1503,19,58,1,1.7894736842105263,0.049479166666666664,0.4823763889427201,3.3684210526315788
1504,18,57,5,1.75,0.09114583333333333,0.39999999999999997,3.2
1505,18,59,2,1.7,0.04947916666666666,0.39999999999999997,3.2
1506,17,58,4,1.7142857142857142,0.078125,0.21295885499997994,3.0476190476190474
1507,17,62,0,1.7142857142857142,0.015625,0.21295885499997994,3.0476190476190474
1508,18,55,4,1.75,0.09635416666666666,0.39999999999999997,3.2
1509,19,57,3,1.7894736842105263,0.07291666666666666,0.4823763889427201,3.3684210526315788
1510,17,61,1,1.7142857142857142,0.03125,0.21295885499997994,3.0476190476190474
1511,17,60,0,1.7142857142857142,0.028645833333333332,0.21295885499997994,3.0476190476190474
1512,18,57,0,1.75,0.046875,0.39999999999999997,3.2
1513,17,58,4,1.7142857142857142,0.07552083333333333,0.21295885499997994,3.0476190476190474
1514,18,59,2,1.75,0.049479166666666664,0.39999999999999997,3.2
1515,17,59,3,1.7142857142857142,0.0625,0.21295885499997994,3.0476190476190474
1516,17,56,4,1.7142857142857142,0.09114583333333334,0.21295885499997994,3.0476190476190474
1517,18,60,3,1.75,0.0546875,0.39999999999999997,3.2
1518,18,54,8,1.75,0.13802083333333331,0.39999999999999997,3.2
1519,19,58,1,1.7894736842105263,0.046875,0.4823763889427201,3.3684210526315788
1520,17,63,0,1.7142857142857142,0.005208333333333333,0.21295885499997994,3.0476190476190474
1521,18,61,1,1.75,0.03125,0.39999999999999997,3.2
1522,19,60,2,1.7894736842105263,0.04427083333333333,0.4823763889427201,3.3684210526315788
1523,17,58,3,1.7142857142857142,0.06770833333333333,0.21295885499997994,3.0476190476190474
1524,17,58,3,1.7142857142857142,0.0703125,0.21295885499997994,3.0476190476190474
1525,17,61,1,1.7142857142857142,0.028645833333333332,0.21295885499997994,3.0476190476190474
1526,17,60,1,1.7142857142857142,0.033854166666666664,0.21295885499997994,3.0476190476190474
1527,18,59,3,1.75,0.059895833333333336,0.39999999999999997,3.2
1528,19,58,1,1.7894736842105263,0.04427083333333333,0.4823763889427201,3.3684210526315788
1529,18,56,2,1.75,0.0703125,0.39999999999999997,3.2
1530,18,58,1,1.75,0.046875,0.39999999999999997,3.2
1531,18,57,2,1.75,0.06510416666666666,0.39999999999999997,3.2
1532,18,59,2,1.75,0.052083333333333336,0.39999999999999997,3.2
1533,17,54,1,1.7142857142857142,0.0703125,0.21295885499997994,3.0476190476190474
1534,18,60,2,1.75,0.044270833333333336,0.39999999999999997,3.2
1535,19,61,1,1.7894736842105263,0.028645833333333332,0.4823763889427201,3.3684210526315788
1536,19,57,2,1.7894736842105263,0.06510416666666666,0.4823763889427201,3.3684210526315788
1537,18,55,5,1.7,0.1015625,0.39999999999999997,3.2
1538,18,57,1,1.7,0.05729166666666667,0.39999999999999997,3.2
1539,18,56,4,1.75,0.09114583333333333,0.39999999999999997,3.2
1540,18,59,0,1.75,0.033854166666666664,0.39999999999999997,3.2
1541,18,62,0,1.75,0.015625,0.39999999999999997,3.2
1542,18,60,1,1.75,0.033854166666666664,0.39999999999999997,3.2
1543,17,59,0,1.6666666666666667,0.033854166666666664,0.21295885499997994,3.0476190476190474
1544,18,62,1,1.75,0.020833333333333332,0.39999999999999997,3.2
1545,17,63,1,1.7142857142857142,0.015625,0.21295885499997994,3.0476190476190474
1546,18,58,1,1.75,0.04427083333333333,0.39999999999999997,3.2
1547,17,56,3,1.7142857142857142,0.08333333333333333,0.21295885499997994,3.0476190476190474
1548,17,58,2,1.6666666666666667,0.05989583333333333,0.21295885499997994,3.0476190476190474
1549,19,61,0,1.7894736842105263,0.015625,0.4823763889427201,3.3684210526315788
1550,18,58,3,1.75,0.06510416666666666,0.39999999999999997,3.2
1551,19,61,0,1.7894736842105263,0.018229166666666664,0.4823763889427201,3.3684210526315788
1552,18,57,0,1.75,0.04427083333333333,0.39999999999999997,3.2
1553,18,58,3,1.75,0.06770833333333333,0.39999999999999997,3.2
1554,17,62,2,1.6666666666666667,0.03125,0.21295885499997994,3.0476190476190474
1555,18,61,1,1.75,0.028645833333333332,0.39999999999999997,3.2
1556,18,62,0,1.75,0.015625,0.39999999999999997,3.2
1557,18,59,0,1.75,0.03645833333333333,0.39999999999999997,3.2
1558,19,59,4,1.7894736842105263,0.0703125,0.4823763889427201,3.3684210526315788
1559,19,62,0,1.7894736842105263,0.015625,0.4823763889427201,3.3684210526315788
1560,18,60,3,1.75,0.0546875,0.39999999999999997,3.2
1561,18,63,0,1.75,0.005208333333333333,0.39999999999999997,3.2
1562,17,57,4,1.7142857142857142,0.0859375,0.21295885499997994,3.0476190476190474
1563,18,61,1,1.75,0.028645833333333332,0.39999999999999997,3.2
1564,19,59,1,1.7894736842105263,0.0390625,0.4823763889427201,3.3684210526315788
1565,17,61,1,1.7142857142857142,0.028645833333333332,0.21295885499997994,3.0476190476190474
1566,18,57,0,1.75,0.046875,0.39999999999999997,3.2
1567,18,62,0,1.75,0.013020833333333332,0.39999999999999997,3.2
1568,18,57,2,1.7,0.06510416666666666,0.39999999999999997,3.2
1569,17,59,1,1.7142857142857142,0.04427083333333333,0.21295885499997994,3.0476190476190474
1570,18,59,3,1.75,0.0625,0.39999999999999997,3.2
1571,17,60,1,1.7142857142857142,0.033854166666666664,0.21295885499997994,3.0476190476190474
1572,19,59,1,1.7894736842105263,0.04427083333333333,0.4823763889427201,3.3684210526315788
1573,19,59,0,1.7894736842105263,0.036458333333333336,0.4823763889427201,3.3684210526315788
1574,18,60,3,1.75,0.052083333333333336,0.39999999999999997,3.2
1575,19,60,2,1.7894736842105263,0.041666666666666664,0.4823763889427201,3.3684210526315788
1576,18,55,4,1.75,0.09375,0.39999999999999997,3.2
1577,19,59,1,1.7894736842105263,0.041666666666666664,0.4823763889427201,3.3684210526315788
1578,18,63,1,1.75,0.015625,0.39999999999999997,3.2
1579,17,60,0,1.6666666666666667,0.026041666666666664,0.21295885499997994,3.0476190476190474
1580,18,57,2,1.75,0.0625,0.39999999999999997,3.2
1581,17,58,1,1.7142857142857142,0.05208333333333333,0.21295885499997994,3.0476190476190474
1582,18,56,3,1.75,0.08333333333333333,0.39999999999999997,3.2
1583,17,60,1,1.7142857142857142,0.0390625,0.21295885499997994,3.0476190476190474
1584,17,61,0,1.7142857142857142,0.018229166666666664,0.21295885499997994,3.0476190476190474
1585,17,57,3,1.7142857142857142,0.0703125,0.21295885499997994,3.0476190476190474
1586,18,60,2,1.75,0.046875,0.39999999999999997,3.2
1587,17,61,0,1.7142857142857142,0.020833333333333332,0.21295885499997994,3.0476190476190474
1588,18,55,2,1.7,0.07142857142857141,0.47696960070847283,3.15
1589,17,58,2,1.7142857142857142,0.057291666666666664,0.21295885499997994,3.0476190476190474
1590,18,57,2,1.75,0.0625,0.39999999999999997,3.2
1591,18,60,2,1.75,0.041666666666666664,0.39999999999999997,3.2
1592,19,59,1,1.7894736842105263,0.041666666666666664,0.48237638894272,3.3684210526315788
1593,18,60,2,1.75,0.04427083333333333,0.39999999999999997,3.2
1594,19,60,1,1.7894736842105263,0.03645833333333333,0.48237638894272,3.3684210526315788
1595,17,59,2,1.7142857142857142,0.05208333333333333,0.21295885499997994,3.0476190476190474
1596,18,58,3,1.75,0.06510416666666666,0.39999999999999997,3.2
1597,18,60,3,1.75,0.0546875,0.39999999999999997,3.2
1598,18,59,1,1.75,0.041666666666666664,0.39999999999999997,3.2
1599,18,53,2,1.75,0.09114583333333333,0.39999999999999997,3.2
1600,18,57,1,1.75,0.049479166666666664,0.39999999999999997,3.2
1601,17,61,1,1.7142857142857142,0.028645833333333332,0.21295885499997994,3.0476190476190474
1602,19,63,0,1.7894736842105263,0.005208333333333333,0.48237638894272,3.3684210526315788
1603,17,59,1,1.7142857142857142,0.041666666666666664,0.21295885499997994,3.0476190476190474
1604,18,61,1,1.75,0.026041666666666664,0.39999999999999997,3.2
1605,17,55,3,1.6666666666666667,0.08465608465608465,0.3086066999241838,3.0
1606,19,60,0,1.7894736842105263,0.026041666666666664,0.4823763889427201,3.3684210526315788
1607,17,56,4,1.7142857142857142,0.09114583333333333,0.21295885499997994,3.0476190476190474
1608,17,59,3,1.7142857142857142,0.059895833333333336,0.21295885499997994,3.0476190476190474
1609,18,57,2,1.75,0.0625,0.39999999999999997,3.2
1610,17,59,1,1.7142857142857142,0.0390625,0.21295885499997994,3.0476190476190474
1611,18,62,0,1.75,0.010416666666666666,0.39999999999999997,3.2
1612,17,60,0,1.6666666666666667,0.028645833333333332,0.21295885499997994,3.0476190476190474
1613,19,59,1,1.736842105263158,0.041666666666666664,0.48237638894272,3.3684210526315788
1614,18,60,1,1.75,0.0390625,0.39999999999999997,3.2
1615,17,59,1,1.7142857142857142,0.04427083333333333,0.21295885499997994,3.0476190476190474
1616,19,60,1,1.7894736842105263,0.033854166666666664,0.4823763889427201,3.3684210526315788
1617,17,61,1,1.7142857142857142,0.028645833333333332,0.21295885499997994,3.0476190476190474
1618,18,61,0,1.75,0.0234375,0.39999999999999997,3.2
1619,17,59,0,1.6666666666666667,0.026455026455026454,0.3086066999241838,3.0
1620,19,59,0,1.7894736842105263,0.03645833333333333,0.4823763889427201,3.3684210526315788
1621,17,59,3,1.5714285714285714,0.052910052910052914,0.3086066999241838,3.0
1622,17,58,1,1.7142857142857142,0.046875,0.21295885499997994,3.0476190476190474
1623,18,55,3,1.75,0.08072916666666666,0.39999999999999997,3.2
1624,18,60,1,1.75,0.03645833333333333,0.39999999999999997,3.2
1625,19,58,3,1.7894736842105263,0.06770833333333333,0.48237638894272,3.3684210526315788
1626,19,57,2,1.7894736842105263,0.06510416666666666,0.48237638894272,3.3684210526315788
1627,18,60,1,1.75,0.03645833333333333,0.39999999999999997,3.2
1628,18,62,0,1.75,0.013020833333333332,0.39999999999999997,3.2
1629,17,58,2,1.7142857142857142,0.0546875,0.21295885499997994,3.0476190476190474
1630,18,59,1,1.75,0.041666666666666664,0.39999999999999997,3.2
1631,17,62,0,1.7142857142857142,0.010416666666666666,0.21295885499997994,3.0476190476190474
1632,18,62,1,1.75,0.020833333333333332,0.39999999999999997,3.2
1633,17,60,2,1.7142857142857142,0.046875,0.21295885499997994,3.0476190476190474
1634,17,59,1,1.6666666666666667,0.0390625,0.21295885499997994,3.0476190476190474
1635,18,54,2,1.75,0.07552083333333333,0.39999999999999997,3.2
1636,18,60,3,1.75,0.0546875,0.39999999999999997,3.2
1637,17,59,2,1.7142857142857142,0.052083333333333336,0.21295885499997994,3.0476190476190474
1638,18,60,1,1.75,0.03645833333333333,0.39999999999999997,3.2
1639,18,60,1,1.75,0.03645833333333333,0.39999999999999997,3.2
1640,18,61,0,1.7,0.018229166666666664,0.39999999999999997,3.2
1641,18,55,4,1.75,0.09895833333333333,0.39999999999999997,3.2
1642,18,59,1,1.75,0.041666666666666664,0.39999999999999997,3.2
1643,17,56,4,1.7142857142857142,0.09114583333333333,0.21295885499997994,3.0476190476190474
1644,17,59,3,1.7142857142857142,0.05989583333333333,0.21295885499997994,3.0476190476190474
1645,17,60,1,1.7142857142857142,0.033854166666666664,0.21295885499997994,3.0476190476190474
1646,17,58,1,1.7142857142857142,0.049479166666666664,0.21295885499997994,3.0476190476190474
1647,18,62,1,1.75,0.0234375,0.39999999999999997,3.2
1648,18,55,4,1.75,0.09895833333333333,0.39999999999999997,3.2
1649,17,62,1,1.7142857142857142,0.020833333333333332,0.21295885499997994,3.0476190476190474
1650,18,58,3,1.75,0.0703125,0.39999999999999997,3.2
1651,17,60,1,1.7142857142857142,0.03645833333333333,0.21295885499997994,3.0476190476190474
1652,19,60,0,1.7894736842105263,0.0234375,0.4823763889427201,3.3684210526315788
1653,19,58,3,1.7894736842105263,0.06770833333333333,0.4823763889427201,3.3684210526315788
1654,18,61,1,1.75,0.028645833333333332,0.39999999999999997,3.2
1655,18,57,3,1.75,0.06770833333333333,0.39999999999999997,3.2
1656,18,63,1,1.75,0.015625,0.39999999999999997,3.2
1657,18,60,1,1.75,0.0390625,0.39999999999999997,3.2
1658,18,58,3,1.75,0.06770833333333333,0.39999999999999997,3.2
1659,19,58,3,1.7894736842105263,0.06770833333333333,0.48237638894272,3.3684210526315788
1660,19,60,4,1.736842105263158,0.0625,0.4823763889427201,3.3684210526315788
1661,18,60,0,1.75,0.026041666666666664,0.39999999999999997,3.2
1662,17,55,3,1.7142857142857142,0.08072916666666666,0.21295885499997994,3.0476190476190474
1663,17,62,0,1.7142857142857142,0.013020833333333332,0.21295885499997994,3.0476190476190474
1664,18,54,3,1.75,0.09114583333333331,0.39999999999999997,3.2
1665,19,62,0,1.7894736842105263,0.010416666666666666,0.48237638894272,3.3684210526315788
1666,18,56,1,1.75,0.05989583333333333,0.39999999999999997,3.2
1667,17,58,2,1.7142857142857142,0.05729166666666666,0.21295885499997994,3.0476190476190474
1668,19,58,1,1.736842105263158,0.049479166666666664,0.4823763889427201,3.3684210526315788
1669,18,58,1,1.75,0.049479166666666664,0.39999999999999997,3.2
1670,17,58,1,1.6666666666666667,0.049479166666666664,0.21295885499997994,3.0476190476190474
1671,18,62,1,1.75,0.020833333333333332,0.39999999999999997,3.2
1672,17,62,0,1.7142857142857142,0.010416666666666666,0.21295885499997994,3.0476190476190474
1673,18,57,3,1.7,0.07552083333333333,0.39999999999999997,3.2
1674,18,62,1,1.75,0.0234375,0.39999999999999997,3.2
1675,18,60,0,1.7,0.021164021164021163,0.47696960070847283,3.15
1676,17,58,4,1.7142857142857142,0.07552083333333333,0.21295885499997994,3.0476190476190474
1677,18,60,2,1.75,0.04427083333333333,0.39999999999999997,3.2
1678,18,59,2,1.75,0.05208333333333333,0.39999999999999997,3.2
1679,18,59,2,1.75,0.049479166666666664,0.39999999999999997,3.2
1680,17,58,2,1.7142857142857142,0.0546875,0.21295885499997994,3.0476190476190474
1681,18,58,3,1.75,0.06510416666666666,0.39999999999999997,3.2
1682,19,57,3,1.7894736842105263,0.07291666666666666,0.4823763889427201,3.3684210526315788
1683,19,56,3,1.7894736842105263,0.07552083333333333,0.4823763889427201,3.3684210526315788
1684,18,59,2,1.75,0.0546875,0.39999999999999997,3.2
1685,18,62,0,1.7,0.013020833333333332,0.39999999999999997,3.2
1686,18,55,2,1.75,0.0859375,0.39999999999999997,3.2
1687,17,60,1,1.7142857142857142,0.033854166666666664,0.21295885499997994,3.0476190476190474
1688,17,59,0,1.7142857142857142,0.03645833333333333,0.21295885499997994,3.0476190476190474
1689,18,59,2,1.75,0.05208333333333333,0.39999999999999997,3.2
1690,18,59,3,1.75,0.05989583333333333,0.39999999999999997,3.2
1691,18,53,6,1.75,0.12760416666666666,0.39999999999999997,3.2
1692,19,58,3,1.7894736842105263,0.06770833333333333,0.4823763889427201,3.3684210526315788
1693,18,61,2,1.75,0.0390625,0.39999999999999997,3.2
1694,18,61,2,1.75,0.0390625,0.39999999999999997,3.2
1695,17,58,0,1.7142857142857142,0.041666666666666664,0.21295885499997994,3.0476190476190474
1696,18,62,0,1.75,0.013020833333333332,0.39999999999999997,3.2
1697,17,60,0,1.6666666666666667,0.021164021164021163,0.3086066999241838,3.0
1698,18,61,0,1.75,0.018229166666666664,0.39999999999999997,3.2
1699,17,56,4,1.7142857142857142,0.08593749999999999,0.21295885499997994,3.0476190476190474
1700,18,58,2,1.7,0.0625,0.39999999999999997,3.2
1701,19,62,1,1.7894736842105263,0.0234375,0.48237638894272,3.3684210526315788
1702,18,61,1,1.75,0.028645833333333332,0.39999999999999997,3.2
1703,17,58,2,1.6666666666666667,0.05026455026455026,0.3086066999241838,3.0
1704,18,57,2,1.75,0.06510416666666666,0.39999999999999997,3.2
1705,18,59,1,1.75,0.0390625,0.39999999999999997,3.2
1706,20,61,0,1.8333333333333333,0.020833333333333332,0.49690399499995325,3.5555555555555554
1707,17,60,0,1.7142857142857142,0.026041666666666664,0.21295885499997994,3.0476190476190474
1708,18,55,2,1.75,0.07552083333333333,0.39999999999999997,3.2
1709,17,57,0,1.7142857142857142,0.046875,0.21295885499997994,3.0476190476190474
1710,17,55,3,1.7142857142857142,0.08072916666666666,0.21295885499997994,3.0476190476190474
1711,19,59,2,1.7894736842105263,0.05208333333333333,0.4823763889427201,3.3684210526315788
1712,17,59,2,1.7142857142857142,0.05208333333333333,0.21295885499997994,3.0476190476190474
1713,17,61,2,1.6666666666666667,0.03645833333333333,0.21295885499997994,3.0476190476190474
1714,19,58,2,1.7894736842105263,0.057291666666666664,0.4823763889427201,3.3684210526315788
1715,17,56,2,1.7142857142857142,0.0703125,0.21295885499997994,3.0476190476190474
1716,17,62,1,1.7142857142857142,0.020833333333333332,0.21295885499997994,3.0476190476190474
1717,19,59,2,1.7894736842105263,0.05208333333333333,0.48237638894272,3.3684210526315788
1718,19,61,2,1.7894736842105263,0.0390625,0.4823763889427201,3.3684210526315788
1719,18,58,1,1.75,0.049479166666666664,0.39999999999999997,3.2
1720,19,62,1,1.7894736842105263,0.0234375,0.4823763889427201,3.3684210526315788
1721,18,59,3,1.75,0.05989583333333333,0.39999999999999997,3.2
1722,18,56,3,1.7,0.08072916666666666,0.39999999999999997,3.2
1723,17,57,2,1.7142857142857142,0.06510416666666667,0.21295885499997994,3.0476190476190474
1724,19,60,3,1.736842105263158,0.0546875,0.4823763889427201,3.3684210526315788
1725,18,55,2,1.7,0.07407407407407407,0.47696960070847283,3.15
1726,17,59,1,1.7142857142857142,0.03645833333333333,0.21295885499997994,3.0476190476190474
1727,18,57,2,1.75,0.06249999999999999,0.39999999999999997,3.2
1728,18,59,2,1.75,0.05208333333333333,0.39999999999999997,3.2
1729,18,57,2,1.75,0.0625,0.39999999999999997,3.2
1730,17,57,3,1.7142857142857142,0.07552083333333334,0.21295885499997994,3.0476190476190474
1731,18,60,1,1.75,0.03645833333333333,0.39999999999999997,3.2
1732,19,58,1,1.6842105263157894,0.041666666666666664,0.4823763889427201,3.3684210526315788
1733,17,56,2,1.7142857142857142,0.06770833333333333,0.21295885499997994,3.0476190476190474
1734,18,55,2,1.75,0.07552083333333333,0.39999999999999997,3.2
1735,18,60,1,1.75,0.03645833333333333,0.39999999999999997,3.2
1736,17,56,5,1.7142857142857142,0.1015625,0.21295885499997994,3.0476190476190474
1737,19,58,5,1.7894736842105263,0.08333333333333333,0.48237638894272,3.3684210526315788
1738,18,59,2,1.75,0.05208333333333333,0.39999999999999997,3.2
1739,18,58,4,1.7,0.078125,0.39999999999999997,3.2
1740,18,57,3,1.75,0.07552083333333334,0.39999999999999997,3.2
1741,18,63,0,1.75,0.005208333333333333,0.39999999999999997,3.2
1742,18,60,2,1.75,0.04427083333333333,0.39999999999999997,3.2
1743,18,58,2,1.7,0.05026455026455026,0.47696960070847283,3.15
1744,17,59,3,1.6666666666666667,0.05729166666666666,0.21295885499997994,3.0476190476190474
1745,18,59,1,1.75,0.0390625,0.39999999999999997,3.2
1746,19,56,2,1.7894736842105263,0.0703125,0.48237638894272,3.3684210526315788
1747,17,59,1,1.7142857142857142,0.046875,0.21295885499997994,3.0476190476190474
1748,17,55,4,1.7142857142857142,0.09895833333333333,0.21295885499997994,3.0476190476190474
1749,19,56,3,1.736842105263158,0.078125,0.4823763889427201,3.3684210526315788
1750,17,59,1,1.7142857142857142,0.041666666666666664,0.21295885499997994,3.0476190476190474
1751,19,59,0,1.7894736842105263,0.03125,0.4823763889427201,3.3684210526315788
1752,18,60,1,1.75,0.03645833333333333,0.39999999999999997,3.2
1753,18,61,2,1.75,0.0390625,0.39999999999999997,3.2
1754,19,60,0,1.7894736842105263,0.026041666666666664,0.4823763889427201,3.3684210526315788
1755,17,61,0,1.7142857142857142,0.018229166666666664,0.21295885499997994,3.0476190476190474
1756,18,60,2,1.75,0.046875,0.39999999999999997,3.2
1757,17,59,3,1.7142857142857142,0.05989583333333333,0.21295885499997994,3.0476190476190474
1758,18,53,1,1.7,0.08072916666666666,0.39999999999999997,3.2
1759,18,59,1,1.75,0.041666666666666664,0.39999999999999997,3.2
1760,18,59,1,1.75,0.0390625,0.39999999999999997,3.2
1761,19,60,1,1.7894736842105263,0.033854166666666664,0.4823763889427201,3.3684210526315788
1762,18,58,1,1.75,0.0546875,0.39999999999999997,3.2
1763,18,57,3,1.75,0.07291666666666666,0.39999999999999997,3.2
1764,17,60,0,1.7142857142857142,0.028645833333333332,0.21295885499997994,3.0476190476190474
1765,17,60,1,1.7142857142857142,0.033854166666666664,0.21295885499997994,3.0476190476190474
1766,18,55,3,1.75,0.08333333333333333,0.39999999999999997,3.2
1767,18,62,0,1.7,0.005291005291005291,0.47696960070847283,3.15
1768,18,57,1,1.75,0.05729166666666666,0.39999999999999997,3.2
1769,19,61,1,1.7894736842105263,0.03125,0.4823763889427201,3.3684210526315788
1770,18,58,2,1.75,0.05989583333333333,0.39999999999999997,3.2
1771,19,59,2,1.7894736842105263,0.05208333333333333,0.4823763889427201,3.3684210526315788
1772,17,60,2,1.7142857142857142,0.046875,0.21295885499997994,3.0476190476190474
1773,17,56,3,1.6666666666666667,0.07142857142857142,0.3086066999241838,3.0
1774,17,61,0,1.7142857142857142,0.020833333333333332,0.21295885499997994,3.0476190476190474
1775,18,58,2,1.75,0.0625,0.39999999999999997,3.2
1776,18,56,3,1.7,0.07142857142857142,0.47696960070847283,3.15
1777,17,58,2,1.6666666666666667,0.05291005291005291,0.3086066999241838,3.0
1778,17,60,1,1.7142857142857142,0.03125,0.21295885499997994,3.0476190476190474
1779,17,61,1,1.7142857142857142,0.028645833333333332,0.21295885499997994,3.0476190476190474
1780,18,61,1,1.75,0.028645833333333332,0.39999999999999997,3.2
1781,18,56,3,1.75,0.078125,0.39999999999999997,3.2
1782,19,56,3,1.7894736842105263,0.078125,0.48237638894272,3.3684210526315788
1783,19,60,3,1.7894736842105263,0.05208333333333333,0.4823763889427201,3.3684210526315788
1784,18,57,4,1.75,0.08333333333333333,0.39999999999999997,3.2
1785,19,63,0,1.7894736842105263,0.0078125,0.48237638894272,3.3684210526315788
1786,19,57,1,1.7894736842105263,0.05208333333333333,0.4823763889427201,3.3684210526315788
1787,18,58,2,1.75,0.057291666666666664,0.39999999999999997,3.2
1788,19,57,7,1.7894736842105263,0.109375,0.4823763889427201,3.3684210526315788
1789,17,60,2,1.7142857142857142,0.046875,0.21295885499997994,3.0476190476190474
1790,17,56,3,1.7142857142857142,0.0859375,0.21295885499997994,3.0476190476190474
1791,17,59,4,1.7142857142857142,0.06770833333333333,0.21295885499997994,3.0476190476190474
1792,17,56,7,1.7142857142857142,0.11458333333333334,0.21295885499997994,3.0476190476190474
1793,19,57,2,1.7894736842105263,0.06510416666666667,0.48237638894272,3.3684210526315788
1794,18,54,1,1.75,0.078125,0.39999999999999997,3.2
1795,18,58,0,1.75,0.0390625,0.39999999999999997,3.2
1796,18,58,2,1.75,0.05989583333333333,0.39999999999999997,3.2
1797,18,58,4,1.75,0.07552083333333333,0.39999999999999997,3.2
1798,17,58,0,1.7142857142857142,0.041666666666666664,0.21295885499997994,3.0476190476190474
1799,18,59,4,1.75,0.06770833333333333,0.39999999999999997,3.2
1800,18,61,0,1.75,0.015625,0.39999999999999997,3.2
1801,19,59,0,1.7894736842105263,0.03125,0.4823763889427201,3.3684210526315788
1802,17,61,1,1.7142857142857142,0.03125,0.21295885499997994,3.0476190476190474
1803,19,60,0,1.7894736842105263,0.026041666666666664,0.48237638894272,3.3684210526315788
1804,18,59,0,1.75,0.031249999999999997,0.39999999999999997,3.2
1805,17,57,4,1.7142857142857142,0.0859375,0.21295885499997994,3.0476190476190474
1806,18,58,2,1.75,0.057291666666666664,0.39999999999999997,3.2
1807,17,56,2,1.7142857142857142,0.0703125,0.21295885499997994,3.0476190476190474
1808,19,58,1,1.7894736842105263,0.046875,0.4823763889427201,3.3684210526315788
1809,18,61,2,1.7,0.031746031746031744,0.47696960070847283,3.15
1810,18,61,1,1.75,0.028645833333333332,0.39999999999999997,3.2
1811,17,62,1,1.7142857142857142,0.020833333333333332,0.21295885499997994,3.0476190476190474
1812,17,60,2,1.7142857142857142,0.04427083333333333,0.21295885499997994,3.0476190476190474
1813,18,59,2,1.7,0.05208333333333333,0.39999999999999997,3.2
1814,18,56,3,1.75,0.078125,0.39999999999999997,3.2
1815,19,62,0,1.7894736842105263,0.013020833333333332,0.4823763889427201,3.3684210526315788
1816,17,62,1,1.7142857142857142,0.020833333333333332,0.21295885499997994,3.0476190476190474
1817,18,63,1,1.75,0.015625,0.39999999999999997,3.2
1818,18,60,0,1.75,0.026041666666666664,0.39999999999999997,3.2
1819,18,60,1,1.7,0.03645833333333333,0.39999999999999997,3.2
1820,19,60,1,1.7894736842105263,0.0390625,0.4823763889427201,3.3684210526315788
1821,18,62,1,1.7,0.020833333333333332,0.39999999999999997,3.2
1822,17,61,3,1.6666666666666667,0.046875,0.21295885499997994,3.0476190476190474
1823,18,61,2,1.75,0.03645833333333333,0.39999999999999997,3.2
1824,18,55,3,1.75,0.08072916666666667,0.39999999999999997,3.2
1825,18,60,0,1.75,0.023437499999999997,0.39999999999999997,3.2
1826,18,57,3,1.75,0.07291666666666666,0.39999999999999997,3.2
1827,17,59,3,1.6666666666666667,0.05989583333333333,0.21295885499997994,3.0476190476190474
1828,19,58,2,1.7894736842105263,0.0546875,0.4823763889427201,3.3684210526315788
1829,17,59,2,1.7142857142857142,0.049479166666666664,0.21295885499997994,3.0476190476190474
1830,18,63,0,1.75,0.005208333333333333,0.39999999999999997,3.2
1831,17,59,0,1.7142857142857142,0.033854166666666664,0.21295885499997994,3.0476190476190474
1832,18,55,5,1.75,0.1015625,0.39999999999999997,3.2
1833,18,62,1,1.75,0.020833333333333332,0.39999999999999997,3.2
1834,18,61,0,1.7,0.0234375,0.39999999999999997,3.2
1835,18,61,3,1.7,0.046875,0.39999999999999997,3.2
1836,18,60,1,1.75,0.031249999999999997,0.39999999999999997,3.2
1837,17,59,1,1.7142857142857142,0.03645833333333333,0.21295885499997994,3.0476190476190474
1838,18,56,3,1.7,0.078125,0.39999999999999997,3.2
1839,17,59,3,1.7142857142857142,0.0625,0.21295885499997994,3.0476190476190474
1840,18,60,2,1.75,0.041666666666666664,0.39999999999999997,3.2
1841,17,60,1,1.7142857142857142,0.036458333333333336,0.21295885499997994,3.0476190476190474
1842,17,59,2,1.6666666666666667,0.049479166666666664,0.21295885499997994,3.0476190476190474
1843,18,62,0,1.75,0.013020833333333332,0.39999999999999997,3.2
1844,18,55,5,1.75,0.10677083333333334,0.39999999999999997,3.2
1845,19,59,2,1.7894736842105263,0.05208333333333333,0.4823763889427201,3.3684210526315788
1846,19,60,3,1.7894736842105263,0.052083333333333336,0.4823763889427201,3.3684210526315788
1847,19,59,2,1.7894736842105263,0.05208333333333333,0.4823763889427201,3.3684210526315788
1848,17,56,4,1.7142857142857142,0.0859375,0.21295885499997994,3.0476190476190474
1849,19,60,3,1.7894736842105263,0.0546875,0.4823763889427201,3.3684210526315788
1850,19,59,1,1.7894736842105263,0.03645833333333333,0.4823763889427201,3.3684210526315788
1851,19,59,2,1.7894736842105263,0.05208333333333333,0.4823763889427201,3.3684210526315788
1852,18,61,2,1.75,0.036458333333333336,0.39999999999999997,3.2
1853,18,60,2,1.75,0.041666666666666664,0.39999999999999997,3.2
1854,17,61,1,1.7142857142857142,0.026041666666666664,0.21295885499997996,3.0476190476190474
1855,18,56,2,1.75,0.0703125,0.39999999999999997,3.2
1856,18,56,3,1.75,0.07552083333333333,0.39999999999999997,3.2
1857,17,58,1,1.7142857142857142,0.049479166666666664,0.21295885499997994,3.0476190476190474
1858,18,58,0,1.75,0.033854166666666664,0.39999999999999997,3.2
1859,18,64,0,1.75,0.0,0.39999999999999997,3.2
1860,18,57,3,1.75,0.07552083333333333,0.39999999999999997,3.2
1861,19,58,2,1.7894736842105263,0.05989583333333333,0.4823763889427201,3.3684210526315788
1862,18,60,1,1.75,0.033854166666666664,0.39999999999999997,3.2
1863,17,59,1,1.7142857142857142,0.0390625,0.21295885499997994,3.0476190476190474
1864,19,60,2,1.7894736842105263,0.04427083333333333,0.4823763889427201,3.3684210526315788
1865,17,61,0,1.7142857142857142,0.018229166666666664,0.21295885499997994,3.0476190476190474
1866,17,60,1,1.6666666666666667,0.033854166666666664,0.21295885499997994,3.0476190476190474
1867,18,59,0,1.75,0.033854166666666664,0.39999999999999997,3.2
1868,19,57,2,1.7894736842105263,0.0625,0.4823763889427201,3.3684210526315788
1869,17,55,3,1.7142857142857142,0.08854166666666666,0.21295885499997994,3.0476190476190474
1870,18,59,2,1.75,0.05208333333333333,0.39999999999999997,3.2
1871,17,58,3,1.7142857142857142,0.06770833333333334,0.21295885499997994,3.0476190476190474
1872,18,61,0,1.75,0.018229166666666664,0.39999999999999997,3.2
1873,18,57,1,1.75,0.05729166666666666,0.39999999999999997,3.2
1874,18,62,0,1.75,0.013020833333333332,0.39999999999999997,3.2
1875,17,58,2,1.7142857142857142,0.057291666666666664,0.21295885499997994,3.0476190476190474
1876,18,59,2,1.75,0.05208333333333333,0.39999999999999997,3.2
1877,17,63,0,1.619047619047619,0.0078125,0.21295885499997994,3.0476190476190474
1878,17,61,3,1.7142857142857142,0.046875,0.21295885499997994,3.0476190476190474
1879,18,62,1,1.75,0.020833333333333332,0.39999999999999997,3.2
1880,19,61,1,1.7894736842105263,0.03125,0.4823763889427201,3.3684210526315788
1881,17,58,2,1.7142857142857142,0.0546875,0.21295885499997994,3.0476190476190474
1882,18,57,0,1.75,0.049479166666666664,0.39999999999999997,3.2
1883,19,54,5,1.7894736842105263,0.10677083333333333,0.48237638894272,3.3684210526315788
1884,17,61,0,1.7142857142857142,0.020833333333333332,0.21295885499997994,3.0476190476190474
1885,18,57,6,1.7,0.1015625,0.39999999999999997,3.2
1886,18,57,3,1.7,0.06349206349206349,0.47696960070847283,3.15
1887,18,60,1,1.75,0.0390625,0.39999999999999997,3.2
1888,19,60,0,1.7894736842105263,0.028645833333333332,0.48237638894272,3.3684210526315788
1889,17,57,3,1.7142857142857142,0.07291666666666666,0.21295885499997994,3.0476190476190474
1890,19,58,2,1.7894736842105263,0.057291666666666664,0.48237638894272,3.3684210526315788
1891,17,60,0,1.7142857142857142,0.0234375,0.21295885499997994,3.0476190476190474
1892,18,57,2,1.75,0.06510416666666666,0.39999999999999997,3.2
1893,18,60,2,1.75,0.046875,0.39999999999999997,3.2
1894,18,58,2,1.75,0.05729166666666666,0.39999999999999997,3.2
1895,17,59,1,1.7142857142857142,0.0390625,0.21295885499997994,3.0476190476190474
1896,18,57,1,1.75,0.052083333333333336,0.39999999999999997,3.2
1898,20,48,12,1.7777777777777777,0.21875,0.49690399499995325,3.5555555555555554
1899,20,48,12,1.7777777777777777,0.21875,0.49690399499995325,3.5555555555555554
1900,20,48,12,1.7777777777777777,0.21875,0.49690399499995325,3.5555555555555554
1901,20,48,12,1.7777777777777777,0.21875,0.49690399499995325,3.5555555555555554
1902,20,48,12,1.7777777777777777,0.21875,0.49690399499995325,3.5555555555555554
1903,20,48,12,1.7777777777777777,0.21875,0.49690399499995325,3.5555555555555554
1904,20,48,12,1.7777777777777777,0.21875,0.49690399499995325,3.5555555555555554
1905,20,48,12,1.7777777777777777,0.21875,0.49690399499995325,3.5555555555555554
1906,20,48,12,1.7777777777777777,0.21875,0.49690399499995325,3.5555555555555554
1907,20,48,12,1.7777777777777777,0.21875,0.49690399499995325,3.5555555555555554
