Episode,Desafios_sin_equipo,Estudiantes_fuera_preferencias,Estudiantes_primera_prioridad,Promedio_carreras_por_equipo,Satisfaccion_promedio,STD_tamano_equipos,Tamano_promedio_equipo
2,19,60,0,1.7894736842105263,0.03125,0.48237638894272,3.3684210526315788
3,17,57,0,1.7142857142857142,0.04427083333333333,0.21295885499997994,3.0476190476190474
4,18,58,2,1.75,0.05989583333333333,0.39999999999999997,3.2
5,17,59,1,1.7142857142857142,0.0390625,0.21295885499997994,3.0476190476190474
6,19,56,3,1.7894736842105263,0.08333333333333334,0.4823763889427201,3.3684210526315788
7,17,57,4,1.7142857142857142,0.08072916666666666,0.21295885499997994,3.0476190476190474
8,17,60,2,1.7142857142857142,0.04427083333333333,0.21295885499997994,3.0476190476190474
9,17,61,1,1.7142857142857142,0.028645833333333332,0.21295885499997994,3.0476190476190474
10,19,57,0,1.7894736842105263,0.041666666666666664,0.4823763889427201,3.3684210526315788
11,18,62,2,1.75,0.03125,0.39999999999999997,3.2
12,17,59,5,1.7142857142857142,0.078125,0.21295885499997994,3.0476190476190474
13,18,59,1,1.75,0.041666666666666664,0.39999999999999997,3.2
14,18,61,1,1.7,0.026041666666666664,0.39999999999999997,3.2
15,18,61,1,1.75,0.03125,0.39999999999999997,3.2
16,17,59,3,1.7142857142857142,0.05989583333333333,0.21295885499997994,3.0476190476190474
17,18,58,0,1.75,0.041666666666666664,0.39999999999999997,3.2
18,18,60,2,1.75,0.046875,0.39999999999999997,3.2
19,18,62,0,1.75,0.010416666666666666,0.39999999999999997,3.2
20,18,60,1,1.75,0.0390625,0.39999999999999997,3.2
21,18,58,2,1.75,0.05989583333333333,0.39999999999999997,3.2
22,18,60,2,1.75,0.04427083333333333,0.39999999999999997,3.2
23,19,60,1,1.7894736842105263,0.033854166666666664,0.4823763889427201,3.3684210526315788
24,17,60,2,1.7142857142857142,0.04427083333333333,0.21295885499997994,3.0476190476190474
25,18,61,2,1.75,0.0390625,0.39999999999999997,3.2
26,17,60,1,1.7142857142857142,0.0390625,0.21295885499997994,3.0476190476190474
27,18,55,3,1.75,0.08854166666666666,0.39999999999999997,3.2
28,18,61,0,1.75,0.018229166666666664,0.39999999999999997,3.2
29,19,60,0,1.7894736842105263,0.026041666666666664,0.4823763889427201,3.3684210526315788
30,18,58,2,1.75,0.05989583333333333,0.39999999999999997,3.2
31,19,58,1,1.7894736842105263,0.049479166666666664,0.48237638894272,3.3684210526315788
32,18,61,1,1.75,0.026041666666666664,0.39999999999999997,3.2
33,18,63,1,1.75,0.015625,0.39999999999999997,3.2
34,18,56,6,1.75,0.10416666666666667,0.39999999999999997,3.2
35,19,60,0,1.7894736842105263,0.0234375,0.4823763889427201,3.3684210526315788
36,17,61,2,1.6666666666666667,0.0390625,0.21295885499997994,3.0476190476190474
37,19,57,3,1.7894736842105263,0.06770833333333333,0.48237638894272,3.3684210526315788
38,17,59,1,1.7142857142857142,0.0390625,0.21295885499997994,3.0476190476190474
39,18,62,0,1.75,0.010416666666666666,0.39999999999999997,3.2
40,18,61,1,1.75,0.028645833333333332,0.39999999999999997,3.2
41,18,62,2,1.75,0.03125,0.39999999999999997,3.2
42,18,62,0,1.75,0.013020833333333332,0.39999999999999997,3.2
43,17,60,0,1.7142857142857142,0.028645833333333332,0.21295885499997994,3.0476190476190474
44,20,57,2,1.8333333333333333,0.06770833333333333,0.49690399499995325,3.5555555555555554
45,17,59,2,1.7142857142857142,0.05208333333333333,0.21295885499997994,3.0476190476190474
46,18,62,2,1.7,0.03125,0.39999999999999997,3.2
47,18,59,1,1.75,0.04427083333333333,0.39999999999999997,3.2
48,19,59,2,1.7894736842105263,0.052083333333333336,0.4823763889427201,3.3684210526315788
49,18,62,1,1.75,0.0234375,0.39999999999999997,3.2
50,18,63,1,1.75,0.015625,0.39999999999999997,3.2
51,17,59,1,1.7142857142857142,0.041666666666666664,0.21295885499997994,3.0476190476190474
52,18,61,1,1.75,0.028645833333333332,0.39999999999999997,3.2
53,19,61,1,1.7894736842105263,0.026041666666666664,0.4823763889427201,3.3684210526315788
54,19,56,1,1.736842105263158,0.06084656084656084,0.5668594533825794,3.3157894736842106
55,18,59,4,1.75,0.0703125,0.39999999999999997,3.2
56,19,63,0,1.7894736842105263,0.005208333333333333,0.4823763889427201,3.3684210526315788
57,17,53,3,1.7142857142857142,0.10416666666666666,0.21295885499997994,3.0476190476190474
58,18,60,2,1.75,0.04427083333333333,0.39999999999999997,3.2
59,19,59,2,1.7894736842105263,0.05208333333333333,0.4823763889427201,3.3684210526315788
60,18,60,1,1.75,0.03645833333333333,0.39999999999999997,3.2
61,19,56,3,1.7894736842105263,0.08072916666666666,0.4823763889427201,3.3684210526315788
62,20,63,0,1.8333333333333333,0.0078125,0.49690399499995325,3.5555555555555554
63,18,59,2,1.75,0.05208333333333333,0.39999999999999997,3.2
64,18,60,2,1.75,0.046875,0.39999999999999997,3.2
65,17,54,2,1.7142857142857142,0.08333333333333333,0.21295885499997994,3.0476190476190474
66,19,59,1,1.7894736842105263,0.0390625,0.4823763889427201,3.3684210526315788
67,18,59,1,1.7,0.03968253968253968,0.47696960070847283,3.15
68,17,56,1,1.6666666666666667,0.05291005291005291,0.3086066999241838,3.0
69,18,62,2,1.75,0.03125,0.39999999999999997,3.2
70,18,59,1,1.75,0.036458333333333336,0.39999999999999997,3.2
71,18,62,2,1.75,0.03125,0.39999999999999997,3.2
72,17,58,2,1.7142857142857142,0.057291666666666664,0.21295885499997994,3.0476190476190474
73,18,59,3,1.75,0.059895833333333336,0.39999999999999997,3.2
74,18,55,3,1.75,0.08854166666666666,0.39999999999999997,3.2
75,17,59,2,1.7142857142857142,0.05208333333333333,0.21295885499997994,3.0476190476190474
76,18,58,3,1.75,0.0625,0.39999999999999997,3.2
77,18,54,7,1.7,0.13020833333333331,0.39999999999999997,3.2
78,17,61,2,1.6666666666666667,0.036458333333333336,0.21295885499997994,3.0476190476190474
79,18,56,3,1.75,0.07552083333333333,0.39999999999999997,3.2
80,17,58,2,1.7142857142857142,0.0546875,0.21295885499997994,3.0476190476190474
81,18,58,1,1.75,0.049479166666666664,0.39999999999999997,3.2
82,18,56,2,1.75,0.0703125,0.39999999999999997,3.2
83,18,60,1,1.75,0.03125,0.39999999999999997,3.2
84,17,55,4,1.7142857142857142,0.09375,0.21295885499997994,3.0476190476190474
85,19,54,5,1.7894736842105263,0.11458333333333333,0.48237638894272,3.3684210526315788
86,17,62,1,1.7142857142857142,0.020833333333333332,0.21295885499997994,3.0476190476190474
87,18,61,1,1.75,0.026041666666666664,0.39999999999999997,3.2
88,18,62,0,1.75,0.015625,0.39999999999999997,3.2
89,17,60,2,1.7142857142857142,0.041666666666666664,0.21295885499997994,3.0476190476190474
90,18,56,1,1.75,0.0625,0.39999999999999997,3.2
91,19,55,7,1.7894736842105263,0.125,0.4823763889427201,3.3684210526315788
92,17,60,1,1.7142857142857142,0.033854166666666664,0.21295885499997994,3.0476190476190474
93,18,57,1,1.75,0.0546875,0.39999999999999997,3.2
94,19,57,2,1.7894736842105263,0.06510416666666666,0.4823763889427201,3.3684210526315788
95,18,60,1,1.75,0.03645833333333333,0.39999999999999997,3.2
96,18,60,2,1.75,0.046875,0.39999999999999997,3.2
97,17,62,0,1.7142857142857142,0.010416666666666666,0.21295885499997994,3.0476190476190474
98,17,62,0,1.7142857142857142,0.013020833333333332,0.21295885499997994,3.0476190476190474
99,18,56,1,1.75,0.05989583333333333,0.39999999999999997,3.2
100,18,62,1,1.75,0.0234375,0.39999999999999997,3.2
101,19,60,2,1.736842105263158,0.04427083333333333,0.4823763889427201,3.3684210526315788
102,18,58,2,1.75,0.05468749999999999,0.39999999999999997,3.2
103,18,55,3,1.75,0.09114583333333333,0.39999999999999997,3.2
104,17,57,3,1.7142857142857142,0.0703125,0.21295885499997994,3.0476190476190474
105,17,60,1,1.6666666666666667,0.0390625,0.21295885499997994,3.0476190476190474
106,19,57,3,1.7894736842105263,0.07552083333333334,0.4823763889427201,3.3684210526315788
107,18,61,2,1.75,0.03645833333333333,0.39999999999999997,3.2
108,18,58,3,1.7,0.06084656084656084,0.47696960070847283,3.15
109,18,57,4,1.75,0.08333333333333333,0.39999999999999997,3.2
110,18,59,1,1.75,0.041666666666666664,0.39999999999999997,3.2
111,17,59,1,1.7142857142857142,0.04427083333333333,0.21295885499997994,3.0476190476190474
112,17,59,0,1.7142857142857142,0.0390625,0.21295885499997994,3.0476190476190474
113,18,60,2,1.75,0.04427083333333333,0.39999999999999997,3.2
114,18,56,4,1.7,0.09114583333333333,0.39999999999999997,3.2
115,18,55,3,1.75,0.08333333333333333,0.39999999999999997,3.2
116,17,55,5,1.7142857142857142,0.09895833333333331,0.21295885499997994,3.0476190476190474
117,17,58,2,1.7142857142857142,0.0546875,0.21295885499997994,3.0476190476190474
118,17,57,3,1.7142857142857142,0.07291666666666666,0.21295885499997994,3.0476190476190474
119,18,55,2,1.75,0.07552083333333333,0.39999999999999997,3.2
120,19,59,2,1.7894736842105263,0.049479166666666664,0.4823763889427201,3.3684210526315788
121,18,56,2,1.75,0.06770833333333333,0.39999999999999997,3.2
122,19,57,1,1.7894736842105263,0.0546875,0.48237638894272,3.3684210526315788
123,18,57,3,1.75,0.0703125,0.39999999999999997,3.2
124,18,60,2,1.75,0.04427083333333333,0.39999999999999997,3.2
125,17,60,2,1.7142857142857142,0.044270833333333336,0.21295885499997994,3.0476190476190474
126,19,55,4,1.7894736842105263,0.09895833333333333,0.4823763889427201,3.3684210526315788
127,18,58,1,1.75,0.04427083333333333,0.39999999999999997,3.2
128,18,56,2,1.75,0.0703125,0.39999999999999997,3.2
129,19,57,2,1.7894736842105263,0.0625,0.4823763889427201,3.3684210526315788
130,17,61,0,1.7142857142857142,0.020833333333333332,0.21295885499997994,3.0476190476190474
131,18,57,1,1.7,0.0546875,0.39999999999999997,3.2
132,19,56,1,1.7894736842105263,0.0546875,0.4823763889427201,3.3684210526315788
133,18,53,6,1.7,0.12169312169312169,0.47696960070847283,3.15
134,18,55,7,1.75,0.12239583333333333,0.39999999999999997,3.2
135,18,60,0,1.75,0.026041666666666664,0.39999999999999997,3.2
136,18,59,2,1.75,0.05208333333333333,0.39999999999999997,3.2
137,18,57,0,1.75,0.046875,0.39999999999999997,3.2
138,18,59,2,1.75,0.0546875,0.39999999999999997,3.2
139,17,60,1,1.7142857142857142,0.03645833333333333,0.21295885499997994,3.0476190476190474
140,18,59,1,1.7,0.0390625,0.39999999999999997,3.2
141,18,60,1,1.75,0.03645833333333333,0.39999999999999997,3.2
142,19,59,4,1.7894736842105263,0.0703125,0.48237638894272,3.3684210526315788
143,17,58,2,1.6666666666666667,0.057291666666666664,0.21295885499997994,3.0476190476190474
144,19,56,2,1.7894736842105263,0.07552083333333333,0.4823763889427201,3.3684210526315788
145,18,57,1,1.75,0.057291666666666664,0.39999999999999997,3.2
146,20,54,2,1.8333333333333333,0.08593749999999999,0.49690399499995325,3.5555555555555554
147,18,57,4,1.75,0.0859375,0.39999999999999997,3.2
148,18,59,4,1.7,0.0703125,0.39999999999999997,3.2
149,20,59,2,1.8333333333333333,0.0546875,0.49690399499995325,3.5555555555555554
150,17,58,3,1.7142857142857142,0.06770833333333333,0.21295885499997994,3.0476190476190474
151,19,55,4,1.7894736842105263,0.09375,0.4823763889427201,3.3684210526315788
152,17,58,4,1.6666666666666667,0.07552083333333333,0.21295885499997994,3.0476190476190474
153,18,61,0,1.75,0.015625,0.39999999999999997,3.2
154,17,58,2,1.7142857142857142,0.05729166666666666,0.21295885499997994,3.0476190476190474
155,20,54,2,1.8333333333333333,0.08333333333333333,0.49690399499995325,3.5555555555555554
156,17,59,2,1.7142857142857142,0.0546875,0.21295885499997994,3.0476190476190474
157,18,57,2,1.75,0.06510416666666667,0.39999999999999997,3.2
158,17,53,1,1.7142857142857142,0.08333333333333333,0.21295885499997994,3.0476190476190474
159,18,59,2,1.75,0.05208333333333333,0.39999999999999997,3.2
160,17,57,2,1.7142857142857142,0.06770833333333333,0.21295885499997994,3.0476190476190474
161,18,58,2,1.75,0.057291666666666664,0.39999999999999997,3.2
162,18,59,1,1.75,0.041666666666666664,0.39999999999999997,3.2
163,18,57,5,1.75,0.08854166666666666,0.39999999999999997,3.2
164,19,56,3,1.7894736842105263,0.08333333333333334,0.4823763889427201,3.3684210526315788
165,19,58,1,1.7894736842105263,0.046875,0.4823763889427201,3.3684210526315788
166,18,59,3,1.7,0.059895833333333336,0.39999999999999997,3.2
167,18,54,3,1.75,0.1015625,0.39999999999999997,3.2
168,17,58,5,1.6666666666666667,0.08333333333333333,0.21295885499997994,3.0476190476190474
169,17,55,3,1.7142857142857142,0.0859375,0.21295885499997994,3.0476190476190474
170,18,56,2,1.75,0.07291666666666666,0.39999999999999997,3.2
171,19,60,1,1.7894736842105263,0.03645833333333333,0.4823763889427201,3.3684210526315788
172,18,58,4,1.75,0.07552083333333333,0.39999999999999997,3.2
173,18,55,4,1.75,0.09114583333333333,0.39999999999999997,3.2
174,18,59,2,1.75,0.05208333333333333,0.39999999999999997,3.2
175,17,54,3,1.7142857142857142,0.09635416666666666,0.21295885499997994,3.0476190476190474
176,18,59,2,1.75,0.049479166666666664,0.39999999999999997,3.2
177,17,55,2,1.7142857142857142,0.07291666666666666,0.21295885499997994,3.0476190476190474
178,17,57,2,1.7142857142857142,0.06510416666666667,0.21295885499997994,3.0476190476190474
179,18,58,1,1.75,0.049479166666666664,0.39999999999999997,3.2
180,18,55,4,1.75,0.09375,0.39999999999999997,3.2
181,18,56,3,1.75,0.08072916666666666,0.39999999999999997,3.2
182,18,56,4,1.75,0.0859375,0.39999999999999997,3.2
183,19,58,0,1.7894736842105263,0.0390625,0.4823763889427201,3.3684210526315788
184,19,55,3,1.7894736842105263,0.08333333333333333,0.48237638894272,3.3684210526315788
185,17,55,3,1.7142857142857142,0.08854166666666666,0.21295885499997994,3.0476190476190474
186,18,58,4,1.75,0.078125,0.39999999999999997,3.2
187,18,55,6,1.65,0.11458333333333334,0.39999999999999997,3.2
188,19,56,1,1.7894736842105263,0.06510416666666666,0.4823763889427201,3.3684210526315788
189,17,55,4,1.7142857142857142,0.09895833333333333,0.21295885499997994,3.0476190476190474
190,17,56,4,1.7142857142857142,0.09114583333333333,0.21295885499997994,3.0476190476190474
191,17,57,3,1.7142857142857142,0.07552083333333333,0.21295885499997994,3.0476190476190474
192,17,57,1,1.7142857142857142,0.057291666666666664,0.21295885499997994,3.0476190476190474
193,18,56,5,1.75,0.09375,0.39999999999999997,3.2
194,18,57,4,1.75,0.08333333333333333,0.39999999999999997,3.2
195,17,52,8,1.619047619047619,0.15364583333333334,0.21295885499997994,3.0476190476190474
196,18,51,8,1.75,0.15885416666666669,0.39999999999999997,3.2
197,19,57,1,1.7894736842105263,0.05989583333333333,0.4823763889427201,3.3684210526315788
198,17,55,5,1.7142857142857142,0.10677083333333334,0.21295885499997994,3.0476190476190474
199,18,55,1,1.7,0.07291666666666666,0.39999999999999997,3.2
200,18,57,4,1.75,0.08333333333333333,0.39999999999999997,3.2
201,17,58,4,1.7142857142857142,0.078125,0.21295885499997994,3.0476190476190474
202,18,56,3,1.75,0.08072916666666666,0.39999999999999997,3.2
203,19,59,3,1.7894736842105263,0.05989583333333333,0.4823763889427201,3.3684210526315788
204,18,55,2,1.7,0.08333333333333333,0.39999999999999997,3.2
205,18,51,4,1.75,0.12239583333333333,0.39999999999999997,3.2
206,18,54,5,1.75,0.109375,0.39999999999999997,3.2
207,18,54,5,1.75,0.10677083333333331,0.39999999999999997,3.2
208,19,59,2,1.7894736842105263,0.0546875,0.4823763889427201,3.3684210526315788
209,20,56,5,1.8333333333333333,0.1015625,0.49690399499995325,3.5555555555555554
210,19,56,4,1.7894736842105263,0.09114583333333333,0.4823763889427201,3.3684210526315788
211,18,56,2,1.75,0.07552083333333333,0.39999999999999997,3.2
212,19,55,2,1.7894736842105263,0.0859375,0.4823763889427201,3.3684210526315788
213,18,57,2,1.75,0.06770833333333333,0.39999999999999997,3.2
214,17,55,2,1.7142857142857142,0.08333333333333333,0.21295885499997994,3.0476190476190474
215,18,52,6,1.75,0.1328125,0.39999999999999997,3.2
216,19,49,2,1.7894736842105263,0.12239583333333333,0.48237638894272,3.3684210526315788
217,18,57,2,1.75,0.06510416666666666,0.39999999999999997,3.2
218,17,54,2,1.7142857142857142,0.09114583333333333,0.21295885499997994,3.0476190476190474
219,17,55,4,1.6666666666666667,0.09375,0.21295885499997994,3.0476190476190474
220,18,53,5,1.75,0.1171875,0.39999999999999997,3.2
221,18,57,3,1.75,0.07291666666666666,0.39999999999999997,3.2
222,18,57,1,1.75,0.057291666666666664,0.39999999999999997,3.2
223,19,57,2,1.7894736842105263,0.06770833333333334,0.4823763889427201,3.3684210526315788
224,18,55,6,1.7,0.11197916666666666,0.39999999999999997,3.2
225,19,54,4,1.7894736842105263,0.10416666666666666,0.4823763889427201,3.3684210526315788
226,17,54,5,1.7142857142857142,0.11458333333333333,0.21295885499997994,3.0476190476190474
227,17,54,3,1.7142857142857142,0.09375,0.21295885499997994,3.0476190476190474
228,17,53,3,1.6666666666666667,0.08730158730158728,0.3086066999241838,3.0
229,18,56,4,1.75,0.08854166666666667,0.39999999999999997,3.2
230,18,51,6,1.75,0.14322916666666666,0.39999999999999997,3.2
231,19,55,5,1.7894736842105263,0.10677083333333333,0.4823763889427201,3.3684210526315788
232,18,56,3,1.75,0.08333333333333333,0.39999999999999997,3.2
233,17,50,3,1.7142857142857142,0.11197916666666666,0.21295885499997994,3.0476190476190474
234,17,52,5,1.7142857142857142,0.12499999999999999,0.21295885499997994,3.0476190476190474
235,17,55,2,1.7142857142857142,0.08072916666666666,0.21295885499997994,3.0476190476190474
236,19,56,5,1.7894736842105263,0.1015625,0.4823763889427201,3.3684210526315788
237,19,54,5,1.7894736842105263,0.11197916666666667,0.4823763889427201,3.3684210526315788
238,18,52,3,1.7,0.10937499999999999,0.39999999999999997,3.2
239,17,57,3,1.7142857142857142,0.07291666666666666,0.21295885499997994,3.0476190476190474
240,18,52,6,1.75,0.1328125,0.39999999999999997,3.2
241,17,50,6,1.7142857142857142,0.1484375,0.21295885499997994,3.0476190476190474
242,18,56,2,1.75,0.07552083333333333,0.39999999999999997,3.2
243,18,54,7,1.75,0.13020833333333334,0.39999999999999997,3.2
244,19,52,7,1.7894736842105263,0.14322916666666666,0.4823763889427201,3.3684210526315788
245,17,54,4,1.7142857142857142,0.09895833333333333,0.21295885499997994,3.0476190476190474
246,19,55,3,1.7894736842105263,0.09114583333333333,0.4823763889427201,3.3684210526315788
247,19,49,6,1.736842105263158,0.15079365079365079,0.5668594533825794,3.3157894736842106
248,17,52,6,1.7142857142857142,0.13541666666666669,0.21295885499997994,3.0476190476190474
249,17,49,4,1.7142857142857142,0.13020833333333331,0.21295885499997994,3.0476190476190474
250,18,56,6,1.75,0.109375,0.39999999999999997,3.2
251,19,53,5,1.7894736842105263,0.11979166666666666,0.4823763889427201,3.3684210526315788
252,19,51,7,1.7894736842105263,0.15364583333333331,0.48237638894272,3.3684210526315788
253,19,56,2,1.7894736842105263,0.0703125,0.4823763889427201,3.3684210526315788
254,18,56,3,1.75,0.08333333333333333,0.39999999999999997,3.2
255,17,51,5,1.7142857142857142,0.1328125,0.21295885499997994,3.0476190476190474
256,18,48,9,1.7,0.1851851851851852,0.47696960070847283,3.15
257,18,58,4,1.75,0.07552083333333333,0.39999999999999997,3.2
258,19,54,4,1.7894736842105263,0.09895833333333333,0.4823763889427201,3.3684210526315788
259,18,57,3,1.75,0.078125,0.39999999999999997,3.2
260,18,52,5,1.7,0.12698412698412698,0.47696960070847283,3.15
261,18,55,3,1.75,0.09114583333333333,0.39999999999999997,3.2
262,17,53,5,1.7142857142857142,0.11979166666666666,0.21295885499997994,3.0476190476190474
263,19,55,5,1.7894736842105263,0.10677083333333334,0.4823763889427201,3.3684210526315788
264,17,51,7,1.7142857142857142,0.14583333333333331,0.21295885499997994,3.0476190476190474
265,17,55,3,1.6666666666666667,0.07936507936507936,0.3086066999241838,3.0
266,18,51,9,1.75,0.16927083333333334,0.39999999999999997,3.2
267,18,48,9,1.75,0.19270833333333331,0.39999999999999997,3.2
268,18,57,3,1.75,0.07552083333333333,0.39999999999999997,3.2
269,17,53,2,1.7142857142857142,0.09114583333333334,0.21295885499997994,3.0476190476190474
270,18,55,1,1.7,0.0687830687830688,0.47696960070847283,3.15
271,18,57,3,1.75,0.07552083333333333,0.39999999999999997,3.2
272,18,53,6,1.75,0.1328125,0.39999999999999997,3.2
273,19,55,6,1.7894736842105263,0.11197916666666666,0.4823763889427201,3.3684210526315788
274,17,57,3,1.7142857142857142,0.0703125,0.21295885499997994,3.0476190476190474
275,18,52,7,1.7,0.13756613756613756,0.47696960070847283,3.15
276,19,53,7,1.7894736842105263,0.13802083333333331,0.4823763889427201,3.3684210526315788
277,19,54,6,1.7894736842105263,0.12239583333333333,0.4823763889427201,3.3684210526315788
278,18,53,3,1.75,0.10416666666666666,0.39999999999999997,3.2
279,18,54,5,1.7,0.10937500000000001,0.39999999999999997,3.2
280,18,57,3,1.75,0.07552083333333334,0.39999999999999997,3.2
281,18,53,6,1.75,0.13020833333333331,0.39999999999999997,3.2
282,18,52,6,1.75,0.13802083333333331,0.39999999999999997,3.2
283,18,57,2,1.75,0.06510416666666666,0.39999999999999997,3.2
284,17,51,7,1.7142857142857142,0.15104166666666669,0.21295885499997994,3.0476190476190474
285,18,57,4,1.75,0.0859375,0.39999999999999997,3.2
286,19,57,4,1.7894736842105263,0.0859375,0.4823763889427201,3.3684210526315788
287,19,54,6,1.7894736842105263,0.11979166666666666,0.4823763889427201,3.3684210526315788
288,19,51,9,1.7894736842105263,0.16927083333333331,0.4823763889427201,3.3684210526315788
289,19,51,5,1.7894736842105263,0.13541666666666666,0.4823763889427201,3.3684210526315788
290,17,52,5,1.7142857142857142,0.12760416666666666,0.21295885499997994,3.0476190476190474
291,18,56,3,1.75,0.08333333333333333,0.39999999999999997,3.2
292,19,48,8,1.7894736842105263,0.17708333333333334,0.48237638894272,3.3684210526315788
293,17,53,3,1.7142857142857142,0.10156249999999999,0.21295885499997994,3.0476190476190474
294,19,54,6,1.7894736842105263,0.12239583333333333,0.4823763889427201,3.3684210526315788
295,19,51,7,1.736842105263158,0.15079365079365079,0.5668594533825794,3.3157894736842106
296,17,49,7,1.7142857142857142,0.16145833333333331,0.21295885499997994,3.0476190476190474
297,17,52,5,1.7142857142857142,0.13020833333333331,0.21295885499997996,3.0476190476190474
298,18,52,6,1.7,0.13541666666666666,0.39999999999999997,3.2
299,18,49,11,1.75,0.19791666666666669,0.39999999999999997,3.2
300,19,51,8,1.7894736842105263,0.16145833333333331,0.4823763889427201,3.3684210526315788
301,19,49,8,1.736842105263158,0.17447916666666669,0.4823763889427201,3.3684210526315788
302,17,53,3,1.7142857142857142,0.10677083333333334,0.21295885499997994,3.0476190476190474
303,17,57,3,1.7142857142857142,0.07291666666666666,0.21295885499997994,3.0476190476190474
304,17,45,8,1.7142857142857142,0.1953125,0.21295885499997994,3.0476190476190474
305,19,52,6,1.7894736842105263,0.13541666666666666,0.48237638894272,3.3684210526315788
306,18,52,7,1.75,0.14583333333333331,0.39999999999999997,3.2
307,18,47,13,1.7,0.22656249999999997,0.39999999999999997,3.2
308,18,49,6,1.75,0.15625,0.39999999999999997,3.2
309,19,50,7,1.7894736842105263,0.15885416666666666,0.48237638894272,3.3684210526315788
310,18,53,3,1.7,0.10416666666666666,0.39999999999999997,3.2
311,19,51,5,1.7894736842105263,0.1328125,0.4823763889427201,3.3684210526315788
312,20,45,12,1.7777777777777777,0.2328042328042328,0.6009252125773316,3.5
313,18,53,6,1.75,0.13020833333333331,0.39999999999999997,3.2
314,19,49,5,1.7894736842105263,0.1484375,0.4823763889427201,3.3684210526315788
315,17,40,11,1.6666666666666667,0.25396825396825395,0.3086066999241838,3.0
316,18,52,7,1.75,0.14322916666666666,0.39999999999999997,3.2
317,18,51,9,1.75,0.16666666666666666,0.39999999999999997,3.2
318,17,44,12,1.7142857142857142,0.24479166666666669,0.21295885499997994,3.0476190476190474
319,17,46,10,1.7142857142857142,0.20833333333333331,0.21295885499997994,3.0476190476190474
320,17,47,9,1.6666666666666667,0.19047619047619047,0.3086066999241838,3.0
321,17,51,5,1.7142857142857142,0.13541666666666666,0.21295885499997994,3.0476190476190474
322,19,50,6,1.7894736842105263,0.14583333333333334,0.4823763889427201,3.3684210526315788
323,19,48,10,1.736842105263158,0.1953125,0.4823763889427201,3.3684210526315788
324,18,48,5,1.65,0.15885416666666666,0.39999999999999997,3.2
325,19,55,3,1.7894736842105263,0.09114583333333333,0.4823763889427201,3.3684210526315788
326,18,53,6,1.75,0.13020833333333331,0.39999999999999997,3.2
327,18,50,7,1.75,0.16145833333333334,0.39999999999999997,3.2
328,19,46,13,1.7894736842105263,0.2421875,0.4823763889427201,3.3684210526315788
329,17,43,8,1.7142857142857142,0.21354166666666666,0.21295885499997994,3.0476190476190474
330,18,50,6,1.75,0.15104166666666666,0.39999999999999997,3.2
331,18,53,2,1.75,0.09635416666666666,0.39999999999999997,3.2
332,18,47,7,1.75,0.17708333333333334,0.39999999999999997,3.2
333,18,46,9,1.75,0.203125,0.39999999999999997,3.2
334,17,45,10,1.7142857142857142,0.21614583333333334,0.21295885499997994,3.0476190476190474
335,18,48,12,1.75,0.21354166666666666,0.39999999999999997,3.2
336,19,46,8,1.736842105263158,0.18783068783068785,0.5668594533825794,3.3157894736842106
337,18,47,11,1.75,0.21354166666666669,0.39999999999999997,3.2
338,18,49,9,1.75,0.18489583333333331,0.39999999999999997,3.2
339,18,48,7,1.75,0.17447916666666666,0.39999999999999997,3.2
340,18,51,8,1.75,0.15885416666666666,0.39999999999999997,3.2
341,19,49,10,1.7894736842105263,0.19010416666666669,0.4823763889427201,3.3684210526315788
342,18,46,14,1.75,0.24479166666666666,0.39999999999999997,3.2
343,18,46,11,1.75,0.22395833333333334,0.39999999999999997,3.2
344,18,51,9,1.75,0.171875,0.39999999999999997,3.2
345,19,48,10,1.7894736842105263,0.1953125,0.4823763889427201,3.3684210526315788
346,18,44,9,1.75,0.21614583333333331,0.39999999999999997,3.2
347,18,50,8,1.75,0.171875,0.39999999999999997,3.2
348,18,54,5,1.75,0.1171875,0.39999999999999997,3.2
349,17,48,6,1.7142857142857142,0.16145833333333331,0.21295885499997994,3.0476190476190474
350,19,45,13,1.7894736842105263,0.24479166666666666,0.4823763889427201,3.3684210526315788
351,18,46,11,1.75,0.21614583333333337,0.39999999999999997,3.2
352,18,52,7,1.75,0.14583333333333331,0.39999999999999997,3.2
353,17,48,10,1.7142857142857142,0.20052083333333331,0.21295885499997994,3.0476190476190474
354,17,46,9,1.7142857142857142,0.20052083333333331,0.21295885499997994,3.0476190476190474
355,18,47,8,1.75,0.18489583333333331,0.39999999999999997,3.2
356,18,50,6,1.75,0.15104166666666666,0.39999999999999997,3.2
357,18,50,8,1.75,0.16927083333333331,0.39999999999999997,3.2
358,18,45,9,1.75,0.21614583333333331,0.39999999999999997,3.2
359,18,48,10,1.75,0.1953125,0.39999999999999997,3.2
360,19,58,3,1.7894736842105263,0.0703125,0.4823763889427201,3.3684210526315788
361,19,54,4,1.7894736842105263,0.10416666666666667,0.4823763889427201,3.3684210526315788
362,18,46,10,1.7,0.20833333333333331,0.39999999999999997,3.2
363,18,47,11,1.75,0.21614583333333331,0.39999999999999997,3.2
364,18,51,4,1.75,0.125,0.39999999999999997,3.2
365,18,51,7,1.75,0.1484375,0.39999999999999997,3.2
366,18,48,8,1.75,0.1796875,0.39999999999999997,3.2
367,17,50,10,1.7142857142857142,0.18489583333333331,0.21295885499997994,3.0476190476190474
368,18,46,9,1.75,0.19791666666666666,0.39999999999999997,3.2
369,18,44,13,1.75,0.24999999999999997,0.39999999999999997,3.2
370,20,49,9,1.8333333333333333,0.18229166666666666,0.49690399499995325,3.5555555555555554
371,17,50,7,1.7142857142857142,0.15885416666666666,0.21295885499997994,3.0476190476190474
372,19,44,13,1.7894736842105263,0.25260416666666663,0.48237638894272,3.3684210526315788
373,18,48,8,1.75,0.1796875,0.39999999999999997,3.2
374,19,45,12,1.7894736842105263,0.23697916666666663,0.4823763889427201,3.3684210526315788
375,17,45,13,1.7142857142857142,0.2421875,0.21295885499997994,3.0476190476190474
376,18,49,11,1.75,0.20052083333333334,0.39999999999999997,3.2
377,19,47,8,1.736842105263158,0.1875,0.4823763889427201,3.3684210526315788
378,18,51,7,1.75,0.15625,0.39999999999999997,3.2
379,18,48,12,1.75,0.21875,0.39999999999999997,3.2
380,18,47,11,1.75,0.21875,0.39999999999999997,3.2
381,18,49,12,1.75,0.20833333333333331,0.39999999999999997,3.2
382,17,47,13,1.7142857142857142,0.23177083333333331,0.21295885499997994,3.0476190476190474
383,17,50,9,1.7142857142857142,0.17708333333333334,0.21295885499997994,3.0476190476190474
384,18,49,10,1.75,0.1953125,0.39999999999999997,3.2
385,19,45,15,1.7894736842105263,0.2630208333333333,0.4823763889427201,3.3684210526315788
386,19,43,16,1.7894736842105263,0.2838541666666667,0.4823763889427201,3.3684210526315788
387,19,44,11,1.7894736842105263,0.2265625,0.4823763889427201,3.3684210526315788
388,19,46,10,1.7894736842105263,0.2109375,0.4823763889427201,3.3684210526315788
389,18,51,11,1.7,0.1875,0.39999999999999997,3.2
390,19,43,12,1.7894736842105263,0.2552083333333333,0.4823763889427201,3.3684210526315788
391,19,52,6,1.7894736842105263,0.140625,0.4823763889427201,3.3684210526315788
392,18,46,10,1.75,0.2109375,0.39999999999999997,3.2
393,20,50,10,1.8333333333333333,0.1875,0.49690399499995325,3.5555555555555554
394,18,43,16,1.75,0.2864583333333333,0.39999999999999997,3.2
395,19,45,12,1.7894736842105263,0.23177083333333331,0.4823763889427201,3.3684210526315788
396,18,41,15,1.75,0.2890625,0.39999999999999997,3.2
397,18,41,15,1.75,0.2916666666666667,0.39999999999999997,3.2
398,19,50,7,1.7894736842105263,0.15885416666666666,0.4823763889427201,3.3684210526315788
399,19,47,11,1.7894736842105263,0.21614583333333331,0.4823763889427201,3.3684210526315788
400,18,50,11,1.65,0.19270833333333331,0.39999999999999997,3.2
401,20,48,15,1.8333333333333333,0.2421875,0.49690399499995325,3.5555555555555554
402,17,45,11,1.7142857142857142,0.22916666666666666,0.21295885499997994,3.0476190476190474
403,19,44,16,1.7894736842105263,0.27864583333333337,0.4823763889427201,3.3684210526315788
404,20,43,13,1.8333333333333333,0.2630208333333333,0.49690399499995325,3.5555555555555554
405,20,48,12,1.8333333333333333,0.21354166666666666,0.49690399499995325,3.5555555555555554
406,19,42,16,1.7894736842105263,0.2942708333333333,0.4823763889427201,3.3684210526315788
407,19,45,12,1.7894736842105263,0.23177083333333331,0.48237638894272,3.3684210526315788
408,17,43,12,1.7142857142857142,0.2578125,0.21295885499997994,3.0476190476190474
409,18,49,9,1.75,0.18489583333333331,0.39999999999999997,3.2
410,19,42,17,1.7894736842105263,0.2994791666666667,0.4823763889427201,3.3684210526315788
411,17,51,11,1.619047619047619,0.1875,0.21295885499997994,3.0476190476190474
412,18,49,11,1.75,0.203125,0.39999999999999997,3.2
413,18,48,12,1.75,0.21614583333333331,0.39999999999999997,3.2
414,18,45,13,1.75,0.25,0.39999999999999997,3.2
415,18,47,12,1.75,0.22395833333333331,0.39999999999999997,3.2
416,18,43,15,1.75,0.27604166666666663,0.39999999999999997,3.2
417,18,46,11,1.75,0.22135416666666666,0.39999999999999997,3.2
418,19,41,14,1.6842105263157894,0.2786458333333333,0.4823763889427201,3.3684210526315788
419,19,44,15,1.7894736842105263,0.26302083333333337,0.4823763889427201,3.3684210526315788
420,18,44,16,1.75,0.27864583333333337,0.39999999999999997,3.2
421,19,43,12,1.7894736842105263,0.25520833333333337,0.4823763889427201,3.3684210526315788
422,19,43,15,1.7894736842105263,0.27604166666666663,0.4823763889427201,3.3684210526315788
423,19,50,11,1.736842105263158,0.19270833333333331,0.48237638894272,3.3684210526315788
424,18,41,15,1.75,0.29166666666666663,0.39999999999999997,3.2
425,18,43,16,1.75,0.2864583333333333,0.39999999999999997,3.2
426,19,46,16,1.7894736842105263,0.26302083333333337,0.4823763889427201,3.3684210526315788
427,19,43,16,1.7894736842105263,0.28385416666666663,0.4823763889427201,3.3684210526315788
428,18,50,9,1.7,0.17708333333333334,0.39999999999999997,3.2
429,18,44,14,1.75,0.2630208333333333,0.39999999999999997,3.2
430,20,43,12,1.8333333333333333,0.25,0.49690399499995325,3.5555555555555554
431,19,46,14,1.7894736842105263,0.24739583333333331,0.4823763889427201,3.3684210526315788
432,19,49,10,1.7894736842105263,0.19010416666666666,0.48237638894272,3.3684210526315788
433,20,46,13,1.8333333333333333,0.23697916666666666,0.49690399499995325,3.5555555555555554
434,19,48,10,1.736842105263158,0.20052083333333331,0.48237638894272,3.3684210526315788
435,18,45,15,1.75,0.265625,0.39999999999999997,3.2
436,19,43,17,1.7894736842105263,0.29166666666666663,0.4823763889427201,3.3684210526315788
437,17,45,16,1.6666666666666667,0.27083333333333337,0.21295885499997994,3.0476190476190474
438,19,43,11,1.7894736842105263,0.24479166666666666,0.4823763889427201,3.3684210526315788
439,19,49,11,1.7894736842105263,0.20052083333333331,0.4823763889427201,3.3684210526315788
440,19,40,15,1.6842105263157894,0.2890625,0.4823763889427201,3.3684210526315788
441,17,46,12,1.7142857142857142,0.23177083333333331,0.21295885499997994,3.0476190476190474
442,19,47,12,1.736842105263158,0.21875,0.4823763889427201,3.3684210526315788
443,18,45,13,1.75,0.24739583333333331,0.39999999999999997,3.2
444,17,42,13,1.7142857142857142,0.2682291666666667,0.21295885499997994,3.0476190476190474
445,19,46,14,1.7894736842105263,0.25,0.4823763889427201,3.3684210526315788
446,18,46,15,1.75,0.25520833333333337,0.39999999999999997,3.2
447,19,41,12,1.7894736842105263,0.2604166666666667,0.4823763889427201,3.3684210526315788
448,19,47,11,1.736842105263158,0.21614583333333331,0.48237638894272,3.3684210526315788
449,20,42,14,1.8333333333333333,0.2734375,0.49690399499995325,3.5555555555555554
450,19,43,13,1.7894736842105263,0.26041666666666663,0.4823763889427201,3.3684210526315788
451,19,39,17,1.7894736842105263,0.32291666666666663,0.4823763889427201,3.3684210526315788
452,18,45,17,1.75,0.28125,0.39999999999999997,3.2
453,19,42,16,1.7894736842105263,0.29166666666666663,0.4823763889427201,3.3684210526315788
454,20,42,16,1.8333333333333333,0.29166666666666663,0.49690399499995325,3.5555555555555554
455,18,42,16,1.75,0.2942708333333333,0.39999999999999997,3.2
456,18,42,15,1.75,0.27864583333333337,0.39999999999999997,3.2
457,18,41,18,1.7,0.3121693121693122,0.47696960070847283,3.15
458,19,47,9,1.7894736842105263,0.1953125,0.4823763889427201,3.3684210526315788
459,18,42,16,1.75,0.2890625,0.39999999999999997,3.2
460,20,43,14,1.8333333333333333,0.26822916666666663,0.49690399499995325,3.5555555555555554
461,17,41,18,1.7142857142857142,0.3125,0.21295885499997994,3.0476190476190474
462,19,45,13,1.7894736842105263,0.2421875,0.48237638894272,3.3684210526315788
463,18,45,14,1.75,0.25260416666666663,0.39999999999999997,3.2
464,18,40,17,1.75,0.3151041666666667,0.39999999999999997,3.2
465,18,44,14,1.75,0.25520833333333337,0.39999999999999997,3.2
466,17,46,13,1.7142857142857142,0.23697916666666666,0.21295885499997994,3.0476190476190474
467,19,43,16,1.7894736842105263,0.2890625,0.4823763889427201,3.3684210526315788
468,18,42,15,1.75,0.2838541666666667,0.39999999999999997,3.2
469,18,49,12,1.75,0.20833333333333334,0.39999999999999997,3.2
470,18,45,15,1.75,0.26041666666666663,0.39999999999999997,3.2
471,18,41,21,1.75,0.3411458333333333,0.39999999999999997,3.2
472,18,40,15,1.75,0.29427083333333337,0.39999999999999997,3.2
473,20,44,12,1.8333333333333333,0.24479166666666669,0.49690399499995325,3.5555555555555554
474,19,41,16,1.7894736842105263,0.30208333333333337,0.4823763889427201,3.3684210526315788
475,19,49,10,1.7894736842105263,0.1953125,0.4823763889427201,3.3684210526315788
476,20,42,17,1.8333333333333333,0.296875,0.49690399499995325,3.5555555555555554
477,19,40,16,1.7894736842105263,0.2994791666666667,0.4823763889427201,3.3684210526315788
478,19,43,15,1.7894736842105263,0.2734375,0.4823763889427201,3.3684210526315788
479,18,41,18,1.75,0.31770833333333337,0.39999999999999997,3.2
480,18,44,14,1.7,0.2604166666666667,0.39999999999999997,3.2
481,18,43,15,1.75,0.2734375,0.39999999999999997,3.2
482,18,44,16,1.75,0.2734375,0.39999999999999997,3.2
483,17,50,12,1.7142857142857142,0.20052083333333331,0.21295885499997994,3.0476190476190474
484,18,43,17,1.75,0.29166666666666663,0.39999999999999997,3.2
485,19,46,12,1.7894736842105263,0.22916666666666669,0.48237638894272,3.3684210526315788
486,19,40,17,1.7894736842105263,0.30989583333333337,0.48237638894272,3.3684210526315788
487,18,39,17,1.7,0.32291666666666663,0.39999999999999997,3.2
488,20,45,16,1.8333333333333333,0.265625,0.49690399499995325,3.5555555555555554
489,19,44,16,1.736842105263158,0.28125,0.4823763889427201,3.3684210526315788
490,18,43,17,1.75,0.2890625,0.39999999999999997,3.2
491,18,44,14,1.75,0.26041666666666663,0.39999999999999997,3.2
492,18,43,15,1.75,0.27604166666666663,0.39999999999999997,3.2
493,18,47,10,1.75,0.20572916666666666,0.39999999999999997,3.2
494,18,39,17,1.75,0.3203125,0.39999999999999997,3.2
495,20,45,13,1.8333333333333333,0.24739583333333331,0.49690399499995325,3.5555555555555554
496,19,40,15,1.7894736842105263,0.29947916666666663,0.4823763889427201,3.3684210526315788
497,18,40,16,1.7,0.30208333333333337,0.39999999999999997,3.2
498,20,44,17,1.8333333333333333,0.2890625,0.49690399499995325,3.5555555555555554
499,18,44,12,1.75,0.23958333333333331,0.39999999999999997,3.2
500,18,44,16,1.75,0.27864583333333337,0.39999999999999997,3.2
501,18,43,16,1.75,0.2838541666666667,0.39999999999999997,3.2
502,18,43,15,1.75,0.2760416666666667,0.39999999999999997,3.2
503,19,45,15,1.736842105263158,0.2630208333333333,0.4823763889427201,3.3684210526315788
504,19,45,14,1.7894736842105263,0.25260416666666663,0.4823763889427201,3.3684210526315788
505,18,45,14,1.75,0.25260416666666663,0.39999999999999997,3.2
506,19,43,17,1.7894736842105263,0.296875,0.4823763889427201,3.3684210526315788
507,20,42,16,1.8333333333333333,0.296875,0.49690399499995325,3.5555555555555554
508,19,41,18,1.7894736842105263,0.31510416666666663,0.4823763889427201,3.3684210526315788
509,18,38,18,1.75,0.3385416666666667,0.39999999999999997,3.2
510,19,43,16,1.736842105263158,0.28645833333333337,0.4823763889427201,3.3684210526315788
511,18,39,14,1.7,0.29166666666666663,0.39999999999999997,3.2
512,18,43,17,1.75,0.29166666666666663,0.39999999999999997,3.2
513,18,40,18,1.75,0.32291666666666663,0.39999999999999997,3.2
514,19,40,20,1.7894736842105263,0.33854166666666663,0.4823763889427201,3.3684210526315788
515,19,41,16,1.736842105263158,0.2989417989417989,0.5668594533825794,3.3157894736842106
516,18,43,16,1.75,0.28385416666666663,0.39999999999999997,3.2
517,18,40,19,1.75,0.328125,0.39999999999999997,3.2
518,18,42,16,1.7,0.2890625,0.39999999999999997,3.2
519,19,43,17,1.7894736842105263,0.29427083333333337,0.4823763889427201,3.3684210526315788
520,19,40,15,1.7894736842105263,0.296875,0.4823763889427201,3.3684210526315788
521,18,42,20,1.75,0.328125,0.39999999999999997,3.2
522,19,41,16,1.7894736842105263,0.30208333333333337,0.4823763889427201,3.3684210526315788
523,19,44,16,1.7894736842105263,0.27604166666666663,0.4823763889427201,3.3684210526315788
524,20,43,17,1.8333333333333333,0.2890625,0.49690399499995325,3.5555555555555554
525,20,39,21,1.8333333333333333,0.35416666666666663,0.49690399499995325,3.5555555555555554
526,18,37,18,1.75,0.34375,0.39999999999999997,3.2
527,19,40,20,1.7894736842105263,0.3359375,0.4823763889427201,3.3684210526315788
528,19,43,18,1.7894736842105263,0.3020833333333333,0.4823763889427201,3.3684210526315788
529,19,42,19,1.7894736842105263,0.3151041666666667,0.4823763889427201,3.3684210526315788
530,19,41,17,1.7894736842105263,0.3046875,0.4823763889427201,3.3684210526315788
531,18,39,22,1.75,0.3671875,0.39999999999999997,3.2
532,19,47,16,1.736842105263158,0.2552083333333333,0.48237638894272,3.3684210526315788
533,19,40,18,1.7894736842105263,0.3229166666666667,0.4823763889427201,3.3684210526315788
534,18,46,15,1.7,0.25396825396825395,0.47696960070847283,3.15
535,19,37,19,1.7894736842105263,0.3463541666666667,0.4823763889427201,3.3684210526315788
536,18,41,19,1.75,0.3255208333333333,0.39999999999999997,3.2
537,19,41,18,1.7894736842105263,0.30989583333333337,0.4823763889427201,3.3684210526315788
538,19,44,16,1.7894736842105263,0.27604166666666663,0.4823763889427201,3.3684210526315788
539,20,44,16,1.8333333333333333,0.28125,0.49690399499995325,3.5555555555555554
540,18,45,16,1.75,0.2708333333333333,0.39999999999999997,3.2
541,17,39,19,1.7142857142857142,0.33854166666666663,0.21295885499997994,3.0476190476190474
542,19,45,10,1.7894736842105263,0.21354166666666666,0.4823763889427201,3.3684210526315788
543,19,44,16,1.736842105263158,0.2734375,0.4823763889427201,3.3684210526315788
544,18,38,19,1.75,0.34375,0.39999999999999997,3.2
545,19,41,17,1.7894736842105263,0.3046875,0.4823763889427201,3.3684210526315788
546,18,40,16,1.75,0.3046875,0.39999999999999997,3.2
547,18,45,13,1.7,0.24074074074074076,0.47696960070847283,3.15
548,18,46,13,1.75,0.23958333333333334,0.39999999999999997,3.2
549,17,40,17,1.619047619047619,0.31481481481481477,0.3086066999241838,3.0
550,19,43,15,1.7894736842105263,0.28125,0.4823763889427201,3.3684210526315788
551,18,47,14,1.75,0.23697916666666666,0.39999999999999997,3.2
552,19,41,16,1.7894736842105263,0.29427083333333337,0.4823763889427201,3.3684210526315788
553,18,44,15,1.75,0.2708333333333333,0.39999999999999997,3.2
554,19,40,20,1.736842105263158,0.3412698412698413,0.5668594533825794,3.3157894736842106
555,18,40,18,1.75,0.31770833333333337,0.39999999999999997,3.2
556,18,41,19,1.75,0.3255208333333333,0.39999999999999997,3.2
557,19,46,13,1.7894736842105263,0.23697916666666666,0.4823763889427201,3.3684210526315788
558,18,42,17,1.75,0.3020833333333333,0.39999999999999997,3.2
559,19,38,19,1.7894736842105263,0.34375,0.4823763889427201,3.3684210526315788
560,18,39,18,1.75,0.328125,0.39999999999999997,3.2
561,19,47,15,1.736842105263158,0.24739583333333334,0.48237638894272,3.3684210526315788
562,19,39,18,1.7894736842105263,0.32552083333333337,0.48237638894272,3.3684210526315788
563,19,42,18,1.7894736842105263,0.30729166666666663,0.4823763889427201,3.3684210526315788
564,18,43,17,1.75,0.29166666666666663,0.39999999999999997,3.2
565,17,41,18,1.6666666666666667,0.31510416666666663,0.21295885499997994,3.0476190476190474
566,19,39,19,1.7894736842105263,0.3359375,0.4823763889427201,3.3684210526315788
567,19,42,17,1.7894736842105263,0.29947916666666663,0.4823763889427201,3.3684210526315788
568,19,36,21,1.7894736842105263,0.38020833333333337,0.4823763889427201,3.3684210526315788
569,19,36,18,1.6842105263157894,0.35185185185185186,0.5668594533825794,3.3157894736842106
570,19,42,19,1.7894736842105263,0.3203125,0.4823763889427201,3.3684210526315788
571,18,43,17,1.75,0.2916666666666667,0.39999999999999997,3.2
572,18,39,16,1.75,0.31510416666666663,0.39999999999999997,3.2
573,19,43,16,1.7894736842105263,0.28125,0.4823763889427201,3.3684210526315788
574,18,39,19,1.75,0.3385416666666667,0.39999999999999997,3.2
575,18,39,15,1.75,0.2994791666666667,0.39999999999999997,3.2
576,20,38,19,1.7777777777777777,0.3385416666666667,0.49690399499995325,3.5555555555555554
577,18,42,16,1.7,0.296875,0.39999999999999997,3.2
578,18,41,19,1.7,0.328125,0.39999999999999997,3.2
579,19,41,17,1.736842105263158,0.30158730158730157,0.5668594533825794,3.3157894736842106
580,17,42,20,1.6666666666666667,0.3255208333333333,0.21295885499997994,3.0476190476190474
581,19,44,19,1.736842105263158,0.3046875,0.4823763889427201,3.3684210526315788
582,19,41,17,1.736842105263158,0.3098958333333333,0.4823763889427201,3.3684210526315788
583,18,39,18,1.75,0.328125,0.39999999999999997,3.2
584,19,39,19,1.736842105263158,0.3411458333333333,0.4823763889427201,3.3684210526315788
585,19,43,15,1.736842105263158,0.2734375,0.4823763889427201,3.3684210526315788
586,18,44,14,1.7,0.2578125,0.39999999999999997,3.2
587,18,40,18,1.7,0.3229166666666667,0.39999999999999997,3.2
588,19,42,18,1.736842105263158,0.3125,0.4823763889427201,3.3684210526315788
589,19,41,17,1.7894736842105263,0.3046875,0.4823763889427201,3.3684210526315788
590,19,40,17,1.736842105263158,0.3151041666666667,0.4823763889427201,3.3684210526315788
591,19,36,18,1.7894736842105263,0.3463541666666667,0.4823763889427201,3.3684210526315788
592,20,44,17,1.7777777777777777,0.2890625,0.49690399499995325,3.5555555555555554
593,19,39,19,1.736842105263158,0.33854166666666663,0.4823763889427201,3.3684210526315788
594,17,41,20,1.7142857142857142,0.3359375,0.21295885499997994,3.0476190476190474
595,18,40,18,1.75,0.3255208333333333,0.39999999999999997,3.2
596,18,44,14,1.7,0.265625,0.39999999999999997,3.2
597,18,39,17,1.7,0.3229166666666667,0.39999999999999997,3.2
598,18,40,20,1.75,0.3385416666666667,0.39999999999999997,3.2
599,19,35,21,1.736842105263158,0.390625,0.4823763889427201,3.3684210526315788
600,19,35,23,1.7894736842105263,0.3984375,0.48237638894272,3.3684210526315788
601,21,46,15,1.8235294117647058,0.25520833333333337,0.42418250299576343,3.764705882352941
602,18,41,18,1.75,0.3151041666666667,0.39999999999999997,3.2
603,18,41,19,1.7,0.328125,0.39999999999999997,3.2
604,20,42,19,1.8333333333333333,0.31770833333333337,0.49690399499995325,3.5555555555555554
605,19,42,15,1.7894736842105263,0.28125,0.4823763889427201,3.3684210526315788
606,19,43,16,1.736842105263158,0.2864583333333333,0.48237638894272,3.3684210526315788
607,20,45,15,1.7777777777777777,0.265625,0.49690399499995325,3.5555555555555554
608,19,39,20,1.7894736842105263,0.34635416666666663,0.48237638894272,3.3684210526315788
609,18,45,16,1.7,0.2682291666666667,0.39999999999999997,3.2
610,19,42,14,1.7894736842105263,0.2734375,0.48237638894272,3.3684210526315788
611,18,43,18,1.7,0.3046875,0.39999999999999997,3.2
612,20,40,18,1.7777777777777777,0.3203125,0.49690399499995325,3.5555555555555554
613,18,44,14,1.7,0.26041666666666663,0.39999999999999997,3.2
614,18,40,19,1.7,0.33333333333333337,0.39999999999999997,3.2
615,18,42,18,1.7,0.3125,0.39999999999999997,3.2
616,20,44,18,1.7777777777777777,0.2916666666666667,0.49690399499995325,3.5555555555555554
617,18,41,15,1.75,0.2890625,0.39999999999999997,3.2
618,19,39,17,1.7894736842105263,0.31770833333333337,0.4823763889427201,3.3684210526315788
619,18,38,20,1.75,0.3515625,0.39999999999999997,3.2
620,19,40,17,1.736842105263158,0.31510416666666663,0.4823763889427201,3.3684210526315788
621,18,42,17,1.7,0.2994791666666667,0.39999999999999997,3.2
622,21,40,19,1.8235294117647058,0.328125,0.42418250299576343,3.764705882352941
623,18,41,19,1.75,0.3229166666666667,0.39999999999999997,3.2
624,19,41,15,1.736842105263158,0.2942708333333333,0.48237638894272,3.3684210526315788
625,18,40,19,1.7,0.3307291666666667,0.39999999999999997,3.2
626,19,49,13,1.736842105263158,0.21875,0.4823763889427201,3.3684210526315788
627,20,40,15,1.7777777777777777,0.296875,0.49690399499995325,3.5555555555555554
628,17,37,21,1.6666666666666667,0.373015873015873,0.3086066999241838,3.0
629,18,44,16,1.7,0.2786458333333333,0.39999999999999997,3.2
630,19,44,17,1.736842105263158,0.28645833333333337,0.4823763889427201,3.3684210526315788
631,18,36,21,1.7,0.37239583333333337,0.39999999999999997,3.2
632,19,44,18,1.736842105263158,0.296875,0.4823763889427201,3.3684210526315788
633,18,38,20,1.7,0.3515625,0.39999999999999997,3.2
634,18,46,15,1.7,0.2578125,0.39999999999999997,3.2
635,18,41,17,1.7,0.3125,0.39999999999999997,3.2
636,18,37,19,1.7,0.3515625,0.39999999999999997,3.2
637,20,36,17,1.7777777777777777,0.34375,0.49690399499995325,3.5555555555555554
638,18,45,17,1.7,0.27864583333333337,0.39999999999999997,3.2
639,19,41,19,1.7894736842105263,0.3255208333333333,0.4823763889427201,3.3684210526315788
640,19,38,20,1.7894736842105263,0.35416666666666663,0.4823763889427201,3.3684210526315788
641,19,38,20,1.7894736842105263,0.35677083333333337,0.48237638894272,3.3684210526315788
642,19,46,14,1.736842105263158,0.24739583333333334,0.4823763889427201,3.3684210526315788
643,19,40,18,1.736842105263158,0.3203125,0.4823763889427201,3.3684210526315788
644,18,42,17,1.7,0.3020833333333333,0.39999999999999997,3.2
645,18,43,18,1.65,0.30158730158730157,0.47696960070847283,3.15
646,19,33,22,1.736842105263158,0.40625,0.4823763889427201,3.3684210526315788
647,18,41,20,1.7,0.3359375,0.39999999999999997,3.2
648,18,41,17,1.7,0.3098958333333333,0.39999999999999997,3.2
649,19,43,18,1.736842105263158,0.3046875,0.48237638894272,3.3684210526315788
650,19,42,17,1.736842105263158,0.2994791666666667,0.4823763889427201,3.3684210526315788
651,19,45,14,1.736842105263158,0.2526041666666667,0.48237638894272,3.3684210526315788
652,19,42,16,1.736842105263158,0.2916666666666667,0.4823763889427201,3.3684210526315788
653,19,42,18,1.736842105263158,0.3125,0.4823763889427201,3.3684210526315788
654,19,40,17,1.736842105263158,0.3125,0.4823763889427201,3.3684210526315788
655,18,42,16,1.7,0.2890625,0.39999999999999997,3.2
656,18,43,19,1.7,0.3072916666666667,0.39999999999999997,3.2
657,19,42,18,1.7894736842105263,0.3098958333333333,0.4823763889427201,3.3684210526315788
658,18,38,16,1.75,0.3255208333333333,0.39999999999999997,3.2
659,18,39,19,1.7,0.34114583333333337,0.39999999999999997,3.2
660,19,37,20,1.736842105263158,0.3619791666666667,0.4823763889427201,3.3684210526315788
661,19,36,18,1.6842105263157894,0.34391534391534395,0.5668594533825794,3.3157894736842106
662,19,41,16,1.736842105263158,0.30208333333333337,0.4823763889427201,3.3684210526315788
663,19,35,20,1.736842105263158,0.38020833333333337,0.4823763889427201,3.3684210526315788
664,18,40,20,1.7,0.34375,0.39999999999999997,3.2
665,18,41,19,1.7,0.32552083333333337,0.39999999999999997,3.2
666,19,38,20,1.736842105263158,0.34895833333333337,0.4823763889427201,3.3684210526315788
667,18,39,16,1.75,0.3125,0.39999999999999997,3.2
668,18,40,19,1.7,0.3307291666666667,0.39999999999999997,3.2
669,18,40,17,1.7,0.30989583333333337,0.39999999999999997,3.2
670,18,39,17,1.7,0.31510416666666663,0.39999999999999997,3.2
671,18,45,17,1.7,0.28125,0.39999999999999997,3.2
672,18,37,22,1.75,0.375,0.39999999999999997,3.2
673,19,38,20,1.736842105263158,0.34895833333333337,0.4823763889427201,3.3684210526315788
674,18,38,20,1.75,0.35677083333333337,0.39999999999999997,3.2
675,19,44,16,1.736842105263158,0.2760416666666667,0.4823763889427201,3.3684210526315788
676,18,40,20,1.7,0.33854166666666663,0.39999999999999997,3.2
677,18,43,16,1.65,0.2830687830687831,0.47696960070847283,3.15
678,19,40,19,1.736842105263158,0.33333333333333337,0.4823763889427201,3.3684210526315788
679,18,43,16,1.75,0.28125,0.39999999999999997,3.2
680,18,37,21,1.65,0.36507936507936506,0.47696960070847283,3.15
681,19,40,18,1.736842105263158,0.3203125,0.4823763889427201,3.3684210526315788
682,19,39,20,1.736842105263158,0.34895833333333337,0.4823763889427201,3.3684210526315788
683,19,41,17,1.736842105263158,0.3072916666666667,0.4823763889427201,3.3684210526315788
684,18,43,18,1.7,0.3020833333333333,0.39999999999999997,3.2
685,18,32,20,1.65,0.3994708994708995,0.47696960070847283,3.15
686,18,40,19,1.7,0.328125,0.39999999999999997,3.2
687,19,40,18,1.736842105263158,0.3203125,0.48237638894272,3.3684210526315788
688,20,40,18,1.7777777777777777,0.3229166666666667,0.49690399499995325,3.5555555555555554
689,19,38,19,1.736842105263158,0.34375,0.4823763889427201,3.3684210526315788
690,18,37,21,1.7,0.3697916666666667,0.39999999999999997,3.2
691,19,43,17,1.736842105263158,0.2916666666666667,0.4823763889427201,3.3684210526315788
692,18,36,18,1.7,0.3567708333333333,0.39999999999999997,3.2
693,19,44,16,1.736842105263158,0.27864583333333337,0.48237638894272,3.3684210526315788
694,20,38,18,1.8333333333333333,0.34114583333333337,0.49690399499995325,3.5555555555555554
695,18,43,18,1.7,0.29947916666666663,0.39999999999999997,3.2
696,20,32,21,1.7222222222222223,0.40476190476190477,0.6009252125773316,3.5
697,18,38,19,1.7,0.3489583333333333,0.39999999999999997,3.2
698,18,38,20,1.7,0.3515625,0.39999999999999997,3.2
699,18,37,19,1.7,0.3489583333333333,0.39999999999999997,3.2
700,19,40,18,1.736842105263158,0.3151041666666667,0.4823763889427201,3.3684210526315788
701,18,41,19,1.7,0.32552083333333337,0.39999999999999997,3.2
702,18,41,16,1.75,0.30208333333333337,0.39999999999999997,3.2
703,19,38,20,1.736842105263158,0.35677083333333337,0.4823763889427201,3.3684210526315788
704,20,39,20,1.7777777777777777,0.3515625,0.49690399499995325,3.5555555555555554
705,18,44,13,1.7,0.2526041666666667,0.39999999999999997,3.2
706,19,39,19,1.736842105263158,0.3385416666666667,0.4823763889427201,3.3684210526315788
707,18,40,19,1.7,0.3359375,0.39999999999999997,3.2
708,18,42,19,1.7,0.31510416666666663,0.39999999999999997,3.2
709,19,39,18,1.736842105263158,0.3307291666666667,0.4823763889427201,3.3684210526315788
710,19,38,18,1.736842105263158,0.3359375,0.4823763889427201,3.3684210526315788
711,19,42,20,1.736842105263158,0.32552083333333337,0.4823763889427201,3.3684210526315788
712,18,37,20,1.7,0.3671875,0.39999999999999997,3.2
713,19,44,15,1.736842105263158,0.2682291666666667,0.4823763889427201,3.3684210526315788
714,19,34,21,1.736842105263158,0.3958333333333333,0.4823763889427201,3.3684210526315788
715,18,36,19,1.7,0.359375,0.39999999999999997,3.2
716,17,39,17,1.7142857142857142,0.328125,0.21295885499997994,3.0476190476190474
717,19,38,22,1.736842105263158,0.3697916666666667,0.4823763889427201,3.3684210526315788
718,18,40,19,1.7,0.33333333333333337,0.39999999999999997,3.2
719,19,41,19,1.736842105263158,0.3255208333333333,0.4823763889427201,3.3684210526315788
720,18,37,21,1.7,0.37239583333333337,0.39999999999999997,3.2
721,19,41,19,1.736842105263158,0.328125,0.4823763889427201,3.3684210526315788
722,18,32,24,1.7,0.4348958333333333,0.39999999999999997,3.2
723,18,37,19,1.7,0.3515625,0.39999999999999997,3.2
724,19,37,17,1.6842105263157894,0.335978835978836,0.5668594533825794,3.3157894736842106
725,19,35,21,1.6842105263157894,0.38095238095238093,0.5668594533825794,3.3157894736842106
726,18,40,16,1.7,0.3072916666666667,0.39999999999999997,3.2
727,19,36,22,1.736842105263158,0.3854166666666667,0.4823763889427201,3.3684210526315788
728,18,37,20,1.65,0.3624338624338625,0.47696960070847283,3.15
729,18,37,21,1.7,0.3723958333333333,0.39999999999999997,3.2
730,19,39,21,1.736842105263158,0.3567708333333333,0.4823763889427201,3.3684210526315788
731,19,37,19,1.7894736842105263,0.3515625,0.4823763889427201,3.3684210526315788
732,18,39,20,1.7,0.34635416666666663,0.39999999999999997,3.2
733,18,39,19,1.7,0.33854166666666663,0.39999999999999997,3.2
734,18,40,21,1.65,0.34895833333333337,0.39999999999999997,3.2
735,17,34,21,1.6666666666666667,0.39583333333333337,0.21295885499997994,3.0476190476190474
736,18,41,18,1.7,0.3177083333333333,0.39999999999999997,3.2
737,18,36,21,1.7,0.3776041666666667,0.39999999999999997,3.2
738,18,34,21,1.7,0.3932291666666667,0.39999999999999997,3.2
739,18,35,21,1.65,0.38095238095238093,0.47696960070847283,3.15
740,17,42,17,1.6666666666666667,0.3020833333333333,0.21295885499997994,3.0476190476190474
741,18,37,18,1.7,0.34375,0.39999999999999997,3.2
742,19,35,20,1.736842105263158,0.375,0.4823763889427201,3.3684210526315788
743,19,33,21,1.736842105263158,0.39322916666666663,0.4823763889427201,3.3684210526315788
744,19,34,20,1.736842105263158,0.38020833333333337,0.48237638894272,3.3684210526315788
745,20,35,23,1.7777777777777777,0.40364583333333337,0.49690399499995325,3.5555555555555554
746,18,34,24,1.7,0.421875,0.39999999999999997,3.2
747,19,35,20,1.736842105263158,0.375,0.4823763889427201,3.3684210526315788
748,19,37,17,1.736842105263158,0.3385416666666667,0.48237638894272,3.3684210526315788
749,18,41,18,1.7,0.31510416666666663,0.39999999999999997,3.2
750,18,38,19,1.7,0.34895833333333337,0.39999999999999997,3.2
751,17,33,24,1.6666666666666667,0.42708333333333337,0.21295885499997994,3.0476190476190474
752,18,39,22,1.7,0.3645833333333333,0.39999999999999997,3.2
753,18,36,20,1.7,0.36458333333333337,0.39999999999999997,3.2
754,18,38,20,1.7,0.35677083333333337,0.39999999999999997,3.2
755,18,38,22,1.7,0.3723958333333333,0.39999999999999997,3.2
756,18,38,20,1.7,0.35677083333333337,0.39999999999999997,3.2
757,19,39,18,1.7894736842105263,0.328125,0.4823763889427201,3.3684210526315788
758,18,39,20,1.7,0.34895833333333337,0.39999999999999997,3.2
759,19,37,19,1.736842105263158,0.3541666666666667,0.48237638894272,3.3684210526315788
760,19,35,21,1.736842105263158,0.3880208333333333,0.4823763889427201,3.3684210526315788
761,18,37,20,1.7,0.36458333333333337,0.39999999999999997,3.2
762,19,42,16,1.736842105263158,0.2942708333333333,0.4823763889427201,3.3684210526315788
763,18,37,20,1.7,0.3671875,0.39999999999999997,3.2
764,18,35,24,1.7,0.4140625,0.39999999999999997,3.2
765,19,32,24,1.736842105263158,0.43229166666666663,0.4823763889427201,3.3684210526315788
766,18,38,21,1.75,0.3645833333333333,0.39999999999999997,3.2
767,18,32,23,1.65,0.4232804232804233,0.47696960070847283,3.15
768,18,36,21,1.7,0.3802083333333333,0.39999999999999997,3.2
769,18,34,22,1.7,0.3984375,0.39999999999999997,3.2
770,19,34,20,1.736842105263158,0.3828125,0.4823763889427201,3.3684210526315788
771,19,37,20,1.736842105263158,0.3619791666666667,0.4823763889427201,3.3684210526315788
772,18,38,19,1.7,0.34895833333333337,0.39999999999999997,3.2
773,17,43,17,1.7142857142857142,0.2942708333333333,0.21295885499997994,3.0476190476190474
774,18,35,21,1.7,0.3854166666666667,0.39999999999999997,3.2
775,19,36,22,1.736842105263158,0.3828125,0.4823763889427201,3.3684210526315788
776,19,28,22,1.6842105263157894,0.4444444444444444,0.5668594533825794,3.3157894736842106
777,19,37,19,1.736842105263158,0.3567708333333333,0.4823763889427201,3.3684210526315788
778,19,33,18,1.736842105263158,0.375,0.4823763889427201,3.3684210526315788
779,19,38,20,1.736842105263158,0.35677083333333337,0.4823763889427201,3.3684210526315788
780,19,37,23,1.736842105263158,0.390625,0.4823763889427201,3.3684210526315788
781,19,38,19,1.736842105263158,0.3489583333333333,0.4823763889427201,3.3684210526315788
782,18,36,21,1.7,0.37760416666666663,0.39999999999999997,3.2
783,19,44,18,1.736842105263158,0.2942708333333333,0.4823763889427201,3.3684210526315788
784,19,35,20,1.736842105263158,0.375,0.4823763889427201,3.3684210526315788
785,19,40,18,1.736842105263158,0.328125,0.4823763889427201,3.3684210526315788
786,19,38,21,1.736842105263158,0.36458333333333337,0.4823763889427201,3.3684210526315788
787,18,34,22,1.7,0.3932291666666667,0.39999999999999997,3.2
788,18,36,20,1.7,0.3697916666666667,0.39999999999999997,3.2
789,19,38,20,1.736842105263158,0.34895833333333337,0.4823763889427201,3.3684210526315788
790,18,36,22,1.7,0.3880208333333333,0.39999999999999997,3.2
791,18,36,20,1.7,0.3671875,0.39999999999999997,3.2
792,20,40,19,1.7777777777777777,0.3359375,0.49690399499995325,3.5555555555555554
793,18,33,22,1.7,0.4088541666666667,0.39999999999999997,3.2
794,19,32,22,1.736842105263158,0.4140625,0.48237638894272,3.3684210526315788
795,17,38,20,1.7142857142857142,0.34895833333333337,0.21295885499997994,3.0476190476190474
796,19,34,21,1.736842105263158,0.390625,0.4823763889427201,3.3684210526315788
797,18,39,19,1.7,0.3385416666666667,0.39999999999999997,3.2
798,19,38,22,1.736842105263158,0.36979166666666663,0.48237638894272,3.3684210526315788
799,18,36,19,1.7,0.3619791666666667,0.39999999999999997,3.2
800,19,33,21,1.736842105263158,0.3984375,0.4823763889427201,3.3684210526315788
801,19,35,20,1.6842105263157894,0.3756613756613757,0.5668594533825794,3.3157894736842106
802,19,39,20,1.736842105263158,0.3489583333333333,0.4823763889427201,3.3684210526315788
803,19,36,20,1.736842105263158,0.3671875,0.4823763889427201,3.3684210526315788
804,20,44,17,1.7777777777777777,0.2864583333333333,0.49690399499995325,3.5555555555555554
805,20,35,18,1.7777777777777777,0.35416666666666663,0.49690399499995325,3.5555555555555554
806,20,35,20,1.7222222222222223,0.37830687830687837,0.6009252125773316,3.5
807,19,36,19,1.736842105263158,0.36458333333333337,0.4823763889427201,3.3684210526315788
808,19,36,21,1.736842105263158,0.38020833333333337,0.4823763889427201,3.3684210526315788
809,19,38,17,1.736842105263158,0.3333333333333333,0.4823763889427201,3.3684210526315788
810,19,36,19,1.736842105263158,0.3619791666666667,0.4823763889427201,3.3684210526315788
811,19,40,19,1.736842105263158,0.3359375,0.48237638894272,3.3684210526315788
812,18,39,21,1.7,0.3567708333333333,0.39999999999999997,3.2
813,18,36,21,1.7,0.3776041666666667,0.39999999999999997,3.2
814,19,32,22,1.736842105263158,0.4140625,0.48237638894272,3.3684210526315788
815,18,36,19,1.7,0.35677083333333337,0.39999999999999997,3.2
816,19,37,18,1.736842105263158,0.3489583333333333,0.48237638894272,3.3684210526315788
817,18,31,24,1.7,0.4375,0.39999999999999997,3.2
818,19,36,19,1.736842105263158,0.3645833333333333,0.48237638894272,3.3684210526315788
819,19,34,21,1.736842105263158,0.390625,0.4823763889427201,3.3684210526315788
820,20,36,20,1.7777777777777777,0.36979166666666663,0.49690399499995325,3.5555555555555554
821,20,33,20,1.7777777777777777,0.3854166666666667,0.49690399499995325,3.5555555555555554
822,19,35,21,1.736842105263158,0.38541666666666663,0.4823763889427201,3.3684210526315788
823,19,35,20,1.6842105263157894,0.37830687830687837,0.5668594533825794,3.3157894736842106
824,18,30,24,1.7,0.4427083333333333,0.39999999999999997,3.2
825,19,34,18,1.6842105263157894,0.36507936507936506,0.5668594533825794,3.3157894736842106
826,17,43,18,1.7142857142857142,0.3046875,0.21295885499997994,3.0476190476190474
827,19,36,18,1.736842105263158,0.34895833333333337,0.48237638894272,3.3684210526315788
828,18,37,19,1.7,0.3515625,0.39999999999999997,3.2
829,18,30,23,1.65,0.4365079365079365,0.47696960070847283,3.15
830,19,33,21,1.736842105263158,0.3984375,0.4823763889427201,3.3684210526315788
831,18,39,16,1.7,0.3151041666666667,0.39999999999999997,3.2
832,18,39,15,1.7,0.3020833333333333,0.39999999999999997,3.2
833,18,39,21,1.7,0.3567708333333333,0.39999999999999997,3.2
834,19,35,20,1.736842105263158,0.37239583333333337,0.4823763889427201,3.3684210526315788
835,19,36,21,1.736842105263158,0.37760416666666663,0.4823763889427201,3.3684210526315788
836,18,37,19,1.65,0.3492063492063492,0.47696960070847283,3.15
837,19,35,19,1.736842105263158,0.36458333333333337,0.48237638894272,3.3684210526315788
838,19,33,22,1.736842105263158,0.40364583333333337,0.4823763889427201,3.3684210526315788
839,19,36,19,1.736842105263158,0.3619791666666667,0.4823763889427201,3.3684210526315788
840,19,32,22,1.736842105263158,0.4166666666666667,0.4823763889427201,3.3684210526315788
841,19,37,19,1.736842105263158,0.3515625,0.4823763889427201,3.3684210526315788
842,18,37,20,1.7,0.3645833333333333,0.39999999999999997,3.2
843,19,38,19,1.736842105263158,0.3489583333333333,0.4823763889427201,3.3684210526315788
844,19,40,17,1.6842105263157894,0.31746031746031744,0.5668594533825794,3.3157894736842106
845,18,40,21,1.7,0.3515625,0.39999999999999997,3.2
846,19,32,23,1.736842105263158,0.4244791666666667,0.4823763889427201,3.3684210526315788
847,18,32,23,1.7,0.421875,0.39999999999999997,3.2
848,19,36,20,1.736842105263158,0.3671875,0.4823763889427201,3.3684210526315788
849,19,33,22,1.736842105263158,0.4088541666666667,0.4823763889427201,3.3684210526315788
850,19,38,20,1.736842105263158,0.35677083333333337,0.4823763889427201,3.3684210526315788
851,18,34,22,1.7,0.4010416666666667,0.39999999999999997,3.2
852,19,36,19,1.736842105263158,0.3619791666666667,0.4823763889427201,3.3684210526315788
853,19,38,20,1.736842105263158,0.35677083333333337,0.4823763889427201,3.3684210526315788
854,18,34,19,1.65,0.36772486772486773,0.47696960070847283,3.15
855,18,37,21,1.7,0.37239583333333337,0.39999999999999997,3.2
856,19,35,20,1.736842105263158,0.375,0.4823763889427201,3.3684210526315788
857,18,32,20,1.7,0.390625,0.39999999999999997,3.2
858,18,30,25,1.7,0.4557291666666667,0.39999999999999997,3.2
859,18,34,21,1.7,0.390625,0.39999999999999997,3.2
860,20,33,22,1.7777777777777777,0.40364583333333337,0.49690399499995325,3.5555555555555554
861,19,33,23,1.736842105263158,0.41666666666666663,0.4823763889427201,3.3684210526315788
862,18,34,20,1.7,0.3828125,0.39999999999999997,3.2
863,17,41,17,1.6666666666666667,0.30729166666666663,0.21295885499997994,3.0476190476190474
864,18,35,21,1.7,0.3854166666666667,0.39999999999999997,3.2
865,19,31,23,1.6842105263157894,0.42857142857142855,0.5668594533825794,3.3157894736842106
866,20,37,20,1.7777777777777777,0.36458333333333337,0.49690399499995325,3.5555555555555554
867,19,39,19,1.736842105263158,0.3411458333333333,0.4823763889427201,3.3684210526315788
868,18,36,20,1.7,0.3671875,0.39999999999999997,3.2
869,19,31,21,1.736842105263158,0.41145833333333337,0.48237638894272,3.3684210526315788
870,19,33,22,1.736842105263158,0.40625,0.4823763889427201,3.3684210526315788
871,20,33,24,1.7777777777777777,0.4244791666666667,0.49690399499995325,3.5555555555555554
872,20,36,20,1.7777777777777777,0.3697916666666667,0.49690399499995325,3.5555555555555554
873,20,33,20,1.7777777777777777,0.38802083333333337,0.49690399499995325,3.5555555555555554
874,19,37,20,1.736842105263158,0.3619791666666667,0.4823763889427201,3.3684210526315788
875,19,35,20,1.6842105263157894,0.37830687830687837,0.5668594533825794,3.3157894736842106
876,18,35,21,1.7,0.38802083333333337,0.39999999999999997,3.2
877,19,31,22,1.736842105263158,0.421875,0.4823763889427201,3.3684210526315788
878,19,37,21,1.736842105263158,0.37239583333333337,0.4823763889427201,3.3684210526315788
879,18,33,24,1.7,0.42708333333333337,0.39999999999999997,3.2
880,19,37,20,1.736842105263158,0.36458333333333337,0.4823763889427201,3.3684210526315788
881,19,36,20,1.736842105263158,0.36979166666666663,0.4823763889427201,3.3684210526315788
882,17,38,19,1.7142857142857142,0.3411458333333333,0.21295885499997994,3.0476190476190474
883,21,31,20,1.8235294117647058,0.4088541666666667,0.42418250299576343,3.764705882352941
884,19,36,19,1.736842105263158,0.359375,0.4823763889427201,3.3684210526315788
885,18,36,17,1.7,0.33854166666666663,0.39999999999999997,3.2
886,18,36,20,1.7,0.3671875,0.39999999999999997,3.2
887,20,34,23,1.7777777777777777,0.4088541666666667,0.49690399499995325,3.5555555555555554
888,19,37,20,1.736842105263158,0.36458333333333337,0.4823763889427201,3.3684210526315788
889,18,37,20,1.7,0.3619791666666667,0.39999999999999997,3.2
890,19,33,21,1.736842105263158,0.39583333333333337,0.4823763889427201,3.3684210526315788
891,20,34,20,1.7777777777777777,0.3828125,0.49690399499995325,3.5555555555555554
892,20,31,23,1.7777777777777777,0.4296875,0.49690399499995325,3.5555555555555554
893,18,33,21,1.7,0.3958333333333333,0.39999999999999997,3.2
894,18,34,19,1.75,0.37239583333333337,0.39999999999999997,3.2
895,19,32,22,1.6842105263157894,0.4126984126984127,0.5668594533825794,3.3157894736842106
896,18,35,22,1.7,0.390625,0.39999999999999997,3.2
897,19,34,23,1.736842105263158,0.40625,0.4823763889427201,3.3684210526315788
898,18,33,22,1.7,0.4088541666666667,0.39999999999999997,3.2
899,19,36,21,1.736842105263158,0.375,0.4823763889427201,3.3684210526315788
900,19,35,22,1.736842105263158,0.3932291666666667,0.4823763889427201,3.3684210526315788
901,19,36,18,1.736842105263158,0.34895833333333337,0.4823763889427201,3.3684210526315788
902,20,31,19,1.7777777777777777,0.3932291666666667,0.49690399499995325,3.5555555555555554
903,19,38,19,1.736842105263158,0.34895833333333337,0.4823763889427201,3.3684210526315788
904,19,33,22,1.736842105263158,0.40625,0.4823763889427201,3.3684210526315788
905,19,36,20,1.736842105263158,0.36979166666666663,0.4823763889427201,3.3684210526315788
906,18,33,22,1.7,0.40625,0.39999999999999997,3.2
907,18,35,20,1.7,0.375,0.39999999999999997,3.2
908,18,35,21,1.7,0.3828125,0.39999999999999997,3.2
909,20,28,25,1.7777777777777777,0.4635416666666667,0.49690399499995325,3.5555555555555554
910,18,32,23,1.7,0.421875,0.39999999999999997,3.2
911,18,36,19,1.7,0.3619791666666667,0.39999999999999997,3.2
912,19,31,22,1.6842105263157894,0.42063492063492064,0.5668594533825794,3.3157894736842106
913,19,34,20,1.736842105263158,0.38020833333333337,0.4823763889427201,3.3684210526315788
914,18,34,23,1.7,0.40885416666666663,0.39999999999999997,3.2
915,19,32,22,1.736842105263158,0.4140625,0.4823763889427201,3.3684210526315788
916,20,37,21,1.7777777777777777,0.36979166666666663,0.49690399499995325,3.5555555555555554
917,19,35,20,1.736842105263158,0.375,0.4823763889427201,3.3684210526315788
918,18,30,23,1.7,0.4375,0.39999999999999997,3.2
919,18,32,21,1.7,0.40625,0.39999999999999997,3.2
920,18,36,23,1.75,0.39583333333333337,0.39999999999999997,3.2
921,19,37,20,1.736842105263158,0.36458333333333337,0.4823763889427201,3.3684210526315788
922,19,38,21,1.736842105263158,0.36197916666666663,0.4823763889427201,3.3684210526315788
923,18,38,18,1.7,0.33854166666666663,0.39999999999999997,3.2
924,19,34,21,1.736842105263158,0.39322916666666663,0.4823763889427201,3.3684210526315788
925,19,34,22,1.736842105263158,0.40104166666666663,0.4823763889427201,3.3684210526315788
926,19,31,23,1.736842105263158,0.4270833333333333,0.4823763889427201,3.3684210526315788
927,19,33,23,1.736842105263158,0.4140625,0.4823763889427201,3.3684210526315788
928,19,33,21,1.736842105263158,0.39583333333333337,0.4823763889427201,3.3684210526315788
929,18,33,22,1.7,0.40625,0.39999999999999997,3.2
930,19,38,22,1.736842105263158,0.36979166666666663,0.4823763889427201,3.3684210526315788
931,19,29,22,1.736842105263158,0.4322916666666667,0.48237638894272,3.3684210526315788
932,19,33,22,1.736842105263158,0.40364583333333337,0.4823763889427201,3.3684210526315788
933,19,35,20,1.736842105263158,0.375,0.4823763889427201,3.3684210526315788
934,18,33,24,1.7,0.421875,0.39999999999999997,3.2
935,18,29,24,1.65,0.4523809523809524,0.47696960070847283,3.15
936,19,29,22,1.6842105263157894,0.4365079365079365,0.5668594533825794,3.3157894736842106
937,18,35,21,1.7,0.3854166666666667,0.39999999999999997,3.2
938,20,35,23,1.7777777777777777,0.4010416666666667,0.49690399499995325,3.5555555555555554
939,19,32,20,1.736842105263158,0.3984375,0.4823763889427201,3.3684210526315788
940,19,33,19,1.6842105263157894,0.3756613756613757,0.5668594533825794,3.3157894736842106
941,18,32,24,1.7,0.4322916666666667,0.39999999999999997,3.2
942,19,31,23,1.736842105263158,0.42708333333333326,0.4823763889427201,3.3684210526315788
943,19,36,21,1.736842105263158,0.38020833333333337,0.4823763889427201,3.3684210526315788
944,20,34,22,1.7777777777777777,0.40364583333333337,0.49690399499995325,3.5555555555555554
945,19,39,16,1.736842105263158,0.3125,0.4823763889427201,3.3684210526315788
946,19,33,23,1.736842105263158,0.4140625,0.48237638894272,3.3684210526315788
947,19,31,23,1.736842105263158,0.4296875,0.4823763889427201,3.3684210526315788
948,19,30,25,1.736842105263158,0.4557291666666667,0.4823763889427201,3.3684210526315788
949,19,28,24,1.736842105263158,0.45572916666666663,0.4823763889427201,3.3684210526315788
950,18,34,20,1.7,0.38020833333333337,0.39999999999999997,3.2
951,18,34,22,1.7,0.3984375,0.39999999999999997,3.2
952,19,39,20,1.736842105263158,0.3463541666666667,0.4823763889427201,3.3684210526315788
953,19,37,21,1.736842105263158,0.3697916666666667,0.4823763889427201,3.3684210526315788
954,19,32,22,1.736842105263158,0.4140625,0.4823763889427201,3.3684210526315788
955,18,34,22,1.7,0.3984375,0.39999999999999997,3.2
956,19,31,24,1.736842105263158,0.4375,0.4823763889427201,3.3684210526315788
957,19,32,22,1.736842105263158,0.41145833333333337,0.4823763889427201,3.3684210526315788
958,18,35,21,1.7,0.3828125,0.39999999999999997,3.2
959,20,29,23,1.7777777777777777,0.44270833333333337,0.49690399499995325,3.5555555555555554
960,18,36,22,1.7,0.3828125,0.39999999999999997,3.2
961,20,34,22,1.7777777777777777,0.3984375,0.49690399499995325,3.5555555555555554
962,19,39,20,1.7894736842105263,0.34895833333333337,0.4823763889427201,3.3684210526315788
963,18,35,22,1.7,0.3958333333333333,0.39999999999999997,3.2
964,18,31,20,1.65,0.4021164021164021,0.47696960070847283,3.15
965,19,28,26,1.736842105263158,0.4765625,0.4823763889427201,3.3684210526315788
966,18,31,22,1.7,0.41927083333333337,0.39999999999999997,3.2
967,18,33,20,1.7,0.38802083333333337,0.39999999999999997,3.2
968,18,33,21,1.7,0.40104166666666663,0.39999999999999997,3.2
969,19,32,23,1.736842105263158,0.4244791666666667,0.4823763889427201,3.3684210526315788
970,18,33,24,1.7,0.4244791666666667,0.39999999999999997,3.2
971,18,35,21,1.7,0.3854166666666667,0.39999999999999997,3.2
972,18,36,18,1.7,0.34895833333333337,0.39999999999999997,3.2
973,18,34,21,1.7,0.3958333333333333,0.39999999999999997,3.2
974,19,32,23,1.736842105263158,0.41927083333333337,0.4823763889427201,3.3684210526315788
975,19,34,21,1.736842105263158,0.39583333333333337,0.4823763889427201,3.3684210526315788
976,19,28,24,1.736842105263158,0.4609375,0.4823763889427201,3.3684210526315788
977,18,36,19,1.7,0.359375,0.39999999999999997,3.2
978,19,32,20,1.736842105263158,0.4010416666666667,0.4823763889427201,3.3684210526315788
979,19,33,22,1.736842105263158,0.4036458333333333,0.4823763889427201,3.3684210526315788
980,20,33,22,1.7777777777777777,0.4088541666666667,0.49690399499995325,3.5555555555555554
981,19,33,23,1.736842105263158,0.4166666666666667,0.4823763889427201,3.3684210526315788
982,18,32,21,1.7,0.40625,0.39999999999999997,3.2
983,18,36,21,1.7,0.3828125,0.39999999999999997,3.2
984,19,33,22,1.6842105263157894,0.4074074074074074,0.5668594533825794,3.3157894736842106
985,20,31,22,1.7777777777777777,0.41927083333333337,0.49690399499995325,3.5555555555555554
986,18,36,21,1.7,0.3776041666666667,0.39999999999999997,3.2
987,18,37,23,1.7,0.3828125,0.39999999999999997,3.2
988,19,31,21,1.6842105263157894,0.41005291005291006,0.5668594533825794,3.3157894736842106
989,19,36,21,1.736842105263158,0.375,0.4823763889427201,3.3684210526315788
990,19,31,23,1.736842105263158,0.4296875,0.4823763889427201,3.3684210526315788
991,19,30,22,1.736842105263158,0.4244791666666667,0.4823763889427201,3.3684210526315788
992,18,32,23,1.7,0.4244791666666667,0.39999999999999997,3.2
993,18,29,22,1.65,0.4365079365079365,0.47696960070847283,3.15
994,20,39,18,1.7777777777777777,0.3307291666666667,0.49690399499995325,3.5555555555555554
995,19,34,22,1.736842105263158,0.3984375,0.4823763889427201,3.3684210526315788
996,19,35,22,1.736842105263158,0.38802083333333337,0.4823763889427201,3.3684210526315788
997,19,30,24,1.736842105263158,0.4453125,0.48237638894272,3.3684210526315788
998,19,33,21,1.736842105263158,0.4010416666666667,0.4823763889427201,3.3684210526315788
999,18,35,22,1.7,0.38802083333333337,0.39999999999999997,3.2
1000,18,28,23,1.65,0.4470899470899471,0.47696960070847283,3.15
1001,19,31,22,1.736842105263158,0.41927083333333337,0.48237638894272,3.3684210526315788
1002,19,30,24,1.736842105263158,0.4453125,0.4823763889427201,3.3684210526315788
1003,19,34,22,1.736842105263158,0.4010416666666667,0.4823763889427201,3.3684210526315788
1004,18,32,23,1.7,0.4244791666666667,0.39999999999999997,3.2
1005,19,33,23,1.736842105263158,0.4166666666666667,0.4823763889427201,3.3684210526315788
1006,20,35,21,1.7777777777777777,0.38541666666666663,0.49690399499995325,3.5555555555555554
1007,19,31,23,1.736842105263158,0.4296875,0.4823763889427201,3.3684210526315788
1008,18,32,21,1.7,0.40885416666666663,0.39999999999999997,3.2
1009,18,31,21,1.7,0.4140625,0.39999999999999997,3.2
1010,19,33,22,1.736842105263158,0.40625,0.48237638894272,3.3684210526315788
1011,18,33,23,1.7,0.4192708333333333,0.39999999999999997,3.2
1012,18,30,25,1.7,0.453125,0.39999999999999997,3.2
1013,18,28,24,1.7,0.4583333333333333,0.39999999999999997,3.2
1014,18,34,24,1.7,0.41666666666666663,0.39999999999999997,3.2
1015,19,30,23,1.6842105263157894,0.4365079365079365,0.5668594533825794,3.3157894736842106
1016,18,30,23,1.7,0.43489583333333337,0.39999999999999997,3.2
1017,19,34,23,1.736842105263158,0.40625,0.48237638894272,3.3684210526315788
1018,18,28,24,1.7,0.4583333333333333,0.39999999999999997,3.2
1019,20,29,25,1.7777777777777777,0.4635416666666667,0.49690399499995325,3.5555555555555554
1020,19,34,20,1.736842105263158,0.38020833333333337,0.4823763889427201,3.3684210526315788
1021,19,31,22,1.736842105263158,0.4244791666666667,0.4823763889427201,3.3684210526315788
1022,19,31,22,1.736842105263158,0.421875,0.4823763889427201,3.3684210526315788
1023,19,28,23,1.736842105263158,0.45052083333333337,0.4823763889427201,3.3684210526315788
1024,19,30,24,1.736842105263158,0.44270833333333337,0.4823763889427201,3.3684210526315788
1025,19,31,22,1.6842105263157894,0.42063492063492064,0.5668594533825794,3.3157894736842106
1026,19,28,24,1.6842105263157894,0.4603174603174603,0.5668594533825794,3.3157894736842106
1027,19,31,24,1.736842105263158,0.4375,0.4823763889427201,3.3684210526315788
1028,17,42,17,1.6666666666666667,0.3020833333333333,0.21295885499997994,3.0476190476190474
1029,17,37,19,1.6666666666666667,0.3541666666666667,0.21295885499997996,3.0476190476190474
1030,19,34,22,1.736842105263158,0.4010416666666667,0.4823763889427201,3.3684210526315788
1031,19,34,22,1.736842105263158,0.4010416666666667,0.4823763889427201,3.3684210526315788
1032,19,28,22,1.736842105263158,0.44270833333333337,0.4823763889427201,3.3684210526315788
1033,18,31,25,1.7,0.4453125,0.39999999999999997,3.2
1034,18,33,23,1.7,0.4140625,0.39999999999999997,3.2
1035,19,29,25,1.736842105263158,0.4609375,0.4823763889427201,3.3684210526315788
1036,19,35,20,1.736842105263158,0.375,0.4823763889427201,3.3684210526315788
1037,18,31,24,1.7,0.4375,0.39999999999999997,3.2
1038,18,32,23,1.7,0.421875,0.39999999999999997,3.2
1039,17,35,20,1.6666666666666667,0.375,0.21295885499997994,3.0476190476190474
1040,18,30,23,1.7,0.4375,0.39999999999999997,3.2
1041,19,31,24,1.736842105263158,0.4375,0.4823763889427201,3.3684210526315788
1042,18,31,25,1.7,0.4427083333333333,0.39999999999999997,3.2
1043,19,28,23,1.736842105263158,0.4557291666666667,0.4823763889427201,3.3684210526315788
1044,18,30,24,1.7,0.4453125,0.39999999999999997,3.2
1045,18,31,22,1.7,0.4166666666666667,0.39999999999999997,3.2
1046,18,40,20,1.7,0.34375,0.39999999999999997,3.2
1047,18,33,21,1.65,0.3994708994708995,0.47696960070847283,3.15
1048,19,34,21,1.6842105263157894,0.3888888888888889,0.5668594533825794,3.3157894736842106
1049,19,32,22,1.736842105263158,0.4166666666666667,0.48237638894272,3.3684210526315788
1050,19,32,24,1.736842105263158,0.4270833333333333,0.4823763889427201,3.3684210526315788
1051,20,32,24,1.7777777777777777,0.4296875,0.49690399499995325,3.5555555555555554
1052,18,32,23,1.7,0.421875,0.39999999999999997,3.2
1053,19,31,24,1.736842105263158,0.4401041666666667,0.4823763889427201,3.3684210526315788
1054,19,26,25,1.736842105263158,0.4817708333333333,0.4823763889427201,3.3684210526315788
1055,19,32,22,1.736842105263158,0.4166666666666667,0.4823763889427201,3.3684210526315788
1056,19,31,23,1.736842105263158,0.4296875,0.4823763889427201,3.3684210526315788
1057,19,31,23,1.736842105263158,0.4322916666666667,0.4823763889427201,3.3684210526315788
1058,20,28,24,1.7777777777777777,0.4609375,0.49690399499995325,3.5555555555555554
1059,19,32,21,1.736842105263158,0.40625,0.4823763889427201,3.3684210526315788
1060,18,29,22,1.65,0.4338624338624339,0.47696960070847283,3.15
1061,19,34,21,1.736842105263158,0.39322916666666663,0.4823763889427201,3.3684210526315788
1062,18,30,26,1.65,0.46296296296296297,0.47696960070847283,3.15
1063,19,33,24,1.736842105263158,0.4192708333333333,0.4823763889427201,3.3684210526315788
1064,18,28,24,1.7,0.45572916666666663,0.39999999999999997,3.2
1065,19,29,25,1.6842105263157894,0.46031746031746024,0.5668594533825794,3.3157894736842106
1066,18,30,24,1.7,0.4479166666666667,0.39999999999999997,3.2
1067,19,32,22,1.736842105263158,0.4140625,0.4823763889427201,3.3684210526315788
1068,18,30,23,1.7,0.4375,0.39999999999999997,3.2
1069,19,29,23,1.736842105263158,0.4453125,0.4823763889427201,3.3684210526315788
1070,20,26,24,1.7777777777777777,0.47395833333333337,0.49690399499995325,3.5555555555555554
1071,19,29,23,1.736842105263158,0.44010416666666663,0.4823763889427201,3.3684210526315788
1072,18,37,21,1.7,0.36458333333333337,0.39999999999999997,3.2
1073,19,32,24,1.736842105263158,0.43489583333333337,0.4823763889427201,3.3684210526315788
1074,19,29,22,1.736842105263158,0.43489583333333337,0.48237638894272,3.3684210526315788
1075,20,31,23,1.7222222222222223,0.4312169312169312,0.6009252125773316,3.5
1076,19,32,22,1.736842105263158,0.4166666666666667,0.4823763889427201,3.3684210526315788
1077,19,26,26,1.736842105263158,0.48958333333333337,0.4823763889427201,3.3684210526315788
1078,18,30,23,1.7,0.4375,0.39999999999999997,3.2
1079,19,34,22,1.6842105263157894,0.3994708994708994,0.5668594533825794,3.3157894736842106
1080,20,31,24,1.7777777777777777,0.4375,0.49690399499995325,3.5555555555555554
1081,19,29,23,1.736842105263158,0.4427083333333333,0.4823763889427201,3.3684210526315788
1082,19,32,22,1.736842105263158,0.4140625,0.4823763889427201,3.3684210526315788
1083,19,32,23,1.736842105263158,0.421875,0.4823763889427201,3.3684210526315788
1084,18,32,22,1.7,0.41145833333333337,0.39999999999999997,3.2
1085,19,31,25,1.736842105263158,0.4453125,0.4823763889427201,3.3684210526315788
1086,20,29,24,1.7777777777777777,0.45052083333333337,0.49690399499995325,3.5555555555555554
1087,18,30,25,1.7,0.4557291666666667,0.39999999999999997,3.2
1088,18,28,24,1.7,0.45052083333333337,0.39999999999999997,3.2
1089,19,32,21,1.6842105263157894,0.40740740740740744,0.5668594533825794,3.3157894736842106
1090,19,31,24,1.736842105263158,0.44010416666666663,0.48237638894272,3.3684210526315788
1091,19,29,23,1.736842105263158,0.44270833333333337,0.4823763889427201,3.3684210526315788
1092,18,30,24,1.65,0.43915343915343913,0.47696960070847283,3.15
1093,19,29,24,1.736842105263158,0.453125,0.4823763889427201,3.3684210526315788
1094,19,32,23,1.736842105263158,0.421875,0.4823763889427201,3.3684210526315788
1095,19,38,21,1.6842105263157894,0.3624338624338625,0.5668594533825794,3.3157894736842106
1096,19,40,19,1.7894736842105263,0.328125,0.4823763889427201,3.3684210526315788
1097,19,29,25,1.736842105263158,0.4609375,0.4823763889427201,3.3684210526315788
1098,19,30,23,1.736842105263158,0.43489583333333337,0.4823763889427201,3.3684210526315788
1099,19,31,24,1.6842105263157894,0.4365079365079365,0.5668594533825794,3.3157894736842106
1100,19,31,21,1.736842105263158,0.41145833333333337,0.4823763889427201,3.3684210526315788
1101,19,31,22,1.736842105263158,0.421875,0.4823763889427201,3.3684210526315788
1102,18,31,22,1.65,0.42063492063492064,0.47696960070847283,3.15
1103,18,37,22,1.7,0.38020833333333337,0.39999999999999997,3.2
1104,18,32,23,1.7,0.4244791666666667,0.39999999999999997,3.2
1105,18,28,20,1.7,0.42447916666666663,0.39999999999999997,3.2
1106,18,27,24,1.7,0.46614583333333337,0.39999999999999997,3.2
1107,18,32,21,1.7,0.4036458333333333,0.39999999999999997,3.2
1108,19,32,22,1.736842105263158,0.4140625,0.4823763889427201,3.3684210526315788
1109,18,33,23,1.7,0.4166666666666667,0.39999999999999997,3.2
1110,19,30,24,1.736842105263158,0.4427083333333333,0.4823763889427201,3.3684210526315788
1111,19,31,21,1.6842105263157894,0.41005291005291006,0.5668594533825794,3.3157894736842106
1112,20,36,22,1.7777777777777777,0.3854166666666667,0.49690399499995325,3.5555555555555554
1113,19,30,22,1.736842105263158,0.4244791666666667,0.4823763889427201,3.3684210526315788
1114,18,35,21,1.7,0.3854166666666667,0.39999999999999997,3.2
1115,19,29,25,1.6842105263157894,0.46560846560846564,0.5668594533825794,3.3157894736842106
1116,18,32,23,1.7,0.4244791666666667,0.39999999999999997,3.2
1117,19,28,22,1.736842105263158,0.44270833333333337,0.4823763889427201,3.3684210526315788
1118,19,33,21,1.736842105263158,0.4010416666666667,0.4823763889427201,3.3684210526315788
1119,19,30,23,1.6842105263157894,0.4365079365079365,0.5668594533825794,3.3157894736842106
1120,17,40,19,1.7142857142857142,0.3359375,0.21295885499997994,3.0476190476190474
1121,19,30,23,1.736842105263158,0.4375,0.4823763889427201,3.3684210526315788
1122,19,34,20,1.736842105263158,0.3828125,0.4823763889427201,3.3684210526315788
1123,19,33,22,1.736842105263158,0.4088541666666667,0.4823763889427201,3.3684210526315788
1124,19,34,21,1.736842105263158,0.390625,0.4823763889427201,3.3684210526315788
1125,19,32,24,1.736842105263158,0.4296875,0.4823763889427201,3.3684210526315788
1126,19,33,23,1.736842105263158,0.4166666666666667,0.4823763889427201,3.3684210526315788
1127,19,33,22,1.736842105263158,0.40625,0.4823763889427201,3.3684210526315788
1128,19,32,22,1.6842105263157894,0.41534391534391535,0.5668594533825794,3.3157894736842106
1129,18,32,20,1.7,0.39583333333333337,0.39999999999999997,3.2
1130,17,35,19,1.7142857142857142,0.36979166666666663,0.21295885499997994,3.0476190476190474
1131,19,26,27,1.736842105263158,0.49739583333333337,0.4823763889427201,3.3684210526315788
1132,19,27,24,1.6842105263157894,0.46296296296296297,0.5668594533825794,3.3157894736842106
1133,19,31,22,1.736842105263158,0.421875,0.4823763889427201,3.3684210526315788
1134,20,30,23,1.7777777777777777,0.43489583333333337,0.49690399499995325,3.5555555555555554
1135,19,30,23,1.736842105263158,0.4375,0.4823763889427201,3.3684210526315788
1136,18,29,22,1.7,0.43489583333333337,0.39999999999999997,3.2
1137,18,31,23,1.65,0.4312169312169312,0.47696960070847283,3.15
1138,18,31,23,1.7,0.4296875,0.39999999999999997,3.2
1139,20,30,23,1.7222222222222223,0.4365079365079365,0.6009252125773316,3.5
1140,18,28,22,1.65,0.4444444444444444,0.47696960070847283,3.15
1141,19,30,23,1.6842105263157894,0.43386243386243384,0.5668594533825794,3.3157894736842106
1142,20,33,22,1.7777777777777777,0.4036458333333333,0.49690399499995325,3.5555555555555554
1143,19,30,23,1.736842105263158,0.4375,0.4823763889427201,3.3684210526315788
1144,19,31,22,1.6842105263157894,0.417989417989418,0.5668594533825794,3.3157894736842106
1145,18,30,23,1.65,0.4338624338624339,0.47696960070847283,3.15
1146,19,29,23,1.736842105263158,0.4401041666666667,0.4823763889427201,3.3684210526315788
1147,19,31,24,1.736842105263158,0.4375,0.4823763889427201,3.3684210526315788
1148,19,32,23,1.736842105263158,0.4244791666666667,0.4823763889427201,3.3684210526315788
1149,18,30,25,1.7,0.453125,0.39999999999999997,3.2
1150,19,30,22,1.736842105263158,0.4270833333333333,0.4823763889427201,3.3684210526315788
1151,17,37,19,1.7142857142857142,0.3515625,0.21295885499997994,3.0476190476190474
1152,19,31,24,1.736842105263158,0.4401041666666667,0.4823763889427201,3.3684210526315788
1153,18,35,19,1.7,0.36458333333333337,0.39999999999999997,3.2
1154,18,29,25,1.7,0.45833333333333337,0.39999999999999997,3.2
1155,18,28,24,1.7,0.4609375,0.39999999999999997,3.2
1156,18,27,27,1.7,0.4869791666666667,0.39999999999999997,3.2
1157,20,30,23,1.7777777777777777,0.43489583333333337,0.49690399499995325,3.5555555555555554
1158,18,29,25,1.7,0.45833333333333337,0.39999999999999997,3.2
1159,20,30,22,1.7777777777777777,0.4244791666666667,0.49690399499995325,3.5555555555555554
1160,18,26,24,1.7,0.46614583333333337,0.39999999999999997,3.2
1161,19,26,25,1.6842105263157894,0.4867724867724868,0.5668594533825794,3.3157894736842106
1162,19,31,22,1.736842105263158,0.421875,0.4823763889427201,3.3684210526315788
1163,19,28,25,1.736842105263158,0.46875,0.4823763889427201,3.3684210526315788
1164,19,27,25,1.736842105263158,0.4713541666666667,0.4823763889427201,3.3684210526315788
1165,19,30,24,1.6842105263157894,0.4417989417989418,0.5668594533825794,3.3157894736842106
1166,20,31,22,1.7777777777777777,0.421875,0.49690399499995325,3.5555555555555554
1167,18,26,24,1.7,0.4713541666666667,0.39999999999999997,3.2
1168,19,29,27,1.736842105263158,0.4791666666666667,0.4823763889427201,3.3684210526315788
1169,18,33,21,1.7,0.4036458333333333,0.39999999999999997,3.2
1170,19,29,26,1.736842105263158,0.46875,0.4823763889427201,3.3684210526315788
1171,18,34,22,1.7,0.40104166666666663,0.39999999999999997,3.2
1172,19,31,22,1.6842105263157894,0.42063492063492064,0.5668594533825794,3.3157894736842106
1173,20,37,20,1.8333333333333333,0.36458333333333337,0.49690399499995325,3.5555555555555554
1174,19,30,24,1.736842105263158,0.4453125,0.4823763889427201,3.3684210526315788
1175,19,29,25,1.736842105263158,0.4635416666666667,0.4823763889427201,3.3684210526315788
1176,19,26,25,1.736842105263158,0.4791666666666667,0.4823763889427201,3.3684210526315788
1177,19,29,25,1.736842105263158,0.4609375,0.4823763889427201,3.3684210526315788
1178,19,28,23,1.6842105263157894,0.4470899470899471,0.5668594533825794,3.3157894736842106
1179,20,29,22,1.7222222222222223,0.4312169312169312,0.6009252125773316,3.5
1180,19,29,26,1.736842105263158,0.46875000000000006,0.4823763889427201,3.3684210526315788
1181,19,31,22,1.736842105263158,0.421875,0.48237638894272,3.3684210526315788
1182,19,29,22,1.736842105263158,0.43489583333333337,0.4823763889427201,3.3684210526315788
1183,18,26,24,1.7,0.46875,0.39999999999999997,3.2
1184,19,30,23,1.736842105263158,0.4348958333333333,0.4823763889427201,3.3684210526315788
1185,19,27,24,1.736842105263158,0.46614583333333337,0.4823763889427201,3.3684210526315788
1186,19,31,24,1.6842105263157894,0.4365079365079365,0.5668594533825794,3.3157894736842106
1187,19,24,28,1.736842105263158,0.5182291666666667,0.4823763889427201,3.3684210526315788
1188,19,30,22,1.736842105263158,0.4244791666666667,0.4823763889427201,3.3684210526315788
1189,19,25,25,1.6842105263157894,0.48677248677248675,0.5668594533825794,3.3157894736842106
1190,18,29,24,1.65,0.45502645502645506,0.47696960070847283,3.15
1191,19,28,25,1.736842105263158,0.46614583333333337,0.4823763889427201,3.3684210526315788
1192,20,29,24,1.7777777777777777,0.45052083333333337,0.49690399499995325,3.5555555555555554
1193,20,28,24,1.7777777777777777,0.45833333333333337,0.49690399499995325,3.5555555555555554
1194,19,27,24,1.6842105263157894,0.46296296296296297,0.5668594533825794,3.3157894736842106
1195,19,28,23,1.736842105263158,0.453125,0.4823763889427201,3.3684210526315788
1196,19,31,25,1.736842105263158,0.4453125,0.4823763889427201,3.3684210526315788
1197,19,30,24,1.736842105263158,0.4453125,0.4823763889427201,3.3684210526315788
1198,18,27,25,1.7,0.4713541666666667,0.39999999999999997,3.2
1199,18,27,25,1.7,0.47395833333333337,0.39999999999999997,3.2
1200,19,29,26,1.736842105263158,0.46614583333333337,0.4823763889427201,3.3684210526315788
1201,19,29,23,1.6842105263157894,0.4444444444444444,0.5668594533825794,3.3157894736842106
1202,18,28,24,1.65,0.4603174603174603,0.47696960070847283,3.15
1203,19,29,24,1.736842105263158,0.4479166666666667,0.4823763889427201,3.3684210526315788
1204,19,28,24,1.736842105263158,0.4557291666666667,0.4823763889427201,3.3684210526315788
1205,19,30,23,1.736842105263158,0.4375,0.4823763889427201,3.3684210526315788
1206,20,28,23,1.7777777777777777,0.45052083333333337,0.49690399499995325,3.5555555555555554
1207,19,26,24,1.736842105263158,0.4739583333333333,0.4823763889427201,3.3684210526315788
1208,20,31,20,1.7222222222222223,0.40476190476190477,0.6009252125773316,3.5
1209,19,29,25,1.736842105263158,0.4609375,0.4823763889427201,3.3684210526315788
1210,18,28,24,1.65,0.45767195767195773,0.47696960070847283,3.15
1211,19,31,21,1.736842105263158,0.4140625,0.4823763889427201,3.3684210526315788
1212,18,32,21,1.65,0.4074074074074074,0.47696960070847283,3.15
1213,18,30,24,1.65,0.4444444444444444,0.47696960070847283,3.15
1214,17,35,19,1.6666666666666667,0.3645833333333333,0.21295885499997994,3.0476190476190474
1215,20,26,26,1.7777777777777777,0.484375,0.49690399499995325,3.5555555555555554
1216,19,31,25,1.6842105263157894,0.44708994708994704,0.5668594533825794,3.3157894736842106
1217,18,35,21,1.65,0.3862433862433863,0.47696960070847283,3.15
1218,18,25,27,1.65,0.5052910052910053,0.47696960070847283,3.15
1219,19,30,25,1.736842105263158,0.453125,0.4823763889427201,3.3684210526315788
1220,19,27,24,1.736842105263158,0.4609375,0.4823763889427201,3.3684210526315788
1221,18,27,24,1.7,0.4635416666666667,0.39999999999999997,3.2
1222,19,31,24,1.736842105263158,0.4322916666666667,0.4823763889427201,3.3684210526315788
1223,18,30,23,1.7,0.4375,0.39999999999999997,3.2
1224,19,29,25,1.736842105263158,0.4609375,0.4823763889427201,3.3684210526315788
1225,19,30,25,1.736842105263158,0.4557291666666667,0.48237638894272,3.3684210526315788
1226,18,28,25,1.65,0.47089947089947093,0.47696960070847283,3.15
1227,19,31,22,1.736842105263158,0.421875,0.4823763889427201,3.3684210526315788
1228,18,33,24,1.7,0.421875,0.39999999999999997,3.2
1229,19,27,24,1.6842105263157894,0.46825396825396826,0.5668594533825794,3.3157894736842106
1230,19,29,24,1.736842105263158,0.45052083333333337,0.4823763889427201,3.3684210526315788
1231,19,26,25,1.6842105263157894,0.48412698412698413,0.5668594533825794,3.3157894736842106
1232,18,33,24,1.7,0.4244791666666667,0.39999999999999997,3.2
1233,19,28,24,1.6842105263157894,0.4576719576719577,0.5668594533825794,3.3157894736842106
1234,19,28,26,1.736842105263158,0.4765625,0.48237638894272,3.3684210526315788
1235,20,32,23,1.7777777777777777,0.421875,0.49690399499995325,3.5555555555555554
1236,18,31,22,1.7,0.421875,0.39999999999999997,3.2
1237,19,31,20,1.736842105263158,0.40211640211640215,0.5668594533825794,3.3157894736842106
1238,18,28,24,1.7,0.4583333333333333,0.39999999999999997,3.2
1239,19,29,25,1.6842105263157894,0.45767195767195773,0.5668594533825794,3.3157894736842106
1240,18,27,26,1.7,0.48697916666666663,0.39999999999999997,3.2
1241,18,31,25,1.65,0.4470899470899471,0.47696960070847283,3.15
1242,19,27,25,1.6842105263157894,0.47619047619047616,0.5668594533825794,3.3157894736842106
1243,18,31,23,1.7,0.4296875,0.39999999999999997,3.2
1244,18,32,22,1.7,0.4140625,0.39999999999999997,3.2
1245,20,30,23,1.7777777777777777,0.4375,0.49690399499995325,3.5555555555555554
1246,19,28,23,1.6842105263157894,0.44973544973544977,0.5668594533825794,3.3157894736842106
1247,18,31,26,1.65,0.45502645502645506,0.47696960070847283,3.15
1248,18,28,25,1.7,0.46614583333333337,0.39999999999999997,3.2
1249,18,26,25,1.7,0.4765625,0.39999999999999997,3.2
1250,19,27,24,1.736842105263158,0.46614583333333337,0.4823763889427201,3.3684210526315788
1251,19,27,22,1.736842105263158,0.4479166666666667,0.4823763889427201,3.3684210526315788
1252,19,30,23,1.736842105263158,0.43489583333333337,0.4823763889427201,3.3684210526315788
1253,18,29,25,1.7,0.4609375,0.39999999999999997,3.2
1254,19,30,24,1.736842105263158,0.4453125,0.4823763889427201,3.3684210526315788
1255,19,31,24,1.736842105263158,0.4401041666666667,0.4823763889427201,3.3684210526315788
1256,20,31,25,1.7777777777777777,0.4479166666666667,0.49690399499995325,3.5555555555555554
1257,19,28,24,1.6842105263157894,0.4603174603174603,0.5668594533825794,3.3157894736842106
1258,18,28,26,1.7,0.47395833333333337,0.39999999999999997,3.2
1259,19,30,23,1.736842105263158,0.4375,0.4823763889427201,3.3684210526315788
1260,18,29,23,1.7,0.4401041666666667,0.39999999999999997,3.2
1261,19,31,24,1.736842105263158,0.4375,0.4823763889427201,3.3684210526315788
1262,18,29,26,1.7,0.46875,0.39999999999999997,3.2
1263,18,33,23,1.7,0.4166666666666667,0.39999999999999997,3.2
1264,19,26,26,1.736842105263158,0.49218750000000006,0.4823763889427201,3.3684210526315788
1265,19,31,23,1.736842105263158,0.4296875,0.4823763889427201,3.3684210526315788
1266,19,27,25,1.6842105263157894,0.47619047619047616,0.5668594533825794,3.3157894736842106
1267,18,32,19,1.65,0.39153439153439157,0.47696960070847283,3.15
1268,19,34,22,1.736842105263158,0.40104166666666663,0.4823763889427201,3.3684210526315788
1269,19,27,25,1.736842105263158,0.4765625,0.4823763889427201,3.3684210526315788
1270,19,30,22,1.736842105263158,0.42708333333333337,0.4823763889427201,3.3684210526315788
1271,18,23,26,1.7,0.5052083333333334,0.39999999999999997,3.2
1272,19,26,24,1.6842105263157894,0.4735449735449736,0.5668594533825794,3.3157894736842106
1273,20,28,23,1.7777777777777777,0.45052083333333337,0.49690399499995325,3.5555555555555554
1274,19,26,28,1.736842105263158,0.5026041666666667,0.48237638894272,3.3684210526315788
1275,19,29,24,1.736842105263158,0.45052083333333337,0.4823763889427201,3.3684210526315788
1276,19,23,24,1.736842105263158,0.49479166666666663,0.4823763889427201,3.3684210526315788
1277,19,23,25,1.6842105263157894,0.5052910052910053,0.5668594533825794,3.3157894736842106
1278,18,27,26,1.7,0.48177083333333337,0.39999999999999997,3.2
1279,20,28,25,1.7777777777777777,0.46875,0.49690399499995325,3.5555555555555554
1280,19,25,26,1.736842105263158,0.48958333333333337,0.4823763889427201,3.3684210526315788
1281,19,26,25,1.736842105263158,0.4765625,0.4823763889427201,3.3684210526315788
1282,19,32,25,1.736842105263158,0.4401041666666667,0.4823763889427201,3.3684210526315788
1283,19,28,26,1.736842105263158,0.4713541666666667,0.4823763889427201,3.3684210526315788
1284,19,30,23,1.6842105263157894,0.4338624338624339,0.5668594533825794,3.3157894736842106
1285,18,30,25,1.7,0.4453125,0.39999999999999997,3.2
1286,19,28,24,1.6842105263157894,0.45767195767195773,0.5668594533825794,3.3157894736842106
1287,19,30,24,1.736842105263158,0.4479166666666667,0.4823763889427201,3.3684210526315788
1288,19,29,25,1.736842105263158,0.4609375,0.48237638894272,3.3684210526315788
1289,18,28,26,1.7,0.4791666666666667,0.39999999999999997,3.2
1290,18,26,25,1.7,0.4765625,0.39999999999999997,3.2
1291,18,29,25,1.7,0.4609375,0.39999999999999997,3.2
1292,18,26,25,1.7,0.47656250000000006,0.39999999999999997,3.2
1293,20,27,24,1.7777777777777777,0.4635416666666667,0.49690399499995325,3.5555555555555554
1294,18,26,26,1.7,0.48437500000000006,0.39999999999999997,3.2
1295,20,28,23,1.7222222222222223,0.44708994708994704,0.6009252125773316,3.5
1296,18,26,29,1.65,0.515873015873016,0.47696960070847283,3.15
1297,18,26,24,1.65,0.47354497354497355,0.47696960070847283,3.15
1298,18,27,26,1.7,0.4791666666666667,0.39999999999999997,3.2
1299,19,29,24,1.736842105263158,0.45312500000000006,0.4823763889427201,3.3684210526315788
1300,19,29,24,1.736842105263158,0.45052083333333337,0.4823763889427201,3.3684210526315788
1301,19,28,25,1.6842105263157894,0.46825396825396826,0.5668594533825794,3.3157894736842106
1302,18,27,25,1.7,0.47135416666666663,0.39999999999999997,3.2
1303,18,27,25,1.7,0.4765625,0.39999999999999997,3.2
1304,19,29,24,1.736842105263158,0.453125,0.4823763889427201,3.3684210526315788
1305,18,24,27,1.65,0.5132275132275131,0.47696960070847283,3.15
1306,20,30,24,1.7777777777777777,0.4479166666666667,0.49690399499995325,3.5555555555555554
1307,20,25,23,1.7777777777777777,0.4635416666666667,0.49690399499995325,3.5555555555555554
1308,19,26,27,1.6842105263157894,0.4973544973544974,0.5668594533825794,3.3157894736842106
1309,20,26,25,1.7777777777777777,0.48177083333333337,0.49690399499995325,3.5555555555555554
1310,20,29,24,1.7777777777777777,0.453125,0.49690399499995325,3.5555555555555554
1311,19,37,20,1.736842105263158,0.3671875,0.4823763889427201,3.3684210526315788
1312,20,30,24,1.7777777777777777,0.44270833333333337,0.49690399499995325,3.5555555555555554
1313,17,41,17,1.6666666666666667,0.3046875,0.21295885499997994,3.0476190476190474
1314,18,26,25,1.65,0.48148148148148145,0.47696960070847283,3.15
1315,19,29,24,1.736842105263158,0.4479166666666667,0.4823763889427201,3.3684210526315788
1316,19,32,22,1.736842105263158,0.4114583333333333,0.4823763889427201,3.3684210526315788
1317,18,24,27,1.7,0.5052083333333334,0.39999999999999997,3.2
1318,19,27,24,1.6842105263157894,0.46825396825396826,0.5668594533825794,3.3157894736842106
1319,18,28,26,1.7,0.4791666666666667,0.39999999999999997,3.2
1320,19,22,25,1.6842105263157894,0.5105820105820107,0.5668594533825794,3.3157894736842106
1321,18,31,23,1.7,0.4296875,0.39999999999999997,3.2
1322,18,31,23,1.7,0.42968750000000006,0.39999999999999997,3.2
1323,18,30,25,1.7,0.4479166666666667,0.39999999999999997,3.2
1324,20,29,26,1.7777777777777777,0.46875,0.49690399499995325,3.5555555555555554
1325,19,26,24,1.6842105263157894,0.47619047619047616,0.5668594533825794,3.3157894736842106
1326,17,36,19,1.6666666666666667,0.36458333333333337,0.21295885499997994,3.0476190476190474
1327,17,35,19,1.6666666666666667,0.3671875,0.21295885499997994,3.0476190476190474
1328,20,24,26,1.7777777777777777,0.5078125,0.49690399499995325,3.5555555555555554
1329,19,26,24,1.736842105263158,0.47135416666666663,0.4823763889427201,3.3684210526315788
1330,20,26,25,1.7222222222222223,0.48412698412698413,0.6009252125773316,3.5
1331,18,24,26,1.7,0.4973958333333333,0.39999999999999997,3.2
1332,19,27,24,1.736842105263158,0.46614583333333337,0.4823763889427201,3.3684210526315788
1333,19,27,23,1.6842105263157894,0.4523809523809524,0.5668594533825794,3.3157894736842106
1334,20,28,23,1.7777777777777777,0.45052083333333337,0.49690399499995325,3.5555555555555554
1335,19,25,26,1.6842105263157894,0.4973544973544974,0.5668594533825794,3.3157894736842106
1336,19,26,26,1.736842105263158,0.4921875,0.4823763889427201,3.3684210526315788
1337,19,26,24,1.6842105263157894,0.47089947089947093,0.5668594533825794,3.3157894736842106
1338,18,28,24,1.65,0.45502645502645506,0.47696960070847283,3.15
1339,18,31,27,1.7,0.4635416666666667,0.39999999999999997,3.2
1340,20,33,20,1.7777777777777777,0.39583333333333337,0.49690399499995325,3.5555555555555554
1341,19,26,25,1.6842105263157894,0.47354497354497355,0.5668594533825794,3.3157894736842106
1342,20,25,24,1.7222222222222223,0.4814814814814815,0.6009252125773316,3.5
1343,19,26,28,1.736842105263158,0.5078125,0.4823763889427201,3.3684210526315788
1344,18,27,25,1.7,0.4791666666666667,0.39999999999999997,3.2
1345,19,25,26,1.736842105263158,0.5,0.4823763889427201,3.3684210526315788
1346,19,25,25,1.6842105263157894,0.4894179894179895,0.5668594533825794,3.3157894736842106
1347,19,26,26,1.6842105263157894,0.4894179894179894,0.5668594533825794,3.3157894736842106
1348,19,28,26,1.736842105263158,0.4765625,0.4823763889427201,3.3684210526315788
1349,19,26,24,1.736842105263158,0.47395833333333337,0.4823763889427201,3.3684210526315788
1350,18,28,24,1.7,0.45572916666666663,0.39999999999999997,3.2
1351,20,28,25,1.7222222222222223,0.46825396825396826,0.6009252125773316,3.5
1352,18,27,24,1.7,0.4609375,0.39999999999999997,3.2
1353,19,28,25,1.736842105263158,0.4635416666666667,0.48237638894272,3.3684210526315788
1354,18,30,25,1.7,0.45052083333333337,0.39999999999999997,3.2
1355,19,26,27,1.6842105263157894,0.5,0.5668594533825794,3.3157894736842106
1356,20,27,24,1.7777777777777777,0.46875,0.49690399499995325,3.5555555555555554
1357,18,27,25,1.7,0.47395833333333337,0.39999999999999997,3.2
1358,18,27,25,1.7,0.4765625,0.39999999999999997,3.2
1359,19,27,26,1.6842105263157894,0.48412698412698413,0.5668594533825794,3.3157894736842106
1360,19,27,24,1.6842105263157894,0.46296296296296297,0.5668594533825794,3.3157894736842106
1361,19,27,27,1.736842105263158,0.4947916666666667,0.4823763889427201,3.3684210526315788
1362,19,27,25,1.6842105263157894,0.47883597883597884,0.5668594533825794,3.3157894736842106
1363,17,35,21,1.6666666666666667,0.3862433862433862,0.3086066999241838,3.0
1364,20,27,24,1.7777777777777777,0.46614583333333337,0.49690399499995325,3.5555555555555554
1365,19,26,24,1.736842105263158,0.47135416666666663,0.4823763889427201,3.3684210526315788
1366,19,27,25,1.736842105263158,0.47395833333333337,0.4823763889427201,3.3684210526315788
1367,19,26,27,1.6842105263157894,0.5,0.5668594533825794,3.3157894736842106
1368,19,24,27,1.6842105263157894,0.515873015873016,0.5668594533825794,3.3157894736842106
1369,19,26,23,1.6842105263157894,0.46296296296296297,0.5668594533825794,3.3157894736842106
1370,19,27,25,1.6842105263157894,0.47883597883597884,0.5668594533825794,3.3157894736842106
1371,19,29,23,1.6842105263157894,0.43915343915343913,0.5668594533825794,3.3157894736842106
1372,19,31,25,1.736842105263158,0.4479166666666667,0.4823763889427201,3.3684210526315788
1373,19,29,24,1.6842105263157894,0.4523809523809524,0.5668594533825794,3.3157894736842106
1374,19,38,19,1.6842105263157894,0.34656084656084657,0.5668594533825794,3.3157894736842106
1375,20,29,25,1.7222222222222223,0.46296296296296297,0.6009252125773316,3.5
1376,20,30,24,1.7777777777777777,0.4479166666666667,0.49690399499995325,3.5555555555555554
1377,19,30,24,1.736842105263158,0.44270833333333337,0.4823763889427201,3.3684210526315788
1378,19,23,25,1.6842105263157894,0.5079365079365079,0.5668594533825794,3.3157894736842106
1379,18,27,27,1.7,0.48958333333333337,0.39999999999999997,3.2
1380,19,27,26,1.6842105263157894,0.4867724867724868,0.5668594533825794,3.3157894736842106
1381,18,23,27,1.65,0.5211640211640212,0.47696960070847283,3.15
1382,18,29,25,1.65,0.46296296296296297,0.47696960070847283,3.15
1383,19,29,26,1.6842105263157894,0.47089947089947093,0.5668594533825794,3.3157894736842106
1384,19,34,22,1.736842105263158,0.40104166666666663,0.4823763889427201,3.3684210526315788
1385,19,21,27,1.6842105263157894,0.5370370370370371,0.5668594533825794,3.3157894736842106
1386,18,26,25,1.7,0.4791666666666667,0.39999999999999997,3.2
1387,18,28,24,1.7,0.45833333333333337,0.39999999999999997,3.2
1388,20,27,26,1.7777777777777777,0.48177083333333337,0.49690399499995325,3.5555555555555554
1389,19,28,25,1.6842105263157894,0.46825396825396826,0.5668594533825794,3.3157894736842106
1390,20,30,23,1.7222222222222223,0.4365079365079365,0.6009252125773316,3.5
1391,19,26,25,1.6842105263157894,0.48412698412698413,0.5668594533825794,3.3157894736842106
1392,18,27,28,1.7,0.5,0.39999999999999997,3.2
1393,19,26,25,1.6842105263157894,0.48412698412698413,0.5668594533825794,3.3157894736842106
1394,19,26,25,1.736842105263158,0.48177083333333337,0.4823763889427201,3.3684210526315788
1395,19,30,25,1.736842105263158,0.4557291666666667,0.4823763889427201,3.3684210526315788
1396,19,30,23,1.736842105263158,0.43489583333333337,0.4823763889427201,3.3684210526315788
1397,18,28,26,1.7,0.47395833333333337,0.39999999999999997,3.2
1398,18,25,25,1.7,0.4921875,0.39999999999999997,3.2
1399,20,28,23,1.7222222222222223,0.4523809523809524,0.6009252125773316,3.5
1400,19,28,26,1.736842105263158,0.47656250000000006,0.4823763889427201,3.3684210526315788
1401,19,25,24,1.736842105263158,0.484375,0.4823763889427201,3.3684210526315788
1402,18,25,24,1.7,0.4817708333333333,0.39999999999999997,3.2
1403,19,27,26,1.6842105263157894,0.4867724867724868,0.5668594533825794,3.3157894736842106
1404,20,29,25,1.7777777777777777,0.4635416666666667,0.49690399499995325,3.5555555555555554
1405,19,28,25,1.6842105263157894,0.47089947089947093,0.5668594533825794,3.3157894736842106
1406,20,27,26,1.7777777777777777,0.484375,0.49690399499995325,3.5555555555555554
1407,19,29,23,1.736842105263158,0.44270833333333337,0.4823763889427201,3.3684210526315788
1408,18,26,25,1.65,0.4867724867724868,0.47696960070847283,3.15
1409,19,26,25,1.6842105263157894,0.47883597883597884,0.5668594533825794,3.3157894736842106
1410,19,25,24,1.736842105263158,0.48177083333333337,0.4823763889427201,3.3684210526315788
1411,20,28,25,1.7777777777777777,0.46875,0.49690399499995325,3.5555555555555554
1412,20,26,25,1.7777777777777777,0.484375,0.49690399499995325,3.5555555555555554
1413,18,27,28,1.65,0.5026455026455027,0.47696960070847283,3.15
1414,19,26,25,1.736842105263158,0.48177083333333337,0.4823763889427201,3.3684210526315788
1415,18,26,26,1.7,0.4921875,0.39999999999999997,3.2
1416,19,26,27,1.6842105263157894,0.5026455026455027,0.5668594533825794,3.3157894736842106
1417,19,27,25,1.736842105263158,0.47395833333333337,0.4823763889427201,3.3684210526315788
1418,19,27,25,1.736842105263158,0.4765625,0.4823763889427201,3.3684210526315788
1419,19,23,27,1.736842105263158,0.5234375,0.4823763889427201,3.3684210526315788
1420,20,27,26,1.7777777777777777,0.4869791666666667,0.49690399499995325,3.5555555555555554
1421,20,31,23,1.7777777777777777,0.4270833333333333,0.49690399499995325,3.5555555555555554
1422,18,26,26,1.7,0.4895833333333333,0.39999999999999997,3.2
1423,19,28,26,1.736842105263158,0.47916666666666663,0.4823763889427201,3.3684210526315788
1424,19,28,26,1.736842105263158,0.47395833333333337,0.4823763889427201,3.3684210526315788
1425,18,27,26,1.65,0.48412698412698413,0.47696960070847283,3.15
1426,19,28,24,1.736842105263158,0.4609375,0.4823763889427201,3.3684210526315788
1427,19,26,27,1.6842105263157894,0.5000000000000001,0.5668594533825794,3.3157894736842106
1428,19,25,27,1.736842105263158,0.5052083333333334,0.4823763889427201,3.3684210526315788
1429,19,26,27,1.6842105263157894,0.5026455026455027,0.5668594533825794,3.3157894736842106
1430,19,27,23,1.6842105263157894,0.4603174603174603,0.5668594533825794,3.3157894736842106
1431,19,24,27,1.736842105263158,0.515625,0.4823763889427201,3.3684210526315788
1432,18,28,30,1.7,0.5104166666666667,0.39999999999999997,3.2
1433,18,29,24,1.7,0.45572916666666674,0.39999999999999997,3.2
1434,19,27,27,1.736842105263158,0.4947916666666667,0.4823763889427201,3.3684210526315788
1435,19,24,25,1.6842105263157894,0.49470899470899465,0.5668594533825794,3.3157894736842106
1436,19,28,24,1.6842105263157894,0.4603174603174603,0.5668594533825794,3.3157894736842106
1437,17,33,21,1.6666666666666667,0.3984375,0.21295885499997994,3.0476190476190474
1438,19,25,25,1.736842105263158,0.49479166666666663,0.4823763889427201,3.3684210526315788
1439,19,28,24,1.736842105263158,0.4609375,0.4823763889427201,3.3684210526315788
1440,19,24,28,1.736842105263158,0.5234375,0.48237638894272,3.3684210526315788
1441,19,25,26,1.6842105263157894,0.5026455026455027,0.5668594533825794,3.3157894736842106
1442,18,23,27,1.7,0.5208333333333334,0.39999999999999997,3.2
1443,19,29,26,1.6842105263157894,0.47089947089947093,0.5668594533825794,3.3157894736842106
1444,18,24,28,1.7,0.5182291666666667,0.39999999999999997,3.2
1445,20,28,26,1.7777777777777777,0.4791666666666667,0.49690399499995325,3.5555555555555554
1446,19,29,24,1.6842105263157894,0.4523809523809524,0.5668594533825794,3.3157894736842106
1447,20,28,25,1.7777777777777777,0.4713541666666667,0.49690399499995325,3.5555555555555554
1448,20,25,27,1.8333333333333333,0.5104166666666666,0.49690399499995325,3.5555555555555554
1449,19,29,23,1.6842105263157894,0.44179894179894186,0.5668594533825794,3.3157894736842106
1450,19,25,28,1.736842105263158,0.515625,0.4823763889427201,3.3684210526315788
1451,19,28,26,1.736842105263158,0.47395833333333337,0.4823763889427201,3.3684210526315788
1452,20,28,25,1.7777777777777777,0.4713541666666667,0.49690399499995325,3.5555555555555554
1453,18,27,25,1.7,0.47135416666666663,0.39999999999999997,3.2
1454,18,26,26,1.7,0.4921875,0.39999999999999997,3.2
1455,19,28,26,1.6842105263157894,0.47883597883597884,0.5668594533825794,3.3157894736842106
1456,18,27,26,1.7,0.4817708333333333,0.39999999999999997,3.2
1457,20,30,22,1.7777777777777777,0.43229166666666663,0.49690399499995325,3.5555555555555554
1458,19,29,25,1.736842105263158,0.4609375,0.4823763889427201,3.3684210526315788
1459,19,25,25,1.6842105263157894,0.4894179894179894,0.5668594533825794,3.3157894736842106
1460,19,29,24,1.736842105263158,0.4479166666666667,0.4823763889427201,3.3684210526315788
1461,19,25,25,1.6842105263157894,0.4894179894179895,0.5668594533825794,3.3157894736842106
1462,19,29,25,1.6842105263157894,0.46296296296296297,0.5668594533825794,3.3157894736842106
1463,20,26,26,1.7777777777777777,0.49218750000000006,0.49690399499995325,3.5555555555555554
1464,19,27,25,1.736842105263158,0.4791666666666667,0.4823763889427201,3.3684210526315788
1465,19,30,25,1.6842105263157894,0.45502645502645506,0.5668594533825794,3.3157894736842106
1466,18,26,26,1.7,0.48958333333333337,0.39999999999999997,3.2
1467,19,24,25,1.6842105263157894,0.5,0.5668594533825794,3.3157894736842106
1468,19,29,25,1.736842105263158,0.45833333333333337,0.4823763889427201,3.3684210526315788
1469,18,28,26,1.65,0.47619047619047616,0.47696960070847283,3.15
1470,20,28,27,1.7777777777777777,0.4869791666666667,0.49690399499995325,3.5555555555555554
1471,19,27,27,1.736842105263158,0.4947916666666667,0.4823763889427201,3.3684210526315788
1472,19,29,25,1.6842105263157894,0.4603174603174603,0.5668594533825794,3.3157894736842106
1473,19,22,28,1.736842105263158,0.5364583333333333,0.4823763889427201,3.3684210526315788
1474,19,25,27,1.736842105263158,0.5078125,0.4823763889427201,3.3684210526315788
1475,19,25,27,1.736842105263158,0.5078125,0.48237638894272,3.3684210526315788
1476,19,30,24,1.6842105263157894,0.4444444444444444,0.5668594533825794,3.3157894736842106
1477,19,30,25,1.736842105263158,0.453125,0.4823763889427201,3.3684210526315788
1478,19,25,29,1.736842105263158,0.5234375,0.4823763889427201,3.3684210526315788
1479,18,24,29,1.7,0.5260416666666667,0.39999999999999997,3.2
1480,20,24,27,1.7222222222222223,0.515873015873016,0.6009252125773316,3.5
1481,18,26,25,1.7,0.48177083333333337,0.39999999999999997,3.2
1482,18,26,26,1.7,0.4921875,0.39999999999999997,3.2
1483,18,35,21,1.7,0.3828125,0.39999999999999997,3.2
1484,19,29,25,1.736842105263158,0.4609375,0.4823763889427201,3.3684210526315788
1485,19,24,28,1.736842105263158,0.5208333333333333,0.4823763889427201,3.3684210526315788
1486,18,25,28,1.65,0.5158730158730159,0.47696960070847283,3.15
1487,18,28,27,1.7,0.484375,0.39999999999999997,3.2
1488,20,26,27,1.7222222222222223,0.5026455026455027,0.6009252125773316,3.5
1489,19,22,29,1.6842105263157894,0.5502645502645502,0.5668594533825794,3.3157894736842106
1490,20,30,22,1.7222222222222223,0.42857142857142855,0.6009252125773316,3.5
1491,20,28,25,1.7777777777777777,0.4713541666666667,0.49690399499995325,3.5555555555555554
1492,18,33,21,1.7,0.39583333333333337,0.39999999999999997,3.2
1493,19,25,27,1.6842105263157894,0.5026455026455027,0.5668594533825794,3.3157894736842106
1494,18,28,27,1.7,0.484375,0.39999999999999997,3.2
1495,20,28,25,1.7222222222222223,0.46825396825396826,0.6009252125773316,3.5
1496,19,25,25,1.6842105263157894,0.4894179894179894,0.5668594533825794,3.3157894736842106
1497,20,26,27,1.7222222222222223,0.5,0.6009252125773316,3.5
1498,18,39,19,1.65,0.3386243386243386,0.47696960070847283,3.15
1499,19,26,27,1.6842105263157894,0.4973544973544973,0.5668594533825794,3.3157894736842106
1500,19,28,27,1.736842105263158,0.4869791666666667,0.4823763889427201,3.3684210526315788
1501,20,27,26,1.7777777777777777,0.48437500000000006,0.49690399499995325,3.5555555555555554
1502,19,34,21,1.736842105263158,0.3932291666666667,0.4823763889427201,3.3684210526315788
1503,19,28,25,1.736842105263158,0.4713541666666667,0.4823763889427201,3.3684210526315788
1504,18,28,26,1.7,0.4791666666666667,0.39999999999999997,3.2
1505,19,30,26,1.736842105263158,0.4609375,0.4823763889427201,3.3684210526315788
1506,19,29,25,1.736842105263158,0.4635416666666667,0.4823763889427201,3.3684210526315788
1507,19,29,29,1.736842105263158,0.4947916666666667,0.4823763889427201,3.3684210526315788
1508,18,28,26,1.7,0.4765625,0.39999999999999997,3.2
1509,18,25,27,1.7,0.5104166666666666,0.39999999999999997,3.2
1510,19,25,30,1.736842105263158,0.5338541666666667,0.4823763889427201,3.3684210526315788
1511,19,29,26,1.6842105263157894,0.4682539682539683,0.5668594533825794,3.3157894736842106
1512,18,27,28,1.7,0.49739583333333337,0.39999999999999997,3.2
1513,19,27,28,1.6842105263157894,0.5026455026455027,0.5668594533825794,3.3157894736842106
1514,19,28,26,1.736842105263158,0.4791666666666667,0.4823763889427201,3.3684210526315788
1515,19,27,25,1.6842105263157894,0.47619047619047616,0.5668594533825794,3.3157894736842106
1516,18,23,29,1.65,0.5370370370370371,0.47696960070847283,3.15
1517,19,23,27,1.6842105263157894,0.5185185185185186,0.5668594533825794,3.3157894736842106
1518,19,28,25,1.6842105263157894,0.4656084656084656,0.5668594533825794,3.3157894736842106
1519,20,31,25,1.7777777777777777,0.4479166666666667,0.49690399499995325,3.5555555555555554
1520,19,26,26,1.736842105263158,0.49218750000000006,0.4823763889427201,3.3684210526315788
1521,18,21,28,1.7,0.5442708333333333,0.39999999999999997,3.2
1522,20,26,26,1.7777777777777777,0.4947916666666667,0.49690399499995325,3.5555555555555554
1523,19,29,25,1.736842105263158,0.45833333333333337,0.4823763889427201,3.3684210526315788
1524,19,35,19,1.6842105263157894,0.373015873015873,0.5668594533825794,3.3157894736842106
1525,18,26,26,1.7,0.4921875,0.39999999999999997,3.2
1526,19,26,26,1.736842105263158,0.4921875,0.4823763889427201,3.3684210526315788
1527,19,29,25,1.736842105263158,0.4635416666666667,0.4823763889427201,3.3684210526315788
1528,19,24,26,1.6842105263157894,0.5079365079365079,0.5668594533825794,3.3157894736842106
1529,20,26,27,1.7777777777777777,0.5,0.49690399499995325,3.5555555555555554
1530,18,35,23,1.75,0.4036458333333333,0.39999999999999997,3.2
1531,19,27,26,1.6842105263157894,0.4867724867724868,0.5668594533825794,3.3157894736842106
1532,19,27,28,1.736842105263158,0.5,0.4823763889427201,3.3684210526315788
1533,19,25,28,1.736842105263158,0.5130208333333334,0.4823763889427201,3.3684210526315788
1534,19,28,26,1.736842105263158,0.4791666666666667,0.4823763889427201,3.3684210526315788
1535,18,30,22,1.7,0.4296875,0.39999999999999997,3.2
1536,20,26,26,1.7777777777777777,0.49479166666666663,0.49690399499995325,3.5555555555555554
1537,18,24,26,1.7,0.5026041666666667,0.39999999999999997,3.2
1538,19,27,28,1.6842105263157894,0.5026455026455027,0.5668594533825794,3.3157894736842106
1539,19,29,26,1.6842105263157894,0.46825396825396826,0.5668594533825794,3.3157894736842106
1540,19,24,27,1.736842105263158,0.5182291666666666,0.4823763889427201,3.3684210526315788
1541,18,36,24,1.7,0.40625,0.39999999999999997,3.2
1542,19,25,27,1.6842105263157894,0.5105820105820107,0.5668594533825794,3.3157894736842106
1543,20,27,26,1.7777777777777777,0.4869791666666667,0.49690399499995325,3.5555555555555554
1544,19,27,28,1.736842105263158,0.49739583333333337,0.4823763889427201,3.3684210526315788
1545,18,26,28,1.65,0.5079365079365079,0.47696960070847283,3.15
1546,19,31,23,1.736842105263158,0.4270833333333333,0.4823763889427201,3.3684210526315788
1547,19,25,28,1.6842105263157894,0.5132275132275131,0.5668594533825794,3.3157894736842106
1548,18,23,29,1.65,0.5317460317460317,0.47696960070847283,3.15
1549,20,26,28,1.7222222222222223,0.5079365079365079,0.6009252125773316,3.5
1550,18,27,27,1.65,0.4894179894179894,0.47696960070847283,3.15
1551,20,27,26,1.7222222222222223,0.48412698412698413,0.6009252125773316,3.5
1552,19,31,25,1.736842105263158,0.4453125,0.4823763889427201,3.3684210526315788
1553,19,28,26,1.736842105263158,0.4765625,0.4823763889427201,3.3684210526315788
1554,20,23,28,1.7777777777777777,0.53125,0.49690399499995325,3.5555555555555554
1555,18,28,26,1.7,0.4765625,0.39999999999999997,3.2
1556,20,27,27,1.7777777777777777,0.4869791666666667,0.49690399499995325,3.5555555555555554
1557,19,25,26,1.6842105263157894,0.5026455026455027,0.5668594533825794,3.3157894736842106
1558,19,23,29,1.736842105263158,0.5390625,0.4823763889427201,3.3684210526315788
1559,19,27,26,1.6842105263157894,0.48412698412698413,0.5668594533825794,3.3157894736842106
1560,19,25,28,1.6842105263157894,0.5185185185185186,0.5668594533825794,3.3157894736842106
1561,19,29,25,1.736842105263158,0.4609375,0.4823763889427201,3.3684210526315788
1562,19,24,27,1.736842105263158,0.5182291666666667,0.4823763889427201,3.3684210526315788
1563,18,25,28,1.65,0.515873015873016,0.47696960070847283,3.15
1564,20,26,27,1.7222222222222223,0.4973544973544974,0.6009252125773316,3.5
1565,19,28,27,1.736842105263158,0.4869791666666667,0.4823763889427201,3.3684210526315788
1566,18,27,28,1.7,0.5026041666666667,0.39999999999999997,3.2
1567,19,24,28,1.736842105263158,0.5260416666666667,0.48237638894272,3.3684210526315788
1568,18,28,26,1.65,0.47883597883597884,0.47696960070847283,3.15
1569,19,27,26,1.6842105263157894,0.48412698412698413,0.5668594533825794,3.3157894736842106
1570,19,27,28,1.736842105263158,0.5026041666666667,0.4823763889427201,3.3684210526315788
1571,19,23,27,1.736842105263158,0.5182291666666667,0.4823763889427201,3.3684210526315788
1572,19,26,28,1.736842105263158,0.5104166666666667,0.4823763889427201,3.3684210526315788
1573,19,24,28,1.736842105263158,0.5234375,0.4823763889427201,3.3684210526315788
1574,19,26,26,1.736842105263158,0.4921875,0.4823763889427201,3.3684210526315788
1575,19,25,27,1.736842105263158,0.5052083333333334,0.4823763889427201,3.3684210526315788
1576,19,28,27,1.6842105263157894,0.4867724867724868,0.5668594533825794,3.3157894736842106
1577,19,26,26,1.736842105263158,0.48958333333333337,0.4823763889427201,3.3684210526315788
1578,19,23,29,1.6842105263157894,0.5317460317460319,0.5668594533825794,3.3157894736842106
1579,20,25,26,1.7222222222222223,0.5026455026455027,0.6009252125773316,3.5
1580,19,26,28,1.736842105263158,0.5078125,0.4823763889427201,3.3684210526315788
1581,17,36,19,1.6666666666666667,0.36458333333333337,0.21295885499997994,3.0476190476190474
1582,18,21,30,1.7,0.5598958333333334,0.39999999999999997,3.2
1583,18,34,19,1.7,0.3802083333333333,0.39999999999999997,3.2
1584,20,26,25,1.7777777777777777,0.4791666666666667,0.49690399499995325,3.5555555555555554
1585,19,25,28,1.736842105263158,0.515625,0.4823763889427201,3.3684210526315788
1586,19,29,27,1.6842105263157894,0.47883597883597884,0.5668594533825794,3.3157894736842106
1587,20,28,26,1.7777777777777777,0.4713541666666667,0.49690399499995325,3.5555555555555554
1588,19,29,24,1.736842105263158,0.45572916666666663,0.4823763889427201,3.3684210526315788
1589,20,25,28,1.7222222222222223,0.5185185185185186,0.6009252125773316,3.5
1590,19,24,28,1.736842105263158,0.5182291666666667,0.4823763889427201,3.3684210526315788
1591,19,27,26,1.6842105263157894,0.48412698412698413,0.5668594533825794,3.3157894736842106
1592,20,25,26,1.7222222222222223,0.5,0.6009252125773316,3.5
1593,18,27,24,1.75,0.46875,0.39999999999999997,3.2
1594,19,27,27,1.736842105263158,0.4921875,0.4823763889427201,3.3684210526315788
1595,18,30,25,1.7,0.45052083333333337,0.39999999999999997,3.2
1596,19,24,26,1.6842105263157894,0.5079365079365079,0.5668594533825794,3.3157894736842106
1597,19,24,28,1.736842105263158,0.5260416666666666,0.4823763889427201,3.3684210526315788
1598,18,22,29,1.7,0.5494791666666667,0.39999999999999997,3.2
1599,18,26,26,1.7,0.49218750000000006,0.39999999999999997,3.2
1600,18,23,29,1.7,0.5338541666666667,0.39999999999999997,3.2
1601,18,24,28,1.7,0.5208333333333334,0.39999999999999997,3.2
1602,18,26,25,1.7,0.48697916666666663,0.39999999999999997,3.2
1603,19,25,27,1.6842105263157894,0.5105820105820107,0.5668594533825794,3.3157894736842106
1604,20,25,28,1.7777777777777777,0.515625,0.49690399499995325,3.5555555555555554
1605,19,32,24,1.736842105263158,0.4322916666666667,0.48237638894272,3.3684210526315788
1606,19,27,28,1.736842105263158,0.4973958333333333,0.4823763889427201,3.3684210526315788
1607,20,27,25,1.7777777777777777,0.47395833333333337,0.49690399499995325,3.5555555555555554
1608,20,22,26,1.7222222222222223,0.5211640211640212,0.6009252125773316,3.5
1609,19,22,28,1.6842105263157894,0.5396825396825397,0.5668594533825794,3.3157894736842106
1610,19,26,25,1.736842105263158,0.484375,0.4823763889427201,3.3684210526315788
1611,19,23,28,1.6842105263157894,0.5317460317460319,0.5668594533825794,3.3157894736842106
1612,19,29,25,1.736842105263158,0.4635416666666667,0.4823763889427201,3.3684210526315788
1613,19,24,27,1.6842105263157894,0.5158730158730159,0.5668594533825794,3.3157894736842106
1614,19,25,25,1.736842105263158,0.4921875,0.4823763889427201,3.3684210526315788
1615,18,31,21,1.7,0.4140625,0.39999999999999997,3.2
1616,19,25,27,1.736842105263158,0.5104166666666667,0.4823763889427201,3.3684210526315788
1617,18,28,25,1.65,0.47089947089947093,0.47696960070847283,3.15
1618,20,31,23,1.7222222222222223,0.42857142857142855,0.6009252125773316,3.5
1619,18,23,27,1.65,0.5238095238095238,0.47696960070847283,3.15
1620,19,25,28,1.736842105263158,0.515625,0.4823763889427201,3.3684210526315788
1621,20,27,27,1.7777777777777777,0.4947916666666667,0.49690399499995325,3.5555555555555554
1622,19,24,27,1.736842105263158,0.515625,0.4823763889427201,3.3684210526315788
1623,19,21,29,1.6842105263157894,0.5555555555555556,0.5668594533825794,3.3157894736842106
1624,20,26,27,1.7777777777777777,0.5026041666666667,0.49690399499995325,3.5555555555555554
1625,19,22,28,1.736842105263158,0.5416666666666666,0.48237638894272,3.3684210526315788
1626,19,29,25,1.736842105263158,0.4609375,0.4823763889427201,3.3684210526315788
1627,20,25,27,1.7222222222222223,0.5052910052910052,0.6009252125773316,3.5
1628,20,35,24,1.7777777777777777,0.4140625,0.49690399499995325,3.5555555555555554
1629,20,24,27,1.7222222222222223,0.5132275132275133,0.6009252125773316,3.5
1630,20,26,26,1.7777777777777777,0.4947916666666667,0.49690399499995325,3.5555555555555554
1631,19,30,23,1.6842105263157894,0.43386243386243384,0.5668594533825794,3.3157894736842106
1632,20,23,28,1.7222222222222223,0.5343915343915344,0.6009252125773316,3.5
1633,19,26,23,1.736842105263158,0.46875,0.4823763889427201,3.3684210526315788
1634,18,26,26,1.7,0.4921875,0.39999999999999997,3.2
1635,18,24,26,1.65,0.5026455026455026,0.47696960070847283,3.15
1636,19,26,26,1.6842105263157894,0.4894179894179894,0.5668594533825794,3.3157894736842106
1637,20,25,25,1.7222222222222223,0.492063492063492,0.6009252125773316,3.5
1638,19,28,26,1.736842105263158,0.4791666666666667,0.4823763889427201,3.3684210526315788
1639,19,20,29,1.6842105263157894,0.5661375661375662,0.5668594533825794,3.3157894736842106
1640,19,27,25,1.6842105263157894,0.4788359788359788,0.5668594533825794,3.3157894736842106
1641,19,19,30,1.6842105263157894,0.5793650793650794,0.5668594533825794,3.3157894736842106
1642,20,32,26,1.7777777777777777,0.4479166666666667,0.49690399499995325,3.5555555555555554
1643,19,26,26,1.736842105263158,0.4921875,0.4823763889427201,3.3684210526315788
1644,19,25,26,1.736842105263158,0.5,0.48237638894272,3.3684210526315788
1645,19,23,28,1.6842105263157894,0.5317460317460317,0.5668594533825794,3.3157894736842106
1646,20,25,27,1.7222222222222223,0.5052910052910053,0.6009252125773316,3.5
1647,20,24,27,1.7222222222222223,0.5185185185185186,0.6009252125773316,3.5
1648,19,25,27,1.6842105263157894,0.5132275132275131,0.5668594533825794,3.3157894736842106
1649,18,24,29,1.65,0.5343915343915344,0.47696960070847283,3.15
1650,19,25,27,1.736842105263158,0.5052083333333333,0.4823763889427201,3.3684210526315788
1651,19,26,26,1.6842105263157894,0.49206349206349204,0.5668594533825794,3.3157894736842106
1652,20,25,29,1.7222222222222223,0.5211640211640213,0.6009252125773316,3.5
1653,19,25,26,1.6842105263157894,0.4973544973544974,0.5668594533825794,3.3157894736842106
1654,19,22,29,1.6842105263157894,0.5502645502645502,0.5668594533825794,3.3157894736842106
1655,19,26,28,1.6842105263157894,0.5105820105820107,0.5668594533825794,3.3157894736842106
1656,19,26,28,1.6842105263157894,0.5079365079365079,0.5668594533825794,3.3157894736842106
1657,19,25,28,1.6842105263157894,0.515873015873016,0.5668594533825794,3.3157894736842106
1658,19,24,27,1.6842105263157894,0.515873015873016,0.5668594533825794,3.3157894736842106
1659,19,34,21,1.6842105263157894,0.39417989417989424,0.5668594533825794,3.3157894736842106
1660,19,30,26,1.736842105263158,0.4635416666666667,0.4823763889427201,3.3684210526315788
1661,19,29,26,1.736842105263158,0.46875000000000006,0.4823763889427201,3.3684210526315788
1662,18,23,28,1.7,0.5338541666666666,0.39999999999999997,3.2
1663,18,28,27,1.7,0.48437500000000006,0.39999999999999997,3.2
1664,19,26,24,1.6842105263157894,0.47354497354497355,0.5668594533825794,3.3157894736842106
1665,19,27,25,1.6842105263157894,0.4735449735449736,0.5668594533825794,3.3157894736842106
1666,19,29,22,1.736842105263158,0.43489583333333337,0.4823763889427201,3.3684210526315788
1667,18,31,21,1.7,0.4140625,0.39999999999999997,3.2
1668,18,22,27,1.7,0.53125,0.39999999999999997,3.2
1669,19,21,29,1.6842105263157894,0.5555555555555556,0.5668594533825794,3.3157894736842106
1670,18,25,26,1.7,0.5,0.39999999999999997,3.2
1671,20,27,24,1.7777777777777777,0.46875,0.49690399499995325,3.5555555555555554
1672,17,33,22,1.6666666666666667,0.4126984126984127,0.3086066999241838,3.0
1673,20,21,27,1.7222222222222223,0.5396825396825397,0.6009252125773316,3.5
1674,20,29,24,1.7222222222222223,0.4523809523809524,0.6009252125773316,3.5
1675,19,29,23,1.6842105263157894,0.44708994708994704,0.5668594533825794,3.3157894736842106
1676,19,23,27,1.6842105263157894,0.523809523809524,0.5668594533825794,3.3157894736842106
1677,20,29,25,1.7777777777777777,0.4609375,0.49690399499995325,3.5555555555555554
1678,19,20,31,1.6842105263157894,0.582010582010582,0.5668594533825794,3.3157894736842106
1679,18,24,28,1.7,0.5234375,0.39999999999999997,3.2
1680,19,24,28,1.6842105263157894,0.523809523809524,0.5668594533825794,3.3157894736842106
1681,20,25,26,1.7777777777777777,0.49739583333333337,0.49690399499995325,3.5555555555555554
1682,19,33,22,1.6842105263157894,0.41005291005291006,0.5668594533825794,3.3157894736842106
1683,18,24,30,1.65,0.5396825396825397,0.47696960070847283,3.15
1684,18,26,26,1.65,0.4894179894179895,0.47696960070847283,3.15
1685,20,25,28,1.7777777777777777,0.5182291666666667,0.49690399499995325,3.5555555555555554
1686,19,26,26,1.736842105263158,0.4947916666666667,0.4823763889427201,3.3684210526315788
1687,19,20,28,1.6842105263157894,0.5476190476190477,0.5668594533825794,3.3157894736842106
1688,19,20,29,1.6842105263157894,0.5582010582010583,0.5668594533825794,3.3157894736842106
1689,18,27,26,1.7,0.48697916666666663,0.39999999999999997,3.2
1690,19,23,28,1.6842105263157894,0.5317460317460319,0.5668594533825794,3.3157894736842106
1691,19,27,27,1.736842105263158,0.4947916666666667,0.4823763889427201,3.3684210526315788
1692,20,27,27,1.7222222222222223,0.49206349206349215,0.6009252125773316,3.5
1693,19,25,29,1.736842105263158,0.5234375,0.4823763889427201,3.3684210526315788
1694,20,26,27,1.7777777777777777,0.5,0.49690399499995325,3.5555555555555554
1695,18,27,26,1.65,0.4867724867724868,0.47696960070847283,3.15
1696,19,28,25,1.6842105263157894,0.46825396825396826,0.5668594533825794,3.3157894736842106
1697,19,28,26,1.736842105263158,0.4765625,0.4823763889427201,3.3684210526315788
1698,19,22,27,1.6842105263157894,0.5291005291005292,0.5668594533825794,3.3157894736842106
1699,19,24,26,1.736842105263158,0.5078125,0.4823763889427201,3.3684210526315788
1700,19,26,26,1.6842105263157894,0.4894179894179895,0.5668594533825794,3.3157894736842106
1701,20,26,26,1.7222222222222223,0.49206349206349204,0.6009252125773316,3.5
1702,19,24,26,1.736842105263158,0.5052083333333333,0.4823763889427201,3.3684210526315788
1703,19,26,26,1.6842105263157894,0.4947089947089947,0.5668594533825794,3.3157894736842106
1704,20,24,26,1.7222222222222223,0.5105820105820107,0.6009252125773316,3.5
1705,20,24,27,1.7222222222222223,0.5158730158730159,0.6009252125773316,3.5
1706,20,25,27,1.7222222222222223,0.5105820105820107,0.6009252125773316,3.5
1707,19,23,27,1.6842105263157894,0.5238095238095238,0.5668594533825794,3.3157894736842106
1708,19,33,21,1.736842105263158,0.40211640211640215,0.5668594533825794,3.3157894736842106
1709,18,24,28,1.65,0.5238095238095238,0.47696960070847283,3.15
1710,20,27,27,1.7777777777777777,0.4947916666666667,0.49690399499995325,3.5555555555555554
1711,20,22,28,1.7222222222222223,0.5370370370370371,0.6009252125773316,3.5
1712,19,28,27,1.736842105263158,0.484375,0.4823763889427201,3.3684210526315788
1713,20,24,26,1.7777777777777777,0.5052083333333334,0.49690399499995325,3.5555555555555554
1714,19,29,24,1.6842105263157894,0.45502645502645506,0.5668594533825794,3.3157894736842106
1715,18,29,26,1.75,0.46875,0.39999999999999997,3.2
1716,19,26,28,1.6842105263157894,0.5105820105820107,0.5668594533825794,3.3157894736842106
1717,19,27,23,1.6842105263157894,0.4603174603174603,0.5668594533825794,3.3157894736842106
1718,19,23,28,1.736842105263158,0.5286458333333333,0.4823763889427201,3.3684210526315788
1719,18,28,27,1.7,0.484375,0.39999999999999997,3.2
1720,19,23,27,1.6842105263157894,0.5211640211640212,0.5668594533825794,3.3157894736842106
1721,18,23,29,1.65,0.5396825396825397,0.47696960070847283,3.15
1722,19,22,27,1.6842105263157894,0.5291005291005292,0.5668594533825794,3.3157894736842106
1723,19,28,27,1.6842105263157894,0.4867724867724868,0.5668594533825794,3.3157894736842106
1724,19,29,24,1.6842105263157894,0.4523809523809524,0.5668594533825794,3.3157894736842106
1725,20,29,26,1.7777777777777777,0.4713541666666667,0.49690399499995325,3.5555555555555554
1726,19,27,27,1.6842105263157894,0.4894179894179894,0.5668594533825794,3.3157894736842106
1727,20,25,27,1.7222222222222223,0.5079365079365079,0.6009252125773316,3.5
1728,19,27,26,1.6842105263157894,0.4841269841269842,0.5668594533825794,3.3157894736842106
1729,18,25,28,1.7,0.515625,0.39999999999999997,3.2
1730,18,23,26,1.65,0.5132275132275133,0.47696960070847283,3.15
1731,19,26,28,1.736842105263158,0.5052083333333333,0.4823763889427201,3.3684210526315788
1732,19,24,27,1.736842105263158,0.5130208333333333,0.48237638894272,3.3684210526315788
1733,18,24,26,1.65,0.5105820105820106,0.47696960070847283,3.15
1734,19,21,30,1.736842105263158,0.5625,0.4823763889427201,3.3684210526315788
1735,20,23,28,1.7222222222222223,0.5343915343915344,0.6009252125773316,3.5
1736,19,23,25,1.6842105263157894,0.5052910052910052,0.5668594533825794,3.3157894736842106
1737,19,23,28,1.736842105263158,0.5260416666666667,0.4823763889427201,3.3684210526315788
1738,19,24,26,1.736842105263158,0.5078125,0.4823763889427201,3.3684210526315788
1739,19,22,28,1.6842105263157894,0.5396825396825398,0.5668594533825794,3.3157894736842106
1740,18,24,28,1.65,0.5238095238095238,0.47696960070847283,3.15
1741,19,24,28,1.6842105263157894,0.5264550264550265,0.5668594533825794,3.3157894736842106
1742,19,25,27,1.736842105263158,0.5078125,0.4823763889427201,3.3684210526315788
1743,20,23,27,1.7222222222222223,0.5238095238095238,0.6009252125773316,3.5
1744,19,24,28,1.6842105263157894,0.5238095238095238,0.5668594533825794,3.3157894736842106
1745,19,24,28,1.6842105263157894,0.5264550264550265,0.5668594533825794,3.3157894736842106
1746,19,21,31,1.6842105263157894,0.5740740740740742,0.5668594533825794,3.3157894736842106
1747,20,23,29,1.7777777777777777,0.5390625,0.49690399499995325,3.5555555555555554
1748,19,26,26,1.736842105263158,0.4921875,0.4823763889427201,3.3684210526315788
1749,18,27,26,1.7,0.48697916666666663,0.39999999999999997,3.2
1750,18,23,29,1.7,0.5390625,0.39999999999999997,3.2
1751,19,24,28,1.6842105263157894,0.5264550264550265,0.5668594533825794,3.3157894736842106
1752,19,22,29,1.6842105263157894,0.5476190476190477,0.5668594533825794,3.3157894736842106
1753,18,25,27,1.65,0.5105820105820107,0.47696960070847283,3.15
1754,19,22,28,1.6842105263157894,0.5423280423280424,0.5668594533825794,3.3157894736842106
1755,19,24,28,1.736842105263158,0.5234375,0.4823763889427201,3.3684210526315788
1756,19,21,30,1.736842105263158,0.5572916666666667,0.48237638894272,3.3684210526315788
1757,20,23,28,1.7777777777777777,0.53125,0.49690399499995325,3.5555555555555554
1758,20,36,19,1.7777777777777777,0.36458333333333337,0.49690399499995325,3.5555555555555554
1759,18,20,30,1.7,0.5625,0.39999999999999997,3.2
1760,20,24,29,1.7222222222222223,0.5343915343915344,0.6009252125773316,3.5
1761,19,22,30,1.736842105263158,0.5520833333333333,0.4823763889427201,3.3684210526315788
1762,19,23,28,1.6842105263157894,0.5291005291005292,0.5668594533825794,3.3157894736842106
1763,19,23,28,1.736842105263158,0.5338541666666666,0.4823763889427201,3.3684210526315788
1764,19,28,26,1.736842105263158,0.4739583333333333,0.4823763889427201,3.3684210526315788
1765,19,26,28,1.736842105263158,0.5078125,0.4823763889427201,3.3684210526315788
1766,19,21,30,1.6842105263157894,0.5634920634920635,0.5668594533825794,3.3157894736842106
1767,20,22,28,1.7222222222222223,0.537037037037037,0.6009252125773316,3.5
1768,19,25,27,1.6842105263157894,0.5105820105820107,0.5668594533825794,3.3157894736842106
1769,18,29,25,1.7,0.4635416666666667,0.39999999999999997,3.2
1770,18,23,29,1.65,0.5423280423280424,0.47696960070847283,3.15
1771,19,24,27,1.736842105263158,0.5130208333333333,0.4823763889427201,3.3684210526315788
1772,18,27,28,1.7,0.5026041666666667,0.39999999999999997,3.2
1773,20,23,28,1.7777777777777777,0.53125,0.49690399499995325,3.5555555555555554
1774,20,25,28,1.7222222222222223,0.5158730158730159,0.6009252125773316,3.5
1775,18,22,28,1.7,0.5338541666666667,0.39999999999999997,3.2
1776,19,23,30,1.6842105263157894,0.5502645502645503,0.5668594533825794,3.3157894736842106
1777,20,24,28,1.7777777777777777,0.5234375,0.49690399499995325,3.5555555555555554
1778,19,20,32,1.6842105263157894,0.5873015873015873,0.5668594533825794,3.3157894736842106
1779,19,25,27,1.6842105263157894,0.5079365079365079,0.5668594533825794,3.3157894736842106
1780,18,31,22,1.65,0.417989417989418,0.47696960070847283,3.15
1781,20,25,27,1.7222222222222223,0.5105820105820107,0.6009252125773316,3.5
1782,19,27,29,1.736842105263158,0.5104166666666667,0.4823763889427201,3.3684210526315788
1783,18,21,30,1.7,0.5598958333333334,0.39999999999999997,3.2
1784,18,23,27,1.65,0.5238095238095238,0.47696960070847283,3.15
1785,20,28,26,1.7222222222222223,0.47619047619047616,0.6009252125773316,3.5
1786,19,23,27,1.6842105263157894,0.5238095238095238,0.5668594533825794,3.3157894736842106
1787,19,25,26,1.736842105263158,0.5,0.4823763889427201,3.3684210526315788
1788,18,21,29,1.65,0.5555555555555556,0.47696960070847283,3.15
1789,19,27,28,1.736842105263158,0.4973958333333333,0.4823763889427201,3.3684210526315788
1790,18,26,27,1.65,0.5,0.47696960070847283,3.15
1791,19,19,29,1.6842105263157894,0.5661375661375662,0.5668594533825794,3.3157894736842106
1792,19,23,29,1.6842105263157894,0.5396825396825397,0.5668594533825794,3.3157894736842106
1793,19,22,29,1.736842105263158,0.5494791666666666,0.4823763889427201,3.3684210526315788
1794,19,25,30,1.736842105263158,0.5338541666666667,0.4823763889427201,3.3684210526315788
1795,18,24,29,1.7,0.5234375,0.39999999999999997,3.2
1796,18,22,29,1.65,0.544973544973545,0.47696960070847283,3.15
1797,19,22,28,1.736842105263158,0.5364583333333333,0.4823763889427201,3.3684210526315788
1798,19,18,32,1.6842105263157894,0.6005291005291005,0.5668594533825794,3.3157894736842106
1799,18,26,28,1.7,0.5078125,0.39999999999999997,3.2
1800,20,25,26,1.7222222222222223,0.5,0.6009252125773316,3.5
1801,19,25,29,1.736842105263158,0.5234375,0.4823763889427201,3.3684210526315788
1802,19,20,30,1.6842105263157894,0.5687830687830687,0.5668594533825794,3.3157894736842106
1803,20,27,26,1.7777777777777777,0.48177083333333337,0.49690399499995325,3.5555555555555554
1804,19,24,29,1.736842105263158,0.5286458333333333,0.4823763889427201,3.3684210526315788
1805,19,26,27,1.6842105263157894,0.5026455026455027,0.5668594533825794,3.3157894736842106
1806,20,24,29,1.7222222222222223,0.5317460317460317,0.6009252125773316,3.5
1807,20,26,25,1.7222222222222223,0.4867724867724868,0.6009252125773316,3.5
1808,18,22,27,1.65,0.5264550264550265,0.47696960070847283,3.15
1809,18,25,29,1.7,0.5208333333333333,0.39999999999999997,3.2
1810,18,24,27,1.65,0.5185185185185185,0.47696960070847283,3.15
1811,20,33,24,1.7222222222222223,0.42063492063492064,0.6009252125773316,3.5
1812,18,24,28,1.65,0.5211640211640212,0.47696960070847283,3.15
1813,19,18,30,1.6842105263157894,0.5793650793650794,0.5668594533825794,3.3157894736842106
1814,19,25,28,1.6842105263157894,0.5185185185185186,0.5668594533825794,3.3157894736842106
1815,19,24,28,1.6842105263157894,0.5264550264550265,0.5668594533825794,3.3157894736842106
1816,19,21,28,1.6842105263157894,0.5449735449735449,0.5668594533825794,3.3157894736842106
1817,18,24,28,1.65,0.523809523809524,0.47696960070847283,3.15
1818,19,23,29,1.6842105263157894,0.5343915343915344,0.5668594533825794,3.3157894736842106
1819,19,19,29,1.6842105263157894,0.5661375661375662,0.5668594533825794,3.3157894736842106
1820,20,23,28,1.7222222222222223,0.5343915343915343,0.6009252125773316,3.5
1821,19,24,28,1.736842105263158,0.5234375,0.4823763889427201,3.3684210526315788
1822,19,19,30,1.6842105263157894,0.582010582010582,0.5668594533825794,3.3157894736842106
1823,19,27,26,1.6842105263157894,0.48412698412698413,0.5668594533825794,3.3157894736842106
1824,18,29,26,1.7,0.46875,0.39999999999999997,3.2
1825,19,20,28,1.6842105263157894,0.5555555555555556,0.5668594533825794,3.3157894736842106
1826,19,26,26,1.736842105263158,0.4921875,0.4823763889427201,3.3684210526315788
1827,19,22,28,1.6842105263157894,0.5423280423280423,0.5668594533825794,3.3157894736842106
1828,19,26,26,1.6842105263157894,0.49206349206349204,0.5668594533825794,3.3157894736842106
1829,19,23,28,1.736842105263158,0.5286458333333333,0.4823763889427201,3.3684210526315788
1830,20,20,29,1.7222222222222223,0.5608465608465609,0.6009252125773316,3.5
1831,19,23,27,1.6842105263157894,0.5238095238095238,0.5668594533825794,3.3157894736842106
1832,20,18,30,1.7222222222222223,0.5873015873015873,0.6009252125773316,3.5
1833,18,22,29,1.7,0.5416666666666666,0.39999999999999997,3.2
1834,18,28,26,1.65,0.47354497354497355,0.47696960070847283,3.15
1835,18,27,26,1.65,0.48412698412698413,0.47696960070847283,3.15
1836,18,22,29,1.7,0.546875,0.39999999999999997,3.2
1837,18,28,27,1.7,0.484375,0.39999999999999997,3.2
1838,18,26,30,1.65,0.5238095238095238,0.47696960070847283,3.15
1839,19,21,27,1.6842105263157894,0.5396825396825397,0.5668594533825794,3.3157894736842106
1840,19,23,24,1.6842105263157894,0.49999999999999994,0.5668594533825794,3.3157894736842106
1841,20,30,24,1.7777777777777777,0.4453125,0.49690399499995325,3.5555555555555554
1842,20,30,25,1.7777777777777777,0.4557291666666667,0.49690399499995325,3.5555555555555554
1843,19,25,27,1.6842105263157894,0.5079365079365079,0.5668594533825794,3.3157894736842106
1844,19,22,29,1.6842105263157894,0.5476190476190478,0.5668594533825794,3.3157894736842106
1845,19,27,28,1.6842105263157894,0.5026455026455027,0.5668594533825794,3.3157894736842106
1846,19,23,29,1.736842105263158,0.5364583333333333,0.4823763889427201,3.3684210526315788
1847,19,21,30,1.736842105263158,0.5572916666666666,0.4823763889427201,3.3684210526315788
1848,19,23,28,1.736842105263158,0.5286458333333333,0.4823763889427201,3.3684210526315788
1849,20,21,28,1.7222222222222223,0.5449735449735449,0.6009252125773316,3.5
1850,18,25,25,1.65,0.4894179894179894,0.47696960070847283,3.15
1851,20,22,28,1.7222222222222223,0.5396825396825397,0.6009252125773316,3.5
1852,18,22,27,1.65,0.5264550264550265,0.47696960070847283,3.15
1853,19,31,24,1.6842105263157894,0.44179894179894186,0.5668594533825794,3.3157894736842106
1854,18,27,26,1.65,0.48412698412698413,0.47696960070847283,3.15
1855,19,27,25,1.736842105263158,0.4765625,0.4823763889427201,3.3684210526315788
1856,19,26,26,1.736842105263158,0.4921875,0.4823763889427201,3.3684210526315788
1857,19,28,25,1.6842105263157894,0.47089947089947093,0.5668594533825794,3.3157894736842106
1858,18,35,21,1.65,0.38095238095238093,0.47696960070847283,3.15
1859,19,22,29,1.6842105263157894,0.5476190476190477,0.5668594533825794,3.3157894736842106
1860,18,26,27,1.65,0.5,0.47696960070847283,3.15
1861,19,23,28,1.6842105263157894,0.5317460317460317,0.5668594533825794,3.3157894736842106
1862,19,21,30,1.736842105263158,0.5625,0.4823763889427201,3.3684210526315788
1863,18,21,28,1.65,0.5396825396825397,0.47696960070847283,3.15
1864,19,22,28,1.6842105263157894,0.5343915343915343,0.5668594533825794,3.3157894736842106
1865,20,25,26,1.7222222222222223,0.5,0.6009252125773316,3.5
1866,18,23,28,1.65,0.5291005291005291,0.47696960070847283,3.15
1867,19,22,26,1.6842105263157894,0.5185185185185185,0.5668594533825794,3.3157894736842106
1868,18,23,29,1.65,0.5423280423280424,0.47696960070847283,3.15
1869,19,25,30,1.736842105263158,0.53125,0.4823763889427201,3.3684210526315788
1870,19,33,22,1.736842105263158,0.41145833333333337,0.4823763889427201,3.3684210526315788
1871,19,26,24,1.6842105263157894,0.4708994708994709,0.5668594533825794,3.3157894736842106
1872,19,23,26,1.6842105263157894,0.5105820105820106,0.5668594533825794,3.3157894736842106
1873,18,24,29,1.65,0.5317460317460319,0.47696960070847283,3.15
1874,19,20,31,1.6842105263157894,0.5767195767195767,0.5668594533825794,3.3157894736842106
1875,19,25,26,1.6842105263157894,0.5026455026455027,0.5668594533825794,3.3157894736842106
1876,18,27,26,1.7,0.47916666666666663,0.39999999999999997,3.2
1877,20,23,28,1.7222222222222223,0.5291005291005291,0.6009252125773316,3.5
1879,20,22,28,1.7222222222222223,0.5423280423280423,0.6009252125773316,3.5
1880,20,22,28,1.7222222222222223,0.5423280423280423,0.6009252125773316,3.5
1881,20,22,28,1.7222222222222223,0.5423280423280423,0.6009252125773316,3.5
1882,20,22,28,1.7222222222222223,0.5423280423280423,0.6009252125773316,3.5
1883,20,22,28,1.7222222222222223,0.5423280423280423,0.6009252125773316,3.5
1884,20,22,28,1.7222222222222223,0.5423280423280423,0.6009252125773316,3.5
1885,20,22,28,1.7222222222222223,0.5423280423280423,0.6009252125773316,3.5
1886,20,22,28,1.7222222222222223,0.5423280423280423,0.6009252125773316,3.5
1887,20,22,28,1.7222222222222223,0.5423280423280423,0.6009252125773316,3.5
1888,20,22,28,1.7222222222222223,0.5423280423280423,0.6009252125773316,3.5
