Episode,Desafios_sin_equipo,Estudiantes_fuera_preferencias,Estudiantes_primera_prioridad,Promedio_carreras_por_equipo,Satisfaccion_promedio,STD_tamano_equipos,Tamano_promedio_equipo
2,18,59,1,1.75,0.04427083333333333,0.39999999999999997,3.2
3,18,60,2,1.75,0.04427083333333333,0.39999999999999997,3.2
4,20,57,2,1.8333333333333333,0.0625,0.49690399499995325,3.5555555555555554
5,18,62,2,1.75,0.03125,0.39999999999999997,3.2
6,18,60,4,1.75,0.0625,0.39999999999999997,3.2
7,17,56,3,1.7142857142857142,0.078125,0.21295885499997994,3.0476190476190474
8,18,58,3,1.75,0.06770833333333333,0.39999999999999997,3.2
9,17,59,1,1.7142857142857142,0.0390625,0.21295885499997994,3.0476190476190474
10,18,57,3,1.75,0.07291666666666666,0.39999999999999997,3.2
11,18,57,1,1.75,0.057291666666666664,0.39999999999999997,3.2
12,17,58,2,1.7142857142857142,0.0546875,0.21295885499997994,3.0476190476190474
13,17,54,2,1.7142857142857142,0.08072916666666666,0.21295885499997994,3.0476190476190474
14,18,61,2,1.75,0.0390625,0.39999999999999997,3.2
15,18,61,1,1.75,0.03125,0.39999999999999997,3.2
16,18,59,2,1.75,0.04947916666666666,0.39999999999999997,3.2
17,18,63,0,1.75,0.0078125,0.39999999999999997,3.2
18,18,58,0,1.7,0.031746031746031744,0.47696960070847283,3.15
19,18,59,3,1.75,0.05989583333333333,0.39999999999999997,3.2
20,18,59,2,1.75,0.04687499999999999,0.39999999999999997,3.2
21,18,58,1,1.75,0.0546875,0.39999999999999997,3.2
22,19,59,1,1.7894736842105263,0.046875,0.4823763889427201,3.3684210526315788
23,17,60,0,1.7142857142857142,0.028645833333333332,0.21295885499997994,3.0476190476190474
24,18,62,1,1.75,0.020833333333333332,0.39999999999999997,3.2
25,17,60,3,1.7142857142857142,0.0546875,0.21295885499997994,3.0476190476190474
26,18,60,3,1.75,0.0546875,0.39999999999999997,3.2
27,18,58,2,1.75,0.05989583333333333,0.39999999999999997,3.2
28,17,61,0,1.7142857142857142,0.020833333333333332,0.21295885499997994,3.0476190476190474
29,18,53,2,1.75,0.08333333333333333,0.39999999999999997,3.2
30,17,59,0,1.7142857142857142,0.031249999999999997,0.21295885499997994,3.0476190476190474
31,17,60,2,1.7142857142857142,0.04427083333333333,0.21295885499997994,3.0476190476190474
32,17,59,2,1.7142857142857142,0.049479166666666664,0.21295885499997994,3.0476190476190474
33,17,61,2,1.7142857142857142,0.0390625,0.21295885499997994,3.0476190476190474
34,17,57,3,1.7142857142857142,0.0703125,0.21295885499997994,3.0476190476190474
35,19,62,0,1.7894736842105263,0.015625,0.48237638894272,3.3684210526315788
36,19,59,0,1.7894736842105263,0.03645833333333333,0.4823763889427201,3.3684210526315788
37,18,60,1,1.75,0.033854166666666664,0.39999999999999997,3.2
38,17,57,3,1.7142857142857142,0.07291666666666666,0.21295885499997994,3.0476190476190474
39,19,59,0,1.7894736842105263,0.033854166666666664,0.48237638894272,3.3684210526315788
40,19,59,2,1.7894736842105263,0.049479166666666664,0.4823763889427201,3.3684210526315788
41,18,62,1,1.75,0.0234375,0.39999999999999997,3.2
42,19,55,3,1.7894736842105263,0.08072916666666666,0.4823763889427201,3.3684210526315788
43,18,59,2,1.75,0.05208333333333333,0.39999999999999997,3.2
44,18,64,0,1.75,0.0,0.39999999999999997,3.2
45,18,62,0,1.75,0.013020833333333332,0.39999999999999997,3.2
46,17,58,2,1.6666666666666667,0.0546875,0.21295885499997994,3.0476190476190474
47,17,60,1,1.7142857142857142,0.0390625,0.21295885499997994,3.0476190476190474
48,18,60,2,1.75,0.046875,0.39999999999999997,3.2
49,18,58,2,1.7,0.057291666666666664,0.39999999999999997,3.2
50,19,62,1,1.7894736842105263,0.020833333333333332,0.4823763889427201,3.3684210526315788
51,17,63,0,1.7142857142857142,0.005208333333333333,0.21295885499997994,3.0476190476190474
52,18,61,2,1.7,0.0390625,0.39999999999999997,3.2
53,19,60,0,1.7894736842105263,0.028645833333333332,0.4823763889427201,3.3684210526315788
54,18,62,1,1.7,0.0234375,0.39999999999999997,3.2
55,17,58,4,1.7142857142857142,0.078125,0.21295885499997994,3.0476190476190474
56,18,59,1,1.75,0.03645833333333333,0.39999999999999997,3.2
57,18,55,5,1.75,0.10677083333333333,0.39999999999999997,3.2
58,17,59,0,1.7142857142857142,0.0390625,0.21295885499997994,3.0476190476190474
59,18,59,1,1.65,0.041666666666666664,0.39999999999999997,3.2
60,18,60,2,1.75,0.046875,0.39999999999999997,3.2
61,18,57,5,1.75,0.09114583333333333,0.39999999999999997,3.2
62,18,56,1,1.75,0.06770833333333333,0.39999999999999997,3.2
63,17,58,4,1.7142857142857142,0.07552083333333333,0.21295885499997994,3.0476190476190474
64,19,60,2,1.7894736842105263,0.04166666666666667,0.4823763889427201,3.3684210526315788
65,18,60,1,1.75,0.0390625,0.39999999999999997,3.2
66,19,62,0,1.7894736842105263,0.010416666666666666,0.4823763889427201,3.3684210526315788
67,18,59,2,1.75,0.046875,0.39999999999999997,3.2
68,18,59,3,1.75,0.059895833333333336,0.39999999999999997,3.2
69,18,59,3,1.75,0.0625,0.39999999999999997,3.2
70,17,59,3,1.7142857142857142,0.05989583333333333,0.21295885499997994,3.0476190476190474
71,17,61,1,1.7142857142857142,0.028645833333333332,0.21295885499997994,3.0476190476190474
72,17,60,1,1.7142857142857142,0.03645833333333333,0.21295885499997994,3.0476190476190474
73,18,60,0,1.7,0.023437499999999997,0.39999999999999997,3.2
74,18,58,2,1.75,0.05989583333333333,0.39999999999999997,3.2
75,19,60,1,1.7894736842105263,0.033854166666666664,0.4823763889427201,3.3684210526315788
76,18,59,1,1.75,0.0390625,0.39999999999999997,3.2
77,18,58,1,1.75,0.049479166666666664,0.39999999999999997,3.2
78,17,58,1,1.7142857142857142,0.049479166666666664,0.21295885499997994,3.0476190476190474
79,17,57,4,1.6666666666666667,0.078125,0.21295885499997994,3.0476190476190474
80,18,59,2,1.7,0.04497354497354497,0.47696960070847283,3.15
81,19,58,2,1.7894736842105263,0.05989583333333333,0.4823763889427201,3.3684210526315788
82,17,55,2,1.7142857142857142,0.07552083333333333,0.21295885499997994,3.0476190476190474
83,19,60,2,1.7894736842105263,0.04427083333333333,0.4823763889427201,3.3684210526315788
84,17,57,0,1.7142857142857142,0.046875,0.21295885499997994,3.0476190476190474
85,18,57,2,1.75,0.06249999999999999,0.39999999999999997,3.2
86,18,61,0,1.75,0.018229166666666664,0.39999999999999997,3.2
87,18,57,3,1.75,0.0703125,0.39999999999999997,3.2
88,19,63,1,1.7894736842105263,0.015625,0.4823763889427201,3.3684210526315788
89,18,60,0,1.7,0.018518518518518517,0.47696960070847283,3.15
90,18,61,1,1.75,0.03125,0.39999999999999997,3.2
91,18,55,1,1.75,0.0703125,0.39999999999999997,3.2
92,18,60,1,1.75,0.033854166666666664,0.39999999999999997,3.2
93,18,60,2,1.7,0.04427083333333333,0.39999999999999997,3.2
94,17,59,0,1.6666666666666667,0.033854166666666664,0.21295885499997994,3.0476190476190474
95,19,59,3,1.7894736842105263,0.059895833333333336,0.48237638894272,3.3684210526315788
96,17,57,3,1.7142857142857142,0.078125,0.21295885499997994,3.0476190476190474
97,17,61,2,1.7142857142857142,0.0390625,0.21295885499997994,3.0476190476190474
98,17,60,0,1.7142857142857142,0.028645833333333332,0.21295885499997994,3.0476190476190474
99,18,59,1,1.7,0.0390625,0.39999999999999997,3.2
100,17,61,1,1.7142857142857142,0.028645833333333332,0.21295885499997994,3.0476190476190474
101,18,58,3,1.75,0.06770833333333333,0.39999999999999997,3.2
102,17,60,2,1.7142857142857142,0.044270833333333336,0.21295885499997994,3.0476190476190474
103,18,60,1,1.75,0.033854166666666664,0.39999999999999997,3.2
104,18,61,0,1.75,0.0234375,0.39999999999999997,3.2
105,18,61,0,1.75,0.015625,0.39999999999999997,3.2
106,17,60,1,1.7142857142857142,0.0390625,0.21295885499997994,3.0476190476190474
107,17,58,0,1.7142857142857142,0.041666666666666664,0.21295885499997994,3.0476190476190474
108,18,57,5,1.75,0.08854166666666666,0.39999999999999997,3.2
109,18,57,3,1.75,0.0703125,0.39999999999999997,3.2
110,18,62,2,1.75,0.03125,0.39999999999999997,3.2
111,18,58,2,1.75,0.05729166666666667,0.39999999999999997,3.2
112,17,61,1,1.7142857142857142,0.026041666666666664,0.21295885499997994,3.0476190476190474
113,18,62,2,1.7,0.03125,0.39999999999999997,3.2
114,18,55,5,1.7,0.10416666666666666,0.39999999999999997,3.2
115,18,56,5,1.75,0.09895833333333334,0.39999999999999997,3.2
116,18,59,2,1.75,0.049479166666666664,0.39999999999999997,3.2
117,18,59,2,1.75,0.0546875,0.39999999999999997,3.2
118,18,57,4,1.75,0.0859375,0.39999999999999997,3.2
119,17,56,3,1.7142857142857142,0.08072916666666666,0.21295885499997994,3.0476190476190474
120,17,59,1,1.7142857142857142,0.0390625,0.21295885499997994,3.0476190476190474
121,19,59,2,1.7894736842105263,0.05208333333333333,0.4823763889427201,3.3684210526315788
122,19,63,0,1.7894736842105263,0.005208333333333333,0.4823763889427201,3.3684210526315788
123,18,59,1,1.75,0.0390625,0.39999999999999997,3.2
124,17,56,3,1.7142857142857142,0.08333333333333333,0.21295885499997994,3.0476190476190474
125,18,61,0,1.75,0.0234375,0.39999999999999997,3.2
126,18,60,3,1.75,0.0546875,0.39999999999999997,3.2
127,19,61,0,1.736842105263158,0.020833333333333332,0.48237638894272,3.3684210526315788
128,18,59,2,1.7,0.04687499999999999,0.39999999999999997,3.2
129,18,58,4,1.7,0.07142857142857142,0.47696960070847283,3.15
130,18,59,0,1.75,0.03125,0.39999999999999997,3.2
131,18,58,2,1.75,0.0546875,0.39999999999999997,3.2
132,18,59,4,1.7,0.06770833333333334,0.39999999999999997,3.2
133,18,60,2,1.75,0.04427083333333333,0.39999999999999997,3.2
134,17,62,2,1.7142857142857142,0.03125,0.21295885499997994,3.0476190476190474
135,18,61,0,1.75,0.018229166666666664,0.39999999999999997,3.2
136,18,59,2,1.7,0.0546875,0.39999999999999997,3.2
137,17,61,0,1.7142857142857142,0.018229166666666664,0.21295885499997994,3.0476190476190474
138,17,59,1,1.7142857142857142,0.0390625,0.21295885499997994,3.0476190476190474
139,18,60,3,1.75,0.0546875,0.39999999999999997,3.2
140,17,58,3,1.7142857142857142,0.0703125,0.21295885499997994,3.0476190476190474
141,17,62,0,1.7142857142857142,0.013020833333333332,0.21295885499997994,3.0476190476190474
142,17,56,5,1.7142857142857142,0.09374999999999999,0.21295885499997994,3.0476190476190474
143,18,56,1,1.75,0.0703125,0.39999999999999997,3.2
144,18,58,2,1.75,0.057291666666666664,0.39999999999999997,3.2
145,18,58,0,1.75,0.0390625,0.39999999999999997,3.2
146,20,62,0,1.8333333333333333,0.010416666666666666,0.49690399499995325,3.5555555555555554
147,19,58,2,1.7894736842105263,0.057291666666666664,0.4823763889427201,3.3684210526315788
148,17,58,0,1.6666666666666667,0.03645833333333333,0.21295885499997994,3.0476190476190474
149,19,59,2,1.7894736842105263,0.05208333333333333,0.4823763889427201,3.3684210526315788
150,19,62,0,1.7894736842105263,0.010416666666666666,0.4823763889427201,3.3684210526315788
151,19,58,0,1.7894736842105263,0.046875,0.4823763889427201,3.3684210526315788
152,17,58,3,1.7142857142857142,0.06510416666666666,0.21295885499997994,3.0476190476190474
153,18,60,0,1.75,0.028645833333333332,0.39999999999999997,3.2
154,18,61,3,1.75,0.046875,0.39999999999999997,3.2
155,19,58,3,1.7894736842105263,0.06510416666666666,0.4823763889427201,3.3684210526315788
156,18,61,1,1.75,0.028645833333333332,0.39999999999999997,3.2
157,18,59,2,1.75,0.046875,0.39999999999999997,3.2
158,17,58,4,1.7142857142857142,0.07552083333333333,0.21295885499997994,3.0476190476190474
159,19,61,2,1.7894736842105263,0.0390625,0.4823763889427201,3.3684210526315788
160,18,59,0,1.75,0.03645833333333333,0.39999999999999997,3.2
161,18,59,1,1.75,0.041666666666666664,0.39999999999999997,3.2
162,17,58,5,1.7142857142857142,0.08333333333333333,0.21295885499997994,3.0476190476190474
163,19,58,4,1.7894736842105263,0.078125,0.4823763889427201,3.3684210526315788
164,18,61,1,1.75,0.03125,0.39999999999999997,3.2
165,18,56,0,1.75,0.0546875,0.39999999999999997,3.2
166,18,52,3,1.75,0.10156249999999999,0.39999999999999997,3.2
167,19,57,1,1.7894736842105263,0.0546875,0.4823763889427201,3.3684210526315788
168,18,56,2,1.75,0.078125,0.39999999999999997,3.2
169,17,58,1,1.7142857142857142,0.049479166666666664,0.21295885499997994,3.0476190476190474
170,18,56,2,1.75,0.06249999999999999,0.39999999999999997,3.2
171,18,55,3,1.75,0.09114583333333333,0.39999999999999997,3.2
172,18,59,0,1.75,0.028645833333333332,0.39999999999999997,3.2
173,17,59,1,1.7142857142857142,0.04427083333333333,0.21295885499997994,3.0476190476190474
174,17,59,3,1.7142857142857142,0.05729166666666667,0.21295885499997994,3.0476190476190474
175,18,55,5,1.75,0.1015625,0.39999999999999997,3.2
176,17,57,4,1.7142857142857142,0.08072916666666666,0.21295885499997994,3.0476190476190474
177,18,58,1,1.75,0.049479166666666664,0.39999999999999997,3.2
178,19,57,1,1.736842105263158,0.04497354497354497,0.5668594533825794,3.3157894736842106
179,18,56,3,1.75,0.078125,0.39999999999999997,3.2
180,19,57,4,1.7894736842105263,0.078125,0.4823763889427201,3.3684210526315788
181,17,55,4,1.7142857142857142,0.09374999999999999,0.21295885499997994,3.0476190476190474
182,18,58,4,1.75,0.07552083333333333,0.39999999999999997,3.2
183,17,64,0,1.6666666666666667,0.0,0.21295885499997994,3.0476190476190474
184,17,59,3,1.7142857142857142,0.05729166666666666,0.21295885499997994,3.0476190476190474
185,18,61,1,1.75,0.028645833333333332,0.39999999999999997,3.2
186,17,55,4,1.7142857142857142,0.09635416666666666,0.21295885499997994,3.0476190476190474
187,17,60,2,1.7142857142857142,0.04427083333333333,0.21295885499997994,3.0476190476190474
188,18,61,3,1.75,0.046875,0.39999999999999997,3.2
189,18,55,4,1.75,0.09635416666666666,0.39999999999999997,3.2
190,18,54,1,1.7,0.06878306878306878,0.47696960070847283,3.15
191,18,60,3,1.75,0.05208333333333333,0.39999999999999997,3.2
192,18,63,0,1.75,0.005208333333333333,0.39999999999999997,3.2
193,17,61,1,1.7142857142857142,0.028645833333333332,0.21295885499997994,3.0476190476190474
194,17,60,3,1.7142857142857142,0.0546875,0.21295885499997994,3.0476190476190474
195,19,60,1,1.7894736842105263,0.03645833333333333,0.4823763889427201,3.3684210526315788
196,17,55,5,1.7142857142857142,0.10677083333333333,0.21295885499997994,3.0476190476190474
197,18,54,5,1.75,0.11197916666666666,0.39999999999999997,3.2
198,18,61,2,1.75,0.0390625,0.39999999999999997,3.2
199,18,55,3,1.75,0.08333333333333333,0.39999999999999997,3.2
200,18,59,3,1.7,0.05291005291005291,0.47696960070847283,3.15
201,18,59,1,1.75,0.041666666666666664,0.39999999999999997,3.2
202,17,59,1,1.7142857142857142,0.041666666666666664,0.21295885499997994,3.0476190476190474
203,18,59,1,1.75,0.041666666666666664,0.39999999999999997,3.2
204,18,59,4,1.75,0.0703125,0.39999999999999997,3.2
205,18,61,2,1.75,0.0390625,0.39999999999999997,3.2
206,18,60,1,1.75,0.033854166666666664,0.39999999999999997,3.2
207,17,61,1,1.7142857142857142,0.026041666666666664,0.21295885499997994,3.0476190476190474
208,18,62,1,1.75,0.020833333333333332,0.39999999999999997,3.2
209,17,57,2,1.7142857142857142,0.06249999999999999,0.21295885499997994,3.0476190476190474
210,17,55,3,1.7142857142857142,0.09114583333333333,0.21295885499997994,3.0476190476190474
211,18,59,1,1.75,0.041666666666666664,0.39999999999999997,3.2
212,19,60,0,1.7894736842105263,0.028645833333333332,0.4823763889427201,3.3684210526315788
213,18,57,4,1.7,0.08072916666666666,0.39999999999999997,3.2
214,18,60,2,1.75,0.04427083333333333,0.39999999999999997,3.2
215,18,55,4,1.75,0.09375,0.39999999999999997,3.2
216,17,61,1,1.7142857142857142,0.028645833333333332,0.21295885499997994,3.0476190476190474
217,19,56,4,1.7894736842105263,0.09114583333333334,0.4823763889427201,3.3684210526315788
218,17,60,1,1.6666666666666667,0.03645833333333333,0.21295885499997994,3.0476190476190474
219,18,61,0,1.75,0.0234375,0.39999999999999997,3.2
220,18,60,1,1.75,0.033854166666666664,0.39999999999999997,3.2
221,19,57,3,1.736842105263158,0.07291666666666666,0.4823763889427201,3.3684210526315788
222,17,57,3,1.6666666666666667,0.06878306878306878,0.3086066999241838,3.0
223,18,59,1,1.75,0.044270833333333336,0.39999999999999997,3.2
224,18,56,3,1.75,0.08072916666666666,0.39999999999999997,3.2
225,18,61,2,1.75,0.03645833333333333,0.39999999999999997,3.2
226,17,58,2,1.7142857142857142,0.0546875,0.21295885499997994,3.0476190476190474
227,19,57,3,1.7894736842105263,0.07552083333333333,0.4823763889427201,3.3684210526315788
228,17,56,1,1.7142857142857142,0.057291666666666664,0.21295885499997994,3.0476190476190474
229,18,57,4,1.75,0.08072916666666666,0.39999999999999997,3.2
230,19,56,3,1.7894736842105263,0.08072916666666666,0.4823763889427201,3.3684210526315788
231,19,57,2,1.7894736842105263,0.0625,0.4823763889427201,3.3684210526315788
232,18,57,4,1.75,0.08333333333333334,0.39999999999999997,3.2
233,17,61,1,1.6666666666666667,0.026041666666666664,0.21295885499997996,3.0476190476190474
234,18,58,1,1.75,0.0546875,0.39999999999999997,3.2
235,17,59,3,1.7142857142857142,0.0625,0.21295885499997994,3.0476190476190474
236,17,55,4,1.7142857142857142,0.09635416666666666,0.21295885499997994,3.0476190476190474
237,17,56,6,1.7142857142857142,0.109375,0.21295885499997994,3.0476190476190474
238,18,60,1,1.75,0.033854166666666664,0.39999999999999997,3.2
239,18,51,10,1.7,0.1746031746031746,0.47696960070847283,3.15
240,18,55,4,1.75,0.1015625,0.39999999999999997,3.2
241,18,59,3,1.75,0.0625,0.39999999999999997,3.2
242,18,57,2,1.75,0.06510416666666666,0.39999999999999997,3.2
243,18,57,4,1.75,0.08072916666666666,0.39999999999999997,3.2
244,17,57,1,1.7142857142857142,0.049479166666666664,0.21295885499997994,3.0476190476190474
245,18,58,3,1.75,0.0625,0.39999999999999997,3.2
246,18,56,5,1.7,0.09895833333333333,0.39999999999999997,3.2
247,18,57,2,1.75,0.06770833333333334,0.39999999999999997,3.2
248,19,60,3,1.7894736842105263,0.0546875,0.4823763889427201,3.3684210526315788
249,19,60,3,1.7894736842105263,0.0546875,0.4823763889427201,3.3684210526315788
250,17,59,2,1.7142857142857142,0.05208333333333333,0.21295885499997994,3.0476190476190474
251,17,57,3,1.7142857142857142,0.0703125,0.21295885499997994,3.0476190476190474
252,19,59,1,1.7894736842105263,0.04427083333333333,0.4823763889427201,3.3684210526315788
253,18,60,1,1.75,0.03645833333333333,0.39999999999999997,3.2
254,19,58,4,1.7894736842105263,0.07552083333333333,0.4823763889427201,3.3684210526315788
255,18,60,1,1.75,0.033854166666666664,0.39999999999999997,3.2
256,18,56,6,1.75,0.10677083333333333,0.39999999999999997,3.2
257,18,57,5,1.75,0.09114583333333333,0.39999999999999997,3.2
258,18,56,6,1.75,0.10416666666666666,0.39999999999999997,3.2
259,19,54,5,1.7894736842105263,0.10937499999999999,0.4823763889427201,3.3684210526315788
260,18,58,1,1.75,0.05208333333333333,0.39999999999999997,3.2
261,17,53,3,1.6666666666666667,0.09259259259259257,0.3086066999241838,3.0
262,17,58,2,1.7142857142857142,0.0546875,0.21295885499997994,3.0476190476190474
263,18,54,7,1.75,0.12760416666666666,0.39999999999999997,3.2
264,18,58,3,1.75,0.06510416666666666,0.39999999999999997,3.2
265,17,58,4,1.6666666666666667,0.07291666666666666,0.21295885499997994,3.0476190476190474
266,18,58,3,1.75,0.06510416666666666,0.39999999999999997,3.2
267,18,56,4,1.75,0.09375,0.39999999999999997,3.2
268,18,57,1,1.75,0.05208333333333333,0.39999999999999997,3.2
269,18,59,3,1.75,0.059895833333333336,0.39999999999999997,3.2
270,18,54,6,1.7,0.11375661375661375,0.47696960070847283,3.15
271,19,58,4,1.7894736842105263,0.07552083333333333,0.4823763889427201,3.3684210526315788
272,17,57,6,1.7142857142857142,0.1015625,0.21295885499997994,3.0476190476190474
273,19,55,4,1.7894736842105263,0.08854166666666666,0.4823763889427201,3.3684210526315788
274,18,59,1,1.75,0.04427083333333333,0.39999999999999997,3.2
275,19,58,2,1.7894736842105263,0.05989583333333333,0.4823763889427201,3.3684210526315788
276,20,58,1,1.8333333333333333,0.049479166666666664,0.49690399499995325,3.5555555555555554
277,19,58,1,1.7894736842105263,0.0546875,0.4823763889427201,3.3684210526315788
278,19,60,3,1.7894736842105263,0.05208333333333333,0.4823763889427201,3.3684210526315788
279,18,57,3,1.75,0.07291666666666666,0.39999999999999997,3.2
280,18,57,4,1.75,0.08333333333333333,0.39999999999999997,3.2
281,18,56,2,1.75,0.0703125,0.39999999999999997,3.2
282,17,52,5,1.6666666666666667,0.13020833333333331,0.21295885499997994,3.0476190476190474
283,19,54,4,1.7894736842105263,0.1015625,0.48237638894272,3.3684210526315788
284,17,60,2,1.7142857142857142,0.04166666666666667,0.21295885499997994,3.0476190476190474
285,19,60,2,1.7894736842105263,0.04427083333333333,0.4823763889427201,3.3684210526315788
286,18,58,4,1.75,0.078125,0.39999999999999997,3.2
287,18,59,2,1.75,0.049479166666666664,0.39999999999999997,3.2
288,17,58,2,1.7142857142857142,0.05989583333333333,0.21295885499997994,3.0476190476190474
289,19,55,2,1.7894736842105263,0.08072916666666666,0.48237638894272,3.3684210526315788
290,17,56,4,1.7142857142857142,0.09114583333333333,0.21295885499997994,3.0476190476190474
291,18,62,2,1.75,0.03125,0.39999999999999997,3.2
292,18,59,4,1.75,0.06770833333333333,0.39999999999999997,3.2
293,17,57,2,1.7142857142857142,0.06249999999999999,0.21295885499997994,3.0476190476190474
294,18,57,2,1.75,0.06770833333333333,0.39999999999999997,3.2
295,18,57,4,1.75,0.08072916666666666,0.39999999999999997,3.2
296,19,58,3,1.7894736842105263,0.06770833333333333,0.4823763889427201,3.3684210526315788
297,18,57,3,1.75,0.06770833333333333,0.39999999999999997,3.2
298,18,54,4,1.7,0.10416666666666666,0.39999999999999997,3.2
299,17,58,4,1.7142857142857142,0.078125,0.21295885499997994,3.0476190476190474
300,19,58,5,1.7894736842105263,0.08333333333333333,0.4823763889427201,3.3684210526315788
301,19,57,1,1.7894736842105263,0.057291666666666664,0.4823763889427201,3.3684210526315788
302,17,56,4,1.7142857142857142,0.0859375,0.21295885499997994,3.0476190476190474
303,18,57,4,1.75,0.08333333333333333,0.39999999999999997,3.2
304,19,55,1,1.7894736842105263,0.07552083333333333,0.4823763889427201,3.3684210526315788
305,18,53,5,1.75,0.1171875,0.39999999999999997,3.2
306,19,55,6,1.7894736842105263,0.1171875,0.4823763889427201,3.3684210526315788
307,18,55,2,1.75,0.078125,0.39999999999999997,3.2
308,18,60,2,1.75,0.04427083333333333,0.39999999999999997,3.2
309,17,57,5,1.6666666666666667,0.09114583333333333,0.21295885499997994,3.0476190476190474
310,18,59,4,1.75,0.06770833333333333,0.39999999999999997,3.2
311,18,58,4,1.75,0.07552083333333333,0.39999999999999997,3.2
312,18,52,5,1.75,0.12239583333333333,0.39999999999999997,3.2
313,18,51,4,1.75,0.12239583333333331,0.39999999999999997,3.2
314,18,58,2,1.75,0.057291666666666664,0.39999999999999997,3.2
315,18,54,6,1.75,0.11979166666666667,0.39999999999999997,3.2
316,19,56,3,1.7894736842105263,0.08072916666666666,0.4823763889427201,3.3684210526315788
317,17,58,2,1.7142857142857142,0.05989583333333333,0.21295885499997994,3.0476190476190474
318,19,57,2,1.7894736842105263,0.0703125,0.4823763889427201,3.3684210526315788
319,18,53,5,1.7,0.11718749999999999,0.39999999999999997,3.2
320,17,61,2,1.7142857142857142,0.0390625,0.21295885499997994,3.0476190476190474
321,18,50,8,1.75,0.1640625,0.39999999999999997,3.2
322,19,59,4,1.7894736842105263,0.06770833333333333,0.48237638894272,3.3684210526315788
323,18,56,5,1.75,0.09635416666666666,0.39999999999999997,3.2
324,18,54,4,1.75,0.09895833333333333,0.39999999999999997,3.2
325,18,51,7,1.75,0.15104166666666669,0.39999999999999997,3.2
326,18,52,8,1.75,0.15364583333333331,0.39999999999999997,3.2
327,18,54,9,1.75,0.1484375,0.39999999999999997,3.2
328,19,58,4,1.7894736842105263,0.078125,0.48237638894272,3.3684210526315788
329,18,53,4,1.75,0.10677083333333333,0.39999999999999997,3.2
330,17,58,4,1.7142857142857142,0.07552083333333333,0.21295885499997994,3.0476190476190474
331,19,60,3,1.7894736842105263,0.0546875,0.48237638894272,3.3684210526315788
332,18,58,4,1.75,0.07552083333333333,0.39999999999999997,3.2
333,18,54,6,1.75,0.11718749999999999,0.39999999999999997,3.2
334,18,53,6,1.7,0.12760416666666666,0.39999999999999997,3.2
335,19,53,7,1.7894736842105263,0.13802083333333331,0.4823763889427201,3.3684210526315788
336,19,57,2,1.7894736842105263,0.06770833333333333,0.4823763889427201,3.3684210526315788
337,17,56,6,1.7142857142857142,0.10416666666666666,0.21295885499997994,3.0476190476190474
338,17,62,1,1.7142857142857142,0.0234375,0.21295885499997994,3.0476190476190474
339,17,56,3,1.7142857142857142,0.078125,0.21295885499997994,3.0476190476190474
340,18,51,10,1.75,0.17708333333333331,0.39999999999999997,3.2
341,19,56,4,1.7894736842105263,0.08854166666666666,0.4823763889427201,3.3684210526315788
342,18,55,4,1.75,0.09895833333333334,0.39999999999999997,3.2
343,18,59,5,1.75,0.078125,0.39999999999999997,3.2
344,18,54,4,1.75,0.10416666666666666,0.39999999999999997,3.2
345,18,54,7,1.7,0.13020833333333331,0.39999999999999997,3.2
346,18,55,6,1.75,0.1171875,0.39999999999999997,3.2
347,18,59,3,1.75,0.05989583333333333,0.39999999999999997,3.2
348,18,58,6,1.75,0.09375,0.39999999999999997,3.2
349,18,52,9,1.75,0.15885416666666666,0.39999999999999997,3.2
350,19,50,8,1.736842105263158,0.16666666666666666,0.4823763889427201,3.3684210526315788
351,18,54,7,1.75,0.13020833333333331,0.39999999999999997,3.2
352,18,60,2,1.75,0.046875,0.39999999999999997,3.2
353,17,54,5,1.7142857142857142,0.11458333333333333,0.21295885499997994,3.0476190476190474
354,19,54,7,1.7894736842105263,0.12760416666666666,0.4823763889427201,3.3684210526315788
355,20,52,5,1.8333333333333333,0.125,0.49690399499995325,3.5555555555555554
356,18,56,3,1.7,0.08072916666666666,0.39999999999999997,3.2
357,19,56,7,1.7894736842105263,0.1171875,0.4823763889427201,3.3684210526315788
358,17,52,8,1.7142857142857142,0.15364583333333331,0.21295885499997994,3.0476190476190474
359,18,51,8,1.75,0.15885416666666666,0.39999999999999997,3.2
360,20,55,6,1.8333333333333333,0.11458333333333334,0.49690399499995325,3.5555555555555554
361,18,54,7,1.75,0.12760416666666669,0.39999999999999997,3.2
362,18,52,5,1.75,0.12760416666666666,0.39999999999999997,3.2
363,20,52,6,1.8333333333333333,0.12760416666666666,0.49690399499995325,3.5555555555555554
364,18,51,6,1.75,0.14322916666666666,0.39999999999999997,3.2
365,19,54,6,1.7894736842105263,0.11458333333333331,0.4823763889427201,3.3684210526315788
366,17,51,8,1.6666666666666667,0.16145833333333331,0.21295885499997994,3.0476190476190474
367,18,58,6,1.7,0.09375,0.39999999999999997,3.2
368,19,54,6,1.7894736842105263,0.12239583333333333,0.4823763889427201,3.3684210526315788
369,17,51,8,1.7142857142857142,0.15364583333333331,0.21295885499997994,3.0476190476190474
370,18,57,5,1.7,0.09375,0.39999999999999997,3.2
371,17,57,4,1.7142857142857142,0.08333333333333333,0.21295885499997994,3.0476190476190474
372,20,55,8,1.8333333333333333,0.1328125,0.49690399499995325,3.5555555555555554
373,17,55,3,1.7142857142857142,0.08333333333333333,0.21295885499997994,3.0476190476190474
374,18,54,3,1.75,0.09635416666666667,0.39999999999999997,3.2
375,19,56,7,1.7894736842105263,0.11458333333333333,0.4823763889427201,3.3684210526315788
376,19,58,3,1.7894736842105263,0.06510416666666666,0.4823763889427201,3.3684210526315788
377,18,53,4,1.75,0.11197916666666666,0.39999999999999997,3.2
378,18,53,6,1.75,0.12499999999999999,0.39999999999999997,3.2
379,18,56,4,1.75,0.0859375,0.39999999999999997,3.2
380,18,55,7,1.75,0.125,0.39999999999999997,3.2
381,17,54,6,1.7142857142857142,0.1171875,0.21295885499997994,3.0476190476190474
382,18,54,7,1.75,0.125,0.39999999999999997,3.2
383,17,59,4,1.7142857142857142,0.0703125,0.21295885499997994,3.0476190476190474
384,19,52,8,1.7894736842105263,0.15104166666666669,0.4823763889427201,3.3684210526315788
385,18,52,8,1.7,0.14814814814814817,0.47696960070847283,3.15
386,18,53,6,1.75,0.12760416666666666,0.39999999999999997,3.2
387,18,54,7,1.7,0.13020833333333331,0.39999999999999997,3.2
388,18,55,6,1.75,0.11197916666666666,0.39999999999999997,3.2
389,19,55,8,1.7894736842105263,0.1328125,0.4823763889427201,3.3684210526315788
390,18,57,5,1.7,0.09114583333333333,0.39999999999999997,3.2
391,17,54,9,1.7142857142857142,0.1484375,0.21295885499997994,3.0476190476190474
392,17,52,7,1.7142857142857142,0.13802083333333331,0.21295885499997994,3.0476190476190474
393,17,56,5,1.7142857142857142,0.09895833333333333,0.21295885499997994,3.0476190476190474
394,19,56,5,1.7894736842105263,0.09635416666666666,0.4823763889427201,3.3684210526315788
395,18,54,5,1.75,0.10937499999999999,0.39999999999999997,3.2
396,19,57,5,1.7894736842105263,0.08854166666666666,0.4823763889427201,3.3684210526315788
397,17,52,8,1.7142857142857142,0.15625,0.21295885499997994,3.0476190476190474
398,19,55,2,1.736842105263158,0.08072916666666666,0.4823763889427201,3.3684210526315788
399,17,50,8,1.7142857142857142,0.16145833333333331,0.21295885499997994,3.0476190476190474
400,18,55,4,1.75,0.1015625,0.39999999999999997,3.2
401,20,50,7,1.8333333333333333,0.15885416666666666,0.49690399499995325,3.5555555555555554
402,19,56,4,1.7894736842105263,0.0859375,0.48237638894272,3.3684210526315788
403,19,57,4,1.7894736842105263,0.08333333333333333,0.48237638894272,3.3684210526315788
404,17,55,7,1.7142857142857142,0.12239583333333333,0.21295885499997994,3.0476190476190474
405,19,54,4,1.7894736842105263,0.09635416666666666,0.4823763889427201,3.3684210526315788
406,19,53,7,1.7894736842105263,0.140625,0.4823763889427201,3.3684210526315788
407,18,57,6,1.75,0.09895833333333333,0.39999999999999997,3.2
408,19,52,8,1.7894736842105263,0.1484375,0.4823763889427201,3.3684210526315788
409,18,55,8,1.7,0.13020833333333331,0.39999999999999997,3.2
410,19,54,7,1.7894736842105263,0.13020833333333331,0.4823763889427201,3.3684210526315788
411,17,52,7,1.7142857142857142,0.140625,0.21295885499997994,3.0476190476190474
412,18,49,9,1.75,0.18489583333333334,0.39999999999999997,3.2
413,18,54,5,1.75,0.11197916666666666,0.39999999999999997,3.2
414,18,55,7,1.75,0.12239583333333333,0.39999999999999997,3.2
415,18,50,7,1.75,0.15885416666666666,0.39999999999999997,3.2
416,18,57,4,1.75,0.08333333333333333,0.39999999999999997,3.2
417,19,54,6,1.7894736842105263,0.11979166666666666,0.4823763889427201,3.3684210526315788
418,18,58,4,1.75,0.078125,0.39999999999999997,3.2
419,17,51,11,1.7142857142857142,0.18489583333333331,0.21295885499997996,3.0476190476190474
420,17,59,4,1.7142857142857142,0.06770833333333333,0.21295885499997994,3.0476190476190474
421,20,58,5,1.8333333333333333,0.0859375,0.49690399499995325,3.5555555555555554
422,17,55,6,1.7142857142857142,0.11197916666666667,0.21295885499997994,3.0476190476190474
423,18,55,7,1.75,0.125,0.39999999999999997,3.2
424,19,53,6,1.7894736842105263,0.125,0.4823763889427201,3.3684210526315788
425,17,48,9,1.7142857142857142,0.1875,0.21295885499997994,3.0476190476190474
426,17,49,7,1.6666666666666667,0.16927083333333331,0.21295885499997994,3.0476190476190474
427,18,54,7,1.75,0.12760416666666669,0.39999999999999997,3.2
428,17,55,8,1.7142857142857142,0.1328125,0.21295885499997994,3.0476190476190474
429,18,58,5,1.75,0.0859375,0.39999999999999997,3.2
430,18,52,10,1.75,0.171875,0.39999999999999997,3.2
431,18,50,9,1.7,0.1693121693121693,0.47696960070847283,3.15
432,19,51,8,1.7894736842105263,0.15885416666666666,0.48237638894272,3.3684210526315788
433,18,53,7,1.75,0.13802083333333334,0.39999999999999997,3.2
434,19,50,8,1.7894736842105263,0.16145833333333331,0.4823763889427201,3.3684210526315788
435,18,53,7,1.75,0.13802083333333334,0.39999999999999997,3.2
436,17,47,10,1.7142857142857142,0.20052083333333334,0.21295885499997994,3.0476190476190474
437,18,54,6,1.75,0.12239583333333333,0.39999999999999997,3.2
438,17,52,10,1.6666666666666667,0.16927083333333331,0.21295885499997994,3.0476190476190474
439,18,53,8,1.75,0.14583333333333331,0.39999999999999997,3.2
440,18,54,5,1.75,0.109375,0.39999999999999997,3.2
441,19,50,9,1.7894736842105263,0.17447916666666666,0.4823763889427201,3.3684210526315788
442,18,49,9,1.75,0.18229166666666669,0.39999999999999997,3.2
443,18,53,8,1.75,0.14322916666666666,0.39999999999999997,3.2
444,19,55,6,1.7894736842105263,0.11197916666666666,0.4823763889427201,3.3684210526315788
445,18,54,8,1.75,0.13802083333333331,0.39999999999999997,3.2
446,19,50,7,1.7894736842105263,0.15885416666666669,0.4823763889427201,3.3684210526315788
447,19,48,7,1.7894736842105263,0.16927083333333331,0.48237638894272,3.3684210526315788
448,18,50,5,1.75,0.14322916666666666,0.39999999999999997,3.2
449,18,54,7,1.75,0.1328125,0.39999999999999997,3.2
450,17,53,7,1.6666666666666667,0.13541666666666666,0.21295885499997994,3.0476190476190474
451,18,49,9,1.75,0.1796875,0.39999999999999997,3.2
452,19,55,6,1.7894736842105263,0.11458333333333333,0.4823763889427201,3.3684210526315788
453,18,50,7,1.75,0.15625,0.39999999999999997,3.2
454,17,51,8,1.7142857142857142,0.15625,0.21295885499997994,3.0476190476190474
455,18,46,10,1.6,0.20899470899470898,0.47696960070847283,3.15
456,18,54,7,1.75,0.125,0.39999999999999997,3.2
457,19,48,11,1.7894736842105263,0.203125,0.4823763889427201,3.3684210526315788
458,18,52,7,1.75,0.13802083333333334,0.39999999999999997,3.2
459,17,51,9,1.7142857142857142,0.1640625,0.21295885499997994,3.0476190476190474
460,17,52,8,1.7142857142857142,0.15364583333333334,0.21295885499997994,3.0476190476190474
461,18,55,6,1.75,0.11197916666666667,0.39999999999999997,3.2
462,17,56,6,1.7142857142857142,0.10677083333333333,0.21295885499997994,3.0476190476190474
463,18,58,2,1.75,0.057291666666666664,0.39999999999999997,3.2
464,18,52,10,1.75,0.171875,0.39999999999999997,3.2
465,18,51,7,1.75,0.14322916666666666,0.39999999999999997,3.2
466,18,54,10,1.75,0.15625,0.39999999999999997,3.2
467,17,54,7,1.7142857142857142,0.13020833333333334,0.21295885499997994,3.0476190476190474
468,18,50,10,1.75,0.1875,0.39999999999999997,3.2
469,19,47,12,1.7894736842105263,0.2265625,0.48237638894272,3.3684210526315788
470,19,47,10,1.7894736842105263,0.20833333333333331,0.4823763889427201,3.3684210526315788
471,18,57,6,1.75,0.1015625,0.39999999999999997,3.2
472,18,53,9,1.75,0.15364583333333331,0.39999999999999997,3.2
473,18,52,8,1.75,0.1484375,0.39999999999999997,3.2
474,19,50,10,1.7894736842105263,0.1796875,0.4823763889427201,3.3684210526315788
475,18,52,10,1.75,0.16927083333333331,0.39999999999999997,3.2
476,20,54,8,1.8333333333333333,0.13802083333333334,0.49690399499995325,3.5555555555555554
477,18,54,4,1.75,0.10416666666666666,0.39999999999999997,3.2
478,18,53,9,1.7,0.15364583333333334,0.39999999999999997,3.2
479,18,53,8,1.75,0.1484375,0.39999999999999997,3.2
480,17,52,10,1.7142857142857142,0.16666666666666666,0.21295885499997994,3.0476190476190474
481,18,53,8,1.7,0.13756613756613756,0.47696960070847283,3.15
482,18,52,9,1.75,0.15885416666666666,0.39999999999999997,3.2
483,17,56,5,1.7142857142857142,0.09895833333333333,0.21295885499997994,3.0476190476190474
484,18,50,12,1.75,0.20052083333333331,0.39999999999999997,3.2
485,18,51,10,1.75,0.17447916666666666,0.39999999999999997,3.2
486,18,48,10,1.7,0.19047619047619047,0.47696960070847283,3.15
487,17,53,6,1.7142857142857142,0.13020833333333331,0.21295885499997994,3.0476190476190474
488,18,52,6,1.75,0.13541666666666666,0.39999999999999997,3.2
489,18,52,8,1.7,0.1455026455026455,0.47696960070847283,3.15
490,17,51,10,1.7142857142857142,0.1796875,0.21295885499997994,3.0476190476190474
491,18,51,6,1.75,0.1484375,0.39999999999999997,3.2
492,19,51,10,1.7894736842105263,0.17447916666666666,0.4823763889427201,3.3684210526315788
493,18,48,12,1.75,0.21354166666666666,0.39999999999999997,3.2
494,18,53,8,1.75,0.14583333333333331,0.39999999999999997,3.2
495,18,54,7,1.75,0.13020833333333331,0.39999999999999997,3.2
496,17,52,8,1.7142857142857142,0.15104166666666666,0.21295885499997994,3.0476190476190474
497,18,50,9,1.75,0.171875,0.39999999999999997,3.2
498,19,47,7,1.7894736842105263,0.1796875,0.48237638894272,3.3684210526315788
499,18,51,9,1.75,0.171875,0.39999999999999997,3.2
500,18,52,8,1.75,0.15104166666666666,0.39999999999999997,3.2
501,19,54,6,1.7894736842105263,0.12239583333333334,0.48237638894272,3.3684210526315788
502,17,53,5,1.7142857142857142,0.12239583333333333,0.21295885499997994,3.0476190476190474
503,18,50,9,1.75,0.17447916666666669,0.39999999999999997,3.2
504,18,48,11,1.7,0.2109375,0.39999999999999997,3.2
505,20,50,7,1.8333333333333333,0.16145833333333331,0.49690399499995325,3.5555555555555554
506,18,48,11,1.75,0.203125,0.39999999999999997,3.2
507,18,51,9,1.75,0.16927083333333331,0.39999999999999997,3.2
508,18,50,13,1.75,0.2109375,0.39999999999999997,3.2
509,18,54,7,1.75,0.13020833333333331,0.39999999999999997,3.2
510,19,50,7,1.7894736842105263,0.15625,0.4823763889427201,3.3684210526315788
511,18,48,10,1.75,0.19270833333333331,0.39999999999999997,3.2
512,18,49,10,1.7,0.18489583333333331,0.39999999999999997,3.2
513,19,51,9,1.7894736842105263,0.171875,0.4823763889427201,3.3684210526315788
514,18,52,8,1.75,0.1484375,0.39999999999999997,3.2
515,19,47,11,1.7894736842105263,0.21354166666666666,0.4823763889427201,3.3684210526315788
516,18,53,9,1.75,0.15364583333333334,0.39999999999999997,3.2
517,18,44,15,1.75,0.27083333333333337,0.39999999999999997,3.2
518,19,48,10,1.7894736842105263,0.203125,0.4823763889427201,3.3684210526315788
519,19,49,11,1.7894736842105263,0.20052083333333331,0.48237638894272,3.3684210526315788
520,18,45,13,1.75,0.2421875,0.39999999999999997,3.2
521,18,50,9,1.7,0.1746031746031746,0.47696960070847283,3.15
522,17,48,8,1.7142857142857142,0.17447916666666666,0.21295885499997994,3.0476190476190474
523,19,46,12,1.7894736842105263,0.22395833333333331,0.4823763889427201,3.3684210526315788
524,19,49,12,1.7894736842105263,0.20833333333333331,0.4823763889427201,3.3684210526315788
525,18,52,10,1.75,0.16927083333333331,0.39999999999999997,3.2
526,18,46,14,1.75,0.24739583333333331,0.39999999999999997,3.2
527,19,55,9,1.7894736842105263,0.140625,0.48237638894272,3.3684210526315788
528,18,54,8,1.75,0.13802083333333331,0.39999999999999997,3.2
529,19,48,11,1.736842105263158,0.20105820105820105,0.5668594533825794,3.3157894736842106
530,19,52,11,1.7894736842105263,0.1796875,0.4823763889427201,3.3684210526315788
531,18,54,8,1.75,0.13541666666666669,0.39999999999999997,3.2
532,18,51,11,1.75,0.18229166666666669,0.39999999999999997,3.2
533,18,52,8,1.75,0.15364583333333331,0.39999999999999997,3.2
534,18,51,11,1.7,0.1875,0.39999999999999997,3.2
535,19,49,10,1.7894736842105263,0.18489583333333334,0.4823763889427201,3.3684210526315788
536,17,52,10,1.7142857142857142,0.16927083333333331,0.21295885499997994,3.0476190476190474
537,19,51,10,1.7894736842105263,0.1796875,0.4823763889427201,3.3684210526315788
538,18,51,9,1.75,0.16666666666666666,0.39999999999999997,3.2
539,18,56,6,1.75,0.109375,0.39999999999999997,3.2
540,17,47,12,1.7142857142857142,0.21875,0.21295885499997994,3.0476190476190474
541,17,42,16,1.7142857142857142,0.2942708333333333,0.21295885499997994,3.0476190476190474
542,18,50,8,1.7,0.16666666666666669,0.39999999999999997,3.2
543,18,51,8,1.75,0.16145833333333331,0.39999999999999997,3.2
544,18,48,13,1.75,0.22395833333333334,0.39999999999999997,3.2
545,19,51,8,1.736842105263158,0.15625,0.4823763889427201,3.3684210526315788
546,18,46,9,1.75,0.19791666666666666,0.39999999999999997,3.2
547,18,53,9,1.75,0.15364583333333334,0.39999999999999997,3.2
548,18,50,12,1.75,0.20052083333333331,0.39999999999999997,3.2
549,19,51,10,1.736842105263158,0.17195767195767195,0.5668594533825794,3.3157894736842106
550,18,51,10,1.75,0.1796875,0.39999999999999997,3.2
551,19,46,11,1.7894736842105263,0.21614583333333331,0.4823763889427201,3.3684210526315788
552,18,52,8,1.75,0.15364583333333331,0.39999999999999997,3.2
553,19,46,11,1.7894736842105263,0.21614583333333334,0.48237638894272,3.3684210526315788
554,18,51,8,1.7,0.15625,0.39999999999999997,3.2
555,19,50,12,1.7894736842105263,0.20052083333333331,0.4823763889427201,3.3684210526315788
556,19,48,11,1.7894736842105263,0.20572916666666669,0.4823763889427201,3.3684210526315788
557,19,48,12,1.7894736842105263,0.2109375,0.4823763889427201,3.3684210526315788
558,19,49,13,1.7894736842105263,0.21875,0.4823763889427201,3.3684210526315788
559,18,53,10,1.75,0.1640625,0.39999999999999997,3.2
560,18,54,8,1.75,0.13802083333333331,0.39999999999999997,3.2
561,18,54,7,1.7,0.12760416666666666,0.39999999999999997,3.2
562,19,49,11,1.7894736842105263,0.20052083333333331,0.4823763889427201,3.3684210526315788
563,18,52,6,1.75,0.13541666666666669,0.39999999999999997,3.2
564,18,52,9,1.75,0.16145833333333331,0.39999999999999997,3.2
565,18,52,9,1.7,0.16145833333333331,0.39999999999999997,3.2
566,19,47,11,1.7894736842105263,0.2109375,0.4823763889427201,3.3684210526315788
567,19,47,13,1.7894736842105263,0.23177083333333331,0.48237638894272,3.3684210526315788
568,18,51,9,1.75,0.16145833333333331,0.39999999999999997,3.2
569,18,50,8,1.75,0.1640625,0.39999999999999997,3.2
570,19,52,10,1.7894736842105263,0.16927083333333331,0.4823763889427201,3.3684210526315788
571,19,50,11,1.7894736842105263,0.19270833333333331,0.4823763889427201,3.3684210526315788
572,19,48,10,1.7894736842105263,0.203125,0.4823763889427201,3.3684210526315788
573,19,52,10,1.7894736842105263,0.171875,0.4823763889427201,3.3684210526315788
574,18,50,12,1.7,0.203125,0.39999999999999997,3.2
575,18,45,12,1.75,0.234375,0.39999999999999997,3.2
576,18,46,12,1.75,0.22916666666666669,0.39999999999999997,3.2
577,18,48,13,1.75,0.22135416666666663,0.39999999999999997,3.2
578,19,51,9,1.7894736842105263,0.16927083333333331,0.48237638894272,3.3684210526315788
579,19,51,8,1.7894736842105263,0.15364583333333331,0.48237638894272,3.3684210526315788
580,17,50,10,1.7142857142857142,0.18489583333333331,0.21295885499997994,3.0476190476190474
581,19,45,12,1.7894736842105263,0.23697916666666666,0.4823763889427201,3.3684210526315788
582,18,53,10,1.75,0.1640625,0.39999999999999997,3.2
583,18,50,10,1.75,0.18229166666666666,0.39999999999999997,3.2
584,18,48,10,1.75,0.19010416666666666,0.39999999999999997,3.2
585,18,48,12,1.75,0.21875,0.39999999999999997,3.2
586,18,48,11,1.7,0.20572916666666669,0.39999999999999997,3.2
587,17,48,11,1.7142857142857142,0.20572916666666666,0.21295885499997994,3.0476190476190474
588,18,48,14,1.75,0.23177083333333331,0.39999999999999997,3.2
589,18,48,12,1.75,0.21875,0.39999999999999997,3.2
590,17,45,12,1.7142857142857142,0.23697916666666669,0.21295885499997994,3.0476190476190474
591,19,54,8,1.7894736842105263,0.13802083333333331,0.4823763889427201,3.3684210526315788
592,18,48,11,1.75,0.20833333333333334,0.39999999999999997,3.2
593,17,43,14,1.7142857142857142,0.27083333333333337,0.21295885499997994,3.0476190476190474
594,17,50,10,1.6666666666666667,0.17989417989417988,0.3086066999241838,3.0
595,19,47,11,1.7894736842105263,0.21354166666666669,0.4823763889427201,3.3684210526315788
596,18,48,13,1.75,0.22135416666666666,0.39999999999999997,3.2
597,17,47,12,1.6666666666666667,0.2265625,0.21295885499997994,3.0476190476190474
598,18,46,14,1.75,0.2421875,0.39999999999999997,3.2
599,18,48,12,1.75,0.21614583333333334,0.39999999999999997,3.2
600,19,46,12,1.736842105263158,0.2265625,0.48237638894272,3.3684210526315788
601,18,48,12,1.75,0.21354166666666669,0.39999999999999997,3.2
602,18,49,11,1.75,0.20052083333333331,0.39999999999999997,3.2
603,17,43,11,1.6666666666666667,0.23544973544973546,0.3086066999241838,3.0
604,18,46,15,1.65,0.2513227513227513,0.47696960070847283,3.15
605,17,48,13,1.7142857142857142,0.22395833333333331,0.21295885499997994,3.0476190476190474
606,19,50,9,1.7894736842105263,0.17708333333333331,0.48237638894272,3.3684210526315788
607,18,51,8,1.75,0.15885416666666666,0.39999999999999997,3.2
608,18,50,12,1.7,0.203125,0.39999999999999997,3.2
609,18,53,10,1.7,0.1640625,0.39999999999999997,3.2
610,18,49,12,1.75,0.20572916666666666,0.39999999999999997,3.2
611,18,47,12,1.75,0.22395833333333331,0.39999999999999997,3.2
612,18,47,13,1.75,0.23177083333333334,0.39999999999999997,3.2
613,18,48,14,1.75,0.23177083333333331,0.39999999999999997,3.2
614,19,48,12,1.7894736842105263,0.21875,0.4823763889427201,3.3684210526315788
615,17,48,13,1.7142857142857142,0.22395833333333331,0.21295885499997994,3.0476190476190474
616,19,42,13,1.7894736842105263,0.26822916666666663,0.48237638894272,3.3684210526315788
617,19,47,14,1.7894736842105263,0.2421875,0.4823763889427201,3.3684210526315788
618,19,48,15,1.7894736842105263,0.2421875,0.4823763889427201,3.3684210526315788
619,20,49,12,1.8333333333333333,0.2109375,0.49690399499995325,3.5555555555555554
620,19,45,13,1.7894736842105263,0.2421875,0.48237638894272,3.3684210526315788
621,17,47,14,1.619047619047619,0.2421875,0.21295885499997994,3.0476190476190474
622,18,49,12,1.75,0.20833333333333331,0.39999999999999997,3.2
623,19,45,13,1.7894736842105263,0.24739583333333334,0.4823763889427201,3.3684210526315788
624,18,48,11,1.75,0.20833333333333334,0.39999999999999997,3.2
625,18,44,13,1.75,0.25260416666666663,0.39999999999999997,3.2
626,19,47,12,1.7894736842105263,0.22135416666666669,0.4823763889427201,3.3684210526315788
627,17,44,17,1.6666666666666667,0.28385416666666663,0.21295885499997994,3.0476190476190474
628,18,46,12,1.75,0.23177083333333334,0.39999999999999997,3.2
629,19,44,12,1.7894736842105263,0.23958333333333331,0.4823763889427201,3.3684210526315788
630,19,46,13,1.7894736842105263,0.23697916666666669,0.4823763889427201,3.3684210526315788
631,19,52,10,1.7894736842105263,0.16927083333333331,0.48237638894272,3.3684210526315788
632,18,45,13,1.75,0.24479166666666669,0.39999999999999997,3.2
633,19,45,14,1.7894736842105263,0.25,0.4823763889427201,3.3684210526315788
634,18,47,14,1.75,0.2421875,0.39999999999999997,3.2
635,18,49,10,1.75,0.1953125,0.39999999999999997,3.2
636,18,45,12,1.75,0.22916666666666669,0.39999999999999997,3.2
637,19,43,16,1.7894736842105263,0.28125,0.48237638894272,3.3684210526315788
638,19,45,15,1.736842105263158,0.25520833333333337,0.4823763889427201,3.3684210526315788
639,19,46,14,1.7894736842105263,0.24479166666666669,0.4823763889427201,3.3684210526315788
640,19,42,17,1.7894736842105263,0.3020833333333333,0.4823763889427201,3.3684210526315788
641,19,50,11,1.7894736842105263,0.19270833333333331,0.4823763889427201,3.3684210526315788
642,18,53,9,1.75,0.15364583333333331,0.39999999999999997,3.2
643,17,48,11,1.7142857142857142,0.20572916666666666,0.21295885499997994,3.0476190476190474
644,18,46,12,1.75,0.22916666666666666,0.39999999999999997,3.2
645,18,48,12,1.75,0.21354166666666666,0.39999999999999997,3.2
646,19,50,9,1.7894736842105263,0.17708333333333331,0.4823763889427201,3.3684210526315788
647,17,44,15,1.7142857142857142,0.2708333333333333,0.21295885499997994,3.0476190476190474
648,19,45,16,1.7894736842105263,0.27083333333333337,0.4823763889427201,3.3684210526315788
649,18,45,14,1.75,0.25260416666666663,0.39999999999999997,3.2
650,17,50,12,1.7142857142857142,0.20052083333333334,0.21295885499997994,3.0476190476190474
651,19,48,14,1.7894736842105263,0.234375,0.4823763889427201,3.3684210526315788
652,18,44,11,1.75,0.23697916666666669,0.39999999999999997,3.2
653,19,46,11,1.7894736842105263,0.21614583333333331,0.4823763889427201,3.3684210526315788
654,18,45,16,1.75,0.26822916666666663,0.39999999999999997,3.2
655,18,43,16,1.7,0.28042328042328046,0.47696960070847283,3.15
656,17,44,13,1.7142857142857142,0.2552083333333333,0.21295885499997994,3.0476190476190474
657,18,44,14,1.75,0.2578125,0.39999999999999997,3.2
658,19,50,12,1.7894736842105263,0.20052083333333334,0.48237638894272,3.3684210526315788
659,18,46,13,1.75,0.23697916666666666,0.39999999999999997,3.2
660,18,52,6,1.75,0.13541666666666666,0.39999999999999997,3.2
661,19,46,13,1.7894736842105263,0.23697916666666669,0.4823763889427201,3.3684210526315788
662,19,48,13,1.7894736842105263,0.22395833333333331,0.4823763889427201,3.3684210526315788
663,19,41,16,1.7894736842105263,0.3020833333333333,0.48237638894272,3.3684210526315788
664,19,46,11,1.7894736842105263,0.21875,0.4823763889427201,3.3684210526315788
665,17,43,14,1.619047619047619,0.26455026455026454,0.3086066999241838,3.0
666,18,51,11,1.75,0.18489583333333331,0.39999999999999997,3.2
667,19,49,10,1.7894736842105263,0.19010416666666669,0.4823763889427201,3.3684210526315788
668,20,47,12,1.8333333333333333,0.22135416666666669,0.49690399499995325,3.5555555555555554
669,19,48,9,1.736842105263158,0.1798941798941799,0.5668594533825794,3.3157894736842106
670,19,46,13,1.7894736842105263,0.23697916666666666,0.4823763889427201,3.3684210526315788
671,20,50,12,1.8333333333333333,0.203125,0.49690399499995325,3.5555555555555554
672,17,45,15,1.7142857142857142,0.2630208333333333,0.21295885499997994,3.0476190476190474
673,18,44,14,1.75,0.2578125,0.39999999999999997,3.2
674,18,47,15,1.75,0.25,0.39999999999999997,3.2
675,18,49,14,1.75,0.2265625,0.39999999999999997,3.2
676,18,49,10,1.75,0.1953125,0.39999999999999997,3.2
677,19,41,16,1.7894736842105263,0.29947916666666663,0.4823763889427201,3.3684210526315788
678,18,45,15,1.75,0.2630208333333333,0.39999999999999997,3.2
679,19,41,17,1.7894736842105263,0.30729166666666663,0.4823763889427201,3.3684210526315788
680,18,45,12,1.7,0.23697916666666669,0.39999999999999997,3.2
681,18,50,12,1.75,0.203125,0.39999999999999997,3.2
682,17,46,12,1.7142857142857142,0.22916666666666663,0.21295885499997994,3.0476190476190474
683,19,47,13,1.7894736842105263,0.23177083333333331,0.4823763889427201,3.3684210526315788
684,18,44,13,1.75,0.24999999999999997,0.39999999999999997,3.2
685,19,44,14,1.736842105263158,0.2566137566137566,0.5668594533825794,3.3157894736842106
686,18,42,16,1.75,0.2916666666666667,0.39999999999999997,3.2
687,18,49,11,1.75,0.20052083333333331,0.39999999999999997,3.2
688,20,48,10,1.8333333333333333,0.20052083333333331,0.49690399499995325,3.5555555555555554
689,17,47,15,1.7142857142857142,0.24739583333333331,0.21295885499997994,3.0476190476190474
690,18,44,13,1.75,0.24739583333333337,0.39999999999999997,3.2
691,19,45,13,1.7894736842105263,0.25,0.4823763889427201,3.3684210526315788
692,18,48,12,1.75,0.21354166666666669,0.39999999999999997,3.2
693,19,48,12,1.7894736842105263,0.21614583333333331,0.4823763889427201,3.3684210526315788
694,18,45,13,1.75,0.24479166666666669,0.39999999999999997,3.2
695,18,46,13,1.75,0.23697916666666669,0.39999999999999997,3.2
696,18,47,13,1.75,0.234375,0.39999999999999997,3.2
697,18,45,13,1.75,0.24739583333333331,0.39999999999999997,3.2
698,18,41,13,1.75,0.27083333333333337,0.39999999999999997,3.2
699,17,45,14,1.6666666666666667,0.2526041666666667,0.21295885499997994,3.0476190476190474
700,19,46,14,1.7894736842105263,0.24739583333333334,0.4823763889427201,3.3684210526315788
701,17,48,13,1.7142857142857142,0.2265625,0.21295885499997994,3.0476190476190474
702,18,44,16,1.75,0.2760416666666667,0.39999999999999997,3.2
703,19,46,13,1.7894736842105263,0.23697916666666666,0.4823763889427201,3.3684210526315788
704,18,43,15,1.75,0.2760416666666667,0.39999999999999997,3.2
705,19,45,16,1.7894736842105263,0.2734375,0.48237638894272,3.3684210526315788
706,19,42,17,1.736842105263158,0.2962962962962963,0.5668594533825794,3.3157894736842106
707,18,43,15,1.7,0.2777777777777778,0.47696960070847283,3.15
708,18,50,10,1.75,0.18229166666666666,0.39999999999999997,3.2
709,19,45,14,1.736842105263158,0.2552083333333333,0.4823763889427201,3.3684210526315788
710,18,47,14,1.75,0.23958333333333331,0.39999999999999997,3.2
711,18,45,14,1.75,0.2526041666666667,0.39999999999999997,3.2
712,17,44,14,1.7142857142857142,0.25520833333333337,0.21295885499997994,3.0476190476190474
713,18,45,12,1.75,0.23958333333333331,0.39999999999999997,3.2
714,19,43,15,1.7894736842105263,0.2786458333333333,0.4823763889427201,3.3684210526315788
715,17,44,13,1.6666666666666667,0.25132275132275134,0.3086066999241838,3.0
716,19,39,18,1.7894736842105263,0.328125,0.48237638894272,3.3684210526315788
717,17,47,14,1.7142857142857142,0.23958333333333331,0.21295885499997994,3.0476190476190474
718,18,46,12,1.75,0.23177083333333331,0.39999999999999997,3.2
719,19,42,16,1.7894736842105263,0.28645833333333337,0.4823763889427201,3.3684210526315788
720,17,45,15,1.6666666666666667,0.2619047619047619,0.3086066999241838,3.0
721,19,51,11,1.7894736842105263,0.18489583333333331,0.4823763889427201,3.3684210526315788
722,17,47,15,1.7142857142857142,0.25,0.21295885499997994,3.0476190476190474
723,18,42,16,1.75,0.29427083333333337,0.39999999999999997,3.2
724,18,43,16,1.75,0.2864583333333333,0.39999999999999997,3.2
725,19,47,12,1.7894736842105263,0.22395833333333334,0.48237638894272,3.3684210526315788
726,19,45,13,1.7894736842105263,0.24739583333333334,0.4823763889427201,3.3684210526315788
727,18,45,14,1.7,0.2513227513227513,0.47696960070847283,3.15
728,18,42,16,1.75,0.2890625,0.39999999999999997,3.2
729,18,49,9,1.75,0.18489583333333331,0.39999999999999997,3.2
730,18,47,15,1.75,0.25,0.39999999999999997,3.2
731,20,51,9,1.8333333333333333,0.171875,0.49690399499995325,3.5555555555555554
732,19,47,15,1.7894736842105263,0.25,0.4823763889427201,3.3684210526315788
733,19,45,15,1.7894736842105263,0.26302083333333337,0.4823763889427201,3.3684210526315788
734,18,47,14,1.75,0.23958333333333334,0.39999999999999997,3.2
735,17,44,15,1.6666666666666667,0.27083333333333337,0.21295885499997994,3.0476190476190474
736,19,42,16,1.7894736842105263,0.2890625,0.4823763889427201,3.3684210526315788
737,18,44,13,1.75,0.25260416666666663,0.39999999999999997,3.2
738,19,41,17,1.7894736842105263,0.30729166666666663,0.4823763889427201,3.3684210526315788
739,18,45,15,1.75,0.2630208333333333,0.39999999999999997,3.2
740,18,45,15,1.75,0.26302083333333337,0.39999999999999997,3.2
741,19,44,13,1.7894736842105263,0.2526041666666667,0.4823763889427201,3.3684210526315788
742,19,45,15,1.7894736842105263,0.2630208333333333,0.48237638894272,3.3684210526315788
743,19,41,17,1.7894736842105263,0.3046875,0.4823763889427201,3.3684210526315788
744,18,43,15,1.7,0.2786458333333333,0.39999999999999997,3.2
745,17,37,18,1.7142857142857142,0.3359375,0.21295885499997994,3.0476190476190474
746,19,45,13,1.7894736842105263,0.24739583333333331,0.4823763889427201,3.3684210526315788
747,18,48,13,1.75,0.22395833333333334,0.39999999999999997,3.2
748,18,50,11,1.75,0.19270833333333331,0.39999999999999997,3.2
749,17,42,17,1.7142857142857142,0.29947916666666663,0.21295885499997994,3.0476190476190474
750,18,47,14,1.75,0.2421875,0.39999999999999997,3.2
751,18,45,14,1.75,0.25260416666666663,0.39999999999999997,3.2
752,18,44,15,1.75,0.27083333333333337,0.39999999999999997,3.2
753,18,41,16,1.75,0.2994791666666667,0.39999999999999997,3.2
754,19,45,16,1.7894736842105263,0.2708333333333333,0.4823763889427201,3.3684210526315788
755,19,42,16,1.7894736842105263,0.28645833333333337,0.4823763889427201,3.3684210526315788
756,19,42,16,1.7894736842105263,0.2916666666666667,0.4823763889427201,3.3684210526315788
757,18,44,13,1.75,0.25260416666666663,0.39999999999999997,3.2
758,19,44,14,1.7894736842105263,0.25520833333333337,0.4823763889427201,3.3684210526315788
759,19,44,14,1.7894736842105263,0.26302083333333337,0.4823763889427201,3.3684210526315788
760,18,42,18,1.7,0.30729166666666663,0.39999999999999997,3.2
761,19,47,14,1.7894736842105263,0.23958333333333331,0.48237638894272,3.3684210526315788
762,17,47,14,1.7142857142857142,0.2421875,0.21295885499997994,3.0476190476190474
763,18,41,18,1.7,0.3121693121693122,0.47696960070847283,3.15
764,19,43,16,1.7894736842105263,0.28125,0.4823763889427201,3.3684210526315788
765,19,49,12,1.7894736842105263,0.20833333333333331,0.48237638894272,3.3684210526315788
766,18,42,15,1.75,0.28125,0.39999999999999997,3.2
767,18,40,17,1.75,0.31510416666666663,0.39999999999999997,3.2
768,19,44,15,1.7894736842105263,0.26822916666666663,0.4823763889427201,3.3684210526315788
769,19,44,15,1.7894736842105263,0.265625,0.4823763889427201,3.3684210526315788
770,18,44,15,1.75,0.265625,0.39999999999999997,3.2
771,19,44,17,1.7894736842105263,0.2890625,0.48237638894272,3.3684210526315788
772,18,45,13,1.75,0.24218749999999997,0.39999999999999997,3.2
773,18,43,15,1.75,0.28125,0.39999999999999997,3.2
774,17,41,18,1.7142857142857142,0.31510416666666663,0.21295885499997994,3.0476190476190474
775,17,45,15,1.7142857142857142,0.26041666666666663,0.21295885499997994,3.0476190476190474
776,18,45,14,1.75,0.2552083333333333,0.39999999999999997,3.2
777,18,42,14,1.75,0.2734375,0.39999999999999997,3.2
778,18,46,14,1.75,0.24479166666666666,0.39999999999999997,3.2
779,18,48,13,1.75,0.22395833333333331,0.39999999999999997,3.2
780,18,47,13,1.7,0.22751322751322753,0.47696960070847283,3.15
781,18,44,14,1.75,0.2578125,0.39999999999999997,3.2
782,17,46,13,1.7142857142857142,0.23958333333333331,0.21295885499997994,3.0476190476190474
783,18,43,15,1.75,0.2786458333333333,0.39999999999999997,3.2
784,17,46,13,1.7142857142857142,0.23697916666666669,0.21295885499997994,3.0476190476190474
785,18,44,15,1.75,0.27083333333333337,0.39999999999999997,3.2
786,18,43,16,1.75,0.2890625,0.39999999999999997,3.2
787,18,43,16,1.75,0.28125,0.39999999999999997,3.2
788,19,44,16,1.7894736842105263,0.28125,0.4823763889427201,3.3684210526315788
789,19,45,13,1.7894736842105263,0.24479166666666669,0.4823763889427201,3.3684210526315788
790,19,46,13,1.7894736842105263,0.23697916666666669,0.4823763889427201,3.3684210526315788
791,19,42,12,1.7894736842105263,0.26041666666666663,0.4823763889427201,3.3684210526315788
792,19,45,14,1.736842105263158,0.25132275132275134,0.5668594533825794,3.3157894736842106
793,18,48,12,1.75,0.21875,0.39999999999999997,3.2
794,19,40,16,1.7894736842105263,0.30729166666666663,0.48237638894272,3.3684210526315788
795,18,40,15,1.75,0.30208333333333337,0.39999999999999997,3.2
796,18,44,13,1.75,0.24739583333333331,0.39999999999999997,3.2
797,19,44,15,1.7894736842105263,0.265625,0.4823763889427201,3.3684210526315788
798,19,41,16,1.7894736842105263,0.296875,0.4823763889427201,3.3684210526315788
799,18,46,13,1.75,0.23697916666666666,0.39999999999999997,3.2
800,19,44,14,1.7894736842105263,0.2578125,0.4823763889427201,3.3684210526315788
801,19,45,14,1.7894736842105263,0.25260416666666663,0.48237638894272,3.3684210526315788
802,19,44,16,1.7894736842105263,0.2786458333333333,0.4823763889427201,3.3684210526315788
803,18,47,14,1.75,0.23958333333333331,0.39999999999999997,3.2
804,19,40,15,1.736842105263158,0.2942708333333333,0.48237638894272,3.3684210526315788
805,18,44,12,1.75,0.2421875,0.39999999999999997,3.2
806,20,46,14,1.8333333333333333,0.25,0.49690399499995325,3.5555555555555554
807,18,43,13,1.75,0.2604166666666667,0.39999999999999997,3.2
808,19,46,14,1.736842105263158,0.24739583333333331,0.4823763889427201,3.3684210526315788
809,18,46,13,1.75,0.23958333333333334,0.39999999999999997,3.2
810,19,43,17,1.7894736842105263,0.296875,0.48237638894272,3.3684210526315788
811,19,44,13,1.7894736842105263,0.25,0.4823763889427201,3.3684210526315788
812,18,43,16,1.75,0.2890625,0.39999999999999997,3.2
813,19,45,14,1.7894736842105263,0.2552083333333333,0.48237638894272,3.3684210526315788
814,18,44,16,1.75,0.27864583333333337,0.39999999999999997,3.2
815,19,43,14,1.7894736842105263,0.26302083333333337,0.4823763889427201,3.3684210526315788
816,19,43,15,1.7894736842105263,0.2786458333333333,0.4823763889427201,3.3684210526315788
817,17,43,14,1.7142857142857142,0.26041666666666663,0.21295885499997994,3.0476190476190474
818,19,41,17,1.7894736842105263,0.3046875,0.4823763889427201,3.3684210526315788
819,18,43,15,1.75,0.2786458333333333,0.39999999999999997,3.2
820,18,43,16,1.75,0.2838541666666667,0.39999999999999997,3.2
821,18,41,16,1.75,0.29166666666666663,0.39999999999999997,3.2
822,19,46,14,1.7894736842105263,0.24739583333333331,0.4823763889427201,3.3684210526315788
823,17,43,16,1.7142857142857142,0.28385416666666663,0.21295885499997994,3.0476190476190474
824,18,41,19,1.75,0.32291666666666663,0.39999999999999997,3.2
825,18,42,16,1.75,0.2942708333333333,0.39999999999999997,3.2
826,18,42,15,1.75,0.28385416666666663,0.39999999999999997,3.2
827,18,42,16,1.75,0.2864583333333333,0.39999999999999997,3.2
828,18,43,16,1.75,0.28385416666666663,0.39999999999999997,3.2
829,17,40,18,1.6666666666666667,0.3227513227513228,0.3086066999241838,3.0
830,18,44,17,1.75,0.2890625,0.39999999999999997,3.2
831,18,40,16,1.75,0.3046875,0.39999999999999997,3.2
832,19,47,14,1.7894736842105263,0.2421875,0.4823763889427201,3.3684210526315788
833,19,42,15,1.7894736842105263,0.2838541666666667,0.48237638894272,3.3684210526315788
834,18,42,15,1.75,0.28645833333333337,0.39999999999999997,3.2
835,19,46,15,1.7894736842105263,0.2578125,0.48237638894272,3.3684210526315788
836,17,42,15,1.7142857142857142,0.2864583333333333,0.21295885499997994,3.0476190476190474
837,19,45,16,1.7894736842105263,0.2708333333333333,0.4823763889427201,3.3684210526315788
838,18,43,14,1.75,0.27083333333333337,0.39999999999999997,3.2
839,18,43,15,1.75,0.27083333333333337,0.39999999999999997,3.2
840,19,41,16,1.7894736842105263,0.29947916666666663,0.4823763889427201,3.3684210526315788
841,18,43,15,1.75,0.2760416666666667,0.39999999999999997,3.2
842,19,42,17,1.7894736842105263,0.29947916666666663,0.4823763889427201,3.3684210526315788
843,18,46,15,1.75,0.2526041666666667,0.39999999999999997,3.2
844,18,45,12,1.75,0.23437499999999997,0.39999999999999997,3.2
845,18,45,15,1.75,0.2630208333333333,0.39999999999999997,3.2
846,18,44,15,1.75,0.2708333333333333,0.39999999999999997,3.2
847,18,40,12,1.75,0.2682291666666667,0.39999999999999997,3.2
848,19,46,13,1.7894736842105263,0.2421875,0.4823763889427201,3.3684210526315788
849,19,40,17,1.736842105263158,0.30952380952380953,0.5668594533825794,3.3157894736842106
850,19,47,14,1.7894736842105263,0.23958333333333331,0.4823763889427201,3.3684210526315788
851,18,46,13,1.75,0.23958333333333331,0.39999999999999997,3.2
852,18,45,15,1.75,0.26302083333333337,0.39999999999999997,3.2
853,17,42,16,1.7142857142857142,0.2916666666666667,0.21295885499997994,3.0476190476190474
854,19,44,17,1.7894736842105263,0.2890625,0.4823763889427201,3.3684210526315788
855,18,41,18,1.75,0.31770833333333337,0.39999999999999997,3.2
856,18,47,15,1.75,0.25,0.39999999999999997,3.2
857,18,41,14,1.75,0.27864583333333337,0.39999999999999997,3.2
858,18,44,15,1.75,0.27083333333333337,0.39999999999999997,3.2
859,18,47,15,1.75,0.25,0.39999999999999997,3.2
860,19,40,16,1.7894736842105263,0.30989583333333337,0.4823763889427201,3.3684210526315788
861,19,47,12,1.7894736842105263,0.2265625,0.4823763889427201,3.3684210526315788
862,18,38,19,1.7,0.34375,0.39999999999999997,3.2
863,19,39,17,1.7894736842105263,0.3203125,0.4823763889427201,3.3684210526315788
864,18,46,15,1.75,0.2552083333333333,0.39999999999999997,3.2
865,18,42,14,1.75,0.2734375,0.39999999999999997,3.2
866,18,43,16,1.75,0.28645833333333337,0.39999999999999997,3.2
867,20,44,15,1.8333333333333333,0.2682291666666667,0.49690399499995325,3.5555555555555554
868,18,45,16,1.75,0.2708333333333333,0.39999999999999997,3.2
869,18,41,15,1.7,0.29100529100529104,0.47696960070847283,3.15
870,17,46,13,1.7142857142857142,0.2421875,0.21295885499997994,3.0476190476190474
871,18,43,15,1.75,0.2786458333333333,0.39999999999999997,3.2
872,19,43,16,1.736842105263158,0.2838541666666667,0.4823763889427201,3.3684210526315788
873,19,43,15,1.7894736842105263,0.2734375,0.4823763889427201,3.3684210526315788
874,17,40,16,1.7142857142857142,0.3072916666666667,0.21295885499997994,3.0476190476190474
875,18,42,17,1.75,0.3020833333333333,0.39999999999999997,3.2
876,18,41,16,1.75,0.2994791666666667,0.39999999999999997,3.2
877,17,44,15,1.7142857142857142,0.27083333333333337,0.21295885499997994,3.0476190476190474
878,19,37,19,1.7894736842105263,0.35677083333333337,0.4823763889427201,3.3684210526315788
879,18,42,15,1.75,0.28125,0.39999999999999997,3.2
880,18,42,16,1.75,0.2916666666666667,0.39999999999999997,3.2
881,19,43,16,1.7894736842105263,0.2890625,0.4823763889427201,3.3684210526315788
882,19,40,17,1.7894736842105263,0.3177083333333333,0.48237638894272,3.3684210526315788
883,19,42,15,1.7894736842105263,0.27864583333333337,0.4823763889427201,3.3684210526315788
884,19,41,14,1.7894736842105263,0.28645833333333337,0.4823763889427201,3.3684210526315788
885,18,43,16,1.75,0.28645833333333337,0.39999999999999997,3.2
886,18,44,15,1.75,0.26822916666666663,0.39999999999999997,3.2
887,19,45,16,1.7894736842105263,0.2708333333333333,0.4823763889427201,3.3684210526315788
888,18,44,14,1.75,0.2578125,0.39999999999999997,3.2
889,18,43,17,1.75,0.296875,0.39999999999999997,3.2
890,19,44,10,1.7894736842105263,0.22395833333333331,0.4823763889427201,3.3684210526315788
891,19,39,17,1.7894736842105263,0.3229166666666667,0.4823763889427201,3.3684210526315788
892,18,42,15,1.75,0.28125,0.39999999999999997,3.2
893,17,42,16,1.7142857142857142,0.29166666666666663,0.21295885499997994,3.0476190476190474
894,19,43,14,1.7894736842105263,0.2734375,0.4823763889427201,3.3684210526315788
895,19,44,14,1.7894736842105263,0.2604166666666667,0.4823763889427201,3.3684210526315788
896,17,44,16,1.7142857142857142,0.27864583333333337,0.21295885499997994,3.0476190476190474
897,17,44,16,1.7142857142857142,0.27864583333333337,0.21295885499997994,3.0476190476190474
898,18,43,16,1.75,0.28125,0.39999999999999997,3.2
899,18,41,15,1.65,0.291005291005291,0.47696960070847283,3.15
900,19,42,16,1.7894736842105263,0.29427083333333337,0.4823763889427201,3.3684210526315788
901,19,40,16,1.7894736842105263,0.3046875,0.4823763889427201,3.3684210526315788
902,18,40,16,1.75,0.30208333333333337,0.39999999999999997,3.2
903,18,42,14,1.75,0.2734375,0.39999999999999997,3.2
904,18,40,18,1.75,0.3229166666666667,0.39999999999999997,3.2
905,20,46,14,1.8333333333333333,0.25,0.49690399499995325,3.5555555555555554
906,18,46,15,1.75,0.2552083333333333,0.39999999999999997,3.2
907,18,42,16,1.75,0.2890625,0.39999999999999997,3.2
908,19,35,21,1.7894736842105263,0.3776041666666667,0.4823763889427201,3.3684210526315788
909,18,37,18,1.75,0.3463541666666667,0.39999999999999997,3.2
910,17,43,15,1.7142857142857142,0.27604166666666663,0.21295885499997994,3.0476190476190474
911,19,40,17,1.7894736842105263,0.3151041666666667,0.48237638894272,3.3684210526315788
912,17,38,18,1.6666666666666667,0.33862433862433866,0.3086066999241838,3.0
913,19,40,16,1.7894736842105263,0.3072916666666667,0.48237638894272,3.3684210526315788
914,18,42,16,1.75,0.28645833333333337,0.39999999999999997,3.2
915,18,36,17,1.7,0.34375,0.39999999999999997,3.2
916,17,44,16,1.7142857142857142,0.2760416666666667,0.21295885499997994,3.0476190476190474
917,18,44,15,1.75,0.27083333333333337,0.39999999999999997,3.2
918,18,44,13,1.75,0.25,0.39999999999999997,3.2
919,19,40,17,1.7894736842105263,0.3125,0.4823763889427201,3.3684210526315788
920,18,42,17,1.75,0.3020833333333333,0.39999999999999997,3.2
921,20,45,14,1.8333333333333333,0.2526041666666667,0.49690399499995325,3.5555555555555554
922,18,45,14,1.75,0.2578125,0.39999999999999997,3.2
923,17,39,16,1.7142857142857142,0.3125,0.21295885499997994,3.0476190476190474
924,18,44,14,1.75,0.26302083333333337,0.39999999999999997,3.2
925,19,40,18,1.7894736842105263,0.328125,0.48237638894272,3.3684210526315788
926,18,41,17,1.75,0.30729166666666663,0.39999999999999997,3.2
927,18,39,16,1.75,0.3125,0.39999999999999997,3.2
928,19,46,15,1.7894736842105263,0.2552083333333333,0.4823763889427201,3.3684210526315788
929,18,46,15,1.75,0.2578125,0.39999999999999997,3.2
930,18,43,15,1.75,0.2760416666666667,0.39999999999999997,3.2
931,19,39,15,1.736842105263158,0.30158730158730157,0.5668594533825794,3.3157894736842106
932,18,43,16,1.75,0.28645833333333337,0.39999999999999997,3.2
933,19,41,15,1.7894736842105263,0.2890625,0.4823763889427201,3.3684210526315788
934,18,44,14,1.75,0.2578125,0.39999999999999997,3.2
935,18,41,17,1.75,0.3046875,0.39999999999999997,3.2
936,19,40,18,1.7894736842105263,0.3229166666666667,0.48237638894272,3.3684210526315788
937,19,45,14,1.7894736842105263,0.2526041666666667,0.48237638894272,3.3684210526315788
938,18,43,16,1.75,0.27864583333333337,0.39999999999999997,3.2
939,19,44,16,1.7894736842105263,0.2760416666666667,0.4823763889427201,3.3684210526315788
940,18,41,17,1.75,0.30729166666666663,0.39999999999999997,3.2
941,20,43,17,1.8333333333333333,0.29166666666666663,0.49690399499995325,3.5555555555555554
942,18,44,16,1.75,0.2786458333333333,0.39999999999999997,3.2
943,18,40,17,1.75,0.3125,0.39999999999999997,3.2
944,19,41,16,1.7894736842105263,0.296875,0.4823763889427201,3.3684210526315788
945,19,44,15,1.7894736842105263,0.27083333333333337,0.4823763889427201,3.3684210526315788
946,19,43,18,1.7894736842105263,0.3020833333333333,0.4823763889427201,3.3684210526315788
947,18,41,15,1.75,0.29166666666666663,0.39999999999999997,3.2
948,19,42,17,1.7894736842105263,0.29427083333333337,0.48237638894272,3.3684210526315788
949,17,42,16,1.7142857142857142,0.29427083333333337,0.21295885499997994,3.0476190476190474
950,18,46,13,1.75,0.23697916666666666,0.39999999999999997,3.2
951,19,45,14,1.7894736842105263,0.25520833333333337,0.4823763889427201,3.3684210526315788
952,18,42,16,1.75,0.29427083333333337,0.39999999999999997,3.2
953,18,37,19,1.75,0.3515625,0.39999999999999997,3.2
954,19,42,15,1.7894736842105263,0.28125,0.48237638894272,3.3684210526315788
955,18,43,16,1.75,0.2864583333333333,0.39999999999999997,3.2
956,18,38,17,1.75,0.328125,0.39999999999999997,3.2
957,18,41,17,1.75,0.3098958333333333,0.39999999999999997,3.2
958,17,41,18,1.6666666666666667,0.31746031746031744,0.3086066999241838,3.0
959,18,40,18,1.75,0.32552083333333337,0.39999999999999997,3.2
960,19,42,16,1.7894736842105263,0.29166666666666663,0.48237638894272,3.3684210526315788
961,18,41,18,1.75,0.3203125,0.39999999999999997,3.2
962,19,41,17,1.7894736842105263,0.30729166666666663,0.4823763889427201,3.3684210526315788
963,18,43,16,1.75,0.2864583333333333,0.39999999999999997,3.2
964,18,41,16,1.75,0.3020833333333333,0.39999999999999997,3.2
965,19,40,15,1.7894736842105263,0.296875,0.4823763889427201,3.3684210526315788
966,18,40,15,1.75,0.2994791666666667,0.39999999999999997,3.2
967,17,39,17,1.7142857142857142,0.31770833333333337,0.21295885499997994,3.0476190476190474
968,19,36,15,1.7894736842105263,0.328125,0.4823763889427201,3.3684210526315788
969,19,40,18,1.736842105263158,0.32275132275132273,0.5668594533825794,3.3157894736842106
970,19,42,17,1.7894736842105263,0.3020833333333333,0.4823763889427201,3.3684210526315788
971,18,44,17,1.75,0.2890625,0.39999999999999997,3.2
972,18,46,14,1.75,0.25,0.39999999999999997,3.2
973,18,41,16,1.75,0.296875,0.39999999999999997,3.2
974,18,43,15,1.75,0.2786458333333333,0.39999999999999997,3.2
975,18,38,17,1.75,0.3255208333333333,0.39999999999999997,3.2
976,18,42,16,1.75,0.29166666666666663,0.39999999999999997,3.2
977,19,45,15,1.7894736842105263,0.265625,0.4823763889427201,3.3684210526315788
978,19,43,17,1.7894736842105263,0.296875,0.4823763889427201,3.3684210526315788
979,19,39,18,1.7894736842105263,0.3333333333333333,0.4823763889427201,3.3684210526315788
980,18,43,18,1.75,0.3020833333333333,0.39999999999999997,3.2
981,18,39,18,1.75,0.328125,0.39999999999999997,3.2
982,17,43,16,1.7142857142857142,0.28645833333333337,0.21295885499997994,3.0476190476190474
983,19,43,15,1.7894736842105263,0.2786458333333333,0.4823763889427201,3.3684210526315788
984,18,39,16,1.75,0.30989583333333337,0.39999999999999997,3.2
985,17,38,19,1.7142857142857142,0.3463541666666667,0.21295885499997994,3.0476190476190474
986,19,44,16,1.7894736842105263,0.27604166666666663,0.4823763889427201,3.3684210526315788
987,18,41,17,1.75,0.30989583333333337,0.39999999999999997,3.2
988,18,40,18,1.7,0.3201058201058201,0.47696960070847283,3.15
989,19,42,15,1.7894736842105263,0.28125,0.4823763889427201,3.3684210526315788
990,18,42,17,1.75,0.3020833333333333,0.39999999999999997,3.2
991,18,39,17,1.75,0.32291666666666663,0.39999999999999997,3.2
992,19,44,16,1.7894736842105263,0.28125,0.4823763889427201,3.3684210526315788
993,18,40,17,1.75,0.31770833333333337,0.39999999999999997,3.2
994,18,41,15,1.75,0.2916666666666667,0.39999999999999997,3.2
995,18,40,17,1.75,0.3125,0.39999999999999997,3.2
996,18,40,16,1.7,0.30729166666666663,0.39999999999999997,3.2
997,18,44,16,1.75,0.28125,0.39999999999999997,3.2
998,18,40,19,1.75,0.33333333333333337,0.39999999999999997,3.2
999,18,41,16,1.75,0.2994791666666667,0.39999999999999997,3.2
1000,18,44,16,1.75,0.2786458333333333,0.39999999999999997,3.2
1001,17,41,17,1.7142857142857142,0.30989583333333337,0.21295885499997994,3.0476190476190474
1002,18,39,16,1.75,0.3125,0.39999999999999997,3.2
1003,17,39,17,1.7142857142857142,0.32552083333333337,0.21295885499997994,3.0476190476190474
1004,18,42,16,1.75,0.29427083333333337,0.39999999999999997,3.2
1005,18,40,18,1.75,0.3203125,0.39999999999999997,3.2
1006,18,41,16,1.75,0.2994791666666667,0.39999999999999997,3.2
1007,17,42,17,1.7142857142857142,0.29947916666666663,0.21295885499997994,3.0476190476190474
1008,17,42,17,1.7142857142857142,0.3020833333333333,0.21295885499997994,3.0476190476190474
1009,18,43,14,1.75,0.2682291666666667,0.39999999999999997,3.2
1010,19,47,14,1.7894736842105263,0.23958333333333331,0.4823763889427201,3.3684210526315788
1011,18,41,17,1.75,0.30989583333333337,0.39999999999999997,3.2
1012,18,42,17,1.75,0.30208333333333337,0.39999999999999997,3.2
1013,18,45,14,1.75,0.25520833333333337,0.39999999999999997,3.2
1014,17,42,17,1.7142857142857142,0.3046875,0.21295885499997994,3.0476190476190474
1015,19,40,16,1.7894736842105263,0.30989583333333337,0.4823763889427201,3.3684210526315788
1016,19,46,15,1.7894736842105263,0.25260416666666663,0.4823763889427201,3.3684210526315788
1017,17,41,17,1.7142857142857142,0.3046875,0.21295885499997994,3.0476190476190474
1018,18,41,16,1.75,0.30208333333333337,0.39999999999999997,3.2
1019,17,43,15,1.7142857142857142,0.27864583333333337,0.21295885499997994,3.0476190476190474
1020,17,45,15,1.7142857142857142,0.265625,0.21295885499997994,3.0476190476190474
1021,17,39,18,1.6666666666666667,0.3280423280423281,0.3086066999241838,3.0
1022,19,40,17,1.7894736842105263,0.3177083333333333,0.4823763889427201,3.3684210526315788
1023,18,38,16,1.75,0.3203125,0.39999999999999997,3.2
1024,18,40,18,1.75,0.32552083333333337,0.39999999999999997,3.2
1025,17,43,17,1.7142857142857142,0.2942708333333333,0.21295885499997994,3.0476190476190474
1026,19,40,18,1.7894736842105263,0.32291666666666663,0.48237638894272,3.3684210526315788
1027,19,45,14,1.7894736842105263,0.2578125,0.4823763889427201,3.3684210526315788
1028,19,42,17,1.7894736842105263,0.30208333333333337,0.48237638894272,3.3684210526315788
1029,18,40,17,1.75,0.31770833333333337,0.39999999999999997,3.2
1030,18,40,16,1.75,0.3098958333333333,0.39999999999999997,3.2
1031,19,43,16,1.7894736842105263,0.28645833333333337,0.4823763889427201,3.3684210526315788
1032,18,40,16,1.75,0.3020833333333333,0.39999999999999997,3.2
1033,18,44,15,1.75,0.26822916666666663,0.39999999999999997,3.2
1034,19,43,17,1.7894736842105263,0.296875,0.4823763889427201,3.3684210526315788
1035,18,39,16,1.7,0.3121693121693122,0.47696960070847283,3.15
1036,17,43,17,1.7142857142857142,0.296875,0.21295885499997994,3.0476190476190474
1037,18,42,16,1.75,0.2916666666666667,0.39999999999999997,3.2
1038,18,43,14,1.7,0.26455026455026454,0.47696960070847283,3.15
1039,18,42,17,1.75,0.296875,0.39999999999999997,3.2
1040,19,40,16,1.7894736842105263,0.30729166666666663,0.4823763889427201,3.3684210526315788
1041,18,41,18,1.75,0.31510416666666663,0.39999999999999997,3.2
1042,19,44,15,1.7894736842105263,0.265625,0.4823763889427201,3.3684210526315788
1043,17,44,16,1.7142857142857142,0.28125,0.21295885499997994,3.0476190476190474
1044,18,41,15,1.7,0.2916666666666667,0.39999999999999997,3.2
1045,17,41,18,1.7142857142857142,0.3151041666666667,0.21295885499997994,3.0476190476190474
1046,19,41,16,1.7894736842105263,0.30208333333333337,0.4823763889427201,3.3684210526315788
1047,18,43,15,1.7,0.2724867724867725,0.47696960070847283,3.15
1048,19,41,18,1.7894736842105263,0.3125,0.4823763889427201,3.3684210526315788
1049,18,43,13,1.75,0.2578125,0.39999999999999997,3.2
1050,20,43,13,1.8333333333333333,0.2526041666666667,0.49690399499995325,3.5555555555555554
1051,18,42,15,1.75,0.28645833333333337,0.39999999999999997,3.2
1052,19,42,17,1.7894736842105263,0.3020833333333333,0.4823763889427201,3.3684210526315788
1053,18,41,18,1.75,0.3151041666666667,0.39999999999999997,3.2
1054,19,42,17,1.7894736842105263,0.29947916666666663,0.4823763889427201,3.3684210526315788
1055,17,40,16,1.6666666666666667,0.30423280423280424,0.3086066999241838,3.0
1056,19,40,17,1.7894736842105263,0.3125,0.4823763889427201,3.3684210526315788
1057,17,43,14,1.7142857142857142,0.2682291666666667,0.21295885499997994,3.0476190476190474
1058,18,42,17,1.75,0.3046875,0.39999999999999997,3.2
1059,20,43,16,1.8333333333333333,0.2890625,0.49690399499995325,3.5555555555555554
1060,18,42,19,1.75,0.31510416666666663,0.39999999999999997,3.2
1061,18,43,17,1.75,0.296875,0.39999999999999997,3.2
1062,18,43,14,1.75,0.265625,0.39999999999999997,3.2
1063,18,42,15,1.75,0.28385416666666663,0.39999999999999997,3.2
1064,18,42,16,1.75,0.2942708333333333,0.39999999999999997,3.2
1065,18,36,19,1.75,0.359375,0.39999999999999997,3.2
1066,19,44,13,1.736842105263158,0.2486772486772487,0.5668594533825794,3.3157894736842106
1067,18,42,16,1.75,0.29427083333333337,0.39999999999999997,3.2
1068,19,39,20,1.7894736842105263,0.3463541666666667,0.48237638894272,3.3684210526315788
1069,17,39,18,1.7142857142857142,0.33072916666666663,0.21295885499997994,3.0476190476190474
1070,18,38,20,1.75,0.3567708333333333,0.39999999999999997,3.2
1071,17,40,18,1.7142857142857142,0.3203125,0.21295885499997994,3.0476190476190474
1072,19,39,16,1.7894736842105263,0.3125,0.4823763889427201,3.3684210526315788
1073,19,41,13,1.7894736842105263,0.2734375,0.4823763889427201,3.3684210526315788
1074,19,42,17,1.736842105263158,0.30158730158730157,0.5668594533825794,3.3157894736842106
1075,17,41,18,1.7142857142857142,0.31510416666666663,0.21295885499997994,3.0476190476190474
1076,19,43,14,1.7894736842105263,0.265625,0.48237638894272,3.3684210526315788
1077,19,40,16,1.7894736842105263,0.30729166666666663,0.4823763889427201,3.3684210526315788
1078,18,42,15,1.75,0.28385416666666663,0.39999999999999997,3.2
1079,18,41,18,1.75,0.3203125,0.39999999999999997,3.2
1080,20,41,16,1.8333333333333333,0.29947916666666663,0.49690399499995325,3.5555555555555554
1081,18,43,16,1.75,0.28645833333333337,0.39999999999999997,3.2
1082,18,40,15,1.75,0.29427083333333337,0.39999999999999997,3.2
1083,17,38,19,1.7142857142857142,0.3489583333333333,0.21295885499997994,3.0476190476190474
1084,18,41,17,1.75,0.3072916666666667,0.39999999999999997,3.2
1085,17,42,17,1.7142857142857142,0.3020833333333333,0.21295885499997994,3.0476190476190474
1086,18,40,17,1.75,0.3177083333333333,0.39999999999999997,3.2
1087,18,42,16,1.75,0.29427083333333337,0.39999999999999997,3.2
1088,18,40,17,1.75,0.31510416666666663,0.39999999999999997,3.2
1089,18,40,18,1.75,0.32552083333333337,0.39999999999999997,3.2
1090,18,39,18,1.7,0.328042328042328,0.47696960070847283,3.15
1091,18,37,19,1.75,0.35677083333333337,0.39999999999999997,3.2
1092,19,44,14,1.7894736842105263,0.2604166666666667,0.4823763889427201,3.3684210526315788
1093,19,40,16,1.7894736842105263,0.30989583333333337,0.48237638894272,3.3684210526315788
1094,19,41,15,1.7894736842105263,0.2916666666666667,0.4823763889427201,3.3684210526315788
1095,18,42,16,1.75,0.29166666666666663,0.39999999999999997,3.2
1096,19,45,15,1.7894736842105263,0.2630208333333333,0.4823763889427201,3.3684210526315788
1097,19,40,15,1.7894736842105263,0.3020833333333333,0.48237638894272,3.3684210526315788
1098,17,36,19,1.7142857142857142,0.359375,0.21295885499997994,3.0476190476190474
1099,18,39,17,1.75,0.3229166666666667,0.39999999999999997,3.2
1100,18,39,17,1.75,0.3229166666666667,0.39999999999999997,3.2
1101,17,44,16,1.7142857142857142,0.28125,0.21295885499997994,3.0476190476190474
1102,18,41,18,1.75,0.3203125,0.39999999999999997,3.2
1103,18,46,15,1.75,0.2578125,0.39999999999999997,3.2
1104,18,37,20,1.75,0.359375,0.39999999999999997,3.2
1105,19,42,18,1.7894736842105263,0.3125,0.4823763889427201,3.3684210526315788
1106,17,39,17,1.7142857142857142,0.3229166666666667,0.21295885499997994,3.0476190476190474
1107,18,46,14,1.75,0.24739583333333334,0.39999999999999997,3.2
1108,19,38,19,1.7894736842105263,0.34114583333333337,0.48237638894272,3.3684210526315788
1109,19,43,17,1.7894736842105263,0.296875,0.4823763889427201,3.3684210526315788
1110,18,41,18,1.75,0.31770833333333337,0.39999999999999997,3.2
1111,18,42,16,1.75,0.2916666666666667,0.39999999999999997,3.2
1112,18,40,17,1.75,0.3151041666666667,0.39999999999999997,3.2
1113,17,38,17,1.7142857142857142,0.3359375,0.21295885499997994,3.0476190476190474
1114,17,42,17,1.7142857142857142,0.3046875,0.21295885499997994,3.0476190476190474
1115,18,40,17,1.75,0.3203125,0.39999999999999997,3.2
1116,17,39,16,1.7142857142857142,0.30989583333333337,0.21295885499997994,3.0476190476190474
1117,17,44,16,1.6666666666666667,0.2777777777777778,0.3086066999241838,3.0
1118,17,41,16,1.7142857142857142,0.3046875,0.21295885499997994,3.0476190476190474
1119,19,40,17,1.7894736842105263,0.3203125,0.4823763889427201,3.3684210526315788
1120,19,42,16,1.7894736842105263,0.2942708333333333,0.4823763889427201,3.3684210526315788
1121,19,37,21,1.7894736842105263,0.3697916666666667,0.48237638894272,3.3684210526315788
1122,18,42,18,1.75,0.30989583333333337,0.39999999999999997,3.2
1123,17,41,16,1.6666666666666667,0.2962962962962963,0.3086066999241838,3.0
1124,18,38,20,1.75,0.35416666666666663,0.39999999999999997,3.2
1125,18,35,22,1.75,0.39583333333333337,0.39999999999999997,3.2
1126,19,39,16,1.7894736842105263,0.31770833333333337,0.4823763889427201,3.3684210526315788
1127,17,41,17,1.7142857142857142,0.3125,0.21295885499997994,3.0476190476190474
1128,18,43,18,1.75,0.3046875,0.39999999999999997,3.2
1129,18,39,18,1.75,0.3359375,0.39999999999999997,3.2
1130,19,40,18,1.7894736842105263,0.3255208333333333,0.48237638894272,3.3684210526315788
1131,18,37,20,1.75,0.36458333333333337,0.39999999999999997,3.2
1132,19,39,17,1.7894736842105263,0.3229166666666667,0.4823763889427201,3.3684210526315788
1133,18,38,18,1.75,0.3385416666666667,0.39999999999999997,3.2
1134,18,40,18,1.75,0.328125,0.39999999999999997,3.2
1135,19,37,19,1.7894736842105263,0.35677083333333337,0.4823763889427201,3.3684210526315788
1136,19,43,16,1.7894736842105263,0.2890625,0.4823763889427201,3.3684210526315788
1137,18,39,17,1.75,0.3203125,0.39999999999999997,3.2
1138,17,40,18,1.7142857142857142,0.32552083333333337,0.21295885499997994,3.0476190476190474
1139,18,42,16,1.75,0.2890625,0.39999999999999997,3.2
1140,17,39,18,1.7142857142857142,0.3307291666666667,0.21295885499997994,3.0476190476190474
1141,18,42,16,1.75,0.2916666666666667,0.39999999999999997,3.2
1142,18,40,17,1.75,0.3151041666666667,0.39999999999999997,3.2
1143,18,39,18,1.75,0.3307291666666667,0.39999999999999997,3.2
1144,18,39,16,1.75,0.3125,0.39999999999999997,3.2
1145,18,38,17,1.75,0.32291666666666663,0.39999999999999997,3.2
1146,19,45,15,1.7894736842105263,0.26302083333333337,0.4823763889427201,3.3684210526315788
1147,17,46,16,1.7142857142857142,0.265625,0.21295885499997994,3.0476190476190474
1148,19,42,16,1.7894736842105263,0.29427083333333337,0.4823763889427201,3.3684210526315788
1149,19,38,18,1.7894736842105263,0.3359375,0.4823763889427201,3.3684210526315788
1150,18,42,17,1.75,0.3020833333333333,0.39999999999999997,3.2
1151,18,45,16,1.75,0.2734375,0.39999999999999997,3.2
1152,18,40,18,1.7,0.31746031746031744,0.47696960070847283,3.15
1153,18,41,18,1.75,0.31770833333333337,0.39999999999999997,3.2
1154,18,42,15,1.7,0.2857142857142857,0.47696960070847283,3.15
1155,19,39,19,1.7894736842105263,0.33854166666666663,0.48237638894272,3.3684210526315788
1156,19,40,17,1.7894736842105263,0.31510416666666663,0.4823763889427201,3.3684210526315788
1157,19,44,17,1.7894736842105263,0.2890625,0.4823763889427201,3.3684210526315788
1158,18,38,16,1.7,0.31746031746031744,0.47696960070847283,3.15
1159,18,43,16,1.7,0.2857142857142857,0.47696960070847283,3.15
1160,18,39,16,1.75,0.30989583333333337,0.39999999999999997,3.2
1161,19,40,20,1.7894736842105263,0.34375,0.4823763889427201,3.3684210526315788
1162,18,41,17,1.75,0.3098958333333333,0.39999999999999997,3.2
1163,19,43,15,1.7894736842105263,0.2760416666666667,0.4823763889427201,3.3684210526315788
1164,18,41,15,1.75,0.2942708333333333,0.39999999999999997,3.2
1165,18,43,17,1.75,0.2916666666666667,0.39999999999999997,3.2
1166,20,41,17,1.8333333333333333,0.3072916666666667,0.49690399499995325,3.5555555555555554
1167,18,37,21,1.75,0.3697916666666667,0.39999999999999997,3.2
1168,19,47,14,1.7894736842105263,0.2421875,0.4823763889427201,3.3684210526315788
1169,18,39,21,1.75,0.359375,0.39999999999999997,3.2
1170,18,39,17,1.75,0.3203125,0.39999999999999997,3.2
1171,18,44,18,1.75,0.296875,0.39999999999999997,3.2
1172,19,42,17,1.7894736842105263,0.3046875,0.4823763889427201,3.3684210526315788
1173,18,39,19,1.75,0.34114583333333337,0.39999999999999997,3.2
1174,19,41,16,1.7894736842105263,0.29947916666666663,0.4823763889427201,3.3684210526315788
1175,17,41,19,1.7142857142857142,0.328125,0.21295885499997994,3.0476190476190474
1176,18,38,16,1.75,0.31770833333333337,0.39999999999999997,3.2
1177,19,37,19,1.7894736842105263,0.3567708333333333,0.48237638894272,3.3684210526315788
1178,17,41,16,1.7142857142857142,0.3046875,0.21295885499997994,3.0476190476190474
1179,17,41,17,1.7142857142857142,0.3098958333333333,0.21295885499997994,3.0476190476190474
1180,20,45,14,1.8333333333333333,0.25260416666666663,0.49690399499995325,3.5555555555555554
1181,18,39,15,1.75,0.3046875,0.39999999999999997,3.2
1182,18,37,19,1.75,0.3515625,0.39999999999999997,3.2
1183,20,41,18,1.8333333333333333,0.3203125,0.49690399499995325,3.5555555555555554
1184,19,42,16,1.7894736842105263,0.2916666666666667,0.4823763889427201,3.3684210526315788
1185,18,41,16,1.75,0.29947916666666663,0.39999999999999997,3.2
1186,18,39,19,1.75,0.34375,0.39999999999999997,3.2
1187,19,40,18,1.7894736842105263,0.3203125,0.4823763889427201,3.3684210526315788
1188,19,43,15,1.7894736842105263,0.28125,0.48237638894272,3.3684210526315788
1189,17,39,18,1.7142857142857142,0.33333333333333337,0.21295885499997994,3.0476190476190474
1190,18,36,20,1.75,0.36458333333333337,0.39999999999999997,3.2
1191,18,41,17,1.75,0.30989583333333337,0.39999999999999997,3.2
1192,17,38,21,1.7142857142857142,0.3645833333333333,0.21295885499997994,3.0476190476190474
1193,18,43,16,1.75,0.28125,0.39999999999999997,3.2
1194,19,43,16,1.7894736842105263,0.28645833333333337,0.48237638894272,3.3684210526315788
1195,18,42,16,1.75,0.2942708333333333,0.39999999999999997,3.2
1196,18,36,21,1.75,0.3776041666666667,0.39999999999999997,3.2
1197,18,41,17,1.75,0.3098958333333333,0.39999999999999997,3.2
1198,17,42,18,1.7142857142857142,0.30989583333333337,0.21295885499997994,3.0476190476190474
1199,18,42,17,1.75,0.296875,0.39999999999999997,3.2
1200,19,39,19,1.7894736842105263,0.34114583333333337,0.48237638894272,3.3684210526315788
1201,18,40,18,1.75,0.328125,0.39999999999999997,3.2
1202,17,39,17,1.7142857142857142,0.32552083333333337,0.21295885499997994,3.0476190476190474
1203,19,39,17,1.7894736842105263,0.32291666666666663,0.4823763889427201,3.3684210526315788
1204,19,36,17,1.7894736842105263,0.3359375,0.4823763889427201,3.3684210526315788
1205,18,38,19,1.75,0.3489583333333333,0.39999999999999997,3.2
1206,18,41,18,1.75,0.3203125,0.39999999999999997,3.2
1207,18,39,15,1.75,0.3046875,0.39999999999999997,3.2
1208,18,42,18,1.75,0.3125,0.39999999999999997,3.2
1209,19,40,17,1.7894736842105263,0.31510416666666663,0.4823763889427201,3.3684210526315788
1210,18,45,14,1.7,0.25396825396825395,0.47696960070847283,3.15
1211,18,38,19,1.75,0.34635416666666663,0.39999999999999997,3.2
1212,18,38,15,1.75,0.3125,0.39999999999999997,3.2
1213,17,43,16,1.7142857142857142,0.28385416666666663,0.21295885499997994,3.0476190476190474
1214,18,41,15,1.75,0.2890625,0.39999999999999997,3.2
1215,19,42,15,1.7894736842105263,0.28385416666666663,0.4823763889427201,3.3684210526315788
1216,19,42,16,1.7894736842105263,0.29166666666666663,0.4823763889427201,3.3684210526315788
1217,18,42,15,1.75,0.2786458333333333,0.39999999999999997,3.2
1218,18,38,18,1.75,0.3385416666666667,0.39999999999999997,3.2
1219,18,41,18,1.7,0.31770833333333337,0.39999999999999997,3.2
1220,19,39,16,1.7894736842105263,0.3072916666666667,0.4823763889427201,3.3684210526315788
1221,18,39,18,1.75,0.33072916666666663,0.39999999999999997,3.2
1222,19,34,20,1.7894736842105263,0.3828125,0.4823763889427201,3.3684210526315788
1223,18,39,19,1.75,0.3411458333333333,0.39999999999999997,3.2
1224,18,41,17,1.75,0.30989583333333337,0.39999999999999997,3.2
1225,17,40,19,1.7142857142857142,0.3333333333333333,0.21295885499997994,3.0476190476190474
1226,18,42,16,1.7,0.2883597883597883,0.47696960070847283,3.15
1227,19,38,18,1.7894736842105263,0.34114583333333337,0.4823763889427201,3.3684210526315788
1228,18,41,17,1.75,0.30729166666666663,0.39999999999999997,3.2
1229,18,42,18,1.75,0.3125,0.39999999999999997,3.2
1230,17,38,18,1.7142857142857142,0.3385416666666667,0.21295885499997994,3.0476190476190474
1231,17,41,16,1.7142857142857142,0.2994791666666667,0.21295885499997994,3.0476190476190474
1232,19,41,18,1.7894736842105263,0.3151041666666667,0.4823763889427201,3.3684210526315788
1233,17,40,17,1.7142857142857142,0.3151041666666667,0.21295885499997994,3.0476190476190474
1234,17,37,17,1.7142857142857142,0.3359375,0.21295885499997994,3.0476190476190474
1235,19,38,19,1.7894736842105263,0.3463541666666667,0.4823763889427201,3.3684210526315788
1236,17,39,17,1.7142857142857142,0.3203125,0.21295885499997994,3.0476190476190474
1237,18,39,17,1.75,0.32291666666666663,0.39999999999999997,3.2
1238,19,43,16,1.7894736842105263,0.2838541666666667,0.4823763889427201,3.3684210526315788
1239,19,41,15,1.7894736842105263,0.296875,0.4823763889427201,3.3684210526315788
1240,17,40,17,1.7142857142857142,0.31770833333333337,0.21295885499997994,3.0476190476190474
1241,18,41,19,1.75,0.328125,0.39999999999999997,3.2
1242,19,35,20,1.7894736842105263,0.375,0.48237638894272,3.3684210526315788
1243,20,43,18,1.8333333333333333,0.3046875,0.49690399499995325,3.5555555555555554
1244,18,35,17,1.75,0.3515625,0.39999999999999997,3.2
1245,18,42,16,1.75,0.29427083333333337,0.39999999999999997,3.2
1246,19,42,15,1.736842105263158,0.28385416666666663,0.4823763889427201,3.3684210526315788
1247,18,41,16,1.75,0.29427083333333337,0.39999999999999997,3.2
1248,17,39,18,1.7142857142857142,0.3307291666666667,0.21295885499997994,3.0476190476190474
1249,18,42,19,1.75,0.3203125,0.39999999999999997,3.2
1250,19,42,18,1.7894736842105263,0.3098958333333333,0.48237638894272,3.3684210526315788
1251,18,42,16,1.75,0.2890625,0.39999999999999997,3.2
1252,18,40,18,1.75,0.32552083333333337,0.39999999999999997,3.2
1253,18,44,14,1.7,0.25396825396825395,0.47696960070847283,3.15
1254,17,41,16,1.7142857142857142,0.29947916666666663,0.21295885499997994,3.0476190476190474
1255,17,42,17,1.7142857142857142,0.3020833333333333,0.21295885499997994,3.0476190476190474
1256,18,39,19,1.75,0.33854166666666663,0.39999999999999997,3.2
1257,17,39,18,1.7142857142857142,0.328125,0.21295885499997994,3.0476190476190474
1258,17,39,21,1.7142857142857142,0.3567708333333333,0.21295885499997994,3.0476190476190474
1259,19,38,22,1.7894736842105263,0.3723958333333333,0.4823763889427201,3.3684210526315788
1260,18,42,16,1.75,0.296875,0.39999999999999997,3.2
1261,19,39,17,1.7894736842105263,0.3203125,0.48237638894272,3.3684210526315788
1262,18,39,18,1.75,0.33333333333333337,0.39999999999999997,3.2
1263,17,42,17,1.7142857142857142,0.3046875,0.21295885499997994,3.0476190476190474
1264,17,35,18,1.7142857142857142,0.36197916666666663,0.21295885499997994,3.0476190476190474
1265,18,36,22,1.75,0.3828125,0.39999999999999997,3.2
1266,20,41,17,1.8333333333333333,0.3072916666666667,0.49690399499995325,3.5555555555555554
1267,19,38,16,1.7894736842105263,0.3203125,0.4823763889427201,3.3684210526315788
1268,18,37,17,1.7,0.3333333333333333,0.47696960070847283,3.15
1269,19,35,18,1.736842105263158,0.35714285714285715,0.5668594533825794,3.3157894736842106
1270,17,39,18,1.7142857142857142,0.33333333333333337,0.21295885499997994,3.0476190476190474
1271,18,42,17,1.75,0.3020833333333333,0.39999999999999997,3.2
1272,18,42,15,1.7,0.2857142857142857,0.47696960070847283,3.15
1273,19,41,19,1.7894736842105263,0.328125,0.4823763889427201,3.3684210526315788
1274,18,42,18,1.75,0.3098958333333333,0.39999999999999997,3.2
1275,17,35,21,1.7142857142857142,0.3802083333333333,0.21295885499997994,3.0476190476190474
1276,18,41,17,1.75,0.30729166666666663,0.39999999999999997,3.2
1277,19,39,20,1.7894736842105263,0.34895833333333337,0.4823763889427201,3.3684210526315788
1278,17,37,18,1.6666666666666667,0.3439153439153439,0.3086066999241838,3.0
1279,18,38,19,1.75,0.3515625,0.39999999999999997,3.2
1280,18,42,17,1.75,0.3046875,0.39999999999999997,3.2
1281,18,39,18,1.75,0.3333333333333333,0.39999999999999997,3.2
1282,18,41,15,1.75,0.2890625,0.39999999999999997,3.2
1283,18,41,16,1.75,0.2994791666666667,0.39999999999999997,3.2
1284,20,38,14,1.8333333333333333,0.29427083333333337,0.49690399499995325,3.5555555555555554
1285,19,40,17,1.7894736842105263,0.3125,0.4823763889427201,3.3684210526315788
1286,19,37,18,1.7894736842105263,0.3463541666666667,0.4823763889427201,3.3684210526315788
1287,18,35,20,1.75,0.375,0.39999999999999997,3.2
1288,18,40,18,1.75,0.32552083333333337,0.39999999999999997,3.2
1289,18,36,16,1.75,0.33333333333333337,0.39999999999999997,3.2
1290,18,35,21,1.75,0.3880208333333333,0.39999999999999997,3.2
1291,18,39,15,1.75,0.3020833333333333,0.39999999999999997,3.2
1292,17,35,22,1.6666666666666667,0.3968253968253968,0.3086066999241838,3.0
1293,18,40,17,1.75,0.31510416666666663,0.39999999999999997,3.2
1294,18,38,20,1.75,0.35677083333333337,0.39999999999999997,3.2
1295,18,41,16,1.75,0.3046875,0.39999999999999997,3.2
1296,17,36,22,1.7142857142857142,0.3854166666666667,0.21295885499997994,3.0476190476190474
1297,18,40,20,1.75,0.3411458333333333,0.39999999999999997,3.2
1298,19,35,20,1.7894736842105263,0.38020833333333337,0.4823763889427201,3.3684210526315788
1299,18,38,19,1.75,0.34114583333333337,0.39999999999999997,3.2
1300,19,35,21,1.7894736842105263,0.3880208333333333,0.48237638894272,3.3684210526315788
1301,19,42,16,1.7894736842105263,0.29166666666666663,0.4823763889427201,3.3684210526315788
1302,18,36,19,1.75,0.35677083333333337,0.39999999999999997,3.2
1303,19,44,16,1.7894736842105263,0.27864583333333337,0.4823763889427201,3.3684210526315788
1304,18,41,17,1.75,0.3098958333333333,0.39999999999999997,3.2
1305,18,39,19,1.75,0.34375,0.39999999999999997,3.2
1306,17,40,16,1.7142857142857142,0.3046875,0.21295885499997994,3.0476190476190474
1307,19,40,19,1.7894736842105263,0.3307291666666667,0.48237638894272,3.3684210526315788
1308,18,41,16,1.75,0.3020833333333333,0.39999999999999997,3.2
1309,17,35,17,1.7142857142857142,0.34635416666666663,0.21295885499997994,3.0476190476190474
1310,18,40,18,1.75,0.32291666666666663,0.39999999999999997,3.2
1311,17,37,18,1.7142857142857142,0.34375,0.21295885499997994,3.0476190476190474
1312,19,43,16,1.7894736842105263,0.28645833333333337,0.4823763889427201,3.3684210526315788
1313,20,41,16,1.8333333333333333,0.3020833333333333,0.49690399499995325,3.5555555555555554
1314,19,42,16,1.7894736842105263,0.2890625,0.4823763889427201,3.3684210526315788
1315,18,38,18,1.75,0.3359375,0.39999999999999997,3.2
1316,19,40,17,1.7894736842105263,0.3203125,0.4823763889427201,3.3684210526315788
1317,19,41,15,1.7894736842105263,0.2890625,0.4823763889427201,3.3684210526315788
1318,19,36,19,1.7894736842105263,0.35416666666666663,0.4823763889427201,3.3684210526315788
1319,17,40,16,1.7142857142857142,0.30729166666666663,0.21295885499997994,3.0476190476190474
1320,17,39,16,1.7142857142857142,0.3125,0.21295885499997994,3.0476190476190474
1321,18,38,18,1.75,0.33333333333333337,0.39999999999999997,3.2
1322,18,38,19,1.75,0.3463541666666667,0.39999999999999997,3.2
1323,18,37,18,1.75,0.34375,0.39999999999999997,3.2
1324,18,37,18,1.75,0.34375,0.39999999999999997,3.2
1325,20,40,17,1.8333333333333333,0.3177083333333333,0.49690399499995325,3.5555555555555554
1326,18,37,21,1.75,0.37239583333333337,0.39999999999999997,3.2
1327,18,39,16,1.75,0.3177083333333333,0.39999999999999997,3.2
1328,18,40,18,1.75,0.32552083333333337,0.39999999999999997,3.2
1329,18,38,19,1.75,0.3463541666666667,0.39999999999999997,3.2
1330,19,38,20,1.7894736842105263,0.359375,0.48237638894272,3.3684210526315788
1331,19,40,18,1.7894736842105263,0.32291666666666663,0.48237638894272,3.3684210526315788
1332,18,32,21,1.75,0.40625,0.39999999999999997,3.2
1333,18,39,17,1.75,0.3203125,0.39999999999999997,3.2
1334,20,38,17,1.8333333333333333,0.3307291666666667,0.49690399499995325,3.5555555555555554
1335,19,40,19,1.7894736842105263,0.3359375,0.4823763889427201,3.3684210526315788
1336,19,40,18,1.7894736842105263,0.3229166666666667,0.4823763889427201,3.3684210526315788
1337,17,38,21,1.7142857142857142,0.3645833333333333,0.21295885499997994,3.0476190476190474
1338,18,41,17,1.75,0.3072916666666667,0.39999999999999997,3.2
1339,19,34,20,1.7894736842105263,0.3854166666666667,0.4823763889427201,3.3684210526315788
1340,18,36,17,1.75,0.34375,0.39999999999999997,3.2
1341,19,40,19,1.7894736842105263,0.3307291666666667,0.4823763889427201,3.3684210526315788
1342,17,40,18,1.7142857142857142,0.3203125,0.21295885499997994,3.0476190476190474
1343,18,39,18,1.75,0.328125,0.39999999999999997,3.2
1344,19,40,18,1.7894736842105263,0.3229166666666667,0.4823763889427201,3.3684210526315788
1345,18,39,18,1.75,0.33072916666666663,0.39999999999999997,3.2
1346,17,38,19,1.7142857142857142,0.3489583333333333,0.21295885499997994,3.0476190476190474
1347,19,38,19,1.7894736842105263,0.3463541666666667,0.4823763889427201,3.3684210526315788
1348,18,40,16,1.75,0.3072916666666667,0.39999999999999997,3.2
1349,17,37,18,1.7142857142857142,0.34375,0.21295885499997994,3.0476190476190474
1350,18,38,19,1.75,0.3463541666666667,0.39999999999999997,3.2
1351,17,35,20,1.6666666666666667,0.3756613756613757,0.3086066999241838,3.0
1352,18,41,18,1.75,0.3203125,0.39999999999999997,3.2
1353,18,38,19,1.75,0.3489583333333333,0.39999999999999997,3.2
1354,19,37,18,1.7894736842105263,0.34895833333333337,0.48237638894272,3.3684210526315788
1355,19,38,19,1.7894736842105263,0.34635416666666663,0.48237638894272,3.3684210526315788
1356,17,35,19,1.7142857142857142,0.36979166666666663,0.21295885499997994,3.0476190476190474
1357,20,36,21,1.8333333333333333,0.38020833333333337,0.49690399499995325,3.5555555555555554
1358,17,36,19,1.6666666666666667,0.36243386243386244,0.3086066999241838,3.0
1359,17,42,17,1.7142857142857142,0.3020833333333333,0.21295885499997994,3.0476190476190474
1360,19,41,17,1.7894736842105263,0.30989583333333337,0.4823763889427201,3.3684210526315788
1361,18,40,19,1.75,0.3359375,0.39999999999999997,3.2
1362,19,35,16,1.7894736842105263,0.34375,0.4823763889427201,3.3684210526315788
1363,19,43,18,1.7894736842105263,0.3046875,0.48237638894272,3.3684210526315788
1364,17,38,20,1.7142857142857142,0.3541666666666667,0.21295885499997994,3.0476190476190474
1365,17,38,18,1.6666666666666667,0.335978835978836,0.3086066999241838,3.0
1366,18,34,22,1.75,0.40364583333333337,0.39999999999999997,3.2
1367,18,38,18,1.75,0.33854166666666663,0.39999999999999997,3.2
1368,17,39,18,1.7142857142857142,0.33333333333333337,0.21295885499997994,3.0476190476190474
1369,19,40,18,1.7894736842105263,0.32552083333333337,0.48237638894272,3.3684210526315788
1370,17,39,20,1.7142857142857142,0.34895833333333337,0.21295885499997994,3.0476190476190474
1371,19,36,21,1.7894736842105263,0.3776041666666667,0.4823763889427201,3.3684210526315788
1372,18,36,20,1.75,0.3723958333333333,0.39999999999999997,3.2
1373,18,41,18,1.75,0.3177083333333333,0.39999999999999997,3.2
1374,17,34,17,1.6666666666666667,0.35714285714285715,0.3086066999241838,3.0
1375,18,41,16,1.75,0.3020833333333333,0.39999999999999997,3.2
1376,19,32,20,1.7894736842105263,0.3958333333333333,0.4823763889427201,3.3684210526315788
1377,19,37,19,1.7894736842105263,0.3515625,0.4823763889427201,3.3684210526315788
1378,19,41,16,1.7894736842105263,0.3020833333333333,0.4823763889427201,3.3684210526315788
1379,17,39,20,1.7142857142857142,0.34895833333333337,0.21295885499997994,3.0476190476190474
1380,18,36,20,1.75,0.3697916666666667,0.39999999999999997,3.2
1381,19,42,16,1.7894736842105263,0.296875,0.48237638894272,3.3684210526315788
1382,17,42,16,1.7142857142857142,0.296875,0.21295885499997994,3.0476190476190474
1383,17,37,19,1.7142857142857142,0.3567708333333333,0.21295885499997994,3.0476190476190474
1384,18,41,15,1.75,0.29166666666666663,0.39999999999999997,3.2
1385,18,42,17,1.75,0.3046875,0.39999999999999997,3.2
1386,18,38,18,1.75,0.3359375,0.39999999999999997,3.2
1387,18,42,18,1.75,0.3125,0.39999999999999997,3.2
1388,17,38,17,1.7142857142857142,0.328125,0.21295885499997994,3.0476190476190474
1389,19,39,18,1.7894736842105263,0.33072916666666663,0.4823763889427201,3.3684210526315788
1390,18,39,20,1.75,0.3515625,0.39999999999999997,3.2
1391,19,39,18,1.7894736842105263,0.3333333333333333,0.48237638894272,3.3684210526315788
1392,17,39,18,1.7142857142857142,0.33072916666666663,0.21295885499997994,3.0476190476190474
1393,19,39,19,1.7894736842105263,0.34114583333333337,0.48237638894272,3.3684210526315788
1394,19,39,18,1.7894736842105263,0.3333333333333333,0.48237638894272,3.3684210526315788
1395,19,39,19,1.7894736842105263,0.34375,0.4823763889427201,3.3684210526315788
1396,18,41,17,1.75,0.3072916666666667,0.39999999999999997,3.2
1397,20,39,17,1.8333333333333333,0.3203125,0.49690399499995325,3.5555555555555554
1398,19,40,17,1.7894736842105263,0.3125,0.4823763889427201,3.3684210526315788
1399,17,35,22,1.7142857142857142,0.39583333333333337,0.21295885499997994,3.0476190476190474
1400,19,33,21,1.7894736842105263,0.4036458333333333,0.4823763889427201,3.3684210526315788
1401,19,37,22,1.7894736842105263,0.3828125,0.48237638894272,3.3684210526315788
1402,19,40,18,1.7894736842105263,0.32552083333333337,0.4823763889427201,3.3684210526315788
1403,20,37,19,1.8333333333333333,0.35677083333333337,0.49690399499995325,3.5555555555555554
1404,18,37,21,1.75,0.3723958333333333,0.39999999999999997,3.2
1405,19,40,17,1.7894736842105263,0.31510416666666663,0.4823763889427201,3.3684210526315788
1406,18,36,19,1.75,0.3645833333333333,0.39999999999999997,3.2
1407,19,39,20,1.7894736842105263,0.3489583333333333,0.4823763889427201,3.3684210526315788
1408,18,38,19,1.75,0.3489583333333333,0.39999999999999997,3.2
1409,19,35,23,1.7894736842105263,0.40625,0.4823763889427201,3.3684210526315788
1410,18,36,20,1.75,0.375,0.39999999999999997,3.2
1411,19,36,17,1.7894736842105263,0.34375,0.4823763889427201,3.3684210526315788
1412,19,38,20,1.736842105263158,0.35449735449735453,0.5668594533825794,3.3157894736842106
1413,18,38,17,1.75,0.3359375,0.39999999999999997,3.2
1414,19,44,15,1.7894736842105263,0.2682291666666667,0.4823763889427201,3.3684210526315788
1415,19,38,20,1.7894736842105263,0.35416666666666663,0.4823763889427201,3.3684210526315788
1416,19,35,19,1.7894736842105263,0.3671875,0.48237638894272,3.3684210526315788
1417,17,33,20,1.7142857142857142,0.3854166666666667,0.21295885499997994,3.0476190476190474
1418,20,39,19,1.8333333333333333,0.34375,0.49690399499995325,3.5555555555555554
1419,18,41,18,1.75,0.3203125,0.39999999999999997,3.2
1420,18,34,19,1.7,0.37566137566137564,0.47696960070847283,3.15
1421,17,34,20,1.7142857142857142,0.3828125,0.21295885499997994,3.0476190476190474
1422,19,34,22,1.7894736842105263,0.4036458333333333,0.4823763889427201,3.3684210526315788
1423,18,39,18,1.75,0.3359375,0.39999999999999997,3.2
1424,17,35,21,1.7142857142857142,0.3854166666666667,0.21295885499997994,3.0476190476190474
1425,18,37,20,1.75,0.36458333333333337,0.39999999999999997,3.2
1426,19,40,18,1.7894736842105263,0.3203125,0.4823763889427201,3.3684210526315788
1427,17,37,19,1.7142857142857142,0.359375,0.21295885499997994,3.0476190476190474
1428,17,37,20,1.7142857142857142,0.3645833333333333,0.21295885499997994,3.0476190476190474
1429,18,44,16,1.75,0.27864583333333337,0.39999999999999997,3.2
1430,19,39,18,1.7894736842105263,0.328125,0.4823763889427201,3.3684210526315788
1431,18,39,19,1.75,0.34114583333333337,0.39999999999999997,3.2
1432,17,34,18,1.7142857142857142,0.359375,0.21295885499997994,3.0476190476190474
1433,19,40,17,1.736842105263158,0.31746031746031744,0.5668594533825794,3.3157894736842106
1434,19,37,18,1.7894736842105263,0.34635416666666663,0.4823763889427201,3.3684210526315788
1435,19,41,18,1.7894736842105263,0.3203125,0.4823763889427201,3.3684210526315788
1436,19,39,17,1.7894736842105263,0.3255208333333333,0.4823763889427201,3.3684210526315788
1437,18,36,18,1.75,0.3515625,0.39999999999999997,3.2
1438,19,37,20,1.7894736842105263,0.3671875,0.4823763889427201,3.3684210526315788
1439,19,32,22,1.7894736842105263,0.41145833333333337,0.4823763889427201,3.3684210526315788
1440,17,36,19,1.7142857142857142,0.3567708333333333,0.21295885499997994,3.0476190476190474
1441,19,35,20,1.7894736842105263,0.3802083333333333,0.48237638894272,3.3684210526315788
1442,18,32,23,1.75,0.421875,0.39999999999999997,3.2
1443,18,35,19,1.75,0.3671875,0.39999999999999997,3.2
1444,18,38,20,1.75,0.3567708333333333,0.39999999999999997,3.2
1445,17,36,21,1.7142857142857142,0.3802083333333333,0.21295885499997994,3.0476190476190474
1446,17,35,18,1.7142857142857142,0.359375,0.21295885499997994,3.0476190476190474
1447,18,34,17,1.75,0.3567708333333333,0.39999999999999997,3.2
1448,18,36,20,1.75,0.36458333333333337,0.39999999999999997,3.2
1449,19,39,17,1.736842105263158,0.32010582010582006,0.5668594533825794,3.3157894736842106
1450,18,32,21,1.75,0.4088541666666667,0.39999999999999997,3.2
1451,18,38,18,1.75,0.3359375,0.39999999999999997,3.2
1452,18,39,16,1.75,0.31510416666666663,0.39999999999999997,3.2
1453,18,39,18,1.75,0.33333333333333337,0.39999999999999997,3.2
1454,19,37,21,1.7894736842105263,0.3697916666666667,0.4823763889427201,3.3684210526315788
1455,17,36,19,1.7142857142857142,0.3645833333333333,0.21295885499997994,3.0476190476190474
1456,19,38,18,1.7894736842105263,0.33854166666666663,0.4823763889427201,3.3684210526315788
1457,19,39,19,1.7894736842105263,0.3411458333333333,0.4823763889427201,3.3684210526315788
1458,18,40,17,1.75,0.31510416666666663,0.39999999999999997,3.2
1459,18,36,20,1.75,0.3697916666666667,0.39999999999999997,3.2
1460,18,38,19,1.75,0.3463541666666667,0.39999999999999997,3.2
1461,19,36,21,1.7894736842105263,0.3802083333333333,0.48237638894272,3.3684210526315788
1462,19,38,18,1.7894736842105263,0.3411458333333333,0.4823763889427201,3.3684210526315788
1463,19,39,17,1.7894736842105263,0.3255208333333333,0.4823763889427201,3.3684210526315788
1464,17,37,18,1.6666666666666667,0.3412698412698413,0.3086066999241838,3.0
1465,17,38,18,1.7142857142857142,0.33854166666666663,0.21295885499997994,3.0476190476190474
1466,18,38,19,1.75,0.34635416666666663,0.39999999999999997,3.2
1467,20,35,18,1.8333333333333333,0.3515625,0.49690399499995325,3.5555555555555554
1468,17,34,20,1.7142857142857142,0.38020833333333337,0.21295885499997994,3.0476190476190474
1469,18,34,21,1.75,0.390625,0.39999999999999997,3.2
1470,19,39,18,1.7894736842105263,0.3333333333333333,0.48237638894272,3.3684210526315788
1471,17,35,18,1.7142857142857142,0.35677083333333337,0.21295885499997994,3.0476190476190474
1472,18,40,19,1.75,0.3359375,0.39999999999999997,3.2
1473,18,38,19,1.75,0.3515625,0.39999999999999997,3.2
1474,18,39,19,1.75,0.3411458333333333,0.39999999999999997,3.2
1475,18,39,19,1.75,0.33854166666666663,0.39999999999999997,3.2
1476,17,38,19,1.7142857142857142,0.34635416666666663,0.21295885499997994,3.0476190476190474
1477,18,34,21,1.7,0.39153439153439157,0.47696960070847283,3.15
1478,18,39,16,1.7,0.3121693121693122,0.47696960070847283,3.15
1479,18,32,22,1.75,0.41666666666666663,0.39999999999999997,3.2
1480,17,35,21,1.7142857142857142,0.3880208333333333,0.21295885499997994,3.0476190476190474
1481,18,37,18,1.75,0.34375,0.39999999999999997,3.2
1482,18,31,21,1.7,0.4153439153439153,0.47696960070847283,3.15
1483,18,42,17,1.7,0.2994791666666667,0.39999999999999997,3.2
1484,19,40,17,1.7894736842105263,0.3203125,0.4823763889427201,3.3684210526315788
1485,19,37,17,1.7894736842105263,0.33854166666666663,0.4823763889427201,3.3684210526315788
1486,20,35,22,1.8333333333333333,0.390625,0.49690399499995325,3.5555555555555554
1487,19,34,21,1.7894736842105263,0.3932291666666667,0.4823763889427201,3.3684210526315788
1488,19,30,20,1.736842105263158,0.41534391534391535,0.5668594533825794,3.3157894736842106
1489,19,32,24,1.7894736842105263,0.43489583333333337,0.4823763889427201,3.3684210526315788
1490,18,32,22,1.75,0.4192708333333333,0.39999999999999997,3.2
1491,19,36,19,1.7894736842105263,0.359375,0.4823763889427201,3.3684210526315788
1492,20,39,17,1.8333333333333333,0.32552083333333337,0.49690399499995325,3.5555555555555554
1493,18,39,19,1.7,0.3386243386243386,0.47696960070847283,3.15
1494,18,36,19,1.75,0.36197916666666663,0.39999999999999997,3.2
1495,17,40,17,1.7142857142857142,0.3177083333333333,0.21295885499997994,3.0476190476190474
1496,19,43,16,1.7894736842105263,0.28645833333333337,0.4823763889427201,3.3684210526315788
1497,18,35,21,1.75,0.3880208333333333,0.39999999999999997,3.2
1498,19,39,17,1.7894736842105263,0.32291666666666663,0.4823763889427201,3.3684210526315788
1499,17,42,17,1.7142857142857142,0.3046875,0.21295885499997994,3.0476190476190474
1500,18,36,21,1.75,0.3802083333333333,0.39999999999999997,3.2
1501,18,34,19,1.75,0.375,0.39999999999999997,3.2
1502,18,39,19,1.75,0.33854166666666663,0.39999999999999997,3.2
1503,18,36,18,1.7,0.3492063492063492,0.47696960070847283,3.15
1504,18,34,22,1.75,0.3984375,0.39999999999999997,3.2
1505,18,37,19,1.75,0.3567708333333333,0.39999999999999997,3.2
1506,17,37,21,1.7142857142857142,0.37239583333333337,0.21295885499997994,3.0476190476190474
1507,19,38,17,1.7894736842105263,0.328125,0.4823763889427201,3.3684210526315788
1508,18,39,18,1.75,0.33072916666666663,0.39999999999999997,3.2
1509,18,34,19,1.75,0.3776041666666667,0.39999999999999997,3.2
1510,19,40,16,1.7894736842105263,0.3098958333333333,0.4823763889427201,3.3684210526315788
1511,19,31,21,1.7894736842105263,0.4140625,0.4823763889427201,3.3684210526315788
1512,18,41,16,1.75,0.296875,0.39999999999999997,3.2
1513,19,34,21,1.7894736842105263,0.3932291666666667,0.48237638894272,3.3684210526315788
1514,17,40,17,1.6666666666666667,0.3121693121693122,0.3086066999241838,3.0
1515,18,39,19,1.75,0.34375,0.39999999999999997,3.2
1516,19,41,17,1.7894736842105263,0.30989583333333337,0.4823763889427201,3.3684210526315788
1517,18,33,23,1.75,0.41145833333333337,0.39999999999999997,3.2
1518,19,35,21,1.7894736842105263,0.38541666666666663,0.4823763889427201,3.3684210526315788
1519,18,35,21,1.75,0.38541666666666663,0.39999999999999997,3.2
1520,19,36,19,1.7894736842105263,0.35677083333333337,0.4823763889427201,3.3684210526315788
1521,18,35,23,1.75,0.40104166666666663,0.39999999999999997,3.2
1522,18,34,20,1.75,0.38541666666666663,0.39999999999999997,3.2
1523,20,32,20,1.8333333333333333,0.3984375,0.49690399499995325,3.5555555555555554
1524,18,38,22,1.75,0.3723958333333333,0.39999999999999997,3.2
1525,17,33,21,1.7142857142857142,0.3984375,0.21295885499997994,3.0476190476190474
1526,18,37,19,1.75,0.3567708333333333,0.39999999999999997,3.2
1527,18,34,22,1.75,0.40104166666666663,0.39999999999999997,3.2
1528,18,37,19,1.75,0.3489583333333333,0.39999999999999997,3.2
1529,18,37,16,1.75,0.32552083333333337,0.39999999999999997,3.2
1530,19,38,20,1.7894736842105263,0.3567708333333333,0.4823763889427201,3.3684210526315788
1531,19,39,17,1.7894736842105263,0.31770833333333337,0.48237638894272,3.3684210526315788
1532,18,37,16,1.75,0.32552083333333337,0.39999999999999997,3.2
1533,18,32,22,1.75,0.41666666666666663,0.39999999999999997,3.2
1534,19,35,19,1.7894736842105263,0.3671875,0.48237638894272,3.3684210526315788
1535,19,40,17,1.7894736842105263,0.31510416666666663,0.4823763889427201,3.3684210526315788
1536,18,32,21,1.75,0.40885416666666663,0.39999999999999997,3.2
1537,19,37,18,1.7894736842105263,0.34895833333333337,0.4823763889427201,3.3684210526315788
1538,18,38,19,1.75,0.34114583333333337,0.39999999999999997,3.2
1539,17,36,22,1.7142857142857142,0.3880208333333333,0.21295885499997994,3.0476190476190474
1540,17,37,20,1.7142857142857142,0.3619791666666667,0.21295885499997994,3.0476190476190474
1541,18,32,22,1.7,0.42063492063492064,0.47696960070847283,3.15
1542,18,33,22,1.75,0.40625,0.39999999999999997,3.2
1543,18,43,17,1.75,0.2942708333333333,0.39999999999999997,3.2
1544,18,34,23,1.75,0.40625,0.39999999999999997,3.2
1545,18,38,18,1.75,0.3385416666666667,0.39999999999999997,3.2
1546,19,33,25,1.7894736842105263,0.4348958333333333,0.4823763889427201,3.3684210526315788
1547,18,36,20,1.75,0.3723958333333333,0.39999999999999997,3.2
1548,17,34,22,1.7142857142857142,0.40104166666666663,0.21295885499997994,3.0476190476190474
1549,19,37,20,1.7894736842105263,0.3619791666666667,0.4823763889427201,3.3684210526315788
1550,18,34,22,1.75,0.4010416666666667,0.39999999999999997,3.2
1551,18,39,18,1.75,0.328125,0.39999999999999997,3.2
1552,19,34,20,1.7894736842105263,0.3854166666666667,0.4823763889427201,3.3684210526315788
1553,17,35,23,1.7142857142857142,0.4036458333333333,0.21295885499997994,3.0476190476190474
1554,17,36,20,1.7142857142857142,0.3697916666666667,0.21295885499997994,3.0476190476190474
1555,18,29,23,1.75,0.4453125,0.39999999999999997,3.2
1556,18,36,20,1.75,0.3723958333333333,0.39999999999999997,3.2
1557,19,33,21,1.7894736842105263,0.3984375,0.4823763889427201,3.3684210526315788
1558,19,33,22,1.7894736842105263,0.40885416666666663,0.4823763889427201,3.3684210526315788
1559,19,37,19,1.7894736842105263,0.35416666666666663,0.4823763889427201,3.3684210526315788
1560,18,36,19,1.75,0.36197916666666663,0.39999999999999997,3.2
1561,18,37,20,1.75,0.3645833333333333,0.39999999999999997,3.2
1562,19,37,18,1.7894736842105263,0.3463541666666667,0.4823763889427201,3.3684210526315788
1563,19,33,22,1.7894736842105263,0.40885416666666663,0.4823763889427201,3.3684210526315788
1564,19,34,23,1.7894736842105263,0.41145833333333337,0.4823763889427201,3.3684210526315788
1565,19,32,24,1.7894736842105263,0.4322916666666667,0.4823763889427201,3.3684210526315788
1566,17,32,25,1.7142857142857142,0.44010416666666663,0.21295885499997994,3.0476190476190474
1567,18,39,15,1.75,0.3020833333333333,0.39999999999999997,3.2
1568,18,36,21,1.75,0.3776041666666667,0.39999999999999997,3.2
1569,18,37,19,1.75,0.3515625,0.39999999999999997,3.2
1570,18,32,23,1.7,0.4232804232804233,0.47696960070847283,3.15
1571,19,30,22,1.7894736842105263,0.43229166666666663,0.48237638894272,3.3684210526315788
1572,18,35,20,1.75,0.37760416666666663,0.39999999999999997,3.2
1573,18,35,21,1.75,0.38802083333333337,0.39999999999999997,3.2
1574,18,32,21,1.75,0.40885416666666663,0.39999999999999997,3.2
1575,18,32,23,1.75,0.4244791666666667,0.39999999999999997,3.2
1576,18,38,20,1.75,0.3567708333333333,0.39999999999999997,3.2
1577,19,36,17,1.7894736842105263,0.34375,0.4823763889427201,3.3684210526315788
1578,18,34,23,1.75,0.40625,0.39999999999999997,3.2
1579,19,33,19,1.7894736842105263,0.3828125,0.48237638894272,3.3684210526315788
1580,19,36,20,1.7894736842105263,0.3723958333333333,0.4823763889427201,3.3684210526315788
1581,18,33,21,1.75,0.39583333333333337,0.39999999999999997,3.2
1582,19,33,23,1.7894736842105263,0.4166666666666667,0.4823763889427201,3.3684210526315788
1583,19,34,21,1.7894736842105263,0.390625,0.4823763889427201,3.3684210526315788
1584,17,33,23,1.6666666666666667,0.4126984126984127,0.3086066999241838,3.0
1585,18,29,21,1.75,0.4270833333333333,0.39999999999999997,3.2
1586,19,33,22,1.7894736842105263,0.4114583333333333,0.4823763889427201,3.3684210526315788
1587,18,40,19,1.75,0.3307291666666667,0.39999999999999997,3.2
1588,18,33,20,1.75,0.38802083333333337,0.39999999999999997,3.2
1589,19,31,24,1.736842105263158,0.4365079365079365,0.5668594533825794,3.3157894736842106
1590,19,35,21,1.7894736842105263,0.38541666666666663,0.4823763889427201,3.3684210526315788
1591,19,35,18,1.7894736842105263,0.359375,0.4823763889427201,3.3684210526315788
1592,18,37,20,1.75,0.36197916666666663,0.39999999999999997,3.2
1593,19,38,19,1.7894736842105263,0.3463541666666667,0.4823763889427201,3.3684210526315788
1594,18,32,22,1.75,0.4192708333333333,0.39999999999999997,3.2
1595,18,34,21,1.75,0.3932291666666667,0.39999999999999997,3.2
1596,18,32,22,1.75,0.41145833333333337,0.39999999999999997,3.2
1597,17,37,20,1.7142857142857142,0.3619791666666667,0.21295885499997994,3.0476190476190474
1598,18,38,19,1.75,0.3489583333333333,0.39999999999999997,3.2
1599,17,33,23,1.7142857142857142,0.41145833333333337,0.21295885499997994,3.0476190476190474
1600,18,33,21,1.75,0.39583333333333337,0.39999999999999997,3.2
1601,18,33,23,1.75,0.4192708333333333,0.39999999999999997,3.2
1602,18,34,22,1.75,0.4036458333333333,0.39999999999999997,3.2
1603,18,35,21,1.7,0.3835978835978836,0.47696960070847283,3.15
1604,18,33,22,1.75,0.40625,0.39999999999999997,3.2
1605,19,33,21,1.7894736842105263,0.39583333333333337,0.4823763889427201,3.3684210526315788
1606,19,39,21,1.7894736842105263,0.3567708333333333,0.4823763889427201,3.3684210526315788
1607,18,35,22,1.75,0.390625,0.39999999999999997,3.2
1608,18,35,18,1.7,0.35978835978835977,0.47696960070847283,3.15
1609,18,32,24,1.75,0.4348958333333333,0.39999999999999997,3.2
1610,18,36,21,1.75,0.3802083333333333,0.39999999999999997,3.2
1611,18,32,24,1.75,0.4296875,0.39999999999999997,3.2
1612,19,35,21,1.7894736842105263,0.38541666666666663,0.4823763889427201,3.3684210526315788
1613,18,35,22,1.75,0.390625,0.39999999999999997,3.2
1614,19,34,22,1.7894736842105263,0.3984375,0.4823763889427201,3.3684210526315788
1615,18,34,22,1.75,0.40104166666666663,0.39999999999999997,3.2
1616,18,33,19,1.75,0.3828125,0.39999999999999997,3.2
1617,19,38,19,1.7894736842105263,0.3489583333333333,0.4823763889427201,3.3684210526315788
1618,17,36,21,1.7142857142857142,0.3802083333333333,0.21295885499997994,3.0476190476190474
1619,18,34,20,1.75,0.3828125,0.39999999999999997,3.2
1620,18,31,23,1.75,0.43229166666666663,0.39999999999999997,3.2
1621,19,32,20,1.7894736842105263,0.39583333333333337,0.4823763889427201,3.3684210526315788
1622,17,37,21,1.7142857142857142,0.36979166666666663,0.21295885499997994,3.0476190476190474
1623,19,35,21,1.7894736842105263,0.3802083333333333,0.4823763889427201,3.3684210526315788
1624,19,33,23,1.7894736842105263,0.4140625,0.4823763889427201,3.3684210526315788
1625,18,34,22,1.75,0.4010416666666667,0.39999999999999997,3.2
1626,19,34,20,1.7894736842105263,0.3828125,0.4823763889427201,3.3684210526315788
1627,18,37,21,1.75,0.3723958333333333,0.39999999999999997,3.2
1628,18,38,18,1.75,0.3385416666666667,0.39999999999999997,3.2
1629,19,32,21,1.7894736842105263,0.40364583333333337,0.4823763889427201,3.3684210526315788
1630,17,33,22,1.7142857142857142,0.40885416666666663,0.21295885499997994,3.0476190476190474
1631,19,32,24,1.7894736842105263,0.43229166666666663,0.4823763889427201,3.3684210526315788
1632,18,35,21,1.7,0.3809523809523809,0.47696960070847283,3.15
1633,19,35,21,1.7894736842105263,0.3828125,0.4823763889427201,3.3684210526315788
1634,18,30,23,1.75,0.4375,0.39999999999999997,3.2
1635,18,32,24,1.75,0.4322916666666667,0.39999999999999997,3.2
1636,18,35,20,1.75,0.3802083333333333,0.39999999999999997,3.2
1637,17,44,16,1.7142857142857142,0.27604166666666663,0.21295885499997994,3.0476190476190474
1638,19,32,23,1.7894736842105263,0.42447916666666663,0.4823763889427201,3.3684210526315788
1639,18,31,25,1.75,0.4453125,0.39999999999999997,3.2
1640,19,34,21,1.7894736842105263,0.38802083333333337,0.4823763889427201,3.3684210526315788
1641,18,34,20,1.75,0.3828125,0.39999999999999997,3.2
1642,19,31,24,1.7894736842105263,0.4348958333333333,0.4823763889427201,3.3684210526315788
1643,19,31,23,1.7894736842105263,0.42708333333333337,0.4823763889427201,3.3684210526315788
1644,20,34,21,1.8333333333333333,0.3958333333333333,0.49690399499995325,3.5555555555555554
1645,18,39,19,1.75,0.3359375,0.39999999999999997,3.2
1646,20,32,22,1.8333333333333333,0.4166666666666667,0.49690399499995325,3.5555555555555554
1647,18,33,22,1.75,0.40885416666666663,0.39999999999999997,3.2
1648,19,34,21,1.7894736842105263,0.390625,0.4823763889427201,3.3684210526315788
1649,17,35,21,1.7142857142857142,0.3880208333333333,0.21295885499997994,3.0476190476190474
1650,20,34,22,1.8333333333333333,0.4036458333333333,0.49690399499995325,3.5555555555555554
1651,18,35,21,1.75,0.3880208333333333,0.39999999999999997,3.2
1652,18,30,26,1.75,0.46354166666666663,0.39999999999999997,3.2
1653,19,37,19,1.7894736842105263,0.3515625,0.48237638894272,3.3684210526315788
1654,18,35,21,1.75,0.38541666666666663,0.39999999999999997,3.2
1655,18,32,24,1.75,0.4270833333333333,0.39999999999999997,3.2
1656,19,33,22,1.7894736842105263,0.40625,0.4823763889427201,3.3684210526315788
1657,18,31,22,1.75,0.421875,0.39999999999999997,3.2
1658,18,34,22,1.75,0.3984375,0.39999999999999997,3.2
1659,18,32,21,1.75,0.40885416666666663,0.39999999999999997,3.2
1660,19,34,23,1.7894736842105263,0.40885416666666663,0.4823763889427201,3.3684210526315788
1661,18,32,26,1.75,0.44791666666666663,0.39999999999999997,3.2
1662,18,33,21,1.75,0.3984375,0.39999999999999997,3.2
1663,18,35,22,1.75,0.3932291666666667,0.39999999999999997,3.2
1664,19,35,22,1.7894736842105263,0.3932291666666667,0.4823763889427201,3.3684210526315788
1665,18,30,23,1.75,0.4348958333333333,0.39999999999999997,3.2
1666,19,37,19,1.7894736842105263,0.35416666666666663,0.4823763889427201,3.3684210526315788
1667,18,31,21,1.75,0.40625,0.39999999999999997,3.2
1668,18,30,25,1.75,0.45572916666666663,0.39999999999999997,3.2
1669,18,31,25,1.7,0.4497354497354497,0.47696960070847283,3.15
1670,17,34,21,1.7142857142857142,0.3932291666666667,0.21295885499997994,3.0476190476190474
1671,18,35,19,1.75,0.3671875,0.39999999999999997,3.2
1672,19,32,25,1.7894736842105263,0.4401041666666667,0.4823763889427201,3.3684210526315788
1673,17,37,20,1.7142857142857142,0.36197916666666663,0.21295885499997994,3.0476190476190474
1674,19,32,23,1.7894736842105263,0.4270833333333333,0.4823763889427201,3.3684210526315788
1675,18,42,17,1.75,0.3046875,0.39999999999999997,3.2
1676,18,36,20,1.75,0.3697916666666667,0.39999999999999997,3.2
1677,17,35,21,1.7142857142857142,0.38541666666666663,0.21295885499997994,3.0476190476190474
1678,19,33,20,1.7894736842105263,0.390625,0.4823763889427201,3.3684210526315788
1679,19,31,22,1.7894736842105263,0.42447916666666663,0.4823763889427201,3.3684210526315788
1680,19,32,24,1.7894736842105263,0.4348958333333333,0.4823763889427201,3.3684210526315788
1681,18,34,21,1.75,0.390625,0.39999999999999997,3.2
1682,17,32,23,1.7142857142857142,0.41927083333333337,0.21295885499997994,3.0476190476190474
1683,19,32,23,1.7894736842105263,0.41927083333333337,0.4823763889427201,3.3684210526315788
1684,18,34,22,1.75,0.39583333333333337,0.39999999999999997,3.2
1685,18,34,22,1.75,0.39583333333333337,0.39999999999999997,3.2
1686,19,42,15,1.7894736842105263,0.28645833333333337,0.4823763889427201,3.3684210526315788
1687,18,28,25,1.75,0.46875,0.39999999999999997,3.2
1688,18,33,22,1.75,0.40885416666666663,0.39999999999999997,3.2
1689,18,35,22,1.75,0.390625,0.39999999999999997,3.2
1690,17,31,23,1.7142857142857142,0.4296875,0.21295885499997994,3.0476190476190474
1691,18,36,20,1.75,0.3671875,0.39999999999999997,3.2
1692,17,37,20,1.7142857142857142,0.3645833333333333,0.21295885499997994,3.0476190476190474
1693,19,31,24,1.7894736842105263,0.4322916666666667,0.4823763889427201,3.3684210526315788
1694,19,31,20,1.7894736842105263,0.4010416666666667,0.4823763889427201,3.3684210526315788
1695,19,38,18,1.7894736842105263,0.3333333333333333,0.48237638894272,3.3684210526315788
1696,19,35,20,1.7894736842105263,0.375,0.48237638894272,3.3684210526315788
1697,18,34,18,1.75,0.3671875,0.39999999999999997,3.2
1698,18,37,20,1.75,0.36197916666666663,0.39999999999999997,3.2
1699,18,34,20,1.75,0.38541666666666663,0.39999999999999997,3.2
1700,18,30,24,1.75,0.44791666666666663,0.39999999999999997,3.2
1701,18,36,19,1.75,0.3645833333333333,0.39999999999999997,3.2
1702,19,39,19,1.7894736842105263,0.34114583333333337,0.4823763889427201,3.3684210526315788
1703,18,37,19,1.75,0.3489583333333333,0.39999999999999997,3.2
1704,18,33,21,1.75,0.40104166666666663,0.39999999999999997,3.2
1705,20,38,20,1.8333333333333333,0.35677083333333337,0.49690399499995325,3.5555555555555554
1706,17,35,21,1.7142857142857142,0.38541666666666663,0.21295885499997994,3.0476190476190474
1707,18,30,22,1.75,0.42708333333333337,0.39999999999999997,3.2
1708,19,35,22,1.7894736842105263,0.39322916666666663,0.4823763889427201,3.3684210526315788
1709,19,35,19,1.7894736842105263,0.36458333333333337,0.4823763889427201,3.3684210526315788
1710,18,36,20,1.75,0.36458333333333337,0.39999999999999997,3.2
1711,18,33,23,1.75,0.41145833333333337,0.39999999999999997,3.2
1712,18,36,22,1.75,0.3880208333333333,0.39999999999999997,3.2
1713,19,33,23,1.7894736842105263,0.4140625,0.4823763889427201,3.3684210526315788
1714,18,31,24,1.75,0.44010416666666663,0.39999999999999997,3.2
1715,18,35,22,1.75,0.3958333333333333,0.39999999999999997,3.2
1716,19,34,19,1.7894736842105263,0.37239583333333337,0.4823763889427201,3.3684210526315788
1717,20,35,19,1.8333333333333333,0.3671875,0.49690399499995325,3.5555555555555554
1718,18,38,17,1.75,0.328125,0.39999999999999997,3.2
1719,19,32,24,1.736842105263158,0.43121693121693117,0.5668594533825794,3.3157894736842106
1720,17,30,22,1.7142857142857142,0.421875,0.21295885499997994,3.0476190476190474
1721,19,34,19,1.7894736842105263,0.375,0.4823763889427201,3.3684210526315788
1722,19,36,21,1.7894736842105263,0.375,0.4823763889427201,3.3684210526315788
1723,17,39,17,1.7142857142857142,0.32291666666666663,0.21295885499997994,3.0476190476190474
1724,18,35,21,1.75,0.3828125,0.39999999999999997,3.2
1725,17,36,22,1.7142857142857142,0.38541666666666663,0.21295885499997994,3.0476190476190474
1726,18,31,24,1.75,0.43489583333333337,0.39999999999999997,3.2
1727,18,34,22,1.75,0.40104166666666663,0.39999999999999997,3.2
1728,18,32,21,1.75,0.4010416666666667,0.39999999999999997,3.2
1729,19,34,21,1.7894736842105263,0.390625,0.48237638894272,3.3684210526315788
1730,18,35,21,1.75,0.3828125,0.39999999999999997,3.2
1731,18,35,22,1.75,0.39322916666666663,0.39999999999999997,3.2
1732,18,32,22,1.75,0.4140625,0.39999999999999997,3.2
1733,19,31,25,1.7894736842105263,0.4453125,0.4823763889427201,3.3684210526315788
1734,17,35,21,1.7142857142857142,0.3828125,0.21295885499997994,3.0476190476190474
1735,18,35,21,1.75,0.3828125,0.39999999999999997,3.2
1736,18,30,25,1.75,0.453125,0.39999999999999997,3.2
1737,18,32,20,1.7,0.39153439153439157,0.47696960070847283,3.15
1738,18,31,24,1.75,0.43489583333333337,0.39999999999999997,3.2
1739,18,33,24,1.75,0.42447916666666663,0.39999999999999997,3.2
1740,19,31,24,1.7894736842105263,0.43489583333333337,0.4823763889427201,3.3684210526315788
1741,18,31,24,1.75,0.4375,0.39999999999999997,3.2
1742,19,34,21,1.7894736842105263,0.390625,0.4823763889427201,3.3684210526315788
1743,19,30,26,1.7894736842105263,0.4609375,0.48237638894272,3.3684210526315788
1744,17,30,24,1.7142857142857142,0.44791666666666663,0.21295885499997994,3.0476190476190474
1745,19,31,25,1.7894736842105263,0.4453125,0.4823763889427201,3.3684210526315788
1746,18,36,22,1.75,0.38541666666666663,0.39999999999999997,3.2
1747,19,33,24,1.7894736842105263,0.42447916666666663,0.4823763889427201,3.3684210526315788
1748,18,29,23,1.7,0.44708994708994704,0.47696960070847283,3.15
1749,18,37,21,1.75,0.3723958333333333,0.39999999999999997,3.2
1750,18,32,23,1.75,0.41927083333333337,0.39999999999999997,3.2
1751,18,34,21,1.75,0.390625,0.39999999999999997,3.2
1752,18,29,23,1.75,0.4453125,0.39999999999999997,3.2
1753,20,34,23,1.8333333333333333,0.4088541666666667,0.49690399499995325,3.5555555555555554
1754,17,30,24,1.7142857142857142,0.44270833333333337,0.21295885499997994,3.0476190476190474
1755,18,34,22,1.75,0.3984375,0.39999999999999997,3.2
1756,19,37,20,1.7894736842105263,0.359375,0.4823763889427201,3.3684210526315788
1757,19,38,19,1.7894736842105263,0.34375,0.4823763889427201,3.3684210526315788
1758,18,35,21,1.75,0.3854166666666667,0.39999999999999997,3.2
1759,18,34,22,1.75,0.3984375,0.39999999999999997,3.2
1760,17,34,21,1.7142857142857142,0.38802083333333337,0.21295885499997994,3.0476190476190474
1761,18,34,24,1.75,0.41666666666666663,0.39999999999999997,3.2
1762,18,34,21,1.75,0.38802083333333337,0.39999999999999997,3.2
1763,19,30,25,1.7894736842105263,0.453125,0.4823763889427201,3.3684210526315788
1764,17,30,24,1.7142857142857142,0.44270833333333337,0.21295885499997994,3.0476190476190474
1765,18,32,23,1.75,0.421875,0.39999999999999997,3.2
1766,19,30,24,1.7894736842105263,0.44791666666666663,0.48237638894272,3.3684210526315788
1767,18,34,22,1.75,0.3984375,0.39999999999999997,3.2
1768,18,33,24,1.75,0.421875,0.39999999999999997,3.2
1769,17,39,18,1.7142857142857142,0.33072916666666663,0.21295885499997994,3.0476190476190474
1770,17,30,24,1.7142857142857142,0.4453125,0.21295885499997994,3.0476190476190474
1771,18,31,23,1.7,0.4232804232804233,0.47696960070847283,3.15
1772,19,32,24,1.7894736842105263,0.43229166666666663,0.4823763889427201,3.3684210526315788
1773,19,34,21,1.736842105263158,0.3888888888888889,0.5668594533825794,3.3157894736842106
1774,19,31,24,1.7894736842105263,0.43489583333333337,0.4823763889427201,3.3684210526315788
1775,18,30,23,1.75,0.4375,0.39999999999999997,3.2
1776,18,35,22,1.75,0.390625,0.39999999999999997,3.2
1777,19,35,23,1.7894736842105263,0.40364583333333337,0.4823763889427201,3.3684210526315788
1778,18,36,22,1.75,0.3854166666666667,0.39999999999999997,3.2
1779,19,33,23,1.7894736842105263,0.4140625,0.48237638894272,3.3684210526315788
1780,18,38,18,1.75,0.3359375,0.39999999999999997,3.2
1781,19,34,21,1.7894736842105263,0.390625,0.4823763889427201,3.3684210526315788
1782,17,30,23,1.7142857142857142,0.43489583333333337,0.21295885499997994,3.0476190476190474
1783,18,32,19,1.75,0.3880208333333333,0.39999999999999997,3.2
1784,18,32,21,1.75,0.40364583333333337,0.39999999999999997,3.2
1785,18,34,21,1.75,0.390625,0.39999999999999997,3.2
1786,19,30,25,1.7894736842105263,0.453125,0.4823763889427201,3.3684210526315788
1787,17,35,21,1.7142857142857142,0.3828125,0.21295885499997994,3.0476190476190474
1788,19,33,21,1.7894736842105263,0.3984375,0.4823763889427201,3.3684210526315788
1789,19,32,24,1.7894736842105263,0.4296875,0.48237638894272,3.3684210526315788
1790,19,33,24,1.7894736842105263,0.42708333333333337,0.4823763889427201,3.3684210526315788
1791,18,32,23,1.75,0.421875,0.39999999999999997,3.2
1792,17,32,24,1.7142857142857142,0.43229166666666663,0.21295885499997994,3.0476190476190474
1793,18,31,23,1.75,0.42447916666666663,0.39999999999999997,3.2
1794,19,35,22,1.7894736842105263,0.390625,0.4823763889427201,3.3684210526315788
1795,18,33,23,1.75,0.41666666666666663,0.39999999999999997,3.2
1796,20,30,22,1.8333333333333333,0.4244791666666667,0.49690399499995325,3.5555555555555554
1797,18,38,20,1.75,0.35416666666666663,0.39999999999999997,3.2
1798,18,36,18,1.75,0.35416666666666663,0.39999999999999997,3.2
1799,18,31,22,1.75,0.41927083333333337,0.39999999999999997,3.2
1800,18,31,23,1.75,0.4270833333333333,0.39999999999999997,3.2
1801,18,31,24,1.75,0.44010416666666663,0.39999999999999997,3.2
1802,17,31,22,1.7142857142857142,0.41927083333333337,0.21295885499997994,3.0476190476190474
1803,18,31,23,1.75,0.4296875,0.39999999999999997,3.2
1804,19,34,22,1.7894736842105263,0.3958333333333333,0.4823763889427201,3.3684210526315788
1805,18,36,21,1.75,0.37760416666666663,0.39999999999999997,3.2
1806,18,33,23,1.75,0.4140625,0.39999999999999997,3.2
1807,19,30,26,1.7894736842105263,0.45833333333333337,0.4823763889427201,3.3684210526315788
1808,18,35,23,1.75,0.40104166666666663,0.39999999999999997,3.2
1809,18,37,21,1.75,0.3671875,0.39999999999999997,3.2
1810,17,32,22,1.7142857142857142,0.4140625,0.21295885499997994,3.0476190476190474
1811,18,31,20,1.75,0.40885416666666663,0.39999999999999997,3.2
1812,18,34,22,1.75,0.39583333333333337,0.39999999999999997,3.2
1813,19,31,25,1.7894736842105263,0.44270833333333337,0.4823763889427201,3.3684210526315788
1814,18,31,24,1.75,0.44010416666666663,0.39999999999999997,3.2
1815,19,32,22,1.736842105263158,0.4153439153439153,0.5668594533825794,3.3157894736842106
1816,19,32,24,1.7894736842105263,0.4296875,0.48237638894272,3.3684210526315788
1817,17,32,22,1.7142857142857142,0.41145833333333337,0.21295885499997994,3.0476190476190474
1818,17,33,23,1.7142857142857142,0.4140625,0.21295885499997994,3.0476190476190474
1819,18,33,22,1.75,0.40625,0.39999999999999997,3.2
1820,18,30,24,1.75,0.4453125,0.39999999999999997,3.2
1821,18,29,25,1.75,0.45572916666666663,0.39999999999999997,3.2
1822,19,34,23,1.7894736842105263,0.40885416666666663,0.48237638894272,3.3684210526315788
1823,18,35,22,1.75,0.390625,0.39999999999999997,3.2
1824,18,33,22,1.75,0.40885416666666663,0.39999999999999997,3.2
1825,19,30,25,1.736842105263158,0.4523809523809524,0.5668594533825794,3.3157894736842106
1826,19,35,22,1.7894736842105263,0.390625,0.4823763889427201,3.3684210526315788
1827,18,41,19,1.75,0.32291666666666663,0.39999999999999997,3.2
1828,19,34,20,1.736842105263158,0.38359788359788355,0.5668594533825794,3.3157894736842106
1829,19,31,25,1.7894736842105263,0.44791666666666663,0.48237638894272,3.3684210526315788
1830,18,35,21,1.75,0.3802083333333333,0.39999999999999997,3.2
1831,17,34,22,1.7142857142857142,0.39583333333333337,0.21295885499997994,3.0476190476190474
1832,19,29,24,1.7894736842105263,0.453125,0.4823763889427201,3.3684210526315788
1833,19,35,22,1.7894736842105263,0.390625,0.4823763889427201,3.3684210526315788
1834,18,32,25,1.75,0.4375,0.39999999999999997,3.2
1835,19,34,21,1.7894736842105263,0.38802083333333337,0.4823763889427201,3.3684210526315788
1836,18,33,23,1.75,0.4140625,0.39999999999999997,3.2
1837,18,32,24,1.75,0.4296875,0.39999999999999997,3.2
1838,18,32,24,1.75,0.4296875,0.39999999999999997,3.2
1839,18,33,22,1.75,0.40625,0.39999999999999997,3.2
1840,19,33,21,1.7894736842105263,0.3932291666666667,0.48237638894272,3.3684210526315788
1841,17,30,23,1.7142857142857142,0.4375,0.21295885499997994,3.0476190476190474
1842,18,34,22,1.75,0.40104166666666663,0.39999999999999997,3.2
1843,18,27,25,1.7,0.4788359788359788,0.47696960070847283,3.15
1844,17,32,22,1.7142857142857142,0.4088541666666667,0.21295885499997994,3.0476190476190474
1845,18,32,23,1.75,0.41927083333333337,0.39999999999999997,3.2
1846,19,34,20,1.7894736842105263,0.3828125,0.4823763889427201,3.3684210526315788
1847,19,35,21,1.7894736842105263,0.3828125,0.4823763889427201,3.3684210526315788
1848,18,33,24,1.75,0.421875,0.39999999999999997,3.2
1849,18,35,20,1.75,0.37239583333333337,0.39999999999999997,3.2
1850,18,34,22,1.75,0.39583333333333337,0.39999999999999997,3.2
1851,18,31,23,1.75,0.4296875,0.39999999999999997,3.2
1852,18,29,23,1.7,0.4391534391534392,0.47696960070847283,3.15
1853,18,37,21,1.75,0.36979166666666663,0.39999999999999997,3.2
1854,17,31,25,1.7142857142857142,0.44791666666666663,0.21295885499997994,3.0476190476190474
1855,19,28,22,1.7894736842105263,0.4375,0.4823763889427201,3.3684210526315788
1856,18,32,23,1.75,0.41927083333333337,0.39999999999999997,3.2
1857,18,32,24,1.75,0.4296875,0.39999999999999997,3.2
1858,19,33,23,1.7894736842105263,0.4192708333333333,0.4823763889427201,3.3684210526315788
1859,20,35,21,1.8333333333333333,0.3828125,0.49690399499995325,3.5555555555555554
1860,18,31,21,1.75,0.41145833333333337,0.39999999999999997,3.2
1861,19,31,24,1.7894736842105263,0.4375,0.48237638894272,3.3684210526315788
1862,18,31,23,1.75,0.4296875,0.39999999999999997,3.2
1863,18,33,23,1.75,0.4140625,0.39999999999999997,3.2
1864,20,34,24,1.8333333333333333,0.4192708333333333,0.49690399499995325,3.5555555555555554
1865,17,32,24,1.7142857142857142,0.43229166666666663,0.21295885499997994,3.0476190476190474
1866,18,33,22,1.7,0.40476190476190477,0.47696960070847283,3.15
1867,19,30,26,1.7894736842105263,0.46354166666666663,0.4823763889427201,3.3684210526315788
1868,18,40,17,1.7,0.31481481481481477,0.47696960070847283,3.15
1869,19,34,24,1.7894736842105263,0.41666666666666663,0.4823763889427201,3.3684210526315788
1870,19,29,25,1.7894736842105263,0.4609375,0.4823763889427201,3.3684210526315788
1871,20,31,24,1.8333333333333333,0.4375,0.49690399499995325,3.5555555555555554
1872,18,30,24,1.75,0.4453125,0.39999999999999997,3.2
1873,18,31,22,1.7,0.4206349206349206,0.47696960070847283,3.15
1874,18,34,21,1.75,0.39322916666666663,0.39999999999999997,3.2
1875,18,38,17,1.75,0.328125,0.39999999999999997,3.2
1876,18,30,21,1.75,0.41927083333333337,0.39999999999999997,3.2
1877,19,35,20,1.7894736842105263,0.3802083333333333,0.48237638894272,3.3684210526315788
1878,19,33,22,1.7894736842105263,0.40625,0.4823763889427201,3.3684210526315788
1879,19,30,25,1.7894736842105263,0.45572916666666663,0.4823763889427201,3.3684210526315788
1880,17,29,26,1.7142857142857142,0.47135416666666663,0.21295885499997994,3.0476190476190474
1882,18,31,25,1.75,0.44791666666666663,0.39999999999999997,3.2
1883,18,31,25,1.75,0.44791666666666663,0.39999999999999997,3.2
1884,18,31,25,1.75,0.44791666666666663,0.39999999999999997,3.2
1885,18,31,25,1.75,0.44791666666666663,0.39999999999999997,3.2
1886,18,31,25,1.75,0.44791666666666663,0.39999999999999997,3.2
1887,18,31,25,1.75,0.44791666666666663,0.39999999999999997,3.2
1888,18,31,25,1.75,0.44791666666666663,0.39999999999999997,3.2
1889,18,31,25,1.75,0.44791666666666663,0.39999999999999997,3.2
1890,18,31,25,1.75,0.44791666666666663,0.39999999999999997,3.2
1891,18,31,25,1.75,0.44791666666666663,0.39999999999999997,3.2
